20.950000000000003	3.8655264710092805	100.0	0.0	400.0	20.0	-0.0	-0.0	0.0	-29.961626040763523
22.627345577555253	1.0749070825432956	99.79288749074351	0.032842386437835394	400.0	4.4219358632693275	-0.0	-0.0	91.83671857255108	-29.0171434679256
27.65120683330691	0.8707764726347786	99.30349216105631	0.0722568938604441	400.0	3.262812136442546	-0.0	-0.0	92.85319554389038	-27.83708669897872
35.99709718424787	0.8760066810506757	99.04452311592526	0.11124369137259334	400.0	3.2811899424010234	-0.0	-0.0	92.48835522687372	-26.5047088823255
47.62433829026443	0.9000157003217993	98.58049849914909	0.14965757793572063	400.0	3.409422243951915	-0.0	-0.0	92.11432984442922	-25.07405951284311
62.476258322658964	0.9266669853871989	98.30234638341018	0.1874751963810805	400.0	3.557884244532623	-0.0	-0.0	91.73382612651442	-23.602640989126897
80.48046818583913	0.9544094851258603	97.86237046160221	0.22469307934153965	400.0	3.7192542446233285	-0.0	-0.0	91.36209291175538	-22.149030898711608
101.48438339820878	0.9831251260323234	100.66576491288045	0.26132738975906744	399.7427374417887	3.893904667162574	271.4326135149379	-0.0	90.98744195930682	-20.770016090693908
124.26597490091116	1.0129252641473523	112.60860431620038	0.2975041653116457	395.79210434706255	4.082834240407547	1024.2867531233478	-0.0	91.67515323973413	-19.517393450672312
147.2300274184783	1.044006875898984	112.80850819067426	0.3341112143450326	386.2347915683962	4.286680609663495	1760.0956594748945	-0.0	96.05319237302945	-18.432054070057514
169.90519201439065	1.0766191262575013	120.71031804324309	0.3722243504376022	373.24714896100346	4.5054296688091044	2104.1717271656516	-0.0	102.54960555391561	-17.54483446689688
191.91603288480843	1.1110433058206999	129.26306144764365	0.41238407584115305	358.2914168359047	4.738308175461013	2374.6089002917574	-0.0	110.17573025106212	-16.878526473158207
212.593740614266	1.1475719853260375	138.71501815277622	0.45500633731523754	341.73750692478654	4.983813235506917	2578.581978827526	-0.0	118.73551805989234	-16.444413259166748
231.3975131771909	1.1861493035531083	148.75713877692547	0.5004084654919703	324.02166826584806	5.240995357020722	2727.202540337605	-0.0	127.95547072668992	-16.119734463233115
247.84215165996932	1.226744240079869	159.1192628731729	0.548784564976743	305.4796039532949	5.511628267199127	2825.784845102627	-0.0	137.64928679387975	-15.781148812479076
261.56539348737687	1.2694893010283674	169.63838850659587	0.6002524071520356	286.44274999357214	5.796595340189116	2876.3571489420933	-0.0	147.62781278801535	-15.428111130316912
272.3313494571995	1.31444659952446	180.10666834788051	0.6548709820347649	267.22168487606916	6.0963106634964	2881.01046506928	-0.0	157.71663643550414	-15.0603877708388
280.0531907800487	1.361650689439703	190.3619614951333	0.71264329894265	248.1194383083744	6.411004596264686	2841.1636059266957	-0.0	167.74010121172634	-14.67804016872146
284.79696547499265	1.4111130901987714	200.23105154660112	0.7735178209130515	229.42600049188164	6.740753934658476	2758.7918104770497	-0.0	177.53757875359767	-14.281415760442561
286.7836583961601	1.4628223493629495	209.5672246438212	0.8373910800012232	211.41719525127823	7.0854823290863305	2636.18645731111	-0.0	186.96059822591224	-13.871132765333028
286.3828886289911	1.5167439766244613	218.23582365157964	0.9041113991736299	194.35118224166882	7.444959844163074	2476.5370677555047	-0.0	195.8631159491541	-13.448059217289785
284.0951935813901	1.5728206619391134	226.1272212374985	0.9734830718872881	178.46185416499898	7.818804412927423	2284.101029059407	-0.0	204.10100438704035	-13.013289690488811
280.52016882382094	1.6309728585311243	233.1371538868058	1.0452695007253037	163.94897267305734	8.206485723540828	2065.059646676425	-0.0	211.5616923608525	-12.568127644954666
276.3096845313265	1.6910997391307294	239.22829462256664	1.1192002753141015	150.9659545956056	8.607331594204863	1826.8347193406387	-0.0	218.1676205575411	-12.11404719376136
272.11090326135445	1.753080588100103	244.41282171083222	1.1949813755709142	139.60843669785385	9.020537254000686	1578.8690064558875	-0.0	223.86251323227043	-11.652638633581994
268.49425308254416	1.8167766774444007	248.7072952182955	1.2723074853551548	129.90049349466585	9.445177849629339	1334.4760049481513	-0.0	228.60442000973399	-11.185543153253542
265.84603963896114	1.8820336986967257	252.21116566407855	1.3508729687573002	121.7694912087104	9.880224657978172	1107.7629068259298	-0.0	232.4213363980711	-10.714394957488166
264.31901210616576	1.9486847855345797	255.06482032857227	1.4303894415978997	115.0531740157661	10.324565236897199	912.6210933259291	-0.0	235.4108758979006	-10.24072909141055
263.7823676066095	2.016554240710854	257.38143408020795	1.5106054393131734	109.50307837651646	10.777028271405694	759.0019877287149	-0.0	237.69690865017301	-9.765878698001158
263.897734648103	2.0854619760947317	259.25029543512176	1.5913179222184883	104.83477680343995	11.23641317396488	646.7376045726043	-0.0	239.44112274047643	-9.29091569624134
264.28722376562104	2.155228673467464	260.69157941440477	1.672376566565251	100.79832896669971	11.701524489783097	568.8655303403993	-0.0	240.7976669714801	-8.816629659843993
264.66882622002385	2.2256814954165467	261.8086308424744	1.7536750426184975	97.21921067142993	12.171209969443645	507.36336483771925	-0.0	241.8770834382039	-8.343575110521842
264.94758569222535	2.29665995443671	262.64694545866104	1.8351344833065037	94.0150019355497	12.644399696244736	455.0358458635844	-0.0	242.7379437763798	-7.872159537762047
265.12238039875314	2.3680212247062054	263.28818791590965	1.9166888944527825	91.14710783860684	13.12014149804137	406.29708767835666	-0.0	243.4045920822268	-7.402720743062293
265.2160439906377	2.4396438889551666	263.7522283947249	1.9982782306233438	88.59053561710718	13.59762592636778	362.96474158263453	-0.0	243.89183921314088	-6.935563534408573
265.2214677205814	2.5114291099639674	264.0742933831012	2.079847528679259	86.31456775386006	14.076194066426448	321.31867417444215	-0.0	244.2160833067858	-6.470964439380392
265.13783417051485	2.5832987504914975	264.22662734350195	2.1613474161586343	84.29485197863893	14.55532500327665	286.3714623197664	-0.0	244.39405265826375	-6.00916918614319
264.9541945389509	2.655190974289293	264.25743474688284	2.2427335292805606	82.50745457692885	15.034606495261952	250.41641576806785	-0.0	244.43898721916798	-5.55039592311635
264.6855638619732	2.727054812140879	264.1438379628313	2.323965260222829	80.93959777791763	15.513698747605861	220.80609349103526	-0.0	244.36060467729476	-5.094841939771175
264.3317205949751	2.7988454185388782	263.91182710623684	2.405004926343738	79.57625835144474	15.992302790259187	194.39756682232812	-0.0	244.16711237726147	-4.642688135591106
263.8876168865159	2.8705211133602577	263.58873100109656	2.4858174777226396	78.40334013551869	16.470140755735052	164.01137060502978	-0.0	243.86611926888315	-4.194100640669492
263.41371788270936	2.9420422744692876	262.9509993079738	2.566370226224014	77.42797190173745	16.946948496461918	204.0702617389425	-0.0	243.46423102395767	-3.749232315878144
262.75397346431527	3.013371375769782	262.51082953675575	2.6466331706061315	76.59600522220111	17.422475838465214	147.92887980498054	-0.0	242.97090933110405	-3.308221112495347
262.21545133130724	3.084473282552851	261.9732376086556	2.726574564205261	75.98925744564195	17.89648855035234	147.64564009359177	-0.0	242.35972417926214	-2.8712134488030325
261.4394078785626	3.1553152272850506	261.3748217057354	2.806160341301717	75.49896736992417	18.36876818190034	76.24142938352713	-0.0	241.66791860954064	-2.4383670964235247
260.43533011815236	3.225866369163818	260.4523302949805	2.885374005601469	75.12441566076065	18.83910912775879	-0.0	-0.0	240.93039192789755	-2.009746774174337
258.73227657015616	3.296097142789074	258.95391433541033	2.9641959002091407	75.00001331327454	19.307314285260492	-0.0	-0.0	240.09821579670032	-1.5854335149759722
255.00365651452836	3.3659764035639648	259.2667706951847	3.04258030712901	75.00001331327454	19.773176023759767	-0.0	-0.0	239.09468582249656	-1.1656447616439873
248.8866673831428	3.4354619243303737	257.23767391457164	3.1205108280665517	75.00001331327454	20.23641282886916	-0.0	-0.0	238.17001200795667	-0.7504426286271524
240.50042205781682	3.5045204703591137	257.21447287148453	3.198001045134786	75.00001331327454	20.696803135727425	-0.0	-0.0	237.18751002267337	-0.33973186246409415
230.00822144147455	3.5731566810983573	255.49657599952764	3.2750434877115224	75.00001331327454	21.15437787398905	-0.0	-0.0	236.2582713696357	0.0664720048110748
217.61437458635945	3.6413700673508855	255.21461641381987	3.351650305479456	75.00001331327454	21.60913378233924	-0.0	-0.0	235.29403013372735	0.4682563331171271
203.5602202923311	3.709155665231879	253.73613960840973	3.427815640485879	75.00001331327454	22.061037768212525	-0.0	-0.0	234.36407320311386	0.865613640840222
188.11942764454082	3.776523787862779	253.260995878577	3.50354992357358	75.00001331327454	22.51015858575186	-0.0	-0.0	233.41468825248006	1.2586218771273259
171.5926670006313	3.8434738064455716	251.96270373918637	3.5788489261747416	75.00001331327454	22.956492042970478	-0.0	-0.0	232.48678572290157	1.647281717737076
154.3017551964872	3.910005586656844	251.34727600559293	3.653721436981962	75.00001331327454	23.40003724437896	-0.0	-0.0	231.54978604145904	2.031662099902333
136.58338897784586	3.9761270686079864	250.18188048467854	3.7281647133013296	75.00001331327454	23.840847124053244	-0.0	-0.0	230.6258937526507	2.4117711166085964
118.7825886833196	4.041837153105311	249.46784450961192	3.8021860935581078	75.00001331327454	24.278914354035408	-0.0	-0.0	229.6995173493035	2.787669701466824
101.2459798465168	4.107138166257151	248.39870386086963	3.8757841012556358	75.00001331327454	24.71425444171434	-0.0	-0.0	228.78097935999537	3.159372220785577
84.31504354104946	4.1720357114844715	247.6177919644343	3.948964858733769	75.00001331327454	25.14690474322981	-0.0	-0.0	227.8639953974663	3.5269328377825415
68.31946690088138	4.236529180699146	246.61741282605558	4.0217279194104965	75.00001331327454	25.576861204660975	-0.0	-0.0	226.95169828184427	3.890370958641043
53.57072329780091	4.300622052762917	245.79316498692936	4.0940784225474385	75.00001331327454	26.00414701841945	-0.0	-0.0	226.04326457094274	4.249735204899611
40.356007185814605	4.364318181572303	244.84130532443427	4.166016728325072	75.00001331327454	26.428787877148682	-0.0	-0.0	225.1377686965638	4.605048856706118
28.9326417160171	4.427617812105911	243.9907573498361	4.237547204694371	75.00001331327454	26.850785414039407	-0.0	-0.0	224.23732122945412	4.956356112004054
19.523068019483993	4.4905247289835195	243.07294955923354	4.308670822735354	75.00001331327454	27.270164859890134	-0.0	-0.0	223.3389556172911	5.303683101496123
12.310513729221723	4.553041666176594	242.2081444070393	4.379391359434921	75.00001331327454	27.686944441177296	-0.0	-0.0	222.44612152857562	5.647070553019426
7.435425085746093	4.615169703175551	241.3142394723587	4.449710233862981	75.00001331327454	28.10113135450368	-0.0	-0.0	221.55505846334148	5.986546597068735
4.992732102004297	4.676912465437583	240.4434610315501	4.519630779376292	75.00001331327454	28.51274976958389	-0.0	-0.0	220.66959419644863	6.3221492716052445
4.705673935278259	4.726127751817109	239.5664974244378	4.58915473249566	75.11347870556517	28.840851678780727	-0.0	35.75421001334118	219.78590236302972	6.653908025974896
4.721015295925598	4.767993359930902	238.69536068723346	4.658285100251724	75.42030591851197	29.119955732872683	-0.0	54.18605909578096	218.90765194489663	6.981858830736948
4.741041077172611	4.809078788245241	237.83081342841302	4.7270238337516135	75.82082154345221	29.393858588301608	-0.0	65.21009846672065	218.0313304004314	7.306031918412614
4.764133812969903	4.849159784334466	236.9627339596772	4.795373702104248	76.28267625939806	29.66106522889644	-0.0	72.8980329658159	217.1601886211505	7.626461662687522
4.7894269127852045	4.888160967377876	236.1077786859427	4.863336797964705	76.7885382557041	29.921073115852504	-0.0	78.55493881381327	216.29119796166617	7.943178700308444
4.816364024026105	4.926166642640601	235.24488861112803	4.930915715958393	77.32728048052209	30.17444428427067	-0.0	82.84119544891894	215.42709425899776	8.256216147266748
4.844557763781921	4.963288519524827	234.39768333289587	4.9981126356145165	77.89115527563843	30.421923463498846	-0.0	86.1433237919899	214.56537408907172	8.565604762054873
4.873724092851885	4.999632414210535	233.54133679639398	5.064930025279506	78.47448185703769	30.664216094736904	-0.0	88.70890645767012	213.70825151749162	8.871376661965256
4.903647250454779	5.035290499714505	232.70086076067648	5.13137011106125	79.07294500909558	30.90193666476337	-0.0	90.70668706734297	212.8537268619457	9.173562520306515
4.934159031614403	5.070340446857859	231.851647594026	5.197435269101905	79.68318063228806	31.135602979052393	-0.0	92.25691547367066	212.00354159750552	9.47219364026254
4.965125769185944	5.1048482033417795	231.01736064246106	5.263127745020871	80.30251538371888	31.365654688945195	-0.0	93.44866042239305	211.15613370165903	9.767300472543425
4.996439722922281	5.13886928356148	230.175579528519	5.3284498460405105	80.92879445844562	31.592461890409865	-0.0	94.3496027545953	210.3128429168072	10.058913633958243
5.02801304056651	5.1724502627924895	229.34720590837256	5.3934038184517	81.5602608113302	31.816335085283267	-0.0	95.0122433643356	209.4724729867953	10.34706325843046
5.05977347198712	5.205630930251254	228.51289758050285	5.457991916895155	82.1954694397424	32.037539535008364	-0.0	95.47822338894014	208.63603559988098	10.631779367489015
5.0916612116453885	5.238444899861613	227.6903904179597	5.522216375911534	82.83322423290777	32.256299332410755	-0.0	95.78089847936297	207.80262517849332	10.91309171779129
5.123626471769486	5.270920678735684	226.86344704743385	5.586079407869817	83.47252943538973	32.47280452490456	-0.0	95.94731854193397	206.97299788654786	11.191029794871975
5.155627653089587	5.303082840756466	226.04677772094902	5.649583228231296	84.11255306179173	32.68721893837644	-0.0	95.99973556828141	206.1464741879201	11.465622944386476
5.187629899246435	5.334952230663994	225.22712414405203	5.712730014037413	84.7525979849287	32.89968153775996	-0.0	95.95647822631594	205.32360992329438	11.736900157353713
5.219603928468198	5.366546728744551	224.4163476090333	5.775521956579869	85.39207856936395	33.11031152496368	-0.0	95.8327971900649	204.50390183835762	12.004890346418557
5.251525123490531	5.397881836472848	223.6037688921277	5.837961201830893	86.03050246981061	33.31921224315232	-0.0	95.64148974893085	203.68775455430878	12.269622035345673
5.283372773642663	5.428970753991627	222.7989397606202	5.900049914667845	86.66745547285325	33.526471693277514	-0.0	95.39325852391386	202.8747942267295	12.531123696670498
5.3151294486181415	5.459824930297384	221.99328635354306	5.961790212439438	87.30258897236283	33.732166201982565	-0.0	95.09714824826594	202.06531362226917	12.789423404542628
5.346780499435458	5.4904543208839724	221.194470010273	6.0231842324579645	87.93560998870916	33.93636213922648	-0.0	94.76082439770214	201.25903571510872	13.044549189991065
5.378313626089527	5.520867453465165	220.3955207117999	6.0842340644342485	88.56627252179054	34.139116356434435	-0.0	94.39075278319035	200.45617134829905	13.296528687424143
5.409718519900146	5.55107179879233	219.60290617323713	6.144941819441618	89.19437039800292	34.34047865861554	-0.0	93.99244613670575	199.6565121671089	13.545389497940308
5.440986571236834	5.581073880486154	218.81051496866226	6.205309558188	89.81973142473669	34.54049253657436	-0.0	93.57059809621015	198.86021187631496	13.791158813632252
5.472110611225797	5.610879322329497	218.02392790185172	6.265339365556897	90.44221222451593	34.73919548219665	-0.0	93.12918148454467	198.06711290556933	14.033863810462613
5.503084698627531	5.640493115213102	217.2381769063839	6.325033276269868	91.06169397255063	34.93662076808735	-0.0	92.6716031834898	197.2773171764937	14.273531258612254
5.53390394139346	5.669919647668129	216.4576046272517	6.384393348091279	91.67807882786919	35.13279765112086	-0.0	92.2007681213494	196.49072605547022	14.510187908509137
5.564564340001802	5.699162719150196	215.678173709362	6.443421588318783	92.29128680003603	35.327751461001306	-0.0	91.71912939389811	195.70738705134303	14.743860105304558
5.595062655107601	5.7282257698135615	214.9036376315915	6.50212002987976	92.90125310215201	35.52150513209041	-0.0	91.22880394438236	194.92724197588467	14.974574190306365
5.625396297455353	5.757111843240072	214.13068626531296	6.5604906536308425	93.50792594910706	35.71407895493381	-0.0	90.73159103391117	194.15029890568337	15.202356093209952
5.655563230801975	5.785823614760164	213.36216309169583	6.618535466102285	94.11126461603949	35.90549076506776	-0.0	90.22900862464822	193.37654208357208	15.427231742345446
5.685561889884718	5.814363538929594	212.5955333147031	6.676256423230362	94.71123779769435	36.09575692619729	-0.0	89.72236658328144	192.60594644724526	15.649226664283871
5.715391110489833	5.842733816976241	211.83286178268673	6.733655504796381	95.30782220979665	36.28489211317494	-0.0	89.21277462000907	191.83852681608175	15.868366376801808
5.745050069296165	5.870936431097573	211.07253090546595	6.79073464297951	95.90100138592331	36.47290954065049	-0.0	88.70117029999093	191.07422391008015	16.08467601372449
5.774538233588101	5.898973211491841	210.31576708024647	6.847495790517671	96.49076467176201	36.65982140994561	-0.0	88.18835591496057	190.3130814069095	16.29818068494801
5.803855315669357	5.926845834732281	209.56171682234006	6.903940856492002	97.07710631338713	36.845638898215206	-0.0	87.67501035889727	189.55501593427448	16.50890513922307
5.833001236713549	5.954555838009556	208.8106634485328	6.960071766711846	97.66002473427096	37.03037225339704	-0.0	87.1617036375521	188.80010366232978	16.716874083334165
5.8619760935390275	5.982104685889342	208.06283912237538	7.0158904080554025	98.23952187078054	37.21403123926228	-0.0	86.64892972157634	188.04822502807744	16.92211188978822
5.890780132848839	6.0094937080561825	207.31759547078408	7.0713986789408185	98.81560265697676	37.396624720374554	-0.0	86.13709102621806	187.29948218938898	17.12464286391573
5.919413726334869	6.036724171291855	206.57593405356258	7.126598444619999	99.38827452669737	37.5781611419457	-0.0	85.62653099251195	186.5537372279803	17.324491009100754
5.947877350642335	6.063797295328768	205.83638541627286	7.181491576400184	99.95754701284669	37.75864863552512	-0.0	85.11754544688222	185.81111233435217	17.521680234727498
5.976171571224083	6.090714217563195	205.10075833654972	7.236079918896451	100.52343142448166	37.938094783754636	-0.0	84.61037404594374	185.0714542643029	17.716234184276516
6.004297027298196	6.117476038700522	204.36684330699777	7.290365315837604	101.08594054596391	38.11650692467015	-0.0	84.10522107839303	184.33489524340206	17.908176372693017
6.032254421386428	6.144083785255236	203.63746785715122	7.344349592475593	101.64508842772855	38.29389190170158	-0.0	83.60224423901855	183.60126309260693	18.09753009420334
6.0600445037493555	6.1705384994753985	202.90910667913892	7.398034563682186	102.2008900749871	38.47025666316932	-0.0	83.10159284200081	182.8707172970288	18.284318466517647
6.087668068820825	6.19684116192053	202.18560856327215	7.451422036520979	102.75336137641649	38.64560774613687	-0.0	82.60337958420082	182.14307300605864	18.468564444687182
6.115125945091926	6.222992731794444	201.46297579504684	7.504513798331205	103.30251890183852	38.8199515452963	-0.0	82.10769859707044	181.41848181102065	18.65029075998586
6.1424189897771875	6.248994126992411	200.74529073788014	7.557311636506517	103.84837979554374	38.99329417994941	-0.0	81.61461925385346	180.69677267438578	18.829520024346895
6.169548081685494	6.274846271996328	200.02838320158938	7.609817312577275	104.39096163370986	39.16564181330885	-0.0	81.12420658735054	179.9780846463447	19.00627459547891
6.196514118251303	6.300550057250177	199.31634130465417	7.662032594025378	104.93028236502604	39.33700038166785	-0.0	80.6365065428164	179.26226792842797	19.18057674470498
6.223318009505362	6.3261063837764295	198.60511653751553	7.713959216198416	105.46636019010722	39.50737589184286	-0.0	80.15156512471691	178.54942907536213	19.352448457926634
6.249960679533761	6.351516084575075	197.8987965378547	7.765598928043761	105.99921359067523	39.676773897167166	-0.0	79.669396979531	177.839447838075	19.52191167683194
6.276443058183063	6.376780018081943	197.1933107176471	7.816953439362708	106.52886116366126	39.84520012054629	-0.0	79.19002458441338	177.13240804051418	19.68898802256446
6.302766079433076	6.401899061115742	196.492422909325	7.868024479185441	107.05532158866151	40.01266040743828	-0.0	78.71347632500176	176.42822280284187	19.853699103563898
6.328930685185199	6.426874008181556	195.79258601907242	7.918813733347501	107.57861370370398	40.17916005454371	-0.0	78.23974493358406	175.726935168608	20.016066188153072
6.354937817131686	6.451705683685334	195.09713551631026	7.969322910492006	108.09875634263372	40.344704557902226	-0.0	77.76883475790902	175.02849120986855	20.17611055265666
6.380788415850689	6.476394938837431	194.40308168195614	8.01955367390246	108.61576831701377	40.50929959224954	-0.0	77.30076122957247	174.3328998193897	20.33385312360426
6.406483425401477	6.500942549218386	193.7129729857298	8.06950771115378	109.12966850802954	40.672950328122575	-0.0	76.83550766772333	173.6401509161609	20.48931484518343
6.432023786057262	6.52534932453869	193.02457696611353	8.119186664035256	109.64047572114524	40.83566216359127	-0.0	76.37307218574671	172.9502148494122	20.642516311221666
6.457410436425804	6.549616061615001	192.339747231179	8.168592197850737	110.14820872851608	40.99744041076668	-0.0	75.91344791487754	172.2631096131775	20.793478130921564
6.482644312225754	6.5737435524595496	191.65704244685298	8.217725934850439	110.65288624451507	41.15829034973033	-0.0	75.45662671105971	171.5787777373487	20.942220579184
6.507726345845867	6.597732581862723	190.97744910897882	8.266589517451273	111.15452691691735	41.318217212418155	-0.0	75.00259829534893	170.89726730038268	21.088763930434276
6.5326574665383195	6.621583919605345	190.3003002338191	8.315184549111015	111.65314933076638	41.4772261307023	-0.0	74.55134684691548	170.21849732311952	21.233128148002653
6.557438598255753	6.645298349240529	189.62587890677256	8.363512649409268	112.14877196511505	41.6353223282702	-0.0	74.10286388897889	169.54253596717214	21.375333175184196
6.582070661746663	6.66887662744696	188.95438140177916	8.411575403360747	112.64141323493325	41.792510849646405	-0.0	73.65713038307014	168.86927477557433	21.51539866894399
6.60655361970325	6.692344538717862	188.2851020668692	8.459374354094738	113.131072394065	41.94887107177161	-0.0	73.22521723022204	168.19881250546607	21.653200016305085
6.631389592594209	6.725138073957007	187.61910671204737	8.506930027631192	113.62779185188417	42.05873372888084	-0.0	76.5459344784221	167.53100972359312	21.620647924373042
6.657827748748987	6.765956496328158	186.95486470000975	8.55433085175129	114.15655497497974	42.02309125882574	-0.0	82.20733984078414	166.8659144361056	21.274686676934614
6.686223380680097	6.810511587541668	186.29436517479	8.601676419764871	114.72446761360193	41.83416122037248	-0.0	88.13633149188907	166.2032864744288	20.637847210543494
6.716552903076288	6.856970280000643	185.63528179389766	8.64905624455817	115.33105806152575	41.51357663258611	-0.0	93.68076674415188	165.5431746306464	19.74912627798061
6.748617838642898	6.903634130164112	184.98015604572453	8.696544675422453	115.97235677285795	41.09275546269739	-0.0	98.43027085239521	164.885352671567	18.662164268380792
6.782095949501597	6.949163994346131	184.32609614963502	8.74419657806432	116.64191899003194	40.609549590164164	-0.0	102.18489517919645	164.22989306250312	17.442450010491942
6.816614758588798	6.991883028446081	183.67629202757138	8.792044052390159	117.33229517177597	40.09957029992252	-0.0	104.66263357129966	163.57661618613244	16.163699847857295
6.85174022596872	7.030867669101303	183.02738258078958	8.84009443361481	118.03480451937439	39.59962153942742	-0.0	105.80862533738191	162.92564156324264	14.903638936617257
6.887019582687841	7.065477303369089	182.3828176758452	8.888329740915271	118.7403916537568	39.14252261713744	-0.0	105.61064123741531	162.27683525458886	13.739473639847313
6.9220036594906045	7.095139651877765	181.73897479389154	8.936707572234521	119.44007318981208	38.75486617786081	-0.0	104.02403339708337	161.6303531565627	12.743374888668198
6.956242479226443	7.119681490138706	181.0995471113504	8.985163469778056	120.12484958452886	38.45879359643525	-0.0	101.06897734723779	160.98611812082086	11.97829022659591
6.98928713258432	7.1393603620925035	180.46088392549413	9.033614497544004	120.7857426516864	38.27245028379547	-0.0	96.84821549342786	160.34430892880124	11.494364904719971
7.020700343817152	7.154535151201337	179.82652369331282	9.081963919960932	121.41400687634304	38.20868779939458	-0.0	91.45859971326665	159.70490013446923	11.326190447294668
7.050101710136007	7.164947624671034	179.19293171879616	9.130106538705396	122.00203420272013	38.27165865349537	-0.0	84.72230909529789	159.06808007298002	11.4910181577285
7.078376990946149	7.169647073863081	178.56354883244367	9.177934535852604	122.55617950163766	38.45668091453668	-0.0	75.52734724792265	158.4338541327671	11.987993515649327
7.626331743732829	7.21451679585311	177.9351215544753	9.225343302272798	122.60932949920608	39.01775755355656	-0.0	-0.0	157.802367142921	12.79838943803302
9.1914286765729	7.230704145008087	177.3106738337867	9.272237135785947	122.60932949920608	39.561844730792664	-0.0	-0.0	157.17365788918437	13.886758873422227
11.76869716701648	7.2401625447809135	176.6873239560009	9.318534325654419	122.60932949920608	40.19646668760486	-0.0	-0.0	156.5478449793026	15.202885550614146
15.345575463134288	7.246325018620154	176.06768531919576	9.36417159987619	122.60932949920608	40.919541586430284	-0.0	-0.0	155.92494192869088	16.684394722561414
19.90462965844548	7.250931470447453	175.44945732462003	9.409107521412437	122.60932949920608	41.71252173712229	-0.0	-0.0	155.30499061718263	18.259879750763986
25.423638665761715	7.255618875807441	174.8346197448936	9.453324911311274	122.60932949920608	42.54920093820218	-0.0	-0.0	154.68800947789188	19.8524084966726
31.875702524018422	7.262357230259566	174.22141296425406	9.496831979327029	122.60932949920608	43.398975460294096	-0.0	-0.0	154.07397766201717	21.383278811559943
39.22937351020092	7.273162167574871	173.6111927925413	9.539662317856669	122.60932949920608	44.22685215911	-0.0	-0.0	153.462879410536	22.775897932844828
47.448809417321776	7.290036452554851	173.00321873606262	9.581873520046381	122.60932949920608	44.99600560209844	-0.0	-0.0	152.8546011733942	23.95965319331432
56.49394825135543	7.314460999676621	172.39752896742453	9.62354467185326	122.60932949920608	45.66852954092977	-0.0	-0.0	152.24914906365174	24.873630123770628
66.32070349565733	7.347650731207249	171.7945014297927	9.664772576040837	122.60932949920608	46.21184843371945	-0.0	-0.0	151.6463251248033	25.470011855446348
76.88117899113263	7.389990647080915	171.19340982750475	9.705667055851803	122.60932949920608	46.599937647206104	-0.0	-0.0	151.04612983975824	25.717211844533193
88.12390238481348	7.42933624987556	170.59545016184566	9.746323403067398	122.60932949920608	46.86224166583707	-0.0	-0.0	150.44832701258028	25.795601774642186
99.99407600901193	7.4645813706065836	169.99889694549046	9.78676046449236	122.60932949920608	47.09720913737723	-0.0	-0.0	149.8530210026761	25.872429007508497
112.43384396824086	7.499199339512221	169.4057965104145	9.826979527900214	122.60932949920608	47.32799559674814	-0.0	-0.0	149.260053720599	25.94770851899169
125.3825741321086	7.533555274981869	168.81376414075362	9.866981880100877	122.60932949920608	47.557035166545795	-0.0	-0.0	148.6695575181984	26.021455190400662
138.77715365974566	7.567691766381643	168.22549039034507	9.906768794327048	122.60932949920608	47.78461177587762	-0.0	-0.0	148.08137826744849	26.093683753371582
152.55229661534392	7.601615660126843	167.63807806461676	9.946341537755641	122.60932949920608	48.01077106751229	-0.0	-0.0	147.4956504300354	26.164408830662335
166.64088012636006	7.635328886742851	167.05433514295703	9.985701371049684	122.6093426782797	48.23552591161901	-0.0	-0.0	146.91222344291006	26.233644933810293
178.26845230286662	7.668832815093471	175.38188537568803	10.024875232985126	120.7810563773363	48.458885433956475	509.6969917961781	-0.0	146.69188490969165	26.30154152175702
184.44078949279375	7.7021287487964845	174.32917445138733	10.064266611424515	115.70504305482692	48.6808583253099	953.9629729326911	-0.0	148.56443285266792	26.370225060163182
186.6947995174131	7.735217978974444	175.4357429874188	10.104507543217883	108.99991971176662	48.901453193162965	1006.6355287289869	-0.0	151.7254599233639	26.443008522513033
187.84928886232024	7.76810234628117	178.4013006385088	10.145752851767	102.55807233418354	49.120682308541134	922.1273990848719	-0.0	154.78741082162378	26.520682043831687
188.59239264339988	7.800812827474581	180.93828637506542	10.187915023399126	96.71330687218732	49.33875218316388	829.9816649481489	-0.0	157.51749984886303	26.602760403853043
189.15717943423272	7.833503148874096	183.15939354626826	10.230880238574425	91.49704844953887	49.55668765916064	734.7113242061816	-0.0	159.8894768337741	26.688622979910736
189.7161361501712	7.86641970376373	185.0946420614419	10.274529250455123	86.90179612009072	49.77613135842486	644.9298163254947	-0.0	161.89935812873952	26.777623934546693
190.3230567176233	7.899746554792776	186.74835599397167	10.318747488808919	82.86745896090588	49.99831036528517	567.2063690832878	-0.0	163.5771270455248	26.86914539601593
190.94760292721594	7.933535485101364	188.13896014265177	10.363433733796873	79.30924351753143	50.22356990067576	502.77017673165074	-0.0	164.97059623454038	26.96264283066744
191.53220050366042	7.9677433939150815	189.29537532086363	10.408503013328474	76.14607209774013	50.451622626100544	448.6805839923445	-0.0	166.1282892953433	27.057659854090826
192.03580352230708	8.002290558434042	190.252677829015	10.453884783721477	73.31639285097265	50.68193705622695	400.60118871052674	-0.0	167.08847459980026	27.153818209691693
192.45384942500084	8.03709753243011	191.0107341259521	10.499519005652735	70.78152603194597	50.91398354953406	360.389201994714	-0.0	167.8772015618649	27.250796758413937
192.78182602159058	8.072100455077596	191.6319196538365	10.545352756421343	68.5086495813037	51.147336367183975	321.7010616983842	-0.0	168.51249073737813	27.348313398864747
193.03204540491546	8.1072527419952	192.09757541303327	10.59133847232193	66.47551245435731	51.38168494663467	290.0039642304871	-0.0	169.00931492071564	27.446115639636997
193.19438152335354	8.142519896181458	192.46232571812757	10.637433309344939	64.65580400658429	51.616799307876384	256.6807793161326	-0.0	169.38128711639553	27.543977089290582
193.27770637742887	8.17787283821696	192.7008480315659	10.683598661861149	63.033030267001806	51.85248558811307	227.85357387512624	-0.0	169.64028932889656	27.64169479236235
193.28292312825172	8.21328338517414	192.83233927872814	10.729799488972747	61.59069502625795	52.088555901160944	201.37662837857422	-0.0	169.79599057975864	27.7390855697774
193.21618373438932	8.248723014763634	192.85784743148702	10.776003654230335	60.31632808113953	52.32482009842423	179.58359407587088	-0.0	169.85635692010024	27.83598244935439
193.07671700618337	8.284163917977699	192.7991351051564	10.822181483553807	59.19732660931413	52.561092786517996	158.0581256766847	-0.0	169.82831730847943	27.932232260606096
192.86642415587485	8.319580519092858	192.66364923129774	10.86830546372035	58.22376203055163	52.79720346061905	135.09161044247048	-0.0	169.71791482470726	28.027693979647758
192.58899031303866	8.354950117472752	192.44110180493695	10.914349962798081	57.38783436865697	53.033000783151685	115.36882477148836	-0.0	169.53055921633052	28.12223719806532
192.28848932705247	8.390252384255579	192.20107714418893	10.960290504987015	56.69491568372292	53.268349228370525	88.6966541517721	-0.0	169.26388143146124	28.215738255374593
191.86555170340353	8.42546831478674	191.79402948066485	11.006102412017777	56.109860963991885	53.50312209857827	80.2309170238076	-0.0	168.933637469936	28.308073090806964
191.33895230076877	8.460579416341913	191.2962719903203	11.0517691383055	55.633510574635885	53.73719610894609	61.97764064856558	-0.0	168.5508094705275	28.399160983020682
190.8167173409021	8.495566962726723	190.81293031164026	11.097270089130665	55.2930371110965	53.970446418178156	18.46165305615735	-0.0	168.09288436514157	28.488900353095293
190.27173686780628	8.530411815532261	190.27802297948145	11.1425808791785	55.078127175621006	54.20274543688175	-0.0	-0.0	167.56232261240544	28.5771702769804
189.0380987975925	8.565097474953212	189.2788130696385	11.187681472368272	55.00723509092421	54.43398316635476	-0.0	-0.0	166.9745490374867	28.663873307723374
186.25770095067114	8.599609432937765	189.38298152670004	11.232546844770575	55.00723509092421	54.66406288625177	-0.0	-0.0	166.2901555421305	28.7488862766841
181.73656448112467	8.633929106796481	188.0716803859241	11.277166792476523	55.00723509092421	54.892860711976546	-0.0	-0.0	165.65199198961068	28.83216461397296
175.56272707913263	8.668040163061669	187.96807205609278	11.321549732219841	55.00723509092421	55.120267753744464	-0.0	-0.0	164.9808692315772	28.913761536622896
167.85640860270505	8.701941711715127	186.84916786797072	11.365690546938284	55.00723509092421	55.34627807810085	-0.0	-0.0	164.34060729908757	28.99365907038125
158.7676701002128	8.735634845109416	186.5873623848699	11.409596607719259	55.00723509092421	55.57089896739612	-0.0	-0.0	163.68090604213555	29.071904784745193
148.47349175126254	8.769117303848887	185.61522935325212	11.453263917985716	55.00723509092421	55.79411535899258	-0.0	-0.0	163.0408748692016	29.14848640944427
137.1743266256151	8.802392667564515	185.2365680056246	11.496698697417662	55.00723509092421	56.015951117096776	-0.0	-0.0	162.39053578959917	29.22344530300709
125.09019736698365	8.835462017099292	184.37410186516385	11.539898032509894	55.00723509092421	56.23641344732862	-0.0	-0.0	161.75239863920203	29.29677471270846
112.45641180890178	8.868324938782123	183.9115494974328	11.582867078538126	55.00723509092421	56.45549959188083	-0.0	-0.0	161.1099397093941	29.36851024026484
99.51898095020644	8.900984643081276	183.1294233648814	11.625603883596657	55.00723509092421	56.673230953875176	-0.0	-0.0	160.47485976649787	29.438650019320797
86.52982851346643	8.933441617089434	182.60864039107452	11.668112683123475	55.00723509092421	56.88961078059623	-0.0	-0.0	159.83923067068713	29.507224653838918
73.74188536808258	8.965696454037527	181.88439063414643	11.710392330935758	55.00723509092421	57.10464302691685	-0.0	-0.0	159.2079982481324	29.574236349847013
61.40416434174453	8.997751720979661	181.32475689095952	11.752446303222499	55.00723509092421	57.31834480653108	-0.0	-0.0	158.57847258772296	29.63971155835097
49.75691132584736	9.02960776286865	180.64171163221252	11.794274100413789	55.00723509092421	57.53071841912434	-0.0	-0.0	157.95159870289146	29.703655725469204
39.02692709478709	9.061265760679388	180.0574384157178	11.835878593474682	55.00723509092421	57.74177173786259	-0.0	-0.0	157.3276841270054	29.766091960525284
29.42315093489767	9.092727695537747	179.40337180655675	11.877259784156092	55.00723509092421	57.95151797025164	-0.0	-0.0	156.7054890975861	29.827028189235765
21.132592080651584	9.123994020945423	178.80466809892292	11.91842007406919	55.00723509092421	58.159960139636155	-0.0	-0.0	156.08685652086686	29.886484895652778
14.316688183121135	9.155066189445103	178.17098470084673	11.95935984197607	55.00723509092421	58.367107929634024	-0.0	-0.0	155.4695205785755	29.94447183438323
9.107525535270284	9.186440888890292	177.56497820800064	12.000081133587639	55.00299755890782	58.57627259260195	-0.0	70.22969173540857	154.85595627958176	30.001007463112515
5.7893501340642075	9.025053936808881	176.94568547511994	12.040567722459121	57.12741137395301	57.50035957872587	-0.0	449.70155400169796	154.24357531430877	30.28755238786071
4.17923138194101	8.874025226800144	176.3372226927272	12.080665077041566	60.501678806676196	56.49350151200097	-0.0	541.6868240078356	153.63506986915507	31.07534701909797
4.15610145115917	8.758654846596528	175.72827206419154	12.120300020056135	64.12202902318339	55.72436564397686	-0.0	536.3390599376805	153.02801237042573	31.863515616966932
4.332228764741757	8.662649006120091	175.1205676337122	12.15950586995348	67.64457529483514	55.084326707467284	-0.0	520.2415449444094	152.42477854184685	32.501664767010226
4.503023225261641	8.572315972300574	174.51933267507349	12.19833210185267	71.06046450523282	54.48210648200383	-0.0	504.3122016072319	151.82306210763932	32.99375642089807
4.668519732777264	8.485970466741687	173.91437019714732	12.236825204559747	74.37039465554527	53.90646977827791	-0.0	488.45744018571	151.22489393478145	33.35354647648554
4.828741409146945	8.403419094761492	173.31918677365866	12.27502553711421	77.5748281829389	53.356127298409945	-0.0	472.67045110828457	150.628315225376	33.603385429089556
4.98371125077688	8.324623657853568	172.7182413149939	12.312964445082747	80.67422501553759	52.830824385690455	-0.0	456.95407366856136	150.03501940191794	33.77826935960641
5.133453477565132	8.249560592253431	172.12808306228783	12.350660408348093	83.66906955130263	52.33040394835621	-0.0	441.3124682897807	149.44341590294871	33.91773325384065
5.277993782666189	8.178206767300482	171.53179849781432	12.3881213391831	86.55987565332379	51.854711782003214	-0.0	425.7502924715887	148.85488105877923	34.04579170345636
5.417359489367883	8.11053806228881	170.9461388086238	12.425350131679732	89.34718978735766	51.4035870819254	-0.0	410.27266641534624	148.2681644885754	34.17020316290977
5.551579705461999	8.046528675732914	170.35484754616687	12.462348431264905	92.03159410923998	50.97685783821942	-0.0	394.8851866580109	147.68434818904322	34.29271401376602
5.680685495836773	7.986151311548785	169.7733711442499	12.499117535189477	94.61370991673546	50.574342076991904	-0.0	379.5940113884844	147.10246292812673	34.413680315862614
5.804710082537488	7.929376989926211	169.1872196641696	12.535658716571167	97.09420165074975	50.19584659950807	-0.0	364.4059298526784	146.52333628335728	34.53317943140377
5.923689064226569	7.876174580091466	168.60980349835907	12.57197321058887	99.47378128453138	49.84116386727644	-0.0	349.32841960189273	145.94622964948536	34.65123412326862
6.037660665264465	7.82651094372426	168.0287539908883	12.608062251624599	101.75321330528928	49.510072958161736	-0.0	334.3697689740166	145.37176594307644	34.76785651708762
6.146666021685149	7.780350583503682	167.45539627809984	12.643927069649994	103.93332043370299	49.20233722335788	-0.0	319.5391761797891	144.79938642248786	34.883056612780265
6.250749499131857	7.737655361636294	166.87939900695488	12.6795688785767	106.01498998263713	48.91770241090863	-0.0	304.84687370305664	144.2295558594878	34.99684389582761
6.349959068639976	7.698383827096094	166.31008744402277	12.71498890094624	107.9991813727995	48.65589218064063	-0.0	290.3042324932714	143.66185536715506	35.109227794997174
6.444346712984811	7.662491527544287	165.7389990515454	12.75018833466831	109.88693425969622	48.41661018362858	-0.0	275.9239948064815	143.09662888830988	35.2202175734379
6.533968907816519	7.6299301260593415	165.17379639420056	12.785168392362037	111.67937815633037	48.19953417372894	-0.0	261.7204159789152	142.5335601275783	35.329822547942086
6.618887165592585	7.600647145063857	164.6075120141624	12.819930257962513	113.37774331185169	48.00431430042572	-0.0	247.70950469643776	141.97290515830045	35.438051864286216
6.699168665986083	7.574584850960954	164.04650375354439	12.854475133043906	114.98337331972166	47.830565673073025	-0.0	233.90919511838223	141.4144228558024	35.5449147409296
6.77488694073423	7.5516809136980525	163.48491636329769	12.888804188333602	116.49773881468458	47.67787275798702	-0.0	220.33979057410156	140.8583055979651	35.65042021429515
6.84612270402702	7.531866597648256	162.92804980047532	12.922918613770548	117.92245408054039	47.545777317655045	-0.0	207.02413712252795	140.30436963745993	35.75457740228185
6.912964758529867	7.515066497948524	162.37110428311715	12.956819568113735	119.25929517059734	47.43377665299016	-0.0	193.98803755300497	139.75275486259937	35.85739523936679
6.975511071281906	7.501196043974899	161.81840302615603	12.990508228868617	120.51022142563811	47.34130695983266	-0.0	181.26033982455195	139.20332395271146	35.9588827397169
7.033869800972642	7.4901656610156815	161.26600740374158	13.02398574325554	121.67739601945283	47.26777107343788	-0.0	168.87418764479656	138.65617645128395	36.05904873784883
7.0881608184793405	7.481870470022711	160.71749265560518	13.057253276502777	122.7632163695868	47.21246980015141	-0.0	156.8657171642697	138.11121016696492	36.15790214547705
7.138516839338264	7.47619843707027	160.1695910179021	13.090311964314507	123.77033678676527	47.17465624713513	-0.0	145.27594383878696	137.56849321031183	36.25545169909616
7.185084796263244	7.473029772147176	159.62523779500862	13.123162960086141	124.70169592526487	47.153531814314505	-0.0	134.15126161443945	137.0279554898815	36.351706208101525
7.228027801957445	7.4722204639343515	159.08170124620148	13.15580738749841	125.5605560391489	47.14813642622901	-0.0	123.5396348284899	136.48963585039508	36.44667430994554
7.267525921475734	7.473617413468785	158.54149366090587	13.18824638861772	126.35051842951466	47.157449423125236	-0.0	113.4932520001331	135.95348820356645	36.54036471852891
7.303776564888721	7.47706823645517	158.00239632962135	13.220481075050394	127.0755312977744	47.18045490970113	-0.0	104.07079068068566	135.41952205687704	36.63278596618276
7.336996652453969	7.482379903530236	157.4663094181504	13.252512578225886	127.73993304907937	47.21586602353491	-0.0	95.3228891309254	134.88772918837094	36.723946676630696
7.367420014222498	7.489365968104549	156.93154444219235	13.284341997540817	128.34840028444995	47.26243978736366	-0.0	87.30190214209642	134.35808702402255	36.813855282726585
7.395296448792106	7.497825534210857	156.39950862621512	13.315970452648331	128.9059289758421	47.31883689473904	-0.0	80.05040811058946	133.83060984360915	36.90252030697774
7.420887781428814	7.507553934555548	155.86911177326476	13.347399032695701	129.41775562857626	47.38369289703699	-0.0	73.59778916802398	133.3052533088361	36.989950092881436
7.444462512506604	7.518346532182911	155.34109677414813	13.378628844594845	129.88925025013208	47.455643547886076	-0.0	67.9540376266871	132.78205483495577	37.07615305969455
7.466288808510211	7.530004445805591	154.81496471925198	13.409660967819933	130.32577617020422	47.533362972037274	-0.0	63.10489149789585	132.2609521282337	37.1611374647215
7.486626015069276	7.542347757408856	154.29091979397717	13.440496496467883	130.7325203013855	47.61565171605904	-0.0	59.01363313865501	131.74199799768402	37.244911623693355
7.5057173241570005	7.555212364889127	153.76912882040466	13.471136500516948	131.11434648314	47.701415765927514	-0.0	55.61870230199461	131.22510891662174	37.327483708613975
7.523782436191432	7.5684628632438296	153.24902921833842	13.50158206093029	131.47564872382864	47.78975242162553	-0.0	52.8443629044276	130.71036142430776	37.40886193063013
7.541013803770524	7.58198460973931	152.7314556678776	13.53183423890784	131.82027607541048	47.87989739826207	-0.0	50.603116238519384	130.19765517795602	37.48905438036068
7.557574488192761	7.595686844946431	152.21523785510223	13.561894102220464	132.1514897638552	47.971245632976206	-0.0	48.80596579419754	129.68708114210878	37.56806916586368
7.573598540014837	7.609502192912748	151.70187764732998	13.59176270350761	132.47197080029673	48.063347952751656	-0.0	47.37064814966587	129.17852300099892	37.64591429703155
7.589193809877448	7.62337803498629	151.18961645618188	13.621441096974014	132.78387619754895	48.15585356657527	-0.0	46.22244118718367	128.67208156492617	37.72259777581822
7.604445138771128	7.6372757288791595	150.68039351947385	13.650930327121355	133.08890277542255	48.2485048591944	-0.0	45.2980339722594	128.1676385135203	37.79812753578123
7.619418201082138	7.651166760665535	150.1719558804375	13.680231434610537	133.38836402164276	48.341111737770234	-0.0	44.54531371493866	127.66529911284312	37.87251147390175
7.634163094979242	7.665031030766324	149.66683372160787	13.709345456264675	133.68326189958483	48.43354020510883	-0.0	43.92318279328793	127.16493789119457	37.94575744906332
7.6487177246908935	7.678853673324099	149.16234057550346	13.73827341905154	133.97435449381786	48.525691155493995	-0.0	43.39927176319131	126.66665958380608	38.01787325224346
7.663110515356286	7.692624125698717	148.66120784581494	13.76701635189988	134.2622103071257	48.61749417132478	-0.0	42.94881426072093	126.17034888662198	38.088866667609665
7.677362681615499	7.706334810002589	148.1606123915842	13.795575268888552	134.54725363230997	48.708898733350594	-0.0	42.553002528530406	125.67610018779273	38.1587453855338
7.691489989528579	7.71998045768138	147.66339934382404	13.823951190354702	134.82979979057157	48.79986971787587	-0.0	42.1977992263826	125.18380679869179	38.22751711198003
7.705504146248893	7.73355736501258	147.1667694231422	13.85214511805742	135.11008292497786	48.8903824334172	-0.0	41.87273782224468	124.69354809988673	38.295189439160204
7.719413842435166	7.747063017079626	146.67344132993122	13.88015806426802	135.38827684870333	48.98042011386418	-0.0	41.57010242083549	124.20524131227197	38.36176999761813
7.733225553681006	7.760495652819307	146.18063375813435	13.907991017655016	135.6645110736201	49.06997101879538	-0.0	41.28415187628057	123.71894458786947	38.42726627918395
7.746944115200114	7.773854183365594	145.69113517651022	13.935644982535093	135.93888230400228	49.15902788910396	-0.0	41.01072128532327	123.2345891880765	38.491685840670335
7.760573165727729	7.787137963576412	145.20229461892112	13.96312093583214	136.21146331455458	49.24758642384275	-0.0	40.74677736389308	122.7522156193398	38.5550360786914
7.774115474915864	7.800346622275364	144.71652460232775	13.990419872499771	136.48230949831728	49.335644148502425	-0.0	40.49008162462432	122.27178047978063	38.61732446948287
7.787573175765812	7.813480021969077	144.23158107326861	14.017542759001907	136.75146351531623	49.423200146460516	-0.0	40.239009526877076	121.79330144807199	38.67855832346466
7.800947938697863	7.8265381908146	143.74947246168284	14.044490580033127	137.01895877395725	49.51025460543067	-0.0	39.99238374110797	121.31675445351092	38.7387450312041
7.81424109566399	7.83952130051623	143.2684866026165	14.071264292185727	137.28482191327979	49.5968086701082	-0.0	39.74937487892142	120.84213165936828	38.79789181922056
7.827453741158156	7.852429547158625	142.79001739573425	14.097864870269445	137.54907482316312	49.68286364772417	-0.0	39.50933908621207	120.3694410151078	38.8560059955567
7.840586789674383	7.865263221542463	142.31288915001937	14.124293260992427	137.81173579348766	49.768421476949754	-0.0	39.27183458606206	119.89864809862938	38.913094704122955
7.8536410282812374	7.878022651062445	141.83801810900172	14.15055042856611	138.07282056562474	49.8534843404163	-0.0	39.03653959850303	119.42977990003556	38.96916516584914
7.86661715238195	7.890708182132049	141.36479754850154	14.176637310948074	138.332343047639	49.938054547547	-0.0	38.8032132610325	118.96278147963764	39.02422444833759
7.87951578830422	7.903320198033792	140.89347434765622	14.202554861166613	138.5903157660844	50.022134653558616	-0.0	38.571694389775814	118.49770347755589	39.07827968315762
7.892337515604462	7.915859072695821	140.424043845581	14.228304009122814	138.84675031208923	50.10572715130547	-0.0	38.341848132425255	118.03447320588656	39.13133786539537
7.905083555286462	7.928390697389262	139.95626389838247	14.253885659582073	139.10167110572922	50.18876944996837	-0.0	38.16669204194985	117.57315353213039	39.18219481621624
7.918839357255554	7.952123580879866	139.49068659843232	14.27933147022025	139.37678714511108	50.206684899018214	-0.0	45.60991094619132	117.1136386342183	38.97797583605287
7.93561227261991	7.983846571413607	139.02641941996703	14.304757699730464	139.71224545239818	50.038157390326155	-0.0	54.90577086797049	116.65592080892594	38.39778586878068
7.955420258252324	8.019866345600832	138.564588233664	14.330275573614186	140.10840516504646	49.68612517498714	-0.0	63.46558484156403	116.1997939741553	37.513965605285335
7.97789026180826	8.058671772965516	138.10377926928487	14.355969950670897	140.5578052361652	49.18317290809998	-0.0	71.05522111237501	115.74524595109854	36.41934337014709
8.002613530461737	8.097481022052932	137.6456831632961	14.381891949714175	141.0522706092347	48.56367770947571	-0.0	77.00141702884237	115.29213515058565	35.22653749280816
8.02904468860029	8.134675680715144	137.18841575551843	14.408054517688898	141.5808937720058	47.873865488766675	-0.0	81.25230462687426	114.8405330648462	34.055263842144555
8.056603173193057	8.168799856128594	136.73396937306205	14.434432389251521	142.13206346386116	47.16000524724243	-0.0	83.73943326456796	114.39034561353004	33.0184900744034
8.084689272513884	8.198692384190291	136.28018732062145	14.460966378597618	142.6937854502777	46.46532519505162	-0.0	84.410867071577	113.94171049320727	32.21000120516698
8.112695999101692	8.22354326591892	135.8293481331825	14.487571249082958	143.25391998203384	45.82792960057669	-0.0	83.23433291663196	113.49460649260243	31.6950853214354
8.140022040245608	8.242844604063638	135.37910387732234	14.51414594775258	143.80044080491214	45.27944122900916	-0.0	80.16489405361233	113.04920993331865	31.50533420785709
8.166006123073217	8.257274904561106	134.9318737868676	14.540584843644712	144.32012246146434	44.84991790226803	-0.0	75.52680877008548	112.60552003590212	31.63772127397705
8.190106737562335	8.265985508570086	134.48504421358442	14.56678861796682	144.80213475124668	44.55301181679492	-0.0	68.86525385115819	112.16371941886227	32.05719630409647
8.211721309727773	8.269322662469795	134.0413348836876	14.592674027389146	145.23442619455545	44.402264887503016	-0.0	60.00070454900002	111.72380135609303	32.70093086966784
8.23009801882515	8.26915603060382	133.59807680430438	14.618182464727102	145.60196037650297	44.413417239981875	-0.0	49.40774975818014	111.28588005850159	33.47988284820852
8.246876803868615	8.267139621937245	133.15776170163065	14.643290672359242	145.8833744911485	44.595347196169996	-0.0	35.586881421240044	110.84992442445993	34.25235795741112
8.937414835617236	8.276784250901654	132.7180507594373	14.668036907205392	145.88879606281913	45.01849917795639	-0.0	-0.0	110.41596005269531	34.91286348436696
10.842492465577173	8.269010837497424	132.28107014289773	14.692371376790279	145.88879606281913	45.50827259162931	-0.0	-0.0	109.98394676433716	35.916824778093236
13.953095417891495	8.255468060933008	131.84489249750655	14.716189995291522	145.88879606281913	46.11059707923419	-0.0	-0.0	109.5540115718233	37.211545616480564
18.254062438394534	8.238466976988674	131.41120006611	14.739410538917504	145.88879606281913	46.81200828246589	-0.0	-0.0	109.1262101644499	38.72292115040364
23.724430371338606	8.22061196437905	130.9785734233308	14.761977022628082	145.88879606281913	47.593281012175304	-0.0	-0.0	108.70057595021844	40.36441730759327
30.337536334997406	8.202967370972555	130.5481404465327	14.783863091970918	145.88879606281913	48.41838053434414	-0.0	-0.0	108.27716762411843	42.04129786309042
38.06114767805643	8.188228335027471	130.11897866570223	14.805073900862926	145.88879606281913	49.25426367236059	-0.0	-0.0	107.8559464733389	43.655272959514825
46.857619083370146	8.178589618258403	129.69177994593736	14.825646500999275	145.88879606281913	50.06025785336297	-0.0	-0.0	107.43691356165817	45.10941004895871
56.684076053361174	8.17617669350826	129.266084537077	14.845648541161465	145.88879606281913	50.79400697876819	-0.0	-0.0	107.01995753573014	46.31313405286976
67.49262388274104	8.182710808290846	128.84205509803337	14.865175422299998	145.88879606281913	51.41397338291002	-0.0	-0.0	106.60504203882351	47.187122334360176
79.23058110000028	8.199359909638233	128.4197451136484	14.884345842731486	145.88879606281913	51.88381630797511	-0.0	-0.0	106.19199528779792	47.66786902012242
91.84073623987214	8.22637319581386	127.99885953825019	14.9032959914616	145.88879606281913	52.17582130542574	-0.0	-0.0	105.78075246759725	47.71276994345003
105.26162669524301	8.249498465738613	127.58003123313848	14.922142079345388	145.88879606281913	52.32998977159075	-0.0	-0.0	105.37109997979817	47.56118337800589
119.42783828935958	8.26837083626085	127.16225172644819	14.940904437503745	145.88879606281913	52.45580557507233	-0.0	-0.0	104.96309776178839	47.40995319325513
133.6755245034142	8.28669889843696	132.7956463038931	14.95958457958118	145.24214198423866	52.577992656246394	281.40546895342874	-0.0	104.59036260675416	47.259085476390716
145.15141100853236	8.304861280710185	136.71534161287627	14.97834975805433	141.44097689237225	52.69907520473457	871.3473736742702	-0.0	105.59780230524136	47.10945730253439
152.52377449113024	8.322905143406778	136.62828309950388	14.997902483014286	134.30412895062057	52.81936762271186	1196.0745065615156	-0.0	108.95918400538689	46.96475064608594
157.4358131398688	8.340840276020105	140.58842366333346	15.0187512435811	126.14405571128596	52.938935173467364	1231.3671478840827	-0.0	113.04802872761127	46.827607604390785
160.8033097964897	8.35872952500458	144.56820210315988	15.040983798667877	117.98861556572152	53.05819683336387	1208.7843862325842	-0.0	117.16852011709615	46.698448637539336
162.91327672686197	8.376760828430282	148.29779506721013	15.064580646341254	110.11377103249393	53.17840552286855	1146.9059897692857	-0.0	121.1584805412822	46.57712933590386
164.14111424145108	8.395166303897716	151.75491430334966	15.089471602413166	102.75753047164125	53.30110869265144	1055.8210049194547	-0.0	124.8704516969859	46.463240006517175
164.8424481767744	8.414098318596391	154.8463110647222	15.115547470679257	96.06871512110472	53.42732212397595	948.5000474879799	-0.0	128.21151358717387	46.35616836264278
165.32177008674552	8.433599009998654	157.56052673872964	15.142676326262505	90.11936117406492	53.55732673332436	835.7702443383764	-0.0	131.13212179557718	46.25518605439798
165.79692711693812	8.453637428157101	159.91041337429087	15.170716951290373	84.91172496694959	53.690916187714016	727.8641609794047	-0.0	133.6228951780207	46.15951980429888
166.37124070523333	8.474150692729328	161.93736348407853	15.199531358828144	80.38693150213389	53.827671284862184	631.7032134665235	-0.0	135.71012974276775	46.068417382223124
167.0479371224031	8.495068641502243	163.6582474254321	15.22899493279237	76.4497775822455	53.96712427668163	552.3332985864517	-0.0	137.44623781040235	45.98120071482467
167.758724242218	8.516325723764929	165.11628310948066	15.259002367914489	72.99142004564752	54.10883815843286	487.66761420701283	-0.0	138.89343822670526	45.89729666535154
168.43238074453055	8.537865784851917	166.3248841371163	15.289468218557651	69.9213361612052	54.25243856567944	435.51658368801793	-0.0	140.10820487414733	45.81623935140975
169.0212431316552	8.55964280614629	167.33671996962295	15.320323111248745	67.17372618131071	54.39761870764194	389.3675443368434	-0.0	141.13130208703933	45.737649692907844
169.5215718967393	8.581619292625298	168.16404798728388	15.351508470465454	64.70998617990534	54.54412861750198	349.53848407719977	-0.0	141.988481173112	45.66120727066295
169.9369136270954	8.603763661492293	168.85040396442614	15.382972609561094	62.500088232871846	54.691757743281954	312.7073226520838	-0.0	142.6969931077249	45.586629503494386
170.27466870572178	8.62604780866971	169.4007176984053	15.414669029803122	60.519877475595464	54.84031872446474	280.4560405098886	-0.0	143.27158176660268	45.513662525119145
170.53318336345671	8.648445593719181	169.8311773600531	15.446555967136312	58.74573249177255	54.98963729146121	251.35739556720077	-0.0	143.72609388747284	45.44207865540753
170.7145031375193	8.670932365756652	170.14380859000042	15.47859596738255	57.15868620778534	55.139549105044345	226.6329836469076	-0.0	144.0725551669761	45.37167403222968
170.81950367770918	8.693485147950739	170.36049922559496	15.510755156977854	55.74215691272847	55.28990098633825	203.24960194371678	-0.0	144.3205854967829	45.30226465782204
170.8495812381919	8.716082930594009	170.5032674342254	15.543002533938902	54.48212372247312	55.440552870626725	176.54529831458154	-0.0	144.47803966942735	45.23368257303163
170.81712842628363	8.73870669239435	170.5428168054531	15.575309540189501	53.3700026423007	55.59137794929567	157.12430071363178	-0.0	144.55185149911608	45.16577352875432
170.71906956804065	8.76133909039865	170.51169913320317	15.607649792494957	52.39405523147392	55.74226060265767	136.61383215243524	-0.0	144.54799929672407	45.09839550152177
170.59231098574972	8.783964009542201	170.2936775728851	15.639998668810756	51.55615632531241	55.89309339694801	163.9420847672033	-0.0	144.47123951940577	45.03141645760105
170.30387913381338	8.806566211859893	170.21094585647995	15.67233371872419	50.80905055787901	56.04377474573263	91.4548793668695	-0.0	144.332115972799	44.96471646072156
170.05365978899238	8.829131197414297	169.81766160957247	15.704635321781264	50.20546996415454	56.19420798276198	145.73893147608766	-0.0	144.12883909811706	44.898191050280396
169.765083869371	8.851645331636288	169.6166100037192	15.736880289424533	49.717134388821954	56.34430221090859	115.59691997914169	-0.0	143.85058765877352	44.83171757729135
169.40723298251604	8.874095884983326	169.38742917491524	15.769044885985888	49.33086646873716	56.49397256655551	42.21780055937925	-0.0	143.50756144739105	44.76517117938084
168.90684400751283	8.89647025575151	168.84895984740004	15.801114036047965	49.02256595361583	56.643135038343395	72.1773815689602	-0.0	143.13229924935786	44.69847312980914
168.3218328208436	8.91875595129593	168.31573934874245	15.833076117452176	48.807588540049956	56.79170634197287	23.418208494760368	-0.0	142.71068003913737	44.631563204915096
167.20063339608308	8.940941141129688	167.57309681566505	15.864911940871051	48.75144673755208	56.93960760753125	-0.0	-0.0	142.21658644412466	44.56434176765191
164.69005149476794	8.96301477454306	167.62571691406185	15.896592415904697	48.75144673755208	57.086765163620406	-0.0	-0.0	141.63437897057412	44.49665773032209
160.6424835877712	8.984962516378104	166.5214624786061	15.928112945685545	48.75144673755208	57.2330834425207	-0.0	-0.0	141.1019544960564	44.428489507738824
155.13674581607336	9.006774422817147	166.43785689601836	15.959477277700502	48.75144673755208	57.378496152114316	-0.0	-0.0	140.53153399003176	44.359859234276335
148.28004848828155	9.028453473621907	165.46768203820005	15.990683187074968	48.75144673755208	57.523023157479386	-0.0	-0.0	139.99659096987418	44.29075772344607
140.20590843120647	9.049998551187572	165.27021475007055	16.02173466182242	48.75144673755208	57.66665700791715	-0.0	-0.0	139.4364569107416	44.22120832874122
131.0715490875817	9.07140836136744	164.41107637250198	16.052629490959003	48.75144673755208	57.80938907578294	-0.0	-0.0	138.90084553783527	44.151201840864545
121.05483898743263	9.092686745240139	164.12254590829306	16.083371465633412	48.75144673755208	57.95124496826759	-0.0	-0.0	138.349303658957	44.08076052383164
110.3508282086203	9.11383270647157	163.35233529982509	16.11395866417983	48.75144673755208	58.092218043143795	-0.0	-0.0	137.81444337945845	44.00987660310523
99.16795027023228	9.134846619400733	162.99359581915667	16.14439449459861	48.75144673755208	58.23231079600489	-0.0	-0.0	137.27019172730667	43.93857026834429
87.72396341732188	9.155731165496416	162.29277077274008	16.17467744107355	48.75144673755208	58.37154110330944	-0.0	-0.0	136.73714455460885	43.86683579938511
76.2417103302087	9.176485489847511	161.88177471466906	16.204810466234015	48.75144673755208	58.50990326565008	-0.0	-0.0	136.19920320981507	43.794690981066424
64.94477882727745	9.197110738120267	161.2340128435473	16.234792482100264	48.75144673755208	58.64740492080178	-0.0	-0.0	135.66874169481844	43.72213226826273
54.05314805809211	9.217608632001935	160.78537680036416	16.26462601345847	48.75144673755208	58.78405754667958	-0.0	-0.0	135.13639102551974	43.64917507879274
43.77890496620247	9.237978713160798	160.17751575774918	16.294310371331612	48.75144673755208	58.91985808773866	-0.0	-0.0	134.60905865640507	43.575817894694275
34.32211443269433	9.258222403430715	159.70286695990805	16.323847687352373	48.75144673755208	59.05481602287143	-0.0	-0.0	134.0817774035999	43.50207400104714
25.866923518973298	9.27834077937252	159.12457188428544	16.353237617247686	48.75144673755208	59.18893852915014	-0.0	-0.0	133.55794823905043	43.42794362434595
18.577975668801166	9.298333819383197	158.6328088223152	16.38243777734353	48.75144673755208	59.322225462554655	-0.0	-0.0	133.03538690666016	43.822193381467194
12.597204693928742	9.318202933983475	158.07637254166053	16.4112051147911	48.75144673755208	59.4546862265565	-0.0	-0.0	132.5155347228326	44.90925953450139
8.10039010517233	9.28853678629797	157.57412794770948	16.439401976635853	49.15373985794883	59.25691190865313	-0.0	272.5053532875133	131.99799965263315	46.26274404060334
5.2560428158049675	9.107851028178686	157.03380137801602	16.466967668081143	51.82973344251587	58.05234018785791	-0.0	490.6506020309742	131.48285528797828	47.73589440676519
3.8800350988690293	8.951132922376651	156.52586013768845	16.49388322081275	55.39839438767333	57.007552815844335	-0.0	562.9774542281656	130.97049053672228	49.215522046534716
3.907201866020928	8.823935102627729	155.99746287173775	16.52016559171887	59.144037320418555	56.159567350851525	-0.0	554.342698416715	130.4602480132297	50.58707770452371
4.089225860811563	8.713409868123092	155.48732614012906	16.54586301687504	62.78451721623127	55.42273245415395	-0.0	537.5978984863785	129.95289500016355	51.794808976403
4.265692959146026	8.608421446657506	154.96793899700896	16.57102912406203	66.31385918292052	54.722809644383375	-0.0	520.9803551665527	129.44745191364282	52.84104794890542
4.436629282419423	8.507628728421	154.45786287847457	16.59571671692615	69.73258564838846	54.05085818947334	-0.0	504.417947118358	128.9448337157897	53.730530061225586
4.602051853376242	8.410877708142063	153.9455237480501	16.61997643731797	73.04103706752483	53.40585138761375	-0.0	487.90533500143636	128.4439976401455	54.46887280511297
4.7619775684118135	8.318138004341744	153.43711151193753	16.643857271964933	76.23955136823626	52.78758669561162	-0.0	471.4446173683826	127.94585817773478	55.06295539963592
4.916424236202809	8.229390810894724	152.93045932767077	16.66740536250116	79.3284847240562	52.19593873929816	-0.0	455.03891143312643	127.44943258299898	55.52148505071855
5.065410775768622	8.144617946038466	152.4247079147051	16.69066384509753	82.30821551537242	51.630786306923106	-0.0	438.69174615197085	126.95555138903168	55.855849651282824
5.208957344477715	8.063800315925159	151.92289980432807	16.713671346177616	85.17914688955429	51.092002106167726	-0.0	422.4070142829842	126.46334879060299	56.08126423859534
5.347085460193596	7.986917578670919	151.42042676298038	16.73646091174152	87.94170920387191	50.5794505244728	-0.0	406.1890045346288	125.97354280771255	56.21783846203228
5.479818148236682	7.913948299563887	150.92288622967567	16.759058137549232	90.59636296473364	50.09298866375925	-0.0	390.04247776101295	125.48540762871404	56.29009144930769
5.6071801087338455	7.844869572723912	150.42408170496137	16.781480515790285	93.14360217467691	49.632463818159415	-0.0	373.9727149129722	124.99954524518483	56.32287223714005
5.729197897194359	7.779657137246983	149.93048049169897	16.80373816628274	95.58395794388717	49.19771424831322	-0.0	357.98561773245723	124.51537184469163	56.335303045322355
5.8459001507427795	7.718284848577109	149.43556507411884	16.825836368967426	97.91800301485559	48.788565657180726	-0.0	342.0877717993521	124.03338100541062	56.3384184458514
5.957317835867405	7.660724507486106	148.94567576695258	16.84777781803656	100.1463567173481	48.404830049907375	-0.0	326.2865565360743	123.55311189837796	56.33733673163128
6.063484532515662	7.606945845669253	148.45469797713454	16.86956412478262	102.26969065031322	48.04630563779502	-0.0	310.59029616538163	123.07495490665046	56.334156156772934
6.164436771664128	7.556916408669954	147.96845926326068	16.89119643545044	104.28873543328257	47.712776057799694	-0.0	295.0084360028779	122.59854841259614	56.329691128054435
6.260214434680467	7.510600616691392	147.48145210020445	16.912675735740574	106.20428869360933	47.40400411127595	-0.0	279.5516703146	122.12419603760407	56.32425288526561
6.350861218952843	7.467959195802449	146.99878475058588	16.9340029370944	108.01722437905684	47.11972797201633	-0.0	264.2321395158061	121.65161613946206	56.317961661432044
6.436425156989557	7.428950244230708	146.51570564079378	16.95517892479947	109.72850313979113	46.85966829487139	-0.0	249.06388327610233	121.1810410461113	56.31086613106779
6.51695929584054	7.39352650149014	146.0365972394932	16.976204572289078	111.33918591681078	46.623510009934265	-0.0	234.06291964576533	120.71225201860864	56.302988280665176
6.592522435143479	7.361636282290328	145.55740567864115	16.997080741050137	112.85044870286957	46.41090854860219	-0.0	219.24784023264183	120.24542639367802	56.294340110413344
6.66318005427025	7.333221973746127	145.08185504214342	17.017808292960062	114.263601085405	46.22147982497418	-0.0	204.64022079552768	119.78039361425512	56.284929924790504
6.72900537776863	7.30822024464567	144.6064485528946	17.038388077186074	115.58010755537259	46.054801630971134	-0.0	190.26541771907748	119.31729068872222	56.27476457874975
6.790080849777649	7.286554595832361	144.13453738951364	17.058820947721195	116.80161699555298	45.91036397221574	-0.0	176.15223282269093	118.85597870688717	56.263850430441984
6.846499341486098	7.2681486613705015	143.6628800548474	17.07910774282002	117.92998682972194	45.78765774247001	-0.0	162.3363252410724	118.39656873838769	56.25219355333323
6.898366562786285	7.252905170397182	143.19449333725086	17.099249308711435	118.9673312557257	45.68603446931455	-0.0	148.85786165225213	117.93894782242607	56.239799979851
6.945802920162574	7.240719472707461	142.72657670214338	17.11924647424932	119.91605840325147	45.60479648471641	-0.0	135.76554987939846	117.48320081737971	56.226675612508025
6.988946364168058	7.231471422383593	142.2617137425521	17.13910007724875	120.77892728336116	45.54314281589062	-0.0	123.11708304890492	117.02923965891095	56.21282637870957
7.027955825245615	7.225016122793861	141.79747206512775	17.15881093738926	121.5591165049123	45.50010748529241	-0.0	110.97868532635165	116.57712750295715	56.198258094634774
7.06301438480736	7.221192364725728	141.33611508926418	17.17837988420297	122.26028769614719	45.47461576483819	-0.0	99.42898845355916	116.12679570633942	56.182976614597486
7.094332782885629	7.219823485361914	140.87552196948556	17.197807728029723	122.88665565771257	45.46548990241276	-0.0	88.56166724248041	115.67828667364421	56.16698767934183
7.122154801697534	7.220683151265766	140.41770562351152	17.217095290739575	123.44309603395068	45.47122100843844	-0.0	78.47306447447116	115.23155162465035	56.1502970779338
7.14675833732661	7.223530425154959	139.96070922019297	17.236243373249728	123.9351667465322	45.49020283436639	-0.0	69.26944123689583	114.78661840971152	56.1329104771489
7.168455952229973	7.228106904407944	139.50632351865016	17.25525278943967	124.36911904459946	45.52071269605296	-0.0	61.05886103689756	114.34345358530199	56.11483359994142
7.187593208797578	7.234119779997928	139.05293153321088	17.274124331428293	124.75186417595155	45.56079853331952	-0.0	53.92504705627884	113.9020655628431	56.096072042912574
7.204538558213322	7.241271353706447	138.60198690578522	17.292858804712605	125.09077116426643	45.60847569137631	-0.0	47.91450425831702	113.46243849519011	56.07663146123658
7.219667633607	7.249277107932347	138.15217446871475	17.311456993179085	125.39335267214	45.66184738621565	-0.0	43.018509334171185	113.02456686249339	56.05651738464366
7.23334174958704	7.257893873617945	137.70457702641298	17.329919693812478	125.66683499174079	45.7192924907863	-0.0	39.17279351707752	112.58845252282647	56.03573540013339
7.2458902961400735	7.266905458387982	137.25835759865586	17.34824768223865	125.91780592280146	45.77936972258655	-0.0	36.24151818693984	112.15406626353082	56.01429097070693
7.257592110404314	7.276160667588885	136.81410856835396	17.36644174683677	126.15184220808628	45.84107111725923	-0.0	34.06662331425972	111.72143237924598	55.99218961500305
7.268671157948565	7.285548872915218	136.37141204572774	17.38450265572356	126.37342315897129	45.90365915276812	-0.0	32.47856501472646	111.29050593364427	55.96943673353457
7.279297516093859	7.29500000183334	135.93045228090014	17.402431188236072	126.58595032187718	45.966666678888934	-0.0	31.32738991230432	110.86132562322692	55.946037774560445
7.289595420666718	7.304469398697418	135.49132511105856	17.420228105351878	126.79190841333435	46.02979599131612	-0.0	30.489729859721376	110.43382814149636	55.921998078331264
7.299652799271303	7.313929460915472	135.05364157830235	17.437894176850897	126.99305598542605	46.092863072769816	-0.0	29.87124625388992	110.00807048971419	55.89732302029544
7.309530543046403	7.323362869706504	134.617994110705	17.455430157304875	127.19061086092805	46.15575246471003	-0.0	29.402728041055767	109.58397671397732	55.87201788459288
7.319270110662746	7.33275910029465	134.18353826978782	17.47283680688207	127.3854022132549	46.218394001964334	-0.0	29.03552741029529	109.16161515107532	55.84608797385666
7.328899399027093	7.342112034438997	133.7513798213933	17.490114873847755	127.57798798054185	46.28074689625998	-0.0	28.73655708751459	108.7408964896325	55.819538516904345
7.338437112038671	7.351417737636384	133.32017663239426	17.507265108393064	127.7687422407734	46.34278491757589	-0.0	28.48313711403749	108.32189921463033	55.792374741889304
7.34789573107232	7.360673839943501	132.8914636558082	17.52428825328111	127.95791462144639	46.404492266290006	-0.0	28.26007438859246	107.90453031174725	55.76460182683923
7.357283582323345	7.369878959548571	132.4633508089746	17.541185047732398	128.1456716464669	46.46585973032381	-0.0	28.05728205968361	107.48887295922651	55.73622492046041
7.366606239718893	7.379032326555481	132.03814531619656	17.557956230423095	128.33212479437785	46.52688217703654	-0.0	27.868089767451984	107.07482303466432	55.707249157707686
7.375867458113429	7.388133575186031	131.6132458598196	17.574602529259263	128.51734916226857	46.58755716790687	-0.0	27.68812592136939	106.66247352141112	55.677679606323025
7.38506980042819	7.397182575772297	131.19130137283273	17.591124678086647	128.7013960085638	46.64788383848198	-0.0	27.514513606580508	106.25172484947902	55.647521354519135
7.394215044864765	7.406179370517407	130.76962852565666	17.607523394165657	128.8843008972953	46.70786247011605	-0.0	27.345389982410204	105.8426523699329	55.61677939281366
7.4033044650027025	7.41512405014685	130.35101503138236	17.6237994068187	129.06608930005405	46.76749366764567	-0.0	27.179478867506113	105.43517304193553	55.585458764626054
7.412338994104736	7.424016814943225	129.93260197574284	17.63995342300664	129.24677988209473	46.826778766288164	-0.0	27.01599160507584	105.02935132115356	55.55356438536649
7.421319346332443	7.43285791240095	129.51709963910736	17.65598616611884	129.42638692664886	46.88571941600633	-0.0	26.854429416423283	104.62512055735338	55.52110124641177
7.430246098728269	7.4416475785243215	129.10197857598916	17.671898334713497	129.60492197456537	46.944317190162145	-0.0	26.694428018845155	104.2225223192367	55.48807419830908
7.439119734116075	7.45038607548968	128.68958856245087	17.687690644912188	129.7823946823215	47.00257383659787	-0.0	26.535755799492666	103.82151015546386	55.4544881737119
7.447940671560204	7.459073696966906	128.27777730898788	17.70336378791216	129.95881343120408	47.060491313112706	-0.0	26.378288191595296	103.4221075321082	55.42034796398867
7.456709292783955	7.4677107242277545	127.86843870483851	17.718918472120194	130.1341858556791	47.1180714948517	-0.0	26.221927183894174	103.02428912919012	55.385658440941114
7.465425954646117	7.476297430108358	127.4598721581125	17.734355381726175	130.30851909292232	47.175316200722385	-0.0	26.066591959634113	102.6280586127773	55.350424338931965
7.474090994503621	7.484834102351247	127.05356877869633	17.749675217183185	130.48181989007242	47.23222734900831	-0.0	25.91224113187827	102.2334067693808	55.3146504679078
7.482704735345099	7.493321046821496	126.64827553676754	17.764878655953517	130.65409470690196	47.28880697880997	-0.0	25.758871622701786	101.84031920475027	55.27834150688632
7.491267496621012	7.50175853333446	126.24498703179053	17.77996639065655	130.82534993242024	47.3450568888964	-0.0	25.606440490440367	101.44880789679746	55.24150220486402
7.499776689529324	7.510167440330082	125.84289285328508	17.79493906345298	130.99553379058648	47.40111626886721	-0.0	25.48375806366391	101.05884070447335	55.20408061142999
7.508258993690362	7.518526913742258	125.44247419264272	17.8097977114453	131.16517987380723	47.455746131607455	-0.0	25.332686459267272	100.6704496707439	55.16393184920625
7.5180957455483926	7.53745000645085	125.04382748187346	17.824580011770035	131.36191491096784	47.44223445443818	-0.0	34.77989802175401	100.28354195537837	54.82066784175211
7.531333782098532	7.5629535400220504	124.64623097612207	17.839419347209816	131.62667564197062	47.248148372057756	-0.0	44.45486329098221	99.89809809531059	54.0555844943893
7.547646937228816	7.59260384557839	124.25072937138664	17.85443983303964	131.9529387445763	46.88410797561543	-0.0	53.00761050875986	99.5138922946276	52.95206138235343
7.566577068581769	7.624569712759163	123.85610483368056	17.869735997842973	132.33154137163538	46.3787738362544	-0.0	60.20415484903933	99.13091494808884	51.61254637263575
7.58761911089746	7.656787906882549	123.46374450626116	17.885365275708384	132.7523822179492	45.768404370968554	-0.0	65.74990303466654	98.74900797185815	50.160763303768036
7.610214120248625	7.687436920183453	123.07208871420721	17.901343073405876	133.2042824049725	45.09456747048289	-0.0	69.47247653514826	98.36824365874664	48.72892271691566
7.633754200584869	7.71531472840812	122.6828240647613	17.91764240413608	133.67508401169738	44.40155838348428	-0.0	71.39700966394291	97.9885330973101	47.44302367329913
7.6576289058932465	7.739349384860324	122.29406541532008	17.934198177181834	134.15257811786492	43.729669321173155	-0.0	71.46698493320069	97.61001941995237	46.409398516774075
7.681217763083758	7.75890672171869	121.90786493946693	17.950915382967512	134.62435526167516	43.11487911084867	-0.0	69.68184781335256	97.23268972517646	45.70441843990284
7.703908301815685	7.7736105313125865	121.522069569842	17.96767994706098	135.0781660363137	42.58683903963895	-0.0	66.00294950649074	96.85673194951914	45.36849100537138
7.725026626435334	7.783837011636563	121.1389742991651	17.984370795627044	135.50053252870669	42.17168215649612	-0.0	60.62713150955421	96.48216368485281	45.40461831615869
7.744031341168726	7.789031191469248	120.75602107522933	18.000871689770047	135.8806268233745	41.883058627256375	-0.0	53.03292037765448	96.10918531343475	45.78086252603494
7.760364077715781	7.789411147308832	120.37589588013402	18.017081879123143	136.2072815543156	41.7325930016005	-0.0	42.608002177591814	95.73779790426913	46.435072727887515
7.776319649763621	7.775130037433319	119.99596784860807	18.032925195015665	136.5263929952724	41.67014004153849	-0.0	-0.0	95.36814234976282	47.27851838060492
7.787752263250632	7.785928189667189	119.61868492596855	18.048359439042837	136.64095588980774	41.91610537419929	-0.0	-0.0	95.0002076464105	48.188618606556794
8.471463268799706	7.783259107254164	119.2418044929166	18.06340843970454	136.63208349310577	42.25074185267672	-0.0	-0.0	94.63402746217908	48.89544418929066
10.292616133002415	7.769625344203383	118.86729329389873	18.078078143795167	136.63208349310577	42.675664625102556	-0.0	-0.0	94.26953645951997	49.869629126246046
13.241890461151616	7.751597906542446	118.4934138974171	18.092257478974112	136.63208349310577	43.209335369502014	-0.0	-0.0	93.90683909306934	51.17118948150264
17.30491132389218	7.7307400845010985	118.12170637608855	18.105853336879015	136.63208349310577	43.835468204669304	-0.0	-0.0	93.54599920603462	52.71879969640392
22.461875328463805	7.708637598579461	117.75075310595733	18.118801539099486	136.63208349310577	44.53077530095621	-0.0	-0.0	93.18710309268273	54.41669360419213
28.687647141558223	7.687343070162856	117.38182501806862	18.131070810673226	136.63208349310577	45.267751705534984	-0.0	-0.0	92.83015648404275	56.15932822266651
35.95188200034708	7.668795280819027	117.01377612044686	18.142665090393802	136.63208349310577	46.012135047563575	-0.0	-0.0	92.47516645497764	57.8365737358847
44.219173614570856	7.655101773268246	116.6476117764818	18.153624144472094	136.63208349310577	46.72659271721008	-0.0	-0.0	92.12209752066191	59.339250298185505
53.44922673878777	7.648290683464653	116.28242518259789	18.164022297791615	136.63208349310577	47.372450191621475	-0.0	-0.0	91.77087533665488	60.56481384427889
63.5970535736795	7.649718353852996	115.91893610873456	18.17396537389701	136.63208349310577	47.91015998546655	-0.0	-0.0	91.42141870669373	61.422965403460424
74.61319303911526	7.66082315777221	115.55669215983966	18.183585805535845	136.63208349310577	48.30918501696506	-0.0	-0.0	91.0735642817296	61.84092129568609
86.44395185024796	7.681246727932659	115.19583004042178	18.193036240755273	136.63208349310577	48.541644852884396	-0.0	-0.0	90.72722342124551	61.770781788508906
99.03166622161011	7.697534421505357	114.83639430041337	18.202443663509946	136.63208349310577	48.65022947670238	-0.0	-0.0	90.3821993226106	61.495837167849054
112.31498292365825	7.710268270375249	114.47823598954386	18.211828294558714	136.63208349310577	48.735121802501666	-0.0	-0.0	90.03849932791948	61.22221651469111
124.90151580961009	7.722663758419373	122.6680643680233	18.221203650934775	135.19415224382558	48.81775838946249	448.34209008614334	-0.0	89.92025638268629	60.94998395076028
134.17093797484154	7.7352835109905715	123.38223214218154	18.230905243387493	130.2872420116169	48.90189007327048	985.3849628137219	-0.0	91.79306518897471	60.68089479759393
140.03617331786887	7.748389390286396	124.87381291530347	18.241639342527982	122.91780041912259	48.9892626019093	1168.1662707983337	-0.0	95.44543016583003	60.41863980330581
144.0604969607588	7.762122642346113	128.88537709071957	18.253721311598444	115.09497520749618	49.080817615640754	1168.6576865376492	-0.0	99.42853902488937	60.16483741246377
146.77046067207814	7.776529147958804	132.59204926724829	18.2671762391876	107.4115121153807	49.17686098639203	1129.6269412663135	-0.0	103.3642355448148	59.91957467798609
148.459614439482	7.791597018997795	136.0752797142646	18.281962154848365	100.10903390463346	49.2773134599853	1055.741504947857	-0.0	107.10589873831752	59.68258633618223
149.47745373358032	7.807285285994498	139.24627897756312	18.297992392321227	93.38099243284455	49.381901906629984	959.5862275176461	-0.0	110.53359815125057	59.453373913123436
150.1386272257869	7.823539096414335	142.05802544875888	18.31514981622939	87.33584141103597	49.49026064276224	852.7919792848206	-0.0	113.57715930639144	59.23128164740019
150.69321197543263	7.840297511555234	144.51724252514467	18.33330149164336	82.00935453988899	49.60198341036823	745.5449352828552	-0.0	116.20754602581466	59.01557431439408
151.29596894084003	7.857498327391128	146.64528017431974	18.352311587707007	77.37290900092778	49.71665551594086	646.9636689852267	-0.0	118.43395986160003	58.805505376644994
151.9933623266803	7.875081623666147	148.47431732668485	18.37205279083627	73.34761308935771	49.83387749110765	562.773533492462	-0.0	120.2964309014205	58.60037694963847
152.74794715237275	7.892992390260651	150.0311807509033	18.392414385050174	69.83041489801943	49.953282601737676	494.4784890490685	-0.0	121.85298415616782	58.39958195281021
153.4875445326034	7.91118211530747	151.34313491555437	18.41330536474072	66.72228386387191	50.07454743538314	439.31408529025475	-0.0	123.16290920847065	58.20261996012863
154.15668356987865	7.929609210322199	152.4357166173599	18.43465243255865	63.948714174768035	50.197394735481325	393.55689007650165	-0.0	124.27332242898477	58.00908612018277
154.73422205117384	7.948238370622544	153.34857846231463	18.456395047034846	61.46123679536669	50.32158913748363	353.14008976230514	-0.0	125.21499506561629	57.81864465463932
155.22563776689472	7.967039250619555	154.10910163279516	18.47848069929538	59.22910674914284	50.4469283374637	316.9988202958499	-0.0	126.00714392146125	57.63100370517418
155.63853179760287	7.985984994076255	154.74016835078606	18.500862329301487	57.22703596682896	50.5732332938417	284.3461098969215	-0.0	126.66450161820833	57.44590154526753
155.97461997423798	8.005051094374718	155.25346554412255	18.52349757817294	55.431479433893	50.70034062916479	254.76243583069504	-0.0	127.20094964951102	57.26310249991522
156.23402704251885	8.024214801639832	155.65434716294698	18.546348522495077	53.82183153497124	50.82809867759889	228.41013366632467	-0.0	127.6292067167477	57.08239541385826
156.41847875924108	8.043454992870906	155.9556836306591	18.569381080567197	52.381009752665726	50.95636661913938	204.0871421044883	-0.0	127.95967041673575	56.903590405152826
156.53320606859126	8.062752239300565	156.16631935344523	18.592564238900717	51.09553741797468	51.08501492867043	181.71352278557063	-0.0	128.20058925501377	56.72651469324825
156.582135312944	8.082088811275248	156.29429726055076	18.615869508916365	49.953540973655485	51.21392540850166	160.9516222825678	-0.0	128.35906268467815	56.55100965799381
156.56777543253872	8.10144850455146	156.34395174798783	18.639270652779118	48.94449938455451	51.342990030343074	141.93002363693324	-0.0	128.44153295218348	56.37692932647775
156.4924253264707	8.120816352537949	156.31963657875247	18.662743443194955	48.059427879024526	51.47210901691966	124.7035977614195	-0.0	128.45358810661398	56.20413904555903
156.3582610485067	8.140178308326865	156.22899681840755	18.686265348263134	47.29071780271344	51.6011887221791	107.86000514056997	-0.0	128.3998187377735	56.032513768007775
156.2471643625096	8.15952105810003	156.08954865650682	18.709814357644824	46.65545884357108	51.730140387333535	119.10253372725035	-0.0	128.27423326341133	55.86193183305681
156.04092524137124	8.17883237912726	155.75174268571226	18.733367417209266	46.112659736865616	51.858882527515064	161.32709012843566	-0.0	128.0936821187554	55.69226675669094
155.67684836429203	8.198100664782574	155.6213390275373	18.756910296334137	45.6398773193161	51.98733776521716	70.6812585338325	-0.0	127.8688689875212	55.523439031876336
155.313974050161	8.217314646388338	155.27903395520022	18.78042566831145	45.27949600460476	52.11543097592226	56.07680934637481	-0.0	127.58843882103092	55.35535329984666
154.88974693082966	8.236463406296544	154.89495532223773	18.803896054041836	45.01037756167401	52.24308937531029	-0.0	-0.0	127.25721397994657	55.187913915140506
154.41852528049432	8.255536248741484	154.41024381409844	18.827304978549126	44.836413718547135	52.37024165827656	27.300768773602524	-0.0	126.87637036720724	55.021031002392725
153.1729198517508	8.274523136623355	153.8167975072523	18.850636319107792	44.736463567322225	52.49682091082237	-0.0	-0.0	126.45177234393836	54.854617008710875
150.825628188759	8.293414624576261	153.72096696811252	18.873877547160504	44.736463567322225	52.62276416384174	-0.0	-0.0	125.97043160115498	54.688603700209754
147.07255267106825	8.312198309178555	152.9338482097675	18.897006866776316	44.736463567322225	52.747988727857035	-0.0	-0.0	125.47355406741707	54.5228745870959
141.9867749457094	8.330865688430977	152.6320733195024	18.920037119824737	44.736463567322225	52.87243792287318	-0.0	-0.0	124.99617287468267	54.357495616820145
135.66732766226588	8.349419416106144	152.01393432208633	18.942958525494742	44.736463567322225	52.99612944070763	-0.0	-0.0	124.50216477474335	54.192413577888914
128.237266062664	8.367858450795831	151.58776723899504	18.965780040631635	44.736463567322225	53.11905633863888	-0.0	-0.0	124.02872901536239	54.027673960401906
119.84127179177757	8.386181709455052	151.0715094351817	18.988495299920167	44.736463567322225	53.24121139636701	-0.0	-0.0	123.53890022190465	53.86324152102813
110.6428355885734	8.404392523235904	150.57563546702775	19.011110360006573	44.736463567322225	53.36261682157269	-0.0	-0.0	123.06843795653666	53.69914647125875
100.82107371774245	8.422489974810956	150.1169441438012	19.03362128605017	44.736463567322225	53.48326649873971	-0.0	-0.0	122.58340697859525	53.53536635477303
90.5672401337771	8.440474420405996	149.58693339774035	19.056032092387866	44.736463567322225	53.60316280270664	-0.0	-0.0	122.11546865834555	53.3719206183242
80.08100229425087	8.458348166582232	149.15740924228828	19.078340530292973	44.736463567322225	53.722321110548215	-0.0	-0.0	121.63544953288286	53.20879567628698
69.56655314141916	8.476110441454155	148.61544228986992	19.100549213507673	44.736463567322225	53.840736276361035	-0.0	-0.0	121.16989810774083	53.04600358814928
59.228634961466774	8.493762259679833	148.19795474607568	19.122657031364827	44.736463567322225	53.95841506453223	-0.0	-0.0	120.69486665961598	52.88353675481747
49.26855254666117	8.511305089191307	147.657069161759	19.144665662131377	44.736463567322225	54.07536726127538	-0.0	-0.0	120.23174073258551	52.72140229729052
39.880253294015226	8.528738517277793	147.24177929470707	19.16657473969539	44.736463567322225	54.191590115185285	-0.0	-0.0	119.76154958009164	52.55959653171776
31.246550570580442	8.546063787024794	146.70907425432537	19.18838414799383	44.736463567322225	54.30709191349863	-0.0	-0.0	119.3009725929896	52.45051033049118
23.53556388582037	8.563281807465383	146.29095962330467	19.209948786843615	44.736463567322225	54.4218787164359	-0.0	-0.0	118.83550769621277	53.19955155506359
16.89744518964721	8.580392553083986	145.76972971793705	19.231039100419622	44.736463567322225	54.535950353893234	-0.0	-0.0	118.37803068131034	54.38783053631348
11.461455043224142	8.597397248075616	145.34675535401175	19.25155150875495	44.736463567322225	54.649314987170776	-0.0	-0.0	117.91772824357007	55.814643308445135
7.395380164558624	8.562284344897764	144.83794927324163	19.271426042268256	45.16416108682056	54.415228965985094	-0.0	270.0583479013308	117.46402517902295	57.3822577060601
4.841665830245644	8.388243018775928	144.40989581069002	19.29063083650796	47.75299301868361	53.25495345850619	-0.0	470.80895730980177	117.00895875831637	59.01057927094614
3.6332890035722	8.237910345976495	143.91309494464502	19.30916015073843	51.16444533598995	52.2527356398433	-0.0	536.4595361257627	116.55930920343776	60.61571020517031
3.6862270103536723	8.116139212586958	143.4805592176149	19.327037903757198	54.72454020707344	51.44092808391305	-0.0	526.1839152231664	116.10933629625345	62.10210317172284
3.858849291124564	8.009962754387153	142.9948906587911	19.3443130649873	58.17698582249128	50.73308502924769	-0.0	509.35703730675186	115.66378027791039	63.42464963719449
4.025886255686828	7.909195850802631	142.5589817929941	19.36103955441039	61.51772511373656	50.061305672017546	-0.0	492.6528693661874	115.21859404753936	64.58596248277136
4.187363551367124	7.81264036625922	142.08312476059635	19.377269670441915	64.74727102734246	49.417602441728135	-0.0	476.0039925575793	114.77702274670152	65.59031331737663
4.343298401220851	7.7201571965564595	141.64503142443905	19.39305453804951	67.86596802441703	48.80104797704306	-0.0	459.40578436549487	114.3362933358782	66.44258415410118
4.493708048184734	7.631717214559814	141.1777512216396	19.408443231034305	70.87416096369469	48.21144809706543	-0.0	442.8606698482521	113.8985720900066	67.14846961930111
4.6386107526173	7.54730126870541	140.738629731401	19.42348308745245	73.772215052346	47.648675124702734	-0.0	426.37208780067544	113.46200615643909	67.71476979508365
4.778026001179628	7.46689051639448	140.27879038716918	19.438218699458844	76.56052002359255	47.11260344262987	-0.0	409.94393787556885	113.02799517717433	68.14979246779893
4.91197465371741	7.390465134386628	139.8396738409511	19.45269188672278	79.23949307434819	46.603100895910856	-0.0	393.5805572456878	112.59533514313051	68.46390387866472
5.040479092398921	7.318003887574851	139.38624529174976	19.466940417407752	81.80958184797841	46.12002591716568	-0.0	377.286760566145	112.16489908592939	68.67019129297938
5.163563398269809	7.249484306859128	138.9479575802118	19.480997481991654	84.27126796539618	45.66322871239419	-0.0	361.06793929513105	111.73593120758785	68.78504084603591
5.281253556111056	7.184882258570034	138.50016824859696	19.49489019472493	86.62507112222113	45.232548390466896	-0.0	344.9301290170026	111.30895138494193	68.8280168756151
5.393577684000239	7.124171774328865	138.06336400421696	19.50863916239403	88.87155368000478	44.8278118288591	-0.0	328.8801159169388	110.88351254026075	68.82013043207405
5.500566307257326	7.067325031414053	137.6205639278135	19.522258209575607	91.01132614514653	44.448833542760354	-0.0	312.9255826227626	110.45990645064596	68.78044103959611
5.602252678733492	7.014311777144688	137.1857778557298	19.53575584766391	93.04505357466982	44.095411847631254	-0.0	297.07523230774353	110.03789057878076	68.72304766847783
5.69867315075952	6.965099016100903	136.74745701503676	19.549136789376455	94.97346301519039	43.76732677400602	-0.0	281.33897096534	109.61761333309698	68.65656403350805
5.789867615213614	6.919650931464894	136.31503656059743	19.56240375670989	96.79735230427228	43.4643395430993	-0.0	265.72816423124027	109.19895982345734	68.58555793555703
5.875880028016753	6.877928183811005	135.88086827097405	19.57555831119199	98.51760056033505	43.18618789207337	-0.0	250.2558885164159	108.78198435327991	68.51225092474358
5.956759031060792	6.839887493592933	135.45108052901668	19.588601587110148	100.13518062121584	42.932583290619554	-0.0	234.93728718161958	108.36665130918419	68.43767627185063
6.032558714382441	6.805480505374834	135.0207608172979	19.60153441283348	101.65117428764881	42.70320336916556	-0.0	219.7899268324746	107.95295739762182	68.36230457815057
6.103339519151727	6.774653052538105	134.59378889446486	19.614357569905245	103.06679038303453	42.4976870169207	-0.0	204.834313132953	107.54091086410419	68.28634945991949
6.16916929272424	6.747345969481331	134.16712680060843	19.627071736579374	104.38338585448479	42.31563979654221	-0.0	190.09482448851205	107.13047517263483	68.20990836178609
6.230124729215562	6.723489702604383	133.74310294918226	19.63967761258327	105.60249458431123	42.156598017362555	-0.0	175.59986001361548	106.72168389686968	68.13302717064742
6.28629287205349	6.703008149055791	133.31994547827577	19.65217584523255	106.7258574410698	42.02005432703861	-0.0	161.3837191684583	106.31448294465535	68.05572847466287
6.337773271162719	6.685811382184841	132.89894092371895	19.664567108433996	107.75546542325438	41.90540921456561	-0.0	147.48688734556245	105.90891857537441	67.97802477735252
6.384680284063085	6.671799054984791	132.4791790589332	19.676852041131948	108.6936056812617	41.81199369989861	-0.0	133.95866221564995	105.50492749834966	67.89992385483164
6.427146320339213	6.6608506977647215	132.06124174398786	19.689031303660975	109.54292640678426	41.73900465176481	-0.0	120.8574515249029	105.10256247209719	67.82143157957616
6.465325192328395	6.652831006541473	131.64479333986105	19.70110553011868	110.30650384656789	41.68554004360982	-0.0	108.25485387878634	104.70175584981563	67.74255278785903
6.499396967973729	6.647573819919629	131.22992809010293	19.713075370510264	110.98793935947457	41.650492132797524	-0.0	96.23436624521796	104.30256384667614	67.66329199835428
6.529572015427296	6.644897276968337	130.81676850193892	19.724941454339177	111.59144030854591	41.63264851312225	-0.0	84.8989331282502	103.90491476143592	67.58365343933576
6.556097470510817	6.6445754881238	130.4049546984917	19.7367044223365	112.12194941021635	41.63050325415867	-0.0	74.3631367063776	103.50887083780522	67.50364131327552
6.579261195649137	6.646352048094741	129.9950124611052	19.74836489909868	112.58522391298273	41.642346987298275	-0.0	64.75475486672977	103.11435488546533	67.42325969528437
6.59939453205447	6.649937189711071	129.5862467839571	19.759923516686886	112.9878906410894	41.66624793140714	-0.0	56.20423563698362	102.72143253910399	67.34251267659913
6.616869952785648	6.655017257624007	129.1795057569251	19.771380894748003	113.33739905571295	41.70011505082672	-0.0	48.82833759608718	102.33002411741555	67.26140426806323
6.632091856797621	6.661261694996448	128.77378504944483	19.782737656734593	113.64183713595241	41.74174463330965	-0.0	42.69794945224708	101.94019716518008	67.17993848952256
6.64547770575353	6.668342439190245	128.37021404848065	19.793994417274348	113.90955411507059	41.78894959460163	-0.0	37.80272265055384	101.55187050212814	67.0981193047539
6.657427850339259	6.675990050271573	127.96750180228761	19.80515179151135	114.14855700678517	41.83993366847716	-0.0	34.060791179443456	101.16511413804015	67.01595067159427
6.668300595909357	6.683985010295704	127.56704919264953	19.816210389159153	114.36601191818713	41.89323340197136	-0.0	31.309358012368705	100.77984615515717	66.93343651078388
6.678392399924945	6.692170574552639	127.16734282775634	19.827170816946712	114.56784799849889	41.94780383035093	-0.0	29.34511738315031	100.396134476012	66.85058071931314
6.687932051331984	6.70044375386637	126.77001148979141	19.83803367973038	114.75864102663968	42.00295835910914	-0.0	27.96393048909854	100.01389857036425	66.76738717612865
6.697085161478774	6.7087488055025695	126.3732874039528	19.84879957600701	114.94170322957547	42.05832537001713	-0.0	26.999587987360574	99.63320675268173	66.68385971881303
6.705967397282316	6.7170512125990465	125.9789957405976	19.8594691058539	115.11934794564631	42.11367475066031	-0.0	26.319925100495094	99.25398155881653	66.60000218518758
6.714656756714355	6.725331784653316	125.5852639207519	19.87004285944712	115.29313513428708	42.168878564355445	-0.0	25.830006701220285	98.8762829701965	66.51581835317496
6.723204823255585	6.733579175946537	125.19400646399274	19.880521432181993	115.4640964651117	42.22386117297692	-0.0	25.46364159315157	98.50004223490022	66.43131202033152
6.731645096807884	6.741787504846623	124.80324630697051	19.890905406356456	115.63290193615767	42.27858336564415	-0.0	25.17738076967461	98.12531379254912	66.346486907576
6.739999196584578	6.749953447961565	124.41492672796409	19.901195372277524	115.79998393169156	42.333022986410434	-0.0	24.94274866693129	97.75203715373023	66.2613467701382
6.748281003587751	6.75807518449741	124.02716372510572	19.911391904265354	115.96562007175501	42.3871678966494	-0.0	24.74138853932201	97.38024999264515	66.17589527138828
6.756499459446802	6.7661515157942995	123.64180125058785	19.921495588315878	116.12998918893604	42.441010105295334	-0.0	24.561219874399214	97.00991187093689	66.0901361287619
6.764660295978047	6.774181958761752	123.25700192191911	19.931506990797335	116.29320591956092	42.49454639174502	-0.0	24.394751976226345	96.64104575844533	66.00407294866878
6.7727672309657665	6.78216630573154	122.87447776453344	19.941426692272806	116.45534461931533	42.5477753715436	-0.0	24.23720637492758	96.27362408034321	65.91770940475138
6.780822696642542	6.790104591100387	122.49271047667405	19.951255252383966	116.61645393285083	42.60069727400258	-0.0	24.085647253402307	95.90764997091044	65.83104905291738
6.788828336510125	6.797996843618588	122.11299299925584	19.96099324617655	116.77656673020249	42.65331229079059	-0.0	23.938080421765523	95.54312214458886	65.7440955230265
6.796785274750364	6.805843241835269	121.73421804428136	19.970641226801412	116.93570549500727	42.70562161223513	-0.0	23.793338202248066	95.18002053291453	65.65685232210164
6.804694318977582	6.813643991190686	121.35726860934543	19.98019976262718	117.09388637955162	42.75762660793791	-0.0	23.650676804671157	94.81836056618423	65.56932303002625
6.812556077086234	6.821399316705245	120.98148757505294	19.98966940179354	117.25112154172467	42.80932877803497	-0.0	23.509625181788	94.45810755105849	65.48151111289943
6.820371031350064	6.829109458029915	120.6073002676582	19.999050705376494	117.40742062700126	42.86072972019944	-0.0	23.36988805045339	94.09929099680599	65.39342009773138
6.828139586425991	6.836774653846152	120.23444802122361	20.008344216744177	117.56279172851981	42.911831025641014	-0.0	23.231265866501115	93.74186552526272	65.30505341113843
6.835862095380364	6.844395158367786	119.86298617093024	20.017550489755994	117.71724190760727	42.96263438911858	-0.0	23.093644942145733	93.38587039437648	65.2164145278543
6.843538878595833	6.851971236257599	119.4930738172074	20.026670063072626	117.87077757191665	43.01314157505066	-0.0	22.95696743606118	93.03124858390812	65.12750683543858
6.8511702387595435	6.859503135723894	119.12435540061121	20.035703483180896	118.02340477519085	43.06335423815929	-0.0	22.82117569872077	92.6780495521555	65.03833375574312
6.858756462687595	6.866991122731828	118.75739652666557	20.044651284332097	118.1751292537519	43.11327415154552	-0.0	22.686256913923206	92.32620697408387	64.94889863912036
6.866297839388648	6.8744353899846535	118.39121987788806	20.053514005283628	118.32595678777295	43.16290259989769	-0.0	22.552093300852555	91.97578806751781	64.8592048529
6.873794631457421	6.881836265818074	118.02720454786149	20.06229217686094	118.4758926291484	43.21224177212049	-0.0	22.41879005523785	91.62670349015544	64.76925571544794
6.881247112262681	6.889193975920564	117.66374748462884	20.070986329474483	118.62494224525362	43.26129317280376	-0.0	22.286295758103442	91.27903337237271	64.67905453639553
6.888655548531545	6.8965087679207615	117.30254503340771	20.079596990238915	118.77311097063088	43.31005845280508	-0.0	22.154597983851037	90.93268789549822	64.5886046010243
6.896020206463213	6.903780874066034	116.94177498942375	20.088124682067676	118.92040412926424	43.35853916044023	-0.0	22.023662846500518	90.58774542058127	64.49790916597529
6.903341344091006	6.9110105645863715	116.58333906790996	20.09656992800682	119.0668268818201	43.40673709724248	-0.0	21.893521438095977	90.24411820755822	64.40697148161749
6.910629617312861	6.918422053764363	116.2252901360991	20.104933471906957	119.21259234625722	43.45434092057155	-0.0	22.068694529103112	89.90187738852879	64.31068023066344
6.919412383433439	6.935007512942652	115.86961869762986	20.113260651029538	119.38824766866878	43.431108775386434	-0.0	31.22011521961091	89.5609224326514	63.86460951746827
6.931426066460361	6.957785237918862	115.51422275546993	20.12170060596132	119.6285213292072	43.24603176539446	-0.0	40.5887695816997	89.22119203959653	62.95299806617006
6.946325462614287	6.984218853277373	115.16122616168698	20.130390134629014	119.92650925228574	42.90711072148217	-0.0	48.66556191438497	88.88248585112603	61.66813392993183
6.9636675710623726	7.012206505210262	114.80857841281167	20.13943337916007	120.27335142124744	42.43795590530898	-0.0	55.07888328790891	88.54475758025784	60.1226927326654
6.982913282923146	7.0406557292950795	114.45822930352641	20.14889381941115	120.65826565846291	41.87676729321159	-0.0	60.074145006365555	88.20787235959482	58.452227001474846
7.003528555292398	7.067862393322628	114.10832849757153	20.158788842155733	121.07057110584796	41.26090024189225	-0.0	63.41028999215625	87.87184640808402	56.801833534677336
7.024959396309851	7.092248030877579	113.76056077464328	20.169089224399123	121.49918792619701	40.62742911987342	-0.0	64.85013230890927	87.53667738312183	55.31048328044986
7.046590642055005	7.113425353088206	113.41334740117979	20.179723532864763	121.93181284110008	40.016261471995655	-0.0	64.63102536379165	87.2024242660524	54.09653163774154
7.067854071823099	7.130470492014284	113.0681896475902	20.19058680608059	122.35708143646197	39.457663863945704	-0.0	62.55818301348813	86.86916460183531	53.24649786833602
7.088150948027273	7.1432804702009	112.72372429367238	20.201552108624455	122.76301896054545	38.97963959495826	-0.0	58.69919195228915	86.5370179696411	52.80834603538433
7.1068631594394605	7.1521498478520575	112.38109200880461	20.212483547953845	123.1372631887892	38.60533060032136	-0.0	53.20167314838245	86.20610401152202	52.78961020729707
7.123383207506042	7.157254595439839	112.03933810289334	20.223249105947904	123.46766415012084	38.35065959364994	-0.0	46.01045257180469	85.8765348909524	53.15975544719764
7.137517504257506	7.1566002789620375	111.6992538683873	20.23373227623657	123.7503500851501	38.21373189894184	-0.0	34.535104155528906	85.54844003854173	53.855183416175
7.147621479542896	7.154572499347573	111.36018513073465	20.243841964467283	123.95242959085792	38.22296790877268	-0.0	20.843194040077176	85.22187773045499	54.78381152413002
7.161637644316823	7.15703513203927	111.02260622030835	20.25352237692466	124.04875717839609	38.410411423330444	-0.0	-0.0	84.89693100113801	55.83108911520991
7.816710286307492	7.151558079272042	110.68619284137401	20.262785775202236	124.04749309224718	38.70161223101514	-0.0	-0.0	84.57356837325035	56.62831756322981
9.50316044018492	7.1384683591078595	110.35112482551688	20.27166861424419	124.04749309224718	39.08718980577772	-0.0	-0.0	84.25177855760731	57.64549087936363
12.212704953999324	7.121385954362088	110.01732958201858	20.280055792217002	124.04749309224718	39.57057329129053	-0.0	-0.0	83.9315992310044	59.0207684257257
15.932137355025649	7.1017851591819126	109.68473442475988	20.2878453330525	124.04749309224718	40.13706905947945	-0.0	-0.0	83.61315703193067	60.66516467601133
20.643328920038034	7.081232421617499	109.3535198079365	20.294967013882076	124.04749309224718	40.766095184681625	-0.0	-0.0	83.29648636589883	62.47347218507024
26.323317035731794	7.061414043668553	109.0233154680452	20.301386756786066	124.04749309224718	41.43146520070108	-0.0	-0.0	82.98164987214803	64.32970407610206
32.94441711979135	7.044079571408447	108.69481378083408	20.307109193833323	124.04749309224718	42.101882181606925	-0.0	-0.0	82.66863650472865	66.11280634563357
40.47435755710781	7.031283845967961	108.36693999161999	20.31217833564266	124.04749309224718	42.744338303970245	-0.0	-0.0	82.35742439587115	67.70276112469627
48.87643699344978	7.024748681039644	108.04097895499757	20.316676190270943	124.04749309224718	43.323108063294335	-0.0	-0.0	82.04788385103772	68.98686154519903
58.10970321993329	7.025832153855047	107.7155445784052	20.320719362989966	124.04749309224718	43.8034120131528	-0.0	-0.0	81.73996998739895	69.86590671046575
68.12915277639532	7.035526294899576	107.3919896293917	20.324453696522884	124.04749309224718	44.15590813504909	-0.0	-0.0	81.4334954671196	70.26002470017603
78.88595030080133	7.053763350669611	107.06905855318172	20.328047032613377	124.04749309224718	44.35842233779741	-0.0	-0.0	81.12834965687469	70.11906808130485
90.3276665555452	7.06783848115783	106.7478515408718	20.331635474634464	124.04749309224718	44.4522565410522	-0.0	-0.0	80.82434299599167	69.7697451785728
102.39853397051466	7.079299743072481	106.4274019113261	20.33523852921327	124.04749309224718	44.52866495381654	-0.0	-0.0	80.52146642659008	69.42233309968984
114.17861932435328	7.090963547741509	112.96055837883445	20.338860724324352	123.11837742048839	44.606423651610065	331.0973951825876	-0.0	80.31937609158128	69.07684563096663
123.08497746667823	7.103256110056779	114.94084033416885	20.342730229437038	119.10910398916351	44.688374067045196	856.1380390601994	-0.0	81.68977622773778	68.7344715515101
128.51058191039854	7.11626641677425	115.53258720718422	20.347501889847322	112.44622881169524	44.77510944516167	1080.7495192176996	-0.0	84.96214092778403	68.39863226102626
132.04183595494928	7.130002514051623	119.0629167258697	20.353547468952943	105.19156810555825	44.86668342701082	1080.788013727559	-0.0	88.68209437141894	68.07124382097284
134.4204817556965	7.144440221427724	122.50843337388672	20.3609005871725	98.11933028374044	44.96293480951816	1035.4150638091376	-0.0	92.32752795721218	67.75243796996337
135.9340229914361	7.159538107210409	125.67919685021069	20.369511268061572	91.44973186023509	45.063587381402726	960.6947239941978	-0.0	95.76458033374917	67.44190720495692
136.90617093622606	7.175243986679413	128.55782353084516	20.379290930098456	85.34953757996225	45.16829324452942	866.8052067704033	-0.0	98.88830516818994	67.13914300543405
137.61940467287263	7.191499059808605	131.1062815455816	20.390124524999436	79.90516675371572	45.27666039872403	765.6246348284475	-0.0	101.64048946673238	66.8435006238471
138.2798288083029	7.208241434501844	133.33002408933746	20.401885323898252	75.13068917469205	45.388276230012295	667.4446978640932	-0.0	104.00513481565586	66.55427741415421
138.99333081919286	7.225409406973028	135.25683171373615	20.41444763195483	70.97945801913632	45.50272937982019	579.9007841787286	-0.0	106.00199055323397	66.27077987449869
139.77017609475214	7.242944380870228	136.91163689776837	20.42769702143506	67.36540016810866	45.61962920580152	507.2164505697142	-0.0	107.6770763779083	65.99237730862018
140.5574813440224	7.260793121506485	138.32340311048432	20.441536464559324	64.18959601475383	45.73862081004324	448.40499664747983	-0.0	109.08737647419007	65.71853367800118
141.29238197119977	7.278909038061395	139.51913235742614	20.455887212547903	61.36708257771742	45.85939358707597	399.49025675180945	-0.0	110.2849838135675	65.44881170721753
141.94312696220436	7.297252347372844	140.511506544441	20.4706853409331	58.84064578855991	45.98168231581896	358.95102395550003	-0.0	111.3074363710823	65.18285422331591
142.50231615425304	7.315789255576642	141.35209330523261	20.485876787465845	56.57208299705062	46.105261703844285	321.7453285004121	-0.0	112.17795265189525	64.92035768790615
142.98303988714576	7.334490572025431	142.0496726393947	20.50141369271205	54.53688335354971	46.22993714683621	289.8328005895763	-0.0	112.91209480924837	64.66105271116452
143.38746110491465	7.353330291250599	142.63609432646453	20.517252922588696	52.710289834017374	46.355535275003994	260.04424635148297	-0.0	113.52345974658917	64.40469612120825
143.7173356809738	7.372284569878139	143.1116975090928	20.533355775855178	51.07110853164376	46.48189713252093	233.46827508098343	-0.0	114.02515254973397	64.15106929201112
143.9722064191327	7.391331248834666	143.4893667934245	20.549687637771367	49.60051583740845	46.60887499223111	208.4599873206818	-0.0	114.42855165515014	63.899976195508394
144.15774534777879	7.410449785031324	143.772690175896	20.566217262038084	48.28443081848786	46.73633190020883	186.158441843099	-0.0	114.74263995677252	63.651239513103555
144.2797222510413	7.429621316792295	143.96895148479786	20.58291607304128	47.11089233981299	46.86414211194863	167.24045252841958	-0.0	114.97469654187451	63.40469687522456
144.34246714548394	7.448828654558916	144.08804875773006	20.599757752290724	46.06929364301725	46.992191030392775	151.3197108702252	-0.0	115.13100362381157	63.16019861245558
144.3417701038144	7.46805612795395	144.14679599905023	20.616718000683793	45.14801706602589	47.12037418635967	132.46761652863185	-0.0	115.21776298661393	62.9176064415908
144.2506534308661	7.487289283087701	144.10605383265496	20.633775191347716	44.33017110102906	47.248595220584676	114.07876155972983	-0.0	115.2459242356529	62.676796836970276
144.19414699409378	7.506514438415217	143.92485295047007	20.650909251064455	43.64594202612604	47.376762922768116	155.68064724343387	-0.0	115.20707095811275	62.43765506109544
144.07850631534845	7.52571799777205	144.00366297443568	20.668095713068883	43.06029424590498	47.50478665181367	82.07253305551609	-0.0	115.09429550853092	62.20004391706413
143.84600911903428	7.544887762346856	143.6186535758675	20.685316707734025	42.55130302069554	47.632585082312374	143.0454434262376	-0.0	114.95119872438478	61.96386160035792
143.54425892781794	7.564012863736678	143.44593784630177	20.70256124482327	42.12890264889304	47.76008575824452	94.06857783795029	-0.0	114.7595144840442	61.7290429021724
143.27564091622602	7.583083106837471	143.18828476226517	20.719808340000228	41.81903192952806	47.88722071224981	88.66822348776874	-0.0	114.50227558669572	61.49547049613435
142.89909488517483	7.602088605666118	142.8434447772369	20.73704056245719	41.578374018650585	48.013924037774125	70.77082530544794	-0.0	114.20528349398931	61.263046358918835
142.4078627669398	7.621018790970062	142.48022449473413	20.754246032344888	41.40623626119158	48.14012527313375	-0.0	-0.0	113.87248840599014	61.031702103146294
141.41893554724138	7.6398632602759	141.86360393762715	20.771410283913397	41.3728178984375	48.265755068505996	-0.0	-0.0	113.4826364717858	60.80135610864916
139.20808891180903	7.658614082679434	141.84664719408093	20.78850865312024	41.3728178984375	48.39076055119623	-0.0	-0.0	113.0242177156524	60.5718736496864
135.70142078296752	7.677264179059219	141.00636780148173	20.805539813604973	41.3728178984375	48.515094527061464	-0.0	-0.0	112.60849821096173	60.343243324258474
130.96721464748416	7.695799445516918	140.912844501106	20.82250437113892	41.3728178984375	48.63866297011278	-0.0	-0.0	112.1591789858836	60.115463769404975
125.097657188022	7.714220046696926	140.15432914204055	20.83940174382433	41.3728178984375	48.76146697797951	-0.0	-0.0	111.74136571422281	59.88852752224014
118.20704318081444	7.732529484912473	139.98928357037323	20.856233372178174	41.3728178984375	48.88352989941649	-0.0	-0.0	111.30012162667884	59.66243766714694
110.42954989416494	7.7507228530367085	139.30462258484303	20.87299814478178	41.3728178984375	49.004819020244724	-0.0	-0.0	110.88150098047514	59.437183967595224
101.91662432573725	7.768803786205715	139.07771317535017	20.889697812393024	41.3728178984375	49.12535857470477	-0.0	-0.0	110.44711844826999	59.21277118888078
92.83403415557369	7.78677390319896	138.4561773123642	20.90633111352629	41.3728178984375	49.245159354659734	-0.0	-0.0	110.02873462145755	58.98918832264102
83.35863984006997	7.804630564157429	138.17855614462007	20.922899821427702	41.3728178984375	49.364203761049524	-0.0	-0.0	109.60023252729572	58.766440296013755
73.67495070219864	7.822377307486444	137.6088973331461	20.939402737635913	41.3728178984375	49.48251538324296	-0.0	-0.0	109.18290750925065	58.544516453987335
63.97153207942729	7.840014341111727	137.29144865929112	20.95584150473971	41.3728178984375	49.60009560741152	-0.0	-0.0	108.75951625895722	58.323421075906296
54.437333491007266	7.857540660267643	136.76320988411752	20.97221509290218	41.3728178984375	49.716937735117625	-0.0	-0.0	108.34387540175352	58.103144418646146
45.25800932430064	7.874959128184401	136.41572243051453	20.988524946075465	41.3728178984375	49.833060854562675	-0.0	-0.0	107.92500429138013	57.88368975319722
36.61230368545999	7.892269383183954	135.91986594171922	21.004770274959938	41.3728178984375	49.94846255455969	-0.0	-0.0	107.51150953918274	57.66405397916913
28.668569810345286	7.90947152023849	135.55053260840896	21.02087630173577	41.3728178984375	50.063143468256605	-0.0	-0.0	107.09675694288542	58.09594826682707
21.581491811342445	7.926567627559572	135.07955771811967	21.036586687352035	41.3728178984375	50.17711751706381	-0.0	-0.0	106.6860348599941	59.15003288498472
15.489072595761577	7.943557288776961	134.69502187595037	21.05176935120085	41.3728178984375	50.29038192517974	-0.0	-0.0	106.27570155364253	60.498240045804216
10.509946608495133	7.960441221740205	134.24298087180736	21.066347214183196	41.3728178984375	50.40294147826803	-0.0	-0.0	105.86858000997215	62.03614089673257
6.8055658768115075	7.923065027321765	133.84845650216073	21.080272014737034	41.82637297748729	50.15376684881176	-0.0	264.27958094959035	105.46278958071896	63.69088548943995
4.4937910785634125	7.758157611180002	133.41073063118367	21.093517156973284	44.32355656738496	49.05438407453335	-0.0	451.68895081520077	105.05962636221051	65.39273968433336
3.4262479969776254	7.616036615457742	133.01017573417147	21.106080879509957	47.586751088744286	48.10691076971828	-0.0	511.72432876990257	104.65831978596624	67.06302966975025
3.4987405017809934	7.501637240389021	132.5832634023788	21.117988638907605	50.97481003561987	47.34424826926014	-0.0	500.18101339715184	104.25922998411835	68.61022535084244
3.6627046204219	7.401844973769156	132.17958777664379	21.12929044173433	54.25409240843799	46.67896649179437	-0.0	483.4214228643612	103.8622099201509	69.9934535910204
3.8211055153697617	7.307303944589996	131.76097516535046	21.140039681961834	57.42211030739523	46.048692963933306	-0.0	466.7841062271343	103.46708672766331	71.21550004369165
3.9739696513767697	7.216937284980581	131.35627156241705	21.150289012856874	60.47939302753539	45.44624856653721	-0.0	450.20603849819497	103.07406954908011	72.28042125561161
4.121315740542058	7.1306175325773244	130.9441285735975	21.160089246281036	63.426314810841156	44.8707835505155	-0.0	433.6834813573191	102.68273585278641	73.19277480728279
4.263162735891015	7.048315647862963	130.53985937483424	21.16948994788303	66.2632547178203	44.32210431908642	-0.0	417.2194350677432	102.29346360454694	73.9577760416217
4.39953080362588	6.97001112700479	130.13289866387234	21.178538539936504	68.9906160725176	43.800074180031935	-0.0	400.81793898375093	101.90573504483946	74.5815026983457
4.5304415442542005	6.895683186263018	129.7300938531582	21.187280518445913	71.608830885084	43.30455457508679	-0.0	384.4835531275052	101.51997929679509	75.07118064666822
4.65591817259938	6.82531028097791	129.32744842398716	21.19575857564125	74.1183634519876	42.83540187318607	-0.0	368.2214099881458	101.13567374662334	75.4355579728441
4.775985708580974	6.758868936400614	128.9267356152828	21.20401239766612	76.51971417161948	42.39245957600409	-0.0	352.0372164114577	100.75323607067463	75.68537754713603
4.890671190273192	6.696334023445913	128.527848846677	21.212077636141043	78.81342380546383	41.97556015630609	-0.0	335.9373856439546	100.37218579644014	75.83387333037871
5.00000393058482	6.637678951726705	128.12963697840146	21.219985282046	81.0000786116964	41.5845263448447	-0.0	319.92919344968783	99.99290131068777	75.89705985075338
5.104015818438635	6.582874372146049	127.73409851452175	21.227760610688236	83.08031636877269	41.219162480973665	-0.0	304.020821008551	99.61496692803175	75.89330855646709
5.202741657693922	6.531888725511577	127.33867687759479	21.235422806836112	85.05483315387843	40.879258170077186	-0.0	288.22160179036456	99.2387105285284	75.84166551488391
5.296219582577898	6.484687730054263	126.94626393713683	21.2429850514035	86.92439165155795	40.56458486702842	-0.0	272.542215477296	98.86379200783803	75.75916363343052
5.384491534757855	6.441233894911021	126.55375707009298	21.250455665665257	88.68983069515708	40.27489263274014	-0.0	256.99493673917567	98.49048755909352	75.65864076399733
5.467603858348752	6.40148539122469	126.16430560410292	21.25783951972591	90.35207716697502	40.0099026081646	-0.0	241.59386541207155	98.11852536318838	75.54834941335763
5.5456079774884	6.365396284966039	125.77477088138995	21.265139434720734	91.91215954976799	39.76930856644026	-0.0	226.35540465681933	97.74813062377278	75.43298838883531
5.618561216120333	6.332916038613308	125.38822679162486	21.27235707830888	93.37122432240666	39.552773590755386	-0.0	211.29878467660657	97.37908712332273	75.31503173404303
5.686527837561761	6.303987391813558	125.00169577484277	21.279493544067897	94.73055675123521	39.35991594542372	-0.0	196.4464867100893	97.01157480072051	75.1957254637117
5.74958027929729	6.278545143167598	124.61798695210871	21.28654962492091	95.9916055859458	39.190300954450656	-0.0	181.82492676169088	96.64542214274773	75.0756827007047
5.807800576036105	6.2565176304835814	124.23443726770226	21.293525974226398	97.1560115207221	39.04345086989054	-0.0	167.46586488884014	96.28076973036491	74.95520211391373
5.86128231880421	6.237820734691488	123.85354725969944	21.300423172126887	98.22564637608419	38.918804897943254	-0.0	153.40681534063245	95.91748143125517	74.83442902853122
5.910132828810367	6.222359136238201	123.4729480473109	21.307241763157325	99.20265657620733	38.81572757492134	-0.0	139.69303566835262	95.55566799028537	74.71343466461904
5.954476030123065	6.210020798275271	123.0948652826187	21.313982274826778	100.08952060246128	38.733471988501805	-0.0	126.37858999653737	95.19521907981678	74.59225464450074
5.994455635249269	6.200679622641528	122.71719849521133	21.320645221488043	100.88911270498537	38.67119748427685	-0.0	113.52972831825237	94.83622231654877	74.47090750901707
6.030239643249807	6.194180894580293	122.34189978508168	21.327231114939558	101.60479286499613	38.627872630535286	-0.0	101.22414834492486	94.47858894701601	74.34940365471269
6.062024412702581	6.190353252028608	121.96713573563035	21.333740457824323	102.24048825405161	38.602355013524054	-0.0	89.5575371360596	94.1223872041161	74.22774954467684
6.090040820619157	6.188985066793186	121.59460785471362	21.34017375442526	102.80081641238313	38.59323377862124	-0.0	78.63851083201422	93.7675455657522	74.10594979794436
6.114558755133205	6.189835838467182	121.22270836866844	21.346531500130915	103.29117510266408	38.59890558978122	-0.0	68.59167375398862	93.41411729703437	73.98400810121952
6.135890856479828	6.192634880025053	120.85294182622962	21.35281419357703	103.71781712959655	38.61756586683369	-0.0	59.55251020382378	93.06204437960585	73.86192773446136
6.154394461670917	6.197064611461423	120.4838757070326	21.359022323940945	104.08788923341834	38.64709740974282	-0.0	51.64188573151252	92.71136810615629	73.73971172391252
6.170463391830224	6.202800929719896	120.11685699544857	21.365156384573677	104.40926783660447	38.68533953146597	-0.0	44.95660260856541	92.36204096304209	73.61736301765369
6.184513388544847	6.209519727753152	119.75060315016098	21.371216858780663	104.69026777089694	38.73013151835435	-0.0	39.533482018652	92.01409409928482	73.49488446065841
6.196958561018157	6.216913595329026	119.38632028004656	21.377204234835844	104.93917122036312	38.77942396886017	-0.0	35.31557226535236	91.66749004987332	73.37227889722932
6.208180664219975	6.224734450576614	119.02283681456838	21.38311899026803	105.16361328439949	38.831563003844096	-0.0	32.1653796385176	91.32225173502158	73.24954909951263
6.218505434595537	6.232799752302425	118.66125156427658	21.388961608403402	105.37010869191073	38.885331682016165	-0.0	29.889711552313383	90.9783504212665	73.12669785972427
6.228189356967671	6.240999090144092	118.30055056072669	21.39473256069609	105.56378713935341	38.939993934293945	-0.0	28.295022946205528	90.63579572785302	73.0037278995216
6.237425796779834	6.249245116956416	117.94166159004298	21.400432326122143	105.74851593559667	38.99496744637611	-0.0	27.179174215497884	90.29457488048965	72.880641973993
6.246349597318239	6.257499287466803	117.58369638821974	21.406061370007116	105.92699194636477	39.04999524977869	-0.0	26.398023302612778	89.95468498061544	72.7574427599606
6.255053048523043	6.26573725498064	117.22744625631117	21.411620166469547	106.10106097046085	39.104915033204264	-0.0	25.84110879199695	89.61612326937828	72.63413297495795
6.263597270196558	6.273946649850528	116.87228646473791	21.41710917535855	106.27194540393116	39.15964433233685	-0.0	25.43297521669618	89.27887180592802	72.51071525556493
6.272022480245877	6.28211852448301	116.51854048097937	21.422528865807372	106.44044960491753	39.2141234965534	-0.0	25.119768406989927	88.9429532532803	72.3871922821759
6.280354389363393	6.290249625116887	116.16619453649395	21.42787969269057	106.60708778726786	39.26833083411258	-0.0	24.868699897529662	88.60832038520476	72.26356665421152
6.288609647271913	6.298337205905725	115.81502673341264	21.433162119121242	106.77219294543825	39.3222480393715	-0.0	24.657096637951927	88.27501709797818	72.13984100944978
6.296798877395351	6.306380012465303	115.46544685250662	21.438376595936678	106.93597754790702	39.37586674976869	-0.0	24.470818169240374	87.9429829481927	72.01601791553294
6.304928907707846	6.31437728615153	115.11671908945104	21.44352357984742	107.09857815415691	39.42918190767687	-0.0	24.30069243314413	87.61227822695119	71.89209996592469
6.313004113653958	6.322328854449557	114.76989605868278	21.448603518411886	107.26008227307915	39.48219236299705	-0.0	24.141174365075194	87.28282343543862	71.76808970034106
6.32102736459512	6.330234592208266	114.423738297552	21.45361686126434	107.4205472919024	39.534897281388446	-0.0	23.988574901849205	86.95468932781563	71.64398966452053
6.329000557818182	6.3380945489823945	114.07956631675421	21.458564052665917	107.58001115636362	39.587296993215965	-0.0	23.840605020915664	86.62779579320582	71.5198023705694
6.336924983548942	6.345908859515507	113.73594294819189	21.463445535757774	107.73849967097883	39.63939239677005	-0.0	23.695827647717977	86.30221252450418	71.39553031973657
6.344801547297011	6.353677732109247	113.3943931334673	21.468261751389644	107.89603094594021	39.691184880728315	-0.0	23.553376631913775	85.977860773388	71.27117599585979
6.352630920620217	6.361401368022304	113.05330197295113	21.473013135859382	108.05261841240433	39.74267578681536	-0.0	23.412666713350784	85.65480516607398	71.14674185406699
6.360413620286559	6.369080023303121	112.71445289065471	21.47770012779564	108.20827240573118	39.7938668220208	-0.0	23.273379396535457	85.33297406916442	71.0222303562194
6.368150077399619	6.376713907241009	112.37576030598906	21.48232315506868	108.36300154799238	39.84475938160673	-0.0	23.135240761376792	85.01242967789686	70.89764390333515
6.375840656791908	6.384303282728572	112.03948544275076	21.48688265468505	108.51681313583815	39.89535521819048	-0.0	22.998132990342967	84.69310045953972	70.7729849389508
6.383485685883677	6.391848418892035	111.70339224318262	21.49137904755895	108.66971371767355	39.945656125946904	-0.0	22.861994948437342	84.3750405663781	70.64825581714658
6.39108547291312	6.3993495537264735	111.3695882999595	21.495812767000913	108.82170945826239	39.995663691509826	-0.0	22.72674747592833	84.05819468654896	70.52345895241264
6.398640310175762	6.406806930084953	111.0360593268103	21.500184228579904	108.97280620351523	40.045379533899684	-0.0	22.592338177453495	83.7426017218989	70.39859666112334
6.406150477345472	6.41422080894528	110.70466747776109	21.504493861104574	109.12300954690943	40.09480539296853	-0.0	22.45875608728152	83.42822085081696	70.27367132434073
6.413616244683283	6.421591466027596	110.37373046948728	21.508742075077258	109.27232489366564	40.14394310685064	-0.0	22.326023694773788	83.11507185427256	70.14868522195664
6.4210378864732185	6.428919117962709	110.04478058259859	21.512929295027973	109.42075772946436	40.1927941197514	-0.0	22.194075067305317	82.80313396766498	70.02364070326458
6.428415669833179	6.436204004929072	109.71639319720109	21.517055926423453	109.56831339666358	40.241360032860484	-0.0	22.062886109784202	82.49241147654674	69.89854001237451
6.4357498494320575	6.443446428147348	109.38977927851634	21.521122389298462	109.71499698864115	40.28964285431565	-0.0	21.93253678227005	82.182901263724	69.7733854651077
6.443040693720425	6.450646582394705	109.06397881007992	21.525129084246434	109.86081387440849	40.33764388263137	-0.0	21.802936548604816	81.87458249466206	69.64817927085994
6.450288457637023	6.457804736668598	108.7397069132902	21.52907642663584	110.00576915274046	40.385364911123986	-0.0	21.674119116434973	81.56747689357775	69.52292371178926
6.457493400138262	6.464921119654109	108.416434587824	21.532964813148478	110.14986800276522	40.43280746436073	-0.0	21.54605462121726	81.26154701385266	69.39762096734601
6.464662517912071	6.4723574246228885	108.09448168329196	21.536794774118118	110.29325035824142	40.47974684131332	-0.0	21.93015434113695	80.95682644339266	69.26311216251446
6.4733534984887635	6.488284428561943	107.77373378885416	21.540619685924383	110.46706996977527	40.45572758520684	-0.0	30.548046248062164	80.65323751775351	68.73638177286004
6.48506168908722	6.509750810169635	107.45412278284724	21.54460167281689	110.70123378174439	40.28134416183712	-0.0	39.281930548929495	80.35068781751261	67.70803660882548
6.499468332538832	6.534493120267416	107.13586133687073	21.548888162708234	110.98936665077663	39.96496848277494	-0.0	46.78727640113792	80.04897761825052	66.27767384927755
6.516129585833398	6.560965003661143	106.81853482151385	21.553591180548135	111.32259171666796	39.53128926534754	-0.0	52.93593877729997	79.74804868967004	64.56700172659112
6.534581001921243	6.587378900756703	106.50274052265604	21.558778877350527	111.69162003842486	39.01078880069289	-0.0	57.44448343589023	79.44777034737542	62.72203308759903
6.554290396795248	6.61249675300566	106.18766559312755	21.56446979425383	112.08580793590495	38.440266197382485	-0.0	60.31498373663649	79.1481755386074	60.89901765791609
6.574686852563493	6.635585949847305	105.87448327894111	21.570632227195805	112.49373705126986	37.85832527335949	-0.0	61.69435614574646	78.84917701432116	59.24788293109203
6.595242786044271	6.655360509508999	105.56162820686839	21.57718885863091	112.90485572088542	37.2960154292286	-0.0	61.29728963457933	78.55095432536909	57.89687198165136
6.615383296417896	6.67152942675905	105.25085081582583	21.584025896958725	113.30766592835792	36.78450349890614	-0.0	59.237936715605805	78.25350870493152	56.94057753307323
6.634540979866858	6.683957086076469	104.94033888441301	21.591005341059123	113.69081959733715	36.34919364745	-0.0	55.574334346896805	77.95703728696799	56.432680678490264
6.652204169270398	6.692129525640771	104.63193397305714	21.597978786716705	114.04408338540796	36.00685524210785	-0.0	49.95332594681098	77.66160337254402	56.38377517287186
6.667773998015938	6.6968418286403315	104.32377522198313	21.604801167112587	114.35547996031875	35.775688078245366	-0.0	42.62322622731185	77.36740639066817	56.76368506812186
6.680514204101541	6.699166174997038	104.01766307203474	21.611343222344914	114.6102840820308	35.66999036833192	-0.0	34.143054651987356	77.0745001785378	57.506677907686786
6.690235955208245	6.697303990801089	103.7118952270457	21.617502148183842	114.8047191041649	35.68338029970422	-0.0	21.017902477476845	76.78304698495585	58.51656918667502
6.7090597280980315	6.697267326643239	103.40801114086983	21.62321153460636	114.91504252232703	35.8486232521838	-0.0	-0.0	76.493056769329	59.66367218478487
7.347471417877144	6.693572532361851	103.10462860968536	21.62847477012932	114.91504252232703	36.130265989444226	-0.0	-0.0	76.20458488022808	60.60128075358973
8.94047547725884	6.681967264961814	102.80297349724458	21.633339049804626	114.91504252232703	36.49408402867906	-0.0	-0.0	75.91754146629569	61.682697552903285
11.480307514643732	6.666595085222525	102.50192912505551	21.63769395526161	114.91504252232703	36.94751811220022	-0.0	-0.0	75.63202572265162	63.14605439070142
14.954588245485253	6.649252570397134	102.2025048352351	21.641430991999226	114.91504252232703	37.47932565220833	-0.0	-0.0	75.34810218020293	64.89466793082386
19.346383829620503	6.630835182049246	101.90370823498819	21.644475953327834	114.91504252232703	38.06703404803823	-0.0	-0.0	75.06587627906188	66.81518982566973
24.634288407761133	6.613108026506814	101.60651234613675	21.64679353391476	114.91504252232703	38.68739357788906	-0.0	-0.0	74.78536957577369	68.78292380299267
30.792528434861357	6.597875465794768	101.3099928949852	21.64839000537473	114.91504252232703	39.312423153227606	-0.0	-0.0	74.50657854322029	70.6679739922531
37.79108830182542	6.586829512602878	101.01495170716348	21.649313853067625	114.91504252232703	39.91016507040668	-0.0	-0.0	74.22945970557117	72.34180337499106
45.59585663328121	6.581580561962868	100.72068550255561	21.64965420863236	114.91504252232703	40.44761606830693	-0.0	-0.0	73.95393122427753	73.68396569159596
54.16879254834648	6.5834964704856835	100.42778855147152	21.64953714095073	114.91504252232703	40.89340302040519	-0.0	-0.0	73.6798880993642	74.58873962516367
63.46811107402702	6.593381862445836	100.13575275375989	21.649119809670236	114.91504252232703	41.219854959429185	-0.0	-0.0	73.40717183724315	74.97135004891945
73.4484868075295	6.611153916008135	99.84495786507303	21.648582590901057	114.91504252232703	41.407692773387566	-0.0	-0.0	73.13562455897494	74.78219040647132
84.06127483483543	6.624947552309266	99.5551312878614	21.648067337147538	114.91504252232703	41.49965034872844	-0.0	-0.0	72.86508092766502	74.38684222361199
95.25474782874696	6.636758566991384	99.26644357326663	21.647592465594013	114.91504252232703	41.57839044660923	-0.0	-0.0	72.59550902711187	73.99378178222204
106.21131055159262	6.648972700840563	105.21665792485466	21.647161337280064	114.09483023191517	41.65981800560375	299.19681884407856	-0.0	72.40905102436405	73.60301476486391
114.48040669575764	6.6619056617888175	107.40123384473723	21.646976775788612	110.40083106436047	41.74603774525878	798.2014511336322	-0.0	73.65525167360487	73.2155948657249
119.38966868982864	6.675601622083517	107.81768377033818	21.64765362262903	104.13738770414001	41.83734414722345	1020.5286094736108	-0.0	76.7375195659339	72.83473232586768
122.48199863428506	6.690050337276796	111.02833044064997	21.649558323351506	97.29714471804533	41.93366891517864	1015.2980534932383	-0.0	80.27037379967861	72.46231522515869
124.56101667360588	6.705220137412915	114.26013784207446	21.65272006805353	90.6874250735011	42.0348009160861	962.84946634343	-0.0	83.7000181217	72.0984520483315
125.91548206852295	6.721065923683094	117.19846617449993	21.657079863806672	84.51228447539154	42.140439491220626	885.7377887738966	-0.0	86.90002005188136	71.74278811884858
126.84147725018488	6.737533116636718	119.84826411812502	21.662545123244303	78.90963821998686	42.25022077757812	793.3405207635544	-0.0	89.78230850352982	71.39479429909639
127.58722951553744	6.754560945835503	122.19002752051378	21.66900161722533	73.94193700276561	42.363739638903354	696.9563684708891	-0.0	92.30201043369347	71.05383065795365
128.31669143151888	6.772085697494023	124.2374662107651	21.676327624585443	69.60204027330857	42.48057131662682	605.9127576374666	-0.0	94.45547457318675	70.71922132688663
129.09828324823013	6.790043917408112	126.00332696983442	21.684406038771055	65.8303364194953	42.60029278272075	527.7746347216909	-0.0	96.2719422557338	70.3903182342819
129.91342883369921	6.808375334066581	127.52201022536946	21.693133225718903	62.5353773188913	42.722502227110546	463.92636781032206	-0.0	97.8012129340675	70.06654744832231
130.70397166396924	6.827025157055781	128.8206026882659	21.70242315087106	59.62494259224532	42.846834380371874	411.7076727646709	-0.0	99.09780647460423	69.74743043958189
131.42186639225025	6.845945416988843	129.91473465734904	21.71220639065276	57.02812043646596	42.97296944659229	368.29588124374766	-0.0	100.20673578327468	69.43257838031751
132.04868239347337	6.865095176245679	130.83620080795797	21.722425814022863	54.69846297477793	43.10063450830452	330.3382246976369	-0.0	101.15781922803426	69.12166900033914
132.5926962679378	6.884439725792004	131.60373490574145	21.733032028468816	52.607538353256224	43.22959817194669	298.33960950177686	-0.0	101.96933322938055	68.81442233489138
133.05922716868454	6.903949174270072	132.26005411085137	21.743980752647737	50.7301700513502	43.35966116180048	268.1894390258228	-0.0	102.65492655243469	68.51058671595734
133.4507567135328	6.923596974762099	132.81758894788484	21.755232084058147	49.04396980525189	43.490646498413994	238.71551878400336	-0.0	103.22765585536169	68.20993478246369
133.7740717431835	6.943358837498795	133.2513594790224	21.766750347380786	47.53139618811529	43.62239224999197	216.8965278064613	-0.0	103.69979139160549	67.91226255636755
134.02115385243485	6.963212201642603	133.61581806969187	21.778503589679847	46.17249408217307	43.754748010950685	190.99795927409346	-0.0	104.08140553966918	67.61738666895316
134.20936252828682	6.983136146556935	133.86968335555127	21.79046281044712	44.95848687942944	43.88757431037956	174.84600523374536	-0.0	104.38036014552863	67.32514021085223
134.33375659415162	7.003111464817937	134.06089239225565	21.802601399068532	43.87489729364759	44.02074309878625	156.70921533412556	-0.0	104.6033488654189	67.03536969352076
134.40141344567755	7.023120648852562	134.1758199828461	21.814894880580013	42.91303143000855	44.15413765901708	142.49004054610603	-0.0	104.75653393749285	66.74793364463828
134.48913663795386	7.0431476991674975	133.93945880702225	21.827320687961645	42.087044439656054	44.287651327783315	222.42078316525476	-0.0	104.84513984016216	66.46270134936778
134.4155182610475	7.063177822927106	134.19593174946257	21.83985691928049	41.33274238796773	44.421185486180704	140.58017656356895	-0.0	104.86783306523448	66.17954626483223
134.2960414864905	7.0831971581122355	134.20276283464943	21.852483727868922	40.67928034274135	44.554647720748235	91.62466188585232	-0.0	104.83990692886266	65.89835331556596
134.15480484878753	7.103192600026373	133.9339035537707	21.865185788406695	40.12774478336936	44.68795066684249	141.0004133026379	-0.0	104.76818812297465	65.61903175794151
134.02715233273196	7.123151714181472	133.8563491405729	21.877944006299117	39.68320641898811	44.821011427876485	123.9850285087531	-0.0	104.62693523497005	65.34147151045437
133.79330328333083	7.143062853744483	133.65199728647303	21.890738375320343	39.30667445293154	44.953752358296555	112.77206975666266	-0.0	104.4435241554195	65.06555832857276
133.41765200596572	7.162915078466257	133.4017874174669	21.903558423845343	38.98515771901248	45.086100523108385	37.786412437470155	-0.0	104.23297827434662	64.79122860676253
133.0553702676747	7.182697873493394	133.06965454013812	21.916391918741855	38.76085767860689	45.2179858232893	-0.0	-0.0	103.97540079523556	64.51840979975007
132.68630289552277	7.202400736858265	132.71976280779944	21.929221034525952	38.63030269771641	45.34933824572177	-0.0	-0.0	103.66318005204003	64.2470003969152
131.76499145153542	7.22201365584472	132.24768074085685	21.94202878289408	38.611152310370095	45.4800910389648	-0.0	-0.0	103.29840660974554	63.97690382423702
129.66435710597025	7.241526642927185	132.08909989081204	21.954795324616985	38.611152310370095	45.610177619514566	-0.0	-0.0	102.88744986485477	63.70800904625771
126.3582880947666	7.260926282322214	131.44412845604347	21.967521827142136	38.611152310370095	45.73950854881476	-0.0	-0.0	102.50858583004681	63.44031594778177
121.91116174457403	7.280205770972568	131.25913073617522	21.98020707736427	38.611152310370095	45.868038473150456	-0.0	-0.0	102.10446724610807	63.17381180010276
116.40957458580911	7.299368125250932	130.65120382901625	21.992851865475508	38.611152310370095	45.99578750167288	-0.0	-0.0	101.72491962910867	62.908494553237425
109.96065610439452	7.318411347958899	130.43311325022893	22.005456055339053	38.611152310370095	46.122742319725994	-0.0	-0.0	101.32706028520276	62.64435722227519
102.68998266616049	7.337335402744829	129.8651072278456	22.01801964385288	38.611152310370095	46.24890268496553	-0.0	-0.0	100.94755455309979	62.38139362875061
94.73913223493479	7.356143376928194	129.6138083040541	22.03054307301337	38.611152310370095	46.37428917952129	-0.0	-0.0	100.55522225883799	62.119599902071364
86.26292750002249	7.3748338935415125	129.08374811825428	22.043025933540846	38.611152310370095	46.49889262361008	-0.0	-0.0	100.1764009374927	61.858967775180254
77.42642109616791	7.393408063384537	128.80257769712787	22.055468938241614	38.611152310370095	46.62272042256358	-0.0	-0.0	99.78896009373875	61.59949487085775
68.40168162123229	7.411867806228821	128.3061576984793	22.06787151258856	38.611152310370095	46.745785374858805	-0.0	-0.0	99.41136041489492	61.34117210345494
59.364443035734965	7.430212247146471	127.99993966795915	22.080234453841452	38.611152310370095	46.868081647643145	-0.0	-0.0	99.02828380864212	61.08399760536415
50.49068268874077	7.448442875518926	127.53202461324754	22.092557163924436	38.611152310370095	46.989619170126176	-0.0	-0.0	98.65233600057233	60.82796221957721
41.9531946043627	7.4665607938043665	127.20591243339989	22.104840419001466	38.611152310370095	47.110405292029114	-0.0	-0.0	98.27320031341559	60.573064030129686
33.91822475547936	7.4845656780912515	126.76138634147354	22.117082830764197	38.611152310370095	47.23043785394168	-0.0	-0.0	97.89923636215019	60.359966303141405
26.54223384415422	7.502459022444073	126.42020688553875	22.129140660175633	38.611152310370095	47.349726816293824	-0.0	-0.0	97.5237964959225	61.03870544883314
19.968850625456547	7.520241460868093	125.99450665328192	22.140770104147514	38.611152310370095	47.46827640578729	-0.0	-0.0	97.1524672668876	62.186371133625414
14.326075100962722	7.5379131315304795	125.64246684395341	22.151858939147655	38.611152310370095	47.58608754353653	-0.0	-0.0	96.78114793662492	63.60250948520306
9.723786042686466	7.55547535804922	125.23166511573858	22.162335549592328	38.611152310370095	47.70316905366147	-0.0	-0.0	96.41318902019299	65.19816976366299
6.324218665490862	7.512039628508701	124.87225797698348	22.172153843436124	39.131225999877586	47.41359752339134	-0.0	272.4679984670034	96.04611639570678	66.90528486744377
4.214730829499656	7.35368738200913	124.4731840986227	22.181288774137162	41.61280624041763	46.357915880060865	-0.0	442.9275161150435	95.68184233444768	68.6556827684033
3.264433539692849	7.218239312056251	124.1091766920879	22.18973960075558	44.79556431898247	45.45492874704167	-0.0	497.1044767176339	95.31897734944295	70.37089056883372
3.353987683080819	7.109469265299265	123.71930518102533	22.197533007177714	48.07975366161638	44.7297951019951	-0.0	484.47662367616135	94.95848223755885	71.95987647670064
3.5127318228863587	7.014290061253575	123.35285470960804	22.204719400975577	51.254636457727166	44.095267075023834	-0.0	467.8112759414324	94.5996367147702	73.38451115481215
3.665943496005009	6.924203561297179	122.97026456839937	22.21135226935262	54.31886992010018	43.49469040864786	-0.0	451.2662784662295	94.24280688072751	74.64770018916602
3.813649750769034	6.838246256880519	122.60296250536777	22.21748427777133	57.27299501538067	42.9216417125368	-0.0	434.7841782217562	93.88770372532386	75.75335991716418
3.9558707124882724	6.756301995366246	122.22622168264772	22.223166392164817	60.117414249765446	42.375346635774974	-0.0	418.36222962867157	93.53436150654953	76.70585245283029
4.092626967208364	6.678341437815088	121.85925167938574	22.228448340842558	62.85253934416729	41.85560958543392	-0.0	402.0039233800091	93.18274440650838	77.51011722884681
4.223940473841158	6.604342740081855	121.48732439008248	22.233377866968866	65.47880947682316	41.36228493387904	-0.0	385.7138079457923	92.8327067700007	78.17184041330576
4.349834811022957	6.534283843964335	121.12149506058869	22.238000903121	67.99669622045913	40.8952256264289	-0.0	369.4970426929506	92.48434735942247	78.69768839454214
4.4703353784759745	6.468141159069747	120.75364592044443	22.242360823731744	70.4067075695195	40.454274393798315	-0.0	353.3593939420753	92.13743570369257	79.09561123213973
4.58546961005596	6.405889319027001	120.38952732520795	22.24649828822118	72.7093922011192	40.03926212684668	-0.0	337.30732546253734	91.79213207506206	79.37523053694048
4.695267230710964	6.347501200970553	120.0252380646431	22.25045035982642	74.90534461421929	39.65000800647036	-0.0	321.3481338692109	91.44818061058614	79.54827435668777
4.799760553377205	6.292947355755483	119.6632106423629	22.254249980865936	76.9952110675441	39.28631570503655	-0.0	305.4900573646257	91.10576128906183	79.62893490578108
4.898984817674458	6.242195958924629	119.30213550031526	22.25792497795615	78.97969635348916	38.94797305949753	-0.0	289.7424655243613	90.76462756037994	79.63382787837108
4.992978600596815	6.1952124836343545	118.94245742980313	22.261497545878484	80.8595720119363	38.6347498908957	-0.0	274.11606609216875	90.42495907302101	79.58107862057268
5.081784300665433	6.151958816387845	118.58432770286133	22.26498393438923	82.63568601330866	38.3463921092523	-0.0	258.62309879949	90.08653877758164	79.48832130684379
5.165448706827885	6.1123928757315165	118.22714094301017	22.26839510263865	84.3089741365577	38.08261917154344	-0.0	243.27764088891726	89.74953291738572	79.37034954045156
5.2440236646273	6.076468963166548	117.87184690148099	22.27173782093529	85.880473292546	37.84312642111032	-0.0	228.09610070911552	89.41375892305861	79.23778320704407
5.317566906186966	6.044136076856213	117.51723259988798	22.275016097222572	87.35133812373931	37.627573845708085	-0.0	213.09756724755906	89.07936628327873	79.09728759374185
5.386143070155154	6.015335785085354	117.16464510211907	22.27823224507019	88.72286140310308	37.43557190056903	-0.0	198.30417212741014	88.7462016067955	78.9526569120073
5.449824814762966	5.990004859399244	116.81263327837476	22.28138767307818	89.99649629525932	37.26669906266163	-0.0	183.7423543709163	88.4143926440871	78.80592161153677
5.508694364986082	5.968069888473969	116.46270590424038	22.28448328909762	91.17388729972163	37.12046592315979	-0.0	169.44311794225504	88.08381008040313	78.65813071483208
5.56284524473926	5.949447875717339	116.1133025820654	22.287519762350612	92.25690489478521	36.996319171448924	-0.0	155.4434444939056	87.75456311036326	78.50981606060957
5.6123844965387395	5.934042776959918	115.76599575084755	22.290497626809756	93.24768993077478	36.89361851306612	-0.0	141.7873144054985	87.42653999010982	78.36124486578761
5.657435202632345	5.921746991373775	115.41920294393631	22.293417358038507	94.1487040526469	36.8116466091585	-0.0	128.52815565602486	87.0998339392092	78.21255113137764
5.698139989182972	5.912430335808809	115.0744773706993	22.296279394332597	94.96279978365945	36.749535572058726	-0.0	115.72876333960708	86.7743491499123	78.06380232321041
5.734664464298347	5.905947421117686	114.73028103108469	22.29908415878355	95.69328928596694	36.70631614078457	-0.0	103.46586297522815	86.45016419832413	77.91503285120861
5.7672020027670685	5.9021249291447155	114.3881193379802	22.301832063667092	96.34404005534137	36.68083286096477	-0.0	91.82964063200366	86.12719661316115	77.76626074588675
5.795978789419001	5.9007560146874445	114.04648764124714	22.304523514877157	96.91957578838002	36.671706764582964	-0.0	80.92327588078544	85.8055136678767	77.61749593337619
5.821257656027306	5.901614239407794	113.70687488052214	22.30715891572307	97.42515312054613	36.67742826271863	-0.0	70.86809198278517	85.48504273973312	77.46874434267447
5.843342920159644	5.904429494490427	113.36780031680901	22.309738663662017	97.86685840319288	36.69619662993618	-0.0	61.789245793049645	85.16584167206418	77.3200099098302
5.862580775310731	5.908897085792481	113.0307197199048	22.31226315702801	98.2516155062146	36.725980571949876	-0.0	53.803061298679	84.847846569882	77.17129560762608
5.879352644932336	5.914704637661971	112.69417675991298	22.31473278720163	98.58705289864672	36.76469758441314	-0.0	47.005314014504556	84.53110762240597	77.02260389493756
5.894062407759478	5.92153630960653	112.35959762450248	22.317147948614988	98.88124815518954	36.810242064043535	-0.0	41.43813298690944	84.21556954028846	76.87393701060094
5.907115474999941	5.929086578072998	112.02556046485427	22.319509027050607	99.1423094999988	36.860577187153325	-0.0	37.05663155315235	83.90127383360785	76.72529703052233
5.9188900834639036	5.937103567403861	111.693476321639	22.32181641317429	99.37780166927806	36.91402378269241	-0.0	33.739335296465995	83.58817191910896	76.57668599658606
5.929713540375353	5.9454015167600955	111.36194911307928	22.324070487482608	99.59427080750704	36.9693434450673	-0.0	31.312913055900975	83.276298150639	76.42810586605756
5.939849393989556	5.953855791483033	111.03231709865895	22.3262716372466	99.79698787979112	37.02570527655355	-0.0	29.58715672960624	82.96561555092437	76.27955861441778
5.9494988152595845	5.962375333720757	110.70325718798556	22.328420237269285	99.98997630519169	37.08250222480505	-0.0	28.368687030302556	82.6561453287245	76.1310461416438
5.958805472174983	5.970913077748651	110.37606922889721	22.33051667149415	100.17610944349964	37.13942051832434	-0.0	27.50864133966459	82.34786042379883	75.98257038844513
5.967869016422236	5.979440930736908	110.0495082230417	22.332561309714286	100.35738032844472	37.19627287157939	-0.0	26.893208151260016	82.04077334295039	75.83413321585232
5.976756546444424	5.987943455383529	109.72468182270957	22.33455453213713	100.53513092888848	37.252956369223526	-0.0	26.442046227439537	81.73487131453699	75.68573653478236
5.98551273071695	5.996410135161396	109.40064315296821	22.33649670338951	100.710254614339	37.309400901075975	-0.0	26.09765847308656	81.43014549136262	75.53738217052116
5.994166604869793	6.004836136209735	109.0781443279352	22.338388199972066	100.88333209739585	37.365574241398235	-0.0	25.82335587692596	81.12660552841035	75.38907200643936
6.002737105164382	6.013218147809624	108.7565814408568	22.340229382334176	101.05474210328762	37.42145431873083	-0.0	25.594240862499724	80.82422598527432	75.2408078379027
6.011236450665216	6.021554532884314	108.43634665365255	22.34202062228084	101.2247290133043	37.47703021922876	-0.0	25.394490321595875	80.52303146148748	75.09259151607932
6.0196725823737545	6.029844178191199	108.11741441507598	22.343762276602554	101.39345164747508	37.532294521274665	-0.0	25.213582422779673	80.2229715421813	74.94442480966528
6.028050622141522	6.038086762804867	107.79938069243424	22.34545471184826	101.56101244283043	37.58724508536578	-0.0	25.045135085662533	79.92410333721686	74.79630953472616
6.036373949298941	6.046282035194821	107.48289529286684	22.347098282181012	101.72747898597882	37.64188023463214	-0.0	24.88484214321038	79.6263539053091	74.64824743872421
6.044644801805794	6.054429991928353	107.16711808191833	22.348693348355415	101.89289603611587	37.69619994618902	-0.0	24.73002997693103	79.32979030528469	74.50024030023351
6.052864704283017	6.062530700910759	106.85316360051596	22.350240262155427	102.05729408566033	37.7502046727384	-0.0	24.578950124728358	79.03432925025696	74.35228984700572
6.061034714188589	6.070584377958651	106.53962467257334	22.351739378040676	102.22069428377178	37.803895853057675	-0.0	24.43059527782458	78.7400503184501	74.20439781726456
6.069155609546474	6.078591211424565	106.22804965583161	22.353191045944357	102.38311219092948	37.857274742830434	-0.0	24.28425657459379	78.44686505516471	74.05656592195288
6.077227985497844	6.086551416120651	105.91677824159486	22.354595614319987	102.54455970995687	37.910342774137675	-0.0	24.139478327532967	78.15485150399628	73.9087958608606
6.085252317205146	6.094465252265651	105.60756436936269	22.35595343075731	102.70504634410293	37.96310168177101	-0.0	23.996008861506997	77.86392359911322	73.76108932562336
6.093229008137814	6.10233297522576	105.29859631637939	22.35726483804617	102.86458016275627	38.015553168171735	-0.0	23.853677766680775	77.57415493606379	73.61344797929434
6.101158415967537	6.11015484047091	104.99168380914399	22.35853018125633	103.02316831935073	38.06769893647274	-0.0	23.71237085280272	77.28546778469985	73.46587349340915
6.109040870112175	6.117931094877825	104.68500251549112	22.359749797930075	103.18081740224349	38.119540632518834	-0.0	23.57199711210661	76.99792705339996	73.31836749679503
6.116876676656744	6.125662013161305	104.38035624025466	22.36092403023675	103.33753353313489	38.171080087742034	-0.0	23.43253147944208	76.71146332109797	73.17093163898629
6.124666130438399	6.133347861196832	104.07597808749502	22.362053210740147	103.49332260876797	38.22231907464555	-0.0	23.293951412373925	76.42613095830387	73.0235675157896
6.132409520650785	6.1409888842396665	103.77358499358186	22.36313767865975	103.64819041301568	38.27325922826444	-0.0	23.156213513981758	76.1418722686908	72.876276754775
6.140107128527077	6.148585340306084	103.47148032384153	22.364177761835823	103.80214257054153	38.32390226870723	-0.0	23.019301383576707	75.85873202554271	72.72906092046333
6.147759230862597	6.156137487952756	103.17128329792544	22.365173796360075	103.95518461725194	38.37424991968504	-0.0	22.88320493582369	75.57666317335298	72.58192161741924
6.155366095704761	6.163645620556792	102.87146116922439	22.366126105217855	104.10732191409522	38.42430413704528	-0.0	22.747973607597302	75.29569486657886	72.43486037783302
6.162928001358175	6.17110994337395	102.57349257733213	22.36703502184151	104.25856002716348	38.474066289159666	-0.0	22.613521972172915	75.01579604352325	72.28787878631637
6.170445215726162	6.178530715693327	102.27593692707804	22.367900864464985	104.40890431452324	38.52353810462218	-0.0	22.479852044615555	74.73698433605345	72.14097834395248
6.177918000243315	6.185908224453931	101.98009223654913	22.368723963139256	104.55836000486629	38.57272149635954	-0.0	22.3470135177733	74.45924102338324	71.99416061069203
6.185346623502022	6.19324269538403	101.68480636303832	22.36950463218191	104.70693247004043	38.62161796922687	-0.0	22.214961008868087	74.18256820420896	71.84742706104521
6.192751651266931	6.20094897021365	101.3911021441904	22.370243644630893	104.85503302533863	38.66936130037896	-0.0	22.634761632717197	73.90696031356141	71.68717478402687
6.201628482076238	6.217215583520291	101.09808339962503	22.371001112391333	105.03256964152474	38.647898218792676	-0.0	31.212078435332103	73.63237296413183	71.09766734105048
6.21341545897026	6.238234820284096	100.80646608769446	22.371949673077086	105.26830917940521	38.48058900847107	-0.0	39.38540443000083	73.35867474753681	69.98147125266135
6.227768262374169	6.262221558821256	100.51569551053608	22.37324411856853	105.55536524748337	38.178225022375386	-0.0	46.40399797369793	73.08569395416582	68.44313805679127
6.24425842517982	6.287936402016177	100.22618738289125	22.37500186128367	105.88516850359639	37.76604396992498	-0.0	52.24819185648756	72.81331839160418	66.6114405912452
6.262446233244775	6.313548099278348	99.9376709362744	22.37729395120235	106.2489246648955	37.272287077932596	-0.0	56.514304623681845	72.54145740830198	64.64047641861544
6.281803710131705	6.33814279410517	99.65019401953727	22.380139132737416	106.63607420263409	36.73356080064361	-0.0	59.33963892998981	72.27010232567726	62.694890434923835
6.301823765777417	6.360352044580533	99.36392787535186	22.38350320952078	107.03647531554833	36.182344590586354	-0.0	60.481546154134705	71.99924522509804	60.932620513946894
6.321953768754869	6.3796353494054845	99.07854112702663	22.3873039327203	107.43907537509737	35.65218456478234	-0.0	60.04247488789459	71.72898200394293	59.48890644626592
6.341666243711885	6.395342440766159	98.79449803343539	22.39142052516886	107.8333248742377	35.17029362481093	-0.0	57.92031004658126	71.45936825197587	58.463820543280214
6.360419146082945	6.407372117937558	98.51116520369331	22.395706523339015	108.2083829216589	34.7608474123369	-0.0	54.17158610298674	71.1905917857082	57.91466946669534
6.377649223556631	6.416083788280682	98.22931280492719	22.40000420507288	108.55298447113262	34.444418096457674	-0.0	49.011838317422836	70.92273520535525	57.853662483278654
6.392614813175397	6.4226741363433115	97.94805794992064	22.404158996849077	108.85229626350794	34.240519119699506	-0.0	43.34406185389922	70.65599499677877	58.250245618972265
6.403555573170191	6.429783754172923	97.66838215158846	22.408032549555003	109.07111146340382	34.17160680686729	-0.0	40.48779214369098	70.39046029972609	59.03648279031535
6.416471485454047	6.420258322695041	97.38921655224878	22.41151396140503	109.32942970908094	34.1457852444615	-0.0	15.384320835256492	70.12627350579	60.112448168633
6.438832031612088	6.423443415059726	97.11161141070895	22.414530166833714	109.41189843761346	34.32543691160486	-0.0	-0.0	69.86346337214871	61.34390565527949
7.076712776437448	6.4204695222120165	96.83456114662971	22.41708350291621	109.4111010555185	34.600827671551514	-0.0	-0.0	69.6020881115294	62.32633213290544
8.622928512174585	6.410294790235411	96.55902177743286	22.419232957209278	109.4111010555185	34.956018098504714	-0.0	-0.0	69.34203716705143	63.47543862735747
11.06990289291028	6.396485414118854	96.28402605366558	22.420857320582936	109.4111010555185	35.395844765784695	-0.0	-0.0	69.08344144699795	65.02050050323486
14.405709227553	6.3805945973210045	96.01054544132754	22.421844208043325	109.4111010555185	35.90850454149678	-0.0	-0.0	68.82635315259878	66.86067691996499
18.614088607952976	6.3638885952067685	95.73759313455824	22.42211720608473	109.4111010555185	36.47484770553394	-0.0	-0.0	68.57088911330946	68.87626139676048
23.674529155739616	6.348022213047939	95.46616786178504	22.421640918172592	109.4111010555185	37.07246472420062	-0.0	-0.0	68.31703324272478	70.935948120284
29.56236599837683	6.334426274831929	95.19517760014205	22.420423668620057	109.4111010555185	37.67279436113168	-0.0	-0.0	68.06483555060268	72.9033119888482
36.248901487135655	6.324901064140125	94.92577261275733	22.418518060075737	109.4111010555185	38.246452615829334	-0.0	-0.0	67.81423287865444	74.64370260561684
43.70154507105363	6.3209322183514445	94.65680260669674	22.41601922208947	109.4111010555185	38.76167978635549	-0.0	-0.0	67.56513408340301	76.03130284657367
51.88397214512056	6.323822550903621	94.38931795726647	22.413060798597886	109.4111010555185	39.18867584442045	-0.0	-0.0	67.317414198542	76.95606621501645
60.75630109845245	6.334350014734201	94.1223955635821	22.4098087245981	109.4111010555185	39.501366085297896	-0.0	-0.0	67.07093008462083	77.33020191411666
70.27528769950567	6.352327024659993	93.85678587506284	22.40645275487344	109.4111010555185	39.68218016439995	-0.0	-0.0	66.82549541613557	77.1070115743571
80.39453587090246	6.366333830332016	93.59188037388341	22.40313737711167	109.4111010555185	39.775558868880104	-0.0	-0.0	66.58095825011914	76.68475818481743
91.06472382653256	6.378727985889523	93.32815624281552	22.399879536017128	109.4111010555185	39.85818657259682	-0.0	-0.0	66.33727336540788	76.26502386366433
101.23274288335955	6.391609875664224	99.87605026306733	22.39668732664464	108.33902357287286	39.94406583776149	349.43144653322196	-0.0	66.24618861175723	75.84783796250547
108.59204988253477	6.405248089297392	101.15223277278143	22.39381514033691	104.3622972905334	40.034987261982614	818.2808441347019	-0.0	67.74292532753314	75.43452361771692
112.8817317190482	6.41967546140474	101.97633085369209	22.391863125769586	98.15116221464672	40.13116974269827	990.6997920066655	-0.0	70.85768840593903	75.02821088581426
115.60468711237208	6.434878299823679	105.13241755983152	22.391129736803606	91.57029662745843	40.23252199882453	970.8265858167717	-0.0	74.281646494061	74.6304286723327
117.44029284976773	6.450823473802912	108.19964350649767	22.391619385496263	85.27972195867586	40.33882315868608	911.953091389193	-0.0	77.56516297980373	74.24115502504657
118.66418382147101	6.467464785790868	110.97997815156559	22.393263944646222	79.4565616265314	40.449765238605785	831.6119950382438	-0.0	80.59716916639516	73.85998756714696
119.54990581077135	6.484746441539851	113.4732119785947	22.39596603599696	74.21412417120878	40.56497627693234	739.5285287910792	-0.0	83.30391263772317	73.48637251151433
120.31540232863757	6.502606195145572	115.66602937956296	22.399611194553113	69.59311414261433	40.68404130097048	646.8721399293029	-0.0	85.65373489424697	73.11966931667385
121.08985379470977	6.520978568116678	117.57510513922664	22.40408136416521	65.56847276799061	40.80652378744452	562.4298880691547	-0.0	87.65361416648908	72.7592219822645
121.9072625394328	6.5397980879071405	119.234046646877	22.40926608970176	62.067740473184834	40.93198725271427	490.4991644539491	-0.0	89.34002199692907	72.40441787465362
122.73521587494213	6.5590022995426915	120.65725246459623	22.41506995018654	58.99972948508703	41.060015330284614	432.4542830532855	-0.0	90.76512467353758	72.05472650769431
123.5174005540479	6.578534196806084	121.86422137446051	22.42141494609045	56.27966885489387	41.19022797870723	385.72804689685773	-0.0	91.98038853120259	71.70971163083144
124.21585215247858	6.598343717535153	122.88177333468377	22.428238125563162	53.84616661640878	41.32229145023435	346.5069892535104	-0.0	93.0248435920438	71.36901826474643
124.82315030825798	6.6183880943812765	123.74513120524627	22.43548688641907	51.66087109365078	41.455920629208514	311.48309628462044	-0.0	93.92289788290182	71.0323476116326
125.3490371123971	6.638631134843887	124.48347958893376	22.443114990264913	49.69827650010649	41.590874232292585	279.106032023137	-0.0	94.68994322045349	70.699435841368
125.80405758328749	6.6590418124722355	125.10238614084237	22.451080742227337	47.93707159769457	41.72694541648157	251.29749266568624	-0.0	95.33883443075817	70.37004435763639
126.18702032744949	6.679592722680851	125.6210323774329	22.459346675102676	46.354921604677294	41.86395148453901	225.69651193913748	-0.0	95.88227019158792	70.04395800921777
126.50012964196954	6.700258889019846	126.03679904270537	22.467879364006922	44.93399847717357	42.001725926798976	204.20517606998882	-0.0	96.33170801481982	69.72098399305422
126.74482485757962	6.72101713955295	126.36962886866463	22.47664878751601	43.65883096644903	42.140114263686336	183.75973172147468	-0.0	96.69619501720402	69.40094838243647
126.92654005737248	6.74184596525267	126.6294896800322	22.485627580606867	42.51750611920584	42.27897310168447	163.50698443988733	-0.0	96.98287595455426	69.08369210673368
127.05296354533536	6.762725586554706	126.80741714970536	22.494790599625077	41.50060586139873	42.418170577031376	148.65791471260476	-0.0	97.1981001015199	68.7690685906161
127.11899950725864	6.783637960456599	126.93985183572735	22.504114734655317	40.59617141875162	42.557586403044	126.97751941905082	-0.0	97.34765712647389	68.45694270371196
127.13409751873746	6.804566609202727	126.98932103952237	22.51357868153883	39.79835096496223	42.69711072801818	114.14851347853228	-0.0	97.43686074639297	68.14718950374635
127.11342966647871	6.82549632182003	126.9207742569212	22.52316284206283	39.104088650993376	42.83664214546687	131.67758677988922	-0.0	97.46998657436475	67.83969365874013
127.01612174039737	6.846412863386978	126.93868821772944	22.532848549554966	38.494532243820984	42.97608575591319	83.48063871409833	-0.0	97.44896335944887	67.534345330365
126.89064516710349	6.867302766931125	126.78298921919091	22.542618483535946	37.978789568039076	43.11535177954084	98.43289750958195	-0.0	97.38010840524663	67.23104232740194
126.75465930916717	6.88815296513202	126.70454522479831	22.55245575965974	37.55721224547474	43.25435310088014	67.15852584145345	-0.0	97.25593293504527	66.9296852733014
126.56358430891615	6.908951512476615	126.47840065845024	22.56234223287017	37.21296094885121	43.39301008317744	87.55871482571956	-0.0	97.08702944922851	66.63016870988507
126.24699711119581	6.92968764637582	126.17958971473814	22.572266484915207	36.922986791143096	43.5312509758388	77.88880331081036	-0.0	96.89073078830721	66.33242304898353
125.89687764150815	6.950350820458044	125.88904304721068	22.582217310609487	36.71159864524957	43.6690054697203	26.55397308827817	-0.0	96.65339332130041	66.03638016202932
125.53897378507563	6.9709300869113315	125.54596530833447	22.5921787149067	36.59010712484722	43.80620057940888	-0.0	-0.0	96.36603998310761	65.7419471384303
124.62467413743549	6.991414785760692	125.1470871436303	22.60213467701106	36.571054610376706	43.94276523840461	-0.0	-0.0	96.02835466152189	65.44903142868186
122.59923137482335	7.011794459162912	124.99638472799958	22.61206605998403	36.571054610376706	44.07862972775275	-0.0	-0.0	95.64728964783082	65.15752461067733
119.43541620156726	7.032055984484358	124.39699755140572	22.621974505884157	36.571054610376706	44.21370656322905	-0.0	-0.0	95.29765770775204	64.86742797048555
115.19483591085238	7.052192391380339	124.22704044451785	22.63185836221941	36.571054610376706	44.34794927586893	-0.0	-0.0	94.92302763187101	64.57872537909964
109.96006507133491	7.072206085986226	123.65827580085723	22.6417186015907	36.571054610376706	44.48137390657484	-0.0	-0.0	94.57261697966165	64.29141466659104
103.83303759640921	7.092095551207069	123.46013949223898	22.651554732323785	36.571054610376706	44.61397034138046	-0.0	-0.0	94.20388059844578	64.00548590583425
96.93306183922725	7.111860658187286	122.92681981751439	22.661366858249064	36.571054610376706	44.745737721248574	-0.0	-0.0	93.85335251922551	63.72093241873898
89.39449736448056	7.131504270003428	122.69871954049484	22.671155135558568	36.571054610376706	44.876695133356186	-0.0	-0.0	93.48983345107348	63.43774777628762
81.364138635924	7.15102540091122	122.20028932073724	22.680919203045853	36.571054610376706	45.006836006074806	-0.0	-0.0	93.13978998426596	63.15592291912916
72.99835656572719	7.17042500337763	121.94437906371566	22.69065954190835	36.571054610376706	45.1361666891842	-0.0	-0.0	92.78088816633947	62.87545321352564
64.4600535867119	7.189704954838774	121.47751943255912	22.70037558112311	36.571054610376706	45.26469969892516	-0.0	-0.0	92.43184326999327	62.596328563706095
55.915491539758165	7.2088646390175795	121.19778932817964	22.710067927360132	36.571054610376706	45.39243092678387	-0.0	-0.0	92.07705326155647	62.318545077937145
47.53105414526332	7.227905390867918	120.75808182276701	22.719735953549137	36.571054610376706	45.51936927245279	-0.0	-0.0	91.72942349585628	62.042092434472984
39.470007101272564	7.2468283683934684	120.4590975769707	22.72938027546807	36.571054610376706	45.64552245595646	-0.0	-0.0	91.37833688173295	61.76696686849559
31.88931889722726	7.265633396947105	120.04191571438581	22.738996562268472	36.571054610376706	45.7708893129807	-0.0	-0.0	91.03244768949078	61.60320998485571
24.936604249899435	7.284321856254901	119.72811028607431	22.748408592667545	36.571054610376706	45.89547904169934	-0.0	-0.0	90.68485533899928	62.347213058668764
18.74724968039176	7.302894475836979	119.32918834269125	22.75738568959887	36.571054610376706	46.01929650557986	-0.0	-0.0	90.34140612136935	63.5349617190224
13.441777204277228	7.3213514675734706	119.00453907043648	22.765818991140346	36.571054610376706	46.14234311715647	-0.0	-0.0	89.99775094893357	64.98703243638299
9.12349747038232	7.3396940892512585	118.62014439455083	22.773637617788154	36.571054610376706	46.26462726167506	-0.0	-0.0	89.65746137937855	66.61738871075603
5.958797468769884	7.288153769084878	118.2880043094893	22.78079574858633	37.17137828209679	45.92102512723252	-0.0	288.2442866210658	89.31786295260252	68.35826353270441
4.006293699800146	7.133630639284434	117.91507210022371	22.787268697349482	39.68914762294942	44.8908709285629	-0.0	442.1069539350948	88.981047707992	70.14091178748095
3.14945612106595	7.002764592072654	117.57810891030134	22.793056330396702	42.84557048913349	44.01843061381769	-0.0	490.74614561697683	88.6454659530873	71.88583595417604
3.254094408644954	6.897563343537237	117.21418503354657	22.798186260081405	46.081888172899085	43.317088956914915	-0.0	477.19682357573134	88.31221986582234	73.50174071562473
3.410424997422545	6.805023765722182	116.87454132759692	22.802709349271808	49.20849994845089	42.70015843814788	-0.0	460.610923685845	87.98046349066178	74.9528610569671
3.561248600574128	6.717436741758375	116.5177281114659	22.80667915110582	52.224972011482556	42.11624494505583	-0.0	444.14159771858283	87.65067376453639	76.24222510811857
3.7065923433909105	6.63394115767768	116.17695210689722	22.81014841200665	55.131846867818204	41.5596077178512	-0.0	427.7374204964105	87.32246555108027	77.37366204421446
3.846477282446179	6.554430797820561	115.82584720253217	22.813168212883003	57.92954564892358	41.02953865213707	-0.0	411.396517621259	86.99595666737358	78.35141646832294
3.980925105022706	6.4788765834207425	115.4851136754001	22.8157884423361	60.618502100454116	40.525843889471616	-0.0	395.1227244792145	86.67104013027651	79.18026784447729
4.1099589787303685	6.407255851222155	115.13868166671098	22.81805706361046	63.19917957460738	40.048372341481034	-0.0	378.92090801476854	86.3476313224503	79.86568255623946
4.233603801618095	6.339545498897166	114.79881431415181	22.820020316043905	65.67207603236189	39.59696999264777	-0.0	362.7965767202633	86.0257774425211	80.41402292485301
4.3518864166698865	6.275720807367807	114.4563105405967	22.82172199504857	68.03772833339774	39.17147204911871	-0.0	346.7558931274565	85.70529162288545	80.83281762931084
4.464835841916502	6.21575516067207	114.11788268681954	22.823203345619778	70.29671683833004	38.771701071147135	-0.0	330.80576993490155	85.38629747814049	81.13111010361169
4.572483545684433	6.159620032095186	113.77879022338894	22.824502231586322	72.44967091368866	38.397466880634575	-0.0	314.9540131521935	85.06856913893367	81.31986058263709
4.674863765732839	6.107284453664021	113.44219539579504	22.825652678822607	74.49727531465679	38.048563024426805	-0.0	299.20944670196974	84.7522608917366	81.41231791718191
4.772013875512261	6.058714850007232	113.10614773726341	22.826683913134914	76.44027751024521	37.72476566671488	-0.0	283.5821061102686	84.43714653759581	81.42411912197917
4.863974824921881	6.013874706612889	112.77165726440262	22.827619812236225	78.27949649843761	37.42583137741926	-0.0	268.08346201451513	84.12338637815779	81.37271003651786
4.950791659750075	5.9727237683133145	112.43839185145124	22.8284784205221	80.01583319500149	37.15149178875543	-0.0	252.72664439113356	83.81077731909696	81.27575524696907
5.032514137329119	5.935217407121974	112.10614463555282	22.829272345813088	81.65028274658236	36.90144938081316	-0.0	237.52674451954556	83.49947246026994	81.14890323972911
5.109197430746904	5.901307525553381	111.77554287670418	22.830009638146752	83.18394861493807	36.67538350368921	-0.0	222.50141780538127	83.18929710653443	81.00408169901588
5.180903047807152	5.870939488341774	111.44564852235811	22.830695159931675	84.61806095614304	36.472929922278496	-0.0	207.67108015661182	82.88039375969498	80.84920388609056
5.24769989344769	5.844051369342533	111.11757269107919	22.831331721555042	85.95399786895379	36.293675795616885	-0.0	193.05949146164164	82.57261364176078	80.68898292027974
5.309665458987984	5.820576479004514	110.79005930692622	22.83192098818687	87.19330917975968	36.13717652669676	-0.0	178.69509996368987	82.26608148278099	80.52603039303975
5.366887539053343	5.800435358100934	110.46444881890801	22.83246397616629	88.33775078106684	36.00290238733956	-0.0	164.61087051125898	81.96067050846992	80.36173222580037
5.419465942306229	5.783540899373094	110.13933883322063	22.832961382022884	89.38931884612458	35.89027266248729	-0.0	150.8465605066255	81.65648811610582	80.19680599368688
5.4675149581612486	5.769790246908014	109.81615857951574	22.83341372064864	90.35029916322496	35.79860164605343	-0.0	137.44891977266613	81.35342489017556	80.03161855411425
5.511165920225632	5.759068618751736	109.49344911310568	22.833821426072483	91.22331840451263	35.72712412501158	-0.0	124.47457032615746	81.0515731480583	79.86635636370386
5.5505707733531	5.7512390499800485	109.17266459422461	22.834184881417322	92.011415467062	35.67492699986699	-0.0	111.99003209743387	80.75083811361067	79.70111411382156
5.585905742674928	5.746144637055957	108.85234074605381	22.834504449408175	92.71811485349856	35.64096424703971	-0.0	100.07462664838815	80.45129902085034	79.5359401263522
5.617375595799504	5.743605845647309	108.53393395257582	22.834780477853148	93.34751191599008	35.62403897098206	-0.0	88.82224167114802	80.15287299198101	79.37085936387183
5.6452187609566655	5.743405396470777	108.215983471051	22.83501330759896	93.9043752191333	35.62270264313852	-0.0	78.33686692504354	79.85562872155252	79.2058850642447
5.669710306332483	5.745305380386373	107.89993258637294	22.8352032754344	94.39420612664966	35.63536920257582	-0.0	68.73639595125805	79.55949297889113	79.04102458392912
5.69116474786197	5.749034255727333	107.5843383367179	22.835350713017828	94.8232949572394	35.66022837151555	-0.0	60.14020486816742	79.26452524206331	78.876282322612
5.709935016324043	5.754285239075446	107.27063332278296	22.835455952222873	95.19870032648086	35.69523492716964	-0.0	52.648731437354435	78.97066077993834	78.71166121619378
5.7264028526857755	5.760750712347894	106.95737144454661	22.835519318817372	95.5280570537155	35.738338082319295	-0.0	46.332938919114774	78.6779520756585	78.54716343651278
5.740963633447292	5.7681289178740505	106.64597937583953	22.835541141257302	95.81927266894583	35.78752611916034	-0.0	41.20473609516773	78.38634198066698	78.38279080375396
5.754003917498764	5.776144835966096	106.3350343117676	22.8355217401691	96.08007834997528	35.840965573107304	-0.0	37.199561881939374	78.09587417169584	78.21854491379302
5.7658774061487525	5.784566815844424	106.02595754541515	22.83546144100212	96.31754812297505	35.897112105629496	-0.0	34.17730396007648	77.80649894979837	78.05442729558662
5.776883914562886	5.793231648644233	105.71732047681377	22.835360559673028	96.5376782912577	35.954877657628224	-0.0	31.964564443837038	77.51825414770911	77.89043938059638
5.787262091227828	5.802027729187316	105.41050042126047	22.83521941863329	96.74524182455656	36.013518194582105	-0.0	30.378485355066253	77.23109852696079	77.72658260975096
5.79719174497546	5.8108810807029725	105.10416593219082	22.8350383291128	96.94383489950918	36.072540538019815	-0.0	29.250358681040925	76.94505838708932	77.56285835142621
5.806802085108618	5.819746705359335	104.79960656158288	22.83481761058505	97.13604170217236	36.13164470239557	-0.0	28.44360676267673	76.66010283956436	77.39926800927155
5.816182698209801	5.828599295155371	104.49556229541474	22.834557569974237	97.323653964196	36.190661967702475	-0.0	27.857446205604404	76.37625040790273	77.23581291547404
5.825394349052724	5.837424081697098	104.19320252002551	22.834258523517967	97.50788698105447	36.249493877980655	-0.0	27.420034468858905	76.09347993317066	77.0724944469836
5.834477683219921	5.846211774747255	103.89146590794557	22.83392077390559	97.68955366439842	36.308078498315034	-0.0	27.081002944100227	75.81179593540304	76.909313906329
5.843459513368973	5.854957083078356	103.5912892023973	22.833544634095606	97.86919026737947	36.36638055385571	-0.0	26.806680265121294	75.5311920489421	76.74627264698026
5.8523574389515165	5.863656852400685	103.29182514191832	22.83313040304117	98.04714877903032	36.424379016004565	-0.0	26.574674797126406	75.25166143037964	76.5833719459795
5.861182963229322	5.87230934502635	102.99379786226541	22.832678389964574	98.22365926458644	36.48206230017567	-0.0	26.370416422844627	74.973207794292	76.42061313154264
5.869943627912877	5.880913518556109	102.69665150443234	22.832188890290833	98.39887255825754	36.539423457040726	-0.0	26.18431143264917	74.69581028004141	76.25799745675513
5.878644382284186	5.8894688923443725	102.40072520585757	22.83166220937593	98.5728876456837	36.59645928229582	-0.0	26.01022642657412	74.41949014678477	76.09552622420779
5.887288514950026	5.897975230386401	102.10583517184686	22.831098639674618	98.74577029900051	36.65316820257601	-0.0	25.844142755631875	74.14421230527567	75.93320066614731
5.895878234146905	5.906432518257969	101.81199407513535	22.830498482204316	98.91756468293809	36.70955012171979	-0.0	25.683511382625817	73.8700087924238	75.77102205730954
5.904415065048848	5.9148408020009455	101.51945478293712	22.829862026735647	99.08830130097695	36.76560534667297	-0.0	25.526624522370334	73.59682886985169	75.60899161077288
5.912900075591767	5.9232003047097175	101.2276447893604	22.829189569566175	99.25800151183533	36.82133536473145	-0.0	25.372511106942053	73.32472531974398	75.4471105712682
5.921334061249373	5.931511211209727	100.93732977635463	22.828481398476573	99.42668122498745	36.876741408064845	-0.0	25.22046535102249	73.05363279329883	75.28538013636319
5.929717632406935	5.9397737602572045	100.6475857514231	22.827737804728283	99.5943526481387	36.931825068381364	-0.0	25.070061640168472	72.7836103559398	75.12380151954613
5.938051288696926	5.947988169145211	100.35954858534664	22.826959074273475	99.7610257739385	36.98658779430141	-0.0	24.920975663441578	72.51458618982163	74.96237590389772
5.946335444195999	5.956154743097664	100.071864779968	22.82614549303851	99.92670888391997	37.0410316206511	-0.0	24.773093899513036	72.24662708728538	74.80110446988378
5.954570473492343	5.964273734011763	99.78597371699217	22.8252973453764	100.09140946984684	37.095158226745085	-0.0	24.626282351661754	71.97965956902144	74.63998838734554
5.962756720165082	5.972345397343303	99.50038056463636	22.824414912275177	100.25513440330162	37.14896931562202	-0.0	24.48044778264506	71.7137462547555	74.47902880614
5.970894504292534	5.980370012439842	99.21662009347708	22.823498476008663	100.41789008585067	37.20246674959895	-0.0	24.335555453013942	71.448818684551	74.31822688047376
5.978984133699324	5.988347851628019	98.93313337327017	22.822548312938924	100.57968267398648	37.25565234418679	-0.0	24.191576437748335	71.18493345413606	74.15758373116567
5.987025906853635	5.996279188404551	98.65146770700886	22.82156470320374	100.7405181370727	37.30852792269701	-0.0	24.048494691607118	70.92203062233567	73.99710049644759
5.995020119085904	6.004164272832131	98.37005920568173	22.820547918714364	100.90040238171807	37.36109515221421	-0.0	23.906267151925018	70.66015880410009	73.83677826938046
6.002967057265492	6.012003381329504	98.09045876221907	22.81949823719239	101.05934114530983	37.41335587553003	-0.0	23.76489541320889	70.3992646740104	73.6766181710159
6.010867004609986	6.019796789340881	97.81115820438677	22.818415926421395	101.21734009219972	37.46531192893921	-0.0	23.62438455665919	70.13938793969858	73.51662126793642
6.018720243206538	6.027544759077993	97.53360025551108	22.817301261668938	101.37440486413075	37.51696506051996	-0.0	23.484723587174035	69.8804869997686	73.35678866391255
6.026527054999985	6.035247536365156	97.25636375875871	22.816154506706223	101.53054109999968	37.56831690910104	-0.0	23.345879407792605	69.62259166520124	73.19712140027073
6.034287717924485	6.042905378299668	96.98080637421778	22.814975934169084	101.68575435848969	37.61936918866446	-0.0	23.20783862079669	69.36566930337132	73.0376205626482
6.042002498948116	6.0505186017079	96.70567209534936	22.813765803792275	101.84004997896231	37.670124011386	-0.0	23.070683182049443	69.10973543747771	72.87828716622128
6.049699285879813	6.058630922031482	96.4321100003681	22.812525069594862	101.99398571759625	37.71937526982497	-0.0	23.626833462809806	68.85477630863312	72.69999780577895
6.058898605443851	6.075033299954916	96.15904611926102	22.81132036522566	102.17797210887701	37.69639777784112	-0.0	31.755604339102135	68.60075361311779	72.06287062041821
6.070866044570989	6.096421068328015	95.88742801654087	22.810331435832687	102.41732089141978	37.5344452828463	-0.0	39.964846863388466	68.34750557398243	70.88408768991114
6.085349111412613	6.120289509619012	95.61646730671075	22.809717421764113	102.70698222825226	37.239285184433356	-0.0	46.73087724299585	68.09488328213824	69.27143654289851
6.101905971264005	6.145720391404918	95.34676569891798	22.809598711181856	103.03811942528009	36.837649241141044	-0.0	52.32973589468122	67.84277153808165	67.35878339850473
6.120096255654957	6.171169818038728	95.07787326178672	22.810047571424803	103.40192511309913	36.358653262964026	-0.0	56.49865174484878	67.59105986650086	65.3058482482545
6.139426802739448	6.195397828159742	94.81009517771781	22.811082126265063	103.78853605478895	35.83570336675551	-0.0	59.14549085744763	67.33974824160882	63.282866773229316
6.159377675944353	6.217449464894519	94.54330393013383	22.812665809930902	104.18755351888706	35.302645722978205	-0.0	60.2452222950945	67.08882365353846	61.45286381747261
6.179425120812731	6.236551411538907	94.27742529685834	22.81471248558293	104.5885024162546	34.790450879481796	-0.0	59.75276705212942	66.8384010789938	59.955279213786184
6.1990374648082955	6.252320082619977	94.01267439432867	22.81709630754928	104.98074929616591	34.32689047230852	-0.0	57.70756980873545	66.58853716070793	58.89322455562682
6.2176985424708295	6.264452507863521	93.74871414142343	22.81966496820859	105.35397084941658	33.93410758215767	-0.0	54.05666320670598	66.33941591218363	58.32573560761407
6.2349098384569075	6.272823100039909	93.48603191983034	22.82225455574883	105.69819676913815	33.6293087880399	-0.0	48.678320112115316	66.09113854382248	58.26541007619393
6.250050081384291	6.278586495716079	93.22397893231559	22.824704396630793	106.00100162768582	33.43136561513929	-0.0	42.231811419079754	65.84389606123568	58.6808102484357
6.263035733843526	6.279429854671524	92.96328232098195	22.82687051921161	106.2607146768705	33.33488559286537	-0.0	32.009882095220114	65.59778398291579	59.501974834940924
6.270476307109177	6.285597794861797	92.70317799188858	22.828637225456312	106.40952614218352	33.40000362763542	-0.0	30.742364654313185	65.35295664786985	60.6259497522012
6.2989148127561725	6.284787987879017	92.44441812425806	22.829927775972614	106.4952009783388	33.55761996393333	-0.0	-0.0	65.10944472812808	61.91374454445612
6.949080680147604	6.282499913008818	92.18626337979238	22.830748243142825	106.49286380182001	33.83351490173099	-0.0	-0.0	64.86730621304424	62.82105151411137
8.483034031294888	6.273010540426566	91.92941688190888	22.831199511040975	106.49286380182001	34.18581916328389	-0.0	-0.0	64.62640091293773	63.9971135821124
10.893180897121413	6.260348585965001	91.6731722356416	22.831112342001802	106.49286380182001	34.62228083127262	-0.0	-0.0	64.38686493816333	65.61141689690743
14.167774085917893	6.245560546557574	91.4182456621542	22.83037043154954	106.49286380182001	35.12858000767954	-0.0	-0.0	64.14878776900537	67.5258234968899
18.29085304585938	6.230049164186496	91.16384851178204	22.82889648968639	106.49286380182001	35.686863467331776	-0.0	-0.0	63.91227828335331	69.61591244281196
23.242321657636058	6.215233735612202	90.91084548803751	22.82665578454956	106.49286380182001	36.27393427857019	-0.0	-0.0	63.67734592007497	71.74562557592256
28.99804618406864	6.20279637851523	90.65829407959694	22.82365883226644	106.49286380182001	36.863553909717	-0.0	-0.0	63.444010950097095	73.7739870281326
35.529972899305214	6.194375077877734	90.40713972895202	22.81996183791351	106.49286380182001	37.42627391252992	-0.0	-0.0	63.21219443742876	75.56223154207956
42.80626482426588	6.1913642293935744	90.15643023067663	22.81566476859742	106.49286380182001	37.93076729762609	-0.0	-0.0	62.98182326988394	76.98108348752227
50.79145690186955	6.195102677697713	89.90709546420668	22.810907096544433	106.49286380182001	38.34852129882202	-0.0	-0.0	62.752767119575125	77.91789067089881
59.44662885572085	6.206317146420168	89.65825943091752	22.80586127082611	106.49286380182001	38.65412756629305	-0.0	-0.0	62.52487613670542	78.2832705881659
68.72959488973693	6.224652985594601	89.41065950319556	22.800723726040683	106.49286380182001	38.83101990396401	-0.0	-0.0	62.29795406492534	78.0353269261774
78.59510930409093	6.238913142070428	89.16368776433366	22.79563899867967	106.49286380182001	38.92608761380285	-0.0	-0.0	62.07185050637727	77.59891154918007
88.99303272266394	6.251795567330929	88.94861884311987	22.790622376158623	106.49040100217354	39.011970448872866	63.22380215524834	-0.0	61.846519447159594	77.16514507241955
98.39556373667561	6.265211119903711	96.22497802813874	22.785696987100177	104.91037304369775	39.10140746602474	441.9872325851946	-0.0	61.94320328068386	76.73413520623558
104.84853258893817	6.279403974472701	96.57058361226774	22.781208062084367	100.41872780572709	39.19602649648468	863.1427505924722	-0.0	63.83683624561445	76.30768088503378
108.61241525190796	6.294403542955455	98.04819346409238	22.777726880109242	94.14102523188171	39.296023619703035	975.0794638917397	-0.0	67.04577071920032	75.8887566186938
111.06818711470987	6.310195628375287	101.21272631918329	22.775466567014128	87.72218182941465	39.401304189168584	941.8022465450973	-0.0	70.40484937697192	75.47844074657694
112.73062239308052	6.326746916714016	104.16646418996217	22.77440634617316	81.64260586256609	39.51164611142677	877.937491100962	-0.0	73.59228129265354	75.07657877853389
113.86328294491265	6.344010842818003	106.84158322738648	22.77447077745406	76.05699171280244	39.62673895212002	794.954699701408	-0.0	76.51058303319985	74.68273024562643
114.72222538825632	6.361930943234538	109.22929512683972	22.77555851448768	71.05960887839524	39.746206288230255	703.1100365714419	-0.0	79.09699697822064	74.29632102620502
115.50069444303251	6.380443975308231	111.32323353238812	22.77755473108898	66.67362810359162	39.86962650205488	613.1651343300562	-0.0	81.33033071076265	73.91670928437797
116.30078405040435	6.399483147599752	113.14877394664236	22.780344052611287	62.86016801900763	39.99655431733168	532.6170381602323	-0.0	83.22570491660537	73.5432537025893
117.1382603432958	6.4189814027291225	114.72286166264001	22.78382087636363	59.54115418020039	40.126542684860816	466.24658846904236	-0.0	84.82470012628796	73.17536764646773
117.96750110791466	6.438874510588376	116.08011701667799	22.78789559758562	56.62370019847344	40.25916340392251	412.14629467132204	-0.0	86.18022747583781	72.812551548672
118.73546650462913	6.459103617561475	117.2379025182103	22.792495653679264	54.029223987163654	40.3940241170765	367.1249906744218	-0.0	87.34093405016105	72.45439792133556
119.4157758881847	6.479616881263047	118.21121439067711	22.79756226812981	51.7048435789776	40.53077920842031	329.25755082561517	-0.0	88.34146839464924	72.1005737731081
120.01021599577564	6.500369951991201	119.02525837739341	22.803045678417153	49.6181349594251	40.669133013274674	297.7350930851119	-0.0	89.202782561518	71.75079516806709
120.52501128589407	6.521325338137599	119.73183408845807	22.80890167579004	47.743511680044115	40.80883558758399	267.18148844790784	-0.0	89.93874231492865	71.40480880935311
120.96743722938628	6.542451012864487	120.33942381430528	22.8150903305876	46.059697474687646	40.949673419096584	237.74189230610997	-0.0	90.56190250504196	71.06238519144074
121.3436383488199	6.563718818194843	120.82700026794471	22.82157586782205	44.548218269416765	41.09145878796562	215.63262109144438	-0.0	91.08469095769249	70.72331782298991
121.64944731145903	6.585103182428308	121.22533596547353	22.828326395331956	43.18975959825629	41.23402121618872	195.37149520514626	-0.0	91.51788527320652	70.38742167781659
121.8856110017681	6.606580411406766	121.56079813399877	22.835313182705196	41.9694637298931	41.37720274271177	170.9770689280852	-0.0	91.86981813864078	70.05452929640505
122.06810766503332	6.628128495749414	121.79788226815663	22.842509966740092	40.8796259755014	41.52085663832943	155.94962558115589	-0.0	92.14722295114643	69.72448704847201
122.19169947473988	6.649727167028984	121.97823819363583	22.84989261181894	39.90703328624242	41.66484778019323	138.60561063450533	-0.0	92.3562520424319	69.3971532783301
122.26448534438113	6.671357920618423	122.08179266904986	22.85743894388481	39.0444766660314	41.80905280412282	128.2276911584003	-0.0	92.5024782824601	69.07239737047142
122.32025148707586	6.693003863086118	122.01841215736465	22.865128496341683	38.293839393637725	41.95335908724079	164.81971870504228	-0.0	92.59026780727747	68.75009835736361
122.26525001821894	6.714649418712848	122.16693318068786	22.87294126189278	37.61901605216414	42.09766279141899	94.06654760219773	-0.0	92.62051701430681	68.43013831434469
122.15496520501137	6.7362800277550425	122.08240680002736	22.88086113790224	37.03126829906313	42.24186685170029	80.8100021566682	-0.0	92.61048441318815	68.11242044704755
122.01549146757264	6.757881948335335	122.01041860630919	22.888872666116708	36.53306329597116	42.3858796555689	21.367206502281636	-0.0	92.54935176669746	67.79685182838563
121.80740198078959	6.779442184973566	121.67151497602285	22.896959371124506	36.108358439133625	42.52961456649044	110.58856373516629	-0.0	92.45062850543067	67.48333469876555
121.65865732823369	6.800948521080778	121.57389318267965	22.905108572026748	35.79061016546934	42.672990140538516	87.3428480178139	-0.0	92.29493556923626	67.17179170706393
121.50675361319152	6.822389562114151	121.47486029935625	22.91329599762339	35.55848797726902	42.81593041409434	53.57609770386618	-0.0	92.07543256498981	66.86208507470357
121.158242690301	6.843753990279009	121.16535280657558	22.92151006348901	35.35455814291029	42.9583599351934	-0.0	-0.0	91.84481116318658	66.55414439056531
120.67574586739215	6.865030322382267	120.88203684701539	22.929746283393758	35.20280312384498	43.100202149215114	-0.0	-0.0	91.59149960520719	66.2479368233339
119.79033931461359	6.8862080709629145	120.43043813927171	22.937990647590397	35.19351967439349	43.24138713975277	-0.0	-0.0	91.27537584436779	65.9433797017779
117.80612663055943	6.9072785855111425	120.24790462081963	22.946219706010694	35.19351967439349	43.38185723674095	-0.0	-0.0	90.91293236470668	65.64034127188975
114.72926250838319	6.928231817064392	119.70408267610155	22.954436581074418	35.19351967439349	43.52154544709595	-0.0	-0.0	90.58322447393414	65.33883001723257
110.61966108961313	6.949055474871856	119.52702907244095	22.962638116683795	35.19351967439349	43.66036983247904	-0.0	-0.0	90.22673710694211	65.03882129909259
105.55734646087274	6.969751278220863	118.99394974341828	22.970826416393255	35.19351967439349	43.798341854805756	-0.0	-0.0	89.89624540537085	64.74031831763034
99.64089438732019	6.9903206519635415	118.80402321600263	22.978999943174465	35.19351967439349	43.93547101309028	-0.0	-0.0	89.54543070671455	64.44330505731143
92.98551279911005	7.010760240081013	118.29428584573529	22.98715954408006	35.19351967439349	44.07173493387342	-0.0	-0.0	89.21465558807438	64.14777817889833
85.72079840853914	7.031073957035681	118.08333259616876	22.99530466119506	35.19351967439349	44.20715971357121	-0.0	-0.0	88.8689580326176	63.85372691817076
77.98821314206367	7.051262196192165	117.60158550818298	23.003435398037784	35.19351967439349	44.341747974614435	-0.0	-0.0	88.53841776808542	63.56114409779865
69.93832952731351	7.071323671168216	117.36754135976814	23.011551757049784	35.19351967439349	44.47549114112144	-0.0	-0.0	88.19729672821651	63.270021997432096
61.72789867419601	7.091261663059877	116.9138618308704	23.019653437113153	35.19351967439349	44.608411087065846	-0.0	-0.0	87.86746951904611	62.98035138660545
53.51679794375925	7.1110758527579065	116.65803422341509	23.027740729040815	35.19351967439349	44.74050568505271	-0.0	-0.0	87.53044165147777	62.69212615417323
45.46491774121664	7.130766242274772	116.2300565575068	23.035813142869923	35.19351967439349	44.871774948498484	-0.0	-0.0	87.20173907005123	62.40533615324709
37.72904805496863	7.15033526237645	115.9554336285791	23.043871088520564	35.19351967439349	45.002235082509664	-0.0	-0.0	86.86839307316359	62.11997598821686
30.459825368409653	7.169782475412475	115.54976281710759	23.0519099888306	35.19351967439349	45.131883169416504	-0.0	-0.0	86.54115188888522	61.96143552591199
23.798799395649997	7.189108629844971	115.25990135573687	23.059741478363836	35.19351967439349	45.26072419896647	-0.0	-0.0	86.21127434515442	62.73865885765945
17.87567675908845	7.208315407150182	114.87285212641761	23.067134987896903	35.19351967439349	45.38876938100121	-0.0	-0.0	85.88623356521019	63.95144640916118
12.805795281211916	7.227402556205236	114.57131514319245	23.07398257056454	35.19351967439349	45.516017041368244	-0.0	-0.0	85.56026335796724	65.4278357986095
8.687878072416368	7.24637116518842	114.19949663060606	23.080213434003305	35.19351967439349	45.64247443458947	-0.0	-0.0	85.23816322765781	67.0823663629631
5.711100190351691	7.177991518138104	113.88939516597614	23.08578183730972	36.003304321923046	45.1866101209207	-0.0	302.78822299860155	84.91620153785212	68.84681156486465
3.8660956013994427	7.029379343414532	113.52982574482887	23.090663397284843	38.56903021011681	44.19586228943022	-0.0	444.64056706056755	84.59737407523976	70.65158346225374
3.0796742612146937	6.90174490979933	113.21389737517787	23.09485861039222	41.72561258616899	43.34496606532887	-0.0	488.75291869874263	84.2793623723842	72.41607861006756
3.197200624955351	6.7987236777867555	112.86401544181787	23.09839601131596	44.94401249910702	42.6581578519117	-0.0	474.44197833029364	83.9639196095313	74.04881178628831
3.3526223969129716	6.707557228764414	112.5444303811015	23.101326922370585	48.052447938259434	42.05038152509609	-0.0	457.9120297510376	83.64965111122075	75.51637898861065
3.5025547665494563	6.621230388087888	112.20230798116853	23.103704947059413	51.05109533098912	41.47486925391925	-0.0	441.49431066113635	83.33749057583343	76.82190879004716
3.6470246248076794	6.538967512974303	111.88075744718287	23.105582926781857	53.94049249615359	40.92645008649535	-0.0	425.14283542171324	83.02667515545586	77.96917687405205
3.786053540345801	6.460670705372867	111.54483873645012	23.10701202446751	56.72107080691601	40.404471369152446	-0.0	408.8564207814176	82.71763392565987	78.96235752057063
3.91966383461881	6.386311462847996	111.22261619012326	23.10804226950679	59.3932766923762	39.908743085653306	-0.0	392.6391177204891	82.41000580444182	79.80613723686868
4.04787937139664	6.315866678448716	110.89173194097661	23.108721770250337	61.95758742793278	39.43911118965811	-0.0	376.49595839896443	82.10391312868333	80.50585783949488
4.17072579799296	6.249312562490188	110.56980845842801	23.109096987164424	64.41451595985919	38.995417083267924	-0.0	360.4326189193714	81.79923546156999	81.06771384950638
4.288230769779252	6.186623924715765	110.24309341457548	23.10921197386733	66.76461539558504	38.577492831438434	-0.0	344.4554719895331	81.49592091874318	81.49900686007678
4.400424188969486	6.127773401017997	109.92214640976803	23.109108343969538	69.00848377938972	38.18515600678665	-0.0	328.5716447793874	81.19398522103984	81.80847565356409
4.507338482731768	6.072731644176862	109.59898764528941	23.108824421686503	71.14676965463535	37.81821096117908	-0.0	312.7891823422261	80.89328779118927	82.00668263995215
4.609008935102445	6.021467011989446	109.27949533846026	23.108394857467673	73.18017870204889	37.47644674659631	-0.0	297.11719877085136	80.59391558400702	82.10639142863846
4.70547406553691	5.9739449035457435	108.95945688228657	23.10784964856859	75.1094813107382	37.15963269030496	-0.0	281.56602667145785	80.29569401557963	82.12272871859311
4.796776077858043	5.930127714832641	108.64174939795802	23.107213609878542	76.93552155716085	36.867518098884275	-0.0	266.1474728621566	79.9987430128603	82.07276156546023
4.882961393542823	5.8899742424735395	108.32452149779596	23.106505781393967	78.65922787085647	36.59982828315693	-0.0	250.8750746052102	79.70288812851867	81.97412049053234
4.96408127413772	5.853439124426977	108.0088189259318	23.105739716344015	80.2816254827544	36.35626082951318	-0.0	235.7644282818733	79.40825991642275	81.84286408627864
5.040192580431371	5.820471990309697	107.69418654861992	23.10492421213607	81.80385160862741	36.13647993539798	-0.0	220.83356429083733	79.11470166719465	81.69162186934301
5.111358694156838	5.79101562697853	107.3805669309289	23.104064649837788	83.22717388313676	35.94010417985687	-0.0	206.10327096229156	78.82234135386737	81.52902104381572
5.177650441098301	5.765011318479007	107.06847759565515	23.10316414269569	84.55300882196602	35.76674212319338	-0.0	191.59868171857065	78.53103576717913	81.36032291379094
5.239147712416194	5.742384545035648	106.75706511151753	23.10222451940294	85.78295424832386	35.61589696690432	-0.0	177.34796880346815	78.24091170669713	81.18849676971078
5.295940705318145	5.723057278666692	106.44733576183279	23.101246862576367	86.9188141063629	35.48704852444462	-0.0	163.38539051666828	77.95183749023623	81.01513785758172
5.3481319957109505	5.706939020983959	106.13816603740167	23.100231889122217	87.96263991421901	35.37959347322639	-0.0	149.7512573555328	77.66392621552514	80.84108050465919
5.395838834342231	5.693925438267784	105.83075187504065	23.099180101166493	88.91677668684463	35.29283625511856	-0.0	136.49326996356652	77.37706408033829	80.66675438649567
5.439195832118366	5.683897786067536	105.52384317978314	23.098091909044594	89.78391664236732	35.22598524045024	-0.0	123.66839580840025	77.09134726350901	80.49237915019826
5.478358331008842	5.676717120695087	105.21870455750843	23.096967660809895	90.56716662017683	35.17811413796725	-0.0	111.3437216702869	76.80667870220776	80.31806673213799
5.513505965239615	5.672225768560749	104.91405065700874	23.09580768317538	91.27011930479229	35.148171790404994	-0.0	99.59913507441172	76.52313952620311	80.14387429748905
5.544847040084031	5.670238267333938	104.61116492104773	23.094612283192703	91.89694080168061	35.13492178222626	-0.0	88.52655930916558	76.24064599524371	79.96983122760753
5.572622776327143	5.670537977637587	104.30875115511297	23.093381762587775	92.45245552654286	35.13691985091725	-0.0	78.22851194994551	75.95926800756685	79.79595288852117
5.5971099705250795	5.6728889251143455	104.00809612378988	23.092116416270734	92.94219941050159	35.152592834095636	-0.0	68.81994377961321	75.67893207793851	79.62224756066858
5.618623450163787	5.677018467782104	103.707885629565	23.09081653610445	93.37246900327573	35.180123118547364	-0.0	60.41265265774083	75.39969925139785	79.4487199637012
5.637514198712437	5.682618342269323	103.40950803314358	23.089482412395352	93.75028397424875	35.21745561512882	-0.0	53.09434030389076	75.12150156390953	79.27537302642376
5.654157043305815	5.689403871655322	103.1114921902088	23.088114330693447	94.0831408661163	35.262692477702146	-0.0	46.93534672125256	74.84439643964129	79.10220875774648
5.668939438035339	5.697071263029937	102.81529172295045	23.08671257849303	94.37878876070677	35.31380842019958	-0.0	41.93136132016681	74.56832230187204	78.9292287283864
5.6822372792363725	5.705351683427127	102.51947625338009	23.085277436708928	94.64474558472745	35.36901122284751	-0.0	38.00855511489673	74.29332812688942	78.75643424896502
5.694391010301268	5.714037085681722	102.22543858032347	23.08380918998273	94.88782020602535	35.42691390454482	-0.0	35.041114583848675	74.01936100295413	78.58382653585957
5.7056906526792615	5.722964966962529	101.93182134493068	23.082308114942624	95.11381305358523	35.48643311308353	-0.0	32.857946416418265	73.74646038880967	78.4114067057311
5.716367802780993	5.73202114803948	101.63994246844817	23.080774493482576	95.32735605561984	35.54680765359653	-0.0	31.278332414875326	73.47458237678843	78.23917587327028
5.7265968619023635	5.741135976732298	101.34850036847546	23.079208598260106	95.53193723804726	35.60757317821532	-0.0	30.144562973625614	73.20375942381456	78.06713508863699
5.736503992021715	5.750266335031422	101.05873742117994	23.077610708372482	95.7300798404343	35.66844223354281	-0.0	29.32825323995052	72.93395580644827	77.89528542677343
5.7461776903797315	5.759385130670055	100.76946696059657	23.075981092456693	95.92355380759463	35.72923420446703	-0.0	28.730907019188113	72.66519323711687	77.72362790224913
5.755678515469518	5.768476074514693	100.48182238312745	23.074320026884507	96.11357030939037	35.78984049676462	-0.0	28.2815742193289	72.3974460747442	77.55216356665575
5.765047196076932	5.7775297608974725	100.1947032417276	23.072627776541502	96.30094392153863	35.85019840598315	-0.0	27.931349793445452	72.13072845032416	77.38089340823792
5.7743108591763175	5.786540631052213	99.90912673176047	23.070904614883137	96.48621718352635	35.91027087368142	-0.0	27.64707475020554	71.86502347048649	77.20981845766904
5.783487491477694	5.795505169463221	99.62417923842567	23.069150803082763	96.66974982955388	35.97003446308814	-0.0	27.406292600339242	71.60033261424319	77.03893967900193
5.792588956321341	5.804421367282041	99.34064845712653	23.067366611658382	96.8517791264268	36.02947578188027	-0.0	27.19422153774148	71.33665304313963	76.86825808325858
5.801623091283958	5.813288046012465	99.0578363405228	23.06555229851286	97.03246182567916	36.08858697341643	-0.0	27.00110498723454	71.07397515802583	76.69777461315431
5.810595085421358	5.822104608049856	98.77633172932839	23.063708130791387	97.21190170842715	36.14736405366571	-0.0	26.82061081111179	70.81230511902926	76.52749025796595
5.819508408559322	5.830870766466946	98.4956927327951	23.061834363341603	97.39016817118643	36.20580510977964	-0.0	26.648590379726976	70.55162153909298	76.3574059403454
5.828365406689933	5.839586472772282	98.21616040727272	23.059931259826566	97.56730813379865	36.263909818481885	-0.0	26.482383392490014	70.29194603943182	76.18752262734279
5.8371677033235425	5.848251781766881	97.9376466530643	23.057999072520136	97.74335406647084	36.32167854511254	-0.0	26.320237512390495	70.03324383518216	76.01784122424269
5.845916451188799	5.8568668426369594	97.6601003656143	23.056038061179724	97.91832902377598	36.379112284246396	-0.0	26.161029519306418	69.77554578173466	75.84836267388994
5.854612502186184	5.865431836456067	97.38374139164573	23.054048475689036	98.09225004372367	36.43621224304045	-0.0	26.00400722711245	69.518807129676	75.67908786528038
5.863256505546292	5.873947025766241	97.10812946389744	23.052030571748904	98.26513011092582	36.49298017177494	-0.0	25.848742981948373	69.26307149972135	75.51001771609604
5.8718489893047465	5.882412657355777	96.83386452904904	23.049984597360197	98.43697978609492	36.54941771570518	-0.0	25.694926604087158	69.00828405555593	75.34115310171492
5.880390398654489	5.890828997059212	96.56018122356522	23.0479108037169	98.60780797308978	36.60552664706142	-0.0	25.54236481407266	68.75449433437268	75.17249491267094
5.888881129767132	5.89919628948216	96.28809424250619	23.04580943748714	98.77762259534263	36.661308596547734	-0.0	25.39089368630534	68.50163950985409	75.00404401366472
5.897321537377776	5.907514835602074	96.01628726710597	23.043680744698364	98.94643074755551	36.716765570680494	-0.0	25.24046629954791	68.24978130006029	74.83580126460379
5.905711957552079	5.9157849078555325	95.74625095716671	23.041524971066448	99.11423915104157	36.77189938570355	-0.0	25.091022178577372	67.99884837907204	74.66776752168485
5.914052710762813	5.9240067838936925	95.4764070648465	23.039342357690344	99.28105421525625	36.826711892624616	-0.0	24.942525346884477	67.74890155012568	74.49994361532906
5.922344106849309	5.9321807447151835	95.20842860372129	23.03713314938777	99.44688213698616	36.88120496476789	-0.0	24.79495647540385	67.49987600349232	74.33233039345495
5.930586451409335	5.940307049145796	94.94048024470823	23.034897581895677	99.61172902818669	36.93538032763864	-0.0	24.64827293196846	67.25182790715918	74.16492865522855
5.938780041198693	5.948385981872324	94.67447019258476	23.032635899132273	99.77560082397385	36.989239879148826	-0.0	24.502475223983843	67.00469604113509	73.99773924059629
5.946925168408992	5.956417830934558	94.40853514462377	23.030348332469018	99.93850336817984	37.04278553956372	-0.0	24.3575739318977	66.75852753316359	73.83076292191784
5.9550221269770995	5.964402848186242	94.1444404567658	23.02803512370377	100.10044253954199	37.09601898790828	-0.0	24.21353083652603	66.5132745440965	73.66400052506616
5.963071205363237	5.972341305150383	93.8805028647191	23.025696500886994	100.26142410726473	37.14894203433589	-0.0	24.070339355660366	66.26897217884624	73.49745280187538
5.971072687365956	5.980233488213603	93.6182748573145	23.02333270308946	100.4214537473191	37.20155658809069	-0.0	23.928018158175163	66.02558476557385	73.33112056034913
5.979026858281418	5.988079657110552	93.35632923344009	23.02094395534445	100.58053716562834	37.253864380737014	-0.0	23.78654928359462	65.78313356816376	73.1650045333326
5.986967490793904	5.996592984284308	93.09597813743619	23.018531383388783	100.73934981587807	37.30436570067427	-0.0	24.527399844872303	65.54159463406191	72.97348252540516
5.996429000032888	6.0136467988252535	92.83602212665879	23.016167949426688	100.92858000065776	37.28145514478033	-0.0	32.80415254998708	65.30093278064756	72.30005579935079
6.008660501473999	6.034820160402587	92.57750233423195	23.01403764293644	101.17321002947997	37.11644582700599	-0.0	40.4348696428806	65.06099261349662	71.07734056140785
6.0233170450084135	6.058920591785899	92.31950293523381	23.012301812633464	101.46634090016826	36.82389085534786	-0.0	47.17225533714545	64.8216052978547	69.41541208068648
6.040006089538409	6.084654643935538	92.06282432358742	23.011082004236627	101.80012179076817	36.427841038329596	-0.0	52.82551135408532	64.58263609890027	67.45166767949107
6.058325328356043	6.109897139217341	91.80682041301199	23.010450447251575	102.16650656712085	35.953376004008405	-0.0	56.77356936842296	64.3440271352861	65.34952219227743
6.077738826107273	6.134223205996115	91.55192538762552	23.010424064469778	102.55477652214546	35.43857780421817	-0.0	59.41610676451792	64.10574302183267	63.2826288518882
6.097763214576365	6.156207716517805	91.29789746120021	23.010964063622755	102.9552642915273	34.91377905343157	-0.0	60.438244277444134	63.86779122146837	61.416861224562155
6.117868539435242	6.175286857061042	91.04483220576351	23.01198127690745	103.35737078870483	34.41066306086604	-0.0	59.90529902782001	63.630263609762075	59.8937414727378
6.137539766347423	6.190943689786187	90.79276747369191	23.0133462872395	103.75079532694846	33.95568182689115	-0.0	57.77322229997864	63.393242785216515	58.81759776668201
6.156248076885259	6.203178740625613	90.54149950310095	23.014902968129075	104.12496153770518	33.572267024094664	-0.0	54.15871567690763	63.15690705060873	58.247804237282736
6.173468214816402	6.212139362191972	90.2913638555768	23.0164836161833	104.46936429632802	33.27873472524975	-0.0	49.16245224735179	62.92136296989529	58.196477452577696
6.188643722418469	6.217988358745868	90.04191286680344	23.017924040396874	104.77287444836936	33.088077687036815	-0.0	42.825690542738776	62.68681143055337	58.630981051060154
6.201822582826873	6.217914717876556	89.79371313074847	23.01907724598033	105.03645165653745	32.991987993069905	-0.0	31.71369484316179	62.45334859464334	59.47954354526316
6.212002658923176	6.216768877998331	89.54607298810042	23.01982519678318	105.2400531784635	33.02041895959004	-0.0	17.25945225658139	62.22112017771053	60.636818761841106
6.247690678904872	6.222233339743865	89.29971717911417	23.02008975572826	105.32980660519304	33.21528644527403	-0.0	-0.0	61.990172096335236	61.96059543771018
6.919951345356659	6.220519318971506	89.05391643371392	23.019876022655865	105.32877815516119	33.495050155921454	-0.0	-0.0	61.760553621856275	63.010098956630834
8.466004780835284	6.2117865121071185	88.80939275998233	23.019242547531306	105.32877815516119	33.85057283449188	-0.0	-0.0	61.53215842209913	64.25352161070046
10.878263703664608	6.199546836872796	88.56537652178746	23.01806151162802	105.32877815516119	34.286671083524176	-0.0	-0.0	61.30511793142526	65.90503618926896
14.144970627851073	6.1853931988434265	88.32267804639196	23.016217604274132	105.32877815516119	34.79222465007662	-0.0	-0.0	61.079489600631	67.8567418163176
18.250203439668436	6.17042516521507	88.08043370693272	23.013633893674523	105.32877815516119	35.34772799120074	-0.0	-0.0	60.855400857059784	69.98176456671963
23.17395300293788	6.15650760932916	87.8396011978198	23.010276795158628	105.32877815516119	35.93289050044069	-0.0	-0.0	60.63281744033894	72.14169960195115
28.89222068468587	6.14476635690885	87.59899554345662	23.00615869183033	105.32877815516119	36.518364520197565	-0.0	-0.0	60.41180137154468	74.19345100839483
35.37713532583423	6.137060382114534	87.35996004545038	23.001338298481322	105.32877815516119	37.0764180898493	-0.0	-0.0	60.192278956659045	75.99647361164887
42.59708908680094	6.134791649263201	87.12114422349	22.995918600727958	105.32877815516119	37.5762506854963	-0.0	-0.0	59.97415349162073	77.42015355861881
50.51689150589016	6.139196097081937	86.88376558226288	22.990042440302567	105.32877815516119	37.98922951890651	-0.0	-0.0	59.75728884532606	78.35102635451655
59.097941019595076	6.151016011283012	86.64676589898092	22.983885802445595	105.32877815516119	38.29063142626475	-0.0	-0.0	59.54153735995153	78.69948410426751
68.29841310878217	6.169695466272908	86.41100723067638	22.977648370358967	105.32877815516119	38.46463644181939	-0.0	-0.0	59.326701026886084	78.42994850340385
78.073464153764	6.184146692273633	86.17579056925376	22.97147203529944	105.32877815516119	38.56097794849089	-0.0	-0.0	59.11262871204959	77.98573097596352
88.2267732568656	6.197398100925871	88.01734298888437	22.965370255416563	105.15125387994135	38.64932067283914	137.29065561177487	-0.0	58.90057436996451	77.54423717290736
97.01181025893453	6.211211871309219	93.7093515078267	22.959397587393255	103.05166073775165	38.741412475394796	545.1800506252088	-0.0	59.281705361888896	77.10573959778479
102.71961921089427	6.225816438460068	93.63593151073924	22.9539943167257	98.0425164487322	38.83877625640046	904.1747027062593	-0.0	61.56722832600264	76.67253477337546
106.1220586088435	6.241239634063878	95.74501496607917	22.94967664646593	91.69129708735211	38.941597560425855	966.4025702825868	-0.0	64.85576455365093	76.24730390166798
108.40224124605568	6.257467403478576	98.90117094504971	22.94658332603784	85.36644188920486	39.049782689857174	924.7141867034036	-0.0	68.17827355159062	75.83073272598789
109.94927624930463	6.274466573037586	101.78720884795241	22.9446763915064	79.41371218695664	39.16311048691724	857.0799648350785	-0.0	71.30823902435112	75.42257633367267
111.02233167896428	6.292190471357782	104.39691358222245	22.943875119388714	73.97521877470803	39.28126980905188	772.1966256768831	-0.0	74.15586552987737	75.0223667321135
111.86473745103049	6.310582249025469	106.71466739608528	22.944075160783186	69.1313365847708	39.403881660169795	680.8129735434464	-0.0	76.66642125022365	74.62951439447717
112.64932874710922	6.329578001220342	108.75671165988877	22.945161297131957	64.8910673335097	39.53052000813561	591.8914916180508	-0.0	78.82599313543365	74.24337586165605
113.46581117940403	6.349110017134461	110.51842523614631	22.947019881526728	61.209651513237844	39.660733447563075	515.0385761214341	-0.0	80.6557173053937	73.86331932907149
114.3102351768992	6.3691101002759725	112.05398032626535	22.94954851602768	58.00114862035548	39.79406733517315	450.62505096482	-0.0	82.20007233212246	73.4887753768891
115.13819091140255	6.389512724175336	113.36124364292816	22.95266133674565	55.176689998565095	39.93008482783557	399.9065567888265	-0.0	83.512360377195	73.11926437397373
115.89516520118063	6.410257669578031	114.48420938771471	22.956289172270015	52.659692685873786	40.06838446385354	356.3509831780076	-0.0	84.63896901742376	72.75439682655353
116.5634603179781	6.431291763883819	115.42509482684005	22.9603757513889	50.40320338817909	40.20861175922546	320.0826365212961	-0.0	85.61166878713877	72.39385299207298
117.14623856423377	6.452569462709845	116.22200431492998	22.964872981419262	48.3766213621749	40.350463084732304	288.4113077487453	-0.0	86.44937157560057	72.03735772887708
117.65244059350887	6.474052283998404	116.91186358672427	22.969737877852836	46.55639199834597	40.493681893322695	258.17035192022814	-0.0	87.1652175110171	71.68466415011488
118.09187884246516	6.495707432368937	117.48373394615784	22.974931621777408	44.92287711031616	40.63804954912625	233.9509364539049	-0.0	87.77165896882128	71.33554853131854
118.45684858259139	6.517506169727863	117.97801917762618	22.980419508527426	43.45307871651133	40.78337446485242	207.59250094083114	-0.0	88.28089350508448	70.98980991954738
118.75814209084815	6.539422468691461	118.36026703232783	22.98617059597202	42.133837389482856	40.92948312460974	189.23201438136584	-0.0	88.70323110097976	70.64726816628634
118.9931845631808	6.561432239494518	118.67542050683906	22.992156943612564	40.94944958402738	41.076214929963456	169.1116940686154	-0.0	89.04655727744034	70.30775982359927
119.17270638656085	6.583513096194468	118.90864207264971	22.998352968386218	39.8908262325298	41.22342064129646	154.1615654175908	-0.0	89.31738355219582	69.97113467564861
119.2966344017277	6.605644402076218	119.07788256366774	23.004735165174917	38.94684816358736	41.37096268050812	140.31274149340916	-0.0	89.52175034075627	69.63725420277576
119.37175247564213	6.627807302547681	119.16728382382529	23.011281949708593	38.11014413486798	41.518715350317876	135.65463008506387	-0.0	89.66514612102101	69.30599069534769
119.38296593422264	6.649984586566698	119.26180270890907	23.017973346736273	37.36782150944129	41.66656391044466	104.42552503205792	-0.0	89.75161213721239	68.9772255594136
119.34487036784127	6.672160398077006	119.25542711851539	23.024791010834992	36.71749790161097	41.814402653846706	89.7211928104468	-0.0	89.7873475652203	68.65084938102595
119.26688247502231	6.694319927262009	119.2018640973457	23.031718085775903	36.155978394657836	41.96213284841339	76.4961044164653	-0.0	89.77357905213927	68.3267611339252
119.20308802352324	6.716449199215074	118.86448803057037	23.038737794347963	35.693981499228485	42.10966132810049	174.56803649510945	-0.0	89.71250859439182	68.00486073756073
119.01564266798242	6.738534969852254	118.96625600653832	23.045834936075096	35.286703144001315	42.25689979901503	66.6693297549127	-0.0	89.60421935481874	67.68505691334205
118.84852705012551	6.760564564592808	118.8419251958666	23.052991600299396	34.97286017073347	42.40376376395205	24.375538625896894	-0.0	89.44595977429724	67.36724463149616
118.56723128860125	6.782526148192638	118.56748903207988	23.06019551114445	34.710797717120634	42.55017432128426	-0.0	-0.0	89.26269764676368	67.05134901501305
118.23928256705932	6.8044087010391	118.23998407979647	23.067437504639045	34.51800797315454	42.69605800692734	-0.0	-0.0	89.04679594931306	66.73731188961777
117.8892698799095	6.826201237151071	117.90559570939224	23.074703580249118	34.40922403139672	42.84134158100714	-0.0	-0.0	88.7839946204081	66.42504999284515
116.97560537570932	6.847893029583077	117.6331834895521	23.081977215172085	34.39681929663636	42.98595353055385	-0.0	-0.0	88.4670413235563	66.1144672654874
115.00132547429043	6.86947607418867	117.35011682730666	23.08924148336937	34.39681929663636	43.129840494591136	-0.0	-0.0	88.1233291574068	65.80546605971361
111.96147367939832	6.890940253530325	116.92352304012334	23.096498754213194	34.39681929663636	43.2729350235355	-0.0	-0.0	87.79832478281305	65.49805054715777
107.91524341116391	6.9122705271308735	116.6581937082273	23.103746491179855	34.39681929663636	43.41513684753916	-0.0	-0.0	87.45871081950146	65.19219905762509
102.94142476343818	6.933470284197571	116.2276982048487	23.110986398308825	34.39681929663636	43.55646856131714	-0.0	-0.0	87.13448682814054	64.88791235087201
97.13687026612489	6.95454099366603	115.96517526422761	23.118217052731378	34.39681929663636	43.69693995777354	-0.0	-0.0	86.79896353046163	64.585174718207
90.61460892728535	6.975477921496859	115.54172443389487	23.12543927927314	34.39681929663636	43.83651947664573	-0.0	-0.0	86.47568986803583	64.2839823769786
83.50164527927207	6.99628645526266	115.274165997409	23.13265235787886	34.39681929663636	43.975243035084404	-0.0	-0.0	86.1440191149598	63.98432341541878
75.93648628689738	7.01696652042846	114.86306999231822	23.139856566956198	34.39681929663636	44.11311013618974	-0.0	-0.0	85.8219169903937	63.686191260047934
68.06644427484193	7.03751624523077	114.58707138813767	23.147051613995995	34.39681929663636	44.25010830153847	-0.0	-0.0	85.49383493500034	63.38957634497836
60.044768392964706	7.057939954652028	114.19020091846876	23.15423745683054	34.39681929663636	44.38626636434685	-0.0	-0.0	85.17313085169351	63.094470494590794
52.02766047696856	7.078236715796825	113.90500412440896	23.161414046434434	34.39681929663636	44.521578105312166	-0.0	-0.0	84.84838304276691	62.80086551793425
44.171233412982	7.098406435291638	113.5222256358762	23.168581168646476	34.39681929663636	44.656042901944254	-0.0	-0.0	84.5292845481453	62.50875241921481
36.62847123420851	7.118452174449355	113.22852460326803	23.175738898882766	34.39681929663636	44.7896811629957	-0.0	-0.0	84.2076435221834	62.21812375383087
29.54625014406978	7.138372945529472	112.85869247346542	23.182881985185993	34.39681929663636	44.922486303529816	-0.0	-0.0	83.89032713408818	62.06320993726288
23.06247847386632	7.158169652140457	112.55788062110497	23.189820906899893	34.39681929663636	45.05446434760305	-0.0	-0.0	83.57172374244735	62.83658976353885
17.303411267069574	7.177844287120998	112.19938405033602	23.196325082320406	34.39681929663636	45.18562858080666	-0.0	-0.0	83.25680918124856	64.05384661626715
12.381191781882016	7.197396197045526	111.8930957186315	23.202284572959513	34.39681929663636	45.315974646970176	-0.0	-0.0	82.94179206226924	65.53822357123381
8.39166778510957	7.216826712623532	111.54427592888281	23.20762797992728	34.39681929663636	45.445511417490216	-0.0	-0.0	82.62993280739177	67.20231228163131
5.532911327993288	7.139496456607465	111.23406593230814	23.212309084978145	35.30797900002206	44.9299763773831	-0.0	316.87784797676545	82.31868505584913	68.97650207613856
3.766324019738642	6.9923493226612905	110.89336394248211	23.216303798733293	37.92834775697427	43.948995484408606	-0.0	449.02848621514596	82.0101498918253	70.78997240879171
3.037155662115198	6.866499320777025	110.58066990168282	23.21961300357969	41.099919749591514	43.10999547184683	-0.0	489.2177211287058	81.7026696596642	72.56083832644603
3.165874279771725	6.764707211190624	110.24669285355954	23.222266235535034	44.3174855954345	42.431381407937494	-0.0	474.2647553990083	81.39752168363931	74.1974498438146
3.3212432673203973	6.674108452595225	109.93270442346369	23.224315076432273	47.42486534640795	41.827389683968164	-0.0	457.77076586396026	81.09363908171991	75.66871557799183
3.471133824337702	6.588260777652783	109.60434413944405	23.22581324069924	50.42267648675404	41.255071851018556	-0.0	441.3846786899071	80.79174375832098	76.97786238752326
3.615572431360049	6.506458154564042	109.29001575416174	23.226813502600578	53.311448627200974	40.70972103042695	-0.0	425.06512171695476	80.49119461150023	78.12864692895639
3.754580870074408	6.428609700052049	108.96636677423949	23.227367119955307	56.09161740148815	40.190731333680326	-0.0	408.81145027213046	80.19236777828493	79.12521982869204
3.8881817588687135	6.354687562786423	108.65244414814785	23.227524093524334	58.76363517737427	39.69791708524282	-0.0	392.62782981451636	79.89490436835892	79.97223585317185
4.016399284356759	6.28466837138416	108.33280738410873	23.227332627451958	61.32798568713518	39.2311224758944	-0.0	376.51934603578144	79.59896172093381	80.67499557756558
4.1392594346530425	6.2185281012837645	108.01986342196741	23.226839198428937	63.785188693060846	38.790187341891766	-0.0	360.4917359169557	79.30435864052095	81.23963797169739
4.256790228291383	6.156241362010178	107.70370597460764	23.226087977392773	66.13580456582766	38.374942413401186	-0.0	344.5514415256809	79.0111214558622	81.6733908306281
4.369021952027705	6.097780457349299	107.3921442822892	23.225120655995962	68.3804390405541	37.98520304899533	-0.0	328.7056534083338	78.71917733661078	81.98489441860504
4.475987440253455	6.043115744649586	107.0790769633283	23.22397572910062	70.51974880506909	37.62077163099724	-0.0	312.96248820706643	78.42847978732422	82.18458382990585
4.577722410039341	5.992215262621605	106.7691953083936	23.222688017662648	72.55444820078681	37.281435084144036	-0.0	297.3311340683843	78.13901987995261	82.28506748365136
4.674265836505711	5.945044109519526	106.45893681970556	23.221287780238217	74.4853167301142	36.966960730130175	-0.0	281.822004221394	77.85071775149459	82.30130787080486
4.765660404696916	5.901564405654535	106.15094076605325	23.219800110834036	76.31320809393833	36.677096037696906	-0.0	266.4469929645504	77.563601461125	82.2502460565259
4.851953048329861	5.861734377481718	105.84327725772978	23.21824437918689	78.0390609665972	36.41156251654479	-0.0	251.2196908524311	77.27758392620707	82.1494930844961
4.933195564436826	5.825508107405334	105.53729448473858	23.216634431121676	79.66391128873651	36.17005404936889	-0.0	236.15574084813554	76.99271364047893	82.01523141069227
5.009445362848921	5.792835126328551	105.23210311555496	23.214979313574105	81.18890725697842	35.95223417552368	-0.0	221.27327045415336	76.70890874336618	81.8603153842805
5.080766364079036	5.763659171241615	104.928213315603	23.213284567059286	82.61532728158072	35.75772780827744	-0.0	206.5933214013977	76.4262273506753	81.69360855320635
5.147230069110126	5.737917091553873	104.62538495869288	23.211553404892847	83.94460138220252	35.58611394369249	-0.0	192.1404145481481	76.14459578235638	81.52055874213953
5.208916850397904	5.715537946109715	104.32363723742525	23.20978769757172	85.17833700795809	35.43691964073144	-0.0	177.94330131249163	75.86407140425881	81.34425635989886
5.265917476930663	5.696442363811738	104.02310862855788	23.207988545391007	86.31834953861325	35.309615758744926	-0.0	164.0359882162058	75.58458857552225	81.16636901634965
5.318335072150752	5.680537861182516	103.72352300760159	23.206156659760577	87.36670144301505	35.20358574121677	-0.0	150.4582145131505	75.30620014899426	80.98777118606606
5.366287189204373	5.667722835177834	103.42524816138061	23.20429253164554	88.32574378408745	35.118152234518895	-0.0	137.25788820079273	75.02884722055339	80.80891405415612
5.409908770750908	5.657875467543451	103.12783637956976	23.202396552217785	89.19817541501816	35.05250311695634	-0.0	124.49063639299912	74.75257662315107	80.63002861497725
5.449354970331661	5.650860887119451	102.83177465210017	23.200469049628914	89.98709940663322	35.005739247463005	-0.0	112.2235260506319	74.47733627534167	80.45123262872995
5.484805160987035	5.646517917066822	102.53653237141417	23.198510328324776	90.69610321974069	34.976786113778815	-0.0	100.53381150133858	74.20316689763433	80.27258621321765
5.516466535576253	5.64466456009218	102.24266607303899	23.19652067276754	91.32933071152506	34.96443040061454	-0.0	89.5118792800456	73.93002166657286	80.09412017756188
5.544578380583709	5.645088186571264	101.9495766412825	23.194500362078365	91.89156761167418	34.96725457714176	-0.0	79.25820382914418	73.65793722545347	79.91585053739144
5.569414836385199	5.647552100904982	101.65788256045391	23.192449667761224	92.38829672770399	34.98368067269988	-0.0	69.88260894161314	73.38687057228428	79.73778581319831
5.591286625570606	5.6517881726600185	101.36693288110551	23.19036885948581	92.82573251141213	35.011921151066794	-0.0	61.4926556028301	73.11685480785192	79.55993076136646
5.61053850961281	5.657504116435365	101.07738886542984	23.18825820353325	93.21077019225619	35.05002744290243	-0.0	54.17887435532127	72.84785025957365	79.38228823101063
5.627540371813558	5.664403387873764	100.78856768809045	23.186117964316114	93.55080743627117	35.0960225858251	-0.0	47.99935940992202	72.57988683349822	79.20486011220922
5.642672289073056	5.6721982569589695	100.50115852094666	23.183948404825536	93.85344578146112	35.14798837972646	-0.0	42.95780479574784	72.31292818348992	79.02764781083079
5.656304237910727	5.680626524601492	100.21444748822398	23.181749785269343	94.12608475821455	35.204176830676616	-0.0	38.989010223046414	72.04700108079629	78.85065247883193
5.668774591496711	5.689466878869423	99.92916794212624	23.17952236587488	94.37549182993422	35.26311252579615	-0.0	35.96203499239839	71.78207159549078	78.67387514772571
5.680371452793661	5.698563216176016	99.64454373751356	23.177266402926996	94.60742905587323	35.323754774506774	-0.0	33.71921131042594	71.51816490980191	78.49731676716922
5.691327157173165	5.707799901906348	99.36136620425476	23.174982154166333	94.8265431434633	35.38533267937566	-0.0	32.08654773926192	71.25524968248929	78.3209782632482
5.701818246561263	5.717104814482799	99.07882461612533	23.172669871842402	95.03636493122526	35.44736542988533	-0.0	30.90971522185233	70.99334654448862	78.14486051651026
5.711974043909439	5.72642891487454	98.7977405767076	23.17032981140463	95.23948087818879	35.5095260991636	-0.0	30.05710290960844	70.73242911281565	77.96896441563905
5.7218856268741805	5.735744118132164	98.51725896212648	23.167962221215628	95.4377125374836	35.57162745421443	-0.0	29.43052333248548	70.47251469864138	77.7932908065146
5.731615820306631	5.745033449100428	98.23823133244942	23.165567354252826	95.63231640613262	35.63355632733619	-0.0	28.958622198100432	70.2135802364094	77.61784055579821
5.741207260655518	5.754286595205883	97.95982722190634	23.163145455085097	95.82414521311036	35.69524396803922	-0.0	28.591229588771487	69.95563663808574	77.4426144831618
5.750688607684393	5.7634970020399585	97.68281347043711	23.160696774440495	96.01377215368785	35.75664668026639	-0.0	28.293544267603792	69.6986713514783	77.26761343876974
5.76007895022744	5.772660806755596	97.40649094639059	23.15822155306301	96.20157900454879	35.817738711703974	-0.0	28.04221876046445	69.44268300217813	77.09283821828515
5.769390971660883	5.781775688325944	97.13147591727366	23.155720039068473	96.38781943321766	35.87850458883963	-0.0	27.821660474643522	69.18766992836372	76.91828965443494
5.778633097234739	5.7908402873893285	96.8572120826175	23.15319247000655	96.57266194469477	35.938935249262194	-0.0	27.621538419535412	68.93362233795844	76.74396852272646
5.787810928794964	5.799853931342591	96.58410199176241	23.15063909109521	96.75621857589928	35.99902620895061	-0.0	27.4351537124672	68.68055027925385	76.56987563714547
5.796928249630297	5.808816125279319	96.31204412438439	23.1480601368426	96.93856499260595	36.05877416852879	-0.0	27.257883778163034	68.42842065215068	76.39601175419129
5.805987598697365	5.8177268847468095	96.04077529468063	23.14545584910507	97.11975197394729	36.1181792316454	-0.0	27.086996475990286	68.17727438724756	76.2223776668737
5.8149907506725675	5.826586191913585	95.77079449362152	23.14282646041093	97.29981501345134	36.1772412794239	-0.0	26.920532638928396	67.9270553714785	76.04897411791225
5.823938959889794	5.835394183099926	95.50143591635518	23.140172208386492	97.47877919779589	36.23596122066618	-0.0	26.757269117629427	67.67781539285124	75.87580187527912
5.83283315077291	5.844151024735218	95.23353826535461	23.13749332394031	97.6566630154582	36.294340164901456	-0.0	26.596374238687083	67.42949096552648	75.70286167005538
5.841674024714797	5.852856967061469	94.96606301940562	23.13479004037358	97.83348049429593	36.3523797804098	-0.0	26.437357974408698	67.18214227407009	75.53015424445256
5.850462145748616	5.861512262630966	94.70017464780327	23.13206258722316	98.00924291497232	36.41008175087311	-0.0	26.279884039829334	66.93570077665424	75.35768031924923
5.85919798634675	5.870117176813016	94.43460586479856	23.129311193324774	98.183959726935	36.46744784542011	-0.0	26.12373258440758	66.69022648939593	75.1854406102667
5.867881962202565	5.878671963465156	94.17074694475694	23.126536087028548	98.3576392440513	36.524479756434374	-0.0	25.968732716710253	66.44565201624583	75.01343582919623
5.876514444517572	5.887176924592782	93.90707259673866	23.12373749256453	98.53028889035144	36.58117949728521	-0.0	25.8148214152376	66.20203740543316	74.8416666647667
5.885095782504081	5.895632335326797	93.64514675129318	23.120915637029967	98.7019156500816	36.63754890217865	-0.0	25.6619280534372	65.95931831996263	74.67013381924168
5.8936263074193835	5.904038479151762	93.38339337467504	23.118070740450953	98.87252614838766	36.693589861011745	-0.0	25.510012412259556	65.71754711620103	74.49883795625577
5.90210634047287	5.912395629516756	93.12339933211302	23.11520302838035	99.0421268094574	36.749304196778375	-0.0	25.359033207968924	65.4766677397374	74.32777976744165
5.91053619280301	5.920704072153677	92.86357990986217	23.11231271694837	99.21072385606018	36.80469381435785	-0.0	25.20897577087746	65.2367247924888	74.15695989327334
5.918916167796802	5.928964107051368	92.60545749072709	23.109400029918355	99.37832335593602	36.85976071367579	-0.0	25.05985242196009	64.9976728738101	73.9863790128169
5.927246570866715	5.937175987537711	92.34754709386809	23.106465179775185	99.5449314173343	36.91450658358474	-0.0	24.911614599163386	64.75954498523359	73.81603774507363
5.935527700031329	5.94533999328621	92.09128455698263	23.10350838816885	99.71055400062659	36.96893328857474	-0.0	24.764255055019543	64.52230485547005	73.64593675559186
5.943759848178859	5.953456420034795	91.8353192123696	23.100529864459276	99.87519696357717	37.02304280023196	-0.0	24.617793178836962	64.2859757920752	73.47607664386642
5.951943309329486	5.9615255363728235	91.58088173979641	23.097529827856473	100.0388661865897	37.076836909152156	-0.0	24.472212613668955	64.05053399830001	73.30645806015245
5.960078376177769	5.969547603082863	91.32682347434145	23.09450848488159	100.20156752355537	37.13031735388576	-0.0	24.327488188639098	63.81599157096996	73.13708158676167
5.968288803478366	5.977952047434589	91.07417903564503	23.0914671198641	100.3657760695673	37.178439916083185	-0.0	24.575450092804733	63.58233647078339	72.9350000107087
5.977871488214411	5.99588017988263	90.82206921471544	23.08848475666622	100.5574297642882	37.155998083606555	-0.0	33.5491166689039	63.3495125344782	72.23318477536928
5.990330854469229	6.0173350124046205	90.5712010415079	23.085747616789426	100.80661708938457	36.98865634589889	-0.0	41.08235473974173	63.117374485501685	70.98008825784608
6.005184415784022	6.041659286294612	90.32099384097265	23.083417526569665	101.10368831568044	36.69482384332481	-0.0	47.745988385537395	62.885741481316096	69.28716693779215
6.022058667185706	6.067371189348237	90.07189745959326	23.081615839085348	101.44117334371411	36.29749148884257	-0.0	53.21684540780474	62.65450438727377	67.29415983649649
6.040514914765011	6.092993818057915	89.82361179517102	23.080413842081267	101.81029829530021	35.825854068965356	-0.0	57.27068583321193	62.42356529858978	65.16668397872395
6.0600726336318385	6.1172589305249145	89.57626924782944	23.079826865030288	102.20145267263676	35.31251787496251	-0.0	59.784141340469674	62.192929081237054	63.08014548906853
6.080215845926704	6.139312230682427	89.3298658208101	23.079814051350183	102.60431691853407	34.79116254858789	-0.0	60.77436998630855	61.962577862426194	61.201570761339795
6.100425704554782	6.158468583369786	89.08426983118632	23.08028389604854	103.00851409109563	34.2924229986226	-0.0	60.230224355698404	61.732626652425814	59.672983880167855
6.120200130221844	6.174080279877604	88.83981976962433	23.081104589966827	103.40400260443687	33.841705063452544	-0.0	58.03024516133815	61.503144837484435	58.59859073508871
6.138992486074898	6.186439855370308	88.5959553671242	23.082117741901854	103.77984972149794	33.4638643409572	-0.0	54.45604264875609	61.274321808419714	58.03710715633296
6.156282407574799	6.195593966038601	88.3533684345866	23.083153671660682	104.12564815149597	33.17638045709206	-0.0	49.56785656035192	61.04625860789703	57.9995763412777
6.171703436491105	6.200471485140099	88.11125963963097	23.084046609206425	104.4340687298221	32.985172567667405	-0.0	42.40286594750527	60.81917495709719	58.45199631704581
6.1849181898390295	6.201497169466457	87.87052187810733	23.08464846449082	104.69836379678058	32.89982459347688	-0.0	32.18984664011616	60.593141684068435	59.3210206469809
6.193783092456705	6.203907608097753	87.63019837804671	23.084840651051415	104.8756618491341	32.95227010857884	-0.0	25.15516303993009	60.36832589399034	60.49948018082956
6.236852131715977	6.20843055683924	87.39122821165287	23.084545171488028	104.95016368091326	33.1457193266433	-0.0	-0.0	60.14476493609814	61.84173807652601
6.9357192647249235	6.2062016850129265	87.15269694976647	23.08377087776853	104.948401412484	33.425833033598856	-0.0	-0.0	59.92250865479381	62.897183596478484
8.505048552988939	6.197543410440044	86.91548681179694	23.08257263794591	104.948401412484	33.78430385263277	-0.0	-0.0	59.70145248769418	64.17056761467701
10.93710221665796	6.18558867091588	86.67870475720504	23.08081945463191	104.948401412484	34.22374831775332	-0.0	-0.0	59.481727776440415	65.85165662768645
14.220026289055507	6.171722849887353	86.44324372862378	23.078396411866507	104.948401412484	34.731751140214286	-0.0	-0.0	59.263397390051004	67.83108065996505
18.337819613160683	6.157241672220513	86.20819013486172	23.075227451320757	104.948401412484	35.289875448183096	-0.0	-0.0	59.0465699121678	69.98029197353974
23.270411832149577	6.143557791634339	85.97447034917002	23.071280375272128	104.948401412484	35.87500574276854	-0.0	-0.0	58.83125252570471	72.15939005283256
28.993761213446128	6.1322787563872465	85.7411075486882	23.066569406942847	104.948401412484	36.46068506370447	-0.0	-0.0	58.61747609037505	74.22403957639114
35.47997182948205	6.125066098385613	85.50908298511916	23.061155449059477	104.948401412484	37.018012275881	-0.0	-0.0	58.405148366763925	76.03278096791462
42.69742952402068	6.123271509077996	85.27741981874198	23.05514391096435	104.948401412484	37.51598302091255	-0.0	-0.0	58.1941977285699	77.45446727874399
50.61095600133461	6.12819413844953	85.04704236664926	23.048680162564764	104.948401412484	37.92660969816229	-0.0	-0.0	57.98447857082171	78.37552238062278
59.18198028721115	6.1405221019196885	84.81710396706977	23.041942683856103	104.948401412484	38.225159468339314	-0.0	-0.0	57.775841189234946	78.70666828659162
68.36872672604244	6.159468068044492	84.58831260938064	23.035133174787834	104.948401412484	38.396453786963285	-0.0	-0.0	57.56808381395639	78.41975320204659
78.12641859773467	6.1740158366626305	84.36008303726143	23.028389744682578	104.948401412484	38.493438911084205	-0.0	-0.0	57.361059573793554	77.97261234755948
88.1083594362566	6.187498708925156	87.76099840367104	23.02172440092495	104.59265612146254	38.5833247261677	176.81202711552476	-0.0	57.166518564975206	77.52822910276349
96.38649857270113	6.201562081035342	92.04844450483361	23.015231838879213	102.00944610252976	38.677080540235615	624.839872373776	-0.0	57.83467547260864	77.08708670812314
101.5977994045235	6.216423011183772	92.01084784314101	23.009415898540315	96.63985329042457	38.77615340789181	928.8840834702811	-0.0	60.39336534899516	76.65181379047144
104.78648169220764	6.232108763044212	94.52548646793917	23.004734099446132	90.25015185182113	38.88072508696141	960.9836471991406	-0.0	63.724197225866305	76.22478031225793
106.95591189649315	6.248605589272283	97.65758105059773	23.00127732107098	83.97984441229194	38.990703928481885	914.794936655526	-0.0	67.02531458655413	75.80641947138542
108.42912001814477	6.26588049288242	100.50567216847024	22.99899824497663	78.10238378179261	39.10586995254947	844.4585877772265	-0.0	70.120595932067	75.39643721777246
109.46397507581537	6.283886776202916	103.07917468494101	22.99781255323292	72.75278340735126	39.225911841352776	758.0448767577633	-0.0	72.92446478325807	74.99434688324708
110.29533493013685	6.302567376671603	105.35840257661022	22.997613862242584	68.00213317369315	39.35044917781069	666.5762610665013	-0.0	75.3878705946693	74.59954855248925
111.0866900206803	6.3218580093399215	107.34942707088514	22.998286672191806	63.85245334345757	39.47905339559948	579.9600550741092	-0.0	77.50183457700643	74.21139763623165
111.90829973415782	6.34169043716654	109.09631798218723	22.999718467922346	60.248657972054076	39.61126958111027	503.0689392889937	-0.0	79.29076647343041	73.82926862225946
112.75658835344036	6.361995818317107	110.60114218572029	23.001808882885808	57.107135968889736	39.746638788780714	440.4431349161961	-0.0	80.80151870848654	73.45260307120441
113.58211877311716	6.382707898836198	111.87652516317867	23.00447440902162	54.33835400097798	39.88471932557466	391.79513127968306	-0.0	82.08720745946903	73.08093397625049
114.33163562107381	6.403765698565464	112.97387532844705	23.007647943735666	51.86805323261632	40.02510465710309	349.56891500304886	-0.0	83.19269511669256	72.71388289397494
114.99137599014443	6.4251153062753925	113.89599600596276	23.011274700063833	49.652254451807146	40.16743537516928	313.98120736176367	-0.0	84.1479124162438	72.35113800531995
115.56742791771053	6.446710513657693	114.67667120072372	23.01530755890587	47.66235137147771	40.31140342438462	283.1397261579754	-0.0	84.97059831963769	71.9924293703845
116.06734825573407	6.468512285146887	115.35739603165395	23.01970426543751	45.874757388636304	40.45674856764592	252.77598811440018	-0.0	85.67353171675472	71.63751399707769
116.50035200694852	6.49048739145197	115.92422030247354	23.024426681704025	44.270103849760005	40.60324927634647	227.710020426743	-0.0	86.26913447824442	71.28617177970524
116.86517721471398	6.512606762764582	116.38759343612791	23.029440758631434	42.828166252778196	40.75071175176388	207.32230963585644	-0.0	86.769448035988	70.93820523184307
117.15724071260239	6.534844108724285	116.78455775914071	23.034716126660225	41.5305544881475	40.89896072482857	183.1432931110253	-0.0	87.18445608904281	70.59343721737015
117.3888902319046	6.557175111278036	117.09463369755372	23.04022531638076	40.3672410579898	41.047834075186906	162.73625315699974	-0.0	87.5217857029532	70.25170675225604
117.56838206119367	6.579577168553105	117.31375648309621	23.045943153566153	39.32840547242474	41.19718112368737	151.38131334075368	-0.0	87.78782871899067	69.91286574495824
117.6855662547618	6.602029433509539	117.49997539628555	23.051846515015864	38.39984788897948	41.3468628900636	129.24077244763797	-0.0	87.98855293688734	69.57677764769346
117.74369894486385	6.624512851142086	117.64357219462558	23.05791417840074	37.573444103259064	41.49675234094724	94.92843368266807	-0.0	88.12946511080189	69.2433166075426
117.77299544239469	6.6470100268001335	117.65803186828403	23.06412661176898	36.85056558280832	41.64673351200089	101.71883635767499	-0.0	88.21474116381019	68.91236630473328
117.75490568998387	6.669504940283453	117.60801132210746	23.070465507475106	36.21836867048252	41.796699601889685	114.98040315148145	-0.0	88.24847234866998	68.58381745699363
117.69100292265625	6.6919826337690544	117.6265497689113	23.076913264966425	35.67147558573861	41.9465508917937	76.16287702710197	-0.0	88.229174439393	68.25756506267722
117.60084517011053	6.714428994072862	117.31472630116123	23.08345388611653	35.21069114925147	42.096193293819084	160.4702408717491	-0.0	88.17155328078655	67.93351309734831
117.32679044279504	6.7368306528596955	117.22899559068527	23.090075897532795	34.78595883264763	42.24553768573131	93.8165054235098	-0.0	88.08380541144889	67.6115897868661
117.20865521646192	6.759174660303905	117.1762604505812	23.096763541184497	34.49284144818791	42.394497735359366	53.99563805776517	-0.0	87.92629720295312	67.29170120252942
117.02099224800945	6.781448719950022	117.02358927482555	23.10349469631267	34.26288169208808	42.54299146633348	-0.0	-0.0	87.72354330415638	66.97372056263593
116.67995108366406	6.803641984137748	116.65378004003374	23.110261220880663	34.070331872512114	42.69094656091832	48.532400792970016	-0.0	87.50966097861696	66.65759513563881
116.27755826815802	6.8257438061760185	116.24747216140267	23.11705624512425	33.95166298768975	42.83829204117346	52.036041432658536	-0.0	87.26283406398842	66.34327910184159
115.33491893331058	6.84774350592799	116.07630185120942	23.123863481155922	33.938043250673495	42.9849567061866	-0.0	-0.0	86.95191833620585	66.0306774374983
113.35200191492787	6.869629566668407	115.76310561359661	23.130662546688825	33.938043250673495	43.13086377778938	-0.0	-0.0	86.6119134917792	65.7196741721972
110.3197724383926	6.891387137790855	115.36349200963235	23.137458230102226	33.938043250673495	43.275914251939035	-0.0	-0.0	86.2952462706708	65.41028609339787
106.29727549847505	6.913010189745999	115.09466985420764	23.144246156565323	33.938043250673495	43.42006793164	-0.0	-0.0	85.95938674685718	65.10248171827979
101.3628390425246	6.9345017513026725	114.67094567341464	23.151029492402003	33.938043250673495	43.563345008684486	-0.0	-0.0	85.64328688667072	64.79626938702022
95.6125487319328	6.95585935086784	114.41976018593016	23.157805613073798	33.938043250673495	43.7057290057856	-0.0	-0.0	85.31170820236568	64.49162693239508
89.15837691706209	6.977083676094985	113.9924039741977	23.164576269892528	33.938043250673495	43.8472245072999	-0.0	-0.0	84.99622241207776	64.18855533297692
82.1260022591137	6.998177650411345	113.74339483112763	23.17133998734982	33.938043250673495	43.9878510027423	-0.0	-0.0	84.66876142701878	63.88703857063458
74.65236245628161	7.019139763649746	113.3237004423437	23.178097601862397	33.938043250673495	44.127598424331644	-0.0	-0.0	84.35407394034259	63.587072894377414
66.88298772865636	7.039971647858027	113.06883363887088	23.18484836855753	33.938043250673495	44.26647765238685	-0.0	-0.0	84.03047660020758	63.28864623080899
58.969166985511954	7.06067501687173	112.66223239018082	23.19159255647953	33.938043250673495	44.404500112478196	-0.0	-0.0	83.71682581848839	62.991751928523044
51.065001856695595	7.081249062569558	112.39806086735032	23.198329863995	33.938043250673495	44.54166041713039	-0.0	-0.0	83.3968123039581	62.69638034388342
43.32440595340279	7.101695609541362	112.00639321603731	23.20506022855897	33.938043250673495	44.677970730275746	-0.0	-0.0	83.08444079261609	62.40252316612882
35.89810779014014	7.122015594817732	111.73221936790117	23.21178359996784	33.938043250673495	44.81343729878488	-0.0	-0.0	82.76774305824927	62.110172169580125
28.930715728386605	7.1422088572295745	111.35526229865009	23.2184964945565	33.938043250673495	44.948059048197166	-0.0	-0.0	82.4568724723535	61.93454107969328
22.55790209473625	7.162277087178997	111.07188562812759	23.225012041972832	33.938043250673495	45.08184724785998	-0.0	-0.0	82.14337063447168	62.707955347071916
16.903761305722774	7.182220823527008	110.7084015230837	23.231093722299825	33.938043250673495	45.214805490180055	-0.0	-0.0	81.83466178618382	63.9302458158709
12.078393443121154	7.202040394659901	110.41731825242215	23.23663057937814	33.938043250673495	45.34693596439934	-0.0	-0.0	81.52486984368382	65.42156625360704
8.175760333509642	7.221737232168854	110.06556254361273	23.24155079873849	33.938043250673495	45.47824821445903	-0.0	-0.0	81.21902788764555	67.09315480596199
5.40793899241919	7.133519154958786	109.76851342241416	23.245808179815302	34.98730885917269	44.89012769972524	-0.0	328.4033497982698	80.9130922040064	68.87435527087924
3.6968100482074013	6.988325512776105	109.4267348761311	23.249378909707634	37.65676914921338	43.92217008517403	-0.0	453.56335448925324	80.61042213020748	70.6933524319704
3.0152868252256875	6.863673114371838	109.12537207201393	23.25226455925269	40.846836081874926	43.09115409581225	-0.0	490.4326080835515	80.30830932917326	72.46717128026839
3.153458365533756	6.7626132684970655	108.79190100362008	23.254495542270277	44.06916731067511	42.41742178998044	-0.0	474.9443982564768	80.00890043306283	74.10427138406806
3.309057533364888	6.6721771430607	108.48774288057035	23.256123831887134	47.18115066729776	41.81451428707133	-0.0	458.4702559665002	79.71041173381751	75.57590291685023
3.4591839438696486	6.586420464183515	108.16115082355394	23.257203112740022	50.18367887739297	41.24280309455677	-0.0	442.0998558240171	79.41415182437949	76.88536618855704
3.6038635756771273	6.504696630430806	107.85545289494833	23.25778620637529	53.07727151354254	40.69797753620538	-0.0	425.7958030818351	79.11900260807873	78.03641089833343
3.7431182498219213	6.42692108151673	107.53454284940297	23.257924348242526	55.86236499643842	40.179473876778204	-0.0	409.5579043077127	78.82572539808977	79.03317880696099
3.8769706821928716	6.353066180351676	107.22831632487984	23.257667587051028	58.53941364385743	39.68710786901117	-0.0	393.39035147665385	78.53365269260152	79.88031421754663
4.0054451592359985	6.283108626031167	106.91215178801279	23.257064117091375	61.10890318471998	39.220724173541115	-0.0	377.2982463180793	78.24318719006544	80.58310443535821
4.128567777164142	6.217024522973582	106.60618675864457	23.25616046603055	63.57135554328284	38.78016348649055	-0.0	361.28734632296494	77.95395503531827	81.14767233407082
4.2463666616040925	6.154788173398189	106.2940334235264	23.255000811119814	65.92733323208184	38.36525448932126	-0.0	345.3640752700417	77.66613224617511	81.5812255535041
4.358872204653949	6.096371884783104	105.98892337572617	23.25362690289082	68.17744409307896	37.97581256522069	-0.0	329.53562782811844	77.37953118214305	81.89238017779465
4.4661173476234355	6.041746090507398	105.68023373595278	23.252077263169774	70.3223469524687	37.611640603382654	-0.0	313.81012799182827	77.09419206892879	82.09154296093547
4.568137907364406	5.99087874292471	105.37642871673053	23.25038678554779	72.3627581472881	37.2725249528314	-0.0	298.1967508584206	76.81004222154081	82.19129277561355
4.6649729640716515	5.943734443854176	105.07076810119355	23.24858577774141	74.29945928143303	36.95822962569451	-0.0	282.7058409131438	76.52704666427191	82.20656768659958
4.756665287507943	5.900275649056646	104.76854829289867	23.246699418179944	76.13330575015884	36.66850432704431	-0.0	267.3492988522581	76.24520499339438	82.15430105914692
4.843261882985879	5.860460619547053	104.46568492379728	23.244747132268056	77.86523765971758	36.40307079698036	-0.0	252.14067707348093	75.9644450417181	82.05212439214661
4.924814602221899	5.824243586082116	104.16524806108407	23.242742833591485	79.49629204443796	36.16162390721411	-0.0	237.09557459232258	75.68480999098279	81.91626905617443
5.001380890762633	5.791573824672002	103.86496124890793	23.240695598117846	81.02761781525265	35.94382549781335	-0.0	222.23199222734695	75.40621742103275	81.75964998637374
5.073024672187812	5.762394616147862	103.56643690168794	23.23861099432232	82.46049344375625	35.74929744098575	-0.0	207.5707626268765	75.12873069705549	81.59118290705642
5.139817369551117	5.736643889669985	103.26859728964975	23.23649223392299	83.79634739102234	35.577625931133234	-0.0	193.13637023468482	74.85226630894574	81.4163502744705
5.201839229413346	5.71425068499726	102.9720911305502	23.23434119033979	85.03678458826691	35.428337899981734	-0.0	178.9573020974406	74.57689495472752	81.2382623576482
5.259180833046249	5.6951346044570315	102.6765787570232	23.232158950844482	86.18361666092497	35.30089736304688	-0.0	165.06698856274662	74.30253638694876	81.05859675784362
5.311944860315868	5.679206651909152	102.38213474571587	23.229946221190474	87.23889720631735	35.19471101272768	-0.0	151.50531995471403	74.02925918930237	80.87823252711817
5.360248492561645	5.666360875017371	102.08888501094822	23.22770347742127	88.2049698512329	35.10907250011581	-0.0	138.3185595047998	73.7569879702941	80.69762294052646
5.404225685541374	5.656482673465511	101.79652204103542	23.22543110251852	89.08451371082748	35.04321782310341	-0.0	125.56297919872154	73.48578743861847	80.5169997592823
5.444030755191234	5.649431940269399	101.50547982018468	23.223129410107283	89.88061510382467	34.99621293512933	-0.0	113.3030187920222	73.21558661327701	80.33648103190913
5.4798414350307105	5.645052927196285	101.21521625681852	23.22079869551839	90.59682870061421	34.9670195146419	-0.0	101.61554143116294	72.9464458364935	80.15612691407188
5.511862921910325	5.643165354228513	100.92635021547473	23.218439229428725	91.2372584382065	34.954435694856755	-0.0	90.58919372577924	72.67829905910634	79.97596815523377
5.54033183453188	5.6435595121980136	100.63817276332342	23.216051281251502	91.8066366906376	34.957063414653426	-0.0	80.322660900479	72.41120242008702	79.79602069624684
5.565519304316277	5.645996525965657	100.35149460060481	23.21363510943238	92.31038608632554	34.97331017310438	-0.0	70.92126869343386	72.14509173133398	79.61629295531397
5.5877315384194715	5.650219883692315	100.065384552879	23.2111909733769	92.75463076838943	35.0014658912821	-0.0	62.494172364730986	71.8800231960038	79.43678959866978
5.607308879956907	5.65593912206253	99.78084782438934	23.208719127110683	93.14617759913814	35.039594147083534	-0.0	55.13066416796942	71.61593337772781	79.25751337688148
5.62461737182124	5.662853212228643	99.49677209839659	23.206219824234513	93.4923474364248	35.08568808152429	-0.0	48.884967274844946	71.35287787836576	79.07846609029262
5.640032589553559	5.670685970228155	99.21436026399445	23.20369331636149	93.80065179107118	35.1379064681877	-0.0	43.77026721602575	71.09079367219185	78.89964905310453
5.653922660235202	5.679171335730857	98.93234387108853	23.201139852228952	94.07845320470405	35.194475571539044	-0.0	39.724579525507934	70.82973379033172	78.7210633263702
5.666625744866245	5.688086618678785	98.65204569263297	23.198559681457834	94.3325148973249	35.2539107911919	-0.0	36.623825759793924	70.56963869406371	78.54270985577664
5.678431884462431	5.6972713468628	98.37207005220132	23.195953048409468	94.56863768924862	35.315142312418665	-0.0	34.31423028457772	70.31055889477062	78.36458949887118
5.68957633923585	5.706607964257298	98.09382518133356	23.193320200798894	94.79152678471699	35.37738642838199	-0.0	32.62631704376868	70.05243954406049	78.18670309979349
5.700239513059294	5.716019504023819	97.8158975232621	23.190661378702462	95.00479026118589	35.440130026825464	-0.0	31.404608503893254	69.79532306570219	78.00905144631007
5.710554247037954	5.725454884519025	97.53970809984182	23.18797682791189	95.21108494075908	35.50303256346017	-0.0	30.51704183840502	69.53916236891855	77.83163534771951
5.7206146703818295	5.734884682816905	97.2638214049871	23.185266784579106	95.41229340763658	35.565897885446034	-0.0	29.864289330105304	69.28399432043084	77.6544555572931
5.73048613420689	5.744290559095586	96.9896155993279	23.182531492256015	95.6097226841378	35.62860372730391	-0.0	29.373058328058207	69.02977974405353	77.4775128638185
5.740213230063106	5.753661199980545	96.71578262721982	23.179771183257962	95.80426460126212	35.69107466653697	-0.0	28.991345602436922	68.77654277298775	77.30080799448916
5.749826071605537	5.762989361744965	96.44358114841407	23.176986099067083	95.99652143211074	35.7532624116331	-0.0	28.682845634877772	68.52425703208826	77.12434172318672
5.7593447768894075	5.772270910366963	96.17177555895539	23.174176468339542	96.18689553778815	35.81513940244642	-0.0	28.42328873208052	68.27293777641758	76.94811475435107
5.768782761613217	5.781503363764582	95.9015048349883	23.171342530014474	96.37565523226434	35.87668909176388	-0.0	28.196411730224046	68.02256767311246	76.77212784481301
5.7781489753201	5.790685194945404	95.63175887638192	23.16848450961893	96.562979506402	35.937901299636025	-0.0	27.991315199209115	67.77314906435168	76.59638167946541
5.787449396694152	5.799815547858663	95.36341417114863	23.165602643236603	96.74898793388303	35.998770319057755	-0.0	27.80079940904491	67.52467831654198	76.42087699731246
5.796688046976163	5.8088939786865	95.09569483454393	23.16269715364425	96.93376093952325	36.059293191243334	-0.0	27.620114624962554	67.2771470036842	76.24561446596877
5.805867651377695	5.817920375398896	94.82920852752855	23.159768273885973	97.11735302755389	36.119469169325974	-0.0	27.44622471898565	67.03056390580531	76.07059480529117
5.81499010864774	5.8268946735461	94.56360546439392	23.156816223957254	97.29980217295478	36.17929782364067	-0.0	27.277010579378526	66.7848996535512	75.895818665703
5.824056749220822	5.835817047999487	94.29894312543166	23.153841233709084	97.48113498441643	36.23878031999658	-0.0	27.11122781554799	66.54018829882916	75.72128674747526
5.83306855609621	5.844687649270772	94.03534374906248	23.15084352114971	97.66137112192419	36.297917661805144	-0.0	26.947974384174373	66.2963828918099	75.54699968763437
5.842026273268383	5.853506707803532	93.77252906239318	23.14782331229713	97.84052546536765	36.35671138535688	-0.0	26.786697415822033	66.05352690616516	75.37295816389715
5.85093049564707	5.862274454873921	93.51100206663608	23.144780823488446	98.01860991294139	36.415163032492806	-0.0	26.62700605922836	65.81156255467685	75.19916280175995
5.859781711895021	5.870991187367347	93.25000968598879	23.141716276492215	98.19563423790042	36.47327458244898	-0.0	26.468702594202572	65.57054643824831	75.02561425382898
5.868580351788453	5.879657168227911	92.99044948919413	23.138629886491366	98.37160703576906	36.53104778818607	-0.0	26.311613927429296	65.33041285866024	74.85231313694761
5.87732680317239	5.888272661176378	92.73129433483392	23.135521871058653	98.54653606344779	36.58848440784252	-0.0	26.15561364696435	65.09122155918404	74.67926007934997
5.886021420503894	5.896837971523737	92.4736877584149	23.132392444002488	98.72042841007789	36.64558647682491	-0.0	26.000662275029597	64.85290458326442	74.50645568796142
5.89466454269709	5.9053533834287055	92.21640229788362	23.129241818764307	98.89329085394178	36.7023558895247	-0.0	25.846712474239244	64.61552134270771	74.33390056671786
5.903256496512333	5.913819176897085	91.96070219170036	23.12607020776802	99.06512993024666	36.758794512647235	-0.0	25.693725382804296	64.37900766319197	74.16159531290347
5.911797600549736	5.922235626885756	91.70526557025279	23.122877820606906	99.23595201099471	36.814904179238376	-0.0	25.54166490268915	64.14341915368962	73.98954050792109
5.920288163501819	5.930603034542664	91.45144523686761	23.119664868121898	99.40576327003637	36.8706868969511	-0.0	25.39053839627685	63.90869534947962	73.81773673823079
5.928728492330526	5.93892167789839	91.197869598281	23.11643155605312	99.57456984661052	36.926144519322605	-0.0	25.240326820220037	63.67488553973391	73.64618456255809
5.937118889193779	5.947191842192656	90.94594559943069	23.11317809403749	99.74237778387557	36.98127894795104	-0.0	25.091025535633786	63.4419373166873	73.4748845586347
5.945459655965581	5.95541379259204	90.69417081287897	23.10990468354079	99.90919311931161	37.0360919506136	-0.0	24.942604899121722	63.20989439720658	73.30383726069691
5.953751088867257	5.963587814592486	90.44408259612095	23.106611533058775	100.07502177734513	37.09058543061658	-0.0	24.79506720754806	62.978708823016945	73.1330432383202
5.961993480157939	5.971714204392118	90.19418295010665	23.103298840324932	100.23986960315877	37.14476136261412	-0.0	24.648433309973047	62.748415721444125	72.96250300332167
5.970239546932975	5.980892681263188	89.94589917850834	23.099968287355257	100.40479093865949	37.19616314552158	-0.0	25.803505491276272	62.518978535552606	72.75143149334941
5.980141765684312	5.998550220730051	89.69785103557686	23.09670438234572	100.60283531368624	37.16600875412298	-0.0	33.91944044878509	62.290368901639084	72.02558382561786
5.992739245444509	6.020557655725633	89.45131953098804	23.09369473401955	100.85478490889018	36.99689699739089	-0.0	41.69712990806714	62.062398648040606	70.74929624978216
6.007756162836397	6.0449244359321455	89.20514551007733	23.09110079202753	101.15512325672793	36.69879698545009	-0.0	48.197687376929785	61.83493825121511	69.03496226567991
6.024773725636919	6.070720900306177	88.96038101856523	23.089043040978616	101.49547451273838	36.29862990453249	-0.0	53.58823020802801	61.607832718498535	67.02404608716314
6.0433476522954495	6.096611493957933	88.71606563783398	23.08759137704021	101.86695304590899	35.82659410964696	-0.0	57.697401188486765	61.3810023656212	64.88360330944114
6.063028848421844	6.1207751648920725	88.47301145073078	23.08675935000176	102.26057696843688	35.31184977695828	-0.0	60.0761581610316	61.15445868937207	62.78994658646938
6.083269368305076	6.142920093764581	88.23058837406901	23.08650412922227	102.66538736610151	34.79149357392817	-0.0	61.05874500199856	60.92818691208127	60.910398501989604
6.103568557417958	6.162070870499534	87.98925349861574	23.08673224093911	103.07137114835915	34.29423118483755	-0.0	60.46812852733641	60.70229296323431	59.386690235676106
6.123413603380935	6.177758660954052	87.74868366765395	23.087310082290827	103.46827206761868	33.846351752868536	-0.0	58.28006604594612	60.47686069361815	58.322236107368745
6.142282227617001	6.189942341618294	87.5090616154287	23.088077792480355	103.84564455234	33.47060860697976	-0.0	54.57799121514856	60.25206724025424	57.774599615126334
6.1596629130818705	6.198742443363837	87.27036132533529	23.088864631145768	104.19325826163741	33.18477841433696	-0.0	49.42135816246786	60.02803085109036	57.75346220989692
6.175019760116719	6.2045492306522645	87.03246237827386	23.089504234483936	104.50039520233437	33.00278225682114	-0.0	42.960352750781865	59.80494372546338	58.223381626992676
6.186197163137236	6.213176390037012	86.79557975466234	23.08984838051348	104.72394326274471	32.963914565450395	-0.0	41.06338613943095	59.5829123030263	59.10956127269633
6.199624408042941	6.2039577851021255	86.55939394434247	23.089778837267065	104.99248816085881	32.95609031667276	-0.0	16.457097745320795	59.36208499518372	60.30329750411362
6.25262565381903	6.2088190651947714	86.3242942513107	23.089218679288624	105.07985391546343	33.155683813015635	-0.0	-0.0	59.14250116973138	61.65794970062362
6.981593193323766	6.207282495324499	86.08983931687892	23.08817693885547	105.07985391546343	33.44374815956129	-0.0	-0.0	58.924204928398254	62.73485591929712
8.58184777031668	6.198784264776804	85.85648626080751	23.086703680335585	105.07985391546343	33.806840283640184	-0.0	-0.0	58.70710230989407	64.03073025039693
11.045589653765838	6.186922255044175	85.6237299928075	23.0846697160041	105.07985391546343	34.24999962354196	-0.0	-0.0	58.49132686870651	65.73273137277229
14.360810426825282	6.173183574845018	85.39211866869152	23.08196086005596	105.07985391546343	34.76120573688519	-0.0	-0.0	58.27693116941657	67.72987555289282
18.51135151653291	6.1588467252711485	85.16103803437701	23.07850226342433	105.07985391546343	35.321727165214966	-0.0	-0.0	58.06402906834364	69.89258420227648
23.47698295161263	6.145371825641244	84.93115781608718	23.07426323557891	105.07985391546343	35.90855336196733	-0.0	-0.0	57.85262318507379	72.0801410862225
29.23350196448276	6.134350730013224	84.70170975979933	23.06925973424099	105.07985391546343	36.494991553426985	-0.0	-0.0	57.642748895062006	74.14765475920754
35.75285095692184	6.127435479084112	84.4735267534124	23.0635545264819	105.07985391546343	37.052004452233874	-0.0	-0.0	57.43430459018108	75.95340381184305
43.00325425437619	6.12602239307314	84.24572805241566	23.05725492290961	105.07985391546343	37.5489024372127	-0.0	-0.0	57.2272242587809	77.36629682891709
50.94937298240063	6.131332975896062	84.01916211700511	23.050508119619142	105.07985391546343	37.957344422792126	-0.0	-0.0	57.021351749076175	78.27313952529008
59.55247731030222	6.144068575252127	83.793047773173	23.043494249034346	105.07985391546343	38.25295913917916	-0.0	-0.0	56.81654538865269	78.58535449493947
68.77063522254831	6.163185204121559	83.5680567493552	23.036415986436754	105.07985391546343	38.42123469414373	-0.0	-0.0	56.6125934632372	78.28313257182506
78.55891689775038	6.177747501107911	83.3436068941717	23.02940692546048	105.07985391546343	38.51831667405274	-0.0	-0.0	56.409360527393964	77.83531465845061
88.41298352650254	6.191367607703679	87.86013232785385	23.022478460752218	104.53898432855397	38.609117384691196	223.06189248363927	-0.0	56.24329445836514	77.39027110116443
96.29356441441388	6.205584313573878	91.06911195562634	23.015768603072736	101.53615679396194	38.703895423825855	685.7118354606973	-0.0	57.17260768244885	76.94871260131649
101.17534422809017	6.220602992171057	91.25032318121146	23.009819659491964	95.90912273321536	38.80401994780705	945.1200422269566	-0.0	59.92380653228594	76.51346818318306
104.23606720844604	6.236449869787083	94.02310951137463	23.005036736955578	89.4910463083229	38.909665798580555	958.7315540527638	-0.0	63.281603817068856	76.08663027575638
106.33502095542495	6.253111158204128	97.13548165350822	23.001479666707226	83.24590058023752	39.020741054694184	909.9222698519394	-0.0	66.57346100210171	75.66846831879172
107.76044552485672	6.270553816307603	99.96366325763965	22.99909571704466	77.40769038693561	39.13702544205069	837.6815648261194	-0.0	69.65056668454092	75.25865984746189
108.77035045231386	6.288731013762339	102.51593262589236	22.997798037462104	72.10723454393288	39.2582067584156	750.265022760581	-0.0	72.42977197870552	74.85670503279475
109.59365087153385	6.307585476027981	104.77369978392332	22.99747876731206	67.40906605220896	39.383903173519876	658.6316101470898	-0.0	74.86580886370587	74.46199640972063
110.38708691685464	6.32705264299106	106.74169136843659	22.998022087653755	63.31019650147676	39.51368428660707	572.7875691367827	-0.0	76.95296657618633	74.0738879567007
111.21266675784632	6.347063955022912	108.47044139131707	22.9993160840223	59.75123110171431	39.64709303348608	496.78997875121524	-0.0	78.71797016063461	73.69175756459914
112.06252484851343	6.367550216797114	109.95670936508697	23.001261583011985	56.64741554870856	39.78366811198076	435.34284593683424	-0.0	80.20894792815797	73.31505328836666
112.88552618838197	6.3884448081336975	111.2144754695955	23.003776461102994	53.90962644561481	39.92296538755799	387.80738091323474	-0.0	81.47895805364627	72.94331558513882
113.62941367994908	6.409686389655193	112.29901894359129	23.0067948156493	51.46513872958461	40.064575931034625	346.0282160058642	-0.0	82.57189755000503	72.57617246658053
114.28405933900548	6.431220717282881	113.20703863628478	23.010262697580156	49.27228804667407	40.20813811521921	311.33882386375006	-0.0	83.5165858321369	72.21331663417116
114.8535048905875	6.453001291817343	113.98853742192074	23.01413352487968	47.30202806449806	40.35334194544895	279.0108818308143	-0.0	84.33008346462061	71.85448106611365
115.35090456531763	6.474988836887547	114.65492060349997	23.018365448005348	45.53338388144684	40.49992557925031	250.2769597138127	-0.0	85.02501326683762	71.4994249816013
115.779269192468	6.497149931233776	115.21928027222464	23.0229207163413	43.94476355226509	40.647666208225175	224.49722230331338	-0.0	85.6137844191043	71.1479303805507
116.13842819313847	6.519455352621391	115.6857977334929	23.027765653679957	42.51668744288057	40.796369017475946	201.83344957687405	-0.0	86.10833853861114	70.79980179504346
116.43228191442903	6.5418786846504595	116.05598843018682	23.032870210614984	41.23397326959883	40.94585789766973	184.02829560097277	-0.0	86.51846470406406	70.45486382008475
116.66241339210188	6.564395497564666	116.35789830943425	23.038207177515307	40.08288751997658	41.09596998376444	165.54865580875955	-0.0	86.85163422401874	70.11295687679056
116.83348172594319	6.586983084552709	116.59986219756715	23.043751605892098	39.052694860262584	41.24655389701806	145.0026122311026	-0.0	87.1141807444557	69.77393409276917
116.9526287273777	6.609620497914909	116.7680670293185	23.04948058442138	38.1350463258684	41.397469986099395	128.88193366538175	-0.0	87.31203073646385	69.43766006023556
117.02104493895418	6.6322885871255	116.87424072280236	23.055373078712037	37.321041793402394	41.54859058083667	114.94511496215884	-0.0	87.45040288940169	69.10400993451307
117.04487440372387	6.654969868744002	116.9010185547425	23.061409585770804	36.60461690594911	41.699799124960016	113.78500080556493	-0.0	87.5336175457487	68.77286756436771
116.9991120658892	6.677648240897136	116.9150321050394	23.067572294813367	35.97135772393593	41.85098827264757	86.98963430479091	-0.0	87.56740531645576	68.44412629267126
116.92306059442129	6.7003086699449925	116.86161820293425	23.073844696823233	35.42745417499547	42.002057799633285	74.36272745020243	-0.0	87.55246668524957	68.11768685169277
116.67248634843318	6.722936970655539	117.04009899808908	23.080210396284826	34.925498685912466	42.15291313770359	-0.0	-0.0	87.49461300309856	67.79345109327902
116.58271586799368	6.745519648698942	116.46874678338213	23.086659467022063	34.55992080810869	42.303464324659615	101.27792264378195	-0.0	87.40755126866513	67.47135535588812
116.51929534535714	6.768043623214767	116.53160367350928	23.093169372192932	34.28700980099362	42.453624154765116	-0.0	-0.0	87.2319078109912	67.15127005013478
116.30102985763048	6.790496979997267	116.26865244221194	23.099720750204956	34.052034888277774	42.603313199981784	53.98117623457598	-0.0	87.03508944914036	66.83308303913253
115.90549907358556	6.812868883831121	115.89664206533806	23.10631132891544	33.84716104333704	42.75245922554081	28.233503896528173	-0.0	86.83332893207714	66.51677244070193
115.50518706006324	6.835148438658903	115.54862434451914	23.112932313251676	33.734310304643515	42.90098959105936	-0.0	-0.0	86.58551172775502	66.20228220220085
114.53474863065571	6.857324604714534	115.34431829935959	23.119564763781085	33.721472173088365	43.04883069809689	-0.0	-0.0	86.2751836926366	65.88950333501462
112.5293892686354	6.879389816665635	115.03978587129035	23.12619098676933	33.721472173088365	43.195932111104234	-0.0	-0.0	85.94070712321854	65.57833400097526
109.48325026462823	6.901331436879417	114.64633961126428	23.13281398687995	33.721472173088365	43.342209579196115	-0.0	-0.0	85.62400185993059	65.26878155644977
105.45564746624797	6.9231349943294775	114.3698934116027	23.13943074710444	33.721472173088365	43.487566628863185	-0.0	-0.0	85.29328903372352	64.96082164670729
100.52500824451513	6.944806453009597	113.96370421072699	23.146043351251205	33.721472173088365	43.63204302006398	-0.0	-0.0	84.97752282410292	64.65445687431598
94.78734431929696	6.966344965981341	113.69731997885751	23.15265000946866	33.721472173088365	43.77563310654227	-0.0	-0.0	84.65065334893244	64.34966944543847
88.3543821740538	6.987746647718853	113.29205182779413	23.159251822607285	33.721472173088365	43.918310984792356	-0.0	-0.0	84.33590118977096	64.046456877586
81.35138746535009	7.0090179149974245	113.0255428928564	23.165847796673024	33.721472173088365	44.06011943331617	-0.0	-0.0	84.01271505679672	63.744805665877074
73.9147257912298	7.030157012777868	112.62848758716716	23.17243840421744	33.721472173088365	44.20104675185245	-0.0	-0.0	83.69913656472892	63.4447101090917
66.18920731631316	7.051163136514206	112.35678543660624	23.17902315137979	33.721472173088365	44.341087576761375	-0.0	-0.0	83.37941958235099	63.146159432770716
58.32526696034867	7.07204081936799	111.9712234028646	23.185602127240312	33.721472173088365	44.48027212911993	-0.0	-0.0	83.06720368202551	62.84914600535763
50.476035058885664	7.092788130397134	111.69237593536167	23.192175136382154	33.721472173088365	44.61858753598089	-0.0	-0.0	82.75073253042285	62.55366071918751
42.79435553754778	7.113405936676614	111.31917096919959	23.198742048956685	33.721472173088365	44.75603957784409	-0.0	-0.0	82.44006293572396	62.25969487818893
35.42980966341664	7.133897090668943	111.03305129497193	23.205302834811995	33.721472173088365	44.892647271126286	-0.0	-0.0	82.12662891996405	61.967240338538865
28.52580332842386	7.1542601351443915	110.67172831274131	23.211852052533484	33.721472173088365	45.02840090096261	-0.0	-0.0	81.81766992434524	61.81273415711134
22.216774582563716	7.174496688385896	110.37917029448069	23.2181983169597	33.721472173088365	45.163311255905974	-0.0	-0.0	81.50721561235115	62.59458194138833
16.62557579311181	7.194608388211107	110.02859096139906	23.224109208033152	33.721472173088365	45.297389254740715	-0.0	-0.0	81.200584997285	63.82342127026073
11.861081405701832	7.214594457845025	109.73086711360757	23.229474048404327	33.721472173088365	45.430629718966834	-0.0	-0.0	80.89366979310732	65.320617226671
8.016316104926439	7.2342800020440245	109.3896339844196	23.234221317488384	33.72262979533174	45.5618666802935	-0.0	-0.0	80.59002323570529	66.99717633035883
5.316726685242482	7.136213715209544	109.08809403992167	23.238305127357325	34.910166982860574	44.908091434730295	-0.0	337.2209058954402	80.28683276424786	68.78195877982127
3.646248330135277	6.9927007058043165	108.75482302954735	23.241702266045344	37.61880498224748	43.95133803869545	-0.0	457.33278198628506	79.98643870849993	70.60251816073192
3.0066191714239143	6.868975437409179	108.45076048006321	23.244415032511046	40.8241107362919	43.12650291606119	-0.0	491.3219582148543	79.68696823041059	72.37505910943095
3.152484861317011	6.768514017335076	108.12417821264503	23.246474839158033	44.049697226340214	42.45676011556718	-0.0	475.39648952335466	79.3898860492595	74.00852890776079
3.3082372385118823	6.678190155390845	107.8187075373484	23.24793392705492	47.16474477023765	41.85460103593897	-0.0	458.93578777965786	79.09395897159114	75.47649163406203
3.4585205286222593	6.592486418218601	107.49773946634923	23.24884600944275	50.170410572445185	41.28324278812401	-0.0	442.57526828752117	78.80005338015216	76.78232844779586
3.6033602742658233	6.510806381360517	107.1917915233021	23.249263850057645	53.067205485316464	40.738709209070116	-0.0	426.28087183618544	78.50740287863717	77.92979352708613
3.7427782996350074	6.433070484084353	106.8755556508701	23.24923870073832	55.85556599270014	40.22046989389569	-0.0	410.05275456712167	78.21649200401451	78.9230352350914
3.8767973760602006	6.359251891777439	106.56986829066562	23.248820555390868	58.53594752120401	39.72834594518293	-0.0	393.89517289797726	77.92686887156607	79.76670651697154
4.005441853450611	6.289327215197137	106.25766472759604	23.24805761178578	61.108837069012225	39.26218143464758	-0.0	377.81322781125317	77.6387704769945	80.4661070050814
4.128737888602	6.223272407119135	105.95280677821096	23.246996341571784	63.57475777204	38.821816047460906	-0.0	361.8126689425357	77.35194853966807	81.02737636635698
4.246713671065476	6.161061934712807	105.64409987554315	23.245680908043308	65.93427342130951	38.407079564752046	-0.0	345.8999370886878	77.06648624944867	81.45774590617556
4.3593996566713376	6.102667920178538	105.34049325558664	23.244152995818542	68.18799313342674	38.01778613452359	-0.0	330.08221168248383	76.78226271343702	81.7658641462895
4.466828846180444	6.048060749619393	105.0348807744485	23.242451086330817	70.33657692360889	37.65373833079595	-0.0	314.3676095989125	76.49927244401711	81.96218186737174
4.569037118759784	5.997208313332489	104.73283489902927	23.24060998308643	72.38074237519568	37.314722088883265	-0.0	298.76529192795147	76.21747214882889	82.0593338362741
4.666063602057605	5.950075525241555	104.43002204858583	23.238659913996784	74.3212720411521	37.00050350161037	-0.0	283.28562476588337	75.93681111340611	82.07232122782459
4.757951119047416	5.906624461079436	104.12974511498072	23.236625930981077	76.15902238094831	36.710829740529576	-0.0	267.9404483779955	75.65729360853534	82.01813181339394
4.844746717391843	5.866813337191235	103.82952694440964	23.234527344546684	77.89493434783684	36.44542224794157	-0.0	252.74327634471717	75.37885168831794	81.91441718421018
4.926502270709278	5.830596525879042	103.53116005343509	23.232377933798233	79.53004541418555	36.203976839193615	-0.0	237.70967785959044	75.10151943312339	81.77737572072854
5.003275228982342	5.797923506704992	103.23337054173122	23.23018667700427	81.06550457964683	35.98615671136661	-0.0	222.85761678180447	74.82522705314949	81.6198474889116
5.075129507153013	5.76873729383643	102.93701118647424	23.227959056381202	82.50259014306026	35.79158195890953	-0.0	208.2077968465963	74.55002270128658	81.4506627446775
5.142136483008164	5.742975647528397	102.64157070693794	23.22569823648654	83.84272966016327	35.61983765018931	-0.0	193.78453958588787	74.27583990699998	81.27523312952528
5.204376274715854	5.720569009976107	102.34727368992786	23.223406051739353	85.08752549431709	35.470460066507385	-0.0	179.61638553808447	74.002732741193	81.0966204806941
5.261939339966079	5.701435818976118	102.05407853481293	23.221083572363398	86.23878679932159	35.342905459840786	-0.0	165.73632654951487	73.7306372339391	80.91647297571168
5.314928112728238	5.685487520847659	101.76187543890595	23.218731486744552	87.29856225456477	35.23658347231773	-0.0	152.18397749915664	73.45960556810141	80.73565261090174
5.36345937880546	5.672619780616311	101.4708847562218	23.216350264148602	88.26918757610919	35.15079853744208	-0.0	139.00548591037054	73.1895793331037	80.5546032362603
5.4076666685512	5.6627163142143315	101.18078434128367	23.213940277723054	89.153333371024	35.08477542809555	-0.0	126.2561002642871	72.92060558981417	80.37355148911686
5.447703601117401	5.655637838773628	100.89197002413981	23.21150183713717	89.95407202234802	35.03758559182419	-0.0	113.9995169003544	72.65263143769434	80.19261264907946
5.483746730297706	5.651234643725402	100.60396065456547	23.209035230341236	90.67493460595412	35.00823095816935	-0.0	102.31321805725315	72.38569962872079	80.01184537146932
5.51600024252702	5.649321474063117	100.31729111875312	23.206540724634113	91.3200048505404	34.99547649375412	-0.0	91.28295005643764	72.11976086599938	79.83127961806423
5.544699152740832	5.649689517388654	100.03135765468599	23.20401858317944	91.89398305481664	34.99793011592436	-0.0	81.00554172702556	71.85485555297693	79.65093087963722
5.570111844143339	5.652112699622728	99.74681982961847	23.201469060899175	92.40223688286677	35.014084664151525	-0.0	71.58947874835965	71.59093614152475	79.47080733239952
5.592542734347117	5.656324379440167	99.46295830815171	23.198892411613897	92.85085468694234	35.042162529601114	-0.0	63.13757057660366	71.32804118521796	79.29091349326399
5.612329515491977	5.6620353380036645	99.18055203570462	23.19628888550578	93.24659030983953	35.080235586691096	-0.0	55.737006620202266	71.06612437744607	79.11125202377234
5.629833853673026	5.668965882029117	98.89874504168344	23.193658730979497	93.59667707346053	35.12643921352745	-0.0	49.454542483534304	70.80522367269373	78.9318246560438
5.645430732827774	5.676819757087842	98.61841082593841	23.19100219541524	93.90861465655547	35.17879838058562	-0.0	44.292369729494965	70.5452949843719	78.75263265652504
5.659486675265815	5.685334661622158	98.33866097386115	23.18831952312456	94.1897335053163	35.23556441081439	-0.0	40.193272413072286	70.28637275076258	78.57367704444438
5.672338686454604	5.69429702192054	98.06038712601027	23.185610958920122	94.44677372909209	35.295313479470266	-0.0	37.04586301627992	70.02841684941083	78.39495872564325
5.684278398086671	5.703539064746659	97.78268311767772	23.18287674323978	94.68556796173341	35.35692709831106	-0.0	34.695700976478804	69.77145703901577	78.21647852455122
5.6955434176157445	5.712937853661594	97.50646162870328	23.18011711856135	94.91086835231489	35.419585691077295	-0.0	32.97199194567409	69.51545759831598	78.03823724668835
5.706316521219078	5.722414308292948	97.2307781137905	23.17733232164491	95.12633042438155	35.48276205528632	-0.0	31.719263738568962	69.26044541548778	77.8602356518583
5.716732380935254	5.7319195387605975	96.95657605150305	23.174522592658978	95.33464761870509	35.546130258403984	-0.0	30.809046789602927	69.00638840123455	77.6824745091743
5.726887280347091	5.741421718422486	96.68292162267743	23.171688164585238	95.53774560694181	35.609478122816576	-0.0	30.139714326983608	68.75330698567237	77.50495454502172
5.736848310256445	5.750900875508541	96.41072446610276	23.168829275439773	95.7369662051289	35.672672503390274	-0.0	29.635879070073358	68.50117685284222	77.32767650927478
5.746661323784884	5.760345166332975	96.1390752736775	23.16594615458764	95.93322647569768	35.73563444221983	-0.0	29.244489382714466	68.25001221414297	77.15064110389444
5.756357326192332	5.769747363952	95.86885600498202	23.163039037629648	96.12714652384663	35.79831575968	-0.0	28.928832675710005	67.99979400467116	76.97384906184078
5.7659571215479835	5.779103081875202	95.59922787774609	23.160108150515093	96.31914243095966	35.86068721250135	-0.0	28.663958562123767	67.75052914115285	76.79730106346462
5.77547463175967	5.788409561893761	95.33093523901421	23.157153726540056	96.50949263519341	35.92273041262508	-0.0	28.43295857593249	67.50220995542028	76.62099782646054
5.784919148759689	5.797665204612469	95.06333447371492	23.154175988287378	96.69838297519378	35.98443469741646	-0.0	28.224607894507603	67.2548298921075	76.44494001058872
5.794296894289628	5.806869077708806	94.7969657177223	23.151175166355323	96.88593788579256	36.04579385139204	-0.0	28.031437060889886	67.00839288493388	76.26912831649773
5.803612056820963	5.816020705087982	94.53136337721875	23.14815148054122	97.07224113641927	36.106804700586544	-0.0	27.84852808836861	66.76288386914874	76.09356338661323
5.812867483168248	5.825119912504799	94.2668622694866	23.145105158514102	97.25734966336496	36.167466083365326	-0.0	27.672673046426215	66.51831647961629	75.9182459033198
5.8220651464388045	5.834166663171875	94.00331814053567	23.142036417438142	97.44130292877608	36.22777775447917	-0.0	27.50172350629924	66.27466079436277	75.74317649257664
5.831206437307046	5.843161089895309	93.7406531674701	23.138945481666962	97.62412874614091	36.28774059930206	-0.0	27.33433347946277	66.0319475318522	75.56835581662723
5.8402923758476355	5.8521033493008385	93.47909237001512	23.13583256642221	97.80584751695271	36.34735566200559	-0.0	27.16957564676323	65.7901344054094	75.39378448856436
5.849323732254859	5.860993673251727	93.21822587846309	23.13269789229293	97.98647464509716	36.406624488344846	-0.0	27.00687527842257	65.54926156369413	75.21946314844261
5.8583011253523924	5.869832256276216	92.95878627967785	23.12954167309681	98.16602250704784	36.46554837517478	-0.0	26.84577588260339	65.30927114456358	75.0453923994326
5.867225053263031	5.878619426473021	92.69968419316945	23.126364124780387	98.34450106526062	36.52412950982014	-0.0	26.686107352410623	65.0702235411567	74.87157285457695
5.876095956502473	5.887355441002632	92.44218992130823	23.12316546045067	98.52191913004945	36.58236960668422	-0.0	26.52767953025553	64.83204873225563	74.69800511076282
5.884914227806785	5.896040585466636	92.18493338744426	23.119945891604438	98.6982845561357	36.64027056977758	-0.0	26.370387819307663	64.59480838904865	74.52468975528662
5.893680233080482	5.904675124676372	91.92938971669244	23.116705630247964	98.87360466160963	36.697834164509146	-0.0	26.214132156970376	64.35843404678643	74.35162737690402
5.902394313223098	5.9132593651874075	91.67397212597056	23.113444883611013	99.04788626446195	36.75506243458272	-0.0	26.058889994958058	64.1229865573601	74.17881853812588
5.911056798812439	5.921793591073191	91.42029373731533	23.110163862531138	99.22113597624877	36.81195727382128	-0.0	25.904623454067806	63.88840166769802	74.00626381916555
5.91966800934277	5.93027809758869	91.16673492337742	23.106862770174523	99.39336018685539	36.86852065059127	-0.0	25.751320652930332	63.654731405506055	73.83396375866893
5.9282282617314905	5.938713151429035	90.91492700965875	23.10354181602834	99.56456523462981	36.92475434286024	-0.0	25.59893759702845	63.42192021871621	73.66191892779833
5.936737864137927	5.947099045871827	90.66323570261191	23.100201199621445	99.73475728275854	36.98066030581218	-0.0	25.447472534000735	63.190013349910394	73.4901298439182
5.945197120172534	5.9554360775203214	90.4132209968266	23.096841128592	99.90394240345069	37.036240516802145	-0.0	25.296933297075526	62.958964549754015	73.31859706583984
5.953606334047673	5.963724516263232	90.16339926001748	23.09346179929522	100.07212668095345	37.09149677508822	-0.0	25.147293859826373	62.728807151150484	73.14732109225476
5.9619658064626115	5.971964636426837	89.91517836848764	23.09006341715735	100.23931612925223	37.14643090951225	-0.0	24.998537412498933	62.49950537587497	72.97630246845851
5.970275833646766	5.9801567261215665	89.66723810939914	23.086646175724372	100.4055166729353	37.20104484081045	-0.0	24.85066960214631	62.27108250632788	72.80554167605972
5.978605857532049	5.989602759240538	89.42077043120003	23.08321223226353	100.57211715064098	37.25213431201777	-0.0	26.216528312889718	62.0435154847824	72.58577780719115
5.988678252683164	6.007367727448576	89.17466542057798	23.07985137360254	100.77356505366328	37.216604998138614	-0.0	34.17736345650807	61.816760782304534	71.83878499420712
6.0014023936729055	6.02979181869296	88.92995463915737	23.07675177818009	101.0280478734581	37.0444576480413	-0.0	42.12290426541605	61.590629706814774	70.54424719558266
6.016554724259596	6.054361345391123	88.68571957604854	23.074073882694666	101.33109448519191	36.74261051912178	-0.0	48.609811979892065	61.3649879332278	68.81520601611393
6.033695589649591	6.080302048400224	88.44272950137761	23.071936804633342	101.67391179299182	36.339334854731504	-0.0	53.97132268079546	61.13970736990583	66.7943738503115
6.052394094738574	6.106055511292435	88.20034073384258	23.07040872657226	102.04788189477146	35.86363346902905	-0.0	57.912334909035515	60.91469528852331	64.64964634674917
6.072159632689137	6.130496743668762	87.95907765799197	23.06950130935492	102.44319265378273	35.34908259015722	-0.0	60.38269152850496	60.689938494430386	62.55758646841137
6.092488613701635	6.1525798311228685	87.71855128154802	23.069169846262177	102.84977227403269	34.82805515277185	-0.0	61.283775086291094	60.46545795723048	60.685161688944575
6.112858052140524	6.171706614520843	87.47899394199251	23.06931919466947	103.25716104281048	34.3314803494376	-0.0	60.64680658344601	60.24135135602258	59.17321738063619
6.132750611549213	6.187468120058112	87.24029814867676	23.069814442364347	103.65501223098424	33.88582708119197	-0.0	58.479434691233074	60.017703692232956	58.12389244174694
6.151602522869997	6.200200099977891	87.00241879186596	23.070494871777473	104.03205045739993	33.515800941320535	-0.0	55.112145387776096	59.794686916982386	57.593256524909314
6.169101255071417	6.207927402231582	86.76565898563587	23.07118938383542	104.38202510142833	33.22717761523132	-0.0	49.260878976225385	59.572439726735126	57.5894505384916
6.184481773614136	6.213614936002939	86.52942842492217	23.071731745620298	104.68963547228272	33.04831743245537	-0.0	42.67109852464744	59.35113322576694	58.07558037263563
6.196818562317539	6.218892895871077	86.29446357002102	23.07197431821905	104.93637124635076	32.99501897999972	-0.0	37.143584198299386	59.13086750906943	58.97554254958001
6.208149974327188	6.215047978444624	86.05996618357732	23.07179985877308	105.16299948654375	33.02149141542517	-0.0	20.76355598975612	58.91181893515915	60.179366919359936
6.271866655046536	6.218411919288734	85.82673962519016	23.071132817431845	105.25840763835396	33.21732199231713	-0.0	-0.0	58.69399897533274	61.53505761956307
7.031250126633519	6.21682122570513	85.59396426946014	23.06998242419215	105.2582626160969	33.50963994321227	-0.0	-0.0	58.47746948341848	62.64109080055898
8.663229432088894	6.208222225669753	85.3624905200942	23.068392022452322	105.2582626160969	33.87651905121868	-0.0	-0.0	58.262135791865596	63.952715626132886
11.159842879159184	6.196438088288291	85.1314028069381	23.066236667874648	105.2582626160969	34.32409980135779	-0.0	-0.0	58.04811231387115	65.66833337770433
14.50892183314401	6.182754434714992	84.90164181222617	23.063403201687013	105.2582626160969	34.838992972371734	-0.0	-0.0	57.83546974466459	67.67507205893335
18.694142694399766	6.168418649168244	84.67221968814336	23.059818177159652	105.2582626160969	35.40202526333584	-0.0	-0.0	57.62433197567497	69.8427864227607
23.695106460484915	6.155035681853729	84.44414509627889	23.055452458647125	105.2582626160969	35.99081721164982	-0.0	-0.0	57.414679833044794	72.03042462199144
29.487438152048053	6.144212489470763	84.2163926827944	23.050323623506017	105.2582626160969	36.5785892688594	-0.0	-0.0	57.2065405942722	74.09301136287942
36.04290561784956	6.137486181281521	83.98999066043811	23.044496044310463	105.2582626160969	37.13545096121656	-0.0	-0.0	56.99982105290277	75.88900465718709
43.329557139865784	6.136383622474206	83.76385364414625	23.038078530747367	105.2582626160969	37.631519871779325	-0.0	-0.0	56.79446434425727	77.28775679007391
51.31187716775583	6.142015117616274	83.53903830521426	23.031219598652996	105.2582626160969	38.03784240195842	-0.0	-0.0	56.59030301019344	78.17677047152081
59.95095942365198	6.1551009516683886	83.31460902175354	23.024100429057032	105.2582626160969	38.33041432560508	-0.0	-0.0	56.38719221273975	78.46839383832095
69.20469653357208	6.17431517863672	83.09133147550115	23.016923988900157	105.2582626160969	38.4954345242448	-0.0	-0.0	56.18492619989506	78.1519521779625
79.02798526111225	6.188848207724031	82.8685713489315	23.009818730209513	105.2582626160969	38.592321384826874	-0.0	-0.0	55.98336649305447	77.70431805434461
88.79381865768303	6.2025470499928135	88.05543120331527	23.002795887014575	104.57503489969235	38.68364699995209	257.78842272898737	-0.0	55.84455850119837	77.25946688542531
96.41526072579092	6.216854559462332	90.59544366946464	22.996026030734765	101.29149884260096	38.77903039641555	723.7289099306207	-0.0	56.95321509418889	76.81828035904634
101.09937262006142	6.231966330666342	90.97969010260664	22.990070526597513	95.51021550715109	38.879775537775615	954.3434531503477	-0.0	59.81849017965698	76.38368642100986
104.08201933409217	6.247907521220168	93.89029478144872	22.98529909288059	89.07522841429048	38.986050141467786	957.7344150326387	-0.0	63.19124034004419	75.9575902502784
106.13386868071935	6.26466416444232	96.98908441652745	22.981753891398416	82.8429324596659	39.097761096282134	907.2103305062564	-0.0	66.47829849403446	75.54016811623954
107.52731609824498	6.282203076840827	99.8053411564368	22.979378962658398	77.02761484816847	39.214687178938846	833.6532521154923	-0.0	69.54439773225913	75.13108062945207
108.52075148260855	6.300477256173039	102.34139176485817	22.978085678333077	71.75719672836303	39.336515041153596	745.7495387846603	-0.0	72.30812780150087	74.72981872876453
109.33887892901912	6.319429239290296	104.58186859876326	22.977765154555826	67.09150015713071	39.46286159526864	654.317147660847	-0.0	74.72669726820189	74.33576972726843
110.13025697994246	6.3389942775690855	106.55327788226465	22.97830132740451	63.022052036606595	39.593295183793906	567.387097836215	-0.0	76.79647881326146	73.94828649396567
110.96136121531045	6.359103637121606	108.25007700490269	22.979582639630994	59.49229579280861	39.72735758081071	493.9793304751707	-0.0	78.54624606315585	73.56674897659795
111.8123282165493	6.379687973145425	109.7210781785043	22.981510699255956	56.41151411880089	39.86458648763617	433.8346498656491	-0.0	80.02452810009555	73.19060950247734
112.62914256792281	6.400680547388356	110.98998921762097	22.98400426701308	53.69032210113698	40.004536982589045	384.08827309248267	-0.0	81.28440593310333	72.81941331787785
113.37269181888503	6.422019934926788	112.04533297828822	22.986998192394683	51.262942414021026	40.146799566178586	345.63318077654725	-0.0	82.36922165034572	72.45279250441108
114.02131602109564	6.443651834351431	112.95629676051965	22.99043904083149	49.08274514050987	40.29101222900954	309.5993111294653	-0.0	83.30695515170085	72.09044256465783
114.58936006471447	6.465529708701955	113.7218733455483	22.994280547545262	47.12549557896911	40.4368647246797	279.4169012872252	-0.0	84.11430083449706	71.73209822797264
115.08251670010698	6.487614253200236	114.38954983279001	22.99848110449083	45.36728285909579	40.5840950213349	249.7338944927724	-0.0	84.80377492664444	71.37752005816297
115.50817120848849	6.509872019225163	114.94842522554977	23.003003195558012	43.78848160164107	40.73248012816776	224.4485207447021	-0.0	85.38780342911923	71.02649135606947
115.86590078982266	6.532273754201988	115.40446867945923	23.00781337042054	42.36961469080859	40.88182502801325	203.7863830895208	-0.0	85.87825429662504	70.6788179025323
116.15489147717545	6.554793008784467	115.78117207178883	23.012881769758717	41.09394789975996	41.031953391896444	183.39778211525922	-0.0	86.28478401844016	70.33432534681553
116.38327018102378	6.577405320432744	116.07797903601052	23.018181335034086	39.950186453574716	41.182702136218296	165.75947348852532	-0.0	86.61477226677415	69.99285495409542
116.55083342664481	6.600087952240094	116.32347045871198	23.02368724883129	38.92600012901722	41.33391968160063	143.04777912975453	-0.0	86.87451898118026	69.65426058656834
116.66875531047926	6.6228199297078	116.48677681728184	23.029376723101453	38.014458661561136	41.485466198052	127.97681191437681	-0.0	87.06992490243445	69.31840752624908
116.73285713398762	6.645582077519212	116.58804876275205	23.035228854038017	37.20500238240213	41.63721385012808	114.16108536275077	-0.0	87.20649622494288	68.98517165317556
116.74637309351617	6.668356887525851	116.64631722488191	23.041224441987712	36.490796991596554	41.78904591683901	94.89482692477577	-0.0	87.28834260205817	68.65443844375302
116.74275124141492	6.691128232029469	116.65866431882615	23.047344734582936	35.87519002823802	41.94085488019646	86.99323555880108	-0.0	87.31412953254964	68.32609631882387
116.64607185892518	6.713881050486927	116.58366398873116	23.05357267249428	35.32948411368737	42.09254033657952	74.94470173042244	-0.0	87.29904104368792	68.00004318672369
116.53962022787036	6.7366011304703175	116.33216732728536	23.05989505525347	34.87383084335236	42.244007536468786	136.64099330965692	-0.0	87.24289602133238	67.67619773493495
116.40634489468938	6.759275013344897	116.36918029068208	23.066294934246052	34.49889073880336	42.39516675563265	57.83437006363217	-0.0	87.12824830787694	67.35445938928716
116.23975012800484	6.781889966632431	116.14068215272195	23.072754524200988	34.199417566967945	42.54593311088287	94.42519671920373	-0.0	86.97442589467707	67.03472374121496
115.93406881772877	6.804433940978407	115.88675094980067	23.07926425289521	33.94250962016979	42.69622627318938	65.25801187232913	-0.0	86.79834283135001	66.71693004080247
115.61118669739184	6.826895483532508	115.60930207929589	23.085814178786084	33.76134818181943	42.84596989021672	13.023656500235914	-0.0	86.58450030334758	66.401015893268
115.26272871169164	6.849263505357586	115.25902814893398	23.09238911027263	33.668766215989315	42.99509003571724	18.249675289965737	-0.0	86.32266213507843	66.08689167639687
114.2796101351209	6.871527010069237	115.08447590840545	23.098972858176708	33.662211024408634	43.143513400461586	-0.0	-0.0	86.00792583317376	65.7744630070146
112.24251004302438	6.893674064850101	114.6980648129718	23.105549682612107	33.662211024408634	43.29116043233401	-0.0	-0.0	85.67623720831034	65.46363838462439
109.16816827522143	6.915689952488809	114.3738756370978	23.112124108541785	33.662211024408634	43.43793301659206	-0.0	-0.0	85.35922524794277	65.15443316632458
105.11644985677665	6.937569783292529	114.04279541172532	23.118691982768453	33.662211024408634	43.58379855528353	-0.0	-0.0	85.03049668532807	64.84681702503609
100.16625174937202	6.959316467085426	113.68274660109937	23.125256388064727	33.662211024408634	43.72877644723617	-0.0	-0.0	84.71508889289741	64.54079782165223
94.41396653267016	6.980927354228268	113.38120967104881	23.13181466120171	33.662211024408634	43.872849028188455	-0.0	-0.0	84.38966436353502	64.23635317085107
87.97160540278414	7.00240362981597	113.0057412471134	23.138368657953528	33.662211024408634	44.01602419877314	-0.0	-0.0	84.07567734870473	63.933484565900336
80.96461703771543	7.023747907131998	112.71765667519637	23.144916732000503	33.662211024408634	44.15831938087999	-0.0	-0.0	83.75360969760924	63.63217507248403
73.5294448018544	7.044958669352473	112.3391497548056	23.151459912496183	33.662211024408634	44.29972446234982	-0.0	-0.0	83.44102888191117	63.332421922417005
65.81086985678263	7.066037828542395	112.05510817925177	23.157997229942254	33.662211024408634	44.440252190282635	-0.0	-0.0	83.12224550279203	63.03421184099447
57.9591919145783	7.086986832165179	111.68054871009383	23.164529173683924	33.662211024408634	44.57991221443453	-0.0	-0.0	82.81114573291478	62.737539307435085
50.12730253131983	7.1078049690882175	111.39544436135971	23.171055209891083	33.662211024408634	44.71869979392145	-0.0	-0.0	82.49551370448967	62.442393435716625
42.46770793097689	7.128494193163276	111.02835736577086	23.177575489644152	33.662211024408634	44.856627954421846	-0.0	-0.0	82.18600799229779	62.14876701270918
35.129559332687904	7.1490552546085775	110.7398393561152	23.184089747530052	33.662211024408634	44.99370169739052	-0.0	-0.0	81.87337433974128	61.85665065903595
28.255748608254205	7.169488119535506	110.38159266360701	23.190591682831094	33.662211024408634	45.12992079690338	-0.0	-0.0	81.56558459969413	61.68712449676327
21.980125824574262	7.189794512933834	110.08898741211607	23.196896433608277	33.662211024408634	45.265296752892226	-0.0	-0.0	81.25592021321403	62.47399831977666
16.424892852354184	7.209974864446008	109.73968320445677	23.202763929118333	33.662211024408634	45.39983242964006	-0.0	-0.0	80.95043856589731	63.70934270978794
11.698223793965944	7.230029619189899	109.44326552243305	23.208083708583626	33.662211024408634	45.53353079459933	-0.0	-0.0	80.64432394715504	65.21196365523306
7.892574636308901	7.2496139517885	109.10229120181535	23.212784685076105	33.66418279529335	45.664093011923335	-0.0	-0.0	80.34180142547221	66.89278284373417
5.24300449077173	7.143806577257278	108.8027179777081	23.21682134297971	34.96038671731083	44.95871051504852	-0.0	344.67394796437225	80.03943054843533	68.68026057023263
3.6058076422952205	7.001275240374462	108.46926162037298	23.220171118319247	37.70298847314619	44.008501602496416	-0.0	460.66986539164094	79.74012873117613	70.50137755980161
3.0054857279309624	6.878250717569607	108.16743389836647	23.222837083608255	40.921580420163274	43.18833811713071	-0.0	491.9835483554458	79.44149673547662	72.27156988195549
3.157466852942163	6.778274521484723	107.84052279032684	23.22485163577276	44.14933705884326	42.52183014323148	-0.0	475.7104994467853	79.14547266978174	73.90040499757077
3.3133253234103925	6.687996720470369	107.53732423919472	23.226267277765444	47.26650646820785	41.919978136469126	-0.0	459.25696762950537	78.85039804859193	75.36375581186802
3.463716371901866	6.602288105797314	107.21606207898344	23.227137717745347	50.27432743803732	41.34858737198209	-0.0	442.9003650579501	78.5575174429285	76.66504497944774
3.6086651110885395	6.520596921724267	106.91228513813702	23.227515684905878	53.17330222177079	40.80397947816178	-0.0	426.6095851768136	78.26573034806754	77.8080349309069
3.7481933377175887	6.442848301532586	106.59586798070855	23.227452410772038	55.96386675435177	40.28565534355057	-0.0	410.3851060143842	77.97581475152967	78.79688512340333
3.882323832426404	6.369015529264464	106.29218422387063	23.22699785454532	58.64647664852808	39.7934368617631	-0.0	394.23118985232355	77.68706270287893	79.63626332404739
4.0110809555279285	6.299075378432608	105.97996810331789	23.22620017855183	61.221619110558564	39.32716918955072	-0.0	378.1529471411567	77.39993358863451	80.33148926662723
4.134490878431646	6.233003909502462	105.67694171983501	23.225105810417546	63.68981756863292	38.886692730016414	-0.0	362.1561326857879	77.11398665501858	80.88872999414741
4.252581800227228	6.1707753510158865	105.36836717457639	23.223758856884196	66.05163600454455	38.471835673439244	-0.0	346.2471616118913	76.82947159199374	81.31525421719404
4.365384183233383	6.112362015935873	105.06642937379371	23.222200936279712	68.30768366466765	38.08241343957249	-0.0	330.4332225184169	76.54612449238797	81.61976127148975
4.472931036167283	6.057734261725865	104.76110423786572	23.220470438397495	70.45862072334567	37.71822841150577	-0.0	314.7224199154095	76.26406178957882	81.81276922925267
4.575258238358865	6.006859859447335	104.46056371921742	23.218602057799323	72.50516476717729	37.3790657296489	-0.0	299.12388958093834	75.98313759548711	81.90699687292546
4.672404913426794	5.95970389731843	104.1581716392259	23.216625876485157	74.44809826853587	37.06469264878954	-0.0	283.6479975131629	75.7033873287358	81.91753725230168
4.764413874798205	5.916228497728943	103.85927094933108	23.214566780718616	76.2882774959641	36.774856651526285	-0.0	268.30656707052685	75.42474358600737	81.8614529100245
4.851332147606586	5.876392001839736	103.55956466432637	23.212443890574534	78.02664295213171	36.50928001226491	-0.0	253.11309900827322	75.1471991545681	81.75641527725192
4.933211596084922	5.840147950553422	103.26246868463753	23.21027080979782	79.66423192169844	36.26765300368948	-0.0	238.08301525787437	74.87073753158413	81.6185642203494
5.010109608948404	5.8074468721049115	102.96529330315245	23.208056362257537	81.20219217896806	36.04964581403274	-0.0	223.23435879649384	74.59532973820652	81.46062094874266
5.082090032097648	5.77823210785776	102.6701262711614	23.2058059259623	82.64180064195295	35.854880719051735	-0.0	208.5878225952009	74.32099192967574	81.29128713705352
5.149224196686382	5.752440035186962	102.37534744101674	23.20352259178582	83.98448393372763	35.68293356791308	-0.0	194.16742751112048	74.04768464481899	81.11587127573122
5.211592079246496	5.73000244579376	102.08216020960052	23.201208155707086	85.23184158492991	35.53334963862507	-0.0	180.00179973879148	73.77543937770471	80.93736565116053
5.269283998601232	5.710837406343061	101.78968672326874	23.198863660645944	86.38567997202463	35.405582708953744	-0.0	166.1237128885107	73.50421035576429	80.7573768778791
5.322402171401529	5.69485717018274	101.498534057755	23.196489784220457	87.44804342803057	35.299047801218265	-0.0	152.5727283095694	73.23403559723803	80.57674339759302
5.371063186813026	5.681955558550253	101.20831793005662	23.194086984996368	88.42126373626051	35.213037057001685	-0.0	139.39430846909306	72.96486676103092	80.39589617618574
5.41540007692249	5.672020824055507	100.9191988932808	23.19165563385719	89.30800153844979	35.14680549370338	-0.0	126.64437095984013	72.69674566060422	80.21505491309411
5.455566051111721	5.664912449394616	100.63118074423171	23.18919603485211	90.11132102223442	35.09941632929744	-0.0	114.38596895022097	72.42962073072042	80.03433122242332
5.491737326006919	5.660475585065345	100.34412313736468	23.186708476136506	90.83474652013838	35.06983723376897	-0.0	102.69440681532592	72.16353584689382	79.85378183186172
5.524116953480304	5.658534183248189	100.05827745525025	23.184193220920275	91.48233906960607	35.05689455498793	-0.0	91.65738846646677	71.89843895153892	79.6734356613351
5.552939008199931	5.658879354943878	99.77327998482014	23.181650532940758	92.05878016399862	35.05919569962585	-0.0	81.37119681740386	71.63437403615862	79.49330768051009
5.578471362883703	5.661275336795294	99.48958857595899	23.17908066369201	92.56942725767405	35.075168911968625	-0.0	71.93919911615932	71.37128869334974	79.3134057728751
5.601016322851293	5.665469710649735	99.206626476535	23.17648386751825	93.02032645702585	35.10313140433157	-0.0	63.469179429095036	71.10922810924156	79.13373431320684
5.620909862997368	5.671177085880894	98.92505779108642	23.173860391583748	93.41819725994736	35.14118057253929	-0.0	56.05088251062918	70.84813893240359	78.95429587301474
5.638514095912397	5.678096226525277	98.64410810419166	23.171210484735276	93.77028191824793	35.18730817683518	-0.0	49.73814595765498	70.58806773702247	78.77509214806193
5.654201314864012	5.6859523071493365	98.36465528151473	23.168534391594495	94.08402629728023	35.23968204766224	-0.0	44.547020302516266	70.32895899593413	78.59612436916292
5.668337617578908	5.694481124083178	98.08573667529136	23.165832356415258	94.36675235157816	35.296540827221186	-0.0	40.422384349724695	70.07085972332476	78.417393544158
5.68126086178356	5.703461651763398	97.8083663897603	23.16310462178395	94.6252172356712	35.35641101175599	-0.0	37.24982380817204	69.81371619154591	78.2389005610099
5.693263958018989	5.712721447766	97.53144408185464	23.160351427788	94.86527916037979	35.41814298510667	-0.0	34.8725265673164	69.55757449526168	78.06064623879071
5.704584799933194	5.722144853368705	97.25613391261517	23.157573015039485	95.09169599866388	35.4809656891247	-0.0	33.1285879523927	69.30238135389668	77.88263137053941
5.7154077372192305	5.731649694713404	96.98122820859861	23.15476961941301	95.30815474438461	35.54433129808936	-0.0	31.86098465813407	69.04817938748006	77.70485670969559
5.725868830818056	5.741185365370144	96.70796805091867	23.151941479955664	95.51737661636112	35.60790243580096	-0.0	30.939996921548985	68.79492205751427	77.52732301789517
5.736065689020515	5.750717772070939	96.4350219323795	23.14908882803306	95.7213137804103	35.67145181380626	-0.0	30.261447266306632	68.54264678870909	77.35003101225969
5.746066121549766	5.760227858932568	96.1637806215797	23.146211901079706	95.9213224309953	35.73485239288379	-0.0	29.750774551684433	68.29130945373528	77.17298143830479
5.755916641203198	5.769703622159769	95.89286762615929	23.14331092646741	96.11833282406396	35.798024147731795	-0.0	29.35449386015146	68.04094186788998	76.99617498646897
5.765648738247226	5.779137723018743	95.62358008429698	23.140386139832014	96.31297476494451	35.860918153458286	-0.0	29.035522179217594	67.79151299038588	76.81961238845017
5.775283634912101	5.788525220485787	95.35464716663007	23.13743776437018	96.50567269824201	35.92350146990525	-0.0	28.76802214882684	67.54303980683069	76.64329430972688
5.784835486370969	5.797863432945022	95.08730575078825	23.13446603383525	96.69670972741936	35.98575621963348	-0.0	28.53500763760744	67.29550180885924	76.4672214692549
5.794313759209497	5.807150732810405	94.82041415342606	23.13147116819351	96.88627518418994	36.04767155206937	-0.0	28.325092233861756	67.04890677109842	76.29139451206497
5.803724797634699	5.816386168903798	94.5549512210824	23.128453398265517	97.07449595269397	36.109241126025324	-0.0	28.130689723480273	66.80324666416232	76.11581413892365
5.813072877954335	5.82556922726111	94.29006461559337	23.125412941413728	97.2614575590867	36.17046151507407	-0.0	27.946767821582608	66.55851637952884	75.94048097857723
5.8223609097536375	5.834699690030097	94.02648785086929	23.122350025328334	97.44721819507275	36.231331266867315	-0.0	27.770015615384498	66.31471801997981	75.76539571279027
5.831590898737769	5.843777573894271	93.76362825595028	23.11926486486857	97.63181797475538	36.29185049262848	-0.0	27.59831874012218	66.07183561657617	75.59055895412038
5.84076427292221	5.852802933402397	93.5018740369313	23.116157684687295	97.8152854584442	36.35201955601598	-0.0	27.430207436540805	65.82988692704953	75.41597136596157
5.849882065989074	5.86177596401527	93.24101581814804	23.113028697315553	97.99764131978147	36.4118397601018	-0.0	27.264787302256078	65.58883994140965	75.24163354609853
5.858945064950683	5.870696871004383	92.98111351147769	23.109878123869958	98.17890129901366	36.47131247336255	-0.0	27.101436831950938	65.34872326814171	75.06754613663156
5.867953890935712	5.879565899167775	92.72224376661917	23.106706175037694	98.35907781871423	36.53043932778517	-0.0	26.939757135207522	65.1094971612146	74.89370972333501
5.876909055135803	5.888383328140956	92.4641638156479	23.10351306822807	98.53818110271605	36.589222187606374	-0.0	26.779508263261384	64.87119828469804	74.72012492610978
5.885811001513166	5.897149426159015	92.2072326900687	23.10029901249954	98.71622003026332	36.647662841060104	-0.0	26.620509769078243	64.63378072121272	74.54679231980275
5.894660127618564	5.905864468656378	91.95098008028053	23.097064221543263	98.89320255237126	36.705763124375856	-0.0	26.462639982877516	64.3972850842153	74.37371250250787
5.903456799109858	5.914528744084319	91.69600356931058	23.093808902719758	99.06913598219715	36.76352496056213	-0.0	26.305827508441006	64.16166076648778	74.2008860377057
5.912201359799444	5.9231425543542215	91.44156547579846	23.090533265890915	99.24402719598888	36.82095036236148	-0.0	26.15004129391755	63.926953299366446	74.02831350086045
5.920894142366742	5.93170618144928	91.18851700032634	23.087237517125025	99.41788284733484	36.878041209661866	-0.0	25.995238845961886	63.69310942721022	73.85599544646654
5.929535470704437	5.94021990150656	90.935821210134	23.083921862028472	99.59070941408872	36.934799343377065	-0.0	25.841380093421897	63.460177818188924	73.68393242527843
5.938125659475263	5.948684008738151	90.68472322987012	23.080586505893486	99.76251318950526	36.991226724921006	-0.0	25.68845711463561	63.228099098680794	73.51212498560304
5.94666501891761	5.9570987911275175	90.43383027956304	23.077231649940202	99.93330037835219	37.04732527418345	-0.0	25.536459486765544	62.99692674727846	73.34057365296934
5.955153855861	5.965464532355764	90.18457423653544	23.073857498478887	100.10307711722	37.10309688237176	-0.0	25.385375335470968	62.76660400748917	73.16927896814393
5.963592471305126	5.973781534369436	89.93546801378011	23.07046424833857	100.2718494261025	37.1585435624629	-0.0	25.235222240340207	62.537175685869855	72.99824143117483
5.971981170765752	5.982050045723408	89.68810092392326	23.067052103319398	100.43962341531504	37.21366697148939	-0.0	25.085945962899313	62.30859242849171	72.82746157852185
5.980320251347557	5.99027035751746	89.44081137376602	23.063621255910203	100.60640502695112	37.2684690501164	-0.0	24.93755472412917	62.080894594900556	72.65693988550423
5.9886969229475895	5.999959427462519	89.19519338662387	23.060174409519593	100.77393845895178	37.3188713701694	-0.0	26.53123691393048	61.85404048908206	72.42812380894549
5.998885581657465	6.017996477253265	88.94975159625497	23.056806674096233	100.97771163314928	37.27899992550172	-0.0	34.56054071824516	61.62799954974206	71.66118522311233
6.011734958530025	6.0404717100285	88.70588534005435	23.05370635304084	101.23469917060049	37.10130750214359	-0.0	42.37979434417666	61.402570573485654	70.35006120256242
6.026980340497669	6.065412974975422	88.4623034906504	23.051032727582747	101.53960680995338	36.79669650287714	-0.0	49.010607574887075	61.177621132375855	68.60848490138866
6.044229394354736	6.09129076566509	88.22015087710719	23.048903408068252	101.88458788709471	36.388845084394504	-0.0	54.23408252102308	60.9530258840307	66.58027636108197
6.063011626275694	6.117119267034027	87.97839830185373	23.04738477451979	102.26023252551387	35.91066577117654	-0.0	58.152622876322575	60.72869970256808	64.433991105023
6.0828451538083055	6.141621085559079	87.73795710300901	23.046486568694363	102.6569030761661	35.39481251582485	-0.0	60.60937002166684	60.50461637243034	62.34624706704513
6.103235462945183	6.163592741558283	87.4980915096727	23.04616224416132	103.06470925890366	34.87268061400051	-0.0	61.41929593636447	60.28082289705537	60.48346317036547
6.123645685767635	6.1826670926383995	87.25932812325411	23.046315089250008	103.4729137153527	34.376505666485286	-0.0	60.735804344906484	60.05739468425309	58.98542622450324
6.1435621802366995	6.198367205936191	87.02131011177757	23.046809025194317	103.87124360473398	33.932197715170226	-0.0	58.5261830826017	59.83442956459118	57.952861529192866
6.162481187150399	6.21041890326141	86.78425127349446	23.047482664126107	104.24962374300797	33.560845231853136	-0.0	54.73670849565416	59.61210195362545	57.44025139310989
6.179904311611236	6.218817599769985	86.54808161347135	23.04816475530225	104.59808623222472	33.27924754830357	-0.0	49.316128294117235	59.390535587193654	57.454152144713845
6.195251372425001	6.224506652199143	86.31270540527025	23.0486894122411	104.90502744850001	33.10415042345918	-0.0	42.760437157305276	59.169915203820565	57.95622142748451
6.207454826204658	6.2294929910793595	86.07833037168804	23.048909778795267	105.14909652409315	33.053399197647515	-0.0	37.11314194013833	58.95034899235308	58.86909620168155
6.2194867499291195	6.225237325632351	85.84466230213168	23.04870979050295	105.38973499858238	33.08203855075854	-0.0	18.958137605049178	58.73198736701882	60.08161578439542
6.295682835554732	6.225386000729668	85.61204835244291	23.048015640293254	105.50730316387659	33.264461737532265	-0.0	-0.0	58.51486220557185	61.44035728408391
7.086126855363857	6.2255139452655825	85.38009319393444	23.046845697953987	105.50730316387659	33.57091635463883	-0.0	-0.0	58.29901141318288	62.507148008146515
8.75104646553035	6.216978394331981	85.14920528223843	23.045237788722748	105.50730316387659	33.942453890492935	-0.0	-0.0	58.084355607986204	63.83743939132961
11.282326754005672	6.2050451780322575	84.91893022944257	23.043059702082612	105.50730316387659	34.393052713703895	-0.0	-0.0	57.8710155773882	65.56789447448348
14.667630117949585	6.191308198288736	84.6897586087537	23.040199534342953	105.50730316387659	34.91086341217946	-0.0	-0.0	57.65905703019476	67.58544040160893
18.890456397902042	6.177016572491697	84.46111197449498	23.036585254702914	105.50730316387659	35.47651025826944	-0.0	-0.0	57.44858857784187	69.759340393195
23.93022330048913	6.163722358386378	84.2337342189942	23.03218929313566	105.50730316387659	36.06708146356704	-0.0	-0.0	57.239612075309054	71.94818496800539
29.76236671768704	6.152975987869288	84.00663278685218	23.02703086966531	105.50730316387659	36.65524753422506	-0.0	-0.0	57.03215545264979	74.00689699002974
36.358460453663305	6.146467750856716	83.7809422183617	23.021175988903693	105.50730316387659	37.21196359818513	-0.0	-0.0	56.82611601257487	75.79410075604868
43.68635477565594	6.145561747738029	83.55549050965	23.014734995936667	105.50730316387659	37.706296931808424	-0.0	-0.0	56.62142262945613	77.17958444994063
51.710333113592725	6.151470671685454	83.33137928877997	23.007857752925798	105.50730316387659	38.11007556557923	-0.0	-0.0	56.417919485161576	78.05154540648311
60.391286144658324	6.16485670743086	83.10761397297101	23.000726525210375	105.50730316387659	38.399180235750144	-0.0	-0.0	56.21546177615241	78.32326031339373
69.68690241434722	6.184104836043404	82.88503578524045	22.99354445417789	105.50730316387659	38.56069890695603	-0.0	-0.0	56.01383731386179	77.99396976126937
79.55187456487451	6.198568906727323	82.66293520545709	22.98643490500543	105.50730316387659	38.65712604484882	-0.0	-0.0	55.81291691815689	77.54714260133764
89.2121661018019	6.2123044420181985	88.20254613978577	22.979410203904703	104.65426622868522	38.74869628012132	301.4395405076312	-0.0	55.71866250094309	77.10310695374976
96.59440078915156	6.226661204939099	90.33113592429062	22.972680134311254	101.1083362418468	38.844408032927326	750.7954700432634	-0.0	57.00620242315622	76.66295038539886
101.1607935078748	6.241823935563046	91.00645401466633	22.966806312118308	95.24298058709446	38.94549290375364	955.9762310793935	-0.0	59.93664709110374	76.22960082859036
104.11273120853251	6.2578162903707995	93.98114093665946	22.962122905497758	88.81918469786591	39.052108602471996	954.9047724608849	-0.0	63.304359409347896	75.80477576117251
106.1437764322719	6.27462384738109	97.05889203094367	22.9586622984173	82.60601504073034	39.1641589825406	904.2342595365105	-0.0	66.58091492214724	75.38860003392064
107.52272239559458	6.292213106945901	99.86290839981147	22.956367935353057	76.81219911310339	39.281420712972675	830.2910692163803	-0.0	69.63502041822866	74.98073126041878
108.50912766078513	6.3105367964470735	102.38662687548634	22.95515068052199	71.56511759283259	39.40357864298049	742.3106295055261	-0.0	72.38544165198635	74.58065786131712
109.32512260887212	6.329537228751394	104.61925989452276	22.9549014349475	66.9221237657117	39.53024819167596	650.7900155130246	-0.0	74.79054846727765	74.18776618008596
110.11826150733724	6.3491494888995295	106.57785553767833	22.95550427976689	62.87404672844841	39.66099659266353	564.478996304824	-0.0	76.84790202544355	73.80141001164235
110.94992993322714	6.369304744144336	108.27088015583749	22.956848108395782	59.36180589621347	39.79536496096224	491.0340924671815	-0.0	78.58686574180938	73.42097182882739
111.80062122586304	6.389933623219293	109.73374000256865	22.95883514587274	56.29560314076133	39.93289082146195	431.299559583006	-0.0	80.0563639036216	73.04590734371361
112.61576722536573	6.4109694305317495	110.99220870168679	22.961384786576502	53.58636735012853	40.073129536878334	382.25680782832944	-0.0	81.30923976838076	72.67576525643862
113.35522031912971	6.432350839811922	112.04586467498751	22.964432384642677	51.16832974306747	40.21567226541281	343.2812374319314	-0.0	82.38829698896353	72.31018040695072
114.00089265382971	6.4540236819100585	112.95023526043903	22.967924832958946	48.99680006466119	40.36015787940039	307.50474045965717	-0.0	83.32103391955006	71.94885011159127
114.5666070573986	6.475941558547458	113.70936066824933	22.9718160685546	47.0474361743579	40.50627705698305	277.7628035274595	-0.0	84.12388008721098	71.59151024456037
115.05657595496568	6.49806528562459	114.37655423639586	22.97606463943851	45.29587429242661	40.6537685708306	247.39028815069457	-0.0	84.80930651146956	71.23792226848937
115.47970065095815	6.520361502956388	114.93196567767845	22.980633182701336	43.72322426251017	40.80241001970926	222.02735776289646	-0.0	85.38974364731081	70.88787036337814
115.83373624904853	6.542801013375032	115.39011421590507	22.98548839292056	42.309434950533905	40.952006755833544	199.81487177612928	-0.0	85.8770010608797	70.54116114100977
116.12162292448909	6.565357399740142	115.75854571550622	22.99060052958292	41.03921261018195	41.10238266493428	180.767665273573	-0.0	86.28064629409421	70.19762094021027
116.34594739946873	6.588006221871529	116.06103250518075	22.995942627127757	39.89938234425842	41.253374812476864	160.1322593543167	-0.0	86.60799763954796	69.8570915765379
116.51884260715462	6.610724765173141	116.27414835820842	23.00148994864318	38.88181400004265	41.404831767820944	148.3997385616238	-0.0	86.8653367662855	69.51942739422996
116.63285233055075	6.633492080250232	116.44394124882223	23.007219781382886	37.97343850756429	41.55661386833488	130.39170738803446	-0.0	87.05854359617241	69.18449412751005
116.69280454245232	6.6562890168289774	116.5526329745348	23.013111292383236	37.166784813069924	41.70859344552652	112.3184807259107	-0.0	87.1931197479313	68.85216808285588
116.70822817499352	6.679098087251107	116.59675374128548	23.019145309911764	36.456988978893214	41.86065391500738	100.16336173333819	-0.0	87.27300244208136	68.52233493540105
116.65262449924131	6.701903177385093	116.58014190888451	23.025303961969858	35.82927604098143	42.012687849233956	80.76777285595972	-0.0	87.30447042605128	68.19488778472804
116.55460418295868	6.724689234289847	116.49331504561808	23.031572064046642	35.286738135482985	42.164594895265644	74.26992904705628	-0.0	87.29149297085115	67.86973439813708
116.44373174513683	6.747442050021605	116.46937038783277	23.03793279604906	34.83312661157893	42.316280333477366	-0.0	-0.0	87.22487677377451	67.5467744309067
116.22931597173758	6.770148170213545	116.13567763258062	23.044370440262362	34.437793298923985	42.4676544680903	91.80114663840435	-0.0	87.12998289554257	67.22591387984086
116.10193602486227	6.792794886519798	116.11059013410032	23.0508734741209	34.15277287767187	42.61863257679865	-0.0	-0.0	86.97282720483993	66.90708120715873
115.96214592661154	6.815370167126765	115.91591049483108	23.057418252857627	33.946312142926786	42.76913444751177	64.50727757580044	-0.0	86.76260770509992	66.59014165530516
115.60525961587547	6.8378623984652265	115.60796582558301	23.063996049196273	33.75806160143291	42.919082656434846	-0.0	-0.0	86.54539629306825	66.27503950782547
115.15283325250392	6.860260045672783	115.18059030954342	23.070602080057114	33.64146075763137	43.06840030448522	-0.0	-0.0	86.301495068772	65.96173999371454
114.13061906306234	6.8825525255042885	115.06567479259866	23.077220447520855	33.63386261714901	43.21701683669526	-0.0	-0.0	85.98906986517284	65.65015016291903
112.05998924072037	6.90473118052612	114.63886231896366	23.083831051298052	33.63386261714901	43.3648745368408	-0.0	-0.0	85.65697484083732	65.3401555624841
108.95469204941956	6.926783857843317	114.34421755634911	23.090439623758705	33.63386261714901	43.51189238562211	-0.0	-0.0	85.34061947046033	65.03177793645264
104.87519529275187	6.9487004204409315	113.99251664350054	23.09704087162434	33.63386261714901	43.65800280293954	-0.0	-0.0	85.01122736275515	64.7249809839217
99.90093684523039	6.970483026418157	113.64632392696734	23.10363882550264	33.63386261714901	43.80322017612105	-0.0	-0.0	84.69660296711075	64.41977758770032
94.1287778007514	6.992131384535864	113.33646551234594	23.11023004399924	33.63386261714901	43.947542563572426	-0.0	-0.0	84.37046286039462	64.11614129288596
87.67111634792086	7.0136438454993995	112.96531929197549	23.11681702308971	33.63386261714901	44.090958969995995	-0.0	-0.0	84.05725629639062	63.81407699505617
80.65369909980737	7.03502396353465	112.67618135059143	23.12339760019031	33.63386261714901	44.233493090231	-0.0	-0.0	83.7345161237033	63.51356506857243
73.21317249690414	7.05627132375297	112.2965971561761	23.1299732231007	33.63386261714901	44.375142158353135	-0.0	-0.0	83.42264516864306	63.21460498071125
65.49442196354151	7.077385905809874	112.01540348966567	23.13654259186802	33.63386261714901	44.515906038732496	-0.0	-0.0	83.10327826230073	62.917181743418766
57.64775063093117	7.098370374938201	111.63705154757561	23.14310645963348	33.63386261714901	44.65580249958801	-0.0	-0.0	82.79278861332641	62.62129125549447
49.82595256410088	7.119224209824282	111.35657477200841	23.149664090436264	33.63386261714901	44.79482806549522	-0.0	-0.0	82.47667879832429	62.32692159305293
42.18133748417521	7.139948221568862	110.98463723511544	23.156215793322822	33.63386261714901	44.932988143792414	-0.0	-0.0	82.16767701775501	62.034066404649934
34.862764922048086	7.160544243761309	110.70125202751935	23.1627611872073	33.63386261714901	45.070294958408724	-0.0	-0.0	81.85466923169362	61.74271572817686
28.01274555575562	7.181011967715512	110.33805927431082	23.169293685499824	33.63386261714901	45.20674645143675	-0.0	-0.0	81.54728505886277	61.6135329362697
21.764666175710648	7.201352578907549	110.05038045254412	23.175612306054386	33.63386261714901	45.34235052605033	-0.0	-0.0	81.23735190515741	62.42002266637253
16.240192314549247	7.2215673025800955	109.69654618690917	23.181489904650853	33.63386261714901	45.47711535053397	-0.0	-0.0	80.93220722469349	63.66388025795584
11.546899118795148	7.24165615113748	109.40446497313233	23.186817495733557	33.63386261714901	45.611041007583204	-0.0	-0.0	80.6259122060131	65.17235662094927
7.778948368033603	7.259629561606966	109.05965714692718	23.191524735950097	33.647211391915796	45.73086374404644	-0.0	-0.0	80.32365752649034	66.85701508100863
5.168142413545806	7.150249035852274	108.76372143679818	23.195566758817993	34.99332396081697	45.00166023901516	-0.0	351.9682711469235	80.02117290784588	68.64626100703155
3.5652385777703652	7.007901872467472	108.42714395378961	23.198921724966386	37.76891924350678	44.052679149783145	-0.0	463.86038407970256	79.72208289492293	70.46671079987325
3.004850282200652	6.885495352420106	108.12823930876135	23.201593598824946	40.999730904637715	43.23663568280071	-0.0	492.4838239868553	79.42338681494712	72.23317127302275
3.1614542234253356	6.785955846990414	107.79887872914725	23.203615737906404	44.229084468506706	42.57303897993609	-0.0	475.9530979758588	79.12752844981287	73.85609464412669
3.317394541629713	6.695700663530915	107.49795575500805	23.205040903627967	47.34789083259425	41.97133775687277	-0.0	459.5042248106378	78.83242450232659	75.31361941041395
3.4678683519257048	6.609971333741991	107.17483723942475	23.205922757462687	50.35736703851409	41.399808891613276	-0.0	443.1494514986089	78.53967261700083	76.60918868446255
3.6129003942472853	6.52825439039425	106.8728004544368	23.20631400476729	53.258007884945705	40.855029269295	-0.0	426.86019345821563	78.24787997367703	77.7465771817404
3.7525124227603124	6.450478908954046	106.55501163250717	23.20626582226967	56.050248455206244	40.33652605969364	-0.0	410.63719435422354	77.95806573445599	78.72996011898249
3.886727211532884	6.376618749492476	106.25263060986539	23.205828134466284	58.734544230657676	39.84412499661651	-0.0	394.4847539797634	77.66932451078503	79.56402605162076
4.015569119981679	6.30665073117603	105.93940003682133	23.20504903620053	61.31138239963358	39.377671541173534	-0.0	378.407981812814	77.3822770878965	80.25412202685314
4.139064315056036	6.240550765448705	105.63740411714173	23.203974901316982	63.78128630112072	38.93700510299137	-0.0	362.4126145011261	77.09634957518871	80.80645158751877
4.25724098900803	6.178293259230025	105.32808437591864	23.202649746141482	66.14481978016059	38.521955061533504	-0.0	346.505074838558	76.81190180392234	81.22833200450361
4.370129597217629	6.119850481952313	105.02690478292364	23.201115101842074	68.40259194435258	38.13233654634875	-0.0	330.6925389178259	76.52858106911603	81.52852705472746
4.477763135961558	6.065192751283982	104.72106743857874	23.199409227436227	70.55526271923117	37.76795167522655	-0.0	314.9830963046295	76.24657428043243	81.71763771529488
4.580177469568355	6.014287950354501	104.4210809644205	23.197566674705346	72.60354939136708	37.42858633569668	-0.0	299.38587984261073	75.96568058650868	81.8084827629194
4.677411702878937	5.967101125528257	104.11835930579308	23.195617333170127	74.54823405757874	37.11400750352171	-0.0	283.9112342186947	75.68597801087674	81.8162591009666
4.7695086239654545	5.923594364854904	103.8198580685681	23.193585880570215	76.39017247930909	36.82396243236603	-0.0	268.57095674251633	75.40736741041393	81.75810502178898
4.8565152257284945	5.883726120469758	103.51994586950539	23.191491201940583	78.13030451456989	36.558174136465055	-0.0	253.37853287389794	75.12986534473595	81.65169501821029
4.938483322779918	5.847450361270011	103.22315321706594	23.18934669145525	79.76966645559837	36.316335741800074	-0.0	238.34940718539826	74.85343780089806	81.513078132768
5.015470273159276	5.814716576349375	102.92586168447863	23.18716099538474	81.30940546318551	36.09811050899584	-0.0	223.5014405979997	74.57806966869758	81.35482257256737
5.087539840130684	5.78546907396468	102.63090070957766	23.184939373831835	82.75079680261368	35.90312715976453	-0.0	208.85539761908177	74.30376782706657	81.18547296438516
5.154763252211733	5.759644989806641	102.336066909499	23.18268483874259	84.09526504423467	35.73096659871094	-0.0	194.43535840911684	74.03049872040785	81.01021736128784
5.217220450422413	5.737173462570362	102.04304038496836	23.180399145332814	85.34440900844827	35.581156417135745	-0.0	180.26941853583148	73.75828970646873	80.83197028002105
5.275001515571491	5.717976663566806	101.75056249405644	23.178083310345944	86.50003031142981	35.453177757112044	-0.0	166.39094551599615	73.48709770598198	80.65229228668095
5.328208640360764	5.701961991434618	101.45952347601623	23.175738000807804	87.56417280721527	35.346413276230784	-0.0	152.83842593443538	73.2169600974378	80.47199674030738
5.376957943451599	5.689031449561346	101.1693320283019	23.173363667283787	88.53915886903197	35.26020966374231	-0.0	139.6588490997231	72.9478274489126	80.29150091591994
5.421382556926032	5.679062768097949	100.880332508236	23.170960679007802	89.42765113852063	35.19375178731966	-0.0	126.90552863545706	72.67974293527986	80.11101748120404
5.46163502114929	5.671924791171309	100.59235030146709	23.168529337282752	90.23270042298579	35.14616527447539	-0.0	114.64340637985329	72.4126543324674	79.93065426326454
5.497891276789679	5.66745911852792	100.30539657024941	23.166069930825863	90.95782553579357	35.11639412351947	-0.0	102.94654005181546	72.146605928175	79.7504660873262
5.53035386904348	5.665489785554574	100.01959640418929	23.163582721831894	91.60707738086958	35.1032652370305	-0.0	91.9020934578936	71.88154503980029	79.57048087359202
5.559256105512978	5.66581089340163	99.73468311233746	23.161067975047363	92.18512211025956	35.10540595601086	-0.0	81.60682718400895	71.61751705700048	79.39071308733486
5.584865082065233	5.6681873652817645	99.45102614488697	23.158525941476167	92.69730164130465	35.12124910187843	-0.0	72.16399864914113	71.35446828028658	79.21117034992791
5.6074826471630645	5.6723615865801635	99.16814932176038	23.155956876576607	93.14965294326129	35.14907724386776	-0.0	63.678361423396304	71.09244454399584	79.0318569103423
5.627443549744694	5.678054438119595	98.88662083117701	23.15336102716515	93.54887099489387	35.18702958746397	-0.0	56.24215966187057	70.83139196941967	78.85277527177533
5.645108568028364	5.684971412258111	98.60578271642409	23.15073864315852	93.90217136056728	35.23314274838741	-0.0	49.91420403411415	70.57135631125522	78.67392710327692
5.660850752802	5.69282245991725	98.32636284138502	23.14808996881014	94.21701505604	35.285483066115	-0.0	44.70158492383788	70.31228393811946	78.49531361876585
5.675035336543592	5.701351775066265	98.04753602385196	23.14541524958874	94.50070673087184	35.342345167108434	-0.0	40.555855405441186	70.05422099310731	78.31693582590339
5.688000346948786	5.710338737926952	97.77019746061937	23.14271472772517	94.76000693897572	35.402258252846345	-0.0	37.365083114257395	69.79711414307664	78.13879460880099
5.700039297103025	5.719610367175246	97.49337409898875	23.139988644429078	95.0007859420605	35.46406911450164	-0.0	34.974160168813306	69.54100843586102	77.96089079263224
5.71139154433726	5.729045216540958	97.21811182673503	23.13723723993463	95.22783088674518	35.52696811027305	-0.0	33.216780589502285	69.28585079771965	77.78322517003697
5.722242012067832	5.738563807253963	96.94328653097823	23.134460751389028	95.44484024135663	35.59042538169309	-0.0	31.93919534260729	69.03168615288996	77.60579850301987
5.73272782969164	5.748113467736581	96.67005803493193	23.131659417230438	95.65455659383281	35.65408978491054	-0.0	31.009714249067017	68.77846459563186	77.42861155255088
5.74294707215592	5.757661840201856	96.39720507188564	23.128833470216637	95.8589414431184	35.71774560134571	-0.0	30.326110909099288	68.52622541924357	77.25166504496153
5.752968340475926	5.767187949587258	96.12603257271473	23.125983147343998	96.05936680951851	35.78125299724839	-0.0	29.811500624058453	68.27492265591668	77.07495972629081
5.7628385526139505	5.7766798691727645	95.85515861008872	23.1231086771179	96.256771052279	35.844532461151765	-0.0	29.41228119214621	68.02459393730102	76.89849629539742
5.772589532042951	5.786130051228841	95.58593685717662	23.120210294746656	96.45179064085902	35.90753367485894	-0.0	29.090934139661236	67.77519928017655	76.72227548460747
5.782242660162801	5.795533978631359	95.31707124438056	23.117288224498964	96.64485320325602	35.97022652420906	-0.0	28.82199514754087	67.5267620558711	76.5462979666723
5.79181230359096	5.804888541945791	95.04983437287845	23.114342700364286	96.83624607181919	36.03259027963861	-0.0	28.587845269921683	67.27925883423295	76.37056446494698
5.801308033351787	5.814192133186989	94.7829500067528	23.11137394232941	97.02616066703573	36.094614221246594	-0.0	28.37703719030803	67.03270149147261	76.1950756269655
5.810736269351742	5.823443787615885	94.51759344486952	23.108382182164156	97.21472538703483	36.15629191743923	-0.0	28.181907165926635	66.7870762824936	76.01983216109906
5.820101333104262	5.832643032260946	94.25275480015463	23.105367636857626	97.40202666208522	36.21762021507298	-0.0	27.997431976750384	66.54238045238736	75.84483469625455
5.829406174880782	5.8417896086433325	93.98926588147285	23.10233053548863	97.58812349761564	36.278597390955554	-0.0	27.820219448440433	66.29861865177739	75.67008392416436
5.838652828879166	5.850883497489022	93.72642409407084	23.099271092284216	97.7730565775833	36.33922331659348	-0.0	27.648088326609617	66.05577294763175	75.49558045670831
5.84784273393166	5.859924795127863	93.46478581983716	23.096189533092915	97.9568546786332	36.399498634185754	-0.0	27.47960743465308	65.81385869569354	75.32132496574474
5.856976939142513	5.86891366609577	93.20396456071876	23.093086070031518	98.13953878285025	36.459424440638465	-0.0	27.313832293886705	65.57284696862375	75.14731804953772
5.866056236498413	5.8778503356344745	92.94415407439585	23.089960925382073	98.32112472996826	36.519002237563164	-0.0	27.150160146927796	65.33276550668094	74.97356035855489
5.875081254042066	5.886735037731723	92.68529416318776	23.086814309469297	98.50162508084132	36.578233584878156	-0.0	26.988172976390373	65.09357601712549	74.80005247920955
5.884052508111965	5.895568042267658	92.42730811542813	23.083646440880262	98.68105016223929	36.637120281784384	-0.0	26.827614219882157	64.85531277924343	74.6267950400832
5.892970444544396	5.904349623464417	92.17043725281329	23.080457528203016	98.8594088908879	36.695664156429444	-0.0	26.66830857968502	64.61792957872414	74.45378861591739
5.901835460609145	5.913080074695062	91.91426796019248	23.07724778617724	99.03670921218288	36.753867164633746	-0.0	26.51015617399869	64.38146923753106	74.2810338125874
5.910647923265895	5.921759686198096	91.65938974732738	23.074017422056304	99.2129584653179	36.81173124132064	-0.0	26.353086788127765	64.14587803237774	74.10853119548366
5.919408185873518	5.930388698042342	91.40488554553167	23.070766646147902	99.38816371747036	36.869257986948945	-0.0	26.19698476068356	63.91121117843771	73.93628134494952
5.928116573815355	5.938967454598217	91.15201220628599	23.067495665290988	99.56233147630711	36.926449697321445	-0.0	26.041890271806952	63.67739793344942	73.76428482173985
5.936773412407135	5.947496227791256	90.8993256718233	23.064204684943018	99.73546824814268	36.98330818527504	-0.0	25.887756981005342	63.444503762516526	73.5925421783596
5.945379017750228	5.955975306871594	90.64832054184353	23.060893911024287	99.90758035500455	37.039835379143966	-0.0	25.73456955314006	63.21245866735617	73.42105396848031
5.953933703343897	5.964404961843262	90.39745304107247	23.057563545068533	100.07867406687794	37.09603307895508	-0.0	25.582291848274803	62.98132343121122	73.24982072188917
5.9624377739569985	5.972785496220197	90.1482818928162	23.05421379153767	100.24875547913996	37.15190330813465	-0.0	25.430938666316113	62.75103334864936	73.07884298234704
5.970891534398711	5.981117189413612	89.89925842617139	23.05084484822644	100.41783068797422	37.207447929424085	-0.0	25.28049521728799	62.521640887000224	72.90812125771643
5.979295285378962	5.9894003292872355	89.65193085772128	23.047456918413324	100.58590570757923	37.262668861914904	-0.0	25.130961865139724	62.293092246808094	72.7376560832929
5.98764932845171	5.997635179323896	89.4046850128928	23.04405019573627	100.75298656903418	37.31756786215931	-0.0	24.982307329621293	62.06543132023376	72.56744794329141
5.99610242440679	6.007319596765609	89.1591429553959	23.04062811419647	100.9220484881358	37.36543260060386	-0.0	26.47778828426176	61.838611642326484	72.3290636154706
6.006332549295907	6.025961103644325	88.91374893174734	23.03729084081766	101.12665098591813	37.32351142051258	-0.0	35.025485675092554	61.6125987366101	71.54288036542447
6.019313629796773	6.048303112836147	88.66997848965802	23.03422660442666	101.38627259593547	37.139246202284596	-0.0	42.565745499883754	61.38719872075507	70.21638344262485
6.034644278775487	6.073482521167048	88.42641437596133	23.0315933649537	101.69288557550973	36.831292257697605	-0.0	49.26855132305515	61.162268692324396	68.46395562015402
6.051972394464855	6.0995114031087905	88.18435384062602	23.029507096834017	102.03944788929708	36.42059766562266	-0.0	54.50860519446436	60.93768344100646	66.43038187755633
6.0708295850962495	6.125279839681248	87.94263888349555	23.02803229830673	102.41659170192499	35.939485704973855	-0.0	58.33644582559352	60.71337899936405	64.28470044205366
6.090721245579143	6.1497047224079555	87.70230784574909	23.027176775096088	102.81442491158285	35.421910117989285	-0.0	60.71628530963317	60.48931591918997	62.203394456999476
6.111146329976794	6.171692837980195	87.4624387337941	23.026892189328162	103.22292659953587	34.899866251560304	-0.0	61.51550008097587	60.265538270954494	60.35215262936852
6.131579537513828	6.190681648664198	87.22380602330786	23.027080353708733	103.63159075027654	34.40427853393849	-0.0	60.777314410050444	60.04212852173026	58.86954690764614
6.1515007072773304	6.206308677641541	86.98576753925447	23.02760417034974	104.0300141455466	33.9615869229432	-0.0	58.527755362418965	59.819194154082055	57.85476876477901
6.1704399523092555	6.217966408903967	86.7488535218275	23.02830175632011	104.4087990461851	33.590815092187306	-0.0	54.50140857968247	59.5968989669792	57.36063909801522
6.187770210537101	6.226782190652984	86.51265906407538	23.029001902172524	104.75540421074201	33.315007868463255	-0.0	49.378626522440754	59.37537083404362	57.39210396520135
6.203142639047812	6.231769049971493	86.27740960639485	23.029539259091493	105.06285278095623	33.13989211036211	-0.0	42.29835319170306	59.15479526703523	57.90939465790516
6.215546210911757	6.2360281362184375	86.04303474825673	23.02976793570051	105.31092421823513	33.089340074701184	-0.0	35.7787692866527	58.93527335799135	58.83395087793722
6.2265988586618874	6.233619802160285	85.80949071924239	23.029573196543218	105.53197717323775	33.13268711920153	-0.0	20.94776762926875	58.716961822751294	60.05351297351631
6.313693275040649	6.236595363151341	85.57687881418254	23.02888297284834	105.62156739574188	33.33548768873494	-0.0	-0.0	58.49988966251557	61.41010175086987
7.134268484379447	6.234291920062344	85.34502866901452	23.02771934681964	105.62156739574188	33.632843895894396	-0.0	-0.0	58.284093316145594	62.47545544102865
8.830073190358874	6.225467615818585	85.11415681505899	23.026114569274938	105.62156739574188	34.00702082271649	-0.0	-0.0	58.069487122471756	63.81969235848323
11.392841945232108	6.21350212903933	84.8839862678502	23.02393555686673	105.62156739574188	34.461280517998745	-0.0	-0.0	57.85619507648324	65.56097588398846
14.810083669597349	6.199626262697932	84.6548420839565	23.021071645994216	105.62156739574188	34.98145984363803	-0.0	-0.0	57.644300633485074	67.5850390913158
19.06514253462697	6.185306225317612	84.42631207692966	23.017452279287813	105.62156739574188	35.54921896453904	-0.0	-0.0	57.43389657529065	69.7607587560699
24.137279143510717	6.17204164652413	84.19887183236104	23.013051445608244	105.62156739574188	36.141121355890526	-0.0	-0.0	57.22498071796459	71.94657285174334
30.001771616450345	6.16141963684245	83.97194426125392	23.00788993629793	105.62156739574188	36.72988704988407	-0.0	-0.0	57.0175734879591	73.99749752408238
36.630036086488055	6.155038093299058	83.74626579102818	23.00203525042497	105.62156739574188	37.28577675697974	-0.0	-0.0	56.81157868792761	75.77249908832954
43.98976601889523	6.15438120853954	83.5208859923713	22.995599079928756	105.62156739574188	37.778624258110106	-0.0	-0.0	56.606946156446924	77.14194972284304
52.04508967503792	6.16053956385955	83.2968125329564	22.988732406787552	105.62156739574188	38.179598162850056	-0.0	-0.0	56.40348704961198	77.9948546017403
60.75674495325508	6.174204368058779	83.07311704368895	22.98161831977071	105.62156739574188	38.46503772662363	-0.0	-0.0	56.20106914334254	78.24549158955946
70.08227075455025	6.193444414364646	82.85058856818904	22.974459786939427	105.62156739574188	38.62296276243097	-0.0	-0.0	55.99947646471829	77.90373716557296
79.97621394040516	6.207830890703165	82.62854837955894	22.967374824024716	105.62156739574188	38.71887260468777	-0.0	-0.0	55.79858714110948	77.45751283239453
89.61975649870784	6.221586718578609	88.5658175410606	22.960375284706494	104.71967149119871	38.8105781238574	307.9845875823208	-0.0	55.71135897277338	77.01407987376446
96.91509267770067	6.2359751929531075	90.34218104514996	22.953679083706753	101.07374884935422	38.90650128635405	769.1307086117184	-0.0	57.05692816839587	76.57456857378698
101.37143005781768	6.251171110503375	91.04525475021671	22.94786193151406	95.11715525698244	39.007807403355834	964.031004524277	-0.0	60.05002713199291	76.14198059151296
104.26163323586181	6.2671964792115	94.09146807415328	22.943247653857057	88.66487308785838	39.11464319474334	956.7208916678716	-0.0	63.43701891463265	75.71797846783421
106.2525080861376	6.284036298566689	97.17177050779236	22.939859196359773	82.44681579516978	39.22690865711126	904.0278657492098	-0.0	66.71763539303963	75.30263720871041
107.60397685510421	6.301656671715569	99.97436771626806	22.937636885973895	76.65880271058462	39.34437781143713	828.6524135578518	-0.0	69.76908871125343	74.89559800832087
108.574648447474	6.320010007758349	102.49512539937507	22.93648977219365	71.42447775677502	39.46673338505566	739.7006653565375	-0.0	72.51238963089394	74.49633978855572
109.38522604148275	6.339038376028115	104.71626340682234	22.93630765273469	66.79838079896861	39.59358917352077	648.2334742355084	-0.0	74.90817330032895	74.10424317836633
110.17838573108135	6.35867670117848	106.66279867639754	22.936974165921413	62.76751325457088	39.72451134118987	562.4969643665133	-0.0	76.95555918842066	73.71865975514453
111.01089672831276	6.378856081192905	108.34908909805654	22.93837826508693	59.27023576198762	39.859040541286035	489.45141405767725	-0.0	78.68530753559095	73.33897242454852
111.86105468267252	6.399507168525577	109.80770212248044	22.940422575899877	56.21611650412693	39.99671445683718	429.88571785683615	-0.0	80.14710468771307	72.96463911718448
112.67539625728926	6.4205633766751165	111.05367403273524	22.943027013022437	53.5171751799575	40.13708917783411	382.0405740361379	-0.0	81.39385100588912	72.59521136764398
113.41181702271386	6.4419635543058495	112.10233778230716	22.94612737955713	51.10711511034358	40.27975702870567	343.29743901841624	-0.0	82.46789567983613	72.23032646074344
114.0549679300362	6.46365374279797	113.00003690061945	22.94967085809576	48.94278690397694	40.4243582853198	308.1295062916037	-0.0	83.39627310716294	71.86968330879559
114.61653929859764	6.485587754954268	113.7637573682639	22.953611552204418	46.99910665766388	40.57058503302845	277.03857805373843	-0.0	84.19515054195078	71.51301872721763
115.1055633913778	6.507726588045022	114.42129434598638	22.957908132595758	45.25379676640967	40.718177253633485	248.1616692505665	-0.0	84.87697702125205	71.16009488499012
115.52599925446685	6.5300370171089686	114.97557565428998	22.96252336177292	43.686079200041966	40.866913447393124	222.5716154767232	-0.0	85.45419270436113	70.8106966790094
115.87846331333682	6.552489934917133	115.42762800560715	22.96742405605145	42.27710516039186	41.016599566114216	201.43281186457892	-0.0	85.93856528237069	70.46463141485472
116.16405280141434	6.575058982917721	115.79422600759536	22.972580573367214	41.01097745057923	41.16705988611814	182.44015852796457	-0.0	86.3395758265054	70.12172599922303
116.38604215030547	6.597719765898829	116.09604980875358	22.977966022134456	39.87484506561391	41.318131772658866	161.55281099278486	-0.0	86.66448753797421	69.7818226841123
116.55603514000998	6.620449613256875	116.3113263972466	22.983555728689296	38.86045895624712	41.46966408837917	148.40413352971038	-0.0	86.91956818590742	69.44477619163075
116.66767319580006	6.643227622183223	116.48125155192099	22.98932704023581	37.95516610409429	41.62151748122149	129.52971840128612	-0.0	87.11068367294551	69.1104526145778
116.72713775501187	6.666034687963532	116.5877424518401	22.995259164791978	37.151945866441075	41.77356458642355	112.00704123160762	-0.0	87.24314760696426	68.77872851642161
116.7454427763253	6.6888533619236155	116.5994379737443	23.00133296557765	36.44638898324723	41.92568907949077	114.6317243710935	-0.0	87.32152207080415	68.44948979686755
116.68833345934594	6.711667559571018	116.60717828064581	23.007530956279584	35.82137478333841	42.077783730473456	85.46324404685109	-0.0	87.35154452498536	68.12263161965474
116.6191341251638	6.734462249681467	116.55924504264686	23.013836437544267	35.29038463782608	42.229748331209784	73.41673805423312	-0.0	87.33018924599784	67.79805382260854
116.45408932661412	6.757223241810505	116.32005078098702	23.020232678202813	34.82366652979211	42.3814882787367	109.83382496498784	-0.0	87.26978285129763	67.47565661305225
116.27052205926094	6.7799370035889295	116.20561056469519	23.0267107714787	34.4401292526015	42.53291335725953	76.43320293509481	-0.0	87.17545625098045	67.15538179554783
116.23037232399938	6.802590424644879	116.16329237427891	23.033246621578023	34.18290752717208	42.68393616429919	77.6993917276184	-0.0	86.99467796493943	66.83709169580243
115.96854262439807	6.825171684391318	115.96125167106828	23.03982271651141	33.94398890790333	42.83447789594212	25.616123822326085	-0.0	86.79792690216658	66.52068402291164
115.575510064883	6.847669884427802	115.56910693656067	23.046437214009938	33.74805380580046	42.98446589618535	24.00586488777196	-0.0	86.59379486103965	66.2061392285607
115.16668177824597	6.870073857303198	115.16827739235752	23.05308026318786	33.64988536158625	43.133825715354654	-0.0	-0.0	86.3412003187104	65.89339578904868
114.12752913885467	6.892372507442215	115.1649979832366	23.059731349808725	33.64793998266257	43.2824833829481	-0.0	-0.0	86.01671101550953	65.58233654250843
112.02073798483796	6.914556353909014	114.58048360569636	23.06637411396808	33.64793998266257	43.43037569272676	-0.0	-0.0	85.69184397038411	65.2728668237459
108.88053034561933	6.936613698405233	114.42662961531576	23.073014812824223	33.64793998266257	43.577424656034886	-0.0	-0.0	85.36906246311608	64.96501113277658
104.76805381740691	6.958533730020976	113.94980984869146	23.079647715733902	33.64793998266257	43.72355820013984	-0.0	-0.0	85.04480191719517	64.6587309110474
99.76338847230171	6.9803199623795935	113.71354363513107	23.086277405947143	33.64793998266257	43.868799749197294	-0.0	-0.0	84.7256244949034	64.35404195050123
93.96398750156902	7.001972114248121	113.30734825998255	23.09289982903992	33.64793998266257	44.013147428320806	-0.0	-0.0	84.40299756486498	64.05091460636041
87.48277956138303	7.023487837593038	113.01964512043186	23.099518126144165	33.64793998266257	44.156585583953586	-0.0	-0.0	84.08663329564962	63.74935717627214
80.44596977306162	7.04487154542275	112.65826256655394	23.10612948895076	33.64793998266257	44.29914363615167	-0.0	-0.0	83.7662163265529	63.44934666695583
72.99058219773411	7.066122477755413	112.34042820996792	23.11273599872415	33.64793998266257	44.440816518369424	-0.0	-0.0	83.45220128641702	63.15088589050712
65.26179163955688	7.087240331276208	112.0063543491434	23.11933575322279	33.64793998266257	44.58160220850805	-0.0	-0.0	83.13430438932421	62.85395671569834
57.41009673381649	7.108228345533501	111.67259955011185	23.125930073801584	33.64793998266257	44.721522303556675	-0.0	-0.0	82.82238981818172	62.55855804566784
49.5883893669154	7.129085603070912	111.35433360239287	23.132517701385186	33.64793998266257	44.860570687139415	-0.0	-0.0	82.50715239873273	62.26467522708496
41.948977493826554	7.149812896470651	111.0138184586456	23.139099426031645	33.64793998266257	44.99875264313768	-0.0	-0.0	82.19722340046552	61.972304455832706
34.64061932615543	7.170412386176461	110.70407781257157	23.14567443413804	33.64793998266257	45.13608257450974	-0.0	-0.0	81.88468087793612	61.681433515074566
27.80562664245988	7.190883427415147	110.36245445842773	23.15223440083931	33.64793998266257	45.27255618276765	-0.0	-0.0	81.57670532722432	61.57449477868031
21.577093626541842	7.211227313872886	110.0568489025024	23.158572446377356	33.64793998266257	45.40818209248591	-0.0	-0.0	81.26697685483532	62.39610025693198
16.07630519505989	7.231445415036295	109.71741586358932	23.1644660192736	33.64793998266257	45.5429694335753	-0.0	-0.0	80.96146963478658	63.648256173070195
11.410375280748008	7.251537505148382	109.41347711808581	23.16980719454764	33.64793998266257	45.67691670098921	-0.0	-0.0	80.65521423776869	65.16233459917177
7.670161059663761	7.271504998156133	109.07795438050934	23.17452660392432	33.64793998266257	45.81003332104089	-0.0	-0.0	80.35273767174095	66.8505433195698
5.105074982750849	7.152790807843938	108.77446219516038	23.17857984478375	35.11542708523823	45.01860538562625	-0.0	357.7460538822449	80.05019015855932	68.64123732472896
3.531528454791561	7.011434370984576	108.44359078765524	23.18194598654892	37.917390095871035	44.07622913989717	-0.0	466.3626483350306	79.7509617224398	70.46067321301612
3.0096339457780616	6.889730370865039	108.14005960654328	23.184629740383333	41.15658688800437	43.26486913910026	-0.0	492.4490091044311	79.45214285844422	72.22303961703737
3.169228407718544	6.790672673857425	107.81402147983626	23.186665542568292	44.38456815437088	42.60448449238283	-0.0	475.75231647747137	79.15618866552545	73.83979797446699
3.3251026391667122	6.700517743062519	107.51042620051669	23.18810627418437	47.50205278333424	42.00345162041679	-0.0	459.307570146071	78.86092850507005	75.29125888810249
3.475511156568141	6.614847852938136	107.18905144930336	23.18900564876552	50.51022313136282	41.432319019587574	-0.0	442.9543357086876	78.56809917122979	76.58088282323763
3.6204783660788373	6.533185839619036	106.88559092824035	23.189416256016443	53.409567321576745	40.88790559746024	-0.0	426.6664002429327	78.276135095327	77.7124572600978
3.7600260065796585	6.455464343694221	106.56857143642254	23.18938928897731	56.200520131593166	40.369762291294805	-0.0	410.44475397994813	77.98624715500485	78.69017470120944
3.8941768709414237	6.38165773337545	106.26555970428855	23.18897456872401	58.88353741882847	39.877718222503	-0.0	394.29374063269967	77.69732944070942	79.51874548181384
4.0229553441953385	6.311742797680358	105.95251268694958	23.18822017183111	61.459106883906756	39.41161865120239	-0.0	378.21847633717437	77.41020420636708	80.20354583082904
4.146387620957075	6.245695434710693	105.65025271001751	23.187172366408788	63.92775241914149	38.971302898071286	-0.0	362.2247069977435	77.12410388428906	80.75081741899051
4.264501925492942	6.183490029526972	105.34084217061006	23.185875111795635	66.29003850985883	38.55660019684648	-0.0	346.31886535695236	76.83956974602536	81.16792843333145
4.377328747916012	6.125098790009158	105.03965009559664	23.18436981125816	68.54657495832024	38.16732526672772	-0.0	330.5081354986918	76.55607978864936	81.46370923525302
4.484901122771303	6.070492016154842	104.73350941318998	23.182694613479963	70.69802245542606	37.803280107698946	-0.0	314.80062076887833	76.2739799548038	81.64884600541203
4.58725495806098	6.01963755907188	104.43367465804991	23.180883895759123	72.74509916121958	37.464250393812534	-0.0	299.205468805604	75.99292074255575	81.73625855887653
4.684429406325911	5.972500435992468	104.13054880681126	23.178967365957725	74.68858812651823	37.15000290661646	-0.0	283.73304240810546	75.71311826341207	81.74124641543645
4.776467307570437	5.929042832889299	103.83227194834834	23.176969470317776	76.52934615140873	36.86028555259533	-0.0	268.39517568769537	75.43434693150627	81.68101801400667
4.863415724306834	5.8892227130788015	103.5319036250404	23.1749088667667	78.26831448613667	36.59481808719201	-0.0	253.20532537497704	75.15673955252035	81.57324174268675
4.9453265355248845	5.852994283660877	103.23534141659685	23.172798728370523	79.90653071049768	36.35329522440585	-0.0	238.17899625806538	74.88015702317657	81.43386554128871
5.022257173178807	5.820307238116695	102.93761335357728	23.170647532718103	81.44514346357613	36.135381587444634	-0.0	223.3341197815909	74.60467871382966	81.275297698638
5.094271494026308	5.791105653078403	102.64287699079033	23.168460418810483	82.88542988052616	35.94070435385602	-0.0	208.69148267420005	74.33022709767363	81.10592475972337
5.161440859231986	5.7653253960783815	102.34762827171612	23.16624032672399	84.22881718463971	35.76883597385588	-0.0	194.27502040380725	74.0568439842535	80.93081552014462
5.2238452704570095	5.742897966043682	102.05479255328413	23.16398896961152	85.47690540914019	35.61931977362455	-0.0	180.11327956085583	73.78449075703878	80.75280813228395
5.28157503193281	5.72374224874256	101.76194376626087	23.161707341788762	86.6315006386562	35.49161499161707	-0.0	166.2391381432465	73.51318205640874	80.57341927179175
5.334732366277044	5.707770012976851	101.4710636747087	23.15939609932468	87.69464732554087	35.38513341984567	-0.0	152.6920198266364	73.24290482622119	80.39343798631559
5.383433761363839	5.694877281497438	101.18051266014902	23.15705568609736	88.66867522727676	35.299181876649584	-0.0	139.51781251277538	72.97365481133696	80.21326882454976
5.427812384261108	5.6849471034320755	100.89164043621255	23.154686469965085	89.55624768522215	35.23298068954717	-0.0	126.77113215628191	72.70543375512942	80.03311768160968
5.468021288812838	5.6778413829999375	100.60335955058311	23.15228874994876	90.36042577625676	35.185609219999584	-0.0	114.51530852551429	72.43822604782713	79.85308893329572
5.504236226647852	5.67341263347359	100.31648118558715	23.14986281592249	91.08472453295704	35.156084223157265	-0.0	102.82764913489275	72.17204556219471	79.67323560831598
5.5366606007709915	5.67147271546747	100.03039077127782	23.14740892875083	91.73321201541982	35.1431514364498	-0.0	91.79192322056386	71.90686531091966	79.49358472073757
5.565527877444366	5.6718200387669535	99.74554365221934	23.14492735540976	92.31055754888732	35.14546692511303	-0.0	81.50619659057644	71.64270741301388	79.31415027577414
5.591105235618744	5.6742237696512845	99.46163015960727	23.14241834566375	92.82210471237488	35.16149179767523	-0.0	72.0757128097516	71.37953911882337	79.13493965216834
5.613695264439444	5.67841958034281	99.17881472604063	23.139882157388953	93.27390528878888	35.18946386895207	-0.0	63.60243504741274	71.11738728520716	78.95595699358438
5.633633053751003	5.684127881078314	98.89704953094282	23.137319036147122	93.67266107502006	35.227519207188756	-0.0	56.17763530050807	70.85621508458298	78.77720473743615
5.651279029582094	5.691060501023018	98.61624567987859	23.13472923441401	94.02558059164187	35.27373667348679	-0.0	49.86323259735332	70.59605369072185	78.59868453767176
5.667006262357777	5.698925988613934	98.33659009635481	23.132112995190813	94.34012524715554	35.32617325742623	-0.0	44.66523134396373	70.33686262260984	78.42039758880837
5.681180350823875	5.707462068234373	98.05778368780005	23.12947056661666	94.6236070164775	35.383080454895826	-0.0	40.52909249114927	70.0786764077218	78.24234490756685
5.69413820947583	5.71645515233813	97.78024011210697	23.126802189489535	94.88276418951659	35.44303434892087	-0.0	37.347140839611335	69.82145051484318	78.0645273693078
5.706172687996821	5.725732984205992	97.50343632480941	23.12410810777197	95.12345375993641	35.50488656137328	-0.0	34.96453221584983	69.56522286400231	77.88694581459673
5.717522608626584	5.735173398740051	97.22798013471396	23.121388560204704	95.35045217253166	35.56782265826701	-0.0	33.21406903846218	69.30994656648302	77.70960103005561
5.72837261627529	5.744694753718662	96.95312541182204	23.118643786750596	95.56745232550578	35.63129835812441	-0.0	31.939530212743385	69.05566356943004	77.53249379502897
5.738858989500495	5.754247816655771	96.67974515268982	23.115874024319865	95.77717979000991	35.69498544437181	-0.0	31.012927904419517	68.80232228314138	77.35562486492279
5.749079612862222	5.763798988575126	96.40686793476544	23.113079508593458	95.98159225724444	35.75865992383417	-0.0	30.330858577634906	68.54996635083027	77.17899498444858
5.759102718076823	5.773328217661918	96.13553706067165	23.110260474804733	96.18205436153646	35.82218811774612	-0.0	29.817674692511215	68.29854513769361	77.00260489278317
5.768975120423508	5.782823029689916	95.8646043580858	23.107417154503327	96.37950240847015	35.88548686459944	-0.0	29.419284987071094	68.04810238474586	76.82645530784211
5.7787285032659765	5.792276051905851	95.59528948972762	23.104549781111086	96.57457006531953	35.948507012705676	-0.0	29.098484324654738	67.79858685169047	76.65054695529295
5.788384189937985	5.801682617256725	95.32633399788318	23.101658582104715	96.76768379875969	36.01121744837817	-0.0	28.829701826783825	67.55003920642412	76.47488052804316
5.797956449541096	5.811039950056769	95.05900869682182	23.098743789423935	96.95912899082191	36.07359966704513	-0.0	28.595782595158706	67.3024161543984	76.29945674062299
5.807454844494636	5.820346260661654	94.79197966620539	23.095805626118302	97.14909688989272	36.13564173774436	-0.0	28.385093102518116	67.05575065035202	76.12427626002527
5.8168857705288275	5.829600599694452	94.52662458498727	23.092844322569356	97.33771541057655	36.19733733129635	-0.0	28.19001282106056	66.81000372331931	75.94933978996464
5.8262535389287375	5.838802467512486	94.26159349718054	23.089860098043296	97.52507077857474	36.25868311674991	-0.0	28.005500111304414	66.56520217373554	75.7746479744609
5.835561076643395	5.847951711990434	93.99812915433077	23.08685318112229	97.7112215328679	36.319678079936224	-0.0	27.82830769540128	66.32132156126784	75.60020150461064
5.8448104237143745	5.857048228057587	93.7350631361265	23.083823786869353	97.89620847428749	36.380321520383916	-0.0	27.656152506282744	66.07836917316821	75.42600100011737
5.854003011835588	5.8660921390322915	93.47348306847793	23.08077214221748	98.08006023671176	36.44061426021528	-0.0	27.487641764872503	65.83633700951546	75.25204714098722
5.863139889442639	5.8750835976242	93.21241094010077	23.077698459115958	98.26279778885278	36.50055731749467	-0.0	27.321818412169453	65.59522028820454	75.07834052751575
5.8722218440974965	5.884022851692699	92.95265109034669	23.07460296159252	98.44443688194993	36.560152344618	-0.0	27.158110661461315	65.35502434763956	74.90488182183861
5.881249505292312	5.892910118515681	92.69358121259641	23.071485859011247	98.62499010584624	36.61940079010454	-0.0	26.99607983505311	65.11572768325388	74.73167160818531
5.890223388372688	5.901745671622278	92.43564359691547	23.068347372268406	98.80446776745376	36.67830447748185	-0.0	26.835474713508155	64.87735104596538	74.55871052990875
5.8991439378402175	5.910529793187769	92.1785509662567	23.065187708800504	98.98287875680434	36.73686528791846	-0.0	26.676130889279623	64.6398619328368	74.38599915833603
5.908011553681046	5.919262755591958	91.92239328546063	23.062007085821516	99.1602310736209	36.79508503727972	-0.0	26.517920722258356	64.40329168786934	74.21353811519266
5.916826601270512	5.927944860426531	91.66726138130115	23.05880570913394	99.33653202541024	36.85296573617688	-0.0	26.36078901040693	64.16759659562179	74.04132796066985
5.925589428912685	5.936576385419159	91.41291794634482	23.055583792136495	99.5117885782537	36.91050923612773	-0.0	26.204670989245848	63.93281611475443	73.86936929409362
5.934300370514764	5.945157612189322	91.15972939354803	23.052341539070195	99.68600741029528	36.967717414595484	-0.0	26.049522157995362	63.69890082495255	73.69766266526484
5.942959746588075	5.953688848577085	90.90716958915273	23.049079159533893	99.8591949317615	37.02459232384723	-0.0	25.895344645574895	63.46589625147563	73.52620865096267
5.951567874455528	5.962170375536952	90.65587293553983	23.045796856389305	100.03135748911056	37.08113583691301	-0.0	25.742111754652033	63.23374879454629	73.35500779147573
5.960125066825006	5.97060246948918	90.40510957271233	23.04249483545708	100.2025013365001	37.137349796594535	-0.0	25.589796140472107	63.00250568404149	73.18406064165413
5.968631630595852	5.9789854190779606	90.15570711868273	23.03917329806088	100.37263261191704	37.1932361271864	-0.0	25.438391854277473	62.77211152654803	73.0133677314422
5.977087868310679	5.987319520911488	89.90673324428803	23.035832446256215	100.54175736621357	37.248796806076584	-0.0	25.287907931470134	62.542615077639404	72.8429295935379
5.985494082186907	5.995605052731556	89.65920109579137	23.03247248012583	100.70988164373813	37.30403368487704	-0.0	25.138330474408445	62.31396154032787	72.6727467492947
5.993847931772267	6.003861207915063	89.41195435188175	23.029093578001635	100.87695863544533	37.35907471943375	-0.0	25.016589674148694	62.08619930501354	72.5027878470768
6.002288181521049	6.01402907406557	89.16629256170219	23.025700052202033	101.04576363042098	37.40745145703906	-0.0	27.08884981007117	61.85927071127254	72.25413430853456
6.01268370160366	6.032576320244331	88.92084329832718	23.022397088601583	101.25367403207319	37.358867290223714	-0.0	35.26029870891588	61.63315681132998	71.44877261238585
6.025745188199601	6.055091012201404	88.67697260794333	23.019372723914472	101.51490376399202	37.170140889744935	-0.0	42.826557182578725	61.40764070622368	70.10699642697698
6.041160878743814	6.080269432999929	88.43331199860836	23.016783581140693	101.82321757487628	36.857421268902534	-0.0	49.439707129059286	61.18260130803718	68.3438330354189
6.058545184900697	6.106542391536393	88.19120445691685	23.014743988192237	102.17090369801393	36.44465589823111	-0.0	54.77066198916153	60.9578860588172	66.3050244963145
6.077464019355196	6.132181091971336	87.94935822720353	23.01331656398311	102.5492803871039	35.96036921146169	-0.0	58.479201760188204	60.73347174634681	64.16007091681226
6.097396755939807	6.1565444914754455	87.70902516838291	23.012507182013255	102.94793511879612	35.441372229330035	-0.0	60.80076867094224	60.50928807535971	62.085299388556315
6.117844662499037	6.178478985754656	87.46898196979645	23.01226572499519	103.35689324998073	34.91919569139013	-0.0	61.56009424518605	60.28539846267093	60.245651782217045
6.138288821667274	6.197323743253997	87.23037168962541	23.012492547331092	103.76577643334548	34.424043626496925	-0.0	60.74275758615331	60.06187239300896	58.778474473608576
6.15819908636399	6.212864698036897	86.99215328408853	23.013049549837902	104.1639817272798	33.98306638059898	-0.0	58.451695694450855	59.83883851419257	57.78142290084677
6.177074900269863	6.224779623948867	86.75527848356899	23.013774373644694	104.54149800539726	33.616711205164066	-0.0	54.603527632724514	59.61643297636631	57.30566162345664
6.194516401445764	6.2323282310173465	86.51887219699529	23.014495865630987	104.89032802891526	33.33731750771867	-0.0	48.6131602369555	59.39482693787178	57.35453742888677
6.209714186044611	6.237871357652341	86.28369136263358	23.01504922594984	105.19428372089222	33.1693039913443	-0.0	41.95024702529326	59.17415394999667	57.88687041063031
6.222188928037952	6.241278564584915	86.04909412800984	23.015289532523063	105.44377856075904	33.11828880173964	-0.0	34.54131271658876	58.95455413019067	58.82291861174179
6.2311277085998675	6.243222463945382	85.81560745677777	23.015103382661888	105.62255417199735	33.19028590584245	-0.0	27.494039519405845	58.73615591681716	60.0493308301311
6.330562508668347	6.247598489390971	85.5827993624468	23.01442012181579	105.69367802755052	33.40553192150807	-0.0	-0.0	58.519010508939076	61.372609330772725
7.1809859733791415	6.242329561533867	85.35098443285248	23.013255556341335	105.69367802755052	33.69074752837067	-0.0	-0.0	58.303136672773235	62.527957245471654
8.907035092585632	6.233107761403292	85.1199360033339	23.01163790309038	105.69367802755052	34.06687271425971	-0.0	-0.0	58.088474773858465	63.88375972904518
11.500297005566665	6.220996542213059	84.88978815638069	23.009442878558204	105.69367802755052	34.52403156937893	-0.0	-0.0	57.875123652633064	65.63255568566757
14.948132007549264	6.207076038279714	84.66046302306141	23.006561217085206	105.69367802755052	35.04700682170493	-0.0	-0.0	57.663177253385896	67.65962875701645
19.233735156345283	6.192765112503737	84.43195661280846	23.002923870290772	105.69367802755052	35.616964925395564	-0.0	-0.0	57.45271600227578	69.83362627102508
24.336218180581838	6.179488484767145	84.20436105634943	22.99850637070832	105.69367802755052	36.20978971810367	-0.0	-0.0	57.243752561025495	72.01298926465219
30.230711290320613	6.168954229828788	83.97746439829723	22.99333101683016	105.69367802755052	36.79876329347978	-0.0	-0.0	57.03628582124123	74.05297390019162
36.8884843938118	6.162718187039691	83.75155901611107	22.987466694496927	105.69367802755052	37.35378922441404	-0.0	-0.0	56.830237616457744	75.81301950720523
44.27708712958212	6.162253850810131	83.52625162612362	22.981026295540307	105.69367802755052	37.8446407045461	-0.0	-0.0	56.62553462143127	77.16419118870745
52.36050703132402	6.168653277956381	83.30199260084464	22.974161738896374	105.69367802755052	38.242639750495606	-0.0	-0.0	56.42200733118678	77.99638370937879
61.09934505469552	6.182581682062732	83.0783124840313	22.967056738193563	105.69367802755052	38.524239003180185	-0.0	-0.0	56.21951318762477	78.22492660088207
70.45100761047084	6.201782997156752	82.85564132274857	22.95991378137986	105.69367802755052	38.67855331437835	-0.0	-0.0	56.017839096959264	77.87102820317307
80.36991416810413	6.216090060795906	82.6335824725531	22.952845375457976	105.69367802755052	38.77393373863938	-0.0	-0.0	55.81686632413252	77.42506252109405
89.96561318973707	6.229860107731845	88.79029043086449	22.94586379936709	104.7119896061355	38.86573405154564	325.2369110333764	-0.0	55.75071386055351	76.98189425126367
97.14965856587585	6.244274849569153	90.33921438137868	22.939203393208274	100.94942592600516	38.96183233046102	782.9048324060501	-0.0	57.17390024390638	76.54273990040849
101.52951241160049	6.259498885076895	91.15394251166063	22.93344208472374	94.94274237931359	39.06332590051264	966.3339438282128	-0.0	60.20364558782391	76.11061220310695
104.38438080788205	6.275552378087206	94.2332498569069	22.928888582339336	88.48917207120384	39.17034918724804	955.8251856839536	-0.0	63.59267776199933	75.68709380908564
106.35048635054545	6.292419617705974	97.3043354231507	22.925560050041746	82.28010266599212	39.28279745137316	902.3045957244855	-0.0	66.8686859454027	75.27222927291741
107.68529018881638	6.310066227479602	100.09872787992636	22.92339547140647	76.50619376500558	39.400441516530684	826.3114472159406	-0.0	69.91231318138134	74.86565277592412
108.64705896470448	6.328444245131491	102.61159166741092	22.922303019773707	71.28900477646948	39.52296163420994	737.0156421382254	-0.0	72.64563835380069	74.46683871524326
109.45405394585475	6.347495462780561	104.8291178790709	22.922172035628048	66.68049397960317	39.64996975187041	645.1699357615373	-0.0	75.0306668220625	74.07516541807527
110.24947522818941	6.367154626154068	106.75716913719592	22.922886106693785	62.66765079797682	39.781030841027125	560.6313835216635	-0.0	77.06788099337734	73.68998430643032
111.0807490555987	6.387352757740225	108.44958948982054	22.924334485539248	59.18376880034182	39.9156850516015	486.6254832209618	-0.0	78.78853277191173	73.31067996769076
111.93051219451885	6.408020538055087	109.90140508403965	22.92642027936425	56.14146455305237	40.05347025370058	427.34019228610856	-0.0	80.24295413001298	72.93671296192014
112.74521744247865	6.429091502122092	111.127516743888	22.9290639318166	53.453069476239584	40.19394334748061	381.56659035240335	-0.0	81.48383480415865	72.56763768801751
113.47655443201401	6.450504691309338	112.18248369339379	22.932201668637337	51.04979003249156	40.33669794206226	341.2716901177416	-0.0	82.55301590072906	72.20309372162826
114.11869013694178	6.472206377422655	113.06608068497061	22.935780937796277	48.8930950956753	40.481375849484365	307.7902706022477	-0.0	83.47715566609419	71.84278142835846
114.67591822011954	6.494150603316959	113.83555403459566	22.93975600143297	46.954809685588	40.62767068877973	275.0141390858829	-0.0	84.27217134844398	71.4864385088005
115.16494473641932	6.516298563513637	114.4788745358493	22.944085651576216	45.21593519832091	40.77532375675758	248.4880642028935	-0.0	84.95050549445709	71.13382781703285
115.58302894749856	6.538617180269189	115.03055340435492	22.94873277339646	43.65310132024846	40.92411453512793	222.9860957165892	-0.0	85.52459372920636	70.78473493856828
115.93294245500687	6.56107744494527	115.48109932435925	22.95366429892011	42.24843182309779	41.07384963296847	201.6578333670318	-0.0	86.00615712336892	70.43896782742664
116.21593048911396	6.583653064195565	115.84725224498533	22.95885067866709	40.98616468611417	41.22435376130377	182.15664130516024	-0.0	86.40459696502934	70.0963539139175
116.43577071287956	6.606319693654091	116.14759155605576	22.96426509139951	39.853682840378106	41.3754646243606	161.04696244928724	-0.0	86.72712708485163	69.75673585420088
116.60374112763131	6.629054712574155	116.36136143738275	22.96988292411462	38.84266896210448	41.527031417161034	147.69621566705743	-0.0	86.98000135810037	69.41996872160354
116.71365482479523	6.651837270632337	116.52883017554876	22.97568158082392	37.94057227217049	41.67891513754892	128.97371217493074	-0.0	87.16907000026966	69.0859189380678
116.76365539427147	6.674648314258452	116.62260069709706	22.981640394374786	37.13789695651273	41.83098876172301	112.67174777066788	-0.0	87.30078639300109	68.75446375228279
116.77065796453549	6.697470438695516	116.66518509017197	22.987740815365132	36.43221721895409	41.98313625797011	97.42976286903425	-0.0	87.37854971093698	68.42549217233726
116.74559167395103	6.7202875933055894	116.66685313658846	22.993964142188272	35.820052499271995	42.13525062203726	84.18116394200746	-0.0	87.40193483466228	68.09889298667225
116.6685523684581	6.743084772294109	116.60825522547105	23.000293130069412	35.289635972458015	42.287231815294064	73.6664297277501	-0.0	87.37854953531834	67.77456322149331
116.48529851457603	6.7658478062428715	116.35060715985833	23.006713346297676	34.82040782469602	42.43898537495248	110.10096241447312	-0.0	87.32242680766605	67.4524152086811
116.3568004040414	6.788563276219308	116.2927755771406	23.013213688915837	34.45562352051667	42.59042184146205	75.90938295804554	-0.0	87.21418918702093	67.1323792026015
116.27329434086393	6.811218487543129	116.19848441292335	23.0197697286917	34.18849713371952	42.74145658362086	82.05421082828111	-0.0	87.03730388640176	66.81431586315291
115.98181855719272	6.8338014223407155	115.93301211353102	23.02636862550672	33.94372493184631	42.89200948227144	66.27654132159685	-0.0	86.8487074475744	66.49814747540997
115.60161336394913	6.856300536472152	115.59535372534619	23.033006587648707	33.754097520390054	43.042003576481015	23.735363369131484	-0.0	86.64064449131642	66.18384417943578
115.20810616012727	6.8787043732761495	115.20758162551665	23.039670791528955	33.6665482264343	43.191362488507664	6.8708161782816495	-0.0	86.38047147933972	65.87132884206629
114.11916632090879	6.901002157581496	115.1530295106559	23.046341605774973	33.66085322935166	43.34001438387664	-0.0	-0.0	86.05740813145572	65.56048901575456
111.9763054745753	6.923182940976514	114.64279083346814	23.053005007469515	33.66085322935166	43.48788627317676	-0.0	-0.0	85.73198193302673	65.25124233980083
108.80133968243707	6.945233060676248	114.43099200858609	23.059665382772845	33.66085322935166	43.63488707117499	-0.0	-0.0	85.40909303238169	64.94360347606774
104.65609336776201	6.967146655655589	113.99815556791435	23.066318546114726	33.66085322935166	43.78097770437059	-0.0	-0.0	85.08485415262915	64.63754200862667
99.62128471130612	6.988926759767449	113.72865870228755	23.072967773787816	33.66085322935166	43.926178398449665	-0.0	-0.0	84.76514684878919	64.3330668583076
93.79495386903055	7.010571251587494	113.3464529290908	23.07961011235599	33.66085322935166	44.070475010583294	-0.0	-0.0	84.44283445248116	64.03015418677032
87.29055388820402	7.032080622345708	113.04158167396412	23.086247784016496	33.66085322935166	44.21387081563805	-0.0	-0.0	84.12575318615137	63.728807461845435
80.2347414964336	7.053457813922657	112.69142641901222	23.092878745179824	33.66085322935166	44.35638542615105	-0.0	-0.0	83.80576087231789	63.42900772714473
72.76491078246039	7.074701493974879	112.36643031490256	23.099504447737818	33.66085322935166	44.49800995983253	-0.0	-0.0	83.49098343486077	63.13075448865153
65.02651779401381	7.09581312493446	112.03584501092533	23.106123506361463	33.66085322935166	44.63875416622973	-0.0	-0.0	83.1735137154419	62.83403234760661
57.17024814940726	7.116794497430093	111.70082452312839	23.112736823746832	33.66085322935166	44.77862998286729	-0.0	-0.0	82.86086966756987	62.53883801009434
49.34908281650022	7.137644883402392	111.38165141026069	23.119343479614614	33.66085322935166	44.917632556015946	-0.0	-0.0	82.54600620455771	62.24515861738072
41.71531919552749	7.158365992898213	111.04306825520142	23.125943995053728	33.66085322935166	45.05577328598809	-0.0	-0.0	82.23541892814183	61.952988956337975
34.41760551267981	7.178958854455717	110.73017647238647	23.13253777015966	33.66085322935166	45.19305902970478	-0.0	-0.0	81.92317341977244	61.6623179458033
27.598046272115003	7.199423327629414	110.39197768829159	23.13912141525395	33.66085322935166	45.32948885086276	-0.0	-0.0	81.61462142340771	61.52282032877682
21.389435130385387	7.219761039921927	110.08233399547728	23.14548400908386	33.66085322935166	45.46507359947952	-0.0	-0.0	81.30510000817742	62.369344941112466
15.912669076075327	7.239972611566775	109.74675849425438	23.151396291662955	33.66085322935166	45.59981741044517	-0.0	-0.0	80.99910153967426	63.63459177101885
11.274394266919922	7.260058362026329	109.43869042594372	23.156752700989376	33.66085322935166	45.73372241350886	-0.0	-0.0	80.69298456291232	65.1572584607167
7.565280970660668	7.27966699150884	109.10687045261648	23.161484986099683	33.66260248120654	45.864446610058934	-0.0	-0.0	80.39009876299025	66.85106317113633
5.040848920578686	7.154836346079537	108.79955984551495	23.165549679062966	35.22205117337644	45.03224230719692	-0.0	363.48894631584494	80.08762598914286	68.64470477921076
3.4977703305426417	7.014169499954384	108.47195183889224	23.168926702423644	38.0500746380111	44.09446333302923	-0.0	468.80160845312156	79.78805484833632	70.46430074350793
3.015083697770314	6.893159256013249	108.16514375969417	23.171621754757087	41.29710757208654	43.28772837342166	-0.0	492.32075153316805	79.48925416503526	72.22356346405697
3.176184991625488	6.794544444730348	107.84181838731678	23.173670238686704	44.52369983250976	42.63029629820232	-0.0	475.5496460087566	79.19300909731912	73.83523120510011
3.3319923545833356	6.704477587864504	107.53550722037163	23.175125244554675	47.63984709166671	42.02985058576336	-0.0	459.1081866837848	78.89771991055744	75.28168868302897
3.482334557981656	6.618858180419721	107.21629018499914	23.17604045921735	50.646691159633114	41.459054536131475	-0.0	442.75583158483533	78.60463791979285	76.5664093808774
3.627235694429217	6.537242469051278	106.91065104472142	23.176468430284764	53.54471388858433	40.914949793675184	-0.0	426.46854914973363	78.31260772171271	77.69319179569172
3.7667174834655324	6.459566868062311	106.59525842432619	23.176460321317588	56.33434966931064	40.39711245374874	-0.0	410.2475917507605	78.02249683234227	78.66624268196554
3.9008027338410187	6.385805809140571	106.29055278337887	23.176065899348252	59.01605467682037	39.90537206093714	-0.0	394.0973131172325	77.73348463507084	79.49029078066116
4.029515847684593	6.315936172214633	105.97870472909578	23.175333200650194	61.59031695369185	39.43957448143089	-0.0	378.02284359959987	77.44615734126397	80.17073656021299
4.152883042635318	6.249933935273327	105.67515228531177	23.174308422989494	64.05766085270635	38.99955956848885	-0.0	362.02994460386225	77.1599417516024	80.71385355543671
4.270932567813382	6.187773307577117	105.36657863131208	23.17303546400637	66.41865135626765	38.58515538384744	-0.0	346.12504421846364	76.87522075544211	81.12705221246549
4.383694939471148	6.129426565285386	105.06440567654089	23.171555629827836	68.67389878942296	38.19617710190258	-0.0	330.3153441991302	76.59160091120812	81.4192181150819
4.491203223827538	6.074864050398273	104.75885572729354	23.169906970181504	70.82406447655076	37.83242700265515	-0.0	314.6089662750744	76.30932376232794	81.60110766719063
4.593493363435361	6.024053512313575	104.4582545834582	23.16812372094183	72.86986726870722	37.4936900820905	-0.0	299.0150653476984	76.02812496579963	81.68572340031741
4.690604552224489	5.976959884836067	104.15551598666326	23.16623543754784	74.81209104448978	37.17973256557379	-0.0	283.544014728267	75.74815268919417	81.68844766859104
4.782579680881071	5.933545099013709	103.85663482492834	23.1642663754369	76.65159361762142	36.89030066009139	-0.0	268.20764089281624	75.46923564114094	81.62654336792167
4.869465853466892	5.89376763193816	103.55653312179825	23.16223500748486	78.38931706933784	36.6251175462544	-0.0	253.01948769700383	75.19146287015114	81.51766881269732
4.951315011535339	5.857581530656903	103.25951145175625	23.160154325041113	80.02630023070678	36.38387687104602	-0.0	237.99507861528932	74.91473043909379	81.37768522689335
5.028184672927167	5.824935680492759	102.96191106361285	23.15803267271388	81.56369345854333	36.16623786995173	-0.0	223.15227530287365	74.63909180349934	81.21886869531872
5.100138759083132	5.795774886438588	102.66681059393521	23.155875089709333	83.00277518166263	35.971832576257256	-0.0	208.51200914987132	74.36448860483875	81.04947683207959
5.167248738103259	5.770034490394615	102.37161979904394	23.153684462485113	84.34497476206518	35.8002299359641	-0.0	194.09819555629494	74.09094839236552	80.87448285917212
5.229594701995661	5.7476467205665775	102.07849546580395	23.151462467618593	85.59189403991321	35.65097813711052	-0.0	179.9395764157576	73.81844316695069	80.69666411718545
5.287267108680647	5.728529470073122	101.78562084974672	23.14921008524811	86.74534217361293	35.52352980048748	-0.0	166.06895431425372	73.54698074168748	80.51750255999362
5.340368329125632	5.7125947126201835	101.49452092005245	23.1469279597822	87.80736658251264	35.41729808413456	-0.0	152.5258960583725	73.27655090960269	80.33776817237778
5.389015106612726	5.699736309585238	101.20391887803741	23.144616533166218	88.78030213225452	35.33157539723492	-0.0	139.3559298551087	73.00714898610505	80.15785544684891
5.4333406641768205	5.689841799788102	100.91484514332564	23.142276169189483	89.66681328353641	35.265611998587346	-0.0	126.61485290322413	72.73877701790494	79.97796499940817
5.473498366467664	5.68277102983757	100.62645875919718	23.139907167966317	90.46996732935328	35.21847353225047	-0.0	114.3658229569443	72.47142006801538	79.79819853487851
5.509664600491273	5.678368999851652	100.33942701051141	23.13750981788642	91.19329200982546	35.18912666567768	-0.0	102.68410276193542	72.20508852485649	79.61860769106632
5.542042534874732	5.676460181222546	100.053237308042	23.135084381434577	91.84085069749464	35.17640120815031	-0.0	91.65753049661737	71.93976022226994	79.43921877097912
5.570866452180086	5.676833848278133	99.76825470838683	23.13263112476385	92.41732904360171	35.17889232185422	-0.0	81.38158425668526	71.6754523217202	79.26004542295213
5.596404109185932	5.679257129490031	99.48422477224098	23.130150299235428	92.92808218371864	35.19504752993354	-0.0	71.96050145049145	71.4121371930947	79.08109485128315
5.618957932167298	5.6834746819370965	99.20126098606072	23.12764216241923	93.37915864334596	35.22316454624731	-0.0	63.50036898012802	71.14983769941958	78.90237110625601
5.638863656946233	5.689202246930309	98.9193637895269	23.12510696125119	93.77727313892466	35.261348312868726	-0.0	56.090657635694896	70.88852037343179	78.72387658819247
5.65648257308887	5.696144457092801	98.63842806924768	23.122544948220703	94.1296514617774	35.30762971395201	-0.0	49.788229033032444	70.62821281295264	78.5456129296844
5.672187333905088	5.704016410794995	98.35866709987083	23.119956367394963	94.44374667810175	35.360109405299966	-0.0	44.601763481046206	70.36887662880604	78.36758132104636
5.686342765397715	5.712561852587755	98.07972306752197	23.117341467020513	94.7268553079543	35.4170790172517	-0.0	40.48077258869349	70.11054560111916	78.18978277587313
5.699286126774239	5.721559550586075	97.80206094904665	23.114700488986152	94.98572253548477	35.477063670573834	-0.0	37.31070876088694	69.85317622106001	78.01221817481499
5.711309655279266	5.730838157292307	97.52510487670686	23.112033677462353	95.22619310558532	35.53892104861538	-0.0	34.936104187716964	69.59680613774859	77.83488836043065
5.722651339656561	5.74027766661157	97.24954766020441	23.10934127218681	95.4530267931312	35.6018511107438	-0.0	33.191044495286725	69.34138711537884	77.65779412628089
5.7334948344463	5.749799782252686	96.97456069723583	23.106623513269916	95.669896688926	35.66533188168457	-0.0	31.922707245769956	69.08696191824124	77.48093625439567
5.7439762700711166	5.759352191268779	96.70106357089189	23.103880638670436	95.87952540142233	35.72901460845853	-0.0	30.999920562058232	68.83347997673874	77.30431550805477
5.754192994828425	5.768902413540096	96.42804429331429	23.101112884223642	96.0838598965685	35.79268275693398	-0.0	30.32059810556948	68.58098372154399	77.12793263499998
5.764212963789893	5.778430214962657	96.156608686973	23.09832048617016	96.28425927579785	35.85620143308438	-0.0	29.809028805007056	68.3294224646246	76.9517883822322
5.774082710505081	5.787923625353979	95.88554573180163	23.095503676239016	96.48165421010162	35.919490835693196	-0.0	29.411854379758648	68.07884008939422	76.77588347085363
5.783833773914653	5.797375197905487	95.61611280813032	23.092662688883987	96.67667547829305	35.982501319369916	-0.0	29.091906081024565	67.82918678215361	76.60021863431628
5.793487368167067	5.8067802971186335	95.3470299198371	23.08979775170396	96.86974736334135	36.04520198079089	-0.0	28.82374124698054	67.58050087701376	76.4247945684449
5.803057700790923	5.81613607796184	95.07958600034416	23.08690909751516	97.06115401581845	36.10757385307893	-0.0	28.59018316104855	67.33274037898873	76.2496119950229
5.812554274700471	5.825440831328604	94.81245261085465	23.083996949916415	97.2510854940094	36.169605542190695	-0.0	28.379742586188208	67.08593776490132	76.07467158607224
5.8219834522411595	5.834693620230868	94.54695474305292	23.081061539730726	97.43966904482318	36.231290801539124	-0.0	28.184845207252543	66.84005574484532	75.89997405000369
5.831349520739881	5.8438939635052645	94.28181435543455	23.078103086960244	97.6269904147976	36.29262642336843	-0.0	28.000494153433678	66.59511871075209	75.72552003682785
5.840655401495735	5.853041645012244	94.01822278029512	23.07512182034118	97.8131080299147	36.35361096674829	-0.0	27.82337542035083	66.35110173569046	75.55131024125009
5.849903116532914	5.862136625321065	93.75504412628122	23.0721179564309	97.99806233065827	36.4142441688071	-0.0	27.65129832863915	66.10801738294673	75.3773452926722
5.859094096070881	5.87117899181811	93.49334736792436	23.06909172151934	98.18188192141761	36.474526612120734	-0.0	27.48283071668228	65.86584960775768	75.20362587033017
5.868229379193007	5.880168936396854	93.23215334523248	23.066043329178182	98.36458758386014	36.53445957597903	-0.0	27.317070216998175	65.62460160097477	75.03015258498975
5.877309756722758	5.889106663198359	92.97229710603845	23.062973003108397	98.54619513445515	36.594044421322394	-0.0	27.153391219608288	65.38427055418072	74.8569260997315
5.886335851475003	5.8979924255063665	92.7130753057731	23.059880954088296	98.72671702950005	36.65328283670911	-0.0	26.9914037604605	65.14484546560917	74.6839470081546
5.895308180714523	5.906826473533585	92.45506866181003	23.0567674028265	98.90616361429046	36.712176490223904	-0.0	26.830827441422237	64.90633456458666	74.51121595509558
5.904227185743402	5.915609108042013	92.19782583733665	23.05363255773218	99.08454371486803	36.77072738694675	-0.0	26.671523084803038	64.66871679893768	74.33873351908554
5.913093268928552	5.924340578978451	91.94157745809653	23.050476636439466	99.26186537857104	36.828937193189674	-0.0	26.51333396837647	64.43201544575334	74.16650032643659
5.921906792573979	5.933021208324983	91.6863128326342	23.047299845276022	99.43813585147957	36.88680805549989	-0.0	26.356232364239247	64.19619177905183	73.99451694219997
5.930668106109815	5.941651263738007	91.43188566542932	23.044102398256367	99.61336212219629	36.94434175825338	-0.0	26.200140300425634	63.96128119868728	73.82278397120746
5.93937754218511	5.950231034239218	91.17854767748629	23.0408845000203	99.78755084370218	37.001540228261455	-0.0	26.045023581901123	63.72723903604803	73.65130196750862
5.948035422628894	5.958760817223606	90.92590584425608	23.037646360931618	99.96070845257786	37.05840544815737	-0.0	25.890870247435114	63.494105776162286	73.48007151416779
5.956642063621623	5.967240901220527	90.67446692863676	23.034388184120797	100.13284127243246	37.11493934147018	-0.0	25.737664034086187	63.261832294612695	73.30909315499642
5.965197776315144	5.975671572981573	90.42359345979122	23.031110176154822	100.30395552630287	37.17114381987715	-0.0	25.585392153567096	63.030462740225914	73.13836745091999
5.9737028724535275	5.9840530855972665	90.17411220552479	23.02781253882967	100.47405744907054	37.22702057064844	-0.0	25.433999321453264	62.79994133262162	72.96789493663357
5.982157650155962	5.992385767239687	89.92499280597737	23.024495474595444	100.64315300311924	37.282571781597916	-0.0	25.283538473339608	62.57032079727373	72.79767614898908
5.9905624128401875	6.0006698862807974	89.67736157841497	23.021159184229468	100.81124825680374	37.337799241871984	-0.0	25.133982773092683	62.34154187411321	72.62771161509554
5.998917460057585	6.008905720863554	89.43002605549094	23.01780386626184	100.9783492011517	37.39270480575703	-0.0	24.985321698410132	62.113655441970394	72.45800184916956
6.007374629511793	6.019392949418867	89.18423876195004	23.014434605488162	101.14749259023586	37.44029880072535	-0.0	27.40702454102048	61.886601873254044	72.19804872174514
6.017851849726357	6.038173242430226	88.93869413043271	23.011161958551046	101.35703699452714	37.387268701207944	-0.0	35.638280598140334	61.660358302499084	71.37367835244898
6.0310114099517005	6.060852519755302	88.69469886116316	23.008173428626137	101.620228199034	37.19411285653224	-0.0	43.186448832070795	61.434707946084366	70.01670229862636
6.046521784033078	6.085843451978763	88.45093130567727	23.005624305499982	101.93043568066155	36.87554884325522	-0.0	49.5742296622484	61.20954417267794	68.24291175457422
6.063973286332924	6.112090881515185	88.2087468346757	23.003627268646078	102.27946572665847	36.45917603349572	-0.0	54.83930797239577	60.98468637125492	66.19898739502251
6.082926387500806	6.138009659092178	87.96677611427867	23.002243055310192	102.65852775001612	35.974495427851615	-0.0	58.67456411820004	60.76011880641353	64.05487281286757
6.102899953972479	6.162234005233342	87.72633853465551	23.001475611331724	103.05799907944956	35.45378675476836	-0.0	60.896454772047164	60.53580102320117	61.98672035588696
6.123365906178972	6.18409967798072	87.48617066002686	23.00127305097103	103.46731812357942	34.931572411616905	-0.0	61.61055703050648	60.31178516708921	60.158708202624865
6.1438119249236	6.202842253981426	87.24749032760003	23.001534290352836	103.876238498472	34.43727327451563	-0.0	60.74039484654413	60.088122378179854	58.70694652601016
6.16376228198869	6.2176264506928725	87.00915869801972	23.002120244354927	104.2752456397738	33.9942999656211	-0.0	58.02163858433663	59.864968859353105	57.72755136212814
6.182546459339451	6.2300101586959435	86.7721783510096	23.002868094995993	104.65092918678901	33.63373283487329	-0.0	54.46541296805496	59.64244190469145	57.270035441964495
6.199817152697944	6.2383948394035125	86.53565151125231	23.003606763472362	104.99634305395888	33.36266396601446	-0.0	49.10300824896579	59.420709181604686	57.336156478629235
6.215073497319949	6.243123355921598	86.30039012711902	23.004172011071326	105.30146994639897	33.194114633313355	-0.0	41.87023002806459	59.199933024542446	57.88333629431094
6.227924822430149	6.243945353699355	86.06567811031222	23.004419890788192	105.55849644860297	33.13302975058988	-0.0	31.643059338904155	58.980235685378474	58.830665218798416
6.238188790937173	6.241206984990573	85.83209466812447	23.00423833705593	105.76377581874345	33.183353904373995	-0.0	13.734523229347962	58.76173562877857	60.063703056795276
6.351656866926382	6.2485619801108765	85.5991825282218	23.003558968713175	105.82902581332193	33.419475432100015	-0.0	-0.0	58.54449153415827	61.417072740386295
7.232511173604327	6.245306991592757	85.36725921978098	23.00241769058642	105.82928653204577	33.72014552354566	-0.0	-0.0	58.328508882487604	62.45518978226497
8.989899898227153	6.23617298200049	85.13612180033346	23.000828975808382	105.82928653204577	34.100583284564266	-0.0	-0.0	58.113723361759625	63.82874794823075
11.615270739096724	6.223980207837061	84.90586347491352	22.998657578967897	105.82928653204577	34.560537711610536	-0.0	-0.0	57.90025677639329	65.59206183451025
15.095827490714203	6.21002139960226	84.67645663741202	22.995795420517215	105.82928653204577	35.08579784524218	-0.0	-0.0	57.68819559110926	67.62963230054022
19.41460572323817	6.195648329119798	84.44782979300318	22.992174862127186	105.82928653204577	35.65691861066697	-0.0	-0.0	57.47763006081052	69.80952423456893
24.550555468069515	6.182453870731027	84.2201488101683	22.987772998505797	105.82928653204577	36.25061470090855	-0.0	-0.0	57.26855486179232	71.98982682301381
30.478643816585855	6.172017638615142	83.99314408027361	22.982613762846537	105.82928653204577	36.839245875976914	-0.0	-0.0	57.060983286447055	74.02569685511213
37.1699769319476	6.1659228319634805	83.76718127446415	22.97676766536828	105.82928653204577	37.39281452732896	-0.0	-0.0	56.85482644015473	75.77673938129962
44.59194087929503	6.165685948062227	83.54170654647858	22.9703491241653	105.82928653204577	37.881421214356735	-0.0	-0.0	56.650015184670785	77.11445229703273
52.70836058789502	6.172327736883408	83.31741669975561	22.96351140121124	105.82928653204577	38.27610505972073	-0.0	-0.0	56.446370823863745	77.92941993765467
61.47967617048456	6.186514714690377	83.09358288489348	22.95643928911629	105.82928653204577	38.55363676006637	-0.0	-0.0	56.24375906755038	78.13789390379272
70.86313574038051	6.2056516072452395	82.87086493209978	22.94933512704506	105.82928653204577	38.7043440483016	-0.0	-0.0	56.04195836206597	77.77328207539509
80.81300378659704	6.21987518247239	82.64866847622899	22.942306223195214	105.82928653204577	38.799167883149266	-0.0	-0.0	55.840860630896856	77.32803696764238
90.35545475389144	6.233650590021024	89.03525427897588	22.935365836372736	104.75484289240853	38.89100393347349	344.69993145110965	-0.0	55.80050268627441	76.88559436298281
97.4211396489763	6.2480813427753	90.34893862433447	22.928766884204915	100.86379220295012	38.987208951835335	797.8083054329308	-0.0	57.30961956089726	76.44726829222968
101.7237263477327	6.263322372893256	91.29107562351712	22.92308865888646	94.80283479315604	39.08881581928838	968.9884236560321	-0.0	60.37854575289814	76.01607802717574
104.5441973741018	6.279392117669124	94.4047194128307	22.918623510167404	88.34562127927188	39.195947451127495	955.276408436008	-0.0	63.77066293683128	75.59351978315652
106.48594534280684	6.296274185256875	97.46812791349173	22.915382710989046	82.14304799857311	39.30849456837917	900.8904309839019	-0.0	67.04330421868816	75.17960709373916
107.80433962217784	6.313933733745712	100.25596255207671	22.91330391304319	76.38095954544153	39.42622489163808	824.2292983806759	-0.0	70.08032717795767	74.77396719440604
108.75796338034357	6.33232244668498	102.7581609289583	22.912294384410057	71.17924263275572	39.5488163112332	734.8348254027388	-0.0	72.80489594156911	74.37606981114831
109.5627866898214	6.351381865557488	104.96382318379334	22.912242985112357	66.58725915913946	39.67587910371659	643.3558234309572	-0.0	75.18024311061616	73.98529085469877
110.35553326622235	6.371046595352386	106.90287079598336	22.913033227079886	62.58793326291005	39.80697730234924	557.4402410317264	-0.0	77.20788789167464	73.60098146744448
111.19047002587295	6.391247633450914	108.5717043520174	22.914554596563132	59.11871493389505	39.94165088967276	485.4780228259559	-0.0	78.9203637308711	73.22252758273115
112.0401078877197	6.411915749466945	110.01582075792896	22.91671065827974	56.087054848278854	40.079438329779634	426.8323343904093	-0.0	80.36799439751526	72.84939227419783
112.84914434696208	6.432984668962458	111.25686841257462	22.919422335860162	53.405226832602054	40.21989779308306	378.5562495784098	-0.0	81.60342088717675	72.48113255876405
113.57959175182332	6.4543936981498655	112.29623566141102	22.922626237175386	51.00973197861881	40.362624654332436	339.8559226159032	-0.0	82.66814336353107	72.11739010240052
114.2170037462429	6.476089408787396	113.18595328544397	22.92627005255421	48.85824849655228	40.507262725249305	304.62196485464256	-0.0	83.58833771579667	71.75786661638035
114.7743296757713	6.498026135271661	113.9395648906027	22.930308183447714	46.92647019852482	40.65350756847774	274.09638936909437	-0.0	84.37976106712881	71.40230059914018
115.25934722736177	6.520165319319802	114.58862171385158	22.93469953097558	45.19179736956797	40.80110212879868	245.69350055692814	-0.0	85.05481489093148	71.05045553990661
115.6766029631519	6.54247406829745	115.13081147504391	22.939407090490786	43.6338715891708	40.949827121983	221.63310657417185	-0.0	85.62595598743397	70.70211766175642
116.02301307252382	6.56492350029232	115.58435033014149	22.94439789834705	42.23266496119563	41.0994900019488	198.6948585505173	-0.0	86.1048514812621	70.3570955221451
116.30308347415111	6.587487409300969	115.95147220729139	22.94964248742552	40.97371739102723	41.24991606200646	177.89045510474926	-0.0	86.50083092425562	70.01521703632264
116.52567467495795	6.610141521405408	116.22975101294722	22.9551140984849	39.846155653899444	41.400943476036055	163.19659794544205	-0.0	86.82106398086468	69.67632523596605
116.68811947197389	6.632863284730579	116.45667441923733	22.960788172070558	38.83699018699044	41.55242189820386	144.32620949186767	-0.0	87.07179140285044	69.34027552362383
116.79745287825872	6.655631920111078	116.61707217286867	22.966642162391203	37.93815120407222	41.70421280074052	127.41374919962324	-0.0	87.2588506157199	69.00693463113801
116.85533748888861	6.678428442693032	116.71655069019815	22.972655368750406	37.14116361373274	41.85618961795355	111.76230080908985	-0.0	87.38740401086962	68.67617967508474
116.88318077064628	6.7012355073362695	116.7737280559074	22.978808205504993	36.4448550681565	42.00823671557513	99.25091599828738	-0.0	87.45829555476979	68.34789426676483
116.82906162752123	6.724037110955316	116.7436310825744	22.985082679667777	35.826700656396646	42.160247406368775	87.68551217398927	-0.0	87.48389938457113	68.02197099907531
116.72653818210351	6.7468182853815755	116.66833443484661	22.99146412112598	35.291514659283166	42.312121902543836	72.37635838532312	-0.0	87.4649857156007	67.69832046150299
116.64971331144068	6.7695648936089	116.49492262822473	22.997936125375837	34.85623514295703	42.46376595739267	118.03034139337005	-0.0	87.39432851255266	67.37684460337157
116.53937977475341	6.7922635475386235	116.42511743006581	23.004480131427957	34.499118137351026	42.61509031692416	101.40814080676299	-0.0	87.26958641157073	67.057434570929
116.3046811848374	6.814901582287477	116.22254336198002	23.011082221881722	34.190851937203874	42.76601054858318	85.97909081378538	-0.0	87.1181307045525	66.74000648259937
115.98270191067617	6.837467007108025	115.9858125393511	23.017734054968244	33.939998523838725	42.9164467140535	-0.0	-0.0	86.93947091934355	66.42450614285939
115.69396640241457	6.859948327391014	115.68975505228262	23.024422954373865	33.77916211509908	43.06632218260676	19.46847482151094	-0.0	86.7147435713152	66.11085687327629
115.29889449048659	6.882334152652961	115.30040777821031	23.03113289058113	33.69768638416524	43.215561017686404	-0.0	-0.0	86.44591489869451	65.79896481236172
114.18721331233888	6.9046136674373395	115.22470708413013	23.037848780797596	33.69619633655925	43.36409111624893	-0.0	-0.0	86.1230815954481	65.4887415517019
112.00680558970967	6.926775833847864	114.69744462545371	23.04455610362955	33.69619633655925	43.51183889231909	-0.0	-0.0	85.7956246580374	65.1801021398052
108.79492059490134	6.9488074703034926	114.4932567036603	23.05126073631285	33.69619633655925	43.65871646868995	-0.0	-0.0	85.47414583281932	64.87306911970121
104.6141016592132	6.970702822093984	114.05896197150136	23.057957365072006	33.69619633655925	43.80468548062656	-0.0	-0.0	85.14801288774962	64.5676061547755
99.54575965016664	6.992464603542121	113.78556924368692	23.06465017701946	33.69619633655925	43.949764023614144	-0.0	-0.0	84.8295442249341	64.26372699119273
93.68858770089223	7.014090985329258	113.41016725985	23.071335497881364	33.69619633655925	44.09393990219505	-0.0	-0.0	84.50555248485571	63.96140401461886
87.1566394111609	7.035582398420633	113.09570505788251	23.078016120013856	33.69619633655925	44.23721598947089	-0.0	-0.0	84.1894793383767	63.66064372379053
80.07710794217505	7.056941623558065	112.75603753690021	23.084689560906753	33.69619633655925	44.379610823720434	-0.0	-0.0	83.86805212287321	63.361424870882516
72.58784925167798	7.078167546624083	112.41934290226261	23.09135761084252	33.69619633655925	44.52111697749389	-0.0	-0.0	83.55404292861171	63.06374877145954
64.83469769806578	7.099261518699772	112.10016424251005	23.09801863462965	33.69619633655925	44.66174345799848	-0.0	-0.0	83.23537695286565	62.767598731110404
56.96862628535787	7.120225279175123	111.7534154885475	23.104673720311347	33.69619633655925	44.80150186116749	-0.0	-0.0	82.92327919198546	62.47297245861476
49.142806846040145	7.141058239223038	111.445038749404	23.11132182036053	33.69619633655925	44.94038826148692	-0.0	-0.0	82.60743218857134	62.17985644554849
41.509627407292655	7.161761997145735	111.09578539360936	23.117963543886546	33.69619633655925	45.0784133143049	-0.0	-0.0	82.29719972114934	61.88824596799182
34.217724819831744	7.182337591769644	110.79234280796493	23.124598240063236	33.69619633655925	45.215583945130966	-0.0	-0.0	81.98415008390202	61.59812969727675
27.409090431440248	7.2027849561564325	110.44500481875833	23.131214606934297	33.69619633655925	45.35189970770955	-0.0	-0.0	81.67579911555171	61.53231055109803
21.216305164826224	7.223105629036549	110.14319557834028	23.137591871038506	33.69619633655925	45.487370860243665	-0.0	-0.0	81.36564095394205	62.38995136734452
15.759957839711365	7.243300267170587	109.80011751082718	23.143516027708092	33.69619633655925	45.62200178113724	-0.0	-0.0	81.05974129349457	63.66174518621396
11.146297010756918	7.263369217615327	109.49828823269488	23.14888246249886	33.69619633655925	45.75579478410218	-0.0	-0.0	80.75310690756571	65.18894798878216
7.4664887528013715	7.282255643910239	109.16049192877297	23.15362348820415	33.7029058776371	45.88170429273493	-0.0	-0.0	80.45022779409892	66.8855646181831
4.978278260827886	7.152608637638677	108.85798605687108	23.15769625118254	35.336468207480486	45.01739091759118	-0.0	368.64026984402346	80.14732586504333	68.68008736712504
3.465391473250542	7.012502422525071	108.52575578056863	23.161081340743436	38.18743908261055	44.08334948350048	-0.0	470.8443844091783	79.84769025035433	70.49817920872677
3.0219866927528627	6.892220243432293	108.22252286897533	23.163785367927897	41.43973385505725	43.28146828954862	-0.0	491.82272915905827	79.54852513019463	72.25284701525366
3.1831536856474094	6.794072359110896	107.89566475132561	23.16584462017011	44.66307371294818	42.627149060739306	-0.0	475.06043519900487	79.25216160932759	73.85813293741431
3.338798641545709	6.704149598905926	107.59193409998396	23.167312394848796	47.77597283091418	42.027663992706174	-0.0	458.6223226523253	78.95655206371347	75.29831611484899
3.488979069950201	6.618639768670046	107.27006107254829	23.168242309108066	50.779581399004016	41.45759845780031	-0.0	442.2711766213013	78.66331142898007	76.57689511472812
3.633718796552684	6.537129909388938	106.96624841219153	23.16868689147095	53.674375931053675	40.91419939592625	-0.0	425.9849698666208	78.37099075857493	77.69768272081741
3.773039545401108	6.459559421396665	106.64891595699669	23.16869723005283	56.460790908022155	40.3970628093111	-0.0	409.76516719911945	78.08069184091369	78.6649036639125
3.9069641597054194	6.385903061779023	106.345406278836	23.16832305653369	59.13928319410839	39.906020411860155	-0.0	393.61615995738816	77.7914103478155	79.48331018049676
4.035517084137891	6.316137735139561	106.03212454115393	23.167612321012825	61.710341682757814	39.44091823426374	-0.0	377.5430977883246	77.50387574238795	80.15833310553829
4.158724584181694	6.250239403662793	105.72935876444771	23.1666111615987	64.17449168363389	39.00159602441862	-0.0	361.5517614637891	77.21740325759738	80.69628604408791
4.276614963507442	6.1881822128321895	105.41971550289057	23.16536336729778	66.53229927014884	38.58788141888127	-0.0	345.648597686721	76.93246216441112	81.10463187559321
4.389218800177487	6.129938388403129	105.11800594975517	23.163910146456978	68.78437600354974	38.199589256020865	-0.0	329.8408317114524	76.64859406459648	81.39232451975232
4.496569230644921	6.0754781893417205	104.81167005602443	23.16228939917315	70.93138461289843	37.83652126227814	-0.0	314.1366102805433	76.36608789785515	81.57020614430631
4.598702277556477	6.0247692851242185	104.51129330067234	23.160535204840244	72.97404555112952	37.498461900828126	-0.0	298.54511882290734	76.08464683173369	81.65137909700181
4.695657226079181	5.977776558236817	104.2079738106177	23.158676909249905	74.91314452158362	37.18517705491212	-0.0	283.07677096479017	75.8044400021614	81.65132279989213
4.787477070831962	5.934461912141029	103.9091539977965	23.156738549426603	76.74954141663923	36.89641274760686	-0.0	267.74344545070886	75.52528475229704	81.58735927027948
4.874209036066549	5.894783778839588	103.60859465565939	23.15473835731734	78.48418072133097	36.63189185893059	-0.0	252.5587484592741	75.24727536820298	81.47712568851658
4.9559052141038595	5.858695579805277	103.31154197284305	23.152689119397245	80.1181042820772	36.39130386536851	-0.0	237.53820294078713	74.97030772614875	81.33637027547753
5.032623273912307	5.8261467328176195	103.01357585762506	23.15059900989033	81.65246547824614	36.174311552117466	-0.0	222.69983426482835	74.6944319102166	81.17720481213269
5.104427337760256	5.7970814553855945	102.71836769751383	23.148472961740616	83.0885467552051	35.98054303590396	-0.0	208.06461100240878	74.41959631428918	81.00773221186833
5.171389093991631	5.771435169651547	102.42288184395106	23.146313789942177	84.42778187983262	35.80956779767698	-0.0	193.65660259527633	74.14581985971836	80.83281231262791
5.233588912626951	5.74913943947941	102.12959285853984	23.144123137098042	85.67177825253901	35.6609295965294	-0.0	179.50461812521334	73.87308497328996	80.65515179148572
5.291117554061068	5.730112453335847	101.83646688032658	23.141901960436577	86.82235108122136	35.53408302223898	-0.0	165.6417254337617	73.60138783028408	80.47619231061725
5.344077793923617	5.71426495757086	101.54516912507079	23.139650896926458	87.88155587847234	35.4284330504724	-0.0	152.10752028730428	73.3307304457095	80.29668216236252
5.392586765678913	5.7014922851058	101.25434658660839	23.13737038151695	88.85173531357825	35.343281900705335	-0.0	138.9481736626303	73.06109588265207	80.11700439244399
5.436778326056379	5.691678765153534	100.9650575799003	23.13506077766809	89.73556652112757	35.277858434356894	-0.0	126.21916432765748	72.79249791721185	79.9373537493204
5.476806475907027	5.6846841901291	100.67647866550888	23.13272238337222	90.53612951814054	35.231227934194	-0.0	113.98402141914246	72.52491019944733	79.75782889831606
5.5128481335838195	5.680357972776657	100.38921268809189	23.130355488162476	91.25696267167639	35.20238648517772	-0.0	102.31991472608038	72.25835483440582	79.57847994398327
5.545107775077306	5.678514811927818	100.10282858962609	23.127960353946705	91.90215550154612	35.190098746185456	-0.0	91.31232010608976	71.99279843752257	79.39933241437902
5.573820390067255	5.678949612427856	99.81759955210616	23.125537248227936	92.4764078013451	35.19299741618571	-0.0	81.05909201032017	71.72826877416904	79.22039956644649
5.599254763515501	5.6814294461307675	99.53339605288213	23.123086422391466	92.98509527031001	35.209529640871786	-0.0	71.66531701914232	71.46472727593363	79.0416884077142
5.621714839957989	5.685692332737164	99.25019844460066	23.120608135154544	93.43429679915978	35.237948884914424	-0.0	63.23443127520317	71.20220697006317	78.86320289639002
5.6415368017146506	5.69146145814981	98.96818247210976	23.11810263384346	93.83073603429301	35.276409720998736	-0.0	55.85956522563941	70.9406631565741	78.68494538603828
5.6590840076010345	5.698424698620151	98.68688763442908	23.115570171649424	94.18168015202069	35.32283132413434	-0.0	49.58621974596165	70.68014130839647	78.50691749022543
5.674727370036307	5.70632119152967	98.40705716687141	23.113010993851972	94.49454740072613	35.375474610197806	-0.0	44.43662727227612	70.42057990029855	78.32912039499443
5.688832621744583	5.714880454758377	98.12777544896134	23.110425348645787	94.77665243489164	35.432536365055846	-0.0	40.34835267222357	70.16203519755823	78.15155511008119
5.701736227724506	5.723880875629028	97.85005300442398	23.107813479488513	95.03472455449013	35.49253917086019	-0.0	37.20269471466581	69.90444243973525	77.97422252369867
5.713728105172273	5.733160764171137	97.57276735359511	23.10517563022853	95.27456210344546	35.55440509447425	-0.0	34.85026811129256	69.6478592161522	77.79712347760604
5.725044634505472	5.742600544942985	97.29710656605685	23.102512042569636	95.50089269010944	35.61733696628657	-0.0	33.124679656482705	69.39222158687232	77.62025877733794
5.73586824421493	5.752119806499077	97.02182151421626	23.09982295601068	95.7173648842986	35.680798709993844	-0.0	31.87040386878045	69.13758376545601	77.44362920392476
5.746333749761358	5.7616667005651285	96.7482256516723	23.097108610479243	95.92667499522715	35.74444467043419	-0.0	30.956573215323278	68.88388467638822	77.26723553341667
5.756537224872438	5.77121089190835	96.47493420844327	23.094369241295034	96.13074449744876	35.808072612722334	-0.0	30.283728134833396	68.63117654852357	77.09107851323961
5.7665458191640555	5.7807324139941105	96.20334242563547	23.091605086703634	96.3309163832811	35.8715494266274	-0.0	29.776873188406448	68.37940379213659	76.91515890335732
5.7764054754361025	5.790219516785858	95.93201808485031	23.088816377454215	96.52810950872204	35.93479677857239	-0.0	29.383287500886038	68.12860900963773	76.73947742177762
5.786147394323673	5.799664343051768	95.66247913530144	23.086003350754627	96.72294788647346	35.99776228701179	-0.0	29.065603305384098	67.87874457549883	76.56403481941561
5.795792480131954	5.809062536477724	95.393129789887	23.083166232781306	96.91584960263908	36.0604169098515	-0.0	28.798932647072792	67.62984907902936	76.38883178702547
5.8053547362120215	5.818411381321579	95.12550929189278	23.08030525894764	97.10709472424043	36.12274254214386	-0.0	28.566419435192508	67.38188211402826	76.21386906240919
5.81484352959402	5.827709238287214	94.85818089773544	23.077420651746078	97.29687059188039	36.184728255248096	-0.0	28.356776850069807	67.13486831869062	76.03914731389801
5.824265144884726	5.83695511763741	94.59250121115427	23.074512644398585	97.48530289769451	36.24636745091607	-0.0	28.162444798751586	66.88878162850942	75.86466726522073
5.833623812376999	5.8461485386992695	94.32717172075792	23.071581456065058	97.67247624753998	36.3076569246618	-0.0	27.978480929848963	66.64363616753865	75.69042956449456
5.842922408459607	5.85528933655698	94.06335954457363	23.068627317413124	97.85844816919213	36.368595577046534	-0.0	27.80167272100321	66.39941762471085	75.51643491872052
5.852162931276759	5.8643774615517765	93.80003902904008	23.065650444545714	98.04325862553516	36.42918307701184	-0.0	27.629841515807055	66.15612461959293	75.34268395740169
5.861346792152116	5.873413016557898	93.53809768363911	23.06265106535385	98.2269358430423	36.48942011038599	-0.0	27.46159182133152	65.91375726572095	75.16917737044496
5.870475022606733	5.882396166214032	93.27677190210954	23.05962939348578	98.40950045213467	36.549307774760216	-0.0	27.295997425559676	65.67230348521335	74.9959157716334
5.87954840175484	5.891327146411379	93.01665737761874	23.056585653539344	98.5909680350968	36.608847642742525	-0.0	27.132481291501335	65.43177435714186	74.82289983084338
5.8885675496260665	5.900206193777498	92.75732434777392	23.05352005691959	98.77135099252132	36.66804129184999	-0.0	26.970636986627866	65.19214482176892	74.65013014747633
5.897532978368219	5.909033571662613	92.49905239928096	23.050432824843522	98.95065956736438	36.72689047775076	-0.0	26.81020479033345	64.95343727309586	74.47760737123457
5.906445127425992	5.917809577393496	92.24173929105099	23.047324166772423	99.12890254851983	36.785397182623306	-0.0	26.65104356247569	64.71561599675246	74.30533208858023
5.915304400751637	5.926534437139539	91.98514462066788	23.044194300223616	99.30608801503274	36.84356291426359	-0.0	26.492966505166372	64.47872241821695	74.13330492754918
5.9241111553378865	5.935208504083976	91.72985931082266	23.04104343329455	99.48222310675771	36.901390027226505	-0.0	26.335988620717814	64.2426957664322	73.96152646471324
5.932865740563493	5.943832039908145	91.47508809566595	23.037871779248345	99.65731481126986	36.9588802660543	-0.0	26.180025000766314	64.00759391072287	73.78999730320588
5.9415684892529645	5.952405327631808	91.22171772957395	23.034679544895308	99.83136978505928	37.01603551754538	-0.0	26.0250340763983	63.77335147791158	73.61871801078502
5.950219723886125	5.960928656180692	90.96874179856276	23.031466939597237	100.0043944777225	37.07285770787128	-0.0	25.870992799087556	63.5400277998994	73.44768916758683
5.958819758403895	5.969402327377189	90.71726382783818	23.02823416889447	100.1763951680779	37.12934884918126	-0.0	25.71790350769003	63.307556813327366	73.27691133223115
5.9673689041003115	5.97782662426989	90.46606754933515	23.024981437923923	100.34737808200622	37.18551082846594	-0.0	25.56574877836898	63.07599661859059	73.10638506042748
5.975867471329435	5.986201807537303	90.21656527403287	23.021708951647675	100.5173494265887	37.24134538358202	-0.0	25.414484314889286	62.84528074483587	72.93611090550509
5.984315760678534	5.994528185298489	89.96710169776105	23.01841691011705	100.68631521357067	37.2968545686566	-0.0	25.264135424494675	62.61547102921938	72.76608939426279
5.992714074027164	6.0028060349955465	89.71943250573477	23.015105517982224	100.85428148054328	37.35204023330365	-0.0	25.114688143074602	62.38650061426729	72.59632107623362
6.0010627092923015	6.011035644441546	89.47180365770306	23.0117749710876	101.02125418584602	37.40690429627698	-0.0	24.96614601470932	62.15842419140618	72.42680645359323
6.009544437863274	6.021761601987356	89.22593408273659	23.008431496208093	101.19088875726547	37.45298747394025	-0.0	27.632820300416796	61.93118205256574	72.15506138209072
6.02010594484512	6.040771526190995	88.98014602568135	23.005190528672163	101.4021188969024	37.39560115781846	-0.0	35.938820711275	61.70474222722738	71.3114835559141
6.033352937058488	6.063396956826403	88.73602013993701	23.002239268930786	101.66705874116977	37.19680862613428	-0.0	43.333027075138226	61.47889996284952	69.93896219968552
6.048924660957258	6.088613694778852	88.49206333871047	22.99973171277648	101.97849321914515	36.87541087800881	-0.0	49.805266928805835	61.25352386393395	68.15408365401484
6.066431186396396	6.114923965975542	88.24968118642315	22.997778920843277	102.3286237279279	36.456354128356985	-0.0	55.052690431046685	61.02846698235345	66.10450250573534
6.085436519024579	6.14064425064452	88.00757282026917	22.99643976933335	102.70873038049157	35.968687752894475	-0.0	58.74081397330397	60.80369991807871	63.960636282948876
6.105432867083002	6.164843736346528	87.76692560148228	22.99571629144992	103.10865734166003	35.447421571013095	-0.0	60.93586242083033	60.57918101596089	61.898499527020164
6.125907143044296	6.186612383164911	87.52663903260166	22.995554827640426	103.51814286088592	34.92542954484471	-0.0	61.596083540582406	60.354955547178406	60.08154816006448
6.146348871926593	6.20517326603165	87.28771047845277	22.995852836620365	103.92697743853185	34.43191435214444	-0.0	60.63435191016798	60.131105966474884	58.64469798564821
6.166215650106192	6.220493231449596	87.04927265473985	22.996470221715	104.32431300212383	33.99472668700586	-0.0	58.243873789118126	59.9077530179411	57.682564428745465
6.185005894460957	6.232278444999577	86.8120693525299	22.997243666695017	104.70011788921914	33.63407880880158	-0.0	54.355629043032174	59.68504486133579	57.24303968840749
6.202283475884386	6.239977872845981	86.57544163530571	22.99800211374302	105.0456695176877	33.36300395217211	-0.0	48.53761232384329	59.4631419716972	57.32631553439782
6.217418787405028	6.244755227089273	86.33993589971993	22.998581828951764	105.34837574810055	33.1989064741327	-0.0	41.334337786703955	59.24219492076509	57.88842716506683
6.229823613163531	6.247478578969374	86.1051351884968	22.998839788200332	105.59647226327061	33.15273038938359	-0.0	33.2179975745855	59.02232470849902	58.847292287388015
6.239575312171642	6.245868558055361	85.87131856807216	22.998665209808483	105.79150624343283	33.21374649765602	-0.0	19.832495247256215	58.80366343255389	60.08740506383308
6.368341060346712	6.2506724172752985	85.63829481457695	22.99799157181596	105.85836532411592	33.43999102448716	-0.0	-0.0	58.58625700835642	61.438942359169246
7.278766625776999	6.247204825147509	85.40616324230015	22.99686134214709	105.85871409589001	33.743565328086724	-0.0	-0.0	58.37011179138598	62.461530551281406
9.06575120283566	6.237871881832485	85.17489321539276	22.99528152335751	105.85871409589001	34.126564755750444	-0.0	-0.0	58.15516185210712	63.850227442740426
11.720602783705669	6.225566715666239	84.94444190167523	22.993114599185493	105.85871409589001	34.588974920700814	-0.0	-0.0	57.941537861038285	65.62515019480313
15.230381472097871	6.211626741014422	84.71491687120276	22.990253752305044	105.85871409589001	35.116670268148134	-0.0	-0.0	57.7293172787886	67.67014578658284
19.577980408806642	6.197184132902817	84.4860673427909	22.9866327836167	105.85871409589001	35.68870316094947	-0.0	-0.0	57.51860496363765	69.85283076224772
24.742209151491114	6.184047216600814	84.25827885856113	22.982230339068185	105.85871409589001	36.28290011800337	-0.0	-0.0	57.30937637881679	72.0310751353203
30.69789695810111	6.173714861737922	84.03105205245227	22.977071931221023	105.85871409589001	36.87100602190707	-0.0	-0.0	57.101653213665834	74.06006120627526
37.416015470487885	6.167792342869702	83.80496671800006	22.971229602000797	105.85871409589001	37.423113569372745	-0.0	-0.0	56.895340980111804	75.7996709849885
44.86382020024579	6.167748188490961	83.5793360794032	22.96481916925151	105.85871409589001	37.90907624195054	-0.0	-0.0	56.69037435162007	77.12192759330401
53.00501012722089	6.174619529467763	83.35486812993837	22.95799508531961	105.85871409589001	38.3002301076254	-0.0	-0.0	56.48657054654452	77.91817411907066
61.799904632698166	6.189057480956217	83.13089328705635	22.950943051124217	105.85871409589001	38.57357024593083	-0.0	-0.0	56.28379118833997	78.10562684721147
71.205636905009	6.2081068875171175	82.90799906158475	22.94386497441016	105.85871409589001	38.72071258344745	-0.0	-0.0	56.081820034000415	77.7306095002518
81.17636287475074	6.22225510366347	82.68566143400024	22.93686282925849	105.85871409589001	38.815034024423134	-0.0	-0.0	55.88054856714646	77.28572890945914
90.67058012376553	6.236038958219662	89.23311958703269	22.929950774023627	104.71034997304908	38.906926388131076	359.68242701855183	-0.0	55.86185485751709	76.84365717967313
97.64004231969167	6.2504891530848825	90.37893855691742	22.923396050065534	100.72407684367805	39.00326102056589	808.3930595011828	-0.0	57.4354384350943	76.40578351776718
101.8786046103158	6.265751184204412	91.41804189289115	22.917777739733395	94.62704108929711	39.10500789469608	970.2837958907788	-0.0	60.530990146354014	75.97512560088967
104.66715043592566	6.281841632632495	94.55138226266291	22.913375652243072	88.17174902896812	39.2122775508833	954.1588628701447	-0.0	63.92305881243044	75.5531134056633
106.5859224682919	6.298743332902457	97.60546918718909	22.91019666267891	81.97943172238287	39.32495555268304	899.0221328194613	-0.0	67.19030556216606	75.13973732420297
107.88915438066512	6.316420918565157	100.3846081050678	22.908177251270686	76.23221925165068	39.44280612376772	821.8328083033427	-0.0	70.21899234537396	74.73461849367999
108.83465398019533	6.334825677227429	102.88006533105015	22.907223910711647	71.04776356118644	39.56550451484953	732.0607750884254	-0.0	72.93334120602576	74.33722265229515
109.63618285149005	6.353898866812729	105.0839835033744	22.9072251226031	66.47315208463505	39.69265911208486	640.0765120908659	-0.0	75.2979419759232	73.946923827797
110.43245517358288	6.373574923576896	106.99831811166202	22.908064403588856	62.49220340270573	39.823832823845976	555.9427448693596	-0.0	77.31560433333433	73.56307330041851
111.26548461866831	6.3937847946116335	108.67733644170666	22.909631573830698	59.03568849068348	39.95856529741089	482.63167729289046	-0.0	79.0191602951786	73.18505886864764
112.1144859910378	6.414459315459159	110.11558850836491	22.911830686891854	56.01545785361692	40.096395436394396	424.14711296973354	-0.0	80.45961268998583	72.81234627440594
112.92533256381903	6.4355323801589135	111.32859136018273	22.914583188974994	53.34463495486579	40.236882534392755	379.08667653620705	-0.0	81.68934797660926	72.4444953654658
113.65080767703093	6.456943538830226	112.37422417552072	22.917826097217056	50.95575683234869	40.379623592201504	338.95798432242043	-0.0	82.74932167400047	72.08115002885707
114.28776669049671	6.478639643630546	113.24775023700926	22.92150735463637	48.811950015755826	40.524264290870306	305.9435909017719	-0.0	83.66536613788773	71.7220133633517
114.84040920806206	6.500575302888227	114.00953656079717	22.925581515276093	46.8852530139398	40.67050201925485	273.45664785087865	-0.0	84.45300390453295	71.366824722319
115.32463304196573	6.522712190494437	114.64866530722529	22.930007599809752	45.15655460477761	40.81808126996292	246.65177097811303	-0.0	85.12463918544633	71.01534827213759
115.73778582320216	6.545017586878677	115.19659070471621	22.934748724964948	43.60274192015999	40.96678391252451	220.69789456117388	-0.0	85.69272091838643	70.66737091905433
116.0827728347051	6.567462727682097	115.64368912631508	22.939772040176347	42.20616291165511	41.116418184547314	198.7901751976223	-0.0	86.16886779201303	70.32270185652663
116.3611013670971	6.590021487332696	116.00690544177453	22.94504816803152	40.95128989237423	41.266809915551306	178.54308521763429	-0.0	86.56232842080925	69.98116950974894
116.57705627289948	6.612669656833	116.30278454437227	22.95055041766635	39.82578701786405	41.41779771222	157.112875244039	-0.0	86.88022633922562	69.64261730572576
116.7388742833528	6.635384748243544	116.52225961819808	22.95625428911337	38.82042000388111	41.56923165495696	139.62564185680583	-0.0	87.12879117587642	69.30690099361631
116.84816757770066	6.658146048767387	116.67338660665285	22.962137292203487	37.925275752912015	41.720973658449246	125.42044248966293	-0.0	87.31384347417732	68.97388762976212
116.90507871699569	6.6809346375746115	116.7623127756713	22.968178800832646	37.13143867442158	41.87289758383074	113.35314163795638	-0.0	87.44079552935095	68.64345475333427
116.93482532985867	6.703733224736264	116.82937947936011	22.974359492437465	36.4389558823768	42.024888164908425	97.41728052491469	-0.0	87.51007931971455	68.315487385683
116.8928407540407	6.726525850791352	116.8100790492497	22.98066018033067	35.8275123426559	42.17683900527568	86.30500235322971	-0.0	87.52978876220445	67.98987186985394
116.77068176740522	6.749297581792682	116.71285522447202	22.987067003916476	35.28937986411452	42.328650545284546	72.14145038733231	-0.0	87.51216504516835	67.66652310860498
116.66518640347101	6.772034310137996	116.57738846373421	22.993565045734687	34.84853791705145	42.48022873425331	88.89215137632908	-0.0	87.4434942246016	67.34535088338099
116.5804339398246	6.794722675719128	116.45611665196003	23.000134937632847	34.50165449401178	42.63148450479419	105.77597037045501	-0.0	87.31608555278491	67.02624208959712
116.33778328005421	6.817350040659538	116.32321984759542	23.006761526907255	34.193787368432105	42.782333604396925	36.20371419192704	-0.0	87.16050466328272	66.70910637623204
116.02856687081167	6.839904438630177	116.00792655611981	23.013436905397324	33.94924542289611	42.932696257534516	43.10021255478249	-0.0	86.98089002579309	66.39389187402679
115.72068730376759	6.8623744679673955	115.73536496567748	23.020149297918888	33.785555500064596	43.08249645311597	-0.0	-0.0	86.75671103142784	66.08052666787988
115.31762529047667	6.8847489487439315	115.32006284459109	23.026882585894878	33.70856646688946	43.23165965829288	-0.0	-0.0	86.48675213104033	65.76891643572145
114.17066232695085	6.907017137668912	115.2822638217874	23.033621060216618	33.70746953481964	43.38011425112608	-0.0	-0.0	86.1614188149675	65.45896949306348
111.9543099178269	6.929170710337821	114.7174592565266	23.04035065683668	33.70746953481964	43.52780473558547	-0.0	-0.0	85.83521940422183	65.15060332262502
108.70789209955707	6.951196017787013	114.54563218469099	23.047077543923383	33.70746953481964	43.674640118580086	-0.0	-0.0	85.51239315984385	64.843842005204
104.49462464277484	6.9730832741540825	114.08308841797877	23.05379616260339	33.70746953481964	43.820555161027215	-0.0	-0.0	85.18706414083236	64.53864792998942
99.39655026782735	6.994838091208453	113.8336595684995	23.06051094293729	33.70746953481964	43.96558727472302	-0.0	-0.0	84.86764511282743	64.23503612967392
93.51294107042129	7.016458051075283	113.43751664509155	23.06721797971668	33.70746953481964	44.10972034050189	-0.0	-0.0	84.54412484253237	63.93297778858654
86.95836544882859	7.037941789027408	113.14037392399526	23.073920284426585	33.70746953481964	44.25294526018272	-0.0	-0.0	84.22738307944394	63.632480567720805
79.86045717426703	7.05929441188672	112.78582656317732	23.080615173120773	33.70746953481964	44.3952960792448	-0.0	-0.0	83.90619431765361	63.33352217194652
72.35743004626224	7.0805136808798625	112.46131869069652	23.08730462233649	33.70746953481964	44.53675787253242	-0.0	-0.0	83.59171290663025	63.03610490676913
64.59538652867813	7.10160034863497	112.13172046252782	23.093986829887335	33.70746953481964	44.677335657566466	-0.0	-0.0	83.2731262584234	62.74021121085502
56.72547277403592	7.12255766478474	111.79330927639349	23.100663035350777	33.70746953481964	44.81705109856493	-0.0	-0.0	82.9606888489887	62.445839600606746
48.90093543470192	7.143383881438136	111.47782436792562	23.107332058181985	33.70746953481964	44.95589254292091	-0.0	-0.0	82.64481594092265	62.152975878865
41.27413757219781	7.164080671483215	111.13409356730149	23.113994626536993	33.70746953481964	45.093871143221435	-0.0	-0.0	82.33433111040245	61.861615958563945
33.99359177220583	7.18464988974078	110.8259237185634	23.120649986942073	33.70746953481964	45.23099926493853	-0.0	-0.0	82.02118887083664	61.57174798167792
27.20106823780612	7.205090534985851	110.48209965123094	23.127283254955778	33.70746953481964	45.36727023323901	-0.0	-0.0	81.71264205088607	61.54164869899826
21.02883417360893	7.225404516609444	110.17724745171091	23.133665495465067	33.70746953481964	45.502696777396295	-0.0	-0.0	81.40236379546802	62.42051842414668
15.597078216672253	7.2455928157256295	109.83629100151434	23.13958965072882	33.70746953481964	45.63728543817086	-0.0	-0.0	81.09631765986205	63.70368529892496
11.011570067006838	7.265655143728222	109.53255450462626	23.14495302508923	33.70746953481964	45.77103429152148	-0.0	-0.0	80.78954985939393	65.2382570315866
7.362729796093327	7.28470401776456	109.19596868708557	23.149689038349905	33.713273679281365	45.898026785097066	-0.0	-0.0	80.48654657321939	66.93947025103583
4.91293650487012	7.149698614060694	108.89230904047572	23.153755645652907	35.42007327079101	44.997990760404626	-0.0	373.89521503278274	80.18350411862342	68.73604757381538
3.432098118035639	7.010069252929883	108.56064447749974	23.157134321208144	38.294303686240646	44.067128352865886	-0.0	472.88814314898	79.88375606295497	70.55344982622243
3.027588543118227	6.890541608430883	108.25676810827014	23.159832616956095	41.551770862364535	43.270277389539224	-0.0	491.3599155222585	79.58444523141753	72.30416713627062
3.1886036757983303	6.792844165377201	107.93012562378928	23.16188777687874	44.7720735159666	42.618961102514675	-0.0	474.6209335866671	79.28797065563765	73.90376333723114
3.3441028321713766	6.703059820378476	107.62603482684106	23.163353237039697	47.88205664342753	42.020398802523175	-0.0	458.1864377771823	78.99221287082685	75.33838244932386
3.494138222123052	6.617656625806705	107.30415547622351	23.16428259147993	50.88276444246104	41.4510441720447	-0.0	441.8369611409036	78.69885821134494	76.6115209072196
3.638733433858034	6.5362495350266565	107.00012921577122	23.164728313189507	53.774668677160676	40.908330233511045	-0.0	425.55229563831386	78.4063891453944	77.72700411714749
3.777910194581809	6.458780953914804	106.68265717273377	23.164741453661794	56.55820389163618	40.39187302609869	-0.0	409.3341208087987	78.11597186924304	78.68907300454643
3.911691384555139	6.385226106178453	106.37904134673094	23.16437168314736	59.233827691102775	39.90150737452302	-0.0	393.1868768174456	77.82654224716218	79.50250049636455
4.0401014942847375	6.315561656784675	106.06558746072538	23.163666897543383	61.80202988569475	39.437077711897835	-0.0	377.1157118925783	77.5388839057084	80.17274435344459
4.163166837183707	6.249763550965263	105.7627193023845	23.16267315878073	64.26333674367413	38.998423673101755	-0.0	361.1264246927207	77.2522650528278	80.70615322328483
4.280915772922253	6.187805998686287	105.452889057144	23.161434176437194	66.61831545844504	38.585373324575244	-0.0	345.22549023826747	76.96719568966257	81.1102357513812
4.393378941548914	6.129661083597367	105.15110030399491	23.159991054606618	68.86757883097826	38.19774055731578	-0.0	329.4201479539895	76.68318188174455	81.39400481214193
4.5005895485424485	6.075299057271914	104.84456511108885	23.15838157379237	71.01179097084896	37.83532704847943	-0.0	313.7185749929251	76.40054422249568	81.56837594495475
4.602583697376941	6.024687517934972	104.54411320258761	23.156639663277794	73.05167394753882	37.49791678623315	-0.0	298.1299863899587	76.11895810810464	81.64653537560251
4.699400762102039	5.977791259141976	104.24059939043131	23.154794495341008	74.98801524204079	37.18527506094651	-0.0	282.66482990459934	75.83861742721112	81.64404176639742
4.791083838994492	5.934572180647821	103.94169561203266	23.152869909512642	76.82167677988984	36.89714787098548	-0.0	267.3350357759586	75.55931801694248	81.57826104732234
4.877680278131148	5.8949882279196055	103.64097832237248	23.150883939446253	78.55360556262295	36.63325485279737	-0.0	252.15421246090375	75.2811730146642	81.46680438898358
4.959242297364298	5.8589932076152245	103.34379064131687	23.148849191938016	80.18484594728595	36.39328805076816	-0.0	237.13800178521132	75.00406347613611	81.32531670957017
5.035827720979811	5.826536474687648	103.04568872833184	23.146773705862557	81.71655441959622	36.17690983125099	-0.0	222.30451436428325	74.7280517670092	81.16576805774459
5.107500865113543	5.797561567412909	102.75035619381039	23.14466232150912	83.15001730227087	35.983743782752725	-0.0	207.6747309946743	74.45307560857636	80.99613107337566
5.174333625007457	5.772003959039638	102.4547098113593	23.142517800044896	84.48667250014914	35.81335972693092	-0.0	193.27285344044384	74.17916349483328	80.82117175890993
5.236406623594074	5.749794927513247	102.16132043732063	23.140341753322915	85.72813247188148	35.665299516754985	-0.0	179.1278007316238	73.9062890764898	80.64353940498492
5.2938109130282305	5.730852507886802	101.86804215747644	23.138135122973296	86.8762182605646	35.539016719245346	-0.0	165.27280380831172	73.63445735778036	80.46464318139992
5.346649623555186	5.715086889927501	101.57663093630326	23.13589853734797	87.93299247110372	35.433912599516674	-0.0	151.74758366534095	73.36366199130329	80.2852140679727
5.395040262545371	5.702394184936995	101.28565736540168	23.13363242797008	88.90080525090742	35.349294566246634	-0.0	138.59877398258786	73.0938939967779	80.10562608741222
5.439117265329949	5.692655703242463	100.9962583271628	23.131337155922097	89.78234530659897	35.284371354949755	-0.0	125.88150129996117	72.82515902216234	79.92606938236614
5.479035091713503	5.685733840981429	100.70753894072847	23.1290130190405	90.58070183427006	35.23822560654286	-0.0	113.66033533843452	72.5574387099812	79.74664025817779
5.514971422534784	5.68147526179599	100.42016117566598	23.126660306059858	91.29942845069567	35.209835078639934	-0.0	102.01220492580958	72.29074756235471	79.56738763666806
5.547131495159759	5.679694438454977	100.13363055770287	23.12427927955902	91.94262990319517	35.19796292303318	-0.0	91.02298586594007	72.02505969645675	79.38833645104337
5.5757510897113685	5.6801871072121575	99.84829677275123	23.121870206779825	92.51502179422737	35.20124738141438	-0.0	80.79140482625186	71.7603953104172	79.20949965688256
5.6011001847005835	5.682715556024999	99.56393335168053	23.11943333986092	93.02200369401166	35.21810370683333	-0.0	71.42101026851967	71.49672408753763	79.03088411636799
5.6234832671265025	5.687023120614342	99.28062529974476	23.116968937482167	93.46966534253005	35.24682080409561	-0.0	63.01778195866578	71.23407096542972	78.85249371250805
5.643238280312011	5.692820035064281	98.99842640688271	23.114477247582702	93.86476560624023	35.28546690042854	-0.0	55.66740223880436	70.97239934366367	78.67433076588021
5.660726983327434	5.699821025468984	98.71713670843157	23.11195852366077	94.21453966654867	35.33214016979323	-0.0	49.43053341657248	70.71174111232841	78.49639687339567
5.676322894957704	5.707735011892754	98.43705003252828	23.10941301102298	94.52645789915408	35.384900079285025	-0.0	44.30865951978916	70.45205497666471	78.31869321357281
5.690390330813002	5.716304193212433	98.15776517510544	23.106840958879097	94.80780661626002	35.442027954749555	-0.0	40.24445800311443	70.19337602529305	78.14122079771816
5.703263906708124	5.725316256674278	97.87978238793066	23.104242610320583	95.06527813416248	35.50210837782852	-0.0	37.12508414649837	69.93565988157584	77.96398051086896
5.715233054101684	5.734602102188863	97.60250937311544	23.101618210420956	95.30466108203368	35.56401401459242	-0.0	34.79318188163789	69.67894373888484	77.78697320130956
5.726532789996081	5.7440426620264455	97.32660893909019	23.09896800010897	95.53065579992162	35.626951080176305	-0.0	33.0812182650186	69.42318177240534	77.6101996711978
5.737343854811922	5.753561187973389	97.05131584789382	23.096292220543912	95.74687709623844	35.6904079198226	-0.0	31.836823374697982	69.16841340940596	77.4336607111242
5.747799728530842	5.763107820013012	96.77747501980657	23.093591110686873	95.95599457061684	35.75405213342008	-0.0	30.931468080833046	68.91459141796804	77.25735709290618
5.757995805689768	5.772650722269517	96.50416310161741	23.0908649075489	96.15991611379536	35.81767148179678	-0.0	30.26437321727094	68.66175463300635	77.08128957399511
5.767998542761617	5.782170360947307	96.2323780173995	23.08811384824775	96.35997085523235	35.88113573964872	-0.0	29.761361470968133	68.40985652776051	76.90545890947482
5.7778534260993135	5.791654992957949	95.9610225642077	23.085338165764885	96.55706852198627	35.94436661971966	-0.0	29.370017512162317	68.15893676199923	76.7298658306552
5.787591243660083	5.801097445305916	95.69124847341385	23.082538095347612	96.75182487320166	36.00731630203944	-0.0	29.054046239113728	67.90894902127933	76.55451107872422
5.797232699102554	5.810493208052079	95.4218764950535	23.079713865891524	96.94465398205107	36.06995472034719	-0.0	28.788570811092963	67.65992848192937	76.379395359949
5.8067916429649244	5.819839591798689	95.1540945919456	23.0768657110817	97.13583285929849	36.132263945324596	-0.0	28.55690463110968	67.4118370476333	76.20451940403522
5.816277351206214	5.829134892699527	94.88665748480834	23.073993855515745	97.32554702412426	36.194232617996846	-0.0	28.34777492735624	67.16470278086642	76.0298838919346
5.825696029403157	5.838378207813409	94.62084331337542	23.071098531180194	97.51392058806313	36.25585471875606	-0.0	28.153794604648507	66.91849182129016	75.85548954167076
5.83505186258585	5.847569065335472	94.35541449178777	23.06817995892999	97.70103725171698	36.31712710223648	-0.0	27.970076364775885	66.67322529260642	75.68133701140734
5.8443476934563074	5.8567073331476776	94.09148290956881	23.06523836889515	97.88695386912615	36.37804888765118	-0.0	27.793479104110585	66.42888513672762	75.5074270061865
5.853585507431882	5.865792911054942	93.82803397798045	23.06227397778639	98.07171014863764	36.438619407032945	-0.0	27.621779928911508	66.1854714174976	75.3337601601635
5.862766698873859	5.874825934824321	93.5659860994275	23.059287013977837	98.25533397747716	36.49883956549547	-0.0	27.45363813602586	65.94298377471783	75.16033716664053
5.871892292010593	5.883806560475746	93.30453475733484	23.056277691141965	98.43784584021186	36.55871040317164	-0.0	27.288125239232166	65.70140988158734	74.98715864067442
5.880963058767274	5.892735036058784	93.04430243884305	23.053246234633654	98.61926117534547	36.61823357372523	-0.0	27.124685817891827	65.4607626159847	74.8142252571022
5.889979617678321	5.901611583015449	92.78487740415751	23.05019285566323	98.79959235356641	36.67741055343633	-0.0	26.96289735118423	65.22101207994375	74.64153761547624
5.898942475979819	5.910436482958828	92.52646411866807	23.047117776284516	98.97884951959637	36.73624321972552	-0.0	26.802526675447577	64.98218824209916	74.46909637081134
5.907852075452265	5.919210003774458	92.26900306515695	23.04402120585338	99.1570415090453	36.79473335849639	-0.0	26.643395431833493	64.74424998931083	74.29690211024122
5.916708811690823	5.927932426566941	92.01238582068355	23.040903362706548	99.33417623381645	36.85288284377961	-0.0	26.485390874166633	64.50723573697069	74.12495546688862
5.925513047854036	5.9366040524910835	91.75689254109287	23.037764454599934	99.5102609570807	36.91069368327389	-0.0	26.328459693181347	64.27109546602993	73.95325701678044
5.934265130415923	5.945225161302504	91.50210131291922	23.034604695928326	99.68530260831847	36.96816774201669	-0.0	26.172541535190398	64.03587417243773	73.78180736995023
5.942965391947865	5.953796035448267	91.24853202762283	23.03142429295377	99.8593078389573	37.02530690298845	-0.0	26.017594407921525	63.80151855714664	73.61060709232265
5.9516141541478875	5.962316967214067	90.99552641480831	23.028223456278916	100.03228308295775	37.082113114760446	-0.0	25.86360022572631	63.56807719115559	73.43965677153417
5.960211731246955	5.970788254995234	90.74386182081402	23.025002390781708	100.20423462493909	37.13858836663489	-0.0	25.71055686420328	63.33549319969178	73.26895696375757
5.968758434323603	5.9792101822044765	90.49263838238977	23.021761303059808	100.37516868647205	37.19473454802984	-0.0	25.558447577163015	63.10381719017019	73.09850823335046
5.97725457447987	5.98758300288312	90.24291829561912	23.018500396863477	100.5450914895974	37.250553352554135	-0.0	25.40721895846004	62.87298901974971	72.92831112845327
5.9857004499163615	5.995907041656927	89.99346893846624	23.015219874531404	100.71400899832722	37.30604694437951	-0.0	25.256919522881685	62.64306383862004	72.75836618860573
5.994096363574268	6.004182567376625	89.74558742329471	23.011919938801952	100.88192727148535	37.36121711584417	-0.0	25.107523526769555	62.4139814122024	72.58867395442
6.002443017699391	6.0124077981086455	89.49792724589305	23.00860081937729	101.0488603539878	37.41605198739097	-0.0	24.95593668004499	62.185792320223705	72.41927851112004
6.01095176268863	6.023424012109633	89.2518824328514	23.005269700803584	101.21903525377259	37.46076980426823	-0.0	27.91980638924048	61.958437535674875	72.13460452547423
6.021611011904169	6.0425724896514	89.00603410293098	23.00204742109767	101.43222023808337	37.398461051665045	-0.0	36.19519801302282	61.731881792450984	71.2720608556582
6.034943380550435	6.065270603889756	88.76177242312822	22.99912038300529	101.6988676110087	37.19494277628045	-0.0	43.536782824498694	61.50591795821155	69.88427137544113
6.050583922169036	6.090589573944626	88.517722732635	22.996641265334652	102.01167844338072	36.87001331079238	-0.0	50.003532234976774	61.2804153159795	68.08867812675902
6.068148677668982	6.11690697091374	88.27522929961256	22.994719480315847	102.36297355337963	36.44805344177999	-0.0	55.2032003401737	61.05522835274987	66.03388149612226
6.0871954624564495	6.142613181216881	88.03301166056703	22.993412030284315	102.74390924912899	35.95870120182126	-0.0	58.852420702355076	60.83033369319795	63.89072504010447
6.10721856679778	6.16672923586885	87.79227024216362	22.992719034642366	103.14437133595558	35.436650063513945	-0.0	60.98702170906428	60.605687768326675	61.83503315891317
6.1277009901529755	6.188414059669904	87.55185797378024	22.992585080798126	103.5540198030595	34.91508850291354	-0.0	61.60005555848189	60.38133879677508	60.02949080882724
6.148145132684519	6.206722908244798	87.31284713516123	22.99290620416374	103.96290265369036	34.42206136427484	-0.0	60.50711505697014	60.15736676997854	58.607780084048414
6.167969919403815	6.222122039127228	87.07427735737127	22.993541337771266	104.35939838807629	33.988137675502685	-0.0	58.17652002924677	59.93389961913252	57.66298959370795
6.186722491155166	6.233719695053878	86.83699938900605	22.994326716511573	104.73444982310332	33.62985913691216	-0.0	54.197096266031814	59.71108228096159	57.24137981992446
6.203918692572176	6.241431118527872	86.60024594473681	22.995091356737184	105.07837385144352	33.362749898802804	-0.0	48.42031208316405	59.48907503942099	57.341579335694675
6.219003833992122	6.24601395119039	86.36466174363059	22.995672077816852	105.38007667984243	33.20176287970241	-0.0	41.086887505525816	59.268029663678945	57.91825102546082
6.23081554787549	6.250941264800084	86.12973092915855	22.995926818496855	105.61631095750978	33.172185575182894	-0.0	35.46628409894612	59.04806614135772	58.888161866384266
6.240397629484974	6.247042345949613	85.89583843600396	22.995746118517353	105.80795258969948	33.224864980539955	-0.0	20.378782570113312	58.82931537765739	60.134764136734255
6.383540062250438	6.254156027517602	85.66269070629866	22.99506534796652	105.83954029526164	33.46835308425565	-0.0	-0.0	58.61182035927637	61.48319935738342
7.323126243239473	6.249691579060642	85.43047728454064	22.99392979183497	105.84013372715836	33.770460797271866	-0.0	-0.0	58.39558624118817	62.50970572275123
9.138881860312326	6.240155722746944	85.19909365210552	22.992340268593388	105.84013372715836	34.15603301419695	-0.0	-0.0	58.180549516004334	63.91202325494795
11.821987291116448	6.227770694538171	84.96855214718806	22.990159764775942	105.84013372715836	34.62112752217819	-0.0	-0.0	57.966841335976284	65.69687264384224
15.359364928505109	6.213727305205053	84.73889970061393	22.987282765044746	105.84013372715836	35.15057167842442	-0.0	-0.0	57.75454429498889	67.74752021607155
19.733773394439208	6.19933409106784	84.5099913135104	22.98364452875265	105.84013372715836	35.72426852635912	-0.0	-0.0	57.54375157693988	69.9312104128446
24.923891575420928	6.186234770353692	84.28206966921972	22.979225242243533	105.84013372715836	36.31887968617198	-0.0	-0.0	57.33444900254023	72.10566960154229
30.904422542818207	6.176014172671682	84.05478071807238	22.97405196817196	105.84013372715836	36.90653877578177	-0.0	-0.0	57.126646512164456	74.12617688385109
37.64621685151593	6.170279610783808	83.82857441323621	22.968198225537243	105.84013372715836	37.45730792520735	-0.0	-0.0	56.9202547872334	75.85295496425799
45.116414615942396	6.17040112349154	83.60280885605187	22.96178115797636	105.84013372715836	37.94046290696028	-0.0	-0.0	56.71520154374614	77.15860532817464
53.278605671030135	6.177524192071173	83.37830671319045	22.954956321373167	105.84013372715836	38.328237531851286	-0.0	-0.0	56.511305991936034	77.93526999211997
62.09300703738172	6.192219983867789	83.1541791679217	22.94791022561877	105.84013372715836	38.59742976048418	-0.0	-0.0	56.30843261042595	78.10115494697699
71.51665682578877	6.211171270804136	82.93123378446454	22.940844128812692	105.84013372715836	38.741141805360904	-0.0	-0.0	56.10635867417279	77.71622168781879
81.503623635865	6.225253414022584	82.70875981744592	22.933854605744852	105.84013372715836	38.83502276015056	-0.0	-0.0	55.90498555278159	77.27148289745442
90.9467588239666	6.239048860459771	89.39572962988522	22.926956911596267	104.62074991784726	38.92699240306514	373.62096764946716	-0.0	55.90800029054032	76.82956136761653
97.82317523096742	6.253520791711962	90.39437892780568	22.920431674221692	100.54815723237783	39.02347194474641	817.6745485121554	-0.0	57.5407601546817	76.39191654597576
102.00003411745075	6.268805975689944	91.52329534453166	22.914856896125247	94.4211755047318	39.1253731712663	971.0337221552701	-0.0	60.658875619554394	75.96155996884971
104.7561653987323	6.284919261996378	94.67132123830524	22.910500761550583	87.97029816927233	39.23279507997585	952.6993095612256	-0.0	64.04931752246436	75.53986022033635
106.65143327450288	6.301842755519493	97.71624664015448	22.907366150948572	81.79026795010061	39.345618370129955	896.7534762081248	-0.0	67.31003580514724	75.12678667936875
107.93942051265262	6.319540589364014	100.48698662425669	22.90538841203306	76.05994870440507	39.46360392909343	818.9743890718646	-0.0	70.3293605111098	74.72195459153721
108.87791305650192	6.337963670504844	102.97026116396565	22.90447328315737	70.89524359672208	39.58642447003229	729.1698501229087	-0.0	73.03270397004786	74.32482581904952
109.67852130739534	6.357052983297011	105.15930874589729	22.90450891360182	66.34089714156188	39.71368655531341	637.7531893568425	-0.0	75.38582153607429	73.93477274947043
110.47324621825715	6.376742801049709	107.08058865445302	22.905378877667864	62.376648475036085	39.844952006998064	552.575045348929	-0.0	77.3924967679334	73.55114707854734
111.30971711039375	6.396964022604428	108.7378693848502	22.906973349784224	58.9368645678369	39.97976015069619	481.1094421219765	-0.0	79.08675461674314	73.17333857469349
112.15824654294128	6.417647547634515	110.16909719214877	22.90919693886472	55.929048418284275	40.11765031756344	423.1116183364934	-0.0	80.51958374783236	72.80081599461755
112.96416041452217	6.438727433576315	111.39083606336509	22.911971644453665	53.266872724613705	40.25818289050877	376.2966802991192	-0.0	81.74323025596244	72.43314217419369
113.68762381298653	6.460143466468141	112.42517358321605	22.91523491366385	50.88679472133586	40.40095644312094	337.076431509744	-0.0	82.7982100808185	72.0699633250162
114.32086866885592	6.48184276886436	113.29825836354057	22.9189349611505	48.74999428936573	40.545618459095735	303.3725885415191	-0.0	83.70986552441667	71.7109840270883
114.87162862443152	6.503780212256617	114.05309451928379	22.923026504333368	46.8301977731272	40.69186808171078	271.4186240170266	-0.0	84.4935331633219	71.35594453913183
115.35512124324613	6.525917692531327	114.6813464021785	22.92746869555128	45.10806136552398	40.83945128354218	246.2513668918131	-0.0	85.16159274468855	71.00460976179617
115.76721286726206	6.548222654677701	115.22045806594207	22.93222478377696	43.55999307280253	40.98815103118468	221.82860978421888	-0.0	85.72649313764346	70.65676733480345
116.10977266074389	6.570666445520624	115.66553129254332	22.93726204119946	42.168087252301945	41.13777630347083	199.95430262450182	-0.0	86.19979403717105	70.31222713136792
116.38585029920371	6.593223015436332	116.02695340994902	22.942551187893567	40.91748399114378	41.28815343624222	179.72401073012614	-0.0	86.5906626114399	69.97081812021823
116.59858583044692	6.615868217040469	116.32605692011721	22.948065608204942	39.79552409249805	41.43912144693646	156.61290473544648	-0.0	86.9061744082472	69.63238415212442
116.75857580827285	6.638579623438027	116.5433563135338	22.953780868084472	38.793826241330834	41.590530822920186	139.17526549827056	-0.0	87.15254569568452	69.29678134903882
116.86593994038134	6.66133658526076	116.69301473026105	22.959674538848876	37.902015535431985	41.742243901738405	124.75283127378506	-0.0	87.3355786264761	68.96387711486558
116.88428262921614	6.684120242652853	116.92462170174653	22.965726035691933	37.0998411351812	41.894134951019026	-0.0	-0.0	87.46056136601202	68.63354922842657
116.92474177286611	6.706913357945993	116.81789588301537	22.97191636039718	36.414294108627374	42.04608905297329	98.06186866752604	-0.0	87.53162814131629	68.3056844378546
116.87963966444632	6.729700012687016	116.80008294871777	22.978227898991133	35.80528960360085	42.19800008458011	84.61740019386613	-0.0	87.55298933370331	67.9801773525173
116.79588968825495	6.752465304940812	116.73983680243015	22.9846439605746	35.28172906342393	42.34976869960541	71.02647199623388	-0.0	87.52588827626113	67.65692797813615
116.69521738706574	6.775195154607372	116.59852613121663	22.99114857758723	34.845193053559306	42.501301030715815	93.28565284340245	-0.0	87.45267877186994	67.33584064408973
116.56703033083303	6.797876227803521	116.52329359940813	22.99772487231195	34.48849700750141	42.65250818535681	62.73998588014678	-0.0	87.32794589642248	67.0168153964028
116.34438076811085	6.8204959118705775	116.28159985545311	23.004358720840514	34.189183160728746	42.80330607913719	75.16835863045627	-0.0	87.17361668849354	66.69976728497339
116.02985861632126	6.843042262592007	116.03818678853597	23.011040896504028	33.94581164543549	42.953615083946715	-0.0	-0.0	86.99053987306431	66.38463749548035
115.73113524673359	6.865503805143388	115.75460835213327	23.01775882239474	33.78738551764334	43.10335870095592	-0.0	-0.0	86.76312573785444	66.07134992334714
115.30382491971872	6.887869165411652	115.33987270950935	23.02449704149316	33.71048975510276	43.25246110274435	-0.0	-0.0	86.49259684646572	65.75981375824402
114.12433652096527	6.9101282072309	115.28379289333924	23.03124049102064	33.71048975510276	43.40085471487267	-0.0	-0.0	86.16773821323747	65.44994072605259
111.8726313268822	6.932274296362081	114.72426092188692	23.037974919073825	33.71048975510276	43.54849530908054	-0.0	-0.0	85.84091976433015	65.14164732229737
108.59255559727558	6.954290455182471	114.54670841780734	23.04470668063385	33.71048975510276	43.695269701216475	-0.0	-0.0	85.51859648221124	64.83495861642287
104.34798050541713	6.976167944039045	114.08998834865218	23.05143008570552	33.71048975510276	43.84111962692697	-0.0	-0.0	85.19276931561114	64.52983630825199
99.22155840861053	6.9979144936308755	113.83475085195846	23.05814966069038	33.71048975510276	43.986096624205835	-0.0	-0.0	84.87374023491928	64.22629594231289
93.31311340270027	7.0195250079283396	113.44417209885653	23.064861432725195	33.71048975510276	44.130166719522265	-0.0	-0.0	84.54982817002941	63.924308348053
86.73769750047182	7.040999500124161	113.14171580395715	23.071568459124844	33.71048975510276	44.27333000082774	-0.0	-0.0	84.23337864461004	63.62388143195904
79.62335028486359	7.06234371478508	112.79206614288054	23.07826802791091	33.71048975510276	44.41562476523387	-0.0	-0.0	83.91188855804728	63.324992752930235
72.10860566217278	7.083553675337935	112.46301060154249	23.084962130737154	33.71048975510276	44.5570245022529	-0.0	-0.0	83.59761793340502	63.0276446999007
64.3397942648163	7.104631509284934	112.13750153980922	23.09164896076124	33.71048975510276	44.69754339523289	-0.0	-0.0	83.27880295069204	62.73181968889196
56.46819403264518	7.125580335509776	111.79537433727764	23.098329755347322	33.71048975510276	44.83720223673184	-0.0	-0.0	82.96651198297057	62.437516228189644
48.64708445790726	7.146397482010115	111.48315391107869	23.105003341732278	33.71048975510276	44.97598321340077	-0.0	-0.0	82.65046856951074	62.14472016367033
41.02876185508407	7.167085713863523	111.13648683250419	23.1116704371073	33.71048975510276	45.113904759090154	-0.0	-0.0	82.34007999670602	61.85342735382117
33.76157377562566	7.18764642769611	110.83086277731518	23.11833030178007	33.71048975510276	45.250976184640734	-0.0	-0.0	82.02681078845397	61.563626015388365
26.987030314811808	7.208078268082005	110.48477243225507	23.124965817387803	33.71048975510276	45.387188453880036	-0.0	-0.0	81.71832405726751	61.557846359964174
20.837048560825618	7.228383878140874	110.1818460197888	23.131341124897112	33.71048975510276	45.52255918760583	-0.0	-0.0	81.40796005950536	62.45571523463847
15.431383843302177	7.248563724580623	109.83918823144671	23.13725382937969	33.71048975510276	45.657091497204156	-0.0	-0.0	81.10195953636509	63.7493331344175
10.875297801399084	7.268617502273706	109.5368675628102	23.142602993950447	33.71048975510276	45.790783348491374	-0.0	-0.0	80.7951378604439	65.29075323490459
7.260403158756925	7.285908507201055	109.19903369113204	23.147322991673107	33.72562034947759	45.9060567146737	-0.0	39.9259849942133	80.49216512898434	66.99623427924404
4.848877974184663	7.146882148631166	108.89639076470745	23.15137259448592	35.507313665108256	44.979214324207774	-0.0	378.97923545084427	80.18908845017629	68.79463763593837
3.400146334516108	7.007916251209479	108.56385344847526	23.154734091896845	38.40408471472939	44.05277500806319	-0.0	474.8532613274712	79.88935783950258	70.61116734598632
3.0333118469891005	6.889159152523404	108.2606632198336	23.157416008319775	41.66623693978201	43.261061016822694	-0.0	490.90778828196846	79.59002516082879	72.35776264910919
3.1941812351686765	6.791884668230975	107.9333946294622	23.159456482787228	44.88362470337353	42.612564454873166	-0.0	474.1903252560027	79.29355679078104	73.95163281769658
3.3495375142265833	6.702233739990864	107.62976907777724	23.160909104237223	47.990750284531664	42.01489159993909	-0.0	457.7592315948063	78.99778162886601	75.38063969717537
3.4994307353024903	6.616933294743498	107.30745295194235	23.161827418524897	50.9886147060498	41.44622196495665	-0.0	441.4112707725789	78.70442388774403	76.64829088114571
3.643884251328016	6.535625426308273	107.0037610619222	23.16226386301587	53.87768502656032	40.90416950872182	-0.0	425.12800829428545	78.41193776872518	77.7584245863867
3.7829197964924792	6.458255348535645	106.6859906270199	23.162269434693325	56.65839592984958	40.38836899023764	-0.0	408.91132535391813	78.12151100854204	78.7152979662323
3.9165602884313047	6.384798463590248	106.38257366067378	23.161893755629382	59.33120576862609	39.89865642393499	-0.0	392.7656883530357	77.83206454458909	79.52370487183414
4.044830257167134	6.3152314599664985	106.06891684794826	23.16118465525039	61.896605143342676	39.434876399776655	-0.0	376.6962638186903	77.54439123023035	80.18913010283595
4.167756064112174	6.249530312092351	105.76616331088738	23.160188128108366	64.35512128224349	38.99686874728234	-0.0	360.70887222074407	77.25775472006785	80.71795763670842
4.285366123149823	6.187669121728737	105.45621077005336	23.15894779538174	66.70732246299646	38.58446081152491	-0.0	344.81000190131107	76.97266615659947	81.11774212380034
4.39769113362483	6.129619851964587	105.15447214223812	23.15750466235965	68.95382267249661	38.197465679763916	-0.0	329.00690706463104	76.68863332881845	81.39755573344846
4.504764368157128	6.075352832055324	104.84786383011316	23.155896383650585	71.09528736314255	37.835685547035496	-0.0	313.30780231848246	76.4059733055675	81.56838749456956
4.606622007153178	6.024835541052502	104.54742589227219	23.15415674149608	73.13244014306356	37.49890360701668	-0.0	297.7219270875219	76.12436665549355	81.64350725976581
4.703303511737552	5.978032652463195	104.24386797324439	23.152314730397897	75.06607023475104	37.186884349754635	-0.0	282.25975854760577	75.84400161087983	81.63855180284585
4.794852078148743	5.934906040916003	103.94495402168165	23.150393994917607	76.89704156297486	36.899373606106685	-0.0	266.9332738212936	75.56468044632442	81.57092849738109
4.881315169224001	5.895413596417829	103.6442128606659	23.14841236845241	78.62630338448002	36.63609064278553	-0.0	251.7561353763087	75.28651003397714	81.45821902364207
4.962745135644319	5.859508942213277	103.34700047083498	23.14638228221599	80.25490271288636	36.39672628142185	-0.0	236.74403458283777	75.0093778750009	81.3159632754667
5.039199957894087	5.827141190077161	103.04889009300676	23.144311639492955	81.78399915788172	36.180941267181076	-0.0	221.91513470568464	74.73334041688652	81.15598940837103
5.110744130016424	5.798253704556012	102.75351357474267	23.142205191241978	83.21488260032847	35.98835803037341	-0.0	207.29049280833948	74.45834129340565	80.98614110276542
5.177449728488081	5.7727828950748235	102.45787387406786	23.140065645017984	84.5489945697616	35.818552633832155	-0.0	192.89459015657079	74.18440452461688	80.81109261664069
5.239397687508559	5.750657161665244	102.16442735373444	23.13789458262201	85.78795375017117	35.671047744434965	-0.0	178.75602684886692	73.9115068859269	80.63343710600036
5.29667926352239	5.7317974734173776	101.87116243259982	23.135692930335683	86.9335852704478	35.545316489449185	-0.0	164.90872662911667	73.63965037679496	80.45455207445335
5.349398018723119	5.716110567351071	101.57969140642078	23.13346130792134	87.98796037446238	35.440737115673805	-0.0	151.39198885425537	73.36883214832706	80.27515178715052
5.397671761570845	5.703495543225254	101.28873383264963	23.131200143218226	88.9534352314169	35.35663695483503	-0.0	138.2533412015802	73.09903908286508	80.0956014643877
5.441635480832235	5.69383090892501	100.99929345929209	23.128909794987155	89.83270961664469	35.29220605950007	-0.0	125.54765730908099	72.83028132497782	79.91608679900162
5.481444113944305	5.686980875163784	100.71056092286483	23.126590560204185	90.6288822788861	35.24653916775856	-0.0	113.34040575283572	72.56253708448133	79.73670181197554
5.517276339829993	5.682784091209066	100.42314304607635	23.124242727103077	91.34552679659987	35.21856060806044	-0.0	101.70660972223996	72.29582317479647	79.55749428100083
5.549337557459767	5.681067406658646	100.13662326102401	23.121866558253615	91.98675114919533	35.20711604439097	-0.0	90.73651731761558	72.03011099466065	79.37848855113768
5.577864969863528	5.681614541773429	99.85125638003626	23.119462320639954	92.55729939727055	35.21076361182286	-0.0	80.52545091068308	71.7654238410225	79.19969729325703
5.6031292610624766	5.684191510702348	99.56689574200526	23.117030266620002	93.06258522124953	35.22794340468232	-0.0	71.178582470375	71.50172873545259	79.02112722321986
5.625435886188987	5.688540586279267	99.28356142632208	23.114570654717483	93.50871772377972	35.25693724186178	-0.0	62.8016222373475	71.23905221978008	78.84278215071738
5.645123407473151	5.69437411065951	99.00133285394645	23.112083733232513	93.90246814946302	35.29582740439673	-0.0	55.48124862642711	70.97735844484676	78.66466436220966
5.662554979043458	5.701396262395251	98.7200119577224	23.109569755526564	94.25109958086915	35.34264174930168	-0.0	49.27048010205583	70.71667748288574	78.48677543628224
5.678102827764334	5.709332507687132	98.43991116631186	23.10702896727381	94.56205655528669	35.39555005124755	-0.0	44.17980302326915	70.456969107852	78.3091165443627
5.692131553074331	5.717917213218815	98.16061696011593	23.104461617495808	94.84263106148661	35.452781421458766	-0.0	40.144784954340516	70.19826688544319	78.13168869291822
5.704975462847574	5.726933107674781	97.88261735387304	23.1018679495549	95.09950925695148	35.51288738449854	-0.0	37.045280424103275	69.94052832920815	77.95449276669069
5.716921615372251	5.736222406803008	97.60532284756017	23.09924820846399	95.33843230744502	35.57481604535339	-0.0	34.73182207172984	69.68378929229343	77.77752961277042
5.728203713011575	5.745665638609412	97.32938844120537	23.096602635497277	95.5640742602315	35.63777092406275	-0.0	33.035894870047635	69.42800617307563	77.60080003497785
5.739001435692056	5.755184331958554	97.05408948287425	23.09393147172597	95.78002871384112	35.70122887972369	-0.0	31.8030032647253	69.17321494515926	77.42430482364345
5.749447201687679	5.764728662254969	96.78022880870981	23.09123495626569	95.98894403375357	35.76485774836646	-0.0	30.904551209419342	68.91937091645958	77.24804475182121
5.75963527456801	5.774269155320799	96.5069085527736	23.08851332621606	96.1927054913602	35.828461035471996	-0.0	30.24264451150562	68.66651155516305	77.07202057764786
5.769631487396029	5.783786197165193	96.23507618063562	23.085766818833974	96.39262974792057	35.891907981101284	-0.0	29.743391880764758	68.41459319037325	76.89623305734838
5.779480860925814	5.793268121891657	95.96372476561625	23.082995667105283	96.58961721851627	35.95512081261105	-0.0	29.354791948934178	68.16365021638548	76.72068292243141
5.78921389216577	5.802707560587039	95.69392475168735	23.080200106464865	96.7842778433154	36.01805040391359	-0.0	29.04056260352597	67.91364110129146	76.54537091572833
5.798851042809128	5.812100186362595	95.42453722947525	23.07738036597145	96.97702085618255	36.080667909083964	-0.0	28.776231026520566	67.66459947173222	76.37029774476842
5.808406011511697	5.821443342363992	95.15670793263125	23.07453667912376	97.16812023023394	36.142955615759945	-0.0	28.5452829425181	67.41648725807202	76.19546413885227
5.817887953805251	5.830735476436318	94.88929713468838	23.071669270933405	97.357759076105	36.20490317624212	-0.0	28.336728188725257	67.16932955126126	76.02087078095002
5.827303019117641	5.839975612592527	94.62343664573405	23.06877837332756	97.54606038235282	36.26650408395018	-0.0	28.143153557843196	66.92309873737055	75.84651838952365
5.836655346032386	5.849163296507529	94.35798658419901	23.0658642073868	97.73310692064771	36.32775531005019	-0.0	27.95973720721282	66.67781196733785	75.6724076241866
5.8459477565065106	5.858298331653663	94.09404158805182	23.06292700282425	97.9189551301302	36.38865554435775	-0.0	27.783285383428666	66.43344823991792	75.49853918876252
5.85518220102333	5.8673807347916425	93.83058265806505	23.05996697743394	98.10364402046659	36.44920489861095	-0.0	27.611743163363496	66.19001521310074	75.32491372269621
5.8643600682658565	5.8764105893622025	93.56850616138497	23.056984358627776	98.28720136531713	36.50940392908135	-0.0	27.44371637591423	65.94750576853036	75.15153191505892
5.873482370422391	5.885388077857424	93.30703220150012	23.053979361055486	98.4696474084478	36.56925385238283	-0.0	27.278319499001537	65.70591291906969	74.97839438618074
5.8825498794765885	5.894313406858075	93.0468270563471	23.050952209306104	98.65099758953177	36.6287560457205	-0.0	27.114949038176142	65.4652409240727	74.80550180762614
5.891563204393885	5.9031868420905	92.78733545892635	23.047903115488666	98.83126408787768	36.687912280603335	-0.0	26.953243887118294	65.22547315463318	74.63285478372518
5.900522854909674	5.912008627597522	92.52892018147178	23.044832301218026	99.01045709819347	36.74672418398348	-0.0	26.792924308303224	64.98662760874119	74.46045396786128
5.909429266176378	5.92077906929629	92.27142664929151	23.04173997627859	99.18858532352755	36.805193795308604	-0.0	26.63386368881724	64.7486704923558	74.28829994950442
5.918282834533785	5.929498434184258	92.01484406036069	23.038626358811683	99.36565669067569	36.86332289456172	-0.0	26.475932054501467	64.51163314288031	74.11639336124921
5.927083923101584	5.938167017811431	91.75932695214341	23.035491656780845	99.54167846203167	36.92111345207621	-0.0	26.31906950037279	64.27547276573101	73.9447347806814
5.935832881379709	5.946785074041512	91.50446103045694	23.032336084604466	99.71665762759417	36.97856716027675	-0.0	26.163181025300833	64.04023347126353	73.77332481841883
5.944530033939208	5.95535294127705	91.25090772320469	23.02915984895197	99.89060067878415	37.03568627518033	-0.0	26.0083007637002	63.805857162820956	73.60216404259067
5.953175705633048	5.963870886201114	90.99786031158646	23.025963160060904	100.06351411266095	37.0924725746741	-0.0	25.8543765251485	63.57239653221198	73.43125303946285
5.961770214242416	5.972339179843674	90.74622851975029	23.022746223321697	100.23540428484831	37.14892786562449	-0.0	25.70136864212895	63.33979115842409	73.26059236844479
5.970313866321293	5.980758137021316	90.49498304073244	23.019509244986825	100.40627732642585	37.20505424680877	-0.0	25.549303684277483	63.10809496392055	73.09018259220298
5.978806969880193	5.989128032993546	90.24523836603358	23.016252429328258	100.57613939760385	37.2608535532903	-0.0	25.39815829119433	62.8772483869483	72.92002426207985
5.987249830283278	5.99744913935025	89.99571445330098	23.01297597813488	100.74499660566555	37.316327595668334	-0.0	25.24790717437299	62.647304223284486	72.75011791497195
5.99564274739744	6.005721746166084	89.74789168483709	23.009680095309456	100.91285494794879	37.37147830777389	-0.0	25.09855420218939	62.418200986978626	72.58046409823119
6.003986019705935	6.0139461354865915	89.5001684218119	23.006364978009742	101.0797203941187	37.42630756991061	-0.0	24.950094915471496	62.18999247121724	72.41106332230358
6.0125205641958415	6.025252140232639	89.2541384916724	23.003039298321422	101.25041128391682	37.469454776230826	-0.0	28.20857143316263	61.96261876512931	72.11304899399958
6.023279483701168	6.044396757190911	89.00823620146691	22.999828582469004	101.46558967402335	37.401287071394684	-0.0	36.329459025822906	61.73604101128689	71.23145999826926
6.036670655181093	6.067555930045808	88.76397557550355	22.996918707596524	101.73341310362186	37.19561285319674	-0.0	43.93551728436417	61.510037054393266	69.82829303288054
6.052396192119392	6.092806626512585	88.51991624384246	22.994461032924413	102.04792384238783	36.866048768102765	-0.0	50.25586681746286	61.28450269973628	68.02187778101555
6.070033739338825	6.118904460727393	88.27740914578928	22.9925633252263	102.40067478677649	36.43976482260611	-0.0	55.26680818344288	61.059290651528116	65.96174939304973
6.089115418669576	6.144702223557437	88.03516463955947	22.991280717180874	102.78230837339152	35.94942564072886	-0.0	58.942135230167246	60.83435111891569	63.81917444623196
6.109157670886298	6.168867041392378	87.79437775658285	22.990611418396902	103.18315341772596	35.42742040429716	-0.0	61.08875229230001	60.609656248502645	61.76978820591005
6.129654981002029	6.190355226391916	87.55399332953968	22.990498261430837	103.59309962004058	34.90562345804707	-0.0	61.59354947450201	60.385278669953834	59.975509482643986
6.150067634053038	6.208866022438434	87.3149566831408	22.990835863448627	104.00135268106074	34.41575176960352	-0.0	60.62094748589189	60.16128022692425	58.568793369445366
6.1698956242961875	6.22377260813185	87.07638813899989	22.99148218744482	104.39791248592374	33.981775238053515	-0.0	58.02854030327584	59.93778530410926	57.6412110117914
6.188619556432606	6.235074779905484	86.83905150730455	22.992273010001753	104.77239112865212	33.62527282024742	-0.0	53.883684609117964	59.71495361314254	57.23740204193399
6.205715152023862	6.243039530416528	86.60233733475697	22.993037413564107	105.11430304047722	33.363498693901064	-0.0	48.298795528891326	59.49292339057132	57.354441843150404
6.220635055592275	6.248178312014415	86.36669420054072	22.993612761942874	105.4127011118455	33.209802297912255	-0.0	41.49040282262579	59.27186502977736	57.94562743777059
6.231547048885413	6.255161424469305	86.13178486598636	22.993857942104274	105.63094097770825	33.19599575903245	-0.0	38.417424093674796	59.05189969503021	58.92657515200139
6.243975021620639	6.246011737430224	85.89783540418672	22.99366479634101	105.87950043241278	33.22384951940517	-0.0	11.282496979792478	58.83314588562898	60.17952977433912
6.4034232205223285	6.255753884170827	85.66471360279996	22.99297039898749	105.89275619337486	33.48628500785601	-0.0	-0.0	58.61564902073476	61.535171280080405
7.3727694561769885	6.249759818856618	85.43245172925806	22.991828673978798	105.89275619337486	33.78377370416477	-0.0	-0.0	58.39940759418715	62.53430122829653
9.218528897631854	6.240005734411772	85.20108021893522	22.99022991157136	105.89275619337486	34.17161113497018	-0.0	-0.0	58.184364779859976	63.951346431259964
11.931705209306877	6.227513040598555	84.97048530920286	22.988035934310734	105.89275619337486	34.638954646501055	-0.0	-0.0	57.970658396069595	65.74736650691017
15.499074216886493	6.213416150397144	84.74085426729918	22.98514249575372	105.89275619337486	35.17012700776282	-0.0	-0.0	57.75836106155871	67.80498604428698
19.903248362702467	6.199108685858142	84.51190978397712	22.981486298950564	105.89275619337486	35.74536758169664	-0.0	-0.0	57.5475633687253	69.99101336392685
25.12276145365502	6.186075717089337	84.2840038936025	22.97704907755946	105.89275619337486	36.340220715943005	-0.0	-0.0	57.33825938649479	72.16296753465585
31.13217328866353	6.175965034346929	84.05664937735743	22.971859468711834	105.89275619337486	36.9270798270204	-0.0	-0.0	57.13046865047379	74.17616439867182
37.90219365563591	6.170402104092023	83.83044976444032	22.965992515881258	105.89275619337486	37.47609183124497	-0.0	-0.0	56.92407605867613	75.89111393109792
45.399825093600995	6.1707439255124195	83.60471155852123	22.959566751733867	105.89275619337486	37.956534631926054	-0.0	-0.0	56.71901518238039	77.18095190467213
53.58852372421981	6.178101125979718	83.38012627751394	22.952738905439467	105.89275619337486	38.340627557473205	-0.0	-0.0	56.51511132461821	77.9385865418161
62.42837736867724	6.193053267568497	83.15604079433129	22.945696380423623	105.89275619337486	38.60556435039379	-0.0	-0.0	56.31222052603521	78.08319406140234
71.87630008192647	6.211889548600616	82.93303262020206	22.938639724963476	105.89275619337486	38.74593032400411	-0.0	-0.0	56.110125886665685	77.68917075364635
81.88624215597693	6.22591341910599	82.71058352695306	22.93166019082278	105.89275619337486	38.83942279403993	-0.0	-0.0	55.908728614829705	77.24462642908671
91.26557176884089	6.239722605057328	89.56340885061178	22.92477500311148	104.58019091214642	38.93148403371552	391.4008975981271	-0.0	55.94140437297795	76.8029115806405
98.03195266746553	6.254217654053632	90.39234051423128	22.918281819500727	100.3993455871867	39.02811769369088	829.1954496927024	-0.0	57.64853588102944	76.36557500141829
102.14090710388639	6.269527101882629	91.63652134731107	22.912756546681518	94.23430488179048	39.130180679217524	972.3141046450877	-0.0	60.79476581365661	75.9356166201037
104.86376988185846	6.285664166309876	94.80305283277052	22.908453231310773	87.78542346454705	39.237761108732506	951.5590020686656	-0.0	64.18504917511356	75.51433035176893
106.73490886266765	6.302610258708657	97.83935876498434	22.905370233332338	81.61576003990767	39.350735058057715	894.7622638396739	-0.0	67.44033667829146	75.10166178257349
108.00706542876705	6.320329034358969	100.60303722167187	22.903441690227893	75.90069104750974	39.46886022905979	816.3103200612903	-0.0	70.45112475139805	74.6972198512593
108.93748599622816	6.338771037505267	103.07916377179149	22.902572515743888	70.75399404493297	39.59180691670178	726.1191363676493	-0.0	73.14404548572388	74.30046217009846
109.73676390910852	6.3578769943552915	105.25529374692944	22.90265046729173	66.2187932181894	39.719179962368614	635.0844940605283	-0.0	75.48628673978692	73.91075917065177
110.53239336061225	6.3775810290127115	107.16823439786357	22.90355914338089	62.27188254156737	39.85054019341808	550.2493131730205	-0.0	77.48255882510739	73.52746278699361
111.37086796076922	6.39781400464268	108.81223050113535	22.905189050241933	58.84734384338911	39.98542669761787	479.8722448392368	-0.0	79.16782205308846	73.149964639025
112.2189471627272	6.418506896396731	110.2363740691654	22.907445319235375	55.851368686802594	40.12337930931154	422.41162202354593	-0.0	80.59331887573889	72.77773632557836
113.02101124650738	6.439593934811571	111.46120441902244	22.91025048274332	53.1978413201427	40.263959565410474	374.6766799170257	-0.0	81.81111388298484	72.41034356390253
113.742577552227	6.461015149505356	112.4844406318762	22.913542400035205	50.826141167774956	40.406767663369045	336.50010821925844	-0.0	82.86127482862982	72.04743479811088
114.37165885718287	6.482717938726373	113.3601637215833	22.91726954339518	48.69574146407834	40.551452924842486	301.7193434368443	-0.0	83.76868215438112	71.68871601788462
114.92098945450694	6.504657440123007	114.10642763087561	22.9213867844856	46.78266597637534	40.69771626748672	270.75923645707644	-0.0	84.5485007010211	71.33392834169871
115.40131152768528	6.526795772803591	114.73588302608056	22.925853401036512	45.06582369176456	40.84530515202394	244.7214031187812	-0.0	85.21308438525917	70.98283737412356
115.8120487435458	6.549100546641695	115.26760826442838	22.930632768493542	43.52313740363179	40.99400364427797	221.35863010185165	-0.0	85.77488916360652	70.6352314607945
116.15237041069481	6.571543219914089	115.70982574529572	22.935692276256585	42.13575301341649	41.143621466093926	199.5720919515521	-0.0	86.2454125583972	70.29092112846686
116.42621905570326	6.594097819663835	116.06936921995727	22.941002736770958	40.889230953804194	41.29398546442557	179.2107285213112	-0.0	86.63374232372735	69.94973586556809
116.63691503959083	6.61674026133704	116.36673607050606	22.946537605383664	39.771037012096784	41.44493507558027	155.93622804733056	-0.0	86.9469090732373	69.61151992769162
116.79502443780918	6.639448180519188	116.5821291224094	22.95227251046724	38.772827822736886	41.59632120346125	138.42174101628666	-0.0	87.1911168283016	69.27612979447505
116.90063859488168	6.662200992578504	116.7295541553611	22.958185081613234	37.88426513770715	41.74800661719003	124.08706442193142	-0.0	87.37215160017105	68.94343320385627
116.95026485767639	6.684979899623568	116.82664329586467	22.964254780568613	37.09538894296624	41.89986599749045	105.47957415089682	-0.0	87.49525847805172	68.61330820535993
116.94815632674832	6.707767716959078	116.84060546692538	22.97046296085277	36.39997732995167	42.05178477972719	98.38484326391062	-0.0	87.56639716237353	68.28564342008848
116.91046754891322	6.730548567750271	116.83226259506749	22.976791855026764	35.79639561217744	42.203657118335144	83.89544591999885	-0.0	87.58462006874994	67.96033266259285
116.83008161748549	6.753307582743537	116.77356856832557	22.983224070858792	35.2768316552669	42.355383884956915	71.31742020286906	-0.0	87.55446357814427	67.63727227916303
116.71220509528729	6.776030710116015	116.6508824879658	22.989744252477298	34.838124408874926	42.506871400773434	74.29020567298052	-0.0	87.48104377356677	67.31636985080989
116.59881007869545	6.798704643018344	116.50711418474648	22.996336032936107	34.488524299979346	42.65803095345563	90.84398964932653	-0.0	87.35570255866607	66.99752812356007
116.35646585049061	6.821316794767701	116.35186564330158	23.002984810469744	34.186247397828154	42.808778631784676	20.3474481695511	-0.0	87.19912965677696	66.68065964527568
116.0518767168206	6.843855244734453	116.07166969422428	23.009681129719933	33.94840197887036	42.959034964896354	-0.0	-0.0	87.01414897679877	66.36570442312627
115.74806547248488	6.866308669111138	115.77327777328188	23.016412781273313	33.791155357421026	43.10872446074092	-0.0	-0.0	86.7864011987401	66.0525883092051
115.30558804415803	6.88866609585151	115.374105835555	23.0231645186697	33.71721729580197	43.2577739723434	-0.0	-0.0	86.51442518504732	65.74122161279524
114.08962147533028	6.910916424253894	115.29758841944027	23.02992053053429	33.71721729580197	43.40610949502596	-0.0	-0.0	86.18814166463868	65.43151214102336
111.8023466270715	6.9330464255134325	114.74903757226957	23.036668089019642	33.71721729580197	43.55364283675622	-0.0	-0.0	85.86279245008748	65.12338442357603
108.48830238817942	6.955042401761681	114.56736242722653	23.043412385694552	33.71721729580197	43.70028267841121	-0.0	-0.0	85.538876685074	64.8168574064133
104.21202138267307	6.976903196438331	114.10939626989177	23.050148655886584	33.71721729580197	43.84602130958887	-0.0	-0.0	85.21438227005277	64.51189767286075
99.05677336027978	6.998630386706648	113.8589743974723	23.056880686881577	33.71721729580197	43.99086924471099	-0.0	-0.0	84.89393820328728	64.20851687798795
93.12294372878914	7.020221275756314	113.46084142507065	23.063605091531148	33.71721729580197	44.134808505042095	-0.0	-0.0	84.57115663991871	63.90668894625792
86.52607880232377	7.041678591703421	113.1674382415285	23.07032447040314	33.71721729580197	44.27785727802281	-0.0	-0.0	84.25350920771675	63.60641938177689
79.39463582928363	7.06300346886193	112.80762137133998	23.077036464256842	33.71721729580197	44.4200231257462	-0.0	-0.0	83.93293021056415	63.30768761112803
71.86748161257414	7.0841948248389945	112.48898532460963	23.083742798799726	33.71721729580197	44.561298832259965	-0.0	-0.0	83.61767966390246	63.010494625994234
64.09118843004833	7.1052552605195425	112.15288150351735	23.090441864852448	33.71721729580197	44.70170173679695	-0.0	-0.0	83.29956774010185	62.714823892829074
56.21717991038763	7.12618514966439	111.82090835828119	23.0971347587591	33.71721729580197	44.84123433109593	-0.0	-0.0	82.98649481662278	62.42067318098824
48.398782441139474	7.146984399638127	111.49884089338975	23.103820405657945	33.71721729580197	44.97989599758751	-0.0	-0.0	82.67097200709544	62.12802886077584
40.78823952540739	7.167655129485097	111.16125388330465	23.110499460692736	33.71721729580197	45.117700863233985	-0.0	-0.0	82.35997059274135	61.83688646807325
33.53374722491264	7.188197431563595	110.84708709928813	23.117171220256225	33.71721729580197	45.2546495437573	-0.0	-0.0	82.04706955964694	61.547234417907454
26.77656841677566	7.208611848242722	110.50866445470326	23.12381543118724	33.71721729580197	45.39074565495148	-0.0	-0.0	81.73811043965631	61.5695923621768
20.648282056516937	7.228899992972908	110.19863826376775	23.130191026101826	33.71721729580197	45.52599995315272	-0.0	-0.0	81.42800147225081	62.48053795001892
15.26822101088768	7.249061967165413	109.86218680899519	23.13610074921315	33.71721729580197	45.66041311443609	-0.0	-0.0	81.12164964561977	63.78209557841101
10.74114835233577	7.269098652622924	109.55421067035432	23.141444721776313	33.71721729580197	45.793991017486164	-0.0	-0.0	80.81499397548987	65.32911262229372
7.158214687544178	7.286519352145612	109.22120045841508	23.146158012521365	33.73314916352609	45.91012901430408	-0.0	89.54910126623072	80.51175816744575	67.03826416147496
4.784991951329836	7.14221585852393	108.91419298800817	23.150200007548072	35.588152248797066	44.94810572349287	-0.0	383.831335614526	80.20877764572317	68.83826319180693
3.3688682317713172	7.00376136167085	108.58531524233287	23.15355376400451	38.50614566751295	44.02507574447233	-0.0	476.63489236387295	79.90884770014682	70.65388338880618
3.0385852733196783	6.885797764651878	108.27882011550075	23.15622869673158	41.77170546639356	43.23865176434585	-0.0	490.3578088582484	79.60955883789272	72.39637595585405
3.1992754406529325	6.788929722904852	107.9542321001263	23.158263853520236	44.985508813058644	42.59286481936568	-0.0	473.6595746321877	79.31293515032247	73.98468015143145
3.3544553628311107	6.699424480891094	107.6481811758312	23.15971291459138	48.08910725662221	41.996163205940626	-0.0	457.23141829794343	79.01716256254282	75.40823074139561
3.504172825839499	6.614242139123688	107.32778832050055	23.16062941421704	51.08345651678998	41.42828092749125	-0.0	440.8847151810343	78.72367876307754	76.67054495711443
3.6484509792703634	6.533049361609657	107.02233011751305	23.161065724645788	53.96901958540727	40.88699574406438	-0.0	424.602636468741	78.43116643313262	77.77547344441642
3.7873115739403826	6.455793865979786	106.70589701010961	23.16107281893814	56.74623147880765	40.37195910653191	-0.0	408.38724668194857	78.14063265316705	78.72728949264197
3.920777565043232	6.382450973138983	106.40122586133049	23.160700247655786	59.415551300864635	39.88300648759322	-0.0	392.24302161540675	77.85113905052626	79.53080750798996
4.048873529699437	6.3129975829567595	106.08845569413442	23.159995798688502	61.97747059398874	39.4199838863784	-0.0	376.17516309371445	77.56337192624312	80.19153926412203
4.17162588396762	6.24740963405909	105.78486094787802	23.159005381375874	64.4325176793524	38.982730893727265	-0.0	360.1895117583477	77.27667285763776	80.71590379861026
4.289063099214346	6.185661053800927	105.47543625517272	23.157772548208673	66.7812619842869	38.57107369200618	-0.0	344.29256768286666	76.99149917074699	81.11150183156704
4.401215943725913	6.1277239068014575	105.17315489131694	23.156338192989537	69.02431887451826	38.18482604534305	-0.0	328.49162499555683	76.7073931394639	81.38746490702684
4.5081177698926505	6.07356826651005	104.86683227182037	23.154739859441303	71.162355397853	37.82378844340034	-0.0	312.79491050620936	76.42465270822798	81.55485609764199
4.609804840453275	6.023161744397044	104.56610255783619	23.153011173985433	73.1960968090655	37.487744962646964	-0.0	297.2117199850732	76.14296549360162	81.62702950127445
4.706316723453583	5.97646872359036	104.26256215270257	23.15118096352672	75.12633446907167	37.17645815726907	-0.0	281.7525510240298	75.86252471571873	81.61970076044359
4.797696730278119	5.933450974662607	103.96353560042293	23.149272672901958	76.95393460556237	36.88967316441738	-0.0	266.4294283183269	75.58311869645799	81.5503192524086
4.883992456884107	5.8940662664323025	103.66273057152358	23.14730394155696	78.67984913768214	36.62710844288202	-0.0	251.25607076598615	75.30487266579185	81.43643732075599
4.9652564003558375	5.858268673152054	103.36547605480929	23.145287022635014	80.30512800711675	36.388457821013695	-0.0	236.24831650143778	75.02765516020756	81.29348973849497
5.041546737869047	5.8260062617610435	103.06723154674974	23.14322968784404	81.83093475738093	36.173375078406956	-0.0	221.42429912556975	74.75154279670981	81.13316408355479
5.112928174562217	5.797222332219868	102.77184801092041	23.141136598002745	83.25856349124435	35.98148221479912	-0.0	206.80518575123588	74.47645924030307	80.9631760922993
5.179473013682602	5.771854118109352	102.47606291163545	23.139010408234707	84.58946027365204	35.81236078739568	-0.0	192.4157452670437	74.20244714795516	80.7881090345516
5.24126252195813	5.749828164496216	102.18262381808955	23.136852670660932	85.8252504391626	35.66552109664144	-0.0	178.28447116513084	73.92946622436979	80.6105004741954
5.298388264566894	5.731066730181263	101.88920991540576	23.134664295948642	86.96776529133787	35.54044486787509	-0.0	164.44574819951438	73.65753421369799	80.43169647757593
5.350954246303338	5.715475267972755	101.59775636457817	23.132445896159176	88.01908492606677	35.43650178648503	-0.0	150.9389408149485	73.38663376490811	80.25239457543951
5.399078776677938	5.70295232418134	101.3066437772734	23.13019789476231	88.98157553355877	35.35301549454227	-0.0	137.8118163256062	73.11676579626206	80.07295122486696
5.442897491360675	5.693374686074133	101.01720104989815	23.1279206491216	89.8579498272135	35.289164573827556	-0.0	125.11924180393325	72.84792751237013	79.8935476135608
5.482565915032846	5.686609072440159	100.72833967548411	23.125614454924705	90.65131830065691	35.244060482934394	-0.0	112.92784128795267	72.58010762671636	79.71427545932303
5.518263493748116	5.682494489146793	100.44092814258659	23.12327960073638	91.36526987496232	35.216629927645286	-0.0	101.31355887746352	72.31331407804782	79.535181385758
5.550197192182337	5.680845199031162	100.15427421719019	23.120916348416543	92.00394384364674	35.20563466020775	-0.0	90.36315857721847	72.04752679006434	79.35628915083082
5.578604424768504	5.6814614823517005	99.86887752315725	23.118524965873007	92.57208849537008	35.209743215678	-0.0	80.17833933768996	71.78276243387057	79.17761112717541
5.603757538318813	5.68409939545852	99.58439264024169	23.116105704877175	93.07515076637627	35.2273293030568	-0.0	70.861598000833	71.51899204561157	78.99915388290502
5.625963728953947	5.6884934674580885	99.3010328984189	23.113658825166564	93.51927457907892	35.25662311638726	-0.0	62.51486748373437	71.25623952296635	78.82092115975888
5.645561859074152	5.694366946465489	99.01871275794372	23.111184574289926	93.91123718148305	35.29577964310326	-0.0	55.22968370322735	70.99446973343318	78.64291520293403
5.662915736870658	5.701424214821718	98.73736116591375	23.108683206863347	94.25831473741314	35.34282809881145	-0.0	49.058942833506585	70.73371358091288	78.46513758007752
5.678398748068065	5.709380193684255	98.45715991020536	23.106154967839043	94.5679749613613	35.395867957895035	-0.0	44.003867455166564	70.47392995625984	78.28758945068603
5.692374546399269	5.71797578564832	98.17781002918042	23.103600107561896	94.84749092798538	35.45317190432213	-0.0	40.00096815160445	70.21515437089067	78.11027182443526
5.705175808888922	5.726999545152925	97.89974251933019	23.101018868731433	95.10351617777843	35.5133303010195	-0.0	36.932147466674465	69.95734016682339	77.9331855812884
5.7170883924662474	5.7362909345301665	97.62237874192239	23.098411497474075	95.34176784932495	35.57527289686778	-0.0	34.64330929623986	69.70052883330287	77.7563315741989
5.728344114155851	5.745732689626131	97.34640500072923	23.095778234614748	95.56688228311701	35.638217930840874	-0.0	32.966436975998626	69.44466973289364	77.57971060515125
5.739121046156055	5.755246598250064	97.07099556782438	23.093119322080074	95.7824209231211	35.701643988333764	-0.0	31.74660621035867	69.18980823289378	77.4033234697892
5.749549873566614	5.7647860048571244	96.79711366748944	23.090434998865067	95.99099747133228	35.76524003238083	-0.0	30.85868120411045	68.935888541235	77.22717094140961
5.759723908157216	5.77432032946715	96.52367970549737	23.08772550261948	96.19447816314432	35.82880219644767	-0.0	30.2039125258774	68.68295934462387	77.05125378213799
5.76970808402851	5.783830670517267	96.25184350124937	23.084991070792075	96.39416168057019	35.89220447011511	-0.0	29.70962227203991	68.43096609615563	76.87557275024433
5.779546803452748	5.793305590551895	95.980336092271	23.08223193636961	96.59093606905495	35.9553706036793	-0.0	29.32446408200296	68.17995439907382	76.70012857821108
5.789270138711998	5.802737807495052	95.71057524695294	23.07944833575599	96.78540277423996	36.01825204996701	-0.0	29.0125713948434	67.92987032023366	76.52492201517266
5.798898247749544	5.812123128291125	95.44102914729223	23.07664049730548	96.97796495499087	36.08082085527417	-0.0	28.74987015359929	67.68076008008127	76.34995376593044
5.80844462860864	5.821458932357195	95.1732146320478	23.07380865590901	97.1688925721728	36.14305954904797	-0.0	28.5200628380207	67.43257517746243	76.17522456815512
5.817918300923291	5.83074369464162	94.90565473784577	23.070953035627642	97.35836601846582	36.20495796427747	-0.0	28.312313706151418	67.18534866536754	76.00073510085987
5.827325324319003	5.839976450201234	94.63982563398349	23.0680738699773	97.54650648638005	36.266509668008226	-0.0	28.119305959419176	66.93904533488691	75.82648609200794
5.836669774986962	5.849156764114762	94.37423774096608	23.065171378923328	97.73339549973923	36.327711760765084	-0.0	27.93629933415496	66.69368972097287	75.6524781964152
5.845954430086656	5.858284479098135	94.1102837513459	23.062245793811798	97.91908860173311	36.388563193987565	-0.0	27.760188457887434	66.44925591965209	75.47871212729008
5.855181217638692	5.867359584814157	93.84670757807585	23.05929733151708	98.10362435277383	36.44906389876105	-0.0	27.588909881808398	66.20575475036375	75.30518852049696
5.864351507194357	5.87638217428647	93.58463586638332	23.056326220577088	98.28703014388712	36.509214495243135	-0.0	27.421099417366218	65.96317386198015	75.13190807199946
5.873466302129009	5.885352409836387	93.32306767527444	23.05333267524148	98.46932604258018	36.569016065575916	-0.0	27.255856833185582	65.72151250740184	74.95887140128384
5.882526355898048	5.894270579373268	93.06277681613128	23.050316921194252	98.65052711796096	36.62847052915512	-0.0	27.092692136464425	65.48077571282732	74.78607918603176
5.891532284907399	5.903136852084235	92.80326216625201	23.047279169684295	98.83064569814798	36.687579013894904	-0.0	26.93112416057434	65.24093575338897	74.61353202781196
5.900484586147271	5.911951542668668	92.5447729358601	23.044219643663684	99.0096917229454	36.746343617791126	-0.0	26.770969025930892	65.00202440441586	74.44123058754342
5.909383698648581	5.9207149098129825	92.28722672377494	23.041138552276713	99.18767397297161	36.804766065419884	-0.0	26.612040466208292	64.76399752273294	74.2691754526922
5.918230014357825	5.929427240065425	92.03053963482785	23.038036114728065	99.36460028715648	36.862848267102834	-0.0	26.45423608280946	64.52689615150896	74.09736726229207
5.927023895288122	5.938088829447415	91.77495977572462	23.03491253863637	99.54047790576243	36.9205921963161	-0.0	26.297497693807788	64.29066828337633	73.92580659306147
5.935765686453554	5.946699958010253	91.52009785180718	23.031768039188666	99.71531372907108	36.977999720068354	-0.0	26.141766816603422	64.05536059263478	73.75449406057169
5.94445571913163	5.955260909344228	91.26644463419542	23.028602822592593	99.8891143826326	37.035072728961524	-0.0	25.98700421917423	63.82091828552027	73.58343023181769
5.953094313645849	5.963771980409329	91.01337511622484	23.025417100150072	100.06188627291696	37.091813202728865	-0.0	25.833199041495345	63.587390910067185	73.41261569943477
5.961681784597127	5.972233461560769	90.7616209131389	23.022211076714534	100.23363569194254	37.1482230770718	-0.0	25.68033898194542	63.354721183603985	73.2420510208734
5.97021844298853	5.9806456323115755	90.51034678377476	23.018984959671275	100.4043688597706	37.2043042154105	-0.0	25.528402470392177	63.12295978601697	73.0717367659704
5.978704597300408	5.989008762519165	90.26051045248899	23.01573895249555	100.57409194600815	37.260058416794436	-0.0	25.377358534180413	62.89204729602148	72.90167348277639
5.987140547053532	5.997323163296045	90.01102145020853	23.01247325860733	100.74281094107064	37.31548775530697	-0.0	25.227237564922373	62.662037225174004	72.73186171779687
5.9955265946663525	6.005589104101797	89.76304839792567	23.009188080402648	100.91053189332705	37.37059402734531	-0.0	25.07801506729115	62.43287079731403	72.56230201125008
6.003863038114251	6.013806868575011	89.51529257743135	23.00588361694338	101.07726076228502	37.42537912383341	-0.0	24.92968920378813	62.20459883861026	72.39299488440487
6.012439866269585	6.025337243290562	89.26921967909004	23.002570175687904	101.24879732539169	37.466330850780544	-0.0	28.391654826922412	61.97715771646486	72.08100887613044
6.023271757988034	6.044814614835574	89.02324891332988	22.999377825480153	101.46543515976069	37.39461563124625	-0.0	36.693712717184056	61.7505092399283	71.18017685463059
6.0367624972714395	6.067798888796931	88.77894995721314	22.99649199288293	101.73524994542878	37.18274791589176	-0.0	44.042870823133384	61.52443645654479	69.76124971171274
6.05254692230854	6.093130611900015	88.53479562652483	22.994062777764675	102.05093844617079	36.84975055028416	-0.0	50.363484782798245	61.29882526118877	67.94347085129318
6.070222610553664	6.119428463087914	88.29226639821478	22.992196346360714	102.40445221107326	36.42206603659188	-0.0	55.45598059173264	61.07351869329375	65.87736098730213
6.089335093721999	6.145266504144686	88.04995795875858	22.990945984186705	102.78670187443997	35.93065315915033	-0.0	59.12455624711229	60.848491950806945	63.734666203084814
6.109411560734028	6.1690623485140295	87.80916556904307	22.990307998227625	103.18823121468054	35.40639538783021	-0.0	61.05877689775732	60.62373447503919	61.690891943311534
6.129900903392347	6.190584959973124	87.56863835771516	22.990223461290714	103.59801806784692	34.886020138227664	-0.0	61.585335399741055	60.3992750320528	59.907248268296996
6.15030769376608	6.2088146453682915	87.32960170998633	22.990585535888048	104.00615387532159	34.39671056638113	-0.0	60.47052567274595	60.17519330287898	58.51501911434449
6.170094036683646	6.223693046532261	87.0909336382687	22.991251164415083	104.40188073367291	33.96559022188642	-0.0	57.87864991115817	59.951630506159006	57.6043043762517
6.1887485952965235	6.235088324212162	86.85359609700747	22.992055611873944	104.77497190593046	33.61321973952796	-0.0	53.81666152064261	59.72872766846033	57.21815703153164
6.2057848801794435	6.2428488658340555	86.61675704784939	22.99282795649224	105.11569760358886	33.354308344033214	-0.0	48.13002289022155	59.50664250312947	57.35211780700645
6.220825936139358	6.2465413742196665	86.38111834216203	22.993406030425152	105.41651872278715	33.19682901593395	-0.0	40.090084559892155	59.28553483065655	57.958119995843745
6.23320597730103	6.247702179641344	86.14610883703901	22.99364960248184	105.6641195460206	33.15506491345951	-0.0	30.100043957934762	59.065515172197514	58.950611038612465
6.242884033822709	6.248147826455163	85.91215663408579	22.993451768241613	105.85768067645418	33.24061955490408	-0.0	18.13799987673347	58.84671258664083	60.21062758115973
6.4217896949856685	6.2532328839435225	85.67894157266205	22.992751453573106	105.89733238802698	33.48124475266534	-0.0	-0.0	58.62917544014302	61.56356164290898
7.420493183647731	6.248286330753449	85.44665291310987	22.991600647198847	105.89733238802698	33.78846222819258	-0.0	-0.0	58.41288734078355	62.58417405743687
9.295416860691192	6.238596788034885	85.21519846856606	22.989987697800437	105.89733238802698	34.18004407968157	-0.0	-0.0	58.19780479114219	64.01507613681684
12.037422242407462	6.226133700637129	84.98454977076976	22.98777559107163	105.89733238802698	34.65028661402493	-0.0	-0.0	57.98405892117277	65.82129971263149
15.6331446399682	6.21185598534938	84.7549117973568	22.984861369705484	105.89733238802698	35.182261832203025	-0.0	-0.0	57.77174178083606	67.88487065319592
20.06505829968385	6.197553780167651	84.52585611333546	22.98118319316581	105.89733238802698	35.75835866276101	-0.0	-0.0	57.56091793116277	70.07220593472785
25.31156182449989	6.184596569412154	84.29793462500157	22.976724337683386	105.89733238802698	36.35329710326914	-0.0	-0.0	57.35158134829452	72.24066170511307
31.347083460442782	6.174607796548112	84.07047582719997	22.971514998426336	105.89733238802698	36.93922161472559	-0.0	-0.0	57.14375274193449	74.2456324686859
38.142205734768375	6.169211769951831	83.84430022603811	22.96563170730763	105.89733238802698	37.486253634175625	-0.0	-0.0	56.93732830291642	75.94795298518439
45.66380883840397	6.169794864008068	83.61844632599474	22.959194344152824	105.89733238802698	37.963961343427506	-0.0	-0.0	56.73223540593218	77.22132477554364
53.87523205375729	6.177388512712425	83.39386286110378	22.952360762176472	105.89733238802698	38.344274557945624	-0.0	-0.0	56.52828700876832	77.9594462005782
62.73645244110588	6.1925923531677505	83.16967770444043	22.945319198128242	105.89733238802698	38.60486785977864	-0.0	-0.0	56.32534980544927	78.0824787691466
72.20427991269351	6.2112958836932615	82.94665868797178	22.93826925005428	105.89733238802698	38.74197255795508	-0.0	-0.0	56.12319974246763	77.67998691239562
82.23256774361519	6.225265647673188	82.72412209910036	22.931296932936146	105.89733238802698	38.835104317821255	-0.0	-0.0	55.92174851861145	77.23552869197157
91.55026910387538	6.239090962776012	89.70990357670388	22.924421460047707	104.5003747903861	38.92727308517341	406.98021751116477	-0.0	55.982289576536836	76.79391262777658
98.21738243371802	6.253612066677236	90.4023340660814	22.917955387123676	100.22734552574187	39.02408044451491	838.6622401701986	-0.0	57.75329980111379	76.35676565947952
102.2647242468973	6.2689493557640885	91.74620294974719	22.91247180566341	94.0327080965179	39.12632903842726	972.968096467459	-0.0	60.9217625706715	75.92707239918123
104.9556289413915	6.2851142717235335	94.92461454000048	22.9082124993615	87.58837241942368	39.234095144823556	950.1533013809886	-0.0	64.31054712237733	75.50606200864583
106.80358368995407	6.302087429108263	97.95090095307854	22.905172000359006	81.43087300213833	39.34724952738842	892.6037454093484	-0.0	67.5595025141408	75.09365993839118
108.06104743232403	6.319831934417546	100.70430989846588	22.903283308187383	75.73267258286081	39.465546229450304	813.6991938346956	-0.0	70.56105598499498	74.68946920411811
108.98457898042645	6.338297916637536	103.1687634832905	22.902450580487635	70.60536938916913	39.588652777583576	723.4800582892627	-0.0	73.24299410570936	74.2929435303365
109.78081216550461	6.357425802138612	105.34386657266045	22.902561244527025	66.08875891333936	39.71617201425741	631.9217541404752	-0.0	75.57370396478716	73.90345171739645
110.57842758942559	6.377149531313655	107.24274247847683	22.903498948215173	62.160269641603605	39.847663542091034	547.9157416842378	-0.0	77.55936870404331	73.52034606876536
111.4157281639209	6.397399901749379	108.89227439797267	22.905154581739406	58.749699439565354	39.98266601166253	476.5614744556477	-0.0	79.23538185933978	73.14302032779769
112.26308800329599	6.4181079378120325	110.30975572650782	22.907433814451522	55.765878592786805	40.12071958541355	419.2849924704385	-0.0	80.65344577852998	72.77094901386461
113.06676241563078	6.43920801957942	111.50635892467406	22.91025972734106	53.12394790086695	40.26138679719613	374.7483344674189	-0.0	81.86534695916916	72.40370080471953
113.78346039382161	6.460640399063377	112.53435146239195	22.91357060006123	50.75954380935592	40.40426932708918	335.2906259182762	-0.0	82.9105806321425	72.04092641619859
114.41221361556879	6.4823527313412415	113.39285380197998	22.91731516250885	48.637426201077325	40.54901820894161	302.8900513767208	-0.0	83.81367291963454	71.68233324338667
114.95803260883497	6.504300403849834	114.14120278784732	22.92144844527263	46.73040166154989	40.69533602566556	271.1359140521382	-0.0	84.58956994153148	71.3276632849205
115.43398921769021	6.526445745291324	114.7774910363603	22.925929855558454	45.01857836562642	40.84297163527549	243.07372609908245	-0.0	85.25062600151121	70.97668286645072
115.84015333686901	6.548756519601231	115.31637265349787	22.930722899775752	43.48026393894971	40.991710130674875	217.11808193562064	-0.0	85.80929589372651	70.62918105872231
116.1779392291343	6.5712042882146005	115.75648872993641	22.9357950877105	42.09749855708344	41.14136192143067	194.75765691702588	-0.0	86.2770143463619	70.28496905421886
116.45032473856153	6.593763148462411	116.11037162993533	22.94111732665288	40.85550669367363	41.29175432308274	174.91649372302885	-0.0	86.66278579720351	69.94387686951289
116.6659599470035	6.616409073395725	116.37654788619898	22.94666314529606	39.74357205325836	41.442727155971504	161.39109477417597	-0.0	86.97359652650444	69.60574917274589
116.8216724028126	6.639119756364605	116.59257208820831	22.952408236855426	38.748757702998226	41.59413170909737	143.59327391763622	-0.0	87.21563664218073	69.27044280932573
116.92315700913394	6.661874672926227	116.74759625341981	22.95833029128867	37.862756028788645	41.74583115284151	125.69991254679427	-0.0	87.39467624492397	68.9378258575329
116.97611120052362	6.684655082751377	116.8422040749269	22.96440877163285	37.07854462873281	41.89770055167585	109.77996767946742	-0.0	87.51537867141839	68.60777639489574
116.94069973324768	6.7074438500176425	117.00016967297879	22.970624656340323	36.376346119756406	42.04962566678429	-0.0	-0.0	87.58309964512617	68.28018109459019
116.91611617305807	6.730225135859699	116.83659089595318	22.976961070074406	35.78004397954489	42.20150090573133	84.60067930838557	-0.0	87.6036337858627	67.95493849159776
116.8326304305869	6.752984100521644	116.80251494067348	22.983401188568887	35.26266678266072	42.35322733681096	52.06144535266452	-0.0	87.57232929945484	67.63194791297627
116.76539382342386	6.775706717598705	116.6201941262797	22.989927921258428	34.841731563737994	42.504711450658036	114.3152340809168	-0.0	87.49196409776006	67.31110782331778
116.6077099254405	6.798379704575121	116.57969946792026	22.996524448345493	34.482013273469164	42.65586469716747	50.208975062447564	-0.0	87.36525603568573	66.99231863993742
116.35426313001054	6.820990498122982	116.35251726289418	23.003178667923088	34.17929113626657	42.80660332081988	12.53507241590468	-0.0	87.21248533346032	66.67550608406172
116.06868875912252	6.843527197448723	116.0220565317149	23.009881011189922	33.949588754214965	42.95684798299149	64.78348915183935	-0.0	87.02652142645546	66.36060954189489
115.76672540297818	6.865978347632409	115.79009285691909	23.016617542583745	33.79550677871099	43.1065223175494	-0.0	-0.0	86.79384977853982	66.04754579064986
115.30653031722909	6.888332597294988	115.40305799347333	23.023372780269078	33.724061345449776	43.25555064863325	-0.0	-0.0	86.5189471847153	65.73622394186418
114.05409257411225	6.910579199527282	115.28317469011014	23.03013216455155	33.724061345449776	43.40386133018188	-0.0	-0.0	86.19448962664819	65.4265584149234
111.73127494221464	6.932706801693172	114.77315146065467	23.036883133770345	33.724061345449776	43.55137867795448	-0.0	-0.0	85.86745697773222	65.11847460950399
108.38330841608554	6.954702865953261	114.55743136095558	23.04363073531735	33.724061345449776	43.698019106355076	-0.0	-0.0	85.54490592027587	64.81199072086314
104.07538617043828	6.976563080866011	114.12925805537294	23.050370381125934	33.724061345449776	43.843753872440075	-0.0	-0.0	85.21923422372035	64.50707425844573
98.89139408806948	6.998289705987442	113.85286973802023	23.057105670481242	33.724061345449776	43.988598039916276	-0.0	-0.0	84.89972038843918	64.20373589390944
92.93227729458829	7.0198809325980305	113.47715303691471	23.06383340789686	33.724061345449776	44.13253955065354	-0.0	-0.0	84.57613417664413	63.901950558738314
86.3140745075977	7.04133773191361	113.1644440825494	23.07055600536848	33.724061345449776	44.275584879424066	-0.0	-0.0	84.25910021266776	63.60172276915878
79.1656584763273	7.062662351100066	112.82107993435375	23.077271285329243	33.724061345449776	44.417749007333775	-0.0	-0.0	83.93798505618214	63.30303290739096
71.62622651103435	7.083853846802136	112.4884387556115	23.083980802303802	33.724061345449776	44.559025645347575	-0.0	-0.0	83.6231225696688	63.005881067717645
63.84258996765592	7.104913801849285	112.16411445508184	23.090683106442413	33.724061345449776	44.6994253456619	-0.0	-0.0	83.30466332793634	62.71025155545017
55.96631546822823	7.125843572756134	111.82221979105667	23.097379148156495	33.724061345449776	44.83895715170756	-0.0	-0.0	82.99182196448147	62.41614137470965
48.15077352453221	7.146642799076585	111.50839891057527	23.104067985366818	33.724061345449776	44.97761866051057	-0.0	-0.0	82.67608067223503	62.12353759549049
40.54815203553407	7.167313126663617	111.16393499339307	23.11075015398257	33.724061345449776	45.115420844424115	-0.0	-0.0	82.36520573574055	61.83243512845775
33.306492813217815	7.187855362925112	110.85537904031372	23.11742505704435	33.724061345449776	45.25236908616741	-0.0	-0.0	82.05217272977404	61.54282295113575
26.56680884298571	7.2082696488317515	110.51232582348078	23.124068416171305	33.724061345449776	45.38846432554501	-0.0	-0.0	81.74327221692539	61.597362658808485
20.460338412667728	7.2285574753496835	110.20603200996746	23.13043325416816	33.724061345449776	45.523716502331226	-0.0	-0.0	81.43309850224892	62.526921500472454
15.105989578993583	7.2487193859867896	109.8665416231085	23.136327714540904	33.724061345449776	45.65812923991193	-0.0	-0.0	81.12677644710334	63.83891640148123
10.60802473415847	7.268755882688403	109.56094612888562	23.141653691736334	33.724061345449776	45.791705884589355	-0.0	-0.0	80.82009746603542	65.39276716803126
7.057942701628234	7.285876691504783	109.22604325572748	23.146347175008188	33.74520886424887	45.90584461003189	-0.0	119.35608223833549	80.51686960970541	67.10613817910281
4.721422561356155	7.137152123763944	108.92046945267691	23.150368412398386	35.66345825132894	44.91434749175963	-0.0	388.56543548093265	80.21388917023599	68.90787430467725
3.3383946556551973	6.999112893929614	108.59044678346582	23.153701263338988	38.60201921294772	43.994085959530764	-0.0	478.3250880856565	79.91395444122	70.72248649601586
3.0435272846967503	6.881947532424493	108.28477245864624	23.156356152648236	41.87054569393501	43.21298354949662	-0.0	489.79716769595956	79.614675354122	72.46070220045763
3.204033814499407	6.7854919503473665	107.95955286112405	23.158372967966717	45.08067628998814	42.569946335649114	-0.0	473.11851949643386	79.31803759582907	74.04333407563341
3.359034109147621	6.696149181604996	107.65392945620763	23.159805522786478	48.18068218295242	41.97432787736664	-0.0	456.694309170353	79.02227584554376	75.4613338091327
3.5085729045388927	6.611103080344313	107.33321665931862	23.16070729111619	51.171458090777854	41.40735386896209	-0.0	440.35001531490695	78.7287722946392	76.71822423784411
3.652673175742378	6.530043044893822	107.02791144925283	23.161130617554207	54.05346351484756	40.86695363262548	-0.0	424.0702970286474	78.43626893704854	77.81786899812454
3.7913566958597267	6.452919200978638	106.7113451321486	23.161126413318307	56.82713391719453	40.35279467319092	-0.0	407.8573973460969	78.14571277924644	78.76455769108013
3.924646470959699	6.379707190193669	106.40672630696213	23.160744185230545	59.49292941919398	39.864714601291126	-0.0	391.715834441401	77.85622294225163	79.56312578738071
4.052567138154725	6.310383868753211	106.09390897050025	23.160031649671634	62.0513427630945	39.402559125021405	-0.0	375.6508294445859	77.56843247097996	80.21911217601553
4.1751451795212775	6.244925017791055	105.79027334076564	23.1590346509222	64.50290359042555	38.9661667852737	-0.0	359.66823586725184	77.28173305816883	80.7389712706858
4.2924091405816975	6.183304572704127	105.48089114530805	23.15779664994381	66.84818281163395	38.555363818027516	-0.0	343.7745838593247	76.99653411096386	81.13034966534462
4.4043898719158046	6.125494544203266	105.17849987212495	23.156358442591042	69.08779743831609	38.169963628021776	-0.0	327.9771974055001	76.7124243721791	81.40243769826996
4.511120817732065	6.071464930747192	104.87226368201505	23.154757445156708	71.2224163546413	37.80976620498128	-0.0	312.28433688458574	76.42965786091806	81.5663707282792
4.6126383491550955	6.021183087710911	104.57134690047597	23.15302713752454	73.2527669831019	37.47455391807274	-0.0	296.7053187250584	76.14796433125915	81.63558393874087
4.708982148477558	5.974613550109037	104.26800936992173	23.151196170690326	75.17964296955115	37.16409033406025	-0.0	281.25071129148716	75.86749496435718	81.62586631461274
4.800195662371056	5.931717900920903	103.96875585742501	23.149287796331908	77.00391324742111	36.87811933947269	-0.0	265.93258527184184	75.58808043408516	81.55470142100427
4.8863266313101885	5.892454307979826	103.66808107705056	23.147319460663056	78.72653262620378	36.61636205319884	-0.0	250.76478977689902	75.3098078925303	81.43960510441462
4.967427766676757	5.8567746899242685	103.37068615263121	23.14530324814334	80.34855533353512	36.37849793282846	-0.0	235.7629799246894	75.03257881555257	81.29590411240623
5.043557398487264	5.824629530698603	103.07253766610003	23.143246802246125	81.87114796974528	36.16419687132402	-0.0	220.94571338500478	74.75644084441613	81.13514618196092
5.11478049257755	5.795960643624632	102.77703327161215	23.141154700733434	83.29560985155099	35.97307095749755	-0.0	206.33409665017226	74.48134362412935	80.96492443429256
5.181169643700954	5.770704314409189	102.48133157113645	23.139029549055742	84.62339287401907	35.80469542939459	-0.0	191.9529028675125	74.20730738061394	80.78973595757648
5.242806370230734	5.748789474028317	102.18778190812685	23.136872871907173	85.85612740461467	35.65859649352212	-0.0	177.8312233196099	73.93431151191707	80.61206613635375
5.2997827253926735	5.730133844651037	101.89443514230061	23.1346855659174	86.99565450785346	35.53422563100691	-0.0	164.00288093093883	73.66235692186903	80.43323232334903
5.35220302170074	5.714647083966871	101.60287813015098	23.13246823528209	88.0440604340148	35.430980559779144	-0.0	150.50831834697104	73.39144107805798	80.25391656343234
5.40018622644332	5.702222873600923	101.31182210003448	23.130221300170955	89.0037245288664	35.348152490672824	-0.0	137.39465217886104	73.12155128227772	80.07446747446896
5.443868419920122	5.692742197980517	101.02229002126147	23.12794511562988	89.87736839840244	35.284947986536785	-0.0	124.71812670488083	72.85269707668338	79.89506216879239
5.483405986636628	5.686067232512708	100.73346805110918	23.125639976844468	90.66811973273255	35.24044821675139	-0.0	112.54478160827814	72.58485637242279	79.71579034319451
5.518979394036346	5.682032789196504	100.44596115296248	23.123306171504098	91.37958788072692	35.213551927976695	-0.0	100.94967655970923	72.31804725421598	79.53669758744576
5.550795704979907	5.680469342184057	100.159377158074	23.12094396166649	92.01591409959813	35.20312894789371	-0.0	90.0255648427675	72.05223748010174	79.35780713968511
5.579094524305638	5.681154232669818	99.8738853047048	23.118553614864933	92.58189048611274	35.207694884465454	-0.0	79.86696296192356	71.78745823486301	79.17913112261382
5.604148836431212	5.683852601747328	99.58946879797928	23.11613538309935	93.08297672862423	35.22568401164886	-0.0	70.57963822702186	71.52366581344494	79.00067597287926
5.626266564147822	5.688303118627049	99.30599220163917	23.11368952574725	93.52533128295644	35.25535412418033	-0.0	62.26784607605826	71.26089902300022	78.82244536664426
5.6457881118561595	5.694219724421218	99.02374700541982	23.111216290908253	93.91576223712319	35.29479816280812	-0.0	55.01795875272121	70.99910759190878	78.64444152066332
5.663077387953368	5.701312618237462	98.74229028761019	23.108715932569257	94.26154775906735	35.34208412158308	-0.0	48.88457724841129	70.73833633348407	78.4666659832867
5.678508092086729	5.70929321334338	98.46217150869543	23.106188696461036	94.57016184173457	35.395288088955866	-0.0	43.86422321825241	70.47853109017517	78.28911991042958
5.692443014213101	5.717905442441286	98.18269941419534	23.103634832073027	94.84886028426202	35.45270294960858	-0.0	39.89237727012005	70.21974059094184	78.11180430342942
5.70521304762738	5.726943590980582	97.90469478395744	23.10105458322381	95.10426095254759	35.51295727320388	-0.0	36.85320826705783	69.96190653084982	77.9347200461928
5.7171029070663355	5.736243215624923	97.62721773734432	23.098448194882543	95.3420581413267	35.574954770832825	-0.0	34.587125999593155	69.70507978837784	77.75786798486266
5.728342679593202	5.745687923621742	97.35133068659415	23.095815909216117	95.56685359186403	35.63791949081161	-0.0	32.92533601626205	69.44920042995754	77.5812489280282
5.739108278165314	5.755205060893868	97.07581956650907	23.093157966721883	95.78216556330626	35.701367072625786	-0.0	31.718274236386666	69.19432255679622	77.40486366369029
5.749529284384084	5.764746330381424	96.80198463798162	23.09047460798372	95.99058568768167	35.76497553587616	-0.0	30.83934783411848	68.94038489913885	77.22871297339485
5.759697949918539	5.774281719641846	96.52847098976183	23.087766069106323	96.19395899837076	35.82854479761231	-0.0	30.190819924386087	68.68743829813091	77.0527976111796
5.769678452019628	5.783792505944554	96.25667900348803	23.085032589075762	96.39356904039255	35.89195003963036	-0.0	29.70064595775448	68.43542672288469	76.87711834339818
5.779514651539557	5.793267436983549	95.9851362227112	23.082274399735304	96.59029303079114	35.955116246557	-0.0	29.318067641805616	68.18439729088949	76.70167589693497
5.789236202947248	5.802699648013758	95.71533089084167	23.07949173830595	96.78472405894496	36.017997653425056	-0.0	29.008021591567616	67.93429833400923	76.52647102489303
5.798863023239863	5.812084907349332	95.44579445647469	23.07668483258469	96.97726046479727	36.08056604899555	-0.0	28.7466129629528	67.68516846135456	76.35150442913667
5.808408452487671	5.821420544203096	95.17796173203142	23.073853917911272	97.16816904975342	36.14280362802064	-0.0	28.517638966331422	67.43696640988878	76.17677684996963
5.817881401548437	5.83070502665924	94.91040889799123	23.0709992184208	97.35762803096873	36.20470017772827	-0.0	28.310361520566932	67.18972283911386	76.00228896719173
5.82728784197263	5.839937500494175	94.64448221581242	23.06812096712389	97.54575683945261	36.2662500032945	-0.0	28.117675181218907	66.94340509558042	75.82804150577967
5.836631796481303	5.849117572968135	94.378944427493	23.06521938463228	97.73263592962606	36.32745048645423	-0.0	27.93494282125885	66.69802951228483	75.654035123706
5.845916022430764	5.858245001535263	94.11494376098041	23.062294701988126	97.91832044861526	36.388300010235085	-0.0	27.758984023756756	66.45358003731609	75.48027053326565
5.85514242414232	5.867319797706042	93.85139068300047	23.05934713629705	98.1028484828464	36.448798651373615	-0.0	27.587784393325265	66.2100605362615	75.30674837150424
5.864312352610655	5.876342093558926	93.58923965029288	23.05637691587875	98.2862470522131	36.50894729039284	-0.0	27.42004393262209	65.96746549698224	75.13346933305152
5.873426802094121	5.885312054483675	93.32768948962503	23.05338425535949	98.46853604188242	36.56874702989117	-0.0	27.254876157251736	65.72578662332066	74.96043403940301
5.882486529295957	5.894229900770872	93.06739841049529	23.050369379784833	98.64973058591914	36.628199338472484	-0.0	27.091709380956022	65.48502978593949	74.78764316549218
5.891492136276584	5.903095882168533	92.80782191677632	23.047332501592816	98.82984272553168	36.68730588112356	-0.0	26.93017115145799	65.24517807305546	74.61509731861577
5.900444123256582	5.911910271036156	92.54935285770476	23.044273842480408	99.00888246513163	36.746068473574375	-0.0	26.77002495746629	65.00624639462784	74.44279715346232
5.909342924692256	5.920673348413563	92.2917485177485	23.041193612764793	99.18685849384511	36.80448898942375	-0.0	26.61111577107745	64.76820721798725	74.27074326356309
5.918188933046217	5.929385389917044	92.03511960367825	23.03809203069548	99.36377866092432	36.86256926611363	-0.0	26.453327851646776	64.53108438043924	74.09893628307742
5.9269825095563915	5.938046692308023	91.77948446300064	23.034969304634984	99.53965019112782	36.92031128205349	-0.0	26.29660476139433	64.2948428039556	73.92737679275261
5.935724001954044	5.946657512344721	91.52459103893918	23.031825649296536	99.71448003908087	36.97771674896481	-0.0	26.140856899064396	64.0595184491008	73.75606540581668
5.944413734508861	5.955218183607731	91.27091976381166	23.028661271486637	99.88827469017721	37.034787890718206	-0.0	25.986112996741102	63.82506127168364	73.58500269218031
5.95305203132588	5.963728973582357	91.0178454603724	23.025476381975768	100.0610406265176	37.09152649054904	-0.0	25.83232260230936	63.59151663143795	73.41418924194896
5.961639209120266	5.972190156390032	90.76608111139727	23.022271186047515	100.23278418240531	37.147934375933545	-0.0	25.679451013609622	63.358831158989986	73.2436256150014
5.970175575314229	5.980602037300362	90.51480412318278	23.019045890772393	100.40351150628457	37.20401358200242	-0.0	25.52751210230436	63.12705231544796	73.07331237942188
5.978661436362512	5.988964900142069	90.26490907316283	23.015800699974854	100.57322872725024	37.259766000947124	-0.0	25.3764947583838	62.896126244893125	72.90325008506957
5.987097096128148	5.997279024337583	90.01542931143825	23.012535816956323	100.74194192256296	37.31519349558389	-0.0	25.2263852561099	62.66609907854354	72.73343927805558
5.995482857521793	6.005544675759709	89.76740947320978	23.009251444027587	100.90965715043586	37.37029783839806	-0.0	25.077153743392568	62.43691744885506	72.56388049819334
6.00381348536575	6.01380098172155	89.51972090442501	23.005947681522272	101.076269707315	37.42533987814367	-0.0	24.98436555603294	62.208627604840814	72.39442866343224
6.012436822652036	6.025572916208172	89.27352561237262	23.00263677387194	101.24873645304072	37.464011178525155	-0.0	28.653199598970993	61.981173563356336	72.06763346907834
6.023373443385382	6.045042213951827	89.02760219685189	22.999453233705395	101.46746886770764	37.38650356584886	-0.0	36.80079021438037	61.75450598263181	71.14798946267436
6.036938609996924	6.06821188878523	88.78326592296298	22.996581748704457	101.73877219993848	37.17084664800627	-0.0	44.2106313489088	61.52840388287652	69.71384489150407
6.052779823999806	6.093821463202181	88.53912211927677	22.99417110656308	102.05559647999613	36.835708586056555	-0.0	50.64684047547689	61.30275172434691	67.8854365890402
6.070510803623872	6.12018595456865	88.29653641050575	22.99232581668171	102.41021607247743	36.405780266270675	-0.0	55.71980737627001	61.077408528014466	65.81421080212053
6.089687285011214	6.1455513067299075	88.0542134873509	22.991097288613037	102.79374570022428	35.91012765279284	-0.0	59.088927536538726	60.852370895111115	63.67230897390072
6.109773399222819	6.1695177390244424	87.81342169629713	22.99047992998319	103.19546798445637	35.38697443279975	-0.0	61.106638244968686	60.627571022501506	61.635016860320825
6.130271890266088	6.1908941898737195	87.57290266752699	22.99041307680475	103.60543780532176	34.866949884041595	-0.0	61.55399032944145	60.4030706681115	59.86275496886466
6.150663302109561	6.20906858065584	87.33382360248444	22.990788487533127	104.01326604219122	34.37954125124547	-0.0	60.417960153769144	60.17896469906351	58.48556613231581
6.17041626553536	6.223895498547914	87.09515501168859	22.991462162187467	104.4083253107072	33.95113547034664	-0.0	57.81394350227802	59.955379556520576	57.59202929822063
6.1890281179635105	6.23513127453894	86.85779979653294	22.992268933283942	104.7805623592702	33.60146151083512	-0.0	53.679114057185636	59.73245952386672	57.223582942778805
6.206106052137376	6.24201498509764	86.62095671458513	22.993037964232766	105.12212104274752	33.341657270904804	-0.0	47.37413123231375	59.510368159242404	57.37422846658615
6.220835739850354	6.246886778215583	86.38528883397498	22.99360764534051	105.41671479700707	33.19503308100473	-0.0	40.350835156496565	59.28924752015951	57.99455088599358
6.2327198766533165	6.249739319462045	86.15026770194008	22.993838706612344	105.65439753306633	33.167039611218804	-0.0	32.6146466414331	59.06922436961071	58.99785750495582
6.243514346073113	6.246246205414951	85.91629666528438	22.99362555669274	105.87028692146225	33.23503691433144	-0.0	13.066797957606125	58.85042358172017	60.264107426723754
6.4405050315328225	6.252794100804734	85.68306374244023	22.99290957778907	105.88972116983946	33.48802186463028	-0.0	-0.0	58.63288423603175	61.60063195452035
7.468443481056671	6.247767352817192	85.45076844976325	22.991741439763558	105.88972116983946	33.79868882158122	-0.0	-0.0	58.416599810148	62.65446572764456
9.372302558433427	6.237961116225117	85.21929425816795	22.990104648097656	105.88972116983946	34.19303350469735	-0.0	-0.0	58.20152716536	64.09824233420643
12.142802747185733	6.225327415854308	84.98867206127875	22.987865109076377	105.88972116983946	34.66505562296278	-0.0	-0.0	57.98779693291361	65.91357195011729
15.766440473185437	6.211138165556268	84.75894013329804	22.984921188910715	105.88972116983946	35.19948064805927	-0.0	-0.0	57.77548620188727	67.98193187140913
20.225553921859543	6.196862440338711	84.52995851096526	22.981212510614064	105.88972116983946	35.77663283062785	-0.0	-0.0	57.564673211376764	70.16940037495249
25.49840912284857	6.183984448304602	84.30193532037387	22.97672388998231	105.88972116983946	36.371747949478014	-0.0	-0.0	57.35535645573807	72.33322334123669
31.559305882623686	6.174122794646499	84.07456071015444	22.971487057802136	105.88972116983946	36.956834619853176	-0.0	-0.0	57.1475383646282	74.32892415774052
38.37870304865648	6.1689033829218625	83.84825717202257	22.96557999996671	105.88972116983946	37.50200364223906	-0.0	-0.0	56.94112502590999	76.01770785977934
45.923362494683445	6.169710955763059	83.62248915061517	22.959123890786014	105.88972116983946	37.97690823628148	-0.0	-0.0	56.736033175880316	77.2738802465253
54.15651112519499	6.177553489192339	83.39780346708649	22.952277644833373	105.88972116983946	38.353550725127285	-0.0	-0.0	56.532086909376645	77.99195953404173
63.03802010958399	6.193017099461874	83.17367804816179	22.945230263464204	105.88972116983946	38.609866430104425	-0.0	-0.0	56.32914020452849	78.09311182132035
72.5246004723147	6.2115808951856035	82.9505802977244	22.93818020848684	105.88972116983946	38.74387263457069	-0.0	-0.0	56.12697903983391	77.68278796779084
82.56952975277804	6.225506022202146	82.7358759970519	22.93120820924795	105.88909837284507	38.83670681468097	-0.0	-0.0	55.92551200421907	77.23831670908844
91.82131177944457	6.23935032593852	89.83673344047169	22.924335903673594	104.40505993810882	38.92900217292347	422.6251891541242	-0.0	56.016039013675396	76.79670265493233
98.38851556111322	6.253899110270834	90.40439559962665	22.91789078203594	100.04161784429334	39.02599406847223	847.6855528636731	-0.0	57.850236324123564	76.35965106633769
102.37506841737583	6.269265430018405	91.84696773208118	22.912442255831596	93.81981834147899	39.1284362001227	973.411044562634	-0.0	61.03933129314544	75.93012668754827
105.03376880082685	6.28545916908695	95.03501725280992	22.90822003151977	87.38094523282986	39.23639446057967	948.6240769248499	-0.0	64.42590562342441	75.50929491415836
106.85821440273703	6.302460237272828	98.05225334491669	22.905214981825406	81.23627398170002	39.34973491515219	890.245188250872	-0.0	67.66805419240325	75.09706194949155
108.10054936672049	6.320231246332585	100.79825087138691	22.90335898436419	75.55539821350189	39.4682083088839	810.6829618167769	-0.0	70.659887698486	74.6930249709823
109.01651656212083	6.3387219470508676	103.25617816395422	22.9025554465065	70.44770743018631	39.591479647005784	720.0211495747849	-0.0	73.33047186999558	74.29663384624867
109.81248904811582	6.357872493072978	105.41468908112851	22.90269147604943	65.95194027915932	39.71914995381986	629.1279655434638	-0.0	75.64965160432185	73.90725580036845
110.61119406863948	6.377616660791669	107.30546778327714	22.90365081555635	62.04177020258548	39.85077773861113	545.4496912480661	-0.0	77.62438498717503	73.52424374367149
111.4514763215165	6.397885196227655	108.93579357732344	22.905324740556498	58.64772952843318	39.98590130818437	475.8271187914526	-0.0	79.29106028003368	73.1469935488434
112.2984434018325	6.418609181561233	110.34503293182298	22.907619487260142	55.676443471490984	40.12406121040822	419.2933845183542	-0.0	80.70152721387532	72.77498280582361
113.09569081616058	6.439723150272731	111.55802476484506	22.910458694190478	53.04256225861518	40.264821001818206	372.0079899926846	-0.0	81.90734936819764	72.40778319750552
113.81116096598531	6.461167576451346	112.57038176071714	22.913781063453026	50.687424501466815	40.40778384300897	334.17080733381715	-0.0	82.94759046840069	72.04504771975988
114.43467590901076	6.48289036844499	113.4364521423849	22.917535589557897	48.57177283945779	40.55260245629994	299.73344657600074	-0.0	83.84627094621271	71.68648520725583
114.97880145320491	6.504847157982855	114.17690223998483	22.921677464008038	46.67184029316179	40.698981053219036	268.6464762281601	-0.0	84.61818522763396	71.33183854650663
115.45562858825276	6.527000477381407	114.79464035930772	22.92616622846404	44.96729630715879	40.846669849209384	243.90354775003573	-0.0	85.27566582978024	70.98087480760778
115.85997174339627	6.549318239417632	115.32829228941455	22.930965524673514	43.434515319747526	40.99545492945088	218.74905910278824	-0.0	85.83115906196518	70.63338380648597
116.19476195663236	6.571772104889744	115.76896325465538	22.936042986034213	42.0562964123059	41.14514736593163	195.75975883191325	-0.0	86.29603778192242	70.28917741529033
116.46345848541176	6.594336239017541	116.12727686580088	22.941369617147014	40.81815318475003	41.29557492678361	173.94351314429494	-0.0	86.67922423509839	69.94808618861369
116.67690038020153	6.6169866709348915	116.39230702246444	22.94691902242929	39.71018621091245	41.44657780623261	160.04187638345934	-0.0	86.98766054810065	69.60995521650763
116.83264831718228	6.6397011504817245	116.59857137242749	22.952666962360553	38.71971192231069	41.598007669878164	145.14449706389524	-0.0	87.2275238713776	69.27464171968849
116.9319719339267	6.6624592119720285	116.75313201437781	22.958591189504176	37.8370129622948	41.74972807981352	126.8684072549202	-0.0	87.40456650936216	68.9420141253168
116.97826349288839	6.685242170995535	116.84679048210478	22.964671303261845	37.054445130419204	41.90161447330357	108.77762164399789	-0.0	87.52413578035255	68.61195124577081
116.93341260181856	6.708032938942411	117.02368765743097	22.970888502530688	36.352882828278446	42.05355292628274	-0.0	-0.0	87.59067754584336	68.28434092517949
116.91152510731324	6.730815713462966	116.83340643666337	22.977225798079715	35.76072650684117	42.20543808975311	83.84915240172937	-0.0	87.60995858202229	67.95908110908336
116.83544130342993	6.7535756831362095	116.80131092392791	22.98366624765639	35.24867980998195	42.357171220908064	55.423227578168905	-0.0	87.57593357091847	67.63607051556107
116.70851379080182	6.7762988460303335	116.62285989416874	22.99019305382436	34.81325919759199	42.50865897353556	87.80006091670347	-0.0	87.50060251888017	67.3152091700697
116.5984794978724	6.798971943062533	116.49054345678546	22.9967915321303	34.470344453064826	42.65981295375022	98.56086291132485	-0.0	87.37320896352522	66.9964086945854
116.38105198444975	6.8215824333142345	116.35324996498939	23.003445005015635	34.180762740848486	42.81054955542823	50.02181275636688	-0.0	87.20831495006307	66.67957073486836
116.07871965548185	6.844118435049894	116.04047494476457	23.01014388929296	33.948921490698545	42.960789566999296	58.668764811909476	-0.0	87.01974262898715	66.36463469203909
115.7510746921549	6.866568484297094	115.76097475414838	23.01687769597331	33.79014123380958	43.11045656198063	-0.0	-0.0	86.79194235429243	66.05153550770369
115.2870074862354	6.888921225457538	115.33110978278226	23.023631363419018	33.725397037140254	43.25947483638359	-0.0	-0.0	86.51754105907487	65.74018446887119
113.99832747867883	6.91116604395664	115.33812101362298	23.03038747395115	33.725397037140254	43.4077736263776	-0.0	-0.0	86.18521195332579	65.4304809553934
111.64039963279468	6.933291822820714	114.71116549511495	23.03713528443022	33.725397037140254	43.555278818804766	-0.0	-0.0	85.86440809917431	65.12235997904486
108.2591386256932	6.955284690753061	114.60205719718299	23.043879716995363	33.725397037140254	43.70189793835374	-0.0	-0.0	85.53656332155448	64.81583905052929
103.92038595783491	6.977141473171812	114.07774563698872	23.050616158035076	33.725397037140254	43.84760982114542	-0.0	-0.0	85.21544067335236	64.5108855637088
98.70862785646173	6.998865259548608	113.88734369059162	23.057348378793076	33.725397037140254	43.99243506365739	-0.0	-0.0	84.89212627152858	64.20751107645071
92.7253501201297	7.020452991362389	113.43541905440564	23.064072910843464	33.725397037140254	44.136353275749265	-0.0	-0.0	84.57177939775531	63.905689096636245
86.08706193965486	7.041906518023031	113.18983452783705	23.070792504233427	33.725397037140254	44.27937678682021	-0.0	-0.0	84.25208520456555	63.60542590608312
78.92302717647456	7.063228166897586	112.78783775212469	23.077504604938994	33.725397037140254	44.421521112650574	-0.0	-0.0	83.93322176994118	63.306699914122134
71.37274727610881	7.084416245723013	112.50615479265939	23.084211161029483	33.725397037140254	44.56277497148675	-0.0	-0.0	83.6165480246638	63.009513276568256
63.583244830582636	7.1054730838201685	112.13789829490351	23.090910327107025	33.725397037140254	44.70315389213446	-0.0	-0.0	83.29961463019917	62.713848222103486
55.70620068553909	7.126399817129821	111.8337268922025	23.097603439304727	33.725397037140254	44.84266544753214	-0.0	-0.0	82.98557834580127	62.41970377801689
47.89500033965122	7.147195744466261	111.4877851621917	23.104289187026744	33.725397037140254	44.98130496310841	-0.0	-0.0	82.67084201412165	62.12706507761838
40.301747150248026	7.167863047858335	111.17058697376056	23.11096845172276	33.725397037140254	45.119086985722234	-0.0	-0.0	82.35920874310727	61.83592884525206
33.07430050540142	7.1884022225557604	110.83910226235544	23.11764031658291	33.725397037140254	45.256014817038405	-0.0	-0.0	82.04681633281663	61.54628237627922
26.353396636537443	7.208813329399287	110.51529446614866	23.124280668421886	33.725397037140254	45.392088862661915	-0.0	-0.0	81.7374586532478	61.61454730702734
20.269908136532365	7.2290981865490656	110.19302148895451	23.130634532700824	33.725397037140254	45.52732124366044	-0.0	-0.0	81.42768291254359	62.56333180261684
14.942295547200972	7.249257047964725	109.86678696192706	23.136513481453182	33.725397037140254	45.66171365309817	-0.0	-0.0	81.1211172945106	63.88629362891527
10.474300640035482	7.269290472898585	109.55034361922591	23.141820944328927	33.725397037140254	45.7952698193239	-0.0	-0.0	80.81467987701413	65.44740652529138
6.965978821790425	7.279303681039504	109.22431962498774	23.14649409870873	33.79715144514211	45.86202454026336	-0.0	139.93857117702566	80.51134572323039	67.16535662369797
4.662194888324439	7.131238572399378	108.91159854489116	23.15049386437628	35.771029489337046	44.87492381599586	-0.0	392.82977261745793	80.2085044520846	68.96913784879177
3.310981347482747	6.994071737477012	108.58735111767486	23.15380509954206	38.72805003750934	43.960478249846744	-0.0	479.78448221533966	79.9085469850487	70.78300828511789
3.0498997343271252	6.877785679384864	108.277125226948	23.15643909795214	41.997994686542505	43.185237862565764	-0.0	489.12459717960274	79.6093427145608	72.51714222286763
3.210186593255067	6.781733303767984	107.95551902158832	23.15843671205414	45.20373186510134	42.54488869178656	-0.0	472.4634053628464	79.31272905005504	74.09445976437343
3.3649692327927165	6.692576266395267	107.64711798263626	23.15985174805336	48.299384655854325	41.95050844263511	-0.0	456.04324312521	79.01700236699261	75.50725040766753
3.5142914133588112	6.607691943194767	107.32856424832472	23.16073771987256	51.28582826717622	41.38461295463178	-0.0	439.70164101893823	78.72354624744487	76.75905066157993
3.6581759591223553	6.526790576270487	107.02169898267816	23.16114686582081	54.163519182447104	40.845270508469916	-0.0	423.4246256085707	78.4310547464923	77.85373596214318
3.796644680782948	6.449824352574654	106.7063246795661	23.16113010636015	56.932893615658955	40.3321623504977	-0.0	407.21459881367423	78.14055557226993	78.79561164655236
3.9297206472687805	6.376769010628318	106.40086373442129	23.16073685117073	59.59441294537561	39.84512673752212	-0.0	391.0761085900941	77.85106773676289	79.58953277848225
4.057428566285903	6.3076012963078165	106.0886708525007	23.160014796651506	62.148571325718066	39.38400864205211	-0.0	375.01439389224726	77.56333452892828	80.24106413611293
4.179794998031737	6.24229706080595	105.78466854068421	23.15900968683027	64.59589996063474	38.94864707203967	-0.0	359.03534495003186	77.2766323553671	80.75669338836222
4.296848576916409	6.180830100407068	105.47552219725404	23.157764928774295	66.93697153832818	38.53886733604712	-0.0	343.145516098005	76.99148831525656	81.14411074174517
4.408620251709316	6.1231723421498945	105.1730615995785	23.15632119993462	69.1724050341863	38.1544822809993	-0.0	327.3522653847628	76.70737433095744	81.41256212976037
4.515143578162757	6.069293716936795	104.8668301467656	23.154715817676824	71.30287156325514	37.7952914462453	-0.0	311.66389536386373	76.4246581411344	81.57325151722821
4.616455053335287	6.019161421939267	104.56604017155497	23.15298210697523	73.32910106670572	37.46107614626178	-0.0	296.0897634801797	76.14296020150857	81.63969058769874
4.712594500256363	5.972739948998673	104.26255246175435	23.15114856541584	75.25189000512725	37.151599659991156	-0.0	280.6405005454388	75.86253695530391	81.6277370765013
4.803605527609844	5.929990765458617	103.96351278538411	23.1492382537633	77.07211055219688	36.866605103057445	-0.0	265.32824456802234	75.58311978370322	81.55490579257268
4.88953606989341	5.890871378102314	103.66268791214337	23.147268444024544	78.79072139786818	36.60580918734876	-0.0	250.16685784303345	75.30488760343668	81.43867658519034
4.970439026312428	5.8553348347998275	103.36546334984169	23.145251055721367	80.40878052624855	36.36889889866552	-0.0	235.17225182929744	75.02765919950306	81.29427318248393
5.046373002076446	5.823329889506571	103.0671780824954	23.14319361937731	81.92746004152892	36.15553259671047	-0.0	220.3628949355649	74.7515574298457	81.13311233941012
5.117403224455252	5.7947991843109445	102.77185296686255	23.141100629747356	83.34806448910504	35.9653278954063	-0.0	205.76016983610015	74.476463648579	80.96267190321801
5.183602639894907	5.7696778230902055	102.47600975399881	23.13897465040251	84.67205279789815	35.797852153934706	-0.0	191.38886840593977	74.20246043776861	80.78736920083547
5.245053137913363	5.747895097433127	102.18263613446867	23.136817177304913	85.90106275826726	35.652633982887515	-0.0	177.27837564120802	73.92947052490122	80.60964115632292
5.301847230016202	5.729368121358031	101.88915276815858	23.134629096274693	87.03694460032403	35.529120809053545	-0.0	163.46270433607882	73.65754630135972	80.43077833405232
5.354089753489891	5.714006435235928	101.59777783475835	23.132411002496905	88.08179506979782	35.42670956823952	-0.0	149.9826410259777	73.38663803202608	80.25144853612105
5.4019003767456075	5.701701057177433	101.30658067561279	23.130163314066227	89.03800753491214	35.344673714516226	-0.0	136.88514355834644	73.11677659625212	80.07199303112898
5.445415771288636	5.692336692972115	101.01722674920438	23.127886383202355	89.90831542577271	35.2822446198141	-0.0	124.22784553077238	72.84793160625391	79.8925851475325
5.484793411710756	5.685769083639458	100.7282616783965	23.12558050478775	90.69586823421511	35.23846055759638	-0.0	112.0757756856666	72.58011801154893	79.71331270188813
5.520214508452986	5.681838592441319	100.44093208685265	23.123245965713743	91.4042901690597	35.212257282942126	-0.0	100.50624482722871	72.31331913068978	79.53422031228821
5.551887593765392	5.680368332534376	100.15418266821432	23.120883027803362	92.03775187530785	35.202455550229175	-0.0	89.61052490116029	72.04753643713114	79.35533074025174
5.580053449554327	5.681137370131605	99.8689084123817	23.1184919586819	92.60106899108654	35.207582467544036	-0.0	79.48424394859589	71.78276616729092	79.17665586625611
5.604986448702471	5.683909631046196	99.58432727548556	23.116073009773274	93.09972897404941	35.22606420697464	-0.0	70.2331751844012	71.51899970377295	78.9982020034704
5.626995543071725	5.688427202787305	99.301063666403	23.113626441124726	93.5399108614345	35.256181351915366	-0.0	61.963527435288356	71.2562428431776	78.81997277127859
5.6464226772537955	5.694397426901114	99.01862195980583	23.111152499772757	93.92845354507591	35.295982846007426	-0.0	54.75784740982246	70.99447755777817	78.64197035123104
5.663632701164903	5.7015277771797725	98.73738418931565	23.1086514410319	94.27265402329805	35.343518514531816	-0.0	48.66664413054755	70.73371709793506	78.46419628358478
5.678998619565287	5.709538104976207	98.45709021119671	23.106123508967226	94.57997239130573	35.39692069984138	-0.0	43.688875451108515	70.47393611853987	78.2866517078787
5.6928820983695445	5.718175628515932	98.17784522358386	23.10356895486741	94.85764196739089	35.45450419010621	-0.0	39.75984952372469	70.21515670035917	78.10933763114095
5.705613320839123	5.727227446791993	97.89965258971144	23.100988020382516	95.11226641678245	35.51484964527995	-0.0	36.754358544999405	69.95734597628127	77.93225492419243
5.717474701116641	5.736533510934873	97.62239506958443	23.098380952967617	95.34949402233282	35.576890072899154	-0.0	34.513412083412746	69.70053195671522	77.75540444524108
5.728693705211847	5.745983009303751	97.3463264502429	23.095747991921396	95.57387410423694	35.63988672869168	-0.0	32.872199587858844	69.44467448031864	77.57878698730771
5.739444377460764	5.755503173995507	97.07102636542987	23.09308938074299	95.78888754921527	35.70335449330338	-0.0	31.680826747757845	69.18981008435422	77.4024033537666
5.7498547513209095	5.765045721960804	96.79703219389734	23.090405356804755	95.99709502641818	35.76697147973869	-0.0	30.812913932203685	68.93589239459986	77.22625430921784
5.760015821760651	5.77458105831301	96.52368529764027	23.087696159568946	96.20031643521301	35.8305403887534	-0.0	30.171630458469586	68.68296226559269	77.0503406252998
5.769990787149287	5.784091182036486	96.25177624663476	23.08496202442933	96.39981574298574	35.893941213576575	-0.0	29.686270908451295	68.43096797649727	76.87466304947255
5.779822810757816	5.79356532632227	95.98037134425508	23.082203186764104	96.59645621515631	35.9571021754818	-0.0	29.307118977790555	68.17995594832504	76.69922232694637
5.78954111708769	5.802996550746015	95.71049133340681	23.07941988031663	96.7908223417538	36.019977004973434	-0.0	28.999389711601786	67.92987247436365	76.524019192523
5.799165320605274	5.812380647897509	95.4410311053075	23.076612336195275	96.98330641210548	36.08253765265006	-0.0	28.739484264069144	67.68076266876504	76.34905436557327
5.808708547899409	5.8217150347326525	95.17318070140726	23.07378078650883	97.17417095798817	36.14476689821768	-0.0	28.51149640193824	67.43257379614586	76.17432856926787
5.818179568122654	5.830998234036364	94.90565677571314	23.07092545830584	97.36359136245306	36.20665489357576	-0.0	28.304886850275263	67.1853513361499	75.9998424986919
5.827584261208557	5.840229409632986	94.63977500045728	23.068046581947414	97.55168522417112	36.26819606421991	-0.0	28.112662209880185	66.93904465580407	75.82559686475791
5.836926594893708	5.849408140959359	94.37420733505444	23.065144380420033	97.73853189787414	36.32938760639573	-0.0	27.930209972415565	66.69369259226555	75.65159233816735
5.8462092801211565	5.85853424196687	94.11028596723297	23.06221908242707	97.92418560242312	36.39022827977914	-0.0	27.754461179369144	66.44925257210272	75.47782961849627
5.855434198030835	5.867607708504035	93.8466527111065	23.059270907148957	98.1086839606167	36.45071805669357	-0.0	27.58340813922325	66.20575772825393	75.3043093538574
5.864602685039381	5.876628657631119	93.58463527275786	23.05630008122511	98.29205370078762	36.510857717540794	-0.0	27.415748886061504	65.96317135219701	75.1310322301313
5.873715718829425	5.885597297345604	93.32296791338504	23.053306820248395	98.4743143765885	36.570648648970696	-0.0	27.25066342790893	65.72151606954179	74.95799887351157
5.882774052142769	5.894513825018124	93.0628448195108	23.05029134898142	98.65548104285537	36.63009216678749	-0.0	27.087558116406523	65.48076873063248	74.78520995764408
5.891778282100262	5.90337849271537	92.80311787737132	23.047253879543604	98.83556564200522	36.6891899514358	-0.0	26.926068473586238	65.24094080105115	74.61266608803504
5.900728907681935	5.912191559467064	92.54484147231231	23.04419463422743	99.0145781536387	36.747943729780424	-0.0	26.765943595744062	65.00201836161926	74.44036792261751
5.909626356384094	5.920953343817816	92.287089917973	23.041113822223387	99.19252712768187	36.806355625452106	-0.0	26.60708015937892	64.7640002490339	74.26831604863139
5.91847102412888	5.929664085855477	92.03062483713256	23.038011663438454	99.36942048257758	36.864427239036516	-0.0	26.449316775908432	64.52688991970032	74.0965111092364
5.927263270079379	5.938324091440552	91.77482705121199	23.034888364238434	99.54526540158759	36.92216060960368	-0.0	26.292609894669642	64.29066987953202	73.92495367448909
5.936003437924279	5.946933643248368	91.52016787440809	23.031744141393848	99.72006875848558	36.979557621655786	-0.0	26.13690556962571	64.05535502043696	73.7536443683175
5.944691856893799	5.9554930351790745	91.26631866705279	23.028579199340328	99.89383713787598	37.03662023452716	-0.0	25.98217933179787	63.820918770922425	73.58258374833554
5.953328847746178	5.964002557488489	91.0134507310535	23.02539375135826	100.06657695492355	37.09335038325659	-0.0	25.828411853895094	63.58738509380947	73.41177241762774
5.961914726502956	5.972462488057343	90.76150474186306	23.022188000101966	100.23829453005911	37.14974992038229	-0.0	25.675573940015703	63.35472030494992	73.24121092224416
5.970449802645746	5.980873115963214	90.51041561326944	23.018962155375736	100.40899605291492	37.20582077308809	-0.0	25.52365730732503	63.12295410589151	73.07089984466717
5.97893438222843	5.989234727313041	90.26039542961382	23.015716418070863	100.57868764456859	37.26156484875361	-0.0	25.37265393663353	62.89204551469367	72.90083971931053
5.9873687673891025	5.997547613407875	90.01107876929404	23.01245099437272	100.74737534778204	37.316984089385834	-0.0	25.22256680382194	62.662031928185456	72.73103110732185
5.995753258389868	6.005812058441654	89.76298038857676	23.009166083747523	100.91506516779735	37.37208038961103	-0.0	25.073392336032246	62.43286578875939	72.56147453348655
6.004088304059568	6.014030863363568	89.51531696408065	23.005861950457454	101.08176608119135	37.42687242242379	-0.0	24.92809572550634	62.20459469450783	72.392252825353
6.012745558093164	6.026180534937321	89.2691544098066	23.002552074396007	101.25491116186328	37.463969660659885	-0.0	28.977336881773706	61.977150179833494	72.0495439272351
6.0237729432858425	6.045846838994014	89.02325140580717	22.99937626160027	101.47545886571685	37.38202899040244	-0.0	37.14321582416786	61.75049398237836	71.11110489083696
6.037433715513518	6.068991789661797	88.77891753324501	22.99651804216349	101.74867431027035	37.161196678586705	-0.0	44.411480883522	61.52439761590555	69.66180976569414
6.05334666622251	6.094573429771983	88.5347696852868	22.994124879808005	102.0669333244502	36.82195053289926	-0.0	50.76093696773172	61.29875171897913	67.82283601534452
6.071135884927325	6.120844306529695	88.292250344695	22.992299627172464	102.42271769854649	36.38880231512286	-0.0	55.73846383017844	61.07340500072758	65.74655487629254
6.090334222713267	6.146486417587956	88.0498996179219	22.9910918240886	102.80668445426534	35.893616255762545	-0.0	59.24113587422215	60.84835265101539	63.60549784944147
6.110448256953554	6.17027722893305	87.80916404943446	22.990493975141778	103.20896513907108	35.36942254066121	-0.0	61.14990391422109	60.6235453543825	61.57472719681673
6.130949774809533	6.191582164301436	87.56858685059778	22.99044368757906	103.61899549619066	34.85019104452556	-0.0	61.55911259305093	60.39905530533659	59.813868084315274
6.15133151456368	6.209601848307319	87.32961687126391	22.99083132502109	104.0266302912736	34.3640899625787	-0.0	60.34812224897636	60.17494390223314	58.45172121249244
6.171060864715523	6.224236077719699	87.09086530038759	22.99151194701904	104.42121729431045	33.93758453495026	-0.0	57.649378251295786	59.9513723693092	57.575346736406274
6.189616040674823	6.235471553776795	86.85363472054377	22.99231995961738	104.79232081349645	33.59151268829877	-0.0	53.53475103961211	59.728455948040754	57.22457394407167
6.206547950321866	6.242797002416177	86.61667813283663	22.99308461508669	105.13095900643731	33.33819039040575	-0.0	47.597959577007366	59.50638680395081	57.391871414723354
6.2216435641644905	6.245322688436165	86.38116193728494	22.9936448618044	105.4328712832898	33.18275789332669	-0.0	38.470056758206674	59.28528850814764	58.0264812633627
6.232310177472191	6.252394389177011	86.14602139101088	22.993862390242793	105.64620354944381	33.18259438031683	-0.0	35.429694206290925	59.065295365742976	59.04057210954299
6.242962575618633	6.246793345108395	85.91219747740188	22.993632928396504	105.85925151237265	33.243242354700236	-0.0	15.473302592209963	58.8465177355736	60.31295986845088
6.461137370239373	6.252038008755841	85.6788614121429	22.992899857424792	105.90017816349669	33.493152302500924	-0.0	-0.0	58.629014354377986	61.64981454945838
7.518483077811097	6.247099683137151	85.44669363893716	22.99172113271399	105.90017816349669	33.80819299025803	-0.0	-0.0	58.41275081297509	62.68509343236356
9.451595985579731	6.237114744860598	85.21513185148542	22.990070672783638	105.90017816349669	34.20491102620678	-0.0	-0.0	58.19771028265246	64.14345236496605
12.251053992243751	6.2244481245844225	84.98462171426439	22.987813294410596	105.90017816349669	34.67947328683427	-0.0	-0.0	57.98400527388333	65.96978016516839
15.903212381646748	6.210289446580211	84.75479756994385	22.98484863984655	105.90017816349669	35.21596181271939	-0.0	-0.0	57.77172739349502	68.04491705280206
20.39027032788533	6.196026982760696	84.52594330339656	22.981117781754108	105.90017816349669	35.79403401065984	-0.0	-0.0	57.56094641437354	70.23451076717559
25.690357657552873	6.183219348507871	84.29782849339672	22.97660708756468	105.90017816349669	36.38920905030108	-0.0	-0.0	57.35166972681969	72.3956064506695
31.77764144618222	6.173502535204937	84.07057733882885	22.9713498669347	105.90017816349669	36.97350645997862	-0.0	-0.0	57.14388727103384	74.38377180907136
38.62245192937732	6.168474014015734	83.84418078047712	22.965425627616515	105.90017816349669	37.516845622591156	-0.0	-0.0	56.937503641537184	76.06050764043562
46.191427114945576	6.169470851936714	83.61852141413794	22.95895692927449	105.90017816349669	37.98866563551111	-0.0	-0.0	56.732432941966216	77.30066323630322
54.44767539108044	6.177565462239028	83.39376875807523	22.952103853949215	105.90017816349669	38.36161975922704	-0.0	-0.0	56.52850917148424	77.9995325963522
63.3509553382035	6.193288427137907	83.16972292790265	22.94505628733943	105.90017816349669	38.613635373967064	-0.0	-0.0	56.3255765827924	78.07926125754864
72.85787186787392	6.211696982632261	82.94658702284792	22.93801150625349	105.90017816349669	38.74464655088174	-0.0	-0.0	56.12342506565193	77.66202701887242
82.91489878500349	6.22558126062254	82.83913548318786	22.931045082993336	105.89097280826728	38.83720840415027	82.57540289581654	-0.0	55.92196578690994	77.2176940354852
92.09974063488598	6.239443343546677	89.95425576403625	22.924181699344523	104.31829375384253	38.92962229031118	439.424212323895	-0.0	56.04676315688943	76.77623512027031
98.56242706553714	6.254017687905284	90.40206280712626	22.917764798611643	99.85961773080955	39.02678458603523	856.9905386041197	-0.0	57.94773408895216	76.33943918830461
102.48761181500082	6.269410592817581	91.95005997838173	22.912359091961314	93.61005468983596	39.12940395211721	973.8478655805114	-0.0	61.1577936083364	75.91024572070701
105.11421587490618	6.285630485806834	95.14663396446615	22.908181692543486	87.17650780226268	39.23753657204556	947.1443247676685	-0.0	64.54242440088251	75.48975363085606
106.9153107839628	6.302656603864143	98.15382069163844	22.905219843401902	81.04452770593781	39.351044025760956	887.9944303368077	-0.0	67.77799105642106	75.07785003622614
108.14313330446404	6.32045108265716	100.88918037862163	22.90340428573899	75.38113758273136	39.469673884381066	807.994903032078	-0.0	70.76030382515822	74.67412620404806
109.05268654985386	6.338963310588548	103.33396659052335	22.90263766874874	70.29351200584304	39.59308873725699	717.4153583104743	-0.0	73.41965798634398	74.2780281081922
109.84593075150528	6.3581331840409385	105.49079253958136	22.902806785486433	65.81680485093493	39.72088789360626	626.0690369864591	-0.0	75.72708567291501	73.88892142828372
110.64612311525606	6.377894331681128	107.37102663746818	22.9037954490223	61.92500490714924	39.85262887787419	542.9168288061345	-0.0	77.69102644175842	73.50615955929993
111.48521204789263	6.398177464869295	109.00659963851182	22.905495338951283	58.54515945632625	39.987849765795296	472.30828580946303	-0.0	79.34837185325223	73.12914060673661
112.3313062638128	6.418913741166539	110.40922519491075	22.907813247417426	55.586172187363886	40.12609160777693	415.9174151213019	-0.0	80.75135714692547	72.7573451784664
113.13090164072044	6.440037864738976	111.58926874475472	22.910673368087064	52.96443304554587	40.26691909825984	372.4875308475637	-0.0	81.95124795384685	72.39034795490284
113.84183636901376	6.461490547704252	112.60440542387678	22.91401482296796	50.616915798205866	40.409936984695015	333.71962043357297	-0.0	82.98650995946073	72.02780420363884
114.46347730258266	6.483219965217819	113.46123116821101	22.917786862001222	48.50904605490564	40.55479976811879	300.3367311759388	-0.0	83.88081350170866	71.66942415583806
115.00611866743687	6.505182003749678	114.19366926488495	22.92194483616084	46.61614136148891	40.70121335833119	270.4079256043964	-0.0	84.64876235636689	71.31495158362537
115.4751304650971	6.52733940663518	114.8345993273472	22.92644842070674	44.91540851805739	40.84892937756787	240.0995676745171	-0.0	85.3026755922092	70.96415430237951
115.87918019480553	6.5496602405765385	115.35543730337851	22.931261391871917	43.3887347572231	40.99773493717692	217.11024901747908	-0.0	85.85501091297863	70.61682287404662
116.21382829943778	6.572116269549355	115.78371369242643	22.93635150589094	42.01606906336409	41.1474417969957	196.74937009053238	-0.0	86.31706295867512	70.27276985168189
116.48246218805296	6.594681730125904	116.13097071457443	22.941689863546816	40.78298377428833	41.297878200839364	177.8601490302645	-0.0	86.69767257888954	69.93182632728161
116.68734959331759	6.6173327110973466	116.42177687946067	22.947250144325814	39.67678492631701	41.44888474064898	154.60124270885845	-0.0	87.00373877038847	69.59383781467866
116.84289647827768	6.640047022459626	116.61899228961266	22.95300817566093	38.690565612491966	41.60031348306418	141.95554578758637	-0.0	87.24142895056596	69.25866191356985
116.94134371751865	6.662804260760976	116.76771658314617	22.958941772384843	37.8115734232011	41.752028405073176	125.0057682410027	-0.0	87.41647600485717	68.92616740350755
116.96069119771873	6.685585800544062	116.99310521730061	22.96503056143033	37.02433849200851	41.90390533696041	-0.0	-0.0	87.53356663585168	68.59623326479905
116.99619388427698	6.708374602954086	116.89368583762248	22.971255077371293	36.35088943137606	42.05583068636057	96.05063351641304	-0.0	87.59568558474487	68.26874387556899
116.93284446207134	6.731154904357039	116.85660295316357	22.97759862996489	35.74928323252806	42.20769936238026	82.83559501626914	-0.0	87.61272288650972	67.94359879504782
116.83561689554028	6.753911923726272	116.79327267512899	22.984045319174882	35.23401419990858	42.35941282484181	61.73313402878962	-0.0	87.58124431729783	67.62070224718661
116.76122567168193	6.776631685651025	116.67252937666603	22.99057810707742	34.81690952118036	42.51087790434017	89.34576963365632	-0.0	87.49690813382317	67.2999529853165
116.61363409586856	6.799300956560904	116.5776225869735	22.997179210101176	34.46582854299694	42.66200637707269	56.93009573639596	-0.0	87.36683899400823	66.98124638838341
116.34807105159142	6.82190721992381	116.34456206954856	23.003837354650486	34.165136642433296	42.81271479949207	17.770998392250192	-0.0	87.21304133087884	66.6645125700072
116.05243327007446	6.844438616962301	116.03830161972071	23.01054314949059	33.937945006051	42.96292411308201	35.66298545883683	-0.0	87.024935850109	66.34969186601653
115.73801772455646	6.866883826150952	115.8585839874128	23.017282165118573	33.78560465437922	43.11255884100635	-0.0	-0.0	86.7888843286674	66.03669847594192
115.28103621528885	6.889231680171756	115.30647723766131	23.024038971710276	33.73096339817676	43.261544534478375	-0.0	-0.0	86.51205613641531	65.72544181533287
113.95596764453184	6.91147168233255	115.3471477905652	23.03079816647192	33.73096339817676	43.409811215550334	-0.0	-0.0	86.17928889839476	65.41583189777164
111.56266847966818	6.9335962358307235	114.69377121033763	23.037548673209695	33.73096339817676	43.55730823887149	-0.0	-0.0	85.85863152218673	65.10780198987395
108.14774216471915	6.955590601567316	114.60517729732496	23.044296078132835	33.73096339817676	43.70393734378211	-0.0	-0.0	85.53079588599165	64.80137310080588
103.77768574681654	6.977446942583568	114.06527592642729	23.051035213770636	33.73096339817676	43.84964628389046	-0.0	-0.0	85.20961434936157	64.49650971211912
98.53759501450904	6.999171589980327	113.88657238301494	23.057770320168252	33.73096339817676	43.99447726653552	-0.0	-0.0	84.8864574347461	64.19322585292711
92.52950747262399	7.020760695777855	113.42617664980233	23.06449753507822	33.73096339817676	44.138404638519035	-0.0	-0.0	84.56594973744672	63.89149296062785
85.87041542016196	7.0422141537950385	113.18656737062007	23.07121993797537	33.73096339817676	44.281427691966925	-0.0	-0.0	84.24647838648737	63.59131905496573
78.6899878212967	7.063536911013711	112.78063980227691	23.07793470173839	33.73096339817676	44.42357940675807	-0.0	-0.0	83.92741729064107	63.292681109990866
71.12804533055721	7.084725949618553	112.50137511234149	23.08464399985187	33.73096339817676	44.56483966412369	-0.0	-0.0	83.61098133968187	62.99558247201973
63.33183763938372	7.105782986678956	112.13193164530112	23.09134580277801	33.73096339817676	44.70521991119304	-0.0	-0.0	83.29385140426798	62.70000440262856
55.45317616111188	7.126710838547125	111.828098781792	23.098041596475973	33.73096339817676	44.844738923647505	-0.0	-0.0	82.98003983073667	62.405946721657415
47.64547788788191	7.1475074735304185	111.48252589724451	23.104729950076777	33.73096339817676	44.98338315686946	-0.0	-0.0	82.66512758822066	62.11339393151472
40.060777983033454	7.16817520136746	111.1645391725594	23.111411841192467	33.73096339817676	45.1211680091164	-0.0	-0.0	82.3536932074834	61.82234326648771
32.846769281060745	7.188715409731104	110.83420999984273	23.11808627748226	33.73096339817676	45.258102731540696	-0.0	-0.0	82.04115345692351	61.532781626618885
26.143926343452133	7.209127102833854	110.50908221496798	23.12472034833548	33.73096339817676	45.39418068555903	-0.0	-0.0	81.73196941017413	61.65377053308646
20.082770072179443	7.229412542503279	110.18828521690408	23.131056625629785	33.73096339817676	45.52941695002186	-0.0	-0.0	81.42209400798414	62.619138826507886
14.781326145407098	7.249572324166758	109.8605782733256	23.13691397950338	33.73096339817676	45.66381549444505	-0.0	-0.0	81.11568874348593	63.951590303493354
10.342826766165597	7.269606297322618	109.54563821816777	23.14219734532445	33.73096339817676	45.79737531548412	-0.0	-0.0	80.80918741244902	65.51886873305658
6.870870218441344	7.2765489220577475	109.21820390453351	23.14684483400267	33.826968002304774	45.843659480384986	-0.0	159.232279943563	80.5059899581261	67.2404798449732
4.601337341838525	7.126468931170515	108.9068634348328	23.150818146290778	35.85485018676848	44.84312620780344	-0.0	397.26656583866884	80.20311234204328	69.04548008459962
3.283347987086371	6.989834610359243	108.58137230961115	23.15410298266911	38.831044335355536	43.93223073572829	-0.0	481.30594631123614	79.90326936963436	70.85782486496902
3.0551496670202285	6.874364013457417	108.27233419440553	23.15671161426399	42.102993340404566	43.162426756382786	-0.0	488.57025764195294	79.60404861493262	72.5871722150095
3.21525544548313	6.7786866405885	107.94969345785987	23.158685714496666	45.30510890966259	42.52457760392333	-0.0	471.926318077394	79.30752798361475	74.15853568384446
3.369859734070509	6.6896882154137245	107.64226453228137	23.16007916769635	48.397194681410184	41.93125476942483	-0.0	455.5099121687156	79.0117979392848	75.56549629658507
3.519004512669054	6.604939853014414	107.3228867018911	23.160945442616683	51.38009025338108	41.36626568676276	-0.0	439.1707626556952	78.7184160781893	76.81160147048932
3.6627124614367865	6.524171262078898	107.01677033512054	23.16133673426353	54.25424922873573	40.82780841385932	-0.0	422.89617524888064	78.42593102164763	77.90074040414159
3.801005416276708	6.447336730847677	106.70077519884771	23.161303907556828	57.02010832553416	40.315578205651185	-0.0	406.68871039246415	78.13549075482464	78.83723586702496
3.933906499647034	6.374412321618732	106.39589744524193	23.160896318244955	59.678129992940676	39.82941547745821	-0.0	390.5529591146777	77.84601528190572	79.62596532739055
4.061440479832399	6.305374621242885	106.08323100883088	23.160161591938536	62.22880959664797	39.36916414161924	-0.0	374.49417063307595	77.55832958348994	80.27252247577223
4.183633982493371	6.24019944562503	105.77966693417846	23.159145399975483	64.67267964986742	38.934662970833536	-0.0	358.51825817624507	77.27164360099464	80.7834326173942
4.300515718195673	6.178860604833902	105.47019478426179	23.157891054022738	67.01031436391345	38.52573736555935	-0.0	342.63180736015937	76.98653710706837	81.16643474384125
4.412116718883575	6.121329871846462	105.16803939523999	23.156439126539592	69.2423343776715	38.14219914564308	-0.0	326.84219749013505	76.70244207740636	81.43083714289581
4.518470633703431	6.067577117596134	104.86160324792802	23.154826799505432	71.36941267406861	37.78384745064089	-0.0	311.1577658412111	76.41975606808903	81.58792006184665
4.619614066471842	6.017569499154667	104.56099247934395	23.153087243157433	73.39228132943684	37.45046332769778	-0.0	295.58791339071456	76.13807906835548	81.6512797455785
4.715586959207132	5.9712713543511144	104.25741511525578	23.15124876770933	75.31173918414264	37.14180902900743	-0.0	280.14331099724467	75.85767995200615	81.63684848308918
4.80643305708572	5.928644042601655	103.95847483737582	23.149334233499758	77.1286611417144	36.8576269506777	-0.0	264.83615046806943	75.57828446523528	81.5621723384993
4.892200450468003	5.889644966310395	103.6576045974473	23.14736070940128	78.84400900936005	36.59763310873597	-0.0	249.6803601410201	75.30007386136306	81.44468687800934
4.97294221285911	5.8542271333903155	103.36044848768627	23.145339942488256	80.45884425718218	36.3615142226021	-0.0	234.69194177304078	75.0228665608409	81.29949851058561
5.04871716302916	5.8223387522919845	103.06215324038025	23.143279332271934	81.9743432605832	36.1489250152799	-0.0	219.88940249345018	74.74678505099143	81.13787844122656
5.1195907576062885	5.793922674462648	102.76688297236029	23.141183290104113	83.39181515212577	35.95948449641765	-0.0	205.29428828762494	74.4717123410983	80.96717816965621
5.185636219369357	5.7689136450459015	102.47101026401178	23.13905432860829	84.71272438738714	35.79275763363935	-0.0	190.93150369905965	74.19772933228403	80.7917279686005
5.246935787685075	5.747239695627205	102.17769300091435	23.136893917841068	85.9387157537015	35.6482646375147	-0.0	176.83041097724998	73.9247603108873	80.61391265625916
5.303582280549026	5.728820186301021	101.88419555495074	23.134702927807023	87.07164561098053	35.52546790867347	-0.0	163.0256700936992	73.65285570475528	80.43499380893536
5.35568110055	5.71356009014004	101.59285338882931	23.132481947423884	88.11362201099999	35.423733934266934	-0.0	149.55747005541875	73.38196842965323	80.25562407830684
5.403352231798986	5.701356402481423	101.3016713670093	23.130231390058324	89.06704463597971	35.34237601654282	-0.0	136.4743956486062	73.11212618993952	80.07613678759344
5.446733240417928	5.692085119474266	101.01233444581834	23.127951606533962	89.93466480835856	35.28056746316177	-0.0	123.83251770444258	72.84330167395314	79.89670131794911
5.485982027907381	5.685609162910846	100.72339957004603	23.125642890382732	90.71964055814762	35.23739441940564	-0.0	111.69913132033102	72.57550691593836	79.71740343082136
5.5212808633986405	5.681762562370115	100.43608655424465	23.123305528157108	91.42561726797281	35.211750415800765	-0.0	100.15041780101143	72.30872808732532	79.53828674071715
5.5528392019819215	5.680368686926017	100.14936398683061	23.12093978128372	92.05678403963843	35.20245791284012	-0.0	89.27817655511325	72.04296478664959	79.35937349703057
5.580898666438289	5.681209628489988	99.86408900523342	23.11854591709322	92.61797332876577	35.20806418993325	-0.0	79.17976463864484	71.7782143626988	79.1806753231479
5.605735263802555	5.684039983955434	99.57954854928742	23.116124187190465	93.1147052760511	35.22693322636956	-0.0	69.9574514226678	71.51446699149291	79.00219840771629
5.627658147101579	5.688613911720496	99.29627367520838	23.113674851157576	93.55316294203158	35.25742607813664	-0.0	61.723053138047874	71.25173044689286	78.82394630333079
5.6470109178555274	5.694627217824222	99.01387842659256	23.111198156256695	93.94021835711055	35.29751478549482	-0.0	54.55289862182788	70.98998343468503	78.64592116181771
5.664158799331802	5.7017896115287865	98.732628077277	23.10869435742482	94.28317598663604	35.34526407685858	-0.0	48.49665722822063	70.7292428469207	78.46812450543005
5.679474092547662	5.709828079197767	98.45237142275356	23.106163699087297	94.58948185095323	35.39885386131845	-0.0	43.55598886067898	70.46948102828168	78.29055746749394
5.693318435818635	5.718483068501352	98.17313551281386	23.103606431962824	94.8663687163727	35.45655379000902	-0.0	39.658410743117486	70.21072026688371	78.113221048161
5.70602044569686	5.727545554890654	97.89497229893284	23.101022798118937	95.12040891393721	35.516970365937695	-0.0	36.67859491054867	69.95292884019422	77.93611611827566
5.717860597091852	5.736859078715543	97.61772461194954	23.098413044421335	95.35721194183704	35.57906052477029	-0.0	34.45874492027659	69.69613287359915	77.75924353174216
5.729064464883254	5.746314946101118	97.34165930311303	23.095777410694136	95.58128929766507	35.642099640674125	-0.0	32.835271829490424	69.440295943048	77.58260408356995
5.739804818998852	5.755838470004752	97.06639960385732	23.09311613986074	95.79609637997704	35.70558980003168	-0.0	31.65601345508863	69.18544856853562	77.40619857377456
5.750208297510861	5.765382668058495	96.79240545971648	23.090429469564995	96.00416595021721	35.76921778705664	-0.0	30.796073763178782	68.9315507939058	77.23002776802679
5.76036479400443	5.774919113154005	96.5191012192498	23.08771763896214	96.2072958800886	35.832794087693365	-0.0	30.16032073517157	68.67863746094909	77.05409243608584
5.770336739003977	5.784430265487202	96.24717150947902	23.084980883623405	96.40673478007953	35.89620176991468	-0.0	29.679039829509538	68.42666400440662	76.8783933259574
5.780166830308295	5.793905079045519	95.97582485140376	23.08221943864266	96.6033366061659	35.959367193636794	-0.0	29.302568933055742	68.1756679998575	76.70293118117748
5.789883924720889	5.803336786202288	95.70593445386532	23.079433537848093	96.79767849441777	36.022245241348585	-0.0	28.99661777841418	67.92560430544029	76.527706736721
5.799507399174272	5.8127212004752895	95.43651361597087	23.076623412235918	96.99014798348543	36.0848080031686	-0.0	28.737824923149958	67.67651167308371	76.35272071127464
5.809050207917522	5.822055852662811	95.16864800281226	23.073789293834633	97.18100415835043	36.14703901775208	-0.0	28.510573417252665	67.4283425135577	76.17797382730407
5.818521011971862	5.831339290964177	94.90117678037751	23.07093140964434	97.37042023943724	36.20892860642785	-0.0	28.304459666626304	67.18113620758707	76.00346677931884
5.827925622490589	5.840570674843015	94.63527812853157	23.068049990032712	97.55851244981177	36.2704711656201	-0.0	28.112555416158724	66.93484958661081	75.82920027809288
5.837267958898099	5.849749606338587	94.36974279427498	23.065145257711066	97.74535917796197	36.33166404225725	-0.0	27.930323396453982	66.68951388343949	75.65517499257595
5.846550704569829	5.85887588289713	94.1058312278549	23.062217441706586	97.93101409139656	36.39250588598087	-0.0	27.75470492468469	66.44509302119272	75.48139162401887
5.8557757188687685	5.867949516352577	93.84222872176879	23.059266760642114	98.11551437737536	36.45299677568385	-0.0	27.5837332995016	66.20161423032268	75.30785081725638
5.8649443264512575	5.876970618265299	93.58019213040149	23.056293441660607	98.29888652902514	36.513137455102	-0.0	27.416112751037836	65.95904858939113	75.134553260678
5.874057491114442	5.885939438584249	93.31858797537788	23.053297699509933	98.48114982228883	36.572929590561664	-0.0	27.251086526282887	65.71740618351397	74.96149957549353
5.883115967881132	5.894856116794197	93.05842236999875	23.050279760050337	98.66231935762264	36.63237411196132	-0.0	27.087991934925608	65.47668200337958	74.7886904413831
5.892120345363495	5.903720944039303	92.79878644495109	23.04723983403025	98.8424069072699	36.69147296026202	-0.0	26.926518847373313	65.23686563695358	74.61612645609529
5.901071121356433	5.912534170667714	92.54044845172204	23.044178144813493	99.02142242712866	36.75022780445143	-0.0	26.766407714802234	64.99796606818529	74.44380828307258
5.90996872392337	5.921296100318304	92.28281188732475	23.04109490076344	99.1993744784674	36.80864066878869	-0.0	26.607536990171518	64.7599597525139	74.27173650509864
5.918813545040874	5.930006996191597	92.0262508814248	23.037990322039406	99.37627090081747	36.86671330794398	-0.0	26.449776878458085	64.52287207177618	74.09991176626764
5.927605944427706	5.938667154931874	91.77057677034584	23.034864615007002	99.5521188885541	36.92444769954583	-0.0	26.293072405303512	64.286664181433	73.92833463648792
5.936346265011238	5.9472768622806145	91.5158112628536	23.031717996139292	99.72692530022476	36.98184574853743	-0.0	26.13737418594335	64.05137194000285	73.7570057379007
5.945034838062799	5.955836395624192	91.26212188808861	23.028550670207498	99.90069676125597	37.03890930416128	-0.0	25.98263550117709	63.816946601376735	73.58592562977776
5.9536719812660195	5.964346066256924	91.00912298440548	23.02536284979804	100.07343962532039	37.09564044171283	-0.0	25.828865866149677	63.58343556887623	73.41509491121414
5.962258011116938	5.972806148157326	90.75733524978314	23.022154738384224	100.24516022233875	37.15204098771551	-0.0	25.676030943746845	63.35078233919788	73.24451413236851
5.970793238566913	5.9812169193061955	90.50612777360706	23.018926544661173	100.41586477133826	37.20811279537464	-0.0	25.52410715784458	63.11903740385524	73.07418386977086
5.979277967886014	5.989578678246069	90.25624064946936	23.01567847067335	100.58555935772027	37.26385785497379	-0.0	25.373103820846396	62.88814208028697	72.90410466359201
5.987712502219496	5.9978917091222215	90.00682897462825	23.012410721222885	100.75425004438992	37.31927806081481	-0.0	25.22301392419866	62.65814814002217	72.73427706756978
5.996097143382709	6.006156284817557	89.75880686556971	23.00912349700973	100.92194286765418	37.374375232117046	-0.0	25.073817812171963	62.4289974305904	72.5647016127368
6.004431156412478	6.0143827883450625	89.51116035015862	23.00581708253476	101.08862312824955	37.42921858896708	-0.0	24.93946662995287	62.20074153967557	72.39549465545804
6.013140451391587	6.026796768580998	89.26498380164082	23.002506660704938	101.26280902783174	37.46378698658462	-0.0	29.215061600793828	61.97331571659052	72.03619516856328
6.0242825854074695	6.046653847715946	89.01910772175881	22.999337042818542	101.48565170814938	37.37738881771782	-0.0	37.39256469245997	61.74666709759147	71.0792609795253
6.03801319294748	6.069893286829632	88.77482607376587	22.996490463501587	101.76026385894959	37.15219197714695	-0.0	44.63749396678198	61.52057586036457	69.61511558709354
6.0539963572432836	6.095515238382689	88.53064384210667	22.994113044839228	102.07992714486566	36.80930603830036	-0.0	50.9404561347154	61.29492827734972	67.765950075142
6.071836131641247	6.12183786400597	88.2881726868865	22.992305964080273	102.43672263282492	36.3738803315306	-0.0	55.902667850427484	61.06957949225963	65.68504075771631
6.091079467743236	6.147323168696281	88.04581595137464	22.991116875552404	102.82158935486471	35.87647559512287	-0.0	59.289386145964826	60.84452903049512	63.54526902458003
6.111210456572846	6.17112510041777	87.80510033065387	22.990536389624765	103.22420913145692	35.35242919985467	-0.0	61.19366993658539	60.61971539115696	61.5214304439825
6.131718918847961	6.19230006234921	87.56455995576128	22.99050039666734	103.6343783769592	34.83366871655607	-0.0	61.53309246924024	60.39522250160832	59.77231795030616
6.152091507736929	6.210171982660898	87.32556662739887	22.99089789310202	104.04183015473858	34.348942215879084	-0.0	60.24972765704472	60.171120393619766	58.42546012212374
6.171777040841474	6.224869693863533	87.0868612435341	22.991583034171395	104.43554081682947	33.92582407027913	-0.0	57.60460757507761	59.94755226756319	57.56637903058138
6.190298297096838	6.235843089435378	86.84961955835276	22.99238983766483	104.80596594193676	33.58186841254685	-0.0	53.353064777562295	59.72465502538132	57.233286207716105
6.2072712439650095	6.242348312995077	86.61272708837693	22.99314768507826	105.14542487930018	33.32797561912084	-0.0	46.82218293052132	59.50260572126902	57.41712016129146
6.221810663791063	6.24724081166315	86.37717491579565	22.993696122175493	105.43621327582125	33.190000987680826	-0.0	39.86708218575122	59.281526507398645	58.065790487833326
6.233426888324725	6.25017064229435	86.14209788100413	22.993897832587653	105.66853776649448	33.171188479859836	-0.0	32.34941457123428	59.061561377003606	59.09034108710491
6.243736094018434	6.246976878797209	85.90823593302821	22.993649894769263	105.87472188036868	33.24956528575242	-0.0	14.231972761126634	58.8428175170756	60.36844821981069
6.482639403249319	6.251926389480191	85.67496296821871	22.992898064594563	105.90846132784435	33.50203668633875	-0.0	-0.0	58.625342647038174	61.693264947649155
7.56936996393483	6.246692038609704	85.44276282934943	22.99170098007422	105.90846132784435	33.81929599453277	-0.0	-0.0	58.40911199144188	62.74677142758914
9.531691360646446	6.236612142356258	85.21126068469314	22.99002706482526	105.90846132784435	34.21887355269109	-0.0	-0.0	58.19410308216893	64.21817550509279
12.360039128266706	6.223879203952304	84.98071837208253	22.987742594369188	105.90846132784435	34.695790578455416	-0.0	-0.0	57.98043850649016	66.05378290148552
16.040627740306448	6.2096675778665436	84.7509615618702	22.984748532438537	105.90846132784435	35.23384736888747	-0.0	-0.0	57.76819977890915	68.13387733075565
20.5555178003633	6.195444930391128	84.52206562346423	22.980987420717327	105.90846132784435	35.81299309166148	-0.0	-0.0	57.55746115100666	70.32376053111676
25.88270347972916	6.182720783789712	84.29402796645172	22.976447170565006	105.90846132784435	36.408300207199254	-0.0	-0.0	57.34822062608619	72.48036127548725
31.99621977506046	6.17313246961999	84.06672032025882	22.971162633097858	105.90846132784435	36.991692189001505	-0.0	-0.0	57.14048026989377	74.45937176866968
38.86626906324573	6.168264601798335	83.8403956668082	22.965214778699206	105.90846132784435	37.53298898680509	-0.0	-0.0	56.9341297002833	76.12266082499247
46.45936633671815	6.169517247601003	83.61470005507248	22.95872746856074	105.90846132784435	38.00214295316924	-0.0	-0.0	56.72909363308252	77.34568205069162
54.738502411283406	6.177858467185809	83.3900058061538	22.95186185571936	105.90846132784435	38.37136138667493	-0.0	-0.0	56.525194354949676	78.024551612303
63.66332431091298	6.1938415459878	83.16593638043464	22.94480859890872	105.90846132784435	38.61907514750691	-0.0	-0.0	56.32228147170059	78.08242396198575
73.1903319504981	6.212085577764507	82.9428430999751	22.937763452834673	105.90846132784435	38.747237185096715	-0.0	-0.0	56.12014296490191	77.65888690664293
83.24835633176882	6.22593391690945	83.11322501338829	22.93079698266313	105.8769226119428	38.839559446063	110.28063589881826	-0.0	55.91869942964704	77.2145701641448
92.3733732825686	6.239815637255116	90.0610679536778	22.923937300077853	104.2262177148363	38.932104248367445	456.18798712830085	-0.0	56.07992098359478	76.77314710640727
98.73249060361287	6.254417194992058	90.40289085835714	22.917543659047446	99.67461895525419	39.02944796661372	865.8313791224109	-0.0	58.04642584019775	76.33648953606289
102.59802784066225	6.269838353933541	92.05399985855134	22.912175261120357	93.39945460036203	39.132255692890276	974.14707225859	-0.0	61.27592109383393	75.90750741513433
105.19291349691431	6.286086122845567	95.25711223344881	22.908036953730182	86.97168785766019	39.24057415230378	945.6331813720876	-0.0	64.6582943645975	75.48723490753773
106.97087376305547	6.303139076435158	98.25454457659791	22.905112554310513	80.85259809286275	39.354260509567716	885.702899837852	-0.0	67.88709281985788	75.07554111809986
108.18413414437063	6.320958879205584	100.9809963320535	22.90333168346544	75.20663801769865	39.47305919470389	805.1598618339979	-0.0	70.85970121575131	74.67201148398816
109.08635336362852	6.339494559899442	103.41950721641128	22.902596246944725	70.13844944962851	39.59663039932961	714.1541523015545	-0.0	73.50767901460094	74.2760881594372
109.87824010171002	6.358685758786917	105.56751036659773	22.90279272896559	65.68162043513081	39.724571725246115	622.8689076845192	-0.0	75.8035443283804	73.88713530581879
110.68147435985698	6.37846595627638	107.4281694783306	22.903805041877554	61.80899800095379	39.8564397085092	541.1076042132228	-0.0	77.75677681099164	73.50450695000612
111.52110117907002	6.398765827030854	109.05866949780594	22.905525272952605	58.444158716869744	39.99177218020569	470.7641143011721	-0.0	79.40485661862535	73.12760344479094
112.36702809521898	6.419516600175533	110.45089201368442	22.907860774299884	55.497688768620236	40.13011066783689	415.27370171744616	-0.0	80.80039178219083	72.75590843253309
113.16156580671374	6.440653144951665	111.63920385865245	22.91073629248077	52.884533453360014	40.27102096634444	370.152097556553	-0.0	81.99431695134561	72.38899957468455
113.87124294983987	6.4621164042981265	112.63905493434721	22.914091360554124	50.54614694801583	40.414109361987514	333.0118937730885	-0.0	83.02464591619162	72.02653435945128
114.48745901301625	6.483854811858872	113.50468799383623	22.917875482917644	48.444567169449854	40.55903207905914	297.40442452358013	-0.0	83.91457625158289	71.6682244050145
115.02744846304111	6.50582450023074	114.23412463652181	22.922044167204287	46.55828393374804	40.70549666820494	267.2061832868709	-0.0	84.67857361514167	71.31381435005927
115.49880641589327	6.527988415791267	114.84949120782488	22.92655722231134	44.8653355096763	40.853256105275115	241.7402918963962	-0.0	85.3289458937264	70.96307275124322
115.89917291320307	6.550314772581983	115.37372627067182	22.931378559393487	43.343436208926555	41.002098483879884	217.46309532381005	-0.0	85.87813202100365	70.61579091464311
116.22883986349024	6.572775432857697	115.81121290859627	22.936476056444537	41.974573514451535	41.15183621905132	193.87218970356872	-0.0	86.33736589001775	70.27178206439638
116.49359882937658	6.595344701098138	116.16337612593702	22.941820909520608	40.74526423551147	41.30229800732092	172.39502112752675	-0.0	86.7154074353879	69.93087782101207
116.70353638118158	6.617998723188908	116.42253138764404	22.94738687265817	39.64544866557945	41.453324821259386	159.0297123759527	-0.0	87.01911424386766	69.5929241153108
116.85099039913372	6.640715367010731	116.64340098856232	22.95314984008969	38.66085528643262	41.60476911340488	136.6859427718378	-0.0	87.25463957101965	69.25777892112471
116.94566611004913	6.663474289018348	116.79756518568821	22.959087688761606	37.78465805720026	41.75649526012232	115.45164872136999	-0.0	87.42770283700544	68.9253113655747
116.9961198649155	6.686256920294591	116.86433527922401	22.965180105820203	37.01081447266507	41.908379468630606	108.90644017795378	-0.0	87.54338983584204	68.59540076482268
117.01491453973378	6.709046269418589	116.9176102879267	22.971408005623825	36.33556638974693	42.060308462790594	93.58088834071128	-0.0	87.6023179400848	68.26793350747306
116.96020661022422	6.731826609430702	116.88126855313273	22.977752723253026	35.73975004242683	42.21217739620468	84.28775200605503	-0.0	87.61348423770313	67.94279879292196
116.83471693100346	6.75458318799479	116.77963314106049	22.984200394242826	35.21913155685771	42.363887919965265	70.40980822916117	-0.0	87.58575213055425	67.61991160214598
116.66449000159062	6.777302054739792	116.59470607262114	22.990736255686528	34.77700297637711	42.515347031598616	79.24994389432521	-0.0	87.51347997421078	67.29918263416893
116.50260970203969	6.799969968062796	116.42293150572328	22.997346763976836	34.42488866512733	42.66646645375197	84.68197959705897	-0.0	87.39791459892108	66.98052946524977
116.3921106991561	6.822574131473742	116.38941113885036	23.004010461712458	34.17174534273987	42.81716087649161	15.587187928451458	-0.0	87.2115110174848	66.6638285360061
116.12036455809914	6.845102708667148	116.1133327130756	23.010712230234247	33.95402903627582	42.96735139111432	25.156829134835	-0.0	87.00717086537398	66.34899027577904
115.73441146348922	6.867544656399688	115.7504896224165	23.01744783475326	33.78385623485749	43.116964375997924	-0.0	-0.0	86.78668530508709	66.03598267563234
115.21655621531718	6.8898889367124925	115.2643274206859	23.024206105693153	33.72011984320399	43.26592624474995	-0.0	-0.0	86.51778088754493	65.72473746628265
113.85579795243716	6.912124866807702	115.39296431896267	23.030966130264957	33.72011984320399	43.414165778718015	-0.0	-0.0	86.17894378715559	65.41513559747796
111.42838485403145	6.934240381473063	114.65594063727654	23.037717767350646	33.72011984320399	43.561602543153754	-0.0	-0.0	85.86342607185237	65.1071152836573
107.98158464664303	6.9562233282404815	114.64554670667209	23.0444661047418	33.72011984320399	43.70815552160321	-0.0	-0.0	85.53111521773829	64.80069489095764
103.58251504078456	6.978070906216975	114.0334832212392	23.051206261182138	33.72011984320399	43.853806041446504	-0.0	-0.0	85.21377024107457	64.49584042517195
98.31683678340909	6.999784684505225	113.92056376261394	23.05794236099447	33.72011984320399	43.99856456336817	-0.0	-0.0	84.88731065343035	64.19256529185598
92.28708563164739	7.021362916253647	113.40077062400732	23.064670531276015	33.72011984320399	44.14241944169098	-0.0	-0.0	84.56959554608231	63.89084088539798
85.61067572845113	7.042807199162014	113.2142686564462	23.071393953389325	33.72011984320399	44.28538132774676	-0.0	-0.0	84.24774415807903	63.59067575150256
78.41761325933533	7.064119107958516	112.76120963839273	23.078109635324356	33.72011984320399	44.42746071972344	-0.0	-0.0	83.93066614601699	63.29204600576317
70.84796491092332	7.08529794972285	112.52343934806177	23.084819956678675	33.72011984320399	44.56865299815234	-0.0	-0.0	83.61255554453946	62.99495607221018
63.04913042674615	7.106345561819291	112.1177043312491	23.09152265771417	33.72011984320399	44.70897041212861	-0.0	-0.0	83.29679791335654	62.699386007440374
55.17297237028532	7.127262833744963	111.84537738095561	23.098219465799534	33.72011984320399	44.84841889163309	-0.0	-0.0	82.98183778901961	62.40533689715483
47.372858985864696	7.148049708395008	111.47258139024521	23.10490870724965	33.72011984320399	44.98699805596672	-0.0	-0.0	82.66784863598451	62.112791970342535
39.8006777403274	7.168707866124009	111.17793413710115	23.111591597030028	33.72011984320399	45.1247191074934	-0.0	-0.0	82.35564730961357	61.82174970752356
32.60387769894153	7.189237841281846	110.82767492726484	23.118266916032255	33.72011984320399	45.261585608545644	-0.0	-0.0	82.04370834131217	61.53219581832622
25.922598328110126	7.209640039883662	110.51944278962809	23.124901287088495	33.72011984320399	45.39760026589108	-0.0	-0.0	81.73402806740968	61.67156965851776
19.88694063389223	7.2299158783455075	110.18437371120565	23.131229806677315	33.72011984320399	45.53277252230338	-0.0	-0.0	81.42453450099603	62.651712763258395
14.614433774212488	7.250065773773101	109.8686215061337	23.137075791394523	33.72011984320399	45.66710515848734	-0.0	-0.0	81.11783062251136	63.99313153558945
10.207746475955362	7.270090420168242	109.54369032225009	23.142345285479596	33.72011984320399	45.80060280112161	-0.0	-0.0	80.81156408636203	65.56654897084223
6.778044331765969	7.2709046482065744	109.22451660916698	23.146977346520323	33.864342524108544	45.80603098804383	-0.0	175.5100275697598	80.50819831981734	67.29205217928752
4.5419056201383174	7.120928247663768	108.9063757793084	23.150934273686374	35.9435569881999	44.806188317758455	-0.0	401.4833922098654	80.20545528150006	69.09864032072717
3.2571652515073803	6.985023300181701	108.5864243705355	23.154202687504498	38.93783497033126	43.90015533454467	-0.0	482.691545442993	79.90552793985194	70.90988911667405
3.060546155845747	6.870400177079677	108.27287352575533	23.156795729210153	42.210923116914934	43.13600118053118	-0.0	487.9711839106082	79.60637583861828	72.63488679787137
3.220455384122062	6.775077075923211	107.95383756857383	23.158755960177043	45.40910768244124	42.50051383948808	-0.0	471.3426097199062	79.3098206683686	74.20084451193961
3.3748656729415503	6.686237687588172	107.64352728568488	23.16013725013868	48.497313458831	41.90825125058782	-0.0	454.9293911316501	79.0141153618594	75.60250965499951
3.5238172358592985	6.601627356012896	107.32639849945271	23.16099309678077	51.47634471718597	41.34418237341931	-0.0	438.5922166541489	78.72072725504216	76.84343920807487
3.667332618495264	6.5209941975277586	107.01851520238787	23.161375596239687	54.34665236990527	40.80662798351839	-0.0	422.3196049078599	78.42823966942339	77.9275346423148
3.805433689459693	6.444294285183003	106.7038432489375	23.16133561666412	57.10867378919386	40.29529523455335	-0.0	406.1142539147165	78.1378080472841	78.85913502515857
3.9381436201258655	6.371503685856385	106.39799882756276	23.16092242008721	59.76287240251731	39.8100245723759	-0.0	389.9807740237427	77.84831336374629	79.64313825000926
4.065487238174648	6.302599130265452	106.08595690106031	23.160183607452975	62.30974476349296	39.35066086843634	-0.0	373.9244485931285	77.56064449585905	80.28516500988772
4.187491235189542	6.237556473031243	105.78199449709093	23.15916475151824	64.74982470379085	38.91704315354162	-0.0	357.95122204723134	77.27392766480854	80.79177542389661
4.304184396833893	6.1763491799546095	105.47273584235849	23.157909105708182	67.08368793667785	38.50899453303073	-0.0	342.0676818190295	76.98884113527718	81.17075424440385
4.415597839151889	6.11894911664451	105.17049139938607	23.15645712254637	69.31195678303777	38.126327444296734	-0.0	326.28125113663634	76.70471039592444	81.43146819147678
4.52176530304206	6.065326222825295	104.86400766116293	23.154845880363787	71.4353060608412	37.768841485501966	-0.0	310.60031791106104	76.42204292729737	81.58526941482779
4.622723503386585	6.015447193857358	104.56351517070406	23.153108389905956	73.4544700677317	37.43631462571572	-0.0	295.03428725221625	76.1403284407898	81.64583428631633
4.718512502952581	5.969276497141441	104.25973888273391	23.151272801853096	75.37025005905161	37.12850998094294	-0.0	279.59390128685516	75.8599444577024	81.62916605291544
4.809176187223882	5.926775262224817	103.96101753824324	23.149361779466208	77.18352374447764	36.845168414832116	-0.0	264.29139635553497	75.58051331627468	81.55284103656459
4.894762804615864	5.887900833082044	103.65989859841866	23.147392211501398	78.89525609231728	36.5860055538803	-0.0	249.14077703004838	75.30231263957674	81.43425419335168
4.97532561296022	5.852606166950776	103.36297298081939	23.145375677828437	80.5065122592044	36.350707779671836	-0.0	234.15814020531022	75.02507364684165	81.28840305592972
5.050923647684149	5.820839088277907	103.06441848084233	23.143319461256088	82.01847295368297	36.13892725518605	-0.0	219.36206380573165	74.7489977733618	81.12642351990573
5.121622615876041	5.792542184497317	102.76937831334469	23.141227891434593	83.43245231752081	35.95028122998212	-0.0	204.77420012987412	74.4738965587211	80.95554984171014
5.187496025810436	5.767650275404262	102.47328571763727	23.139103436894263	84.74992051620872	35.784335169361746	-0.0	190.41964341846173	74.19991543003322	80.78003134447681
5.248626455927002	5.746091120060081	102.18016626571061	23.136947540333814	85.97252911854002	35.640607467067206	-0.0	176.32793740164217	73.92692114958408	80.60220412013754
5.305107152872863	5.72778284734561	101.88646179463565	23.13476105965025	87.10214305745725	35.5185523156374	-0.0	162.5337838867559	73.65501593466061	80.42330272085366
5.357043956930613	5.712631427913299	101.59530607021111	23.132544575941587	88.14087913861225	35.417542852755325	-0.0	149.07788882466056	73.38410585659565	80.24396539387298
5.404557479037879	5.70053143404125	101.30392439949696	23.130298499463887	89.09114958075759	35.33687622694167	-0.0	136.00872099873104	73.11426092679577	80.06451803786996
5.44778587999242	5.691360536770159	101.01476792030644	23.128023179401747	89.9557175998484	35.27573691180106	-0.0	123.38320813063955	72.84541586252811	79.88512620256603
5.486887996517075	5.684977376802332	100.72564342018639	23.12571890792738	90.73775993034151	35.23318251201555	-0.0	111.26808288017082	72.57761670466242	79.70587372336732
5.522046636404908	5.681223903249581	100.43850280456876	23.123385972028476	91.44093272809816	35.20815935499721	-0.0	99.74256452383842	72.31081867812456	79.52680323122195
5.553473012270298	5.679908132918976	100.15158993742854	23.121024631986824	92.06946024540595	35.19938755279317	-0.0	88.89429138331859	72.04505059566091	79.34793648611851
5.581409445342092	5.680821640303446	99.86646160420979	23.11863515622977	92.62818890684184	35.205477602022974	-0.0	78.82424871246545	71.78028283754227	79.16928486431384
5.606132647139911	5.683725772800344	99.58174163476917	23.11621779512331	93.12265294279821	35.224838485335624	-0.0	69.63885663749106	71.51652970705452	78.99085442492789
5.627954918977195	5.6883461552352275	99.29864348412521	23.11377280970119	93.5590983795439	35.255641034901515	-0.0	61.43657108048144	71.25377485342874	78.8126486682233
5.647219140574666	5.694403842212713	99.01608233931287	23.11130044582394	93.94438281149333	35.29602561475142	-0.0	54.305099690341514	70.99202139276466	78.6346697062056
5.664291228976647	5.701605889202011	98.73498242847442	23.108800960064713	94.28582457953293	35.344039261346744	-0.0	48.29250732862478	70.73126450060259	78.45691905498536
5.679544597393963	5.709667509317404	98.45455096972951	23.106274595183777	94.59089194787924	35.39778339544936	-0.0	43.38988355844106	70.47149598722045	78.2793978320792
5.693339706389884	5.718335698024973	98.175453051364	23.10372160391313	94.86679412779769	35.455571320166484	-0.0	39.52530173437039	70.21272025933901	78.10210704463643
5.706003053409424	5.727409336384891	97.89715918092196	23.101142226319585	95.12006106818849	35.516062242565944	-0.0	36.57721539383062	69.954919502929	77.92504755129973
5.717813742435597	5.736728896447554	97.62002601403076	23.098536711564897	95.35627484871193	35.578192642983694	-0.0	34.3830936035037	69.69811034885886	77.74822021759297
5.728995502157827	5.746186217816924	97.34382934552198	23.095905297218152	95.57991004315653	35.64124145211283	-0.0	32.77834237257276	69.44226381249909	77.5716258266286
5.7397191519710455	5.755709085969114	97.06865251887264	23.093248228729504	95.79438303942091	35.704727239794096	-0.0	31.61282769508732	69.18740535962003	77.3952651918514
5.750109910421214	5.765250694846204	96.79460042523908	23.090565741359203	96.00219820842428	35.76833796564136	-0.0	30.761973710440746	68.93349463794439	77.21913906672111
5.760256327195034	5.774784652199102	96.52133137475913	23.08785807666916	96.20512654390068	35.83189768132735	-0.0	30.133375395967114	68.68057198879755	77.04324823378671
5.770220120245642	5.784292642798891	96.24934569331435	23.08512546809988	96.40440240491284	35.89528428532594	-0.0	29.656915881090452	68.42858569981954	76.86759343031407
5.780043367067024	5.7937639541779555	95.977980840879	23.082368152985076	96.60086734134048	35.95842636118637	-0.0	29.283727468224143	68.17758292145484	76.69217541202737
5.7897545314506855	5.803191737381885	95.70815002135565	23.079586363360825	96.79509062901371	36.02127824921257	-0.0	28.97974069414678	67.92750254403093	76.51699490494477
5.799372651152427	5.812572301764583	95.43867598025531	23.076780331703702	96.98745302304854	36.08381534509722	-0.0	28.722433101319442	67.67840340693178	76.34205263571411
5.808910508356342	5.82190306220891	95.17084700629795	23.073950288989412	97.17821016712684	36.14602041472607	-0.0	28.4962210790395	67.430219238957	76.16734932163942
5.818376642794119	5.831182536737533	94.90330917549102	23.0710964633448	97.36753285588237	36.20788357825022	-0.0	28.29078244699775	67.18300700582458	75.99288566364726
5.827776772964139	5.840409957612935	94.63745674344804	23.06821908413642	97.55553545928277	36.26939971741957	-0.0	28.099360144845743	66.93670456676482	75.8186623675533
5.8371147661180185	5.849584901130207	94.37187928484691	23.065318375373597	97.74229532236036	36.33056600753471	-0.0	27.917439679558417	66.69136242941148	75.64468010977603
5.846393261508689	5.858707220506329	94.10799556179595	23.0623945649195	97.92786523017378	36.39138147004219	-0.0	27.742069810172016	66.44692726028819	75.47093958528303
5.855614096552927	5.867776913192799	93.84433031653676	23.059447872536957	98.11228193105852	36.45184608795199	-0.0	27.571290140144168	66.20344233628971	75.29744144564653
5.86477857818613	5.876794102139322	93.58236199256153	23.05647852452033	98.2955715637226	36.511960680928816	-0.0	27.403836356876923	65.96086063202468	75.12418637498207
5.873887665540162	5.885758994526092	93.32065791389861	23.053486736798646	98.47775331080324	36.57172663017395	-0.0	27.23890712970299	65.7192156069862	74.95117500140533
5.88294209917685	5.894671786939093	93.06059950039787	23.050472733774004	98.65884198353699	36.63114524626062	-0.0	27.07592076255612	65.47847183305078	74.77840799686632
5.891942467883897	5.903532733649577	92.8008357760564	23.047436727945815	98.83884935767793	36.690218224330515	-0.0	26.914524152490223	65.23865375474166	74.6058859690597
5.900889261370175	5.912342123945355	92.5426196099361	23.0443789413689	99.01778522740348	36.74894749296904	-0.0	26.754511973661113	64.99973552261959	74.43360957448469
5.909782910236153	5.921100227099358	92.28480464264078	23.04129958353331	99.19565820472305	36.80733484732905	-0.0	26.595719654679666	64.76172925361935	74.26157940257384
5.91862380343734	5.929807318039054	92.02843819587352	23.038198873877576	99.37247606874679	36.865382120260364	-0.0	26.438034393788232	64.52462034183623	74.08979609381917
5.927412302060677	5.938463677225349	91.7725720437464	23.035077019244053	99.54824604121353	36.92309118150233	-0.0	26.28138024898987	64.28841137735704	73.91826022122505
5.9361487419947325	5.947069636899004	91.51798668078118	23.03193423638671	99.72297483989465	36.98046424599336	-0.0	26.125771405203487	64.05310137040165	73.74697240826649
5.9448334590612175	5.955625437139222	91.26407483716133	23.028770729237326	99.89666918122434	37.03750291426148	-0.0	25.971111448593923	63.818673976610775	73.57593321058103
5.953466770610295	5.964131389578702	91.0112825421323	23.025586711964337	100.0693354122059	37.09420926385801	-0.0	25.817410511618093	63.58514576142019	73.40514323583066
5.962048992589461	5.97258776966144	90.75928706293394	23.022382386225246	100.2409798517892	37.15058513107627	-0.0	25.664636506265275	63.352488826332824	73.2346030250201
5.970580433899016	5.980994868612939	90.5082585001064	23.019157962913912	100.41160867798033	37.206632457419595	-0.0	25.512784434870298	63.12072897809081	73.06431316646754
5.979061399720721	5.989352977064937	90.25819031603804	23.01591364183642	100.58122799441442	37.26235318043291	-0.0	25.361852929418912	62.88982809659084	72.89427418897671
5.987492193623383	5.997662374368362	90.00893930641772	23.01264963032145	100.74984387246765	37.31774916245575	-0.0	25.211828504914415	62.65982074087371	72.7244866599482
5.995873115321915	6.005923347453071	89.7607870696431	23.00936612661363	100.9174623064383	37.372822316353805	-0.0	25.062711509276763	62.4306619353396	72.55495109780175
6.004199781799199	6.014170482900586	89.51320985289291	23.00606331121164	101.08399563598398	37.42780321933724	-0.0	24.9633495115674	62.20239678036146	72.3856303844825
6.012963357242054	6.026819544641983	89.26695520720772	23.00275885811126	101.25926714484108	37.459455963940044	-0.0	29.428076941852016	61.974960500763984	72.00953918875004
6.024207950346979	6.046497275729538	89.02113621914047	22.999601573402757	101.48415900693958	37.36619715457849	-0.0	37.32402492242672	61.74830381867151	71.03391752925832
6.037974480427427	6.07040538641702	88.77676394648044	22.99677284199696	101.75948960854853	37.14049281088028	-0.0	45.02145737700615	61.52217254366202	69.55462491775042
6.054038492513829	6.09592149527381	88.53269308621087	22.994417475043935	102.08076985027657	36.79310643755616	-0.0	51.163343054366706	61.296507675314885	67.69489922683887
6.071945601485524	6.1220468666306695	88.29013112797053	22.992634993419802	102.43891202971048	36.35393859019277	-0.0	55.95827974099631	61.0711395030441	65.60893118005086
6.091217407827316	6.147594531191005	88.0478043137123	22.99147118820679	102.82434815654632	35.85581820050108	-0.0	59.359668211930995	60.846055454392655	63.46998578839581
6.111365788061089	6.171350696828601	87.80706679213586	22.990914771245034	103.22731576122177	35.33168890323047	-0.0	61.229541872934966	60.621205139969646	61.45262986270775
6.131876074694695	6.1924200846301725	87.56652328050468	22.990899910470354	103.6375214938939	34.813658029627	-0.0	61.51423104426603	60.396692469335484	59.71486278027788
6.152218935008505	6.2103663584732764	87.32755710332532	22.99131421350366	104.04437870017009	34.33169640084961	-0.0	60.28444216004846	60.17256220459578	58.38297759889054
6.171887012388835	6.224728373858522	87.08879633645138	22.992010897473495	104.43774024777669	33.90973835453153	-0.0	57.46812239716412	59.94898463190044	57.540988636807306
6.190385867254972	6.2352723797340595	86.8515874851731	22.99282354934132	104.80771734509943	33.56703090436889	-0.0	52.96609321011863	59.72607415230038	57.22551332541161
6.207177794624993	6.242560852523192	86.61463570824549	22.993581634872896	105.14355589249985	33.32160017472952	-0.0	47.02596217662552	59.50401574638502	57.42597261484412
6.22159862791079	6.247645822349249	86.37915760162959	22.994125246534583	105.4319725582158	33.18897031209796	-0.0	40.34785808941595	59.282925483133496	58.088942483221025
6.232359395389642	6.2525873141207535	86.14398371701024	22.994318014236583	105.64718790779283	33.18571215559556	-0.0	35.5562219687988	59.062976126681036	59.12432591266067
6.242486332222829	6.247374952735325	85.91020564923362	22.994058329211907	105.84972664445658	33.25722796467847	-0.0	17.479667675072932	58.844230590624626	60.40861314466817
6.502867032208556	6.252159619493697	85.67683587818523	22.99329433511309	105.87373111885381	33.51299454628358	-0.0	-0.0	58.626766890745614	61.717161402325004
7.618523604584266	6.2466863867037095	85.44471290039502	22.992091769914037	105.87373111885381	33.8328065427145	-0.0	-0.0	58.41053349558843	62.772864041719984
9.609230968704319	6.236616704251098	85.21312055585948	22.99040734968283	105.87373111885381	34.23586711827109	-0.0	-0.0	58.195530335924126	64.25898764276972
12.465286304639124	6.223708698127805	84.98266862950518	22.98810815260747	105.87373111885381	34.714527743162726	-0.0	-0.0	57.981872936182725	66.10572372777912
16.172769037653982	6.209540311295788	84.75281296820756	22.98509642032544	105.87373111885381	35.254745352228134	-0.0	-0.0	57.769647440576	68.19271305750327
20.713608687883365	6.1952937035294715	84.52399146966472	22.981316150354075	105.87373111885381	35.8345991531992	-0.0	-0.0	57.55892033236223	70.38482186722733
26.06567294685055	6.1826488431656985	84.29585562293582	22.9767568121553	105.87373111885381	36.43002507351816	-0.0	-0.0	57.34969418634708	72.53877450711589
32.20287555162152	6.173195963372454	84.06865874245128	22.971454843104045	105.87373111885381	37.01256337000664	-0.0	-0.0	57.141958616136826	74.51030549862291
39.09530343066403	6.168477027280253	83.84225091811203	22.965492741323928	105.87373111885381	37.551745048248165	-0.0	-0.0	56.93561796340902	76.16157938063812
46.70936250191667	6.16998083353189	83.6165804317281	22.958995762025356	105.87373111885381	38.01820112747619	-0.0	-0.0	56.73058845766451	77.36859531848707
55.0079414121767	6.178570077934754	83.39185999391763	22.952126232433393	105.87373111885381	38.383689546394756	-0.0	-0.0	56.526687387356354	78.02824926633906
63.95059241994975	6.194808327852025	83.16779651081605	22.945075703986358	105.87373111885381	38.62706481994656	-0.0	-0.0	56.32376920756416	78.06468079996934
73.49372854005932	6.21287096001653	82.94469182227621	22.93803835654774	105.87373111885381	38.752473066776865	-0.0	-0.0	56.12161742596076	77.63575021528524
83.54785754929318	6.2266846757107555	83.39762767226614	22.931079863586124	105.81915715463869	38.84456450473837	116.27849729177782	-0.0	55.920185791954765	77.19159682674746
92.61537534440694	6.240583823026993	90.1499749051506	22.924231846083064	104.09869923148537	38.93722548684662	471.0478102412438	-0.0	56.11613080989989	76.75035565057973
98.87935218178984	6.255210131934037	90.40958879718065	22.91786744600841	99.46718793397018	39.03473421289358	873.0857372645756	-0.0	58.13953215532267	76.31397128548171
102.68962570528006	6.270657144052975	92.14984415586672	22.912540023393188	93.17290148581866	39.1377142936865	973.9508917020413	-0.0	61.38405934811462	75.88532249990817
105.25351046866277	6.286930429010084	95.35532672728333	22.908443642192577	86.75304241109112	39.24620286006723	943.8413726491066	-0.0	64.76276266832137	75.46538655544146
107.00883455996014	6.304007864512221	98.34338171743705	22.905559136802232	80.64841598260219	39.360052430081474	883.1142371330434	-0.0	67.98388156972791	75.05401689159392
108.20821511678366	6.32185061926208	101.06030000729609	22.90381508094093	75.02131402739181	39.47900412841387	802.0675531735973	-0.0	70.94609584528449	74.65079351624667
109.10486273937703	6.3404073462105535	103.48479835934788	22.903112694085156	69.9744538351147	39.60271564140369	711.2002490175487	-0.0	73.58228377365636	74.25515507591636
109.89608838024034	6.35961742013505	105.62130174259762	22.903338216030416	65.53848892190265	39.730782800900336	620.266714718632	-0.0	75.86608274937913	73.8664645621775
110.69859047180434	6.379414169464947	107.48580135667883	22.904375696972437	61.68342421269392	39.86276112976631	537.7276451525393	-0.0	77.80810180646432	73.48407684476662
111.53975511480479	6.399728233000934	109.10486152603933	22.906117657825195	58.33466160031023	39.99818822000623	468.12436701040417	-0.0	79.44675467361695	73.10739466724111
112.38428909390416	6.4204909157413175	110.49270643639781	22.908472045629576	55.400570524852725	40.13660610494212	412.60445850180935	-0.0	80.83467377188282	72.73590489645714
113.17904916819407	6.441637258705246	111.65917083376517	22.911364171461255	52.79888652534978	40.27758172470164	369.85003731053024	-0.0	82.02254835193538	72.36918824141505
113.88424849704444	6.463108443254218	112.66084927194305	22.9147339896556	50.46848817952059	40.420722955028126	331.8221364814665	-0.0	83.04780232108773	72.00690446980241
114.49872788721213	6.484853168678506	113.51621105398513	22.91853126086313	48.37504989743598	40.565687791190044	297.3659613850072	-0.0	83.93326213446859	71.64876660113659
115.03667732544245	6.50682781942335	114.24005948675135	22.922711655539207	46.49583847047976	40.71218546282233	267.7603508404474	-0.0	84.69321444733336	71.29452017782151
115.50271813045087	6.528995548871108	114.86637261476503	22.927235122114148	44.80791139569876	40.85997032580739	239.31380322021997	-0.0	85.33996262497548	70.94393453335732
115.90301972346383	6.551324720936755	115.37678039027553	22.932065711934158	43.29238641712364	41.0088314729117	217.6270663013841	-0.0	85.88594436747888	70.59680175003365
116.23070424351712	6.573787297954461	115.81010447462656	22.937171429383547	41.928584595157794	41.158581986363075	194.5609909518122	-0.0	86.34231323889475	70.25293575163016
116.49226843129834	6.596357654030814	116.16454990987134	22.9425235693034	40.70342117730865	41.30905102687209	171.740114499875	-0.0	86.71774826819772	69.91216870970901
116.7004977048723	6.619011994100284	116.42057859292193	22.948095963710365	39.60784167994856	41.460079960668565	158.72214740083996	-0.0	87.01906656522497	69.57434699407082
116.8456039633756	6.641728246058172	116.6414410603928	22.95386457705156	38.62690361874531	41.611521640387814	135.55316768136458	-0.0	87.2524088105941	69.23932897448077
116.9306118224433	6.664486128309675	116.82477084241808	22.95980735122412	37.75172826237818	41.76324085539783	97.59963218306646	-0.0	87.42347421616319	68.9069841442731
116.9741752701174	6.687267130211988	116.86570033126576	22.965904213665823	36.97959698544543	41.91511420141325	98.80660148313905	-0.0	87.53888008917166	68.57719310564427
116.97158466997439	6.710054309162388	116.92464460950937	22.972136483310827	36.301461392045155	42.06702872774925	64.99696486645901	-0.0	87.59848242874061	68.24984438635305
116.93258911669952	6.7328319760370166	116.85671472160782	22.97848594265875	35.71385200745936	42.21887984024678	82.6359217184222	-0.0	87.60864662542375	67.92482953872948
116.83505395326239	6.755585408300972	116.78138294859717	22.984936616622836	35.20471498949347	42.37056938867315	69.50101020754806	-0.0	87.5731445467233	67.60205245294954
116.70974400395167	6.778300681791089	116.66487864821909	22.991473115417204	34.77866239457618	42.52200454527393	63.54433110775846	-0.0	87.4923216525096	67.28142059446216
116.5965939948168	6.800964612262564	116.49357413247425	22.998078702910107	34.443369553423985	42.67309741508376	96.29012208336543	-0.0	87.35975544153949	66.96283484018102
116.3531110169616	6.823564730154989	116.3112860868679	23.004738933946626	34.15457264218295	42.82376486769993	61.353432735536096	-0.0	87.19644126356552	66.6462086367937
116.0473219724209	6.846089214775342	116.00517122628266	23.011444507448413	33.929846869479164	42.97392809850228	61.591940645203564	-0.0	87.00505647446161	66.33148287317344
115.699322307332	6.868526623152125	115.85308901612512	23.018183152847936	33.773199766009256	43.123510821014165	-0.0	-0.0	86.7702031491997	66.01858314681108
115.18714099095702	6.8908656443381195	115.33139928441419	23.024939738485664	33.7196673325763	43.2724376289208	-0.0	-0.0	86.49222569308341	65.70742043990897
113.79030285685256	6.913095855739082	115.29156700645073	23.031698528919286	33.7196673325763	43.420639038260546	-0.0	-0.0	86.16187706621271	65.3979030231499
111.32806959803804	6.935206944184383	114.70587549337934	23.0384491076353	33.7196673325763	43.568046294562556	-0.0	-0.0	85.83955190530163	65.08996762694018
107.84838697555294	6.957185009377078	114.5609798368665	23.045196147676027	33.7196673325763	43.71456672918052	-0.0	-0.0	85.51312384838968	64.78363046295154
103.41901300171632	6.979026798145781	114.06784776577194	23.051935294424624	33.7196673325763	43.86017865430521	-0.0	-0.0	85.19099572112101	64.47886028926247
98.1261985243596	7.000735904705274	113.85080131521721	23.058670063050524	33.7196673325763	44.00490603136849	-0.0	-0.0	84.86865775229435	64.17566732589918
92.07300770980382	7.022308952537046	113.42184090831489	23.065397232844692	33.7196673325763	44.148726350246974	-0.0	-0.0	84.54767709874933	63.87402638720679
85.37731112912927	7.043747794222349	113.15694946383978	23.07211932008695	33.7196673325763	44.29165196148233	-0.0	-0.0	84.22864401394713	63.57394253307512
78.16949052706497	7.065055014822718	112.77139775494585	23.078833988772086	33.7196673325763	44.43370009881812	-0.0	-0.0	83.90941129364005	63.27539532410176
70.58989996753716	7.08622864640274	112.47607514585536	23.0855429872636	33.7196673325763	44.57485764268494	-0.0	-0.0	83.59317904477912	62.97838587238138
62.78613279346385	7.10727111476247	112.11937004107378	23.09224465216023	33.7196673325763	44.715140765083135	-0.0	-0.0	83.27605525626548	62.682897369009574
54.9101476199778	7.128183664412037	111.8057914296258	23.098940156238466	33.7196673325763	44.854557762746914	-0.0	-0.0	82.96231260339475	62.38892798813047
47.11530932496114	7.1489654015362385	111.46776783583408	23.105628335222253	33.7196673325763	44.99310267690826	-0.0	-0.0	82.64750520886169	62.09646363815577
39.5534026562129	7.169618629383719	111.14426497761863	23.112309941418765	33.7196673325763	45.13079086255813	-0.0	-0.0	82.33606825410638	61.80550036985407
32.37167660765035	7.190143860593545	110.81805896988939	23.11898417201321	33.7196673325763	45.2676257372903	-0.0	-0.0	82.02368134141753	61.51602608382822
25.709977117797948	7.21054104198858	110.49016699059229	23.12560950671498	33.7196673325763	45.403606946590536	-0.0	-0.0	81.71446819685636	61.69866819888392
19.698023924101463	7.230812099122861	110.17132307355415	23.13192013707816	33.7196673325763	45.538747327485744	-0.0	-0.0	81.4047828729107	62.694039480193275
14.452884599324209	7.2509572573889445	109.8425425475626	23.137744334018205	33.7196673325763	45.67304838259297	-0.0	-0.0	81.09836593373508	64.04458109346429
10.076694956866689	7.270977022065262	109.52823654877963	23.14298974319616	33.7196673325763	45.80651348043508	-0.0	-0.0	80.79206658078527	65.62411476593755
6.680923664342542	7.270121156788528	109.20073823504693	23.147596049000793	33.87157789837655	45.800807711923525	-0.0	191.8980022769236	80.48887145190776	67.3533726200494
4.4805566878715934	7.117457112791614	108.88929139185126	23.151526499510894	36.00370667509052	44.783047418610764	-0.0	405.96339312492364	80.18618980113904	69.1613352209928
3.230610962475384	6.981988756149942	108.56426461134063	23.154768378251585	39.01731768996132	43.879925040999616	-0.0	484.2118463076465	79.88636382723212	70.97121978541459
3.0646237558274527	6.868157106559594	108.25475103971552	23.157335948960448	42.292475116549056	43.12104737706396	-0.0	487.5662359318566	79.58732302046863	72.69160212432134
3.2244012405138784	6.773132320305626	107.93280583947	23.159272431478904	45.488024810277565	42.48754880203751	-0.0	470.9519003964038	79.29082957448828	74.25198007930328
3.378681780692371	6.684406682523654	107.62475961266337	23.160631844615683	48.573635613847415	41.89604455015769	-0.0	454.54131425477175	78.99525738319873	75.64817998219179
3.5275042098515246	6.599890883313814	107.30613430681032	23.16146756378571	51.550084197030486	41.33260588875876	-0.0	438.2056219303823	78.701910116461	76.88376941465226
3.6708909376957677	6.51934985902703	106.99940109757968	23.161831710744753	54.41781875391535	40.79566572684687	-0.0	421.9344529464309	78.4095616152498	77.96266322229548
3.808863848201072	6.442741416757248	106.68413082632381	23.1617750480295	57.17727696402144	40.284942778381655	-0.0	405.73063482409236	78.11916199672119	78.88921674327526
3.9414461485336307	6.370041826358232	106.378712076353	23.16134683057522	59.82892297067261	39.80027884238822	-0.0	389.59880629185403	77.8298039057176	79.66834942332338
4.068662705920685	6.301227770471551	106.06666670702629	23.16059455870262	62.37325411841371	39.341518469810346	-0.0	373.5442631528814	77.54216357853801	80.30570936433126
4.190540259764173	6.236274939697953	105.76265487876405	23.159563763733676	64.81080519528346	38.908499597986356	-0.0	357.5729540888981	77.25557897586799	80.80789286559018
4.307107645308819	6.175156934804118	105.45371050725376	23.158297588129916	67.14215290617638	38.501046232027456	-0.0	341.6914991530462	76.97052065964888	81.18273131554946
4.418396035943115	6.117845486463138	105.15120687332201	23.156836401700428	69.3679207188623	38.118969909754256	-0.0	325.9073344641103	76.68651353397519	81.43965138167613
4.524439239968279	6.064310367296878	104.84519685986487	23.15521714172195	71.48878479936558	37.76206911531252	-0.0	310.22885980842824	76.40387725909085	81.59007836834468
4.625274040324513	6.014518564276511	104.54432526746547	23.153472681686445	73.50548080649024	37.430123761843404	-0.0	294.66554387474605	76.12227775125645	81.64776921798153
4.720940585399416	5.968434262114981	104.24109689088644	23.1516309872722	75.41881170798831	37.12289508076654	-0.0	279.2281411224929	75.84192925745	81.6287972622455
4.811482857539746	5.92601846113139	103.94197015268077	23.149714537105623	77.2296571507949	36.84012307420927	-0.0	263.9289207807242	75.5626035561943	81.55076618540076
4.896949213411848	5.887228461778493	103.64135312046173	23.147740025227193	78.93898426823696	36.58152307852329	-0.0	248.7819386991654	75.28444490721468	81.43102555965935
4.977393036505498	5.852017083413996	103.34412668175982	23.14571887268424	80.54786073010997	36.34678055609331	-0.0	233.80334243072977	75.00730122824451	81.28445962879957
5.052873513075926	5.820331818328508	103.04599792083228	23.143658238636604	82.0574702615185	36.13554545552339	-0.0	219.01174415607585	74.73127334507599	81.12206682849558
5.123456510910056	5.7921155023075155	102.75068489256779	23.14156237675759	83.4691302182011	35.9474366820501	-0.0	204.42892887832983	74.45626170826772	80.95096385764376
5.189215739515169	5.767302598769894	102.45497822830077	23.13943370825501	84.78431479030337	35.78201732513263	-0.0	190.0800586684998	74.18233229685367	80.77531966391835
5.250234012467758	5.745820562242769	102.16163680946556	23.137273651472604	86.00468024935516	35.63880374828513	-0.0	175.99477083407382	73.90942274424549	80.59742225547618
5.306604835210401	5.72758775686756	101.86826909982054	23.135083050407705	87.13209670420802	35.5172517124504	-0.0	162.2079917993329	73.63757245063287	80.41847963631912
5.358434382546139	5.712509430342826	101.57693457798365	23.13286247932979	88.16868765092278	35.41672953561884	-0.0	148.76051387143352	73.36674297644694	80.23911600575978
5.405843661270803	5.700479421468854	101.28585879898999	23.1306123450706	89.11687322541606	35.33652947645903	-0.0	135.70090276920845	73.09695527899889	80.05964999030516
5.44897124255782	5.691376155088709	100.99654306772099	23.1283329943513	89.97942485115641	35.27584103392473	-0.0	123.08658348163111	72.82818800098474	79.8802434254467
5.487976534393702	5.685056720952478	100.70770142641666	23.1260247191665	90.75953068787405	35.23371147301652	-0.0	110.98428564406518	72.56044761975517	79.70097827570866
5.523042965680431	5.681362609547247	100.4204227804173	23.123687804836877	91.46085931360862	35.20908406364832	-0.0	99.47350271140563	72.29372498160986	79.52189621822826
5.554382427712219	5.68010199561301	100.13377513635928	23.121322512535418	92.08764855424438	35.200679970753406	-0.0	88.64238824512493	72.02801654914504	79.34301854223082
5.582238019952297	5.681065870897438	99.84853236010252	23.118929109054484	92.64476039904594	35.20710580598292	-0.0	78.59224315459709	71.76332200245385	79.1643563774163
5.6068874473693135	5.684012600392877	99.56405694730032	23.11650784606268	93.13774894738627	35.22675066928585	-0.0	69.42853926140678	71.4996294207259	78.98591567055425
5.628643603676727	5.688670789666397	99.28085144943007	23.114058982811464	93.57287207353453	35.25780526444265	-0.0	61.25111529069828	71.23694637684171	78.8076998522458
5.647849989136037	5.694761404808261	98.9985275000174	23.111582766719856	93.95699978272073	35.29840936538841	-0.0	54.14760825294153	70.97525348235308	78.62971101287746
5.664873812667442	5.70198112674841	98.71730799493471	23.109079452446945	94.29747625334883	35.3465408449894	-0.0	48.15814707877067	70.71456820127129	78.45195064358266
5.680087062308009	5.710061613656772	98.43713254561642	23.106549284497785	94.60174124616017	35.40041075771182	-0.0	43.28290031060423	70.45485932215448	78.27441986304153
5.6938502428816475	5.718743648865277	98.15792914398756	23.103992513460764	94.87700485763295	35.45829099243518	-0.0	39.44411076417923	70.1961535904056	78.0971196633291
5.706489392411775	5.727822556045306	97.87986644570147	23.101409381382652	95.12978784823551	35.51881704030205	-0.0	36.51469193483203	69.93841362441889	77.92005091150668
5.718281902685994	5.7371443830452495	97.60262401335675	23.098800134999372	95.36563805371986	35.580962553635	-0.0	34.33518636112947	69.6816732354148	77.74321445906601
5.7294500036256935	5.746603528149769	97.32666769954645	23.09616501427061	95.58900007251387	35.64402352099846	-0.0	32.74286613530806	69.42588732636676	77.56661110088676
5.740163522716931	5.756126752687085	97.05140257140346	23.09350426177425	95.80327045433862	35.70751168458057	-0.0	31.586419124912496	69.17109526358433	77.39024163484025
5.75054663326786	5.765668281612908	96.77753953316841	23.090818115527284	96.0109326653572	35.77112187741939	-0.0	30.742527898100285	68.91724755222393	77.21410682840707
5.760687280392751	5.7752008505176144	96.50421883174413	23.088106814057397	96.21374560785502	35.834672336784095	-0.0	30.11806987182255	68.66438910939127	77.03820744804904
5.770646511413886	5.78470728674306	96.23241293150643	23.085370593583733	96.41293022827772	35.89804857828707	-0.0	29.644535045660117	68.41246600731832	76.8625442452093
5.780466032651095	5.794176843323407	95.96105276452698	23.08260968831625	96.6093206530219	35.96117895548938	-0.0	29.273292725955915	68.16152365184968	76.68711795889524
5.7901740009964415	5.803603024077137	95.69130178419461	23.079824333106945	96.80348001992883	36.02402016051425	-0.0	28.970915459188383	67.91151021364273	76.51192932939777
5.799789332422203	5.812981703935672	95.42185313614091	23.077014757589836	96.99578664844407	36.08654469290448	-0.0	28.714512351628237	67.66247085941805	76.33697906853247
5.809324659197721	5.822310525029435	95.15411175383778	23.074181195168432	97.18649318395441	36.14873683352957	-0.0	28.488885806260427	67.41435245623269	76.16226790598216
5.818788432924894	5.831588063979388	94.88664744577642	23.07132387126606	97.37576865849788	36.21058709319592	-0.0	28.28386361347913	67.16719662612942	75.98779652814206
5.828186314893132	5.84081357778832	94.62086883561014	23.068443017979934	97.56372629786263	36.272090518588804	-0.0	28.092773642865495	66.92096178977671	75.81356565457347
5.8375221452347414	5.849986583771452	94.35532131713259	23.065538855998565	97.75044290469482	36.33324389180968	-0.0	27.911062476093743	66.67567687631607	75.63957594439228
5.846798537649246	5.8591069501667	94.0914898332365	23.062611616153458	97.9359707529849	36.39404633444467	-0.0	27.7358212847731	66.43130825212337	75.46582810799873
5.85601731089773	5.868174698441529	93.827954606407	23.05966151543594	98.12034621795459	36.454497989610196	-0.0	27.565135978032817	66.18787665912404	75.29232278182371
5.865179757406418	5.877189985323865	93.5659753582189	23.05668878237316	98.30359514812835	36.5145999021591	-0.0	27.397796350079382	65.94536369789867	75.11906066121892
5.8742868387364275	5.886152949268326	93.30441105523083	23.053693630598065	98.48573677472854	36.574352995122176	-0.0	27.23291956885393	65.70377187350171	74.9460423626169
5.883339286420871	5.89506382210806	93.04428331138692	23.05067628619112	98.66678572841742	36.633758814053735	-0.0	27.06997377998926	65.46309738219591	74.7732685661786
5.892337682637461	5.903922886401063	92.78473263356062	23.04763696021037	98.8467536527492	36.69281924267376	-0.0	26.908646105390797	65.22332996490353	74.60073987148914
5.901282521074304	5.912730386931909	92.52642313587798	23.044575875486387	99.02565042148608	36.7515359128794	-0.0	26.74867503448255	64.98448024327547	74.42845693932972
5.910174229565165	5.92148660469775	92.26883614526348	23.041493240929942	99.20348459130328	36.809910697985	-0.0	26.589912481740196	64.7465251532526	74.2564203556497
5.9190131936677455	5.930191833664348	92.01233126932847	23.03838927592371	99.3802638733549	36.86794555776232	-0.0	26.432271937683623	64.50948536289862	74.08463076030515
5.927799775001147	5.938846345654207	91.75673741080185	23.035264187469842	99.55599550002293	36.92564230436138	-0.0	26.275666800602142	64.27332621741239	73.91308872688467
5.936534312353029	5.947450449037144	91.50201916383126	23.03211819134711	99.73068624706058	36.98300299358096	-0.0	26.120079302276615	64.03808162594723	73.7417948737402
5.945217136675821	5.956004417555093	91.2483456263904	23.028951492921482	99.90434273351642	37.040029450367285	-0.0	25.965458882031502	63.80370752643851	73.5707497634629
5.9538485686790175	5.964508536502417	90.99542039279314	23.02576430428737	100.07697137358034	37.096723576682784	-0.0	25.81178004250145	63.57024346850128	73.39995399282772
5.962428920869717	5.972963105533441	90.74367505241024	23.02255682920227	100.24857841739434	37.15308737022294	-0.0	25.659044048496874	63.3376399034957	73.22940811340362
5.970958502932604	5.98136840898431	90.49254930593145	23.019329275948508	100.41917005865209	37.20912272656207	-0.0	25.507236781580456	63.105940999570755	73.05911269959489
5.97943762085739	5.989724730782444	90.24271384451737	23.016081846856384	100.5887524171478	37.26483153854963	-0.0	25.356347732192578	62.87509403892745	72.88906829330652
5.987866581508549	5.998032326003477	89.9933102027328	23.01281474634192	100.75733163017098	37.32021550668985	-0.0	25.206329184016074	62.6451489230158	72.71927544648275
5.996245679654761	6.0062915165302515	89.74536982495945	23.009528175619486	100.92491359309521	37.37527677686835	-0.0	25.057230587560127	62.41604571596411	72.54973469272386
6.004575579810435	6.0145000069696675	89.49775822345867	23.006222340866287	101.0915115962087	37.43000004646445	-0.0	24.905354794742752	62.18783692303606	72.38045532167017
6.013377157384843	6.027566819555743	89.25166498468224	23.002917293712244	101.26754314769686	37.459749945192186	-0.0	29.780092103303105	61.960455337804724	71.98677506581913
6.024676437962037	6.047693993350651	89.00582304405968	22.999765816059828	101.49352875924073	37.363774607091074	-0.0	37.92884406079898	61.7338393425342	70.99258121674414
6.0385611410035835	6.07135036179417	88.76153999996727	22.996948373927225	101.77122282007166	37.13147588574737	-0.0	45.26948530093622	61.50776362122971	69.49837182381377
6.054698801979032	6.096894176763638	88.51749704739616	22.994608430028062	102.09397603958062	36.780446467325774	-0.0	51.35378198378287	61.28213678061191	67.62840218601553
6.072658165348203	6.122999470397744	88.27501843988146	22.992843830854937	102.45316330696406	36.33863480204866	-0.0	56.09217026997881	61.05680872537957	65.53774855818953
6.091967207435789	6.148541917453234	88.03274579773803	22.99169848475964	102.83934414871577	35.839329956803994	-0.0	59.46359706652738	60.8317530104042	63.400017246515965
6.112136844963178	6.172218001658073	87.79203839281087	22.991159213046043	103.24273689926355	35.314863608074404	-0.0	61.278644676844124	60.60694290742093	61.38950602433307
6.132650866777368	6.193182873384915	87.55158222428356	22.991158472768788	103.65301733554735	34.79752465894187	-0.0	61.50813290103734	60.38246881057747	59.66338364218397
6.152979932994694	6.21101322463837	87.31264309085533	22.99158250898465	104.05959865989388	34.31717598263208	-0.0	60.225249918366586	60.158385984351106	58.34667817613419
6.172626247737425	6.225134975871229	87.07398587860419	22.992283632351615	104.4525249547485	33.89690382747606	-0.0	57.2869575764215	59.93485103132429	57.52187830914401
6.191111763910775	6.235291870416002	86.83676496535293	22.993095039644565	104.82223527821549	33.555658163989825	-0.0	52.54766080975129	59.71200106383961	57.22399947185124
6.20774354309291	6.243149877474823	86.59993953696218	22.993846316256068	105.1548708618582	33.317469288909955	-0.0	47.04142747482884	59.48998835321448	57.4409471219911
6.222118587903861	6.247953315221137	86.36444618104133	22.994378137612546	105.4423717580772	33.187541953803034	-0.0	40.182962276688485	59.268966772947664	58.11797419190338
6.232788753269806	6.252646583106487	86.12941224270914	22.994555113149197	105.65577506539611	33.18728381617435	-0.0	35.22945308676495	59.049078636229744	59.16385401296455
6.242731013359335	6.247536834966076	85.89560371333994	22.99427697717815	105.85462026718669	33.26371734479402	-0.0	17.33100834981377	58.830405850187816	60.4538894871631
6.526019057838994	6.2521823229065605	85.66237104521355	22.99349422560031	105.8762104353383	33.522905671533174	-0.0	-0.0	58.61300595633153	61.74819288152505
7.670982429761155	6.246480579923788	85.43022190622943	22.99230021560111	105.8762104353383	33.845301856054014	-0.0	-0.0	58.39682968624627	62.71627671545629
9.690762355837242	6.236293771382695	85.19876570386158	22.99062666499174	105.8762104353383	34.251073969011905	-0.0	-0.0	58.18185875831858	64.22091000506124
12.575514314834033	6.223353584128256	84.96828378599662	22.988332826624077	105.8762104353383	34.732258075947605	-0.0	-0.0	57.96824969098577	66.08294867318594
16.3111778630573	6.209227787168959	84.73860193946771	22.985322129549804	105.8762104353383	35.274579103014176	-0.0	-0.0	57.75605835136598	68.18119510865228
20.879545165756717	6.194903242958122	84.50967130920442	22.98153999435691	105.8762104353383	35.85474767234131	-0.0	-0.0	57.54540591567907	70.37987824041763
26.258349743136336	6.182337918007275	84.28176312344576	22.976977491131972	105.8762104353383	36.450219758440795	-0.0	-0.0	57.33622311127072	72.5353200625005
32.42137499842201	6.173011766154014	84.05444692337998	22.971672739465177	105.8762104353383	37.03177351308271	-0.0	-0.0	57.12854042907402	74.50311297401394
39.3385819990532	6.16848847185849	83.82825886469377	22.965709924184797	105.8762104353383	37.56907140832351	-0.0	-0.0	56.922242486535296	76.14555535018775
46.97625588810763	6.170212075936867	83.60248639918797	22.959215894330693	105.8762104353383	38.03256657824683	-0.0	-0.0	56.71727044365651	77.33906045477889
55.29717021244429	6.179050439971556	83.3779501884878	22.952354397010957	105.8762104353383	38.39428957396881	-0.0	-0.0	56.51340970886739	77.98120960548957
64.26076836650239	6.195548092847181	83.15383117182272	22.94531812335323	105.8762104353383	38.63333374700465	-0.0	-0.0	56.31053097108081	77.99707452730611
73.82336126751345	6.213412569411284	82.93086743925168	22.93829981622489	105.8762104353383	38.75608379607523	-0.0	-0.0	56.10840963080652	77.56382901783125
83.88083292118431	6.227193762807847	83.58985141923453	22.931360348939645	105.80349188577894	38.84795841871898	161.828103787567	-0.0	55.90711713817338	77.12015312291553
92.86866898201785	6.241106773451782	90.21844126338871	22.924536604234667	103.98426830285239	38.94071182301188	488.3856003985197	-0.0	56.14912382432924	76.67941451259766
99.02898173586529	6.255752785868508	90.40986375667478	22.918217463505755	99.2636026806367	39.03835190579006	880.7500315794179	-0.0	58.23660021092901	76.24364025333948
102.7841100057268	6.271219871885999	92.25115334868663	22.91294787564617	92.95016666116028	39.14146581257333	973.6355063028544	-0.0	61.496239064174965	75.81566434431618
105.31796151786384	6.287512356011509	95.45768264996525	22.908910043546953	86.53870612419477	39.25008237341006	942.032429436945	-0.0	64.87093929644513	75.39640147958751
107.05118805609399	6.304607499032945	98.43622844677243	22.90608189009726	80.44856807700604	39.36404999355297	880.5375431172372	-0.0	68.08425949890187	74.98568982517348
108.2368424339139	6.322466023732958	101.1450646762741	22.904390988912457	74.84003650040077	39.48310682488639	798.9117586990333	-0.0	71.03601449495204	74.58310421893253
109.12706071986942	6.341036247557061	103.56237257660464	22.903737897755875	69.8135883265845	39.60690831704707	707.6877368542073	-0.0	73.66037335028653	74.18807994105302
109.9188909896158	6.360257317218685	105.6808748415755	22.904008620137013	65.39894725969567	39.7350487814579	617.593274998706	-0.0	75.93239536987782	73.79997886757572
110.72179056471352	6.380062446334452	107.54261422201392	22.905087371253657	61.56177095133311	39.867082975563015	534.9073479051892	-0.0	77.86338566850623	73.41815686505211
111.56594742874225	6.400382276027619	109.14146465257211	22.906867105228326	58.2295443193664	40.00254850685079	467.12252124609915	-0.0	79.49276391942766	73.04201907621221
112.40900351432597	6.421148225957652	110.52560705198294	22.909256361651842	55.30750006981249	40.140988173051014	411.7106770668847	-0.0	80.87316628741071	72.67105559049281
113.19864275064727	6.442295547074658	111.6999296211741	22.91218100732635	52.714571542687494	40.28197031383105	367.2658187914911	-0.0	82.05502904399427	72.30485012891923
113.90053400523784	6.463765694775894	112.69683105742946	22.91558140613587	50.392584572667566	40.4251046318393	329.1401909563071	-0.0	83.075279274463	71.94306468786148
114.51539927340585	6.48550766502946	113.53112325587416	22.919407569986166	48.30806761258154	40.5700511001964	297.6320573759681	-0.0	83.95631817907389	71.58541367297721
115.04999061903362	6.507478119175148	114.25602184841709	22.92361532916329	46.4352729144523	40.71652079450099	267.31477578968156	-0.0	84.71225725136037	71.23164352582168
115.51232597606919	6.529640436451562	114.88557357146341	22.928164770220135	44.75289368141355	40.864269576343744	237.50308716839945	-0.0	85.35541287556977	70.88152436048664
115.9101962081158	6.551963144368586	115.39308776796996	22.93302008370153	43.24276625607042	41.01308762912391	215.7307572255895	-0.0	85.89821122877265	70.5348490413904
116.23782999609182	6.5744183157669465	115.8136027425547	22.93814939857978	41.884648691459546	41.162788771779645	195.39819041726062	-0.0	86.35173128641866	70.19143219359206
116.49656054163874	6.596980403315876	116.16887269794017	22.943524107005864	40.663679715980265	41.313202688772506	171.73207601630884	-0.0	86.72456912888298	69.8511065430546
116.70281837390627	6.619625679573228	116.42297652164581	22.949118118093406	39.57217762281083	41.464171197154855	158.70024166157233	-0.0	87.02350423198698	69.51371890499615
116.84561798545514	6.6423321409370635	116.64371225421917	22.954907466030757	38.59484872526409	41.61554760624709	134.80176486692264	-0.0	87.2546652657176	69.17912805366915
116.94047892343033	6.665079575856145	116.77875883380584	22.960870157609513	37.72683019694874	41.7671971723743	120.64330924756902	-0.0	87.4237375486454	68.84720385932418
116.98160195721937	6.687849539242316	116.86105430794629	22.966986019521784	36.95761518089074	41.918996928282105	104.15991760066362	-0.0	87.53587259262356	68.51782642837856
116.96632248879236	6.710625143621343	116.86841411206481	22.9732364866685	36.27906541134206	42.07083429080895	93.87094281767439	-0.0	87.596456482294	68.19088493882724
116.91695964717853	6.733390743228127	116.8425541341448	22.979604537458876	35.69165602553337	42.222604954854184	81.832121890094	-0.0	87.60624715950713	67.866277249454
116.77235129008771	6.756131650403771	117.0046782968852	22.98607264669187	35.171791733841935	42.37421100269181	-0.0	-0.0	87.56595294187962	67.54389911165087
116.6231500304018	6.778833966053534	116.58209413247845	22.99262704989571	34.74193206012181	42.525559773690226	60.78676511463771	-0.0	87.49745511091518	67.22366658344497
116.54761666646425	6.80148436319104	116.48052483516035	22.99925330714285	34.42057927493033	42.6765624212736	77.70627270272867	-0.0	87.36105013227592	66.90549256522245
116.39216345185692	6.824070286655082	116.31112019582402	23.005929366684526	34.159923659138684	42.82713524436721	85.40429171277586	-0.0	87.17928022104898	66.58925051160234
116.04356440902495	6.846580259384722	116.04588475853681	23.012647088909887	33.92558664763037	42.97720172923148	-0.0	-0.0	86.98684964299676	66.27488757810379
115.67254163728171	6.869003290062187	115.7661678257389	23.019399677923193	33.765005139182705	43.12668860041458	-0.0	-0.0	86.76088829050325	65.96235820637158
115.16845093737024	6.891328160250035	115.24831930350163	23.02617145775046	33.72263713154528	43.27552106833357	-0.0	-0.0	86.48052069019663	65.6515704656103
113.73541432663464	6.913544060880701	115.33859047997183	23.03294220216221	33.72263713154528	43.42362707253801	-0.0	-0.0	86.13954429512583	65.34240902973772
111.23815405343953	6.935640679018272	114.6258749473419	23.039705347212625	33.72263713154528	43.570937860121816	-0.0	-0.0	85.82602648873218	65.03483097688503
107.72529794127252	6.957604434534406	114.60253785476495	23.046464338750653	33.72263713154528	43.71736289689604	-0.0	-0.0	85.49199120787598	64.72884603790048
103.265249972219	6.979431938211811	113.9953638395726	23.05321566101823	33.72263713154528	43.86287958807874	-0.0	-0.0	85.17656960817574	64.4244274286171
97.9448582925155	7.001126800350535	113.88403220076655	23.059962337946622	33.72263713154528	44.0075120023369	-0.0	-0.0	84.84854463093906	64.12158276996865
91.86772406472252	7.022685773965236	113.35850003785467	23.066701377979275	33.72263713154528	44.15123849310157	-0.0	-0.0	84.53254090956331	63.82028811697593
85.15218409728669	7.0441105722561	113.18109989246136	23.073435266784937	33.72263713154528	44.29407048170734	-0.0	-0.0	84.20936603759915	63.520548361678514
77.92900653466442	7.065403832303308	112.71728279426071	23.080161557177867	33.72263713154528	44.43602554868872	-0.0	-0.0	83.89373976331287	63.22234250771018
70.33884447873702	7.086563637927441	112.49170632919216	23.08688221056507	33.72263713154528	44.57709091951627	-0.0	-0.0	83.57456789070886	62.92567278702309
62.52949712554342	7.107592317901031	112.07357557826717	23.093595284813016	33.72263713154528	44.71728211934021	-0.0	-0.0	83.26000268380889	62.630520946956885
54.65303175009832	7.128491179432946	111.8139411419086	23.10030227376958	33.72263713154528	44.85660786288631	-0.0	-0.0	82.94422924865066	62.33688685404462
46.86282258098095	7.149259335008655	111.42909179662551	23.107001672734274	33.72263713154528	44.99506223339104	-0.0	-0.0	82.63119635102862	62.0447546445306
39.31056422550409	7.169899031087215	111.1462144111518	23.113694581541854	33.72263713154528	45.1326602072481	-0.0	-0.0	82.31839982613408	61.75412220369104
32.143317801082844	7.190410834891192	110.78521082887285	23.120379856562298	33.72263713154528	45.26940556594128	-0.0	-0.0	82.00721586459248	61.46497565515926
25.500647292223174	7.210794677111371	110.4871769220262	23.127008912306295	33.72263713154528	45.405297847409145	-0.0	-0.0	81.6971305103356	61.696568552200524
19.511901895118577	7.2310524568968555	110.14308766475617	23.133311437158774	33.72263713154528	45.54034971264571	-0.0	-0.0	81.38825709611532	62.70988439582976
14.29369726942264	7.2511844389870275	109.83576506980185	23.139123172775808	33.72263713154528	45.67456292658019	-0.0	-0.0	81.08132417883579	64.07141336773661
9.947644743459037	7.271191105411981	109.5035606749743	23.1443530380879	33.72263713154528	45.80794070274654	-0.0	-0.0	80.77556266007473	65.65853481893836
6.597591535982805	7.261473063292769	109.19111166685221	23.148941899138354	33.95352198110492	45.74315375528513	-0.0	203.69731332757615	80.47208883409468	67.39280027645879
4.426393074993795	7.111007875504967	108.86730351324383	23.152853605168765	36.12684255437169	44.74005250336645	-0.0	409.6198542941348	80.16975676782084	69.20325115100489
3.2087556828295876	6.976370177245605	108.55258243769723	23.156076494283415	39.15575592375398	43.84246784830403	-0.0	485.25859693672726	79.86980830876178	71.01279120432501
3.0715127765343038	6.863403044656933	108.23474886162496	23.15862566892537	42.430255530686075	43.08935363104622	-0.0	486.819413907934	79.5709921902602	72.72955676204525
3.2310442622530378	6.7687371799026685	107.9196798071026	23.160545257143816	45.620885245060755	42.45824786601779	-0.0	470.21889302015705	79.27447351560313	74.2854107666695
3.3850810424098934	6.680201468894841	107.60621277223373	23.161889196808623	48.70162084819786	41.86800979263227	-0.0	453.81166430063166	78.97904382472389	75.6771781869737
3.5336605939952843	6.5958569742350175	107.29205038017538	23.162710945008822	51.673211879905686	41.305713161566786	-0.0	437.4783123367184	78.68572940322066	76.90843561725086
3.676805225069951	6.515484685860237	106.98189875066825	23.16306249075702	54.536104501399016	40.769897905734915	-0.0	421.20952778800347	78.3934729759134	77.98310799607322
3.814536862095695	6.439044082586133	106.66940744598651	23.162994642051107	57.2907372419139	40.26029388390755	-0.0	405.0082731014915	78.10313930076275	78.90556464251479
3.9468787778551078	6.366511479557599	106.3619746303099	23.162556538415533	59.93757555710215	39.77674319705066	-0.0	388.8792149966435	77.81384248920881	79.6807420883275
4.073855912400946	6.297863612079775	106.05156415586387	23.161795690984405	62.477118248018925	39.3190907471985	-0.0	372.82768302518366	77.52628601924911	80.3143114349546
4.195495089622273	6.2330759668690705	105.74643018899593	23.160757520682267	64.90990179244545	38.887173112460474	-0.0	356.859643036201	77.23974578499661	80.8128983672245
4.311825237020681	6.172122136478776	105.43840800264118	23.159485144326876	67.23650474041361	38.48081424319184	-0.0	340.9817534944222	76.95477710844754	81.184373142615
4.422877632805498	6.114973764169501	105.1353739604529	23.158018810857616	69.45755265610995	38.09982509446334	-0.0	325.2014886347388	76.67080635950389	81.43821176700519
4.528686204135948	6.061600492444218	104.82981095740351	23.156395386580808	71.57372408271894	37.74400328296146	-0.0	309.52728961961805	76.3882602107411	81.5859003967063
4.62928786899553	6.011969169306394	104.52877705066142	23.154647596622493	73.5857573799106	37.413127795375964	-0.0	293.96867395936766	76.10669426854932	81.64126285170204
4.724722929880034	5.966043810230227	104.225702661027	23.152803284075308	75.49445859760068	37.10695873486818	-0.0	278.53645187279716	75.82643315125851	81.62043073593873
4.8150355366408775	5.923785702131627	103.92663980413278	23.15088475251858	77.30071073281755	36.825238014210846	-0.0	263.24301575383123	75.54714080059505	81.54102972555691
4.900274257852921	5.885151390217371	103.62602981261576	23.148908555030943	79.00548515705842	36.56767593478247	-0.0	248.10244007824295	75.26906578686174	81.42037229301182
4.980492710088395	5.850093526854291	103.328956110906	23.14688596733248	80.60985420176789	36.333956845695276	-0.0	233.13097402076048	74.99195749751709	81.27324925237342
5.055750332909645	5.818560164695833	103.03076290068454	23.144824059594814	82.1150066581929	36.12373443130555	-0.0	218.34746274375783	74.71600913196957	81.11054590792708
5.126113332200224	5.790492762492401	102.73566037535056	23.14272701351105	83.52226664400447	35.93661841661601	-0.0	203.77368425108546	74.44103531733988	80.9392831296921
5.191655765884256	5.765826367044863	102.43983662804979	23.14059721930551	84.83311531768513	35.77217578029909	-0.0	189.43511441266082	74.16718226208525	80.76356397908128
5.252460892710931	5.744487522278227	102.14674161409256	23.138436069226515	86.04921785421861	35.62991681518818	-0.0	175.36152470811837	73.89431226849085	80.58563718246755
5.308622746959021	5.72639364135584	101.85324417288334	23.136244400682042	87.17245493918041	35.50929094237227	-0.0	161.58799738780485	73.62253501238636	80.40668897451873
5.360248071094234	5.711450715760211	101.5621654029369	23.134022778698597	88.20496142188468	35.40967143840141	-0.0	148.15588173145062	73.35174746679841	80.227331948529
5.407458623562881	5.699550942420356	101.2709482136092	23.13177160983035	89.14917247125763	35.33033961613571	-0.0	135.11391463721336	73.08203014759658	80.04787878269748
5.450393821221804	5.69057222131392	100.98188824440464	23.129491237221647	90.00787642443609	35.27048147542613	-0.0	122.51999839110839	72.81330639309786	79.86848823106325
5.489214001799162	5.6843726398051	100.69290915383023	23.127181953577654	90.78428003598324	35.229150932034	-0.0	110.44190724254597	72.54563409468744	79.68924070525242
5.524104084647175	5.6807857724354465	100.40588636752483	23.12484404268612	91.4820816929435	35.20523848290298	-0.0	98.95759438651977	72.27895622981663	79.51017709431274
5.555276755763558	5.679630477089908	100.11910697700289	23.122477766089748	92.10553511527115	35.197536513932725	-0.0	88.15955752439395	72.01331353900731	79.33131828621747
5.58297719751513	5.680685419609422	99.8341220102277	23.120083390120758	92.6595439503026	35.204569464062814	-0.0	78.14578607252768	71.74866421811329	79.152675213245
5.607484914059394	5.683706359067564	99.54951915238813	23.117661166307084	93.14969828118787	35.22470906045043	-0.0	69.02057890955884	71.48503543839902	78.97425372001177
5.629113013710846	5.688440168002246	99.26655789245585	23.11521135424325	93.58226027421692	35.25626778668164	-0.0	60.89291537783757	71.2223997835479	78.7960571875908
5.64820798989726	5.6945838576343455	98.98407213079314	23.112734200364436	93.9641597979452	35.297225717562306	-0.0	53.837642347783216	70.96077054249452	78.6180876773908
5.665137019152033	5.701845446776007	98.7031458016798	23.110229960473788	94.30274038304066	35.345636311840046	-0.0	47.898608815897205	70.70013075114119	78.44034667340013
5.680272229517438	5.709954879594107	98.42280150987585	23.107698877445227	94.60544459034877	35.39969919729405	-0.0	43.071633702377326	70.44048403114122	78.26283527948013
5.693972900986416	5.718656969341035	98.14387458703061	23.105141203644653	94.87945801972832	35.457713128940235	-0.0	39.277910740818626	70.18182503643703	78.08555449382813
5.706563377455246	5.727747541027655	97.8656302000242	23.1025571790185	95.1312675491049	35.51831694018436	-0.0	36.38695127756036	69.9241470152122	77.90850517093682
5.718318670119616	5.737074981805788	97.58869087329673	23.099947052479518	95.36637340239231	35.580499878705254	-0.0	34.238421114089576	69.66745284590037	77.73168817292925
5.729458589227372	5.746535064473857	97.31256403512911	23.097311061265145	95.58917178454743	35.64356709649238	-0.0	32.669247051398685	69.41172619648803	77.55510427996059
5.740150653476727	5.756056510456677	97.03758130444336	23.094649450880418	95.80301306953453	35.707043403044516	-0.0	31.52960610675125	69.15698191400352	77.37875430505454
5.750517083788545	5.765595279933474	96.7635285037212	23.09196245604471	96.0103416757709	35.770635199556494	-0.0	30.698326649152094	68.90319328679698	77.20263899820678
5.760644487102404	5.775123920275716	96.49049626406602	23.08925031870249	96.21288974204808	35.83415946850477	-0.0	30.08262909607472	68.65038314883306	77.02675914374463
5.770592889293789	5.784625422449532	96.21855260797822	23.086513271185733	96.41185778587578	35.89750281633022	-0.0	29.61474839052213	68.39851491113471	76.85111547273418
5.78040317873806	5.794089838723305	95.94742283564885	23.083751551713558	96.60806357476119	35.96059892482203	-0.0	29.24749987738801	68.14762419940214	76.67570874506177
5.790103022843545	5.803510606337814	95.67753002454165	23.080965390707703	96.80206045687089	36.023404042252096	-0.0	28.947780025276604	67.89766416791336	76.50053967790836
5.799710965887706	5.812883822802931	95.4082917151082	23.07815502229261	96.99421931775412	36.08589215201954	-0.0	28.69326675723	67.64867732436961	76.32560900642886
5.809239420106641	5.822207043852894	95.14053323607536	23.075320675397784	97.18478840213281	36.1480469590193	-0.0	28.468868683894744	67.40060705324161	76.15091743677245
5.8186966647599725	5.831478981835197	94.87314277070686	23.072462579480433	97.37393329519945	36.20985987890131	-0.0	28.26472743900997	67.15350945310203	75.97646567656881
5.828088265524805	5.840698834876841	94.60739866783659	23.069580962443585	97.5617653104961	36.27132556584561	-0.0	28.07419784254329	66.907318804134	75.80225442362851
5.837417980423961	5.8498662190238395	94.34192667489079	23.066676049166492	97.74835960847922	36.33244146015893	-0.0	27.892918680059434	66.66209172068494	75.62828435859755
5.846688380050156	5.858980985558071	94.07818407355987	23.06374806640546	97.93376760100311	36.393206570387136	-0.0	27.7180057768349	66.41776611827736	75.45455617043486
5.855901253052884	5.86804315694778	93.81460738583701	23.06079723455201	98.11802506105766	36.45362104631854	-0.0	27.54757690670865	66.17439586197094	75.28107051362336
5.865057875735142	5.877052862105256	93.5527915951593	23.057823778961872	98.30115751470284	36.51368574736837	-0.0	27.3804062813552	65.93192246626495	75.10782806702618
5.874159188844218	5.886010297640797	93.2911642766841	23.054827916102855	98.48318377688436	36.57340198427198	-0.0	27.215699509404164	65.6903919000669	74.93482946145522
5.883205918245275	5.894915673107566	93.03125241839669	23.05180986940875	98.66411836490549	36.632771154050445	-0.0	27.052905183976467	65.44975557046646	74.76207536334337
5.892198643499884	5.903769247914315	92.77156603729044	23.048769851968817	98.84397286999767	36.69179498609544	-0.0	26.891685999616186	65.21005075978141	74.58956638321582
5.901137849312773	5.912571305676294	92.5135080184895	23.045708084965664	99.02275698625546	36.75047537117529	-0.0	26.731835378814427	64.97123892926533	74.41730317272331
5.910023962434304	5.9213221162724485	92.2557517869121	23.04262477826923	99.20047924868607	36.80881410848299	-0.0	26.573193539431003	64.73334553929827	74.2452863230229
5.918857369461073	5.930021953089904	91.99955519966691	23.03952015069335	99.37714738922146	36.86681302059936	-0.0	26.41564833203814	64.49634206208303	74.07351647107174
5.927638429494866	5.938671097889035	91.74374936628769	23.036394409152614	99.55276858989733	36.9244739859269	-0.0	26.259127453811907	64.26024417049271	73.90199418996617
5.936367475299484	5.947269896908085	91.48934185077522	23.033247770238187	99.72734950598968	36.98179931272057	-0.0	26.103665461723367	64.02503954401661	73.73072010189843
5.94504484418399	5.955818572482616	91.23545336626871	23.030080437319455	99.90089688367978	37.03879048321744	-0.0	25.94914292735193	63.79072277508594	73.55969475948115
5.953670852895329	5.964317435454726	90.98285701008363	23.026892625056497	100.07341705790658	37.095449569698175	-0.0	25.795569580109895	63.55729890045213	73.3889187726589
5.962245815767453	5.97276676928262	90.73089377886527	23.023684534126065	100.24491631534904	37.151778461884135	-0.0	25.642924846786332	63.32475107839908	73.21839267696866
5.970770040919189	5.9811668673566265	90.48005409900495	23.02045637609149	100.41540081838377	37.20777911571084	-0.0	25.491207353514156	63.09309523879809	73.04811706395319
5.979243833995825	5.989518013999242	90.23001143175235	23.01720834965366	100.58487667991649	37.26345342666161	-0.0	25.340407459502057	62.86230255312204	72.87809245639255
5.987667498987009	5.997820483112636	89.98094834438675	23.013940662974875	100.75334997974018	37.31880322075091	-0.0	25.190504319121583	62.63239863674362	72.70831942586054
5.996041334426337	6.006074567611443	89.73281469244054	23.01065351302056	100.92082668852674	37.37383045074296	-0.0	25.04150702472029	62.403347089280466	72.538798483713
6.0043600044766325	6.014320999559426	89.48544797593009	23.007347028384107	101.08720008953264	37.42880666372951	-0.0	24.951196217307732	62.1751842218864	72.3694188400047
6.013229496391149	6.027587581676897	89.23920983609936	23.004043921946998	101.26458992782297	37.455011818411286	-0.0	29.95630702138197	61.94785146675463	71.95731857913799
6.024644029736927	6.047614701794282	88.99358795560663	23.000901033059694	101.49288059473854	37.35274027499011	-0.0	37.89019666859308	61.721281629679744	70.94458839535555
6.038575700967428	6.071649716940439	88.7492394417626	22.99809767574733	101.77151401934854	37.11809592982421	-0.0	45.465657350501516	61.4952307069292	69.43532600344459
6.054773610110479	6.0972325770575875	88.50534491734857	22.99577601104823	102.09547220220958	36.76360347908328	-0.0	51.51393436920008	61.2696364311045	67.55488757404177
6.072784227831795	6.123325917126511	88.26281756071532	22.994032226327956	102.45568455663589	36.31932039998073	-0.0	56.20369721752985	61.04433299940751	65.45926976548894
6.09212556279708	6.148813302690127	88.02067647571981	22.992908365979876	102.8425112559416	35.818648256055894	-0.0	59.52296819980846	60.81930971238138	63.32244927316347
6.1123102900122674	6.172410652074436	87.77996945000177	22.99238936001667	103.24620580024535	35.29398214687314	-0.0	61.2884379706773	60.5945232141687	61.318480762577
6.132821041372064	6.193290607409702	87.53959528456973	22.992405954634673	103.65642082744127	34.777570571896504	-0.0	61.47640097917576	60.37008001339527	59.60372884493559
6.153129126096933	6.211025445070865	87.30068894581386	22.992843013536532	104.06258252193865	34.29905597268879	-0.0	60.154134819401705	60.14602266681527	58.301982667162804
6.172732816366483	6.225091921023548	87.06206124292302	22.993551924968003	104.45465632732964	33.88161130877376	-0.0	57.20527983557619	59.92253194001123	57.49422758105579
6.191122089964128	6.235476002652714	86.8249463939555	22.994365463781815	104.82244179928254	33.545345152083335	-0.0	52.65092157822722	59.699713294462626	57.213894364619236
6.207810768174363	6.242309490521444	86.58809542659523	22.99511330454989	105.15621536348725	33.305486343883466	-0.0	46.4345792130451	59.47776374428058	57.44738368419507
6.221965086296166	6.247639813316166	86.35273502792641	22.99563667060277	105.4393017259233	33.18280508552245	-0.0	40.05833794293032	59.256783541478356	58.13862659203463
6.234781427389956	6.243434165255618	86.11764847478027	22.995801119401246	105.69562854779912	33.137479455015594	-0.0	23.255023470292343	59.03696015072608	59.195255223872444
6.239581712281793	6.252552344404736	85.88398783707832	22.995507702512906	105.79163424563585	33.297422247080824	-0.0	28.472170758197677	58.81833798046567	60.491340520772745
6.548094168135043	6.2525671503205675	85.65070861421478	22.994709269073706	105.83982629571518	33.53498855460002	-0.0	-0.0	58.60100542357805	61.77569783230457
7.721924389267357	6.246646460741744	85.41870892700119	22.993482406628345	105.83982629571518	33.86003435934728	-0.0	-0.0	58.38488873333946	62.83448736122941
9.77000809500206	6.2361887484443415	85.18719776709634	22.991764754301016	105.83982629571518	34.26764287399168	-0.0	-0.0	58.17001454007328	64.34944232903335
12.682362809892073	6.2232854777304185	84.95686527381866	22.989424133035804	105.83982629571518	34.751755134237754	-0.0	-0.0	57.956480559956084	66.21773157280259
16.44479355284846	6.209022833531384	84.72707101798885	22.986365369692958	105.83982629571518	35.29510440001252	-0.0	-0.0	57.744394103891274	68.31774044413731
21.038962024315293	6.19482038338001	84.49840580843062	22.982535385196616	105.83982629571518	35.8767896727709	-0.0	-0.0	57.533806536209035	70.51349759583292
26.442475988130774	6.182328137319407	84.27031312401624	22.977926772442984	105.83982629571518	36.47226409874131	-0.0	-0.0	57.324729513848496	72.6613537738674
32.62899841259183	6.173144186518996	84.04326615879349	22.97257913296048	105.83982629571518	37.05292367927721	-0.0	-0.0	57.11712626755365	74.61716373103867
39.56837583859739	6.168835546505193	83.81686860599682	22.966578005113217	105.83982629571518	37.588451636748026	-0.0	-0.0	56.910918037026924	76.24371798346078
47.22678534933672	6.170722041098628	83.59142005165641	22.960051399207252	105.83982629571518	38.04860170290447	-0.0	-0.0	56.70600123140255	77.41813868835179
55.56689942506341	6.179803843479643	83.36667840729874	22.953163954460315	105.83982629571518	38.406509437198125	-0.0	-0.0	56.50221574874343	78.03890905857173
64.54806787955363	6.196556805902524	83.14281584729193	22.946108942822555	105.83982629571518	38.64118772759643	-0.0	-0.0	56.29939148838553	78.03216032070063
74.12651599141984	6.2142173400480605	82.91971704506807	22.93907684921488	105.83982629571518	38.76144893365374	-0.0	-0.0	56.09732984025936	77.5945943164508
84.17064213279119	6.2279759356253495	83.9973138467236	22.932123818723618	105.73289589021479	38.853172904169	124.89814148370199	-0.0	55.89617993890129	77.15068569097929
93.10789896861016	6.24191318982731	90.29246631216647	22.925290362728077	103.85446427599663	38.94608793218207	503.377531361832	-0.0	56.17317876797737	76.7097358185645
99.17055648611513	6.256590815411238	90.40668561904994	22.918979398131462	99.05301657631924	39.04393876940826	888.1150702672866	-0.0	58.31804693770727	76.27384532070172
102.86847125946889	6.2720910631274815	92.33604305932721	22.9137299753802	92.71950243941305	39.14727375418321	973.6110814964829	-0.0	61.59325020415254	75.84581668458799
105.36958997888092	6.288416804980416	95.54450567334273	22.90971361126348	86.31500983701085	39.256112033202776	940.3497155305773	-0.0	64.96508734715206	75.42650819538514
107.07922388827153	6.305544575055175	98.51355734865017	22.90690519659217	80.23904273864854	39.3702971670345	878.0147997419648	-0.0	68.17107176496125	75.01574207563414
108.25065442963172	6.323434577510793	101.21199953814269	22.905231141070605	74.649478567552	39.48956385007195	795.9139025259032	-0.0	71.11250182555777	74.61308710084698
109.13495685410257	6.342034734222775	103.61642774917587	22.9045912566135	69.64441005175283	39.6135648948185	704.7464930337737	-0.0	73.72495763611037	74.21797471533273
109.9251695355715	6.361283906188742	105.72933455866071	22.904871272372052	65.25030172793998	39.74189270792495	614.5121218673974	-0.0	75.98475541174729	73.82976545442772
110.72964058305108	6.3811151324611215	107.58110203441649	22.905955531003965	61.432208367897054	39.87410088307414	532.3236509653814	-0.0	77.90456868275332	73.44781596003023
111.57317709371829	6.4014589922068	109.18098906629052	22.90773743918191	58.115091487503655	40.009726614712	464.00099403826573	-0.0	79.52440902555794	73.07153385235081
112.41569506262441	6.422246951161584	110.55501480083082	22.910126132058668	55.20605960181788	40.148313007743894	409.2202628920312	-0.0	80.89718963583337	72.70041243560756
113.20533895830809	6.443414398818389	111.70814232025806	22.91304804740599	52.624676713256406	40.28942932545593	367.07996053244653	-0.0	82.07297964581183	72.33403849923484
113.90441359867636	6.464902993633797	112.69788677621217	22.916443967372782	50.3115765932113	40.43268662422531	329.5260445272521	-0.0	83.0881338112534	71.97207629017046
114.5125949194389	6.486661961790723	113.54723946525564	22.92026415775825	48.23325659654378	40.57774641193816	294.7575119933211	-0.0	83.96465491759707	71.61424159008402
115.04525979139133	6.5086481835084475	114.26536585612247	22.924464610620195	46.36777633202381	40.72432122338965	264.93481117851866	-0.0	84.71652802065198	71.26028172592684
115.50882812462442	6.53082521678245	114.8744625523119	22.929005554921133	44.69309853107653	40.872168111883	238.941209313351	-0.0	85.3560548109048	70.90996759101286
115.90174332981101	6.5531617166750635	115.3907806848886	22.933851324183227	43.18760938874236	41.02107811116709	214.44495341000066	-0.0	85.895639942972	70.56309282786468
116.22422995904385	6.575629839445383	115.82084086861455	22.93897017453852	41.83354938910482	41.170865596302555	190.53875757608222	-0.0	86.34629326141973	70.21947275248017
116.4861075868494	6.598204094893037	116.15078745189814	22.94433359720989	40.61904591764639	41.32136063262025	173.72050007300066	-0.0	86.71652872146835	69.87894063068445
116.68437294062943	6.620860804350487	116.42805499268604	22.949915580012025	39.5297496373654	41.47240536233658	151.88355840875218	-0.0	87.01308238485278	69.54134370782535
116.83500055056001	6.643578014642289	116.60718109053192	22.955692228393115	38.55948736797539	41.62385343094859	143.19131049937292	-0.0	87.24207434197417	69.2065411469853
116.92421298216018	6.666335566617343	116.75591129212245	22.961641615257374	37.69378508834022	41.77557044411562	123.07376691804112	-0.0	87.40917095387857	68.8744031781778
116.96279597650373	6.68911506411751	116.83269363968525	22.96774364753232	36.92762311191334	41.9274337607834	108.20910457841953	-0.0	87.51971137865202	68.54481033997051
116.95482051563712	6.711899659864333	116.85568333616519	22.973979715604933	36.25488647290338	42.07933106576222	94.45817144363139	-0.0	87.57701420653903	68.21765158369618
116.90037754565678	6.734673738376928	116.82710048471542	22.980332313124887	35.669285481576786	42.23115825584619	81.20920812766764	-0.0	87.58482143510993	67.89282223557564
116.72634290853085	6.75742263524788	117.03940949632765	22.986785007452745	35.143909718886384	42.382817568319204	-0.0	-0.0	87.54550652143313	67.57022380651537
116.66480934667723	6.780132477675933	116.52632020288142	22.993323151800926	34.74272977817535	42.53421651783955	111.6423886416929	-0.0	87.46758119000187	67.24976770506049
116.53875657027393	6.802790130859261	116.49308781293738	22.9999304697676	34.40948917682184	42.68526753906174	64.1107491789804	-0.0	87.33009678670707	66.93135722399963
116.32891847339089	6.825383172252483	116.28978222029275	23.00658973693115	34.13596900199641	42.835887815016555	59.348654397822585	-0.0	87.15806422467656	66.61489122719014
115.99616094593236	6.847899825925574	116.01348233107548	23.013292526644808	33.90892466750209	42.98599883950383	-0.0	-0.0	86.965073468846	66.300315281226
115.6729962287881	6.870328811297649	115.68820809892335	23.020028558043876	33.76467997908109	43.135525408651	-0.0	-0.0	86.73161479752132	65.98756547945229
115.1183218762188	6.892658958587122	115.23300947657567	23.026782132205476	33.71694358596928	43.28439305724748	-0.0	-0.0	86.44938830914776	65.67654981913284
113.64950023923765	6.914879250709358	115.29143946340535	23.03353535406762	33.71694358596928	43.43252833806239	-0.0	-0.0	86.11144815598271	65.3671652504894
111.11793110958725	6.936976032317217	114.61131420227177	23.040280799142334	33.71694358596928	43.579840215448115	-0.0	-0.0	85.79549481241294	65.05936430020733
107.57291038891017	6.9589372786329795	114.55613872923769	23.047022412927802	33.71694358596928	43.72624852421986	-0.0	-0.0	85.46384368991767	64.75315932985639
103.08346838362853	6.98076410480712	113.97978202286552	23.05375632623986	33.71694358596928	43.871760698714134	-0.0	-0.0	85.14656809605619	64.44852167690588
97.7370256144503	7.002456887232298	113.83961357597859	23.06048579684609	33.71694358596928	44.01637924821532	-0.0	-0.0	84.82038793120958	64.14546019167061
91.63769052296287	7.0240134171875255	113.3410864759197	23.067207689745004	33.71694358596928	44.16008944791684	-0.0	-0.0	84.50302038571867	63.84395015836422
84.90423222324394	7.045437133309741	113.13912859759805	23.073924562031113	33.71694358596928	44.30291422206494	-0.0	-0.0	84.181245469412	63.54399684171941
77.66776777393657	7.066728120533493	112.69780798545712	23.080633946768295	33.71694358596928	44.44485413688995	-0.0	-0.0	83.86465123732644	63.24557912753919
70.06920900538547	7.087885897746173	112.45221231306274	23.087337784603356	33.71694358596928	44.58590598497449	-0.0	-0.0	83.54652644346778	62.94869913380579
62.256518618388604	7.1089132372189034	112.05214178446792	23.094034180462774	33.71694358596928	44.726088248126025	-0.0	-0.0	83.23130134787974	62.65333884320758
54.3818289850502	7.1298098623744615	111.77676281490956	23.100724561013607	33.71694358596928	44.86539908249641	-0.0	-0.0	82.91630311950155	62.359497762891024
46.59847975589521	7.150576243078468	111.4059349344849	23.107407498862727	33.71694358596928	45.00384162052312	-0.0	-0.0	82.6028452734682	62.06716042484575
39.058031958250886	7.17121439438517	111.11104546021208	23.114084008902253	33.71694358596928	45.14142929590113	-0.0	-0.0	82.29061939786233	61.7763242606868
31.90731672881412	7.191724081495869	110.76066658367304	23.120753033223767	33.71694358596928	45.278160543305795	-0.0	-0.0	81.9791830177607	61.486975834998134
25.285576148910792	7.212106274804829	110.45369367282153	23.127364059550185	33.71694358596928	45.4140418320322	-0.0	-0.0	81.66951968351182	61.73581217849637
19.32175185732657	7.232362377855212	110.1174538233967	23.133642701925194	33.71694358596928	45.54908251903475	-0.0	-0.0	81.36052551864458	62.7610459876179
14.131974238279557	7.252492382689357	109.80364474979932	23.139427535265128	33.71694358596928	45.68328255126238	-0.0	-0.0	81.05391623185338	64.12994589922151
9.817301076062966	7.272497447335818	109.47714027663187	23.144628596119276	33.71694358596928	45.816649648905454	-0.0	-0.0	80.74812635966725	65.72199691235977
6.5026112610381865	7.260544174104052	109.16010180626193	23.149187398965857	33.96171222515251	45.73696116069368	-0.0	217.64835645282648	80.44490478567485	67.45910456932002
4.366805216476578	7.107924619912568	108.84032395870756	23.153068550142063	36.18476638528867	44.71949746608379	-0.0	413.90815734260343	80.14260704885113	69.27015338766641
3.184555386221454	6.973739981540188	108.5224503411325	23.156261127218276	39.23202194113362	43.82493321026792	-0.0	486.64569987560856	79.84286017955682	71.07760385850212
3.0753964559892246	6.8615676619383414	108.20740992083073	23.158781259508206	42.50792911978449	43.07711774625561	-0.0	486.45215630298094	79.54411708811462	72.7890782022078
3.234808135423673	6.7671597626559175	107.89024939333046	23.160673749921266	45.69616270847345	42.44773175103945	-0.0	469.8637852633626	79.24776334764229	74.33888622255122
3.3887270019537694	6.67872884658862	107.57867840859802	23.161992596657267	48.77454003907539	41.8581923105908	-0.0	453.4590558029227	78.95242845154507	75.72473273147492
3.5371892502140074	6.594472647821409	107.2631739762274	23.162791179988233	51.74378500428014	41.29648431880939	-0.0	437.1272267320609	78.65925355345273	76.95020542849225
3.6802170756604387	6.5141866112493965	106.95429058863046	23.163121470913865	54.604341513208766	40.76124407499598	-0.0	420.85994817077795	78.36710365568382	78.01924369712358
3.8178324244721016	6.437831665144692	106.64097539307983	23.163034199578703	57.35664848944203	40.252211100964615	-0.0	404.6602927667069	78.07689278524903	78.93623494085773
3.9500586013801424	6.365384152347619	106.33435280601748	23.16257846800448	60.00117202760285	39.76922768231746	-0.0	388.5329418922767	77.78770865259247	79.70613924348663
4.07692058682365	6.2968208000340065	106.02351175553129	23.16180170083833	62.53841173647301	39.312138666893375	-0.0	372.4832389861955	77.50026178893962	80.33465804723185
4.19844524871952	6.232117130036708	105.71890500681614	23.16074925571978	64.9689049743904	38.88078086691139	-0.0	356.517170108712	77.21383591712885	80.82845676419646
4.314661562233576	6.171246611124171	105.4106676828684	23.15946414173775	67.29323124467152	38.47497740749447	-0.0	340.641403172988	76.92896994746691	81.19545713192628
4.425600860833708	6.114180931051037	105.10796131354589	23.15798650653696	69.51201721667414	38.09453954034025	-0.0	324.86343959975414	76.64511232452361	81.44520108105228
4.531297135036359	6.060889574917675	104.80233929995703	23.156353069886833	71.62594270072718	37.7392638327845	-0.0	309.1917325747605	76.36266391313326	81.58925496666349
4.631787369544709	6.011339426624068	104.50151758181416	23.154596400726334	73.63574739089417	37.40892951082712	-0.0	293.63583495115165	76.08120850262831	81.64153027436201
4.7271119449	5.965494579927908	104.19848786886196	23.152744143781465	75.542238898	37.10329719951939	-0.0	278.2066043235571	75.80104212335726	81.61823301799676
4.817315108712514	5.923315768190694	103.89954136833889	23.15081839961341	77.34630217425028	36.82210512127129	-0.0	262.9164148876715	75.52185823850559	81.53701491889136
4.902445526819088	5.884759746258173	103.59904304872326	23.148835512059403	79.04891053638177	36.56506497505449	-0.0	247.77941543829428	75.24387568588884	81.4151339966932
4.982556929735988	5.849779344473342	103.3020382037556	23.146806586246534	80.65113859471975	36.33186229648895	-0.0	232.81194325267037	74.9668739859169	81.26725509053377
5.057708901325639	5.818322052762012	103.00397947675881	23.14473856138716	82.15417802651278	36.122147018413415	-0.0	218.03284606859881	74.69101791427916	81.10411460371049
5.127967809655782	5.790329057712596	102.70893212820451	23.142635539255057	83.55935619311565	35.93552705141731	-0.0	203.46394767513695	74.41614837941707	80.9326081437904
5.193407877230999	5.765736119502909	102.41326222362102	23.140499859755245	84.86815754461996	35.771574130019395	-0.0	189.1309470763429	74.14238723821936	80.75675377675113
5.254112611594439	5.744468247319629	102.12020798566087	23.13833289039723	86.08225223188879	35.6297883154642	-0.0	175.0634948606487	73.8696199977828	80.57874992081769
5.3101762588707135	5.726444185628883	101.82687063645305	23.136135453156292	87.20352517741426	35.509627904192556	-0.0	161.29707195850014	73.59793457769948	80.3997549311963
5.361705902121644	5.711568220662205	101.53582254376778	23.13390810676808	88.23411804243287	35.4104548044147	-0.0	147.87290119824206	73.32724824001001	80.22036676579343
5.408823564954741	5.699734791379265	101.2447544513112	23.1316512531418	89.17647129909481	35.33156527586176	-0.0	134.84046741068775	73.05762306212608	80.0408904874974
5.451669284816974	5.690815729576266	100.95575298977411	23.129365234138945	90.03338569633948	35.272104863841776	-0.0	122.25650411105217	72.7889985525646	79.86148100215755
5.490403647680987	5.684675111173974	100.6669147143567	23.127050340540222	90.80807295361973	35.2311674078265	-0.0	110.19059155985926	72.52141797480206	79.68221673801654
5.525212155268359	5.681145038573441	100.37994541931022	23.124706856155868	91.50424310536718	35.20763359048961	-0.0	98.72084484326321	72.25483798223398	79.50313760432037
5.55630861043841	5.680034723278108	100.09330924122376	23.12233504158735	92.12617220876818	35.20023148852072	-0.0	87.93680715423505	71.98928654296596	79.32426398965087
5.583937982397528	5.6811394404777875	99.80836934232963	23.119935163367774	92.67875964795057	35.20759626985192	-0.0	77.9428709377336	71.72473520067304	79.14560657314927
5.608380912077268	5.6842058838294225	99.52388401060472	23.11750747219588	93.16761824154537	35.228039225529486	-0.0	68.84083624208553	71.46119818804183	78.96717107306702
5.629952584159443	5.688962480762793	99.24097908429614	23.115052227889585	93.59905168318885	35.25974987175196	-0.0	60.729881752802676	71.19865817288175	78.78896080922085
5.6489977974127825	5.695136990269049	98.95865529627184	23.112569676444696	93.97995594825565	35.30091326846033	-0.0	53.700088952595216	70.93711827483641	78.6109778075477
5.665884872686043	5.702424969204646	98.67776596532856	23.110060073594198	94.31769745372085	35.34949979469764	-0.0	47.78866008178833	70.67657415273034	78.4332235365229
5.680986722851009	5.710547641156583	98.39756042300043	23.10752366198154	94.61973445702017	35.403650941043885	-0.0	42.983222239594426	70.41701768288006	78.25569909078607
5.694661446120495	5.7192579891272795	98.11866746306431	23.10496069369339	94.8932289224099	35.4617199275152	-0.0	39.208212633630936	70.15845331373474	78.07840546269249
5.707232072050894	5.728356161189709	97.84059643300797	23.102371408641922	95.14464144101787	35.522374407931395	-0.0	36.33532126149414	69.90086309325666	77.90134350412667
5.718972662543903	5.737689456205106	97.563677462651	23.099756055318192	95.37945325087806	35.58459637470071	-0.0	34.20233330966154	69.64426295216013	77.7245140736609
5.730102180439033	5.747151706939522	97.28769283469367	23.097114871158627	95.60204360878066	35.64767804626348	-0.0	32.64345885902013	69.38862552421509	77.54791795175015
5.740786784778366	5.756674890548207	97.01271364315943	23.094448100995596	95.81573569556731	35.711165936988046	-0.0	31.512007403767175	69.13397520960518	77.37155594714183
5.751148113119053	5.766213106923534	96.73890013661817	23.091755979957586	96.02296226238107	35.77475404615689	-0.0	30.68488410895525	68.88027077443526	77.19542881161777
5.761271781717204	5.775741924561149	96.4658169971967	23.089038748896517	96.22543563434407	35.83827949707433	-0.0	30.07297670245848	68.6275548929746	77.01953732306126
5.771217459114743	5.785243526573486	96.1940659207921	23.08629664122179	96.42434918229485	35.901623510489905	-0.0	29.607924887965922	68.37577336246972	76.84388221780245
5.781025746381034	5.794707688553691	95.92289081473551	23.08352989354179	96.62051492762068	35.964717923691275	-0.0	29.242458613992774	68.12497551761766	76.66846424698153
5.79072408036235	5.804127905422509	95.65327833541667	23.080738737793776	96.81448160724699	36.02751936948339	-0.0	28.943722398128855	67.8750986363545	76.4932841353677
5.800330813944998	5.813500592469284	95.3839894468463	23.077923405849944	97.00661627889995	36.090003949795225	-0.0	28.68991386825415	67.6262030060332	76.31834260577435
5.809858254814348	5.822823327637788	95.11638406768238	23.075084128587026	97.19716509628695	36.15215551758525	-0.0	28.466068423036642	67.37822080468564	76.1436403742089
5.819314625980869	5.832094731990036	94.84903847460639	23.07222113341972	97.38629251961737	36.21396487993358	-0.0	28.262282738181966	67.13121001959172	75.96917813707569
5.828705447724936	5.841314012457975	94.58342670479776	23.06933464965756	97.5741089544987	36.275426749719834	-0.0	28.071966368869642	66.88510682947212	75.79495659936958
5.838034444625825	5.850480813264521	94.31802500920189	23.06642490069988	97.7606888925165	36.336538755096804	-0.0	27.890823579063717	66.63996569794945	75.62097643352783
5.847304166596601	5.859594996329446	94.05434477330704	23.063492114174174	97.94608333193202	36.39729997552964	-0.0	27.716003649567284	66.39572960071611	75.44723833281381
5.856516386899337	5.868656604696778	93.79087485471524	23.06053650929918	98.13032773798672	36.45771069797852	-0.0	27.54566412958786	66.15244231616217	75.27374294469499
5.8656723782703715	5.877665731098544	93.5291526076961	23.05755831232803	98.31344756540743	36.51777154065696	-0.0	27.378541812170592	65.91005625331739	75.10049095287854
5.8747730757333905	5.886622575043643	93.26762849128542	23.054557738520842	98.49546151466781	36.577483833624285	-0.0	27.213851379229286	65.6686085096882	74.92748298146762
5.883819196435735	5.895527385446546	93.00776676992007	23.05153501211313	98.6763839287147	36.63684923631031	-0.0	27.051096339625328	65.42806092137513	74.754719700325
5.892811320973246	5.904380395809731	92.74818921376688	23.048490345123287	98.85622641946492	36.69586930539821	-0.0	26.88990846545081	65.18843840820698	74.58220171420471
5.901749934980622	5.913181872379545	92.49018889697	23.045423959271105	99.03499869961244	36.75454581586364	-0.0	26.730059622692224	64.94971325659048	74.40992967742595
5.910635460550976	5.921932112530646	92.23257062972198	23.042336063739928	99.21270921101952	36.81288075020431	-0.0	26.57142729943906	64.71190042318466	74.2379041769055
5.919468282729581	5.930631395860607	91.97639912434789	23.03922687760699	99.38936565459161	36.87087597240405	-0.0	26.413908659816585	64.47498436958307	74.06612585057412
5.928248760774112	5.939280000295913	91.7207051532246	23.036096607352885	99.56497521548224	36.928533335306085	-0.0	26.257426951484398	64.23896867863827	73.89459526889618
5.936977236737381	5.947878201512693	91.466340893055	23.032945469228704	99.73954473474762	36.98585467675129	-0.0	26.10192135565832	64.00384759666197	73.72331305259087
5.945654030980208	5.956426344913173	91.2126249534372	23.029773667061974	99.91308061960414	37.04284229942115	-0.0	25.947439581013075	63.76961035428842	73.55227975518883
5.954279472841061	5.964924648342009	90.95999713721542	23.026581414654732	100.08558945682121	37.0994976556134	-0.0	25.793864945162145	63.5362736839107	73.38149598264869
5.96285386983294	5.9733734442101785	90.70822722690033	23.02336891318289	100.25707739665879	37.15582296140119	-0.0	25.641244091841816	63.30380398987563	73.21096227230159
5.971377534018616	5.981772996687803	90.45738437705353	23.020136373274223	100.42755068037232	37.21181997791869	-0.0	25.489535437589936	63.07223276104165	73.04067921071821
5.979850770422438	5.9901235945619105	90.20752936210543	23.016883994295025	100.59701540844875	37.26749063041274	-0.0	25.33873534170649	62.84151773861182	72.87064732376852
5.988273880885156	5.998425526679254	89.95842912095344	23.013611983334485	100.76547761770311	37.32283684452836	-0.0	25.188844001484288	62.61169877480625	72.70086717695321
5.996647165395434	6.006679075312461	89.71045646612757	23.01032053830785	100.93294330790867	37.377860502083074	-0.0	25.03985562686468	62.382726342113095	72.53133928632262
6.004970921801843	6.014884520782127	89.46309419672204	23.007009862514987	101.09941843603686	37.43256347188085	-0.0	24.891764426568	62.15464565969251	72.36206419535104
6.013882826562184	6.028663801675902	89.21705858855012	23.003705259645304	101.27765653124366	37.457100107559384	-0.0	30.394258415158234	61.92738558760544	71.93092097716091
6.025369389269493	6.048945080942717	88.97142932553105	23.00056738623963	101.50738778538985	37.35084338474168	-0.0	38.38594442731007	61.70088682256496	70.89986254942637
6.039433619211653	6.07252401149994	88.72722201785257	22.997774447197735	101.78867238423305	37.10832669228689	-0.0	45.47691192262207	61.47491862625443	69.37597760634844
6.0556761282035785	6.098467931820507	88.48333307928992	22.995467235848228	102.11352256407156	36.752422695168434	-0.0	51.715449587701066	61.24937580543815	67.4856624936028
6.073735450291332	6.124645029401402	88.24094660593148	22.99374024305727	102.47470900582664	36.30620995881693	-0.0	56.407877946075715	61.02412722783325	65.38577116687206
6.093121031952385	6.150008938852548	87.99883336530361	22.99263362121879	102.86242063904768	35.80366563482357	-0.0	59.62796475866187	60.79916764026205	63.25058135140076
6.113329142516114	6.173482689956634	87.75827279785423	22.99213041845499	103.26658285032227	35.27845001036265	-0.0	61.315550352520766	60.574445063506296	61.253836892653126
6.1338432144699455	6.194271541464892	87.51790211424508	22.99215968720906	103.6768642893989	34.762855611977116	-0.0	61.455434561836455	60.350060356928914	59.55103561049876
6.154148808760687	6.211735387901202	87.27912532070056	22.992604954903435	104.08297617521373	34.28508612117811	-0.0	59.993009561799575	60.126070532792525	58.26467701253435
6.1737078783147314	6.225883808276368	87.04055385992554	22.993316738610798	104.47415756629462	33.8712080392045	-0.0	57.105127813553594	59.902645729161016	57.47420826955071
6.192027605980253	6.236386689619934	86.80353721566341	22.994127461633724	104.84055211960505	33.53926104166324	-0.0	52.653990613058596	59.679900569163685	57.21145754418963
6.208653417377777	6.242964580164419	86.56675357463638	22.994866950173467	105.17306834755553	33.30200414807235	-0.0	46.308181503543864	59.45803248906033	57.461318763903016
6.223125320312095	6.246196814465371	86.33145689756427	22.99537704169219	105.46250640624189	33.171933264307036	-0.0	37.97325880905894	59.23714805149904	58.166414392599044
6.2375742539323245	6.236973850729414	86.0964720132787	22.99552430233407	105.75148507864648	33.10310997152972	-0.0	-0.0	59.0173989274626	59.23325299818819
6.244241244835327	6.246857054259752	85.86287357747632	22.995211153491407	105.88482489670653	33.27152690636746	-0.0	12.786246088143045	58.79887291625104	60.53475662535096
6.576974172352031	6.25023777579274	85.62968889895862	22.994393503673304	105.91337388598505	33.53194099111036	-0.0	-0.0	58.58163271452149	61.80618333469677
7.780906093400986	6.244105020086342	85.39774264676444	22.993148993306058	105.91337388598505	33.85947487881475	-0.0	-0.0	58.36560988442439	62.877861169712105
9.859440312209381	6.233723375280278	85.16632767955355	22.99140869015824	105.91337388598505	34.270663189810584	-0.0	-0.0	58.15081282506285	64.40628976425069
12.802445935804235	6.220705394807624	84.93605728227779	22.98904165946432	105.91337388598505	34.75653171209754	-0.0	-0.0	57.93737732580341	66.28428847592707
16.595578588851943	6.206302982119234	84.70637848890584	22.98595405081427	105.91337388598505	35.30055499907506	-0.0	-0.0	57.72540653627479	68.38966647251078
21.22035032893977	6.19234523566814	84.47769892721324	22.98209426841773	105.91337388598505	35.884148814612885	-0.0	-0.0	57.51489625285424	70.58608851128787
26.654219757865683	6.179859272192991	84.24981665419199	22.977456456026534	105.91337388598505	36.47885317090906	-0.0	-0.0	57.30592680908381	72.72977410379627
32.870701889668	6.1708144390599795	84.02269716902212	22.972081781850704	105.91337388598505	37.05825058049525	-0.0	-0.0	57.09841156745916	74.67669191990397
39.839497239941686	6.16668237732578	83.79651341207907	22.96605726331902	105.91337388598505	37.59145001531832	-0.0	-0.0	56.89228527921641	76.28999493161035
47.526639507266296	6.168838747405574	83.57099884611007	22.95951223562608	105.91337388598505	38.04870620221838	-0.0	-0.0	56.6874707991149	77.44740960282995
55.89466112680341	6.178173200688885	83.34646246546185	22.952612430494227	105.91337388598505	38.402696375843114	-0.0	-0.0	56.483761691591326	78.04824666519941
64.90277588941007	6.195188861458399	83.12255802760592	22.94555189739889	105.91337388598505	38.63299015265102	-0.0	-0.0	56.28101678408818	78.01965607276436
74.50707773583973	6.212633545821918	82.89963189838623	22.93851889543338	105.91337388598505	38.75089030547945	-0.0	-0.0	56.07902118288978	77.57884647637995
84.548379491694	6.226374095991665	84.36066909883068	22.931565035777176	105.77245155864269	38.84249397327777	129.97667235969342	-0.0	55.878313757950515	77.13501618237247
93.40577774987533	6.240335626634022	90.36150233882198	22.92473731842758	103.79035232062508	38.93557084422682	523.435561454131	-0.0	56.2099840107309	76.69417874870258
99.35456240362923	6.255043258845746	90.41249215887125	22.91845664807648	98.88575445497814	39.03362172563831	897.0988362651123	-0.0	58.42844934147588	76.25852901362875
102.99445275385321	6.270574217115219	92.45622842089493	22.913252208094995	92.52742498660722	39.13716144743479	973.8789400979185	-0.0	61.722188571845884	75.8308169379884
105.46455256077597	6.286930166000797	95.66699021405935	22.90928247080213	86.12780554995038	39.24620110667198	939.031741318948	-0.0	65.09215090880036	75.41183196261478
107.15142165371437	6.3040870272004526	98.62756740010754	22.906519207451915	80.06348294956067	39.36058018133635	875.8692155936379	-0.0	68.29203216724937	75.0013799096563
108.30894834500836	6.322004559384448	101.31747546044566	22.9048876983692	74.4903268117483	39.48003039589632	793.2418039984042	-0.0	71.22435591200946	74.59902367651608
109.1870463313908	6.3406303450631745	103.71241227694406	22.90428699791904	69.50402241541103	39.604202300421164	701.9380776822172	-0.0	73.8260642063621	74.2041908123891
109.9758705862179	6.359903007418133	105.81853663006319	22.904602535071444	65.12848264438696	39.73268671612089	611.6862398762319	-0.0	76.07479961913012	73.81624037880482
110.78193760812836	6.379755454225677	107.65960953686957	22.905718750524617	61.32764932501833	39.865036361504515	530.1033167348525	-0.0	77.98441608429157	73.43452964177237
111.6258237995032	6.400118243126342	109.25444652767283	22.907529453977986	58.02454725554341	40.000788287508946	461.9783051883856	-0.0	79.59555387451614	73.05846844303197
112.46762735613808	6.420922923765358	110.61998342164918	22.909944325022792	55.12701764764813	40.139486158435716	407.784200409973	-0.0	80.96135133784703	72.68755303858555
113.25442282791076	6.442105058894417	111.76879396820428	22.91289032112433	52.55462284406393	40.28070039262945	365.6591272942373	-0.0	82.13154923601364	72.3213730238872
113.95099034881073	6.463606540574634	112.75067591616272	22.91630860107379	50.24951633739068	40.424043603830896	328.67658714657676	-0.0	83.1420121533618	71.959594686093
114.55555165991699	6.485376850533666	113.60041514800415	22.920149657340865	48.177756711362925	40.56917900355778	293.1932572078622	-0.0	84.01435407868874	71.60193504922476
115.08556196534514	6.507373107510215	114.31639217490444	22.924369625304855	46.318434992562146	40.71582071673477	263.1069766077345	-0.0	84.76243546780138	71.2481422387242
115.54862558658255	6.529559062651409	114.91391646880717	22.928928860926206	44.650037309796964	40.86372708434273	239.0059007635241	-0.0	85.39856127165524	70.89798785661684
115.93697673793567	6.5519035090099145	115.43760947074611	22.933791826173078	43.14868794659813	41.0126900600661	211.9977689671756	-0.0	85.93511765701277	70.5512662580047
116.25953731053087	6.574378694393327	115.85459785499539	22.938926890670594	41.79995991694004	41.162524629288846	190.90455991985507	-0.0	86.38304819816558	70.20779338918385
116.51975104154876	6.596959192948108	116.1805995595069	22.944305633087872	40.58970041913641	41.313061286320725	174.710141044437	-0.0	86.75078733593304	69.86740300623781
116.71817786855729	6.61962138182153	116.44731869103514	22.94990211023699	39.50487271574998	41.46414254547687	156.13239887029837	-0.0	87.04503817698411	69.52994274538743
116.85851118164258	6.6423433651946775	116.65898231085225	22.955692490334638	38.5353288832765	41.615622434631184	134.0059639386614	-0.0	87.27191009874848	69.19527212585626
116.95033759284131	6.665105042828076	116.78777021797566	22.96165490431354	37.67428493912672	41.767366952187174	120.95893409710618	-0.0	87.4370551841982	68.86326170704118
116.9847083483561	6.687888073286484	116.85561854206365	22.967769323937887	36.910365731241306	41.91925382190989	107.78720966014342	-0.0	87.54613294051819	68.53379239104605
116.97215873877849	6.710675654510654	116.87275669769541	22.974017529211924	36.239587133903704	42.07117103007103	94.5842677059844	-0.0	87.60296039956154	68.20675519624292
116.92463961871536	6.733452205754552	116.85462913296779	22.98038159115215	35.6592370032065	42.223014705030344	79.3784839694084	-0.0	87.60745452131405	67.88204323742318
116.81379370456536	6.756203090017246	116.83036029796742	22.986844662708364	35.15549847181261	42.37468726678164	-0.0	-0.0	87.56566390082759	67.55955587495599
116.55747668939863	6.778914455564638	116.50522926451373	22.99339490119397	34.70016437425855	42.52609637043092	68.57308684637646	-0.0	87.5056444754467	67.23921928635438
116.52206809450819	6.801573103279269	116.43904736405585	23.000018490335844	34.39622968486777	42.677154021861796	86.43995453903214	-0.0	87.36321601852674	66.92094959827914
116.3956955257638	6.824166579652421	116.40240954850027	23.00668747369439	34.149461725802695	42.827777197682806	-0.0	-0.0	87.16559493730477	66.60458923020308
116.04595711679565	6.846683271568746	116.03329804703844	23.013395105983413	33.920166974512746	42.97788847712497	33.75375946688752	-0.0	86.97159386011141	66.29009279452852
115.65896272701193	6.869111807446942	115.65036418958108	23.020138695367642	33.76030278114219	43.12741204964628	27.81848969257307	-0.0	86.75065023985464	65.9774363499258
115.05517158010926	6.891440908131259	115.30890438800844	23.026902145459687	33.70786113795913	43.27627272087506	-0.0	-0.0	86.46864403311422	65.66652571443903
113.55076515767233	6.913660367010896	115.26917149988714	23.033665024000747	33.70786113795913	43.42440244673931	-0.0	-0.0	86.13327158507364	65.35724447063595
110.98521993599832	6.935758907125115	114.67050198241641	23.040420722724107	33.70786113795913	43.57172604750077	-0.0	-0.0	85.81537135596096	65.04954943225904
107.4084934151231	6.957722455641265	114.54791465636939	23.047171955534996	33.70786113795913	43.7181497042751	-0.0	-0.0	85.48503258824584	64.74344648942213
102.89023329168923	6.979550628362629	114.02668275812319	23.053915933634826	33.70786113795913	43.86367085575086	-0.0	-0.0	85.16664850916409	64.43891266596772
97.51842124632125	7.001245888047983	113.8415176453662	23.06065496251905	33.70786113795913	44.008305920319884	-0.0	-0.0	84.84110633717208	64.13595180789456
91.39765972304394	7.022804559119466	113.37914889386442	23.067386741911864	33.70786113795913	44.152030394129774	-0.0	-0.0	84.5231680031467	63.834543595158735
84.64713506147879	7.044229918492331	113.14815321991126	23.07411310344004	33.70786113795913	44.294866123282205	-0.0	-0.0	84.20160980190273	63.53468947994658
77.39829664445426	7.065523322778585	112.72963976523053	23.080832207907882	33.70786113795913	44.436822151857235	-0.0	-0.0	83.88477243583455	63.23637165578048
69.79229725404201	7.086683040183224	112.46609507329806	23.087545457642076	33.70786113795913	44.577886934554826	-0.0	-0.0	83.56661584548439	62.93958941192122
61.977244478299454	7.10771219832908	112.07969026385716	23.094251417781624	33.70786113795913	44.71808132219387	-0.0	-0.0	83.25133488235609	62.64432715779634
54.10531669088916	7.128611106137819	111.79384425974308	23.100951125189713	33.70786113795913	44.857407374252126	-0.0	-0.0	82.9361698796408	62.350582352839304
46.329799762364125	7.149379330039202	111.43061469087029	23.10764348197592	33.70786113795913	44.99586220026135	-0.0	-0.0	82.62275168801193	62.058341268173265
38.80210220582377	7.170019401879208	111.13014508676427	23.114329227492018	33.70786113795913	45.13346267919472	-0.0	-0.0	82.31029669377233	61.767599888755285
31.66880687929285	7.190531231370955	110.7834590548875	23.121007534068948	33.70786113795913	45.2702082091397	-0.0	-0.0	81.99893927653615	61.47834599595435
25.06881665556193	7.210915234148758	110.47398802712958	23.127619761267372	33.70786113795913	45.40610156099172	-0.0	-0.0	81.68903295031389	61.77049518741937
19.130649640299286	7.23117329763349	110.13904715021333	23.133890847006537	33.70786113795913	45.5411553175566	-0.0	-0.0	81.3801376534534	62.810611576464005
13.969936607186522	7.2513053239168	109.82457682554042	23.139664309033375	33.70786113795913	45.675368826112006	-0.0	-0.0	81.07330490061834	64.18851217772244
9.687169381276412	7.271312193402946	109.49797715650469	23.14485162674766	33.70786113795913	45.808747956019644	-0.0	-0.0	80.76760837555037	65.78650293131842
6.4186828862793615	7.251067129968601	109.18131698296142	23.14939510100814	34.03055958300507	45.67378086645734	-0.0	228.08773581799062	80.46418578950158	67.52711075199481
4.312992985879778	7.100347438381928	108.86071345092674	23.153260189478544	36.29284226190038	44.66898292254619	-0.0	417.3842992751217	80.16196316702457	69.33920003482586
3.1642609006083937	6.96698725981762	108.5437065921235	23.156436769559264	39.35425484678997	43.7799150654508	-0.0	487.5145099897814	79.86203942047946	71.14487068996466
3.0814280353148393	6.855698297483875	108.22753392922847	23.15894201674108	42.62856070629679	43.037988649892505	-0.0	485.6870302834581	79.56334778512937	72.85135480493165
3.240587396302061	6.761641415117725	107.91140477777901	23.16082140174088	45.81174792604122	42.4109427674515	-0.0	469.11179496574056	79.26683849275246	74.39547587487013
3.3942562976532247	6.6734157423134315	107.59864266066776	23.162128963909954	48.885125953064495	41.82277161542288	-0.0	452.71123830899415	78.97152991562025	75.77575538158878
3.542469782767536	6.589348776410402	107.28414234503705	23.162918026020794	51.84939565535072	41.262325176069346	-0.0	436.38278735839145	78.67821822095432	76.99579192054853
3.6852499800496696	6.5092493388378445	106.97414505558478	23.16324052524995	54.70499960099339	40.72832892558563	-0.0	420.1189830563015	78.38607145803286	78.05953873072713
3.822618892261142	6.433079666383995	106.66175279374939	23.163147134151746	57.45237784522284	40.220531109226634	-0.0	403.9230104644675	78.0957386813176	78.971400749774
3.9545999016554947	6.360816256812699	106.35412831468493	23.162686902195947	60.09199803310989	39.738775045417995	-0.0	387.79959024904247	77.80653916641273	79.73636066478635
4.081218075249739	6.292435653879804	106.04405392331412	23.161907187120047	62.62436150499477	39.282904359198696	-0.0	371.7540835880341	77.51898297286063	80.36014917044922
4.202500374804478	6.227913494580491	105.7386137250913	23.16085327080894	65.05000749608956	38.85275663053661	-0.0	355.79252379160647	77.23252582814982	80.84946974073998
4.318475884888915	6.167223071866915	105.43098769893774	23.159568073246927	67.36951769777829	38.4481538124461	-0.0	339.92160741283425	76.9475598566819	81.21229352155207
4.42917605858083	6.110335917225934	105.1275913684829	23.15809163199645	69.5835211716166	38.068906114839564	-0.0	324.1488719173939	76.66365902552462	81.45822532402654
4.534635019954219	6.057221529912401	104.8224511776876	23.156460538325188	71.69270039908439	37.71481019941601	-0.0	308.4828307578663	76.38111735233004	81.59890769382137
4.634889907925128	6.007846555460773	104.52106695840212	23.15470720130231	73.69779815850256	37.38564370307182	-0.0	292.9330818992246	76.09960953740938	81.64833471943481
4.729981277456467	5.962174763754689	104.21837887253378	23.152859086414892	75.59962554912933	37.081165091697926	-0.0	277.5105275365943	75.81935586440397	81.62278120677837
4.819953569835006	5.920166916660753	103.91901152682166	23.150938093372694	77.39907139670011	36.80111277773835	-0.0	262.22763808685227	75.54011231927159	81.5399194391437
4.9048556667530985	5.881779974983938	103.61875306496515	23.148960376092337	79.09711333506198	36.545199833226256	-0.0	247.09870348592983	75.26204679675675	81.4169518811897
4.984741568391405	5.846965822669332	103.32138548111968	23.14693687443811	80.6948313678281	36.31310548446221	-0.0	232.1400781691314	74.98498216282448	81.26842223989888
5.059671152414212	5.81567187946863	103.02350915766999	23.144874411713175	82.19342304828423	36.10447919645754	-0.0	217.3707557168194	74.70904578842382	81.10492563868156
5.1297111053743905	5.787840034330364	102.72816726846524	23.142777011170093	83.59422210748781	35.91893356220243	-0.0	202.812864630793	74.43411071047879	80.93324050703404
5.194936095969346	5.763403639493993	102.43262585964014	23.140646971532117	84.89872191938692	35.75602426329329	-0.0	188.4919665935142	74.16027223879878	80.75730668836836
5.255430027979488	5.742290038895433	102.13932920682805	23.13848563386197	86.10860055958975	35.61526692596956	-0.0	174.4383864929007	73.88743781078637	80.57927590531914
5.311287780261568	5.72441419377601	101.8460703005058	23.13629381006294	87.22575560523137	35.4960946251734	-0.0	160.68727654874417	73.61567759231741	80.40028121274818
5.362616963938591	5.70968364811992	101.5548293308218	23.134072050383892	88.25233927877183	35.397890987466134	-0.0	147.2809144503558	73.34492301720138	80.22090706112576
5.4095405440876725	5.697986396607462	101.26380332736292	23.131820755543885	89.19081088175345	35.31990931071641	-0.0	134.2678881284979	73.07522484300668	80.0414516694555
5.452199119727875	5.689202601102466	100.97462298444844	23.129540264042618	90.04398239455749	35.26135067401644	-0.0	121.7075083382778	72.80653188513148	79.86206638627239
5.4907546454084635	5.683186438759195	100.68580432801207	23.12723086787059	90.81509290816926	35.221242925061304	-0.0	109.66762094812096	72.5388801006019	79.68282790136837
5.5253937686195185	5.679770966202522	100.39868386004342	23.12489284880219	91.50787537239036	35.19847310801681	-0.0	98.22715942618781	72.27223157539088	79.50377521336824
5.5563311420006745	5.6787739843190135	100.11204350184498	23.12252646900755	92.12662284001348	35.19182656212676	-0.0	87.47958416051249	72.00661021835872	79.32492827099053
5.583814186362597	5.679971770273548	99.82698411211022	23.12013199350024	92.67628372725193	35.19981180182366	-0.0	77.52321584167198	71.74198905097549	79.1462975276136
5.608124614319055	5.683119566672687	99.54249226672898	23.117709674722597	93.1624922863811	35.22079711115125	-0.0	68.46301572456463	71.47838292026934	78.9678885962083
5.629578221491408	5.68795595770797	99.25947107866494	23.115259771018962	93.59156442982815	35.25303971805314	-0.0	60.4037127462804	71.2157737542066	78.78970473375725
5.648522499410887	5.694187259929177	98.97710418026503	23.11278253013491	93.97044998821774	35.29458173286118	-0.0	53.42328642449055	70.95416733391538	78.61174794914088
5.665325705957276	5.701518143817905	98.69612850910961	23.110278206338002	94.30651411914552	35.34345429211937	-0.0	47.56077550134493	70.69355312659007	78.43401968931055
5.680360324786441	5.709672433471947	98.41588212988552	23.10774704396328	94.6072064957288	35.397816223146314	-0.0	42.80194847018207	70.43392994407236	78.25652105145043
5.6939825541939255	5.71841073235787	98.13690427413209	23.105189293909334	94.87965108387851	35.45607154905247	-0.0	39.07379089935508	70.17529672792689	78.07925301854155
5.706514426865108	5.727525420872688	97.8587560448463	23.102605197415787	95.13028853730216	35.51683613915125	-0.0	36.23792385711047	69.91764161253167	77.90221644848529
5.71822729101291	5.736868548772495	97.58178988323927	23.099995002155755	95.3645458202582	35.579123658483304	-0.0	34.13324786735152	69.6609721219745	77.72541219507178
5.729337470640977	5.746337200825046	97.30573231215831	23.097358946477538	95.58674941281953	35.642248005500306	-0.0	32.59575335077118	69.40526932824137	77.54884104357744
5.740009035370767	5.7558636795051346	97.03071502419498	23.094697274791354	95.80018070741535	35.705757863367566	-0.0	31.478806495767127	69.15055024624964	77.37250380077649
5.75036149235666	5.765405823705067	96.75676634646318	23.092010222841022	96.0072298471332	35.76937215803378	-0.0	30.663833897205958	68.89678373561155	77.19640122183165
5.760479476221641	5.774936701692552	96.48370114718031	23.08929803136965	96.20958952443281	35.83291134461702	-0.0	30.059550760647856	68.64399783789375	77.02053408461384
5.77042156219085	5.784439779177674	96.21181765627234	23.08656093394452	96.408431243817	35.89626519451783	-0.0	29.599637863942007	68.39215372596418	76.84490312664036
5.780227681665064	5.7939049136280065	95.94066699805015	23.083799167584086	96.60455363330128	35.95936609085338	-0.0	29.23742460757976	68.14128709484818	76.66950910162711
5.789924757725888	5.803326075353273	95.67086626558196	23.081012963778676	96.79849515451777	36.02217383568849	-0.0	28.941015042868695	67.89134944702079	76.49435273236789
5.799530855982581	5.812699515786224	95.40163017147667	23.078202555503545	96.9906171196516	36.08466343857483	-0.0	28.68869529497107	67.64238519112321	76.31943474787151
5.80905806518214	5.822022919661044	95.13385370564056	23.075368172656233	97.1811613036428	36.14681946440696	-0.0	28.465828723778436	67.39434160036741	76.14475585941142
5.818514468823508	5.831294931302062	94.86653198147643	23.07251004397882	97.37028937647015	36.20863287534708	-0.0	28.26267688860331	67.14726423269455	75.97031677079661
5.827905493883068	5.8405147820075225	94.60078645364969	23.06962839778741	97.55810987766135	36.27009854671682	-0.0	28.072771644039697	66.90109858267964	75.79611818216765
5.837234805027306	5.84968212368099	94.33537231308586	23.066723458700135	97.74469610054611	36.33121415787327	-0.0	27.891887993739154	66.65589296534934	75.62216077282966
5.8465049112040886	5.858796834774869	94.07158943461688	23.063795453448616	97.93009822408176	36.391978898499126	-0.0	27.71723693252554	66.41159327215172	75.4484452316595
5.855717561352188	5.867858951756252	93.80810724078688	23.06084460253429	98.11435122704376	36.452393011708345	-0.0	27.546994396012927	66.16824259766132	75.27497221344912
5.864874008525897	5.876868592363305	93.5462765374598	23.057871131126824	98.29748017051793	36.512457282422034	-0.0	27.37994685601154	65.92579361777221	75.10174239626235
5.873975179416063	5.885825938232563	93.28470332069833	23.054875255854533	98.47950358832125	36.572172921550425	-0.0	27.215297647302403	65.6842846605303	74.9287564120269
5.883021785801898	5.894731227045418	93.0247709705211	23.051857199994316	98.66043571603794	36.63154151363612	-0.0	27.052542906722024	65.44367342193733	74.75601492611746
5.892014398396911	5.903584733341552	92.7651410865064	23.048817176527454	98.84028796793821	36.69056488894368	-0.0	26.891372855250502	65.20398889978611	74.58351854832162
5.900953501736673	5.9123867095610105	92.50709462427886	23.045755406876992	99.01907003473346	36.74924473040674	-0.0	26.7315448304264	64.96520070414631	74.41126793193146
5.909839519303581	5.921137429255756	92.24938024912382	23.042672100604342	99.19679038607161	36.80758286170504	-0.0	26.57290672867624	64.72732837679048	74.23926366642871
5.918672834928227	5.929837172591138	91.99316687137876	23.03956747678389	99.37345669856454	36.86558115060759	-0.0	26.415357350070664	64.49035001853814	74.06750639013477
5.927453799940764	5.938486270252425	91.7374042932952	23.03644174188094	99.54907599881528	36.923241801682835	-0.0	26.258891722211068	64.25427213509684	73.89599667332774
5.9361827606034785	5.947084963411602	91.48301145671896	23.033295112872818	99.72365521206956	36.98056642274402	-0.0	26.103403523443806	64.01908994883841	73.72473514125839
5.944860042945875	5.955633553772313	91.22917357234245	23.03012779315592	99.89720085891749	37.03755702514876	-0.0	25.948881028907593	63.78479517556606	73.55372234588103
5.953485966128088	5.964132332382815	90.97656695765421	23.026939996837665	100.06971932256177	37.09421554921877	-0.0	25.795307536844856	63.55139381167348	73.38295889455225
5.962060843267681	5.972581589971397	90.72466296488565	23.023731925255962	100.2412168653536	37.15054393314265	-0.0	25.642672812760125	63.318867527590314	73.21244532616848
5.970584983626866	5.9809816105615985	90.47383737557958	23.020503789190748	100.41169967253731	37.20654407041066	-0.0	25.490962779400668	63.08723239592519	73.04218222826864
5.9790586940958725	5.989332669105374	90.22382351057618	23.01725578808964	100.58117388191744	37.26221779403583	-0.0	25.340154658048824	62.856462302381715	72.8721701276713
5.987482276022004	5.997635058080945	89.97475644404496	23.013988129419552	100.74964552044008	37.31756705387297	-0.0	25.190253644689744	62.62658026154524	72.70240959215896
5.9958560298386505	6.00588905646648	89.72665377335538	23.0107010107676	100.917120596773	37.37259370977654	-0.0	25.04124925476672	62.39755125440526	72.53290113649163
6.004180252594396	6.014094950373851	89.47934473960663	23.007394636151105	101.08360505188791	37.427299669159005	-0.0	24.893143859623855	62.16940730229068	72.36364530814299
6.013057915509277	6.028681997752779	89.23314221773921	23.004097279094726	101.26115831018554	37.45195260827623	-0.0	31.24908223002482	61.94208955489052	71.91287453602115
6.024686121749731	6.0487822753674605	88.98749066557005	23.000973074087785	101.49372243499462	37.3389072434108	-0.0	38.807339526281396	61.71552275081781	70.86377056938557
6.038830484159173	6.072567442813069	88.74319507109496	22.99819906575082	101.77660968318345	37.09299284560915	-0.0	45.91905830772776	61.489477053123544	69.3255954273459
6.055171821243537	6.098233898006544	88.49929433597092	22.995914652452107	102.10343642487074	36.73170307611263	-0.0	51.87850997945069	61.263871425380216	67.42581529317208
6.073295537778656	6.124282208498451	88.25684049747109	22.99421260772867	102.46591075557312	36.28244284002543	-0.0	56.450570590448436	61.03855305673193	65.32210755868998
6.092708575148542	6.149747269624092	88.01465148847873	22.99313119042895	102.85417150297084	35.77967462678575	-0.0	59.70693765988874	60.81350755962995	63.189010439555
6.112935865813178	6.173175276266406	87.77403351466977	22.99265156340846	103.25871731626354	35.25461007928895	-0.0	61.35929557391243	60.58870437745363	61.19991526979553
6.133453668520999	6.193844736996543	87.53362045152484	22.992701107142835	103.66907337041997	34.73987070072577	-0.0	61.436485737072616	60.364250993401185	59.50941853900682
6.153733830215346	6.211340567899227	87.29479161298042	22.993162043302252	104.07467660430692	34.26479207288397	-0.0	60.00350910773933	60.14019178978664	58.238702968154136
6.173274145505658	6.225178752276773	87.05614504745074	22.993884051981766	104.46548291011317	33.85236501489224	-0.0	56.95645637848851	59.916707461698685	57.46566021604276
6.191571656616063	6.235284082468748	86.81908075712084	22.99469923921729	104.83143313232125	33.52195151129911	-0.0	52.26879198712038	59.69390671601905	57.220510881967385
6.208073713227213	6.242320520154886	86.58223423977765	22.995437627132517	105.16147426454425	33.291401927733695	-0.0	46.26473206427918	59.471981105249	57.48664770416407
6.222162537471727	6.246888919277631	86.34690917024636	22.99594170339917	105.44325074943453	33.17307970972099	-0.0	39.311561440230655	59.25104255435627	58.20539478992441
6.232565074339409	6.250842008772717	86.11183651394447	22.996079070289685	105.65130148678819	33.18185888365311	-0.0	33.79805322916895	59.03126190529922	59.28215529884042
6.241451146099751	6.246984876879093	85.87820895879427	22.995753549827327	105.829022921995	33.27825419575636	-0.0	18.597262532666274	58.8126909386111	60.588572051440465
6.599428417828986	6.251720247272738	85.64493605437742	22.99492382267994	105.8476064089335	33.55046775418598	-0.0	-0.0	58.59541165171786	61.84570293195603
7.831858983341401	6.244537877906161	85.412969129774	22.993668186749943	105.8476064089335	33.875967031238055	-0.0	-0.0	58.37934440765725	62.93428725401353
9.938074515307118	6.233996185571485	85.18146626054993	22.991911786476862	105.8476064089335	34.28961636605179	-0.0	-0.0	58.16451469191668	64.47569853146669
12.907809200481132	6.2208644715491985	84.95117624052689	22.98952502815643	105.8476064089335	34.777513893536685	-0.0	-0.0	57.95104958388285	66.36285804464491
16.72658838456634	6.206518749360921	84.72140443538012	22.98641540146072	105.8476064089335	35.32368970655054	-0.0	-0.0	57.73903665214661	68.47302582713246
21.375799122521222	6.192452872865375	84.49274438070553	22.98253279076	105.8476064089335	35.90736410460157	-0.0	-0.0	57.52851329505577	70.66953077629606
26.832780899080397	6.18013378719237	84.26468509536818	22.97787289978299	105.8476064089335	36.50259678247428	-0.0	-0.0	57.31949366376392	72.80848902334465
33.07093607740128	6.171228700015248	84.03765336744914	22.972478438294193	105.8476064089335	37.08102847977242	-0.0	-0.0	57.11195615250951	74.74600942456942
40.059859537439934	6.167286148891983	83.81128571031608	22.96643788962988	105.8476064089335	37.612237609250265	-0.0	-0.0	56.90580734935403	76.34563112514668
47.76548687220755	6.1696749888203986	83.58583183507766	22.959881886663748	105.8476064089335	38.066553480394205	-0.0	-0.0	56.700944402414564	77.48570478292538
56.15026041963751	6.179261682646167	83.36114288551225	22.9529772162978	105.8476064089335	38.41675133808042	-0.0	-0.0	56.49719469992024	78.06638378389738
65.17331232071517	6.196534959538967	83.13727055399053	22.945918697238994	105.8476064089335	38.64267696232413	-0.0	-0.0	56.294396858459535	78.0158469381383
74.79066371176245	6.213756313911772	82.9142181131439	22.938892032732024	105.8476064089335	38.75837542607848	-0.0	-0.0	56.09234861671936	77.57253155403117
84.8240761363661	6.227479510034664	84.62497521213093	22.931944548889888	105.68355402177228	38.849863400231094	133.86217980133569	-0.0	55.89199287991979	77.12876788522982
93.6188139927299	6.241462338820338	90.42317481698936	22.925127858601005	103.63217603976317	38.94308225880226	536.2905237058068	-0.0	56.26105937422734	76.68802117171221
99.4831303034297	6.256196874129874	90.44077545264706	22.91887421474535	98.66430203035327	39.04131249419916	902.1152568105906	-0.0	58.525509529272796	76.25254567287816
103.07515027176389	6.271755502607244	92.55339975785675	22.913705412554354	92.2958269964598	39.14503668404829	973.1174370299004	-0.0	61.82801723606518	75.82505209310017
105.51611873601645	6.288138680710108	95.76042789327568	22.9097712648204	85.90629985347701	39.25425787140072	937.0230391226621	-0.0	65.19305598907967	75.4062842033777
107.18194202763937	6.305321697516921	98.71126312128388	22.907041287454327	79.85784675815763	39.36881131677947	873.1329231978336	-0.0	68.38438249567523	74.99603600144951
108.3268006732063	6.3232638486432995	101.39216387556166	22.905439793880248	74.30432603110067	39.488425657621995	790.0109567518774	-0.0	71.30566623284889	74.59386537940073
109.19913029849248	6.341912364538872	103.78022771767137	22.904865244631335	69.33902869258097	39.61274909692581	698.3560927448833	-0.0	73.89514477031108	74.19919686595604
109.9886699660296	6.361205622441909	105.87030375233157	22.905202892529566	64.98497060131471	39.74137081627939	608.8127456228422	-0.0	76.13187555609966	73.81138871046258
110.79571616015491	6.381076394501761	107.70578176149677	22.90633739255067	61.20243834758292	39.873842630011744	527.3462770127736	-0.0	78.0304382077086	73.42979942043762
111.6421767817589	6.401455215782771	109.28211274256812	22.90816302757463	57.9157316052921	40.00970143855181	460.87499772408023	-0.0	79.63232613788993	73.05384143138212
112.48193470706467	6.422273721072405	110.64588863634089	22.91059008528102	55.030084472946015	40.14849147381604	406.502332545756	-0.0	80.99066446112106	72.68301428718726
113.26499549749114	6.443467649020611	111.79405961988813	22.913546077202728	52.46721605511579	40.289784326804075	363.8464359922618	-0.0	82.15490043279317	72.31691057001949
113.95777874556822	6.46497912829135	112.77370156834829	22.91697256159355	50.17040337594932	40.433194188609	326.44593112764323	-0.0	83.1603592767667	71.95519872633919
114.56210800153653	6.486757898642208	113.60572486937649	22.92082027279808	48.10739638051062	40.57838599094805	293.3845290645091	-0.0	84.02826831378208	71.59759710102333
115.08975268612821	6.508761318804772	114.31790133884023	22.925045504256016	46.25498380998545	40.72507545869848	263.56521252987466	-0.0	84.7723359427297	71.24385469366482
115.54817019279984	6.530953333556415	114.92310854759053	22.92960875272673	44.59184864420572	40.873022223709434	237.18252058032914	-0.0	85.40487725961175	70.89374388534321
115.93613552403586	6.553302873847834	115.43450434135322	22.93447462106082	43.09672882808529	41.02201915898556	212.47777870035716	-0.0	85.93826535342234	70.5470598065407
116.25466507326034	6.575782278914359	115.85646139123291	22.9396116030119	41.75232128087704	41.171881859429064	189.3101460103726	-0.0	86.38335842762075	70.2036190868705
116.51379185770007	6.598366187461559	116.17568057529654	22.944991373379118	40.54694103992302	41.322441249743726	174.44201161508605	-0.0	86.74851489676844	69.86325601517224
116.7099283011737	6.621031033037236	116.44177269418734	22.950588066091605	39.466147236449984	41.473540220248246	155.35122989140834	-0.0	87.04040101100215	69.52581865785395
116.84827299135966	6.6437549779289204	116.65199307395424	22.956377919743712	38.50037295109368	41.6250331861928	132.9104682351536	-0.0	87.26511467832141	69.19116692670927
116.94351874192611	6.666517981457678	116.75847032967722	22.962339130374502	37.644489372910016	41.77678654305119	129.05176133009593	-0.0	87.42829062400128	68.85917174396779
116.97800925464522	6.689301757315432	116.85293345166063	22.968451652130593	36.88436638864095	41.92867838210288	106.09817278639835	-0.0	87.53461202745252	68.52971393784432
116.99079902617254	6.712089548857358	116.89531474663232	22.9746963753361	36.224788912341985	42.08059699238239	92.70159199614329	-0.0	87.58413045230643	68.2026798725665
116.91766617152294	6.734865810205349	116.84393465997195	22.981055463173416	35.63995242105584	42.23243873470233	81.46064104577732	-0.0	87.58979594347984	67.87796320153895
116.79249801339134	6.757615931959871	116.73085426113883	22.98751521968917	35.13510778563059	42.38410621306581	74.48447960968564	-0.0	87.5540287750557	67.5554798642745
116.69526690789493	6.780326090234883	116.5409102913629	22.994059944038028	34.72917711501682	42.53550726823256	117.86473385997375	-0.0	87.4671196472973	67.23513570884099
116.55043584547295	6.802983197732811	116.53351437446848	23.000670636868847	34.39608695421347	42.68655465155207	39.024766372163015	-0.0	87.32476983067424	66.9168197650918
116.30159417089277	6.82557487662528	116.29413242441119	23.007333625592942	34.11683049230712	42.83716584416854	25.914420374423656	-0.0	87.15748233582202	66.6004496365638
115.97571479190051	6.848089381490527	115.99102686769511	23.01404103192394	33.89714929071703	42.987262543270184	-0.0	-0.0	86.96364770734587	66.28597374954279
115.63587131905952	6.8705152802270275	115.81346386384332	23.020780137192656	33.75342514580341	43.13676853484685	-0.0	-0.0	86.72318519931925	65.97331537819869
115.08335053436986	6.892841331211756	115.2297120199392	23.027535003036345	33.72531989971454	43.28560887474504	-0.0	-0.0	86.43646111905691	65.66238131566125
113.54216195901104	6.915057422610669	115.27223987776529	23.034287475334036	33.72531989971454	43.433716150737794	-0.0	-0.0	86.09506931644113	65.35306720097458
110.9406055481586	6.937153242090391	114.59493606305769	23.041033151105033	33.72531989971454	43.58102161393594	-0.0	-0.0	85.7823470400565	65.04534148618869
107.32934002862548	6.959114646164765	114.54669043402332	23.047774190141563	33.72531989971454	43.72743097443177	-0.0	-0.0	85.4477645262114	64.739207122889
102.77868565663482	6.980940225571338	113.95672155789848	23.054508155208698	33.72531989971454	43.87293483714225	-0.0	-0.0	85.133308364737	64.4346430000314
97.37725490880571	7.002633197101034	113.83481340766645	23.061237177904715	33.72531989971454	44.017554647340226	-0.0	-0.0	84.80465366461898	64.13165203125615
91.23022697845178	7.024189713332359	113.31537236675946	23.06795899773084	33.72531989971454	44.16126475554906	-0.0	-0.0	84.4896287198857	63.83021411606127
84.45729967696869	7.045612601609276	113.13589047537677	23.0746755035332	33.72531989971454	44.30408401072851	-0.0	-0.0	84.16585561744503	63.530330994820616
77.1903586219269	7.0669038183345325	112.67176970933586	23.081384729082707	33.72531989971454	44.44602545556355	-0.0	-0.0	83.85113958771754	63.23198419908756
69.57090909843096	7.088061330905657	112.44883540885179	23.088088249982423	33.72531989971454	44.58707553937105	-0.0	-0.0	83.53145733215867	62.93517392032388
61.74732060185462	7.109088124133309	112.02703191043537	23.09478442789722	33.72531989971454	44.72725416088873	-0.0	-0.0	83.21769847856886	62.639883500987224
53.871937717420806	7.129984892290863	111.77226352201463	23.101474518055763	33.72531989971454	44.86656594860575	-0.0	-0.0	82.90152325914065	62.34611154240823
46.09811359494008	7.1507508982858035	111.38238370436986	23.10815719874797	33.72531989971454	45.00500598857202	-0.0	-0.0	82.58918172444548	62.05384313969337
38.57722378441486	7.1713887012874995	111.10508575208151	23.114833429930574	33.72531989971454	45.14259134191666	-0.0	-0.0	82.2760945504264	61.76307543323549
31.455718580226513	7.191898416312617	110.73883022676125	23.121502170526078	33.72531989971454	45.27932277541745	-0.0	-0.0	81.9654918371913	61.47379508177471
24.87227127239519	7.212280217244752	110.44624025834416	23.128099238307467	33.72531989971454	45.41520144829835	-0.0	-0.0	81.65522579793952	61.80068264747568
18.955077835158757	7.23253609186667	110.09728649433355	23.13434682550635	33.72531989971454	45.55024061244447	-0.0	-0.0	81.34686933900247	62.85606621501071
13.819360634843715	7.252666021408628	109.79483332055344	23.140093074012277	33.72531989971454	45.68444014272419	-0.0	-0.0	81.03987649531729	64.2432454432541
9.56512476593197	7.272670723399702	109.45844780867031	23.14525067965033	33.72531989971454	45.81780482266468	-0.0	-0.0	80.73456951634371	65.84736328353142
6.336244508098779	7.246671176163759	109.15013455891537	23.149762977623382	34.10394946474593	45.644474507758396	-0.0	238.54070251020323	80.43111664183995	67.59159637805543
4.260561933067596	7.096242829758995	108.8228964097761	23.153596103238193	36.4061777520891	44.64161886505997	-0.0	420.98700222597427	80.12918152490361	69.40480364954989
3.1455618950377575	6.96350261342297	108.51155461555784	23.15674090970432	39.4825204829772	43.75668408948647	-0.0	488.48878687138335	79.82931087886229	71.20873291114574
3.087806599523595	6.853026985164259	108.19101610320023	23.159215489233848	42.75613199047189	43.02017990109506	-0.0	485.10439505589056	79.5308383675923	72.91029038377413
3.246774192953837	6.759261634563336	107.87863434017693	23.161066069384113	45.93548385907674	42.39507756375557	-0.0	468.540782750652	79.23443115337197	74.44885600955818
3.400253299224734	6.6711917357751345	107.563107821675	23.162346628524755	49.00506598449468	41.80794490516757	-0.0	452.1433979219425	78.93929619087014	75.82369637890442
3.548277861057023	6.587265723870473	107.25103908500672	23.16311051299473	51.96555722114046	41.24843815913649	-0.0	435.81732575224754	78.64611301862479	77.03842099470442
3.6908699307859947	6.507305020569695	106.93937067750605	23.163409561080176	54.81739861571989	40.71536680379797	-0.0	419.55594753439175	78.35411213522715	78.09699615025194
3.8280515486008513	6.431273200922591	106.62848417893393	23.16329444288851	57.56103097201702	40.2084880061506	-0.0	403.3625580914876	78.06392142804498	79.0038440250634
3.959846153793139	6.359146831617154	106.31992612911395	23.162814113198774	60.19692307586278	39.72764554411436	-0.0	387.24190419426577	77.77485072987763	79.76396897050701
4.086278877067089	6.290902396015313	106.01078802511115	23.16201589978905	62.725577541341785	39.27268264010209	-0.0	371.1993668290182	77.48744126245745	80.38313020336226
4.207376752725068	6.226515343340865	105.70486909423936	23.160944982269875	65.14753505450135	38.84343562227244	-0.0	355.24099131925544	77.20110355084184	80.86806799897892
4.32316894313772	6.165959072467036	105.39779222950256	23.15964421684187	67.4633788627544	38.43972714978024	-0.0	339.3735155887717	76.91628393702514	81.22680152030732
4.43368699071255	6.109204993462983	105.09423317363434	23.158153515993433	69.67373981425101	38.061366623086556	-0.0	323.60450425156637	76.6324968792883	81.46899643781965
4.53896512014172	6.056222495399666	104.78939754946772	23.156509360173523	71.7793024028344	37.70814996933111	-0.0	307.9425042984837	76.35009886374512	81.60636915324721
4.6390405833371595	6.006978173895374	104.48802817016937	23.154743992524754	73.78081166674318	37.37985449263583	-0.0	292.3971603998377	76.06870250328035	81.65299314788736
4.7339540622068315	5.961435756634651	104.18552130100258	23.152884712926387	75.67908124413663	37.07623837756434	-0.0	276.9794322720348	75.78858783937302	81.62520853940278
4.8237501469788	5.919555733284191	103.88625966928213	23.15095322088532	77.475002939576	36.7970382218946	-0.0	261.7018325195429	75.50945529466223	81.54070578626938
4.908477891286818	5.881294724304936	103.58609825845207	23.148965492529477	79.16955782573635	36.54196482869957	-0.0	246.57869345024997	75.23152502715901	81.41663187482808
4.988191475933211	5.8466050467288335	103.28889903420622	23.146932305426276	80.76382951866421	36.31070031152556	-0.0	231.62652735540985	74.95457128988865	81.2674116699295
5.0629510043499115	5.81543371769023	102.9910909866249	23.144860374596323	82.25902008699823	36.102891451268206	-0.0	216.86440368066388	74.6787666395375	81.10350502774938
5.132823440160109	5.787721594571742	102.6959399259539	23.142753647047048	83.65646880320219	35.918143963811616	-0.0	202.31444498781363	74.40394306548738	80.93157891932016
5.19788371625804	5.763403289391351	102.4004355098392	23.140614382529282	84.9576743251608	35.756021929275676	-0.0	188.00258860141255	74.13023388698774	80.75549832025186
5.258216140311211	5.742403799115583	102.1073381664792	23.138443896627905	86.1643228062242	35.61602532743722	-0.0	173.958985612337	73.85751152702902	80.57737119445959
5.313915932441621	5.7246403717412475	101.81411537750557	23.136242991001023	87.27831864883242	35.497602478274985	-0.0	160.21946653333555	73.58587783794607	80.39830639909738
5.365091282492746	5.710016950457397	101.5230663813688	23.13401220784887	88.30182564985492	35.40011300304931	-0.0	146.82593179609202	73.31523577897916	80.21887576533332
5.411865592642172	5.698425266467197	101.23209078304866	23.13175194588726	89.23731185284345	35.322835109781316	-0.0	133.82817197460346	73.04566173533493	80.03937094793423
5.454380329678207	5.689739400492448	100.94309539039621	23.129462540534124	90.08760659356413	35.264929336616326	-0.0	121.28454941125061	72.77708134113271	79.85993998509495
5.492798035823465	5.6838182572268865	100.65432034187184	23.127144283696726	90.85596071646928	35.22545504817924	-0.0	109.26465044887053	72.50955192338351	79.6806578733865
5.5273064149959295	5.68049060616992	100.36739863691513	23.12479745576536	91.54612829991858	35.20327070779947	-0.0	97.8468801156911	72.24301524651615	79.50156276517757
5.558121223820618	5.679572646728592	100.08079593490035	23.12242231893775	92.16242447641235	35.197150978190614	-0.0	87.12470333807956	71.97751495044052	79.32267418470188
5.58549077773449	5.6808444698596166	99.79592465011827	23.120019137492434	92.7098155546898	35.20562979906411	-0.0	77.19848287253058	71.71300558811355	79.14400236686002
5.609698222265998	5.684056162951386	99.5114677058425	23.11758816381014	93.19396444531996	35.227041086342574	-0.0	68.17163114402288	71.44951929433914	78.96555281845436
5.631060661669887	5.688943777570457	99.2286381576145	23.115129655790508	93.62121323339773	35.259625183803045	-0.0	60.14727544773453	71.18702118992286	78.78732874036646
5.649925983537307	5.695219896412336	98.94631047073634	23.11264386092885	93.99851967074615	35.30146597608224	-0.0	53.20591653838235	70.92553292260331	78.60933211273114
5.666663180694843	5.702585290479578	98.66552920933826	23.110131033300245	94.33326361389685	35.35056860319719	-0.0	47.3828224311929	70.66502898905065	78.43156436786863
5.681645020288469	5.710759881788032	98.38531692216574	23.107591416759604	94.63290040576938	35.40506587858688	-0.0	42.65769383971307	70.40552258555786	78.25402659330628
5.695225247699475	5.719520322998999	98.10653666304503	23.105025262451473	94.90450495398949	35.46346881999333	-0.0	38.9671939741659	70.1470000785107	78.07671976904068
5.707726081696523	5.728644141430188	97.82841352962251	23.102432810431573	95.15452163393047	35.52429427620125	-0.0	36.15769258890858	69.88945974130881	77.89964474483882
5.719416125045367	5.737993399714528	97.55163704079123	23.099814309251084	95.38832250090734	35.58662266476352	-0.0	34.07461910018292	69.63290053397989	77.72280237744255
5.730509885833437	5.7474657864291006	97.2756122092219	23.097169995891587	95.61019771666874	35.64977190952734	-0.0	32.553706198049866	69.37731154916338	77.54619344389477
5.741169716917983	5.756994857379891	97.00079110515018	23.09450011554927	95.82339433835965	35.71329904919928	-0.0	31.44950363470414	69.12270137448209	77.36981875415215
5.751513899045897	5.766538017130499	96.72685359458669	23.091804902633275	96.03027798091794	35.77692011420333	-0.0	30.64322731514464	68.8690484722717	77.19367905566007
5.761626013358738	5.776068946159546	96.45400069786086	23.089084598829125	96.23252026717475	35.84045964106364	-0.0	30.044688383314938	68.61637027433022	77.01777513056206
5.7715638257566875	5.7855718503275995	96.18216746767312	23.08633943614457	96.43127651513375	35.90381233551733	-0.0	29.58887520136579	68.36463660629333	76.84210770740326
5.781366804405723	5.795036250162748	95.91114427661978	23.083569652627304	96.62733608811445	35.96690833441832	-0.0	29.229101248825224	68.11388061417219	76.66667754479286
5.79106143995722	5.8044567677437975	95.64143133677082	23.080775478364828	96.8212287991444	36.02971178495865	-0.0	28.934546595049536	67.86405113987092	76.49148535720913
5.800665591488417	5.813829418848539	95.37233190596348	23.077957147174487	97.01331182976833	36.092196125656926	-0.0	28.683430931596018	67.61519625515156	76.31653187759956
5.810191178538785	5.823151966242408	95.1046721703443	23.075114887598673	97.2038235707757	36.154346441616056	-0.0	28.46136383725187	67.36725847554254	76.14181780945114
5.819646181033289	5.832423036006845	94.8374219063245	23.072248929093256	97.39292362066578	36.21615357337897	-0.0	28.25868779414973	67.12029181011663	75.96734385974051
5.829035942141658	5.8416419648197735	94.57180228893739	23.06935949901523	97.58071884283315	36.27761309879849	-0.0	28.069136384687813	66.87423140122931	75.79311072280186
5.838364084000045	5.850808376869786	94.30648543443972	23.066446822320625	97.76728168000089	36.33872251246524	-0.0	27.888497707098317	66.62913411708996	75.61911907905294
5.8476330852823	5.859922150682174	94.04282234550185	23.06351112486491	97.95266170564601	36.39948100454783	-0.0	27.714014279640583	66.38493855550954	75.44536961213187
5.856844676966085	5.86898330830028	93.77943021791064	23.060552627708127	98.13689353932169	36.459888722001864	-0.0	27.543864260251894	66.14169642876126	75.27186297935917
5.866000095453503	5.877991995584156	93.51769585384649	23.057571554841616	98.32000190907006	36.51994663722771	-0.0	27.376883645984943	65.89935161499155	75.09859985181511
5.875100257393154	5.88694840597334	93.25624095932966	23.054568123554986	98.50200514786307	36.57965603982227	-0.0	27.212300275089312	65.65794837061449	74.92558086414222
5.884145870155052	5.895852768584609	92.996430635643	23.051542556109347	98.68291740310104	36.639018457230726	-0.0	27.04960539171129	65.41743953297751	74.75280667573433
5.893137504956179	5.904705327660992	92.73687196583084	23.048495066001493	98.86275009912357	36.69803551773995	-0.0	26.888453266240795	65.17786247565142	74.58027789889654
5.902075641112248	5.913506357128659	92.47894180097164	23.045425873661856	99.04151282224494	36.756709047524396	-0.0	26.728631671406372	64.93917632828995	74.40799518083743
5.9109606960842385	5.92225616397325	92.2213138624462	23.04233518893283	99.21921392168477	36.815041093155	-0.0	26.57003468313928	64.70140827873433	74.23595911160699
5.919793055732319	5.930955005818863	91.96525830930692	23.039223230471382	99.39586111464637	36.873033372125754	-0.0	26.412532639052337	64.46452994361891	74.06417032694078
5.928573076993457	5.939603166935687	91.70953271195077	23.036090204699004	99.57146153986913	36.930687779571244	-0.0	26.25605875582522	64.2285589694477	73.89262939668083
5.937301100226836	5.948200929164877	91.45527594423173	23.032936327948963	99.74602200453671	36.988006194432515	-0.0	26.100561461922005	63.99347638437412	73.7213369417196
5.945977444853534	5.956748640460643	91.20151539452367	23.029761803546144	99.91954889707067	37.04499093640429	-0.0	25.94609268164147	63.75928308224173	73.5502935126682
5.954602439813415	5.965246518457647	90.94904216723992	23.026566845932543	100.0920487962683	37.101643456384316	-0.0	25.792536037863346	63.5259834577559	73.3794997186892
5.963176394322804	5.973694881599889	90.6972001084231	23.02335165518897	100.26352788645609	37.15796587733259	-0.0	25.639919165586196	63.293557973079245	73.20895609119812
5.9716996188722264	5.982094004251823	90.44650030284411	23.020116442987824	100.43399237744453	37.21396002834549	-0.0	25.488214653537025	63.06202420261679	73.03866322198277
5.9801724175863455	5.990444180721643	90.196585734515	23.016861407426184	100.60344835172691	37.269627871477624	-0.0	25.337426782451615	62.83135222920136	72.86862162997274
5.988595093017376	5.9987456943609505	89.94763177330556	23.01358675676393	100.77190186034751	37.32497129573967	-0.0	25.187548192974205	62.60157061829291	72.69883188664038
5.996967946310407	6.006998818614984	89.69959881912261	23.010292687469207	100.93935892620813	37.37999212409989	-0.0	25.038560642259174	62.37264057912498	72.5292945002964
6.005289360707081	6.015217284552899	89.45236173691579	23.0069793593332	101.10578721414163	37.43478189701933	-0.0	24.909741876695886	62.14459823227021	72.35994053221134
6.014331577636511	6.029677804640032	89.2062988646183	23.003678311798357	101.28663155273023	37.4531124462919	-0.0	30.969972355816843	61.91737444448443	71.88887046156317
6.02600305657959	6.050216323943376	88.9607596045578	23.00055691041604	101.5200611315918	37.33734037684342	-0.0	38.90153223507544	61.69090083760307	70.82176979300421
6.040223687878092	6.074014300078452	88.7165425352696	22.997790993751252	101.80447375756184	37.08667278282451	-0.0	45.95555747156669	61.464945164784936	69.26938928920477
6.056606578029065	6.099977478442004	88.47273846187672	22.99551856154875	102.1321315605813	36.723580186984854	-0.0	52.06420340126892	61.23941044241784	67.36025030582154
6.0747697126727935	6.126161090674997	88.23035951513317	22.993830661926783	102.49539425345587	36.27274376431126	-0.0	56.67416629415663	61.01416135633269	65.25284539878169
6.0942291989547455	6.151404067143006	87.98832139502956	22.99276365356028	102.8845839790949	35.767513261639934	-0.0	59.77816709942094	60.78920390426822	63.12195774058655
6.1144741409400245	6.174756586073334	87.74775108676127	22.9922968237876	103.28948281880048	35.24221253397566	-0.0	61.38120902061035	60.56448041125692	61.14061112171863
6.134992839914481	6.195331188102272	87.50747106996468	22.992355888216686	103.6998567982896	34.728275793589546	-0.0	61.40966342308802	60.3401049563507	59.462486889966264
6.1552630809841755	6.212632967314183	87.26869269787686	22.99282176822439	104.1052616196835	34.254390837859816	-0.0	59.88002918858213	60.11612887907249	58.20744219585211
6.174755434823376	6.226567463964239	87.03018339428968	22.993543325730297	104.49510869646751	33.845599748168105	-0.0	56.90563962652506	59.892730102984935	57.45181088534416
6.192985008805959	6.236716348860361	86.79320054252209	22.994352363980266	104.85970017611916	33.51906741010231	-0.0	52.280099018653	59.670020290603325	57.224207069428076
6.209464772805242	6.243193067394374	86.55644767427	22.995079110159775	105.18929545610483	33.289414380845834	-0.0	45.91316164043584	59.44820051776199	57.50652652809908
6.223743626917911	6.246418306349162	86.32121020155307	22.995566711837704	105.47487253835821	33.16790674539182	-0.0	37.645284757233476	59.227368013440795	58.23880259240327
6.237157957689255	6.240095274802074	86.08623920416142	22.995683822152078	105.74315915378509	33.12395582701735	-0.0	13.549255313528445	59.00768564581804	59.325329415745195
6.243837623520412	6.247329106905007	85.85270684377238	22.99533567749015	105.87675247040823	33.28633188262702	-0.0	14.772193863376659	58.78922455637682	60.63662127861296
6.628895919702215	6.250400322401661	85.61951914698676	22.99448491540142	105.89492557845215	33.55336066921237	-0.0	-0.0	58.57204853915742	61.83911387006984
7.891142578661022	6.24392581909952	85.38766970801193	22.993220382373952	105.89492557845215	33.88662753979159	-0.0	-0.0	58.3560778839951	62.94674226908298
10.027294631923382	6.233081791594786	85.15624706275717	22.991449888659538	105.89492557845215	34.301799274633275	-0.0	-0.0	58.14136377685943	64.50291654438165
13.026940353944475	6.220164967437635	84.9260564928314	22.98904484484893	105.89492557845215	34.793509376448874	-0.0	-0.0	57.92798817352093	66.40117777486834
16.87545930234987	6.205826703193203	84.6963402228998	22.98591404036739	105.89492557845215	35.34140509523194	-0.0	-0.0	57.71606830469812	68.51814540760196
21.554093578815515	6.191745127687852	84.46781229426453	22.982008834165555	105.89492557845215	35.92557146574842	-0.0	-0.0	57.505657105765565	70.71671928231149
27.040039256080462	6.179519185892606	84.23981661538411	22.97732650748747	105.89492557845215	36.52072096541987	-0.0	-0.0	57.29675293458734	72.85282194750414
33.30655752563226	6.170766287498677	84.01288167818528	22.971911371345435	105.89492557845215	37.098111820753715	-0.0	-0.0	57.08931915310097	74.78261981276373
40.323105024097366	6.167027652230961	83.7865971226974	22.965853445556156	105.89492557845215	37.62728592634748	-0.0	-0.0	56.88326781562088	76.36996701016031
48.055482703395946	6.169621704402814	83.56125130605061	22.95928475663907	105.89492557845215	38.078370719506886	-0.0	-0.0	56.67849990107242	77.49378227146019
56.46600251874579	6.179461635818002	83.33663107725307	22.952373261005764	105.89492557845215	38.42470643823388	-0.0	-0.0	56.47484126097351	78.05502330968707
65.51367112238265	6.196994253964361	83.1128630363708	22.945314651865075	105.89492557845215	38.64624366880463	-0.0	-0.0	56.2721278537658	77.98287874086394
75.15438966744294	6.21397677297169	82.88988673516062	22.93829202114016	105.89492557845215	38.7598451531446	-0.0	-0.0	56.070158825883134	77.53794736227374
85.1806956145988	6.227683839731228	84.96031447429198	22.93134856915273	105.69534549612452	38.85122559820819	140.83430912818955	-0.0	55.870907930500955	77.09438644230612
93.8891553776647	6.241686556146884	90.46282225993383	22.924543480752202	103.53793136844811	38.944577040979226	555.3107063579611	-0.0	56.298124666438504	76.65388119533272
99.64479616087309	6.256445880658873	90.44998786667188	22.91832530903442	98.4767290097615	39.042972537725824	909.6882688471412	-0.0	58.62982635675774	76.21877120411098
103.18263010275697	6.272029760081728	92.6647761729658	22.913204702475316	92.08934704834128	39.14686506721152	972.9372300828073	-0.0	61.94683483982242	75.7917079616401
105.59325656475876	6.28843751825846	95.8699260389321	22.90931963580735	85.70666815931047	39.25625012172307	935.4676623616654	-0.0	65.30889531416723	75.3733727850737
107.23701346301239	6.305643837743991	98.81153358672375	22.90663692641651	79.67144025221872	39.370958918293276	870.8003151503663	-0.0	68.49330356336769	74.96354550394537
108.36892555609535	6.323607567513498	101.48168303617494	22.90507980693094	74.13577548030865	39.490717116756656	787.3066916982457	-0.0	71.40481701612462	74.56177839951484
109.2361855143168	6.342275600715386	103.85636252808852	22.904546035274834	69.1905521036993	39.615170671435905	695.8333627820276	-0.0	73.98303286084659	74.16749240473511
110.023214663856	6.361586083942064	105.94830001963554	22.904920620821493	64.85485463714792	39.74390722628043	605.5925346136963	-0.0	76.20817134102107	73.7800446023762
110.83342550218072	6.381471670565612	107.7642094125523	22.906088350894297	61.09087871696187	39.87647780377075	525.5753495613708	-0.0	78.09634896420728	73.39879431180789
111.67824503814752	6.401862891084216	109.3467925548839	22.90794396028153	57.817510111574784	40.01241927389477	458.0728364504117	-0.0	79.68932965827342	73.02315645334613
112.5185985117653	6.422691484459995	110.69350084260985	22.910398299132808	54.94437774502099	40.15127656306664	405.28852713096984	-0.0	81.04060064776236	72.65263362265324
113.29765521514882	6.443893384099	111.84293887554425	22.913379411481618	52.39028088057321	40.29262256066	361.83486642999395	-0.0	82.19914137517304	72.28682127993572
113.98803352977976	6.465410972701179	112.81368700994811	22.91682923233083	50.10181191799937	40.43607315134119	325.1018098763032	-0.0	83.19981353298897	71.9253899168838
114.58908372184464	6.487194262819619	113.64414428589652	22.920698723416386	48.04577799101403	40.58129508546413	291.6239860425263	-0.0	84.0634525839937	71.56805912894241
115.11427173637303	6.509200864583836	114.35300658541932	22.92494432530231	46.19983895436921	40.72800576389224	261.7515302454475	-0.0	84.80365241839635	71.21457873855067
115.5695963629216	6.531394924553859	114.95852488639508	22.929526667754775	44.542206983288125	40.8759661636924	234.51318275821228	-0.0	85.43273158738693	70.86472187130178
115.95755570824402	6.55374551730967	115.45611012866743	22.934410487141616	43.053120041750354	41.0249701153978	212.43846676600836	-0.0	85.96304757739958	70.51828440094226
116.27556159409882	6.576225077963281	115.86781987566125	22.939564394216116	41.71397300148144	41.17483385308854	191.56397014934907	-0.0	86.40537821595498	70.17508360969587
116.52702739253037	6.598808313887924	116.20877606634967	22.944960153800096	40.51091811507482	41.325388759252824	169.24130511273842	-0.0	86.7680059534308	69.8349542939773
116.7214880100094	6.621471719234806	116.47138494625317	22.950571971819713	39.434158515379444	41.47647812823204	150.03091594088374	-0.0	87.05756750639091	69.49774493051396
116.86404168203154	6.6441935186333625	116.65489470968598	22.9563761528945	38.47397360586477	41.62795679088909	137.19776787944042	-0.0	87.28014873983498	69.16331580793431
116.95107612503556	6.666953734930084	116.78471956537697	22.96235095408352	37.61936597030058	41.77969156620056	122.36049349880993	-0.0	87.44136932154366	68.83153819704424
116.98647917778389	6.689734140395376	116.8603171931265	22.968476413525305	36.86317947130989	41.93156093596917	106.55786512109177	-0.0	87.54610547697195	68.50229339354325
116.99576038566818	6.712518026721946	116.90073110767148	22.97473353863704	36.20594404586894	42.08345351147964	92.48045750158859	-0.0	87.59429210026386	68.1754684002411
116.92404605322608	6.7352898854725245	116.84859124771133	22.981104464802655	35.624763441947685	42.235265903150164	82.40711435505865	-0.0	87.59803819648799	67.85095674459828
116.75648366732919	6.758035137290154	116.89633760057818	22.987575285479792	35.11048480875284	42.386900915267695	-0.0	-0.0	87.5601006162023	67.52867328223711
116.65922620601046	6.780739985611004	116.55490610746098	22.994131128702858	34.70759778081639	42.53826657074003	96.89586611126983	-0.0	87.47722000304218	67.20852824481887
116.55662084168047	6.803391374341138	116.4816840356736	23.000753542765644	34.38962276828887	42.68927582894092	82.12376355610306	-0.0	87.3317648695461	66.89041352943055
116.31889980550805	6.825976942672093	116.30965981363006	23.007426063073236	34.11629103938728	42.83984628448062	28.837462943524287	-0.0	87.15706477672823	66.57423207527346
115.9918666138049	6.848484956554214	115.95646796369468	23.014141527861693	33.89894052447265	42.98989971036143	56.44358696893893	-0.0	86.96255122817959	66.259936144363
115.6582334216172	6.8709039801829634	115.68653679326187	23.020889130345143	33.759621834264344	43.13935986788643	-0.0	-0.0	86.7243484048822	65.94745908970734
115.05878816287435	6.893222794304362	115.24421791166613	23.02765221383779	33.72800347634514	43.288151962029076	-0.0	-0.0	86.4339250483821	65.6367039194484
113.48152452440726	6.915430737583934	115.25629761590375	23.034411991477384	33.72800347634514	43.43620491722623	-0.0	-0.0	86.09251603787149	65.32756297188669
110.84516656517697	6.937514012771328	114.60249312513484	23.041165262275793	33.72800347634514	43.58342675180886	-0.0	-0.0	85.77982105363606	65.02001103559707
107.2010506840661	6.959461137249516	114.53645155104034	23.04791354031791	33.72800347634514	43.729740914996775	-0.0	-0.0	85.44511680729701	64.71404766942182
102.62013681495337	6.981274223500328	113.95970806206644	23.054654942564937	33.72800347634514	43.875161490002185	-0.0	-0.0	85.13085449495266	64.409654686385
97.191626661585	7.002953084155867	113.82829505771372	23.06139113651074	33.72800347634514	44.01968722770578	-0.0	-0.0	84.80196758065365	64.10683256256829
91.0212267201436	7.024495683138927	113.31542857919995	23.0681202492336	33.72800347634514	44.16330455425951	-0.0	-0.0	84.487205817661	63.80556324478635
84.22908991281066	7.045905817121746	113.13169401811821	23.07484384942552	33.72800347634514	44.30603878081164	-0.0	-0.0	84.16316408772582	63.50584679326173
76.94747591364826	7.067183084835695	112.67006742018495	23.081560234863606	33.72800347634514	44.44788723223797	-0.0	-0.0	83.84872280570924	63.20766613643733
69.31817572622712	7.088327258445113	112.44595639463579	23.088270765980727	33.72800347634514	44.58884838963409	-0.0	-0.0	83.52877950098025	62.91102033813255
61.48975066266229	7.10934121604335	112.02436527041492	23.094973980054235	33.72800347634514	44.728941440289	-0.0	-0.0	83.21527353868792	62.615893672272506
53.61463948806511	7.130224370912862	111.77017289548517	23.101670991810842	33.72800347634514	44.86816247275242	-0.0	-0.0	82.89886719129021	62.32228400559808
45.846190061413864	7.150977442676444	111.37920735958487	23.108360591635197	33.72800347634514	45.00651628450963	-0.0	-0.0	82.58674548014895	62.03017703012671
38.33567327407975	7.171602416901356	111.1033696886491	23.11504365222915	33.72800347634514	45.14401611267571	-0.0	-0.0	82.2734631538798	61.739569432001794
31.229337432102284	7.192098895745662	110.73547475802368	23.12171920086953	33.72800347634514	45.28065930497108	-0.0	-0.0	81.9630425635756	61.45044823640097
24.665560440538165	7.212468045975182	110.44466380520171	23.128320025116107	33.72800347634514	45.41645363983455	-0.0	-0.0	81.65261995658986	61.801425352929165
18.772155244011465	7.2327111850436685	110.09390452515669	23.134563828315912	33.72800347634514	45.551407900291125	-0.0	-0.0	81.34441894045194	62.87215917099554
13.66388099307431	7.252828244015984	109.79324789802848	23.140302331265886	33.72800347634514	45.68552162677323	-0.0	-0.0	81.03731498681327	64.26912105398773
9.440208400206673	7.272820511566735	109.45514050791094	23.145449538220372	33.72800347634514	45.8188034104449	-0.0	-0.0	80.73213783294871	65.88003537406594
6.2498471575722006	7.242200619459992	109.14848935866979	23.149949626189493	34.14766102971371	45.61467079639995	-0.0	249.0423485433491	80.42860780419416	67.62864470308992
4.206405012242976	7.091469651862034	108.81972454439388	23.153769523334	36.49054090746667	44.60979767908022	-0.0	424.63695078995556	80.12677831488034	69.44375659420214
3.1265338028935425	6.95930554327206	108.50980316160482	23.156900938361588	39.58185236536439	43.728703621813736	-0.0	489.4366493977104	79.82685672162549	71.24673029950549
3.0927315059024916	6.849633936702721	108.18797583775034	23.159362982800157	42.85463011804983	42.99755957801814	-0.0	484.5682634314946	79.52846732526481	72.94414772025523
3.251522462735831	6.756122477499187	107.87679414556972	23.161202537809583	46.03044925471662	42.37414984999458	-0.0	468.0144238404515	79.23202635074556	74.47802954718718
3.4048264932783754	6.668185412462287	107.56021401857687	23.162473584013288	49.096529865567504	41.78790274974858	-0.0	451.6192339227753	78.93695437096753	75.84828159618533
3.552676544633682	6.584379365967083	107.24908643934492	23.163229439405914	52.053530892673635	41.22919577311389	-0.0	435.29464312501887	78.64375032817551	77.0585224062938
3.695094597616837	6.504537003467532	106.93660091793325	23.163521900870894	54.90189195233674	40.69691335645022	-0.0	419.0347841953797	78.35179621216555	78.11272967029866
3.8321027256171316	6.4286229051008075	106.62645343004002	23.16340160355259	57.64205451234263	40.19081936733872	-0.0	402.84303545888656	78.06159304731658	79.01534022294621
3.9637244112988395	6.356613630722297	106.31727917042815	23.16291745077804	60.27448822597678	39.71075753814865	-0.0	386.72416037010936	77.77255627451692	79.77137728417365
4.089984836584452	6.288485838838333	106.00868002554317	23.162116722868383	62.79969673168903	39.25657225892222	-0.0	370.6835748193701	77.48514041313895	80.38662472416785
4.210911095860066	6.224214817915006	105.70232515964354	23.161044532409143	65.21822191720132	38.82809878610004	-0.0	354.72733560924473	77.19882664821935	80.86785501445708
4.326532415420425	6.163773885185058	105.39563366384631	23.15974366616126	67.5306483084085	38.425159234567055	-0.0	338.8622018760569	76.91400473083377	81.22312936111419
4.436880412546807	6.107134472918723	105.09176353686048	23.158253942819098	69.73760825093613	38.04756315279149	-0.0	323.09577337570477	76.63023426095765	81.46216718495786
4.541989397989355	6.054265735048747	104.78719835470947	23.15661173784817	71.8397879597871	37.695104900324985	-0.0	307.43661308668493	76.34783651612778	81.59675035174799
4.641896713671795	6.005134468554966	104.48562002564323	23.154849159270285	73.83793427343588	37.367563123699775	-0.0	291.89443242411846	76.06645078578788	81.64102305658037
4.736643154578555	5.959704164242891	104.18331373225192	23.152993357350788	75.73286309157109	37.06469442828594	-0.0	276.48022190388406	75.78633778901101	81.61138434374989
4.826273437836617	5.917935071416044	103.8839009476952	23.151065862119566	77.52546875673235	36.78623380944029	-0.0	261.20653150086844	75.50721248988147	81.52554213685708
4.910836761215984	5.879783706203269	103.58387421582293	23.14908249100093	79.21673522431968	36.53189137468846	-0.0	246.08775683017083	75.22928498256933	81.4005958456839
4.990387469590663	5.845202480362515	103.28658347136705	23.147053882578064	80.80774939181326	36.30134986908343	-0.0	231.14051607894427	74.95233618048606	81.2508672410994
5.064985864621557	5.814138016682452	102.98886531495455	23.144986655134474	82.29971729243113	36.09425344454968	-0.0	216.38394003207804	74.67653509142785	81.08669813248245
5.134699139915575	5.786530905414276	102.69365793039086	23.142884690337645	83.69398279831148	35.910206036095175	-0.0	201.84024708582982	74.40171541844737	80.91465797128448
5.1996024883405525	5.762315876488823	102.39822098124706	23.140750212854844	84.99204976681105	35.74877250992549	-0.0	187.53556131909195	74.12800996477304	80.73854630772671
5.2597805379138025	5.741417409227252	102.1050852033982	23.138584516605672	86.19561075827605	35.60944939484835	-0.0	173.50015693678958	73.85529114305591	80.56043244168609
5.315328880885503	5.7237524877958625	101.81190601374207	23.1363883940492	87.30657761771006	35.49168325197242	-0.0	159.7700705135272	73.58366175851582	80.381403906529
5.366356163451775	5.709224301486687	101.52084353306527	23.134162380709373	88.32712326903551	35.394828676577916	-0.0	146.38735815357137	73.31302265399947	80.20202124250055
5.412986272146749	5.697725376015377	101.22987765074961	23.131906873559156	89.25972544293496	35.31816917343585	-0.0	133.40237625990505	73.04345371181695	80.02257025058543
5.455361410447472	5.689126294178701	100.94090761685875	23.12962220590811	90.10722820894945	35.26084196119134	-0.0	120.87309557218174	72.77487536874133	79.84319597778843
5.49364477309777	5.683287839131732	100.65213059867048	23.127308669536916	90.87289546195541	35.221918927544884	-0.0	108.87006763625438	72.50735108572326	79.66397189291607
5.528024764362616	5.680041529807778	100.3652326657079	23.124966544093912	91.56049528725232	35.20027686538519	-0.0	97.47331860731238	72.24081660439332	79.48493537608682
5.558718700518141	5.67919134600321	100.0786060370561	23.12259609202413	92.17437401036281	35.19460897335474	-0.0	86.7729240190558	71.97532195512879	79.30610556720373
5.585975474319665	5.680527416381764	99.7937722052213	23.120197577427536	92.71950948639329	35.20351610921176	-0.0	76.87324878578515	71.7108150110761	79.12749250136885
5.61007933128636	5.683799275458679	99.50929160366384	23.11777125270605	93.20158662572719	35.22532850305786	-0.0	67.87854234417468	71.44733407591649	78.94910158826357
5.631349276373089	5.688731244486084	99.22651422322345	23.115317375856307	93.62698552746177	35.25820829657389	-0.0	59.88633405930071	71.18483770763198	78.7709359807696
5.6501338730461805	5.695040600856767	98.94416375190724	23.112836194314696	94.0026774609236	35.300270672378446	-0.0	52.97801891503337	70.92335430581363	78.59299763396481
5.6668016679452045	5.702438964264904	98.66341880792115	23.110327962476436	94.33603335890409	35.349593095099365	-0.0	47.19460795452419	70.66285348967794	78.4152879695796
5.68172579346896	5.710640334946923	98.3831586590817	23.10779292394226	94.6345158693792	35.404268899646155	-0.0	42.510690918552505	70.40335330989721	78.23780806828044
5.695261549077446	5.719400958552998	98.1044412038846	23.10523133010476	94.90523098154891	35.46267305701999	-0.0	38.84215612220829	70.14483161119534	78.06055890920572
5.707726176372547	5.7285342464985405	97.8262856088254	23.10264342107591	95.15452352745093	35.5235616433236	-0.0	36.06250660831275	69.88729699623259	77.88354134048987
5.719388430995599	5.737885959767615	97.54955979646249	23.100029445573796	95.38776861991197	35.58590639845077	-0.0	34.001405092304985	69.630740126803	77.70675621986481
5.730460671636821	5.747358496704776	97.27348921089029	23.097389640355527	95.60921343273641	35.64905664469851	-0.0	32.49790865189967	69.37515699708757	77.53020432307571
5.741103909016547	5.756884315371377	96.99874332355378	23.094724251120454	95.82207818033093	35.71256210247585	-0.0	31.405021846464034	69.12054843192058	77.35388646320764
5.751434695301812	5.766424861534909	96.72482395346	23.092033511652687	96.02869390603624	35.77616574356606	-0.0	30.608583592981603	68.86689673684626	77.17780338439799
5.7615360929693615	5.775950298386171	96.451872961852	23.089317664653883	96.23072185938723	35.83966865590781	-0.0	30.01479366163591	68.61422940045271	77.0019558749857
5.771464738508645	5.7854482691644	96.18012644116986	23.086576941372112	96.4292947701729	35.902988461096	-0.0	29.56299487509102	68.36249485049217	76.82634465952314
5.781259650503859	5.794907854799615	95.90910390845029	23.083811580501564	96.62519301007718	35.96605236533077	-0.0	29.20638232449822	68.11174425241016	76.6509705004306
5.790947036341348	5.804323146830131	95.63943691744666	23.081021811615475	96.81894072682695	36.02882097886754	-0.0	28.913784006057895	67.86191546806599	76.4758341101034
5.800544485418263	5.813690397177369	95.37025806531193	23.078207869099135	97.01088970836526	36.09126931451579	-0.0	28.66390561218203	67.61306893752703	76.30093622492598
5.810063729948546	5.823007557786958	95.102644376316	23.075369981333726	97.2012745989709	36.153383718579725	-0.0	28.442736153556037	67.36513278587108	76.12627754773916
5.8195126386390434	5.832273272060017	94.83539483676607	23.07250837803178	97.39025277278087	36.21515514706678	-0.0	28.240743418168847	67.11817108121264	75.95185878736147
5.828896492603828	5.841486793132229	94.56981524326703	23.06962328632714	97.57792985207655	36.27657862088153	-0.0	28.05162710120474	66.87211252770712	75.77768063744881
5.838218855247966	5.850647821348572	94.30447908814126	23.066714931470763	97.76437710495931	36.33765214232381	-0.0	27.871318255293403	66.62702069077524	75.60374378030328
5.847482173785	5.859756230223526	94.0408574450116	23.063783539348474	97.94964347569999	36.39837486815684	-0.0	27.697085178911895	66.38282782916053	75.43004890022813
5.856688156126042	5.868812055008526	93.77741813950416	23.060829330789407	98.13376312252083	36.458747033390175	-0.0	27.52714442428133	66.13959100611639	75.2565966534767
5.865838026580695	5.877815425340788	93.51576829612401	23.057852530473024	98.3167605316139	36.51876950227192	-0.0	27.3603257017498	65.89724759319053	75.08338771546306
5.874932691597302	5.886766541646733	93.25425731255446	23.054853354998503	98.49865383194604	36.578443610978226	-0.0	27.195875203593662	65.65584999734585	74.91042271753884
5.883972850515427	5.895665646913379	92.99449776845707	23.051832027422947	98.67945701030854	36.63777097942253	-0.0	27.03330861866531	65.41534398421877	74.73770232359502
5.892959071285601	5.904512977957409	92.73491270652107	23.048788760698933	98.85918142571201	36.69675318638273	-0.0	26.872275061631832	65.17577170491266	74.56522714348247
5.901891830310999	5.913308810504613	92.47702419203569	23.0457237757296	99.03783660621997	36.75539207003076	-0.0	26.712567493614795	64.93708798631862	74.392997827324
5.9107715450930085	5.922053437007738	92.21938658879996	23.042637282266384	99.21543090186016	36.81368958005159	-0.0	26.554062677311094	64.69932490194776	74.22101496525059
5.919598597091454	5.930747137754072	91.96334595497727	23.03952949894592	99.39197194182907	36.87164758502715	-0.0	26.396662505203864	64.46244960386116	74.04927919300613
5.928373343777296	5.93939018681876	91.70761601235401	23.036400632453486	99.56746687554592	36.92926791212507	-0.0	26.24028753827772	64.22648345065421	73.87779108239717
5.937096124070202	5.947982871307331	91.45338890758221	23.03325089897152	99.74192248140403	36.986552475382204	-0.0	26.08489414049015	63.99140318162656	73.70655125383163
5.945767259228695	5.95652552186412	91.19959881292337	23.03008050217798	99.9153451845739	37.043503479094134	-0.0	25.93051126981563	63.75721657014211	73.53556026031295
5.954387074692929	5.965018379249887	90.94719020196595	23.026889656125192	100.08774149385857	37.100122528332584	-0.0	25.777054424621493	63.52391688129295	73.3648187091545
5.962955882887904	5.973461735666916	90.69530449318933	23.023678561465825	100.25911765775808	37.15641157111278	-0.0	25.624515579582255	63.29149861674925	73.19432713541956
5.9714739893781426	5.98185589927275	90.44465701518902	23.020447429503374	100.42947978756284	37.212372661818335	-0.0	25.472914407522417	63.05996580606321	73.02408612900767
5.97994170159429	5.990201138682517	90.19469166729282	23.017196458721443	100.5988340318858	37.26800759121678	-0.0	25.322219847678394	62.82930102499525	72.85409621154218
5.988359321276302	5.998497741130399	89.94581202449832	23.01392585723299	100.76718642552603	37.32331827420266	-0.0	25.172430174320677	62.599519738997785	72.68435795401454
5.996727148976185	6.006745982879786	89.69772992593212	23.01063582162769	100.9345429795237	37.37830655253191	-0.0	25.0235313050548	62.37059618333442	72.5148718657997
6.005045300427494	6.014955369480329	89.45058731079048	23.007326651092207	101.10090600854988	37.43303579653553	-0.0	24.887332436445206	62.142553478655394	72.34578040366569
6.014163676648614	6.029618382173881	89.2043922705512	23.004032951313164	101.28327353297229	37.44705841427509	-0.0	31.079238976029814	61.91534018562122	71.8535402137404
6.025917878795501	6.050328175235429	88.9590068009947	23.000925412514174	101.51835757591002	37.326870504277494	-0.0	39.05948703574476	61.68885693374325	70.76831504648597
6.0402045635740125	6.074340022612829	88.71466913030955	22.99817868680726	101.80409127148025	37.072900404721615	-0.0	46.18945972758338	61.46289158375573	69.20144903837698
6.056649211675462	6.100352361885284	88.47098788174259	22.995929409995522	102.13298423350923	36.70657440337959	-0.0	52.2632460541238	61.23733843896816	67.28257877704229
6.074864400944796	6.126444081230662	88.22851030235907	22.994266930205054	102.49728801889592	36.25294180374882	-0.0	56.777900787776865	61.01208238135091	65.17104328046798
6.094355457741487	6.151615859621243	87.98657236890536	22.99322572318296	102.88710915482973	35.746430819740155	-0.0	59.822864504174134	60.78710982290246	63.04190832935536
6.114611542285199	6.17491833589669	87.74593676281756	22.99278319892124	103.29223084570397	35.22127509306158	-0.0	61.393603907232745	60.56236882459679	61.06787068548317
6.135126240154166	6.195386126706999	87.5057272959113	22.99286339573385	103.70252480308332	34.70827955772405	-0.0	61.369723068888135	60.33797706446224	59.401737192870264
6.155375095922826	6.212567929815452	87.26690773556165	22.993345912544136	104.10750191845652	34.236204928564284	-0.0	59.787558223171395	60.113993389789975	58.16207668286912
6.174850507055808	6.226151179173964	87.02843738748749	22.99407875367102	104.49701014111615	33.828642741902584	-0.0	56.62412919758465	59.890593469952584	57.42369544968803
6.192973962274814	6.23658511935988	86.79147926949875	22.994893377749776	104.85947924549627	33.507499507353295	-0.0	52.208211210657595	59.66788023090357	57.2136236258713
6.209350178531398	6.243166303446562	86.55468237474251	22.995620165537126	105.18700357062797	33.2825431842857	-0.0	45.97290296683158	59.44606668750229	57.51227041635567
6.223688633951467	6.245271916782111	86.31950728871153	22.996102875087953	105.47377267902934	33.15912307575524	-0.0	36.728125148382475	59.2252489110208	58.258374167960824
6.236471094979047	6.240148890383919	86.08449963143691	22.99621115943691	105.72942189958093	33.12622204472899	-0.0	15.161207498234477	59.00558226067509	59.355102290316374
6.243563722937414	6.246731114259717	85.85101388496327	22.99585163611696	105.87127445874827	33.289292640357345	-0.0	14.069895438272912	58.787137954406894	60.67150123338215
6.6558725370151235	6.2501206742421465	85.61780716327156	22.99498874674286	105.87745752187273	33.562239984270256	-0.0	-0.0	58.56998291410822	61.89517007113041
7.947157165633967	6.243280854713432	85.38598223224076	22.99370283221427	105.87745752187273	33.89721787122123	-0.0	-0.0	58.35403498043058	63.017694066605074
10.111923046280145	6.232341518601072	85.15454991082979	22.99190654149732	105.87745752187273	34.31508646737104	-0.0	-0.0	58.13934845574555	64.5859261639709
13.139618988003615	6.219300679194957	84.92438396131608	22.989472411418223	105.87745752187273	34.8086025981207	-0.0	-0.0	57.92600907312715	66.49231576211096
17.01548783007899	6.204959164080214	84.69465922837202	22.986310598114397	105.87745752187273	35.3581004844437	-0.0	-0.0	57.71412865290536	68.61298067394561
21.720638369248967	6.190900432519735	84.46615568758085	22.982373954755335	105.87745752187273	35.94293369092032	-0.0	-0.0	57.50375328258944	70.81053495831938
27.232137436511266	6.178765439286988	84.23815051121213	22.977661312279498	105.87745752187273	36.53792489918366	-0.0	-0.0	57.294883442464595	72.94084817172902
33.523121674666555	6.170152215454937	84.01124527202732	22.972218508070164	105.87745752187273	37.11413248385648	-0.0	-0.0	57.08748134950882	74.86027544072674
40.562928471857525	6.1665939381248736	83.78493816376186	22.96613698752536	105.87745752187273	37.641058753622644	-0.0	-0.0	56.88146286169163	76.4331014537903
48.3172454128455	6.169421579525626	83.55962952458908	22.959550024665845	105.87745752187273	38.08904807370366	-0.0	-0.0	56.67671841743886	77.53890736936891
56.748277519660526	6.179508489433931	83.33499145006114	22.952626571887194	105.87745752187273	38.4314464748738	-0.0	-0.0	56.473080200370696	78.07952361355673
65.81493146649325	6.197298184941987	83.11125285729587	22.945562995617927	105.87745752187273	38.64856616538778	-0.0	-0.0	56.27037846555637	77.98518721842368
75.47301587079777	6.214028452261098	82.88826334567663	22.938539407931046	105.87745752187273	38.760189681740655	-0.0	-0.0	56.068418185665834	77.53917500133608
85.49027601331133	6.227724658257364	85.25045333621168	22.93159501609447	105.6480961607825	38.851497721715766	146.91508070640253	-0.0	55.870217637859106	77.0956027023722
94.12298351538296	6.241751381111071	90.50580827226833	22.924795480571667	103.40372245959489	38.945009207407146	570.5661853635534	-0.0	56.34578294525776	76.65512025575788
99.78535040536538	6.256540089190009	90.47551003685707	22.91860224820678	98.26930176647564	39.043600594600065	915.3609305436557	-0.0	58.730650191050024	76.2201347140558
103.27401858814636	6.272154274304059	92.76856318534247	22.913516383438377	91.8696471414978	39.14769516202706	972.3636080460592	-0.0	62.057726116474925	75.79324669036536
105.65524552190365	6.288592046407436	95.96956881664097	22.90966630089702	85.49583469441947	39.25728030938291	933.6545953797053	-0.0	65.41567708758248	75.37508707449771
107.27785855325736	6.305827432562637	98.90132658002189	22.907016516632396	79.47546668947662	39.37218288375092	868.2671694767646	-0.0	68.59217104123164	74.9654236212055
108.3972223347907	6.323818803208071	101.56194696416016	22.90548924497878	73.95865321665241	39.49212535472047	784.3307869494532	-0.0	71.49311972443809	74.56380332878649
109.25850535815954	6.342512689076945	103.9314843458084	22.904981614572762	69.03351653127012	39.61675126051297	692.4102043670374	-0.0	74.05945394457045	74.16964391725493
110.04550025143524	6.36184698325086	106.01219144127909	22.905378436897706	64.71817175160018	39.745646555005735	602.4929816305366	-0.0	76.27289583518687	73.78230153768965
110.85796246789589	6.3817541973477665	107.81464310434204	22.906564698528364	60.97262635648655	39.87836131565178	523.3533631494561	-0.0	78.15041249404968	73.40113666724872
111.70495089070991	6.402164833571605	109.38073655135531	22.908435602936446	57.71492151303341	40.0144322238107	457.3612254464886	-0.0	79.73442510969551	73.02556679204605
112.54331518785216	6.423010709977009	110.72501063825123	22.910902591213183	54.85327165238346	40.15340473318006	404.5335702560211	-0.0	81.07847973768605	72.65509770143237
113.31808987315901	6.444227928749228	111.87688115809094	22.91389424325361	52.30808746835785	40.29485285832819	360.15105769125057	-0.0	82.23123870746898	72.28932774303915
114.00496459878717	6.465759100598835	112.84430332804259	22.917352874894643	50.027728210271135	40.43839400399224	323.2019714776079	-0.0	83.22704293591589	71.9279294668924
114.60589957118397	6.487554486161604	113.65699079097247	22.921229676716656	47.98021556650105	40.583696574410695	292.2358469097087	-0.0	84.08635386103245	71.57062371824804
115.12858344991514	6.509571925001046	114.36307804108556	22.92548124029401	46.140887182708916	40.73047950000697	262.4794978558562	-0.0	84.82263063287348	71.21716115441723
115.58121059667474	6.531775747310572	114.96734555065906	22.930068332329615	44.489049234418935	40.87850498207048	235.04862080303892	-0.0	85.4482078093244	70.86731565769736
115.96492295670028	6.554135157252552	115.47057120808788	22.9349558262363	43.004562927469976	41.027567715017014	210.9304562530414	-0.0	85.97542017746365	70.52088385510939
116.27944086290049	6.576622675286421	115.88480106810412	22.94011245202446	41.66978924635498	41.177484501909476	188.46108757956523	-0.0	86.41496701497323	70.17768368477752
116.53294586780137	6.599213069279853	116.20565580971362	22.945510066368982	40.47255301919342	41.32808712853235	171.62781018208534	-0.0	86.77505467850352	69.83755045172393
116.72713056923604	6.621882886957919	116.45961711941669	22.95112294921081	39.400351234185955	41.47921924638613	155.16510717213856	-0.0	87.06228570732675	69.5003330450083
116.86648182148434	6.644610408598164	116.64705695989076	22.956927473105477	38.4433976584208	41.630736057321094	140.52842254655195	-0.0	87.28273537902287	69.16589213153223
116.94913767378743	6.667375713980235	116.7849978618849	22.962901957935195	37.5913706097837	41.78250475986823	121.54251548831657	-0.0	87.44201106881033	68.83409933154711
116.98280108608259	6.6901606276538805	116.85865439132603	22.969026504743177	36.83835449672611	41.9344041843592	105.70337046703153	-0.0	87.5449914798943	68.50483628878682
116.9667901943466	6.712948483939956	116.87094595062408	22.97528253135047	36.17691616113737	42.08632322626637	92.87616451505305	-0.0	87.59539075422731	68.17799217949016
116.90135724667564	6.73572380685018	116.83265149286295	22.981653157988475	35.60099938330469	42.23815871233453	78.63534728824197	-0.0	87.5981179823154	67.85346569967157
116.80219624697871	6.758472042676272	116.7502007489717	22.988121892032773	35.110043102847754	42.38981361784181	68.40756406006216	-0.0	87.5523099721479	67.53115810449549
116.673646295366	6.781179417520543	116.57103875666431	22.994673500990373	34.70082212808943	42.541196116803626	96.09723452395559	-0.0	87.4645260652961	67.21097778936095
116.52786557086301	6.803832892552602	116.5150626785043	23.001291400788165	34.37315647383379	42.69221928368402	33.94496004246994	-0.0	87.3225677876565	66.89282651863097
116.30599404112141	6.826420135453628	116.2321059311147	23.007960731492165	34.1071652834315	42.842800903024184	81.5471023433914	-0.0	87.15032219982102	66.57661565373989
115.9719530854749	6.848929448139395	115.97199469472113	23.01467270936606	33.89050180943591	42.99286298759597	-0.0	-0.0	86.95196897128464	66.26228890092725
115.65310267050589	6.871349574202448	115.66337815819448	23.02141545358697	33.75805083465869	43.14233049468299	-0.0	-0.0	86.71046232278212	65.94977398795263
115.01179994044229	6.893669355200781	115.21899299471089	23.02817340058162	33.72459995323071	43.291129034671876	-0.0	-0.0	86.4210090172544	65.63897970095043
113.39878956351298	6.915877825963334	115.25243910540604	23.034928219431908	33.72459995323071	43.43918550642223	-0.0	-0.0	86.07909512455134	65.32980077364756
110.72817828166926	6.937961110669467	114.58089393391353	23.041676427551348	33.72459995323071	43.58640740446312	-0.0	-0.0	85.76688260195374	65.02221051259092
107.0519694905541	6.959908388194676	114.529659111566	23.048419792280566	33.72459995323071	43.73272258796451	-0.0	-0.0	85.43190574085571	64.71620980624157
102.44174805225221	6.981721606554069	113.9408147709255	23.05515620424846	33.72459995323071	43.878144043693794	-0.0	-0.0	85.1179388709613	64.41177927559528
96.9872863612323	7.003400426729505	113.8193881949524	23.06188753114594	33.72459995323071	44.02266951153003	-0.0	-0.0	84.7889295637726	64.10892044779737
90.79479625420907	7.0249431604471475	113.29851145935277	23.068611723591047	33.72459995323071	44.16628773631432	-0.0	-0.0	84.47434223978716	63.80761433961195
83.98486080342255	7.046353365990901	113.12130773824207	23.075330504111115	33.72459995323071	44.30902243993934	-0.0	-0.0	84.15027311464344	63.507861818769065
76.6900862664612	7.067630634132176	112.6545740830009	23.08204203662736	33.72459995323071	44.45087089421451	-0.0	-0.0	83.83593114613456	63.20964510759452
69.05251991507674	7.088774931590184	112.43458649228643	23.088747796701117	33.72459995323071	44.59183287726789	-0.0	-0.0	83.51601720916953	62.91296387397608
61.22088402398617	7.109788934300374	112.00988924302239	23.095446222582638	33.72459995323071	44.73192622866916	-0.0	-0.0	83.20256695709878	62.61780186887019
53.34767988106969	7.1306721221351275	111.75816462193416	23.102138512953925	33.72459995323071	44.87114748090085	-0.0	-0.0	82.88622177616448	62.32415739918598
45.586218210656895	7.1514252997127645	111.36543109167847	23.10882338676902	33.72459995323071	45.0095019980851	-0.0	-0.0	82.57413209355977	62.0320157791452
38.087633835280386	7.172050309847354	111.09096375833991	23.11550177654078	33.72459995323071	45.147002065649026	-0.0	-0.0	82.26092655813697	61.741374008080435
30.99794270743661	7.192546842167572	110.72217484751059	23.122172684354794	33.72459995323071	45.283645614450485	-0.0	-0.0	81.95052754070652	61.45006843068588
24.455198618515695	7.212916080034873	110.43204861131939	23.128757422528828	33.72459995323071	45.41944053356582	-0.0	-0.0	81.6401944566228	61.853888296131956
18.586804950584096	7.233159255412428	110.0809514059998	23.134978294600547	33.72459995323071	45.55439503608285	-0.0	-0.0	81.33202760872489	62.93488569472399
13.507033817977506	7.2532763782945695	109.78054651060798	23.14069126350643	33.72459995323071	45.68850918863046	-0.0	-0.0	81.02502476149677	64.33831393925466
9.314800907092502	7.273268718773956	109.44244889462573	23.145811227082255	33.72459995323071	45.82179145849304	-0.0	-0.0	80.71988704415183	65.95344455481087
6.168715208996889	7.235384038251787	109.1357634209193	23.15028306105559	34.21932370617871	45.569226921678585	-0.0	258.1991514866599	80.4164587918874	67.70423233136896
4.155368100291085	7.0859071889604435	108.80719100317386	23.15407437029484	36.59877247238827	44.57271459306963	-0.0	427.9704347753883	80.1146729451138	69.51926309085542
3.110033719973897	6.954471027413183	108.49713109911114	23.157177682257963	39.70342974549052	43.696473516087885	-0.0	490.1809173304846	79.81484801172935	71.31940676401913
3.0987199023996475	6.845624130076264	108.17557856762697	23.15961309034443	42.97439804799295	42.970827533841764	-0.0	483.9230457725573	79.51650524219767	73.01093139141798
3.257298018543691	6.752403232108764	107.86419169967543	23.16142808296313	46.14596037087382	42.349354880725095	-0.0	467.38001224679806	79.22015298967142	74.53846542971145
3.4103911533157203	6.664637795286397	107.54791055859344	23.162676629789157	49.207823066314404	41.76425196857598	-0.0	450.98826495061627	78.92512794095424	75.90250395303235
3.5580313009132127	6.580990242764492	107.2365865323342	23.163412005718968	52.16062601826425	41.20660161842995	-0.0	434.666462780032	78.63200362959711	77.10667789109672
3.7002403888703057	6.501304242758882	106.92438541996826	23.16368595460256	55.00480777740611	40.67536161839254	-0.0	418.4094775074245	78.34009626851768	78.15498054947766
3.8370405385562285	6.425545469846846	106.61406040513825	23.163549056398388	57.740810771124565	40.17030313231231	-0.0	402.22078291115645	78.04996488319651	79.05186869262342
3.968455297721616	6.3536905114138715	106.3051326318485	23.163050149814342	60.369105954432314	39.69127007609248	-0.0	386.1051681287962	77.76097480471552	79.80239118201663
4.094509921287654	6.285716001809442	105.99640091126584	23.16223644204864	62.89019842575307	39.238106678729615	-0.0	370.0680748627363	77.47362336307482	80.41236515332585
4.215231585127146	6.221597134224181	105.69024886889198	23.16115295991446	65.30463170254292	38.81064756149454	-0.0	354.11558398150834	77.18735558508226	80.888606400791
4.330649606230059	6.16130716479854	105.38346142219211	23.159842388158232	67.61299212460119	38.40871443199027	-0.0	338.2544861646776	76.90259206988185	81.2392323079917
4.440795703347014	6.104817471499083	105.07976259300321	23.158344423305433	69.81591406694028	38.032116476660555	-0.0	322.49241930548436	76.61886644075027	81.47403363527613
4.5457043010021	6.052097135113901	104.77513915088021	23.15669529221519	71.91408602004199	37.68064756742601	-0.0	306.8379900403266	76.33652180412575	81.60487811005898
4.645412873186723	6.003112668485226	104.47369409837333	23.15492692617149	73.90825746373446	37.354084456568174	-0.0	291.300939246952	76.05518041625848	81.64600163160692
4.739962358954324	5.957827593635543	104.17134908819529	23.153066269734264	75.79924717908649	37.05218395757029	-0.0	275.8923289393458	75.77511663835436	81.61387628155792
4.829397642157545	5.916201998961118	103.87205598290996	23.151134633156587	77.58795284315089	36.77467999307412	-0.0	260.62477299793153	75.49603462417359	81.52622607164933
4.913768110915876	5.878192250405763	103.57200755726534	23.14914762101835	79.27536221831751	36.52128166937175	-0.0	245.512746549172	75.21815396822662	81.40008075440022
4.993128327851196	5.843750610472416	103.27481627454475	23.147115695813305	80.86256655702392	36.29167073648277	-0.0	230.57296602990172	74.94124802227144	81.24962245915103
5.067538851112366	5.812823284286469	102.97709257186679	23.145045348038764	82.35077702224733	36.08548856190979	-0.0	215.8246442679367	74.66549229690555	81.08503739580013
5.13706716116209	5.785350869363188	102.6819738061225	23.142940379431877	83.7413432232418	35.90233912908792	-0.0	201.2901680722847	74.39071519186366	80.91276891361571
5.201788794101351	5.76126765192732	102.38654250698073	23.140802967639175	85.03577588202702	35.741784346182136	-0.0	186.99579838628208	74.11705422674518	80.73653319856999
5.2617887758828905	5.7404977677394875	102.09348699825082	23.138634381821973	86.2357755176578	35.603318451596586	-0.0	172.9719977078293	73.84437775474404	80.55835070229354
5.317163160660748	5.722957932217726	101.80031559901207	23.136435400649642	87.34326321321495	35.486386214784844	-0.0	159.25505713261086	73.57279241389978	80.37928227209846
5.368021157566922	5.7085504090346895	101.50932949806828	23.13420655323743	88.36042315133844	35.39033606023126	-0.0	145.8872106002972	73.30219541047282	80.1998744401504
5.414487301212886	5.697167132636142	101.21838399812017	23.131948232569812	89.28974602425771	35.314447550907616	-0.0	132.91910872389087	73.0326696452318	80.02040578359592
5.456704492025846	5.688679735649892	100.92946728572106	23.12966077048305	90.13408984051692	35.257864904332614	-0.0	120.40952091301939	72.76413375634543	79.8410176803078
5.494836930497243	5.682945169205348	100.64072348995603	23.12734445753312	90.89673860994486	35.21963446136898	-0.0	108.4286166989902	72.49665196714521	79.66178174716234
5.529073917832433	5.67979720772781	100.35388014457462	23.124999573075243	91.58147835664865	35.19864805151873	-0.0	97.0577437325898	72.23015971220188	79.48273442779586
5.559634032903706	5.679036655214213	100.06727906753923	23.122626378940357	92.19268065807412	35.19357770142808	-0.0	86.38671132996463	71.96470731431184	79.30389439272842
5.586767511982119	5.680451767146066	99.78250147300098	23.120225139379066	92.73535023964237	35.203011780973775	-0.0	76.51970953778323	71.70024224557365	79.12527144388207
5.610759682582694	5.683794998725173	99.49805080116266	23.117796106262137	93.21519365165388	35.22529999150115	-0.0	67.56261731834327	71.43680282310089	78.94687087033023
5.6319308865403706	5.688787848343154	99.2153284451789	23.115339537865527	93.63861773080741	35.25858565562103	-0.0	59.61174475448603	71.17434796136881	78.76869576814728
5.650631002736386	5.69514284585742	98.93300800365185	23.11285568115349	94.01262005472772	35.30095230571614	-0.0	52.74457502970939	70.91290584711042	78.59074806076073
5.667228409573832	5.702578911691448	98.65231086817975	23.110344790810117	94.34456819147664	35.35052607794299	-0.0	47.00432301768587	70.65244680578338	78.41302915652747
5.682096075740966	5.71080887180864	98.37208616521795	23.10780710988839	94.64192151481932	35.405392478724266	-0.0	42.36212641298359	70.39298701955896	78.23554012590714
5.695588186017097	5.719590223827879	98.09342079041745	23.105242890141326	94.91176372034194	35.463934825519196	-0.0	38.73147767867755	70.13450622439215	78.05828194614065
5.708020860718862	5.728732692956069	97.81530399380091	23.102652371297296	95.16041721437723	35.52488461970713	-0.0	35.97901492294459	69.87701234045099	77.8812554615821
5.719659675603629	5.7380935872695895	97.53861467818705	23.10003580210677	95.39319351207259	35.58729058179726	-0.0	33.94288554502293	69.62049637292459	77.70446152872292
5.730715553963707	5.747571014688682	97.26258782785929	23.097393419160106	95.61431107927413	35.65047343125788	-0.0	32.457145520069155	69.36495324156455	77.52790092201472
5.741347455318121	5.757100381157792	96.98788596789757	23.094725468128047	95.82694910636242	35.71400254105195	-0.0	31.37766506576642	69.11038455770299	77.35157445382046
5.751670744783708	5.766641560815478	96.71393838589577	23.092032182785232	96.03341489567417	35.777610405436526	-0.0	30.588821520052555	68.85677686947764	77.17548286823391
5.761766886527504	5.776169091894727	96.44116174671042	23.08931380559344	96.23533773055007	35.84112727929818	-0.0	30.002297169574422	68.60414261486149	76.99962695159823
5.771692105364978	5.785667744331912	96.16930875948374	23.08657056768951	96.43384210729955	35.904451628879414	-0.0	29.554651671663592	68.35245448807659	76.82400742800611
5.7814847354794585	5.795127768236543	95.89847284322622	23.083802707999588	96.62969470958917	35.967518454910284	-0.0	29.20084840065035	68.10173697808335	76.64862506074131
5.791170606183413	5.804543314598591	95.6286840418171	23.081010455417605	96.82341212366825	36.03028876399061	-0.0	28.910106813165765	67.85195395154415	76.47348055847894
5.800767046328265	5.813910710420564	95.35970912425445	23.078194045235136	97.0153409265653	36.09273806947043	-0.0	28.66145505323617	67.60314114052491	76.29857466212682
5.810285616686447	5.823227935133899	95.09200364868164	23.075353704376948	97.20571233372894	36.154852900892664	-0.0	28.44107773917441	67.35524788737497	76.12390806673291
5.819734069392646	5.832493671182457	94.82493514928903	23.072489664018157	97.39468138785291	36.21662447454971	-0.0	28.239601836130362	67.10832101204751	75.94948148853216
5.829117605522666	5.841707222344346	94.55928565045417	23.069602149645053	97.58235211045331	36.278048148962306	-0.0	28.050865429697684	66.86230406217457	75.77529561232394
5.838439748475257	5.850868223957421	94.29399930044241	23.066691387729776	97.76879496950514	36.339121493049475	-0.0	27.870768156533366	66.61725156303535	75.60135112659118
5.8477029077745835	5.859976597144133	94.03043716602328	23.063757603212302	97.95405815549167	36.39984398096089	-0.0	27.696671020121514	66.37309490261241	75.42764871062211
5.856908769946207	5.869032382302561	93.76703623518819	23.06080101750559	98.13817539892413	36.460215882017074	-0.0	27.52681914555552	66.1298976636232	75.2541890235809
5.866058544787808	5.878035716675337	93.50542277125889	23.057821854671406	98.32117089575615	36.520238111168915	-0.0	27.36006657467344	65.88759225219688	75.08097273723116
5.87515312998239	5.886986800876002	93.24389174400946	23.054820331323647	98.5030625996478	36.579912005840015	-0.0	27.195669340002443	65.64623454193578	74.90800048269558
5.884193222770505	5.895885851217906	92.984260026967	23.05179667091081	98.68386445541009	36.639239008119375	-0.0	27.033114470266856	65.40576347559302	74.73527292623723
5.893179383603782	5.904733133199369	92.72464790047066	23.048751085413578	98.86358767207562	36.698220887995795	-0.0	26.872092395722003	65.16622987880793	74.56279067207899
5.902112084987937	5.913528933895748	92.4668633164622	23.045683796803413	99.04224169975875	36.756859559304985	-0.0	26.71241390698616	64.92758266755098	74.3905543756031
5.910991747301044	5.922273512789594	92.20918451807636	23.042595013569773	99.21983494602088	36.81515675193062	-0.0	26.55391389295243	64.68985907190456	74.21856462047374
5.919818750372541	5.930967155125926	91.95323488492575	23.039484955319274	99.39637500745081	36.873114367506176	-0.0	26.396501606966034	64.45302002694451	74.04682204734156
5.9285934467735535	5.939610166552542	91.69751126492143	23.03635382769877	99.57186893547106	36.93073444368361	-0.0	26.240140742510444	64.21709071216081	73.87532722202904
5.937316176324181	5.948202824269304	91.44337577170045	23.033201847688517	99.74632352648362	36.988018828462025	-0.0	26.084775187265148	63.98204579271185	73.70408076905171
5.945987267154325	5.95674540669843	91.18956922553774	23.03002921831849	99.91974534308649	37.04496937798954	-0.0	25.93036292662668	63.74789857348522	73.53308323834281
5.9546070361856716	5.965238215878367	90.93722005860602	23.02683615370892	100.09214072371343	37.10158810585578	-0.0	25.776903048920857	63.514634094709216	73.3623352367845
5.963175796052504	5.973681541454995	90.68534155609369	23.023622854489197	100.26351592105007	37.1578769430333	-0.0	25.62438462979532	63.28225374011691	73.19183729920621
5.971693856868163	5.982075658054097	90.43478373222139	23.020389531853777	100.43387713736325	37.213837720360644	-0.0	25.472781044103414	63.050754480380974	73.02159001503094
5.98016152511394	5.990420840976759	90.18480554261932	23.0171363841901	100.60323050227879	37.269472273178394	-0.0	25.322070243686422	62.82012809943015	72.85159390514515
5.9885790982839096	5.998717407770644	89.93598405339019	23.013863619749642	100.77158196567818	37.32478271847096	-0.0	25.172293159760052	62.59038288081014	72.68184954085137
5.9969468810503574	6.006965604928646	89.68792807858789	23.01057143456568	100.93893762100714	37.37977069952431	-0.0	25.02339390236727	62.36149468667219	72.51235742867485
6.00526809233287	6.015145297933031	89.44085148556208	23.0072600962919	101.1053618466574	37.434301986220206	-0.0	24.846032882736488	62.13348742661619	72.34320801636575
6.014441056285591	6.030290064717215	89.19466646690344	23.0039679136592	101.2888211257118	37.44567169836334	-0.0	31.47321125936272	61.906306100097886	71.8293828121978
6.026278913094625	6.051259168387913	88.9493090957816	23.000868281918528	101.5255782618925	37.32163321305835	-0.0	39.51285810758954	61.67984670355328	70.72638596855718
6.040650264625063	6.075289159936612	88.70500503100708	22.998134653544692	101.81300529250124	37.06305248655121	-0.0	46.52881856410975	61.45390486221316	69.14559114515879
6.0571857357105365	6.101019916789337	88.46139308475902	22.99590223907568	102.14371471421073	36.69135022521184	-0.0	52.34153529869964	61.228383024709835	67.21770386700975
6.075452442389071	6.12711177245695	88.21894317825614	22.994258648828147	102.5090488477814	36.23551115740745	-0.0	56.821722336114334	61.00314032491689	65.10284476030525
6.094963807500888	6.152471969326629	87.97701909824654	22.993236456772497	102.89927615001776	35.72931376509344	-0.0	59.9521485362184	60.77816667989959	62.97628643465758
6.115242823515271	6.175627804468505	87.73642570419811	22.992811199109124	103.30485647030542	35.20367766941656	-0.0	61.43338920796314	60.553448176841535	61.01032158525729
6.135755963781544	6.196035064917697	87.49624693989367	22.992905270532443	103.71511927563087	34.69186404881904	-0.0	61.37950652302098	60.32908294064476	59.356812903604215
6.155987224687706	6.213117706358708	87.25748411371363	22.993397002245498	104.11974449375411	34.221682622454196	-0.0	59.75495882717687	60.105118934424674	58.132985042207515
6.175427132933962	6.226546041424441	87.01903800137562	22.994133605732046	104.50854265867922	33.81643421830596	-0.0	56.52372758987982	59.88174917286996	57.4120788949666
6.193553109922531	6.236488438598188	86.78206917631562	22.99494626545101	104.87106219845062	33.49625937782239	-0.0	51.80210461196076	59.659072216740036	57.21952217562516
6.209783770515362	6.243662068298008	86.54538067278757	22.9956656035034	105.19567541030722	33.27873105205717	-0.0	46.01514545685351	59.43728923340583	57.53424009018369
6.223939551165281	6.246081253340199	86.31018893170632	22.99613605954019	105.47879102330562	33.16135732700341	-0.0	37.20022024037436	59.21651144039023	58.2936924324871
6.233664642799077	6.2504835220792	86.07525351956454	22.996228355527304	105.67329285598153	33.18578284077061	-0.0	32.42190548082727	58.996899529053486	59.39994747535704
6.239905195321967	6.252844904657598	85.8417715926189	22.995850536067596	105.79810390643932	33.32986985980248	-0.0	28.43821079950286	58.77849980055311	60.7208266504637
