6.0,6.0,6.0,200.0,0.0,0.0,0.0
6.355873786898433,6.022257204375928,6.001764523735137,199.97875478033714,10.222823212967322,0.0,0.01837693995431819
7.421609070425138,6.1594431917526435,6.003566765442472,199.82722513818925,38.473910475252325,0.0,0.14025934389835695
9.182870681830103,6.507118039210182,6.0054964982450265,199.4364406821026,81.4231028223082,0.0,0.4516564946762707
11.615057884521306,7.141594519766722,6.007690308025937,198.7186655338522,136.0124151144319,0.0,1.0211955879052168
14.68123364846358,8.12130894640197,6.01032145741468,197.6059607708467,199.3517460481424,0.0,1.9013658581349535
18.331216876079885,9.487721296346857,6.013590362105853,196.04927204617454,268.6640933565312,0.0,3.1293380815243395
22.501795811295814,11.266010741530682,6.017715497317142,194.0177436681611,341.2709440697893,0.0,4.727599372227976
27.117981454501578,13.465777974050207,6.022924682568593,191.49802084001652,414.6089741968093,0.0,6.7045937595942595
32.095171438276424,16.0819128980603,6.029446793983072,188.49336033269435,486.2693270231782,0.0,9.055511358967332
37.3420428028927,19.095734043360906,6.037504025619842,185.0224280728687,554.0507452904835,0.0,11.763321842185658
42.76394376650646,22.47645431578254,6.047304865208745,181.11772011192275,616.0179354328332,0.0,14.800101261592177
48.266518990319305,26.1829777176424,6.059037965613569,176.8235997457365,670.5569780224818,0.0,18.12865623831609
53.75928788389057,30.16598593131208,6.072867083030185,172.1939953550755,716.4205314590575,0.0,21.704408327470656
59.15890600225588,34.37023527505715,6.088927219486799,167.28984727798922,752.7570574628653,0.0,25.47746682296341
64.39187635147059,38.73695656020547,6.107322055542277,162.17642421152982,779.1202589044344,0.0,29.394793103865524
69.39653701740129,43.20623510932725,6.12812269554429,156.92064759336856,795.45718921699,0.0,33.40234592533243
74.12422686878581,47.71924667419454,6.151367679711239,151.58856488160052,802.075821641919,0.0,37.44709574822327
78.53961261634281,52.22023669717104,6.177064152083615,146.24310014190937,799.5949824930078,0.0,41.478806805261655
82.62023791317095,56.65815320643858,6.205190017771707,140.9421851462365,788.8812058586453,0.0,45.45150623434991
86.35541914007068,60.98787426549381,6.235696882118464,135.73734002405823,770.9780771116737,0.0,49.324587241031864
89.74465624637581,65.1710051903154,6.268513541537662,130.6727340077671,747.0339184749752,0.0,53.06352416725792
92.79574722313932,69.1762544537049,6.303549791699339,125.78471877072703,718.2332608046556,0.0,56.640207713146474
95.52279191635043,72.97942655970711,6.340700332025022,121.10179352973047,685.7365690081194,0.0,60.03293499997984
97.94424864181123,76.56309242533979,6.379848572933908,116.64493563393621,650.6313400182265,0.0,63.22610918685578
100.08117136453043,79.91601145941621,6.42087018958837,112.4282145245993,613.896196749991,0.0,66.20971561940573
101.95571290723096,83.03238440175724,6.463636308213208,108.45960097724915,576.3781720186246,0.0,68.97864584140997
103.58993727400346,85.91101304044827,6.508016253827347,104.74188639614123,538.7821814606513,0.0,71.53193810788329
105.00494692123463,88.55443392348658,6.553879827611469,101.27363666905107,501.67082836059905,0.0,73.87199489343527
106.22030201649645,90.96808028852594,6.601099115417401,98.05011929305981,465.47220150386727,0.0,76.0038262447343
107.25368976496193,93.15951182868557,6.649549854584268,95.0641587042124,430.493195195119,0.0,77.93435464446515
108.12079241770863,95.13773747986139,6.699112403865252,92.30689085866138,396.9360311065216,0.0,79.67180403599968
108.83530106725443,96.9126435608355,6.749672371394137,89.76840252671138,364.91600541188916,0.0,81.22518406857061
109.40902660919971,98.49452917787517,6.8011209593579425,87.43825249422318,334.47892990919223,0.0,82.60387123234031
109.85206701394854,99.8937431613059,6.853355082838589,85.30588051702779,305.6172027826321,0.0,83.81728166716789
110.17299928157006,101.12041186004363,6.906277315657557,83.36091550881399,278.28387406715393,0.0,84.8746259812465
110.37907359783048,102.18424452809305,6.95979570939408,81.59339744518485,252.40442654340936,0.0,85.78473408667118
110.4763952669413,103.09440229371731,7.0138235242012765,79.99392838951873,227.88625948255972,0.0,86.55593739615367
110.47008646196683,103.85941727002496,7.0682789024787445,78.55376748760736,204.62604136811356,0.0,87.19599624366599
110.36442459140873,104.4871497501988,7.123084509452449,77.26488329066866,182.5151999370074,0.0,87.71206164538546
110.16295727292935,104.9847732244908,7.178167158593088,76.11997480654013,161.4438602622809,0.0,88.11066213895292
109.86859581292676,105.3587788572889,7.233457434708387,75.11247058657844,141.3035417987871,0.0,88.39770815642255
109.48369003797083,105.61499287028448,7.288889323471647,74.23651315786604,121.9888992398149,0.0,88.57850801853141
109.01008761685111,105.7586018771383,7.3443998530121934,73.48693433754364,103.39875243775009,0.0,88.65779108161409
108.44918090448488,105.79418255640557,7.399928750862494,72.85922547598678,85.43660673689936,0.0,88.63973477902444
107.80159704943557,105.7257325074666,7.4554181178849275,72.34950617640953,68.00032726402355,0.0,88.52799271303083
106.699367236142,105.53449975667681,7.510808916874195,71.97961557828854,40.507585476194976,0.0,88.30572440035465
104.93373667426351,105.14094517035781,7.566012738442775,71.84040540594309,5.306614885088888,0.0,87.90135261190504
102.34655080178844,104.65662715300599,7.620936054785995,71.80684346814373,5.306614885088888,0.0,87.41546467407936
98.83098431452505,104.1751692480751,7.675565559580521,71.77328153034435,5.306614885088888,0.0,86.93241810919925
94.455917426478,103.69655473021466,7.729902970975992,71.73971959254499,5.306614885088888,0.0,86.45219630149889
89.30690637593558,103.22076697188058,7.7839499970746635,71.70615765474564,5.306614885088888,0.0,85.97478273237793
83.48450002561535,102.74778944276329,7.837708335990156,71.67259571694626,5.306614885088888,0.0,85.50016097983355
77.10226603060315,102.27760570921905,7.891179675905874,71.6390337791469,5.306614885088888,0.0,85.0283147178953
70.28456531458997,101.81019943370464,7.944365695133066,71.60547184134754,5.306614885088888,0.0,84.55922771606369
63.164118457806644,101.34555437421558,7.997268062168568,71.57190990354817,5.306614885088888,0.0,84.09288383875193
55.87941160671527,100.88365438372716,8.049888435752187,71.53834796574881,5.306614885088888,0.0,83.62926704473074
48.571992587092296,100.42448340963925,8.102228464923753,71.50478602794945,5.306614885088888,0.0,83.16836138657672
41.383709976363455,99.96802549322396,8.154289789079858,71.47122409015009,5.306614885088888,0.0,82.71015101012367
34.45394892121009,99.51426476907683,8.206074038030236,71.43766215235073,5.306614885088888,0.0,82.25462015391733
27.916917436728937,99.06318546457094,8.25758283205383,71.40410021455136,5.306614885088888,0.0,81.80175314867323
21.89903575448322,98.61477189931458,8.308817781954518,71.37053827675199,5.306614885088888,0.0,81.35153441673759
16.516478912776066,98.16900848461167,8.359780489116533,71.33697633895264,5.306614885088888,0.0,80.90394847155162
11.87291893428444,97.7258797229256,8.410472545559543,71.30341440115328,5.306614885088888,0.0,80.4589799171187
8.060456830036115,97.28536972138127,8.4585427568849,71.29573356068788,5.306614885088888,66.27731562939869,80.01873262868523
5.292538911586263,96.84707991979137,8.32454814785354,73.28825691819789,5.306614885088888,504.6574828301604,79.74450788107258
3.4709226926166012,96.4098080697414,7.985074754841706,77.53989661425297,5.306614885088888,751.0742361208119,79.6563162285234
2.5870219572383673,95.97275128344856,7.5483855935943165,82.86066673885365,5.306614885088888,825.0024474402996,79.65590010029187
2.620646477556393,95.53567139606933,7.118044169990474,88.11163785360289,5.306614885088888,747.0677390843356,79.6497444777091
2.7583904194021556,95.0987707115888,6.741773499326413,92.76762818673905,5.306614885088888,660.7915859637117,79.59503790914336
2.879977246958641,94.66232490305518,6.414417052888648,96.88504804356592,5.306614885088888,585.360655929017,79.49667427005566
2.987437479658802,94.2265742543152,6.1297970577821514,100.53158140518202,5.306614885088888,519.4069002589206,79.36043559354668
3.0825455038260783,93.79172712033034,5.882515182017132,103.76637448236863,5.306614885088888,461.73486590121803,79.19137294894186
3.16685188690782,93.35796396416498,5.667854197880756,106.64111285670407,5.306614885088888,411.29992032921234,78.99389867027475
3.2417116148563596,92.92544088460977,5.481692051732617,109.20096272659943,5.306614885088888,367.18922361077944,78.77186694892468
3.3083087670047573,92.49429269870276,5.320426774994988,111.48539340315673,5.306614885088888,328.6051010941216,78.5286442584194
3.367678077892805,92.06463563530431,5.180910868582543,113.52889603770237,5.306614885088888,294.8505138417195,78.26717089420544
3.4207237787942923,91.63656968879626,5.0603939655760835,115.36161167269599,5.306614885088888,265.31636215474197,77.99001474934681
3.468236062145999,91.21018067578558,4.956472727733926,117.00988005603027,5.306614885088888,239.47039092011138,77.69941830568915
3.510905468779728,90.78554203228232,4.867047063199878,118.49671921543195,5.306614885088888,216.84749468982864,77.39733969644526
3.54933546002233,90.36271638409464,4.790281867908038,119.84224452846277,5.306614885088888,197.04124589843505,77.08548858816837
3.584053403665815,89.94175691905278,4.724573593799453,121.06403492152297,5.306614885088888,179.69649190410342,76.76535753571362
3.615520173918102,89.52270858606407,4.66852103488661,122.17745286820995,5.306614885088888,164.50288600759512,76.4382493813286
3.644138540198486,89.10560914284652,4.620899799030323,123.19592401583344,5.306614885088888,151.18923461583043,76.10530119695673
3.6702604975804882,88.69049007143246,4.580640000429313,124.13118153351088,5.306614885088888,139.51855758300852,75.76750520587157
3.694193672406851,88.27737737812528,4.546806766488354,124.99347963266699,5.306614885088888,129.28377175280175,75.4257270647385
3.7162069197554866,87.86629229248652,4.518583203995177,125.7917801492322,5.306614885088888,120.30391907684633,75.08072183911953
3.736535214714717,87.457251878093,4.495255514332882,126.53391558615061,5.306614885088888,112.42087060427231,74.73314796342338
3.755383926562794,87.05026956619484,4.476199986599559,127.22673158603054,5.306614885088888,105.4964463050524,74.38357943958883
3.7729325537061915,86.64535562200217,4.460871631713094,127.87621142908787,5.306614885088888,99.40989826442203,74.03251649670801
3.7893379874088486,86.24251755210022,4.448794250469918,128.48758482412046,5.306614885088888,94.05571140446341,73.68039490576184
3.804737363761393,85.84176046042056,4.439551754646065,129.06542297414933,5.306614885088888,89.34168167274416,73.32759411914263
3.819250555839139,85.44308735925893,4.432780583053231,129.6137216483516,5.306614885088888,85.18723669199407,72.97444438323247
3.832982351443632,85.04649944101158,4.428163074407245,130.13597377344533,5.306614885088888,81.52196828126144,72.62123295359925
3.846024356095385,84.65199631558572,4.425421676294868,130.63523286678114,5.306614885088888,78.28435011825324,72.2682095260272
3.8584566559408877,84.25957621781566,4.424313884754367,131.1141684665753,5.306614885088888,75.42061718493277,71.91559098231457
3.8703492708637532,83.86923618866832,4.424627822293647,131.57511456894818,5.306614885088888,72.88378658534835,71.56356553728924
3.881763424268432,83.48097223354566,4.426178373798834,132.02011195404822,5.306614885088888,70.63280189977988,71.2122963625871
3.892752652665586,83.09477946057352,4.428803809948331,132.45094517223075,5.306614885088888,68.63178548951717,70.8619247532059
3.903363775270182,82.71065220140218,4.432362836627252,132.86917486399466,5.306614885088888,66.84938513291829,70.51257289451965
3.9136377412734884,82.3285841167252,4.436732016596875,133.27616600238224,5.306614885088888,65.25820309165137,70.16434628016101
3.9236103702219642,81.94856828844463,4.441803516454354,133.67311257227547,5.306614885088888,63.83429720749861,69.81733582481908
3.9333129989889746,81.57059730016775,4.447483137843172,134.06105913611987,5.306614885088888,62.55674494214646,69.47161971044324
3.9427730471238225,81.19466330750754,4.4536885970524605,134.4409196788922,5.306614885088888,61.40726241889994,69.1272649994874
3.9520145108758538,80.82075809947364,4.460348021667763,134.8134940755706,5.306614885088888,60.36987152712522,68.78432904458587
3.961058394892163,80.44887315207785,4.4673986368894,135.1794824810583,5.306614885088888,59.430609025693265,68.4428607203436
3.9699230894521804,80.07899967513671,4.47478561758946,135.53949790466962,5.306614885088888,58.57727234671386,68.10290149968353
3.9786247001103425,79.7111286531298,4.482461085197354,135.89407719821904,5.306614885088888,57.79919746934927,67.76448639436252
3.987177335751176,79.34525088086374,4.490383231141955,136.2436906578575,5.306614885088888,57.08706481765718,67.42764477679302
3.995593360303593,78.98135699459749,4.4985155508835915,136.5887504145488,5.306614885088888,56.432729646873845,67.09240109814495
4.003883612699247,78.61943749920182,4.506826174583566,136.92961776601467,5.306614885088888,55.829073828607406,66.7587755158142
4.012057599081357,78.25948279185333,4.515287282219126,137.26660958369573,5.306614885088888,55.26987633519577,66.42678444169209
4.020123660764964,77.90148318270082,4.523874592490022,137.6000039114267,5.306614885088888,54.74970006409047,66.09644102122822
4.028089121007869,77.54542891288564,4.532566916206881,137.9300448578009,5.306614885088888,54.263792940763544,65.76775555201783
4.035960413265548,77.19131017025065,4.5413457660262155,138.2569468713343,5.306614885088888,53.808001498719285,65.44073584954408
4.0437431932661,76.83911710302912,4.550195015423158,138.5808984762967,5.306614885088888,53.37869536246491,65.11538756674231
4.051442436946485,76.48883983176898,4.559100600690027,138.90206553725358,5.306614885088888,52.97270125789244,64.79171447321215
4.05906252603387,76.14046845971504,4.568050260532382,139.2205941117771,5.306614885088888,52.58724534806739,64.46971869916908
4.0666073228307775,75.79399308184396,4.577033308519212,139.53661294328475,5.306614885088888,52.21990284406791,64.14940094858403
4.074080235566123,75.44940379272235,4.586040434242272,139.85023563940697,5.306614885088888,51.868553973033855,63.830760685398324
4.081484275502359,75.10669069333635,4.59506352956252,140.16156257555892,5.306614885088888,51.53134550138259,63.51379629621115
4.088822106838809,74.76584389702286,4.604095536778611,140.47068255838462,5.306614885088888,51.20665711233656,63.19850523240837
4.096096090320016,74.42685353461603,4.613130315951692,140.77767427936894,5.306614885088888,50.89307202532911,62.88488413432604
4.103308321343319,74.089709758908,4.622162528969669,141.08260758508976,5.306614885088888,50.589351322121566,62.57292893971568
4.110460663259622,73.75440274851069,4.631187538239058,141.38554458724394,5.306614885088888,50.29441151198283,62.26263497849208
4.117554776473807,73.42092271119445,4.640201318158959,141.6865406326608,5.306614885088888,50.007304927282334,61.953997055494206
4.124592143874706,73.0892598867698,4.649200377764506,141.98564515096814,5.306614885088888,49.72720259240374,61.64700952277193
4.131574093057699,72.75940454956981,4.658181693130626,142.28290239534527,5.306614885088888,49.453379253938536,61.34166634272002
4.13850181574459,72.43134701058426,4.667142648304725,142.57835208985233,5.306614885088888,49.185200299486475,61.03796114321449
4.1453763847543526,72.10507761928908,4.676080983692234,142.87202999512175,5.306614885088888,48.922110326791206,60.735887265760255
4.152198768833726,71.78058676521003,4.684994750954782,143.16396840271156,5.306614885088888,48.66362315500035,60.43543780753225
4.1589698456176665,71.45786487925446,4.693882273599284,143.45419656712033,5.306614885088888,48.409313096107574,60.13660565808038
4.165690412955598,71.13690243484022,4.702742112540023,143.74274108332875,5.306614885088888,48.158807327588924,59.83938353137183
4.172361198809616,70.81768994884789,4.71157303600625,144.0296262167401,5.306614885088888,47.91177922730377,59.543763993759136
4.178982869904825,70.50021798241843,4.7203739932471045,144.31487419152447,5.306614885088888,47.667942549258356,59.24973948838816
4.18555603928922,70.18447714161648,4.729144091554751,144.59850544261502,5.306614885088888,47.427046334146844,58.95730235649529
4.1920812729407055,69.87045807797571,4.737882576187083,144.8805388359419,5.306614885088888,47.188870461968,58.666444855986626
4.198559095541437,69.55815148894189,4.746588812824196,145.1609918609103,5.306614885088888,46.95322176571204,58.3771591776421
4.204989995524553,69.24754811822656,4.755262272238944,145.4398807986248,5.306614885088888,46.71993063533119,58.089437459244294
4.211374429485076,68.93863875608274,4.763902516902233,145.71722086891958,5.306614885088888,46.488848050138884,57.80327179789418
4.217712826035213,68.63141423951258,4.77250918927897,145.99302635886824,5.306614885088888,46.25984298558572,57.51865426074248
4.2240055891741255,68.32586545241611,4.7810820016013675,146.26731073510936,5.306614885088888,46.03280014718001,57.23557689433674
4.2302531012334335,68.02198332568813,4.789620726933193,146.54008674203035,5.306614885088888,45.80761799027959,56.954031732758985
4.23645572545198,67.71975883727055,4.798125191362112,146.81136648759258,5.306614885088888,45.584206989688646,56.67401080470673
4.242613808226602,67.41918301216553,4.806595267177784,147.08116151835736,5.306614885088888,45.36248812754365,56.39550613965069
4.248727681079814,67.12024692241472,4.815030866911342,147.3494828850751,5.306614885088888,45.14239157194846,56.11850977318594
4.254797662380077,66.82294168704907,4.823431938127596,147.61634120002793,5.306614885088888,44.923855522293486,55.843013751678384
4.2608240588459,66.52725847201314,4.831798458874953,147.88174668716607,5.306614885088888,44.70682520022945,55.56901013629569
4.2668071668610015,66.23318849006706,4.840130433710116,148.1457092259468,5.306614885088888,44.49125196791982,55.296491006500425
4.272747273624401,65.94072300066942,4.848427890225003,148.40823838967088,5.306614885088888,44.27709255751431,55.025448463073374
4.281207584986829,65.64985331100705,4.856699541216548,148.6692481604508,5.306614885088888,43.638598126714236,54.75586682528471
4.590429765668212,65.36058705188836,4.875982273808007,148.80732415711734,5.306614885088888,-5.291694257259706,54.477809826184114
5.393643229991837,65.07306619382251,4.935883749485367,148.49662167664926,5.306614885088888,-53.162770446441556,54.16473179822491
6.693009160007419,64.78741972007143,5.002639435099347,148.1084048326026,5.306614885088888,-53.162770446441556,53.84716744087665
8.480240776103212,64.50364254516928,5.0692030927406595,147.72018798855595,5.306614885088888,-53.162770446441556,53.53146013471903
10.742305852756886,64.22172373784002,5.135575845349487,147.3319711445093,5.306614885088888,-53.162770446441556,53.217599020097786
13.463968036710565,63.941652430731466,5.201758809299277,146.94375430046264,5.306614885088888,-53.162770446441556,52.9055733008637
16.62785189545569,63.663417820041495,5.267753094435159,146.555537456416,5.306614885088888,-53.162770446441556,52.595372244001204
20.214526283612248,63.38700916514634,5.333559804112119,146.16732061236934,5.306614885088888,-53.162770446441556,52.28698517925921
24.202603088321357,63.11241578823126,5.399180035232943,145.77910376832267,5.306614885088888,-53.162770446441556,51.98040149878409
28.568848512772597,62.83962707392317,5.464614878285959,145.39088692427603,5.306614885088888,-53.162770446441556,51.67561065675471
33.288304825304394,62.568632468925486,5.529865417382542,145.00267008022936,5.306614885088888,-53.162770446441556,51.37260216901979
38.33442107843527,62.299421481655166,5.594932730294405,144.6144532361827,5.306614885088888,-53.162770446441556,51.0713656127372
43.67919163454659,62.03198368188177,5.659817888490674,144.22623639213606,5.306614885088888,-53.162770446441556,50.771890626015434
49.29330150775862,61.766308700368704,5.724521957174747,143.83801954808942,5.306614885088888,-53.162770446441556,50.47416690755721
55.14627761561944,61.50238622851657,5.789045995320924,143.44980270404275,5.306614885088888,-53.162770446441556,50.17818421630513
61.206645071980546,61.24020601800851,5.853391055710843,143.06158585999614,5.306614885088888,-53.162770446441556,49.88393237108939
67.14897705371787,61.50286485353468,5.917654941966887,142.08119380940357,176.5132752915548,-53.162770446441556,50.06258162512418
72.6279513073137,62.65476310126344,5.982281247019069,140.09197461626462,307.75002042405436,-53.162770446441556,51.04202096330893
77.6088082250861,64.46735490427317,6.047691436569975,137.34754897617208,403.8712840079356,-53.162770446441556,52.615973518414634
82.07859952134699,66.74673705678379,6.114191481568623,134.06366183121847,470.36054847022956,-53.162770446441556,54.609476068162806
86.04257382714573,69.33110025541087,6.181990159714094,130.42086113953812,512.2801754604441,-53.162770446441556,56.87656637734308
89.52016105006108,72.08796686066623,6.251215893861211,126.56743398234973,534.2334239806088,-53.162770446441556,59.29777952492572
92.54093046518099,74.91123039203525,6.321932016831697,122.62258402159584,540.3316805641326,-53.162770446441556,61.77746703042756
95.14083123961828,77.71805296265731,6.394150368504459,118.67978783076103,534.1745529071828,-53.162770446441556,64.24098950038953
97.35893348295761,80.44571034217418,6.467843171975847,114.81022933609017,518.8467179777251,-53.162770446441556,66.63186364341114
99.23479415307476,83.04848694259464,6.542953188912583,111.06619677367942,496.9321923171828,-53.162770446441556,68.90895581115186
100.80648672644459,85.49471875397191,6.619402209589389,107.48433078174672,470.5442330898482,-53.162770446441556,71.04381032773651
102.10926463084104,87.7640660561595,6.697097982617092,104.0886300093385,441.36748114179665,-53.162770446441556,73.01818623032062
103.17478021705652,89.84507471155823,6.775939727915522,100.89314621282372,410.70819369701496,-53.162770446441556,74.82185526888709
104.03075392070521,91.73305961055443,6.855822401643653,97.90432904831701,379.548356974527,-53.162770446441556,76.45069125805517
104.70097970292221,93.42832003438419,6.9366398934113995,95.12300754231265,348.5999309712741,-53.162770446441556,77.90505941550609
105.20555853435054,94.93467676442496,7.01828733567321,92.54601775485513,318.35625475590984,-53.162770446441556,79.18849636189115
105.56126663221363,96.25830596062924,7.1006626952592935,90.16750299006583,289.13854218512887,-53.162770446441556,80.30665812705035
105.78198469910383,97.40683540375834,7.1836678004506735,87.97992374459325,261.1362757386596,-53.162770446441556,81.26650502853344
105.87913476438847,98.38866415878518,7.2672089366845025,85.97481993520927,234.44106039815134,-53.162770446441556,82.07568821907535
105.86208977602016,99.21246614356919,7.351197122319923,84.14336883278222,209.0740788937004,-53.162770446441556,82.74210220273038
105.73853636093565,99.88684037728052,7.4355481547700935,82.476779774105,185.0076829758092,-53.162770446441556,83.27356970180215
105.51478264818411,100.42007476516724,7.520182497979535,80.96656232285763,162.1818794263293,-53.162770446441556,83.67762895169925
105.19601088886576,100.81999523483567,7.605025065415918,79.60469913270057,140.51655683598457,-53.162770446441556,83.96139798317722
104.78647936576476,101.09387717580482,7.690004938728359,78.3837491153371,119.92028772796306,-53.162770446441556,84.13149509161435
104.28968048127943,101.24840097489728,7.775055050956374,77.2969011702229,100.29646651364914,-53.162770446441556,84.19399906420259
103.70846266096396,101.28963770986344,7.860111854408845,76.33799400410246,81.54743706588465,-53.162770446441556,84.1544365905289
103.0451234289418,101.22305464319298,7.945114986718311,75.5015135964044,63.5771467069065,-53.162770446441556,84.01778751280689
102.30148017793796,101.0535330374284,8.030006943728408,74.78257666617583,46.292750896790615,-53.162770446441556,83.7885011704049
101.47286435505103,100.78534645596072,8.114732763599857,74.17695866701682,29.423276414553126,-53.162770446441556,83.47047713560252
100.15715044701273,100.39938982079374,8.199235565995036,73.70687402077701,8.678887903148505,-53.162770446441556,83.0465548699686
97.99338887015878,99.96359032236482,8.283461227598558,73.29616035873138,8.678887903148505,-53.162770446441556,82.5779788003074
94.94003618375405,99.53054903242938,8.367403545965935,72.88544669668576,8.678887903148505,-53.162770446441556,82.11214286733956
91.06145347032187,99.10024982155016,8.451064178030261,72.47473303464015,8.678887903148505,-53.162770446441556,81.64903104730801
86.43738819575688,98.6726766546116,8.534444771035231,72.06401937259453,8.678887903148505,-53.162770446441556,81.18862741015936
81.16121905335407,98.2478135902682,8.61754696259179,71.6533057105489,8.678887903148505,-53.162770446441556,80.73091611899588
75.33795263419175,97.8256447803961,8.70037238073448,71.2425920485033,8.678887903148505,-53.162770446441556,80.27588142953077
69.08201453927795,97.40615446954813,8.782922643977418,70.83187838645767,8.678887903148505,-53.162770446441556,79.8235076895466
62.5148811428509,96.98932699441166,8.865199361369994,70.42116472441205,8.678887903148505,-53.162770446441556,79.37377933835691
55.762600846874044,96.57514678326987,8.947204132552203,70.01045106236644,8.678887903148505,-53.162770446441556,78.9266809062709
48.953255291137985,96.16359835546625,9.028938547809675,69.59973740032082,8.678887903148505,-53.162770446441556,78.4821970140614
42.21441157830853,95.75466632087195,9.110404188128372,69.1890237382752,8.678887903148505,-53.162770446441556,78.04031237243572
35.6706161345911,95.3483353793564,9.191602625248981,68.77831007622957,8.678887903148505,-53.162770446441556,77.60101178150988
29.440979366728428,94.94459032026106,9.272535421720963,68.36759641418396,8.678887903148505,-53.162770446441556,77.1642801302857
23.63689781698795,94.54341602187624,9.353204130956323,67.95688275213834,8.678887903148505,-53.162770446441556,76.73010239613104
18.35995707435109,94.14479745092088,9.433610297283016,67.54616909009272,8.678887903148505,-53.162770446441556,76.29846364426298
13.700054230016045,93.74871966202544,9.513755455998101,67.13545542804711,8.678887903148505,-53.162770446441556,75.86934902723415
9.733772914000689,93.3551677972179,9.593641133420522,66.72474176600149,8.678887903148505,-53.162770446441556,75.44274378442202
6.700080248092753,92.96386729432503,9.52602018795164,67.93405691679655,8.678887903148505,417.24804772368844,75.15105564503871
4.522251167556517,92.57359907104039,9.218358859647054,71.78264980282712,8.678887903148505,728.3356220599765,75.0765500844337
3.042768169897323,92.18334614621675,8.76534452187269,77.23010850576436,8.678887903148505,898.8066810051279,75.13300696340596
2.367333441886299,91.79256168217346,8.25184726669584,83.34347993944709,8.678887903148505,925.1892087751704,75.24347409299341
2.4704958080322914,91.40116567834534,7.766159547868184,89.15163751324557,8.678887903148505,826.4404769105755,75.32833664948711
2.62239775120966,91.00943616203524,7.34234553195387,94.2795612241019,8.678887903148505,729.8807660263087,75.35715666958866
2.7562176264773997,90.61768568444114,6.973327814515788,98.80474933797059,8.678887903148505,645.4674495396854,75.3365917709873
2.874229563039435,90.2261862423199,6.652187153450963,102.80300616164915,8.678887903148505,571.6682988995553,75.27312054725041
2.9784208184246816,89.83517405610789,6.372877289966336,106.34057361276805,8.678887903148505,507.14439471892337,75.17240288957576
3.0705279708055504,89.44485409147995,6.130114810398918,109.47533763040772,8.678887903148505,450.72573835855553,75.03938328385323
3.1520685451939703,89.0554040104128,5.919282903376156,112.25788238163244,8.678887903148505,401.3899404210388,74.87838107544252
3.224368649589649,88.66697762372866,5.736347259241752,114.73241146643245,8.678887903148505,358.24359796370493,74.69316934585581
3.2885871244760865,88.27970790801389,5.577782579844861,116.93755290092444,8.678887903148505,320.5060212141635,74.4870438380996
3.3457366455500854,87.89370964187246,5.440508360059796,118.90706254166844,8.678887903148505,287.49501336866604,74.26288318616459
3.3967021640732957,87.50908170954052,5.321832771288808,120.67043876405286,8.678887903148505,258.6144444506464,74.02320154575699
3.4422570207388103,87.12590911382851,5.219403624779275,122.25345959118076,8.678887903148505,233.3433928858186,73.77019458495161
3.4830770265685977,86.74426473506354,5.131165521546177,123.6786520571177,8.678887903148505,211.22665700635133,73.50577967249814
3.519752767326833,86.3642108680773,5.055322408380514,124.96570235400296,8.678887903148505,191.86646365004827,73.23163099582058
3.5528003555753016,85.98580056524204,4.990304857896815,126.13181423389595,8.678887903148505,174.91522282570068,72.94921024839441
3.58267082622064,85.60907881002485,4.934741476621834,127.19202219368462,8.678887903148505,160.06919646999424,72.65979344548116
3.6097583466942873,85.23408354244211,4.887433920319231,128.15946514775024,8.678887903148505,147.0629659716329,72.36449435667788
3.6344073913143466,84.86084655509931,4.847335061451332,129.04562557336288,8.678887903148505,135.6645976879865,72.06428498211358
3.6569190105110683,84.4893942761441,4.8135299110955545,129.86053848486435,8.678887903148505,125.67141839358318,71.76001344527488
3.6775563091104537,84.11974845339927,4.785218947805848,130.61297404312123,8.678887903148505,116.9063237097481,71.45241962838602
3.6965492334634162,83.75192675214427,4.761703549752255,131.31059712649736,8.678887903148505,109.21455227300233,71.14214883514919
3.7140987546184525,83.38594327743925,4.742373264783152,131.9601067699426,8.678887903148505,102.46086688332595,70.8297637297191
3.730380523734658,83.02180903051176,4.726694686532754,132.56735801209354,8.678887903148505,96.52709128657239,70.51575476938706
3.7455480663186997,82.65953230752541,4.714201733950718,133.13746836983896,8.678887903148505,91.30995772323959,70.20054932101245
3.7597355734690017,82.29911904799978,4.704487157194202,133.67491087979306,8.678887903148505,86.71922603645027,69.88451962726414
3.7730603409698174,81.94057313923406,4.697195115161095,134.18359540143098,8.678887903148505,82.67604007847626,69.56798976778298
3.7856249006634415,81.58389668228516,4.692014689463147,134.66693966282912,8.678887903148505,79.11149147756113,69.25124174206903
3.797518882923574,81.22909022435095,4.688674216695175,135.12793134311093,8.678887903148505,75.96536460389024,68.9345207848999
3.808820644154889,80.87615296179749,4.68693633576178,135.56918232243214,8.678887903148505,73.18503987411897,68.61804001110569
3.8195986889637235,80.52508291753355,4.686593660047976,135.99297608767063,8.678887903148505,70.72453541802616,68.30198447431144
3.829912912904761,80.17587709596982,4.687464995601632,136.40130915731595,8.678887903148505,68.54366965114266,67.98651471358271
3.8398156884403285,79.82853161839006,4.689392036441385,136.79592728011227,8.678887903148505,66.60732949952023,67.6717698525818
3.849352813893041,79.4830418412066,4.692236476794535,137.1783570668134,8.678887903148505,64.88483094727307,67.35787030769163
3.8585643426769165,79.1394024592591,4.695877487663858,137.54993363121997,8.678887903148505,63.34936025919451,67.04492015444089
3.8674853079113727,78.79760759604406,4.700209511758607,137.91182474397922,8.678887903148505,61.977485700256736,66.73300919534063
3.876146355616874,78.45765088252391,4.705140336623953,138.26505193910663,8.678887903148505,60.74873085791061,66.4222147668028
3.8845742980258287,78.1195255259571,4.710589410870597,138.6105089576825,8.678887903148505,59.645201795205466,66.11260331805961
3.8927925970872,77.78322437000793,4.716486372834351,138.94897786467223,8.678887903148505,58.651261243282605,65.80423179084845
3.9008217869717927,77.44873994723667,4.722769764864914,139.281143132436,8.678887903148505,57.75324389862445,65.4971488249986
3.9086798432740486,77.11606452493166,4.729385909824358,139.60760394745526,8.678887903148505,56.93920763916918,65.1913958118851
3.916382505635268,76.78519014512315,4.7362879293304845,139.92888496443996,8.678887903148505,56.19871612766697,64.88700781494266
3.9239435596647216,76.45610865951376,4.743434885862112,140.24544570369912,8.678887903148505,55.52264884237611,64.58401437401247
3.9313750832937586,76.12881175996628,4.750791033099552,140.55768876294442,8.678887903148505,54.90303507478967,64.28244020817787
3.93868766205012,75.80329100511034,4.7583251608449695,140.86596699310053,8.678887903148505,54.33290887064577,63.982305829896
3.945890577173577,75.47953784355701,4.766010022590221,141.17058976882652,8.678887903148505,53.806182271958214,63.683628081616654
3.952991969999299,75.15754363415016,4.773821835305077,141.47182846796125,8.678887903148505,53.31753455116048,63.38642060466785
3.9599989856030726,74.83729966362819,4.781739842334328,141.76992125969775,8.678887903148505,52.86231541975326,63.0906942489537
3.96691789832476,74.51879716202309,4.789745931441778,142.06507728869803,8.678887903148505,52.436460448393674,62.79645743093204
3.9737542214562676,74.20202731608258,4.797824301043622,142.357480331359,8.678887903148505,52.0364171577967,62.503716446397036
3.9805128030918846,73.88698128096493,4.805961168551518,142.6472919908236,8.678887903148505,51.65908043418971,62.21247574376907
3.987197909886768,73.57365019042454,4.814144515512633,142.93465448893042,8.678887903148505,51.30173609290848,61.92273816287447
3.9938133002491263,73.26202516567878,4.822363864904317,143.2196931059531,8.678887903148505,50.96201156214284,61.634505143569086
4.0003622882991525,72.9520973231227,4.830610086526612,143.5025183125647,8.678887903148505,50.637832788534084,61.347776908010665
4.006847799759607,72.64385778103747,4.838875226947729,143.78322763285723,8.678887903148505,50.32738657965802,61.062552619904515
4.013272420795963,72.33729766541896,4.8471523609048255,144.06190727234653,8.678887903148505,50.0290876974614,60.77883052362783
4.019638440695637,72.03240811503832,4.855435461453198,144.33863354061302,8.678887903148505,49.74155010325827,60.49660806577152
4.02594788916352,71.72918028583149,4.863719286498536,144.61347409448655,8.678887903148505,49.463561830513896,60.215882001317745
4.032202568913108,71.42760535470201,4.871999279645306,144.88648902441685,8.678887903148505,49.19406302772474,59.93664848639187
4.038404084146667,71.12767452281217,4.8802714835551155,145.15773180381285,8.678887903148505,48.93212677144652,59.65890315928274
4.044553865443148,70.82937901842638,4.888532464236722,145.4272501186396,8.678887903148505,48.676942299980745,59.38264121121166
4.0506531915069965,70.53271009936391,4.8967792448885445,145.69508659237866,8.678887903148505,48.42780036232298,59.10785744814337
4.0567032081739365,70.2376590551104,4.9050092480885,145.96127941955413,8.678887903148505,48.18408041550546,58.83454634476954
4.062704945019766,69.94421720863131,4.913220245278029,146.22586291935912,8.678887903148505,47.94523943713597,58.562702091652326
4.06865932987457,69.65237591792503,4.921410312620067,146.48886801946324,8.678887903148505,47.71080214935497,58.29231863639122
4.074567201506628,69.36212657734865,4.929577792426775,146.75032267880923,8.678887903148505,47.48035247614306,58.02338971956728
4.080429320706902,69.07346061874557,4.937721259454364,147.0102522570957,8.678887903148505,47.253526078375835,57.755908906123906
4.086246379975891,68.78636951239963,4.9458394914509425,147.26867983767272,8.678887903148505,47.030003830654444,57.48986961275992
4.092019011989202,68.500844767838,4.953931443420819,147.52562650972718,8.678887903148505,46.8095061210954,57.225265131838306
4.097747796995882,68.21687793450246,4.961996225136359,147.78111161489386,8.678887903148505,46.591787870252396,56.962088652250394
4.103433269284162,67.93446060230511,4.970033081487704,148.03515296278053,8.678887903148505,46.37663417844299,56.700333277619585
4.109075922832284,67.6535844020839,4.978041375312278,148.28776701932867,8.678887903148505,46.16385652219872,56.43999204218057
4.114676216247194,67.37424100597048,4.986020572391275,148.53896907143636,8.678887903148505,45.95328943055984,56.18105792462748
4.120234577080956,67.09642212768158,4.993970228339656,148.78877337083912,8.678887903148505,45.74478758067645,55.92352386018713
4.1257514056033875,66.82011952274391,5.001889977150838,149.03719325986418,8.678887903148505,45.53822325981505,55.66738275114176
4.1312270780995135,66.54532498866094,5.009779521187259,149.2842412813458,8.678887903148505,45.33348414754403,55.41262747599682
4.1366619497518,66.27203036502915,5.01763862243442,149.5299292746994,8.678887903148505,45.13047137770348,55.159250897464894
4.142056357159517,66.00022753361033,5.025467094859004,149.77426845990072,8.678887903148505,44.92909784486123,54.90724586941543
4.147410620541046,65.72990841836545,5.033264797731745,150.01726951089574,8.678887903148505,44.72928672440988,54.65660524292074
4.152725045659096,65.46106498545534,5.041031629793366,150.25894261977479,8.678887903148505,44.530970179351684,54.40732187151244
4.157999925503802,65.19368924321238,5.048767524157192,150.4992975528757,8.678887903148505,44.33408823021817,54.15938861574822
4.163235541764242,64.92777324208699,5.056472443855501,150.73834369983445,8.678887903148505,44.13858776754313,53.912798347175986
4.168432166115061,64.66330907457242,5.064146377948405,150.97609011647242,8.678887903148505,43.944421688904164,53.66754395177151
4.183557157428595,64.4002888929493,5.071856274952363,151.21180923703147,8.678887903148505,42.101521601654916,53.42355804553855
4.533316034988524,64.13872724643694,5.09336081932523,151.29413909185737,8.678887903148505,-13.214584965175384,53.16845852465861
5.357980350880507,63.87879458977283,5.168059525745113,150.7894924056376,8.678887903148505,-107.03270314057734,52.86690389368971
6.65253362395155,63.6207301601899,5.266697172664621,150.01940627732014,8.678887903148505,-107.03270314057734,52.5454657371186
8.410767416727284,63.36455783204147,5.365140449164041,149.2493201490027,8.678887903148505,-107.03270314057734,52.22590728492097
10.615731837331017,63.11026654070664,5.4633904918816985,148.47923402068525,8.678887903148505,-107.03270314057734,51.90821754497144
13.248463936509005,62.857845286268166,5.561448430809094,147.7091478923678,8.678887903148505,-107.03270314057734,51.59238558942427
16.28808442490966,62.607283133134054,5.65931538932977,146.93906176405036,8.678887903148505,-107.03270314057734,51.27840055433753
19.71191109989286,62.3585692096614,5.7569924842579505,146.1689756357329,8.678887903148505,-107.03270314057734,50.966251639299394
23.49558575765175,62.11169270778244,5.854480825876959,145.39888950741548,8.678887903148505,-107.03270314057734,50.655928107056624
27.613211634131122,61.866642882632775,5.951781517977415,144.628803379098,8.678887903148505,-107.03270314057734,50.34741928314526
32.03749919406811,61.62340905218176,6.048895657895191,143.85871725078056,8.678887903148505,-107.03270314057734,50.040714555523394
36.739918649437726,61.38198059686509,6.145824336549165,143.0886311224631,8.678887903148505,-107.03270314057734,49.735803374206135
41.69085791403042,61.14234695921948,6.242568638478748,142.31854499414567,8.678887903148505,-107.03270314057734,49.43267525090281
46.859784876189885,60.90449764351952,6.339129641881189,141.54845886582822,8.678887903148505,-107.03270314057734,49.131319758656055
52.21541296461329,60.668422215416655,6.435508418648656,140.77837273751078,8.678887903148505,-107.03270314057734,48.83172653148324
57.72586903250528,60.43411030158025,6.531706034405111,140.00828660919333,8.678887903148505,-107.03270314057734,48.53388526401986
63.27753265824569,60.345430644114614,6.627737761066179,139.0754608112262,97.5918745134763,-107.03270314057734,48.36739367715661
68.41007685676891,61.052038398487966,6.72387503342688,137.24279923518506,231.8243905030309,-107.03270314057734,48.91728214987836
73.03296247256371,62.436777071892486,6.820540756627206,134.63803676140287,330.0632852271429,-107.03270314057734,50.07762329664656
77.13748163535021,64.30128240785625,6.918049275316055,131.48186720855497,398.0557219037532,-107.03270314057734,51.66942738672173
80.73283887593628,66.4807060416748,7.016615702261026,127.9582029883138,441.07603069990364,-107.03270314057734,53.5439885845434
83.8419808968707,68.84065364114086,7.116373451489679,124.21744214177042,463.8921217597159,-107.03270314057734,55.58011072233249
86.49746318151598,71.27395528042626,7.217390041870924,120.37994397755266,470.73809839199765,-107.03270314057734,57.68118348955112
88.73765681074946,73.69732906224806,7.31968109515229,116.53964520036749,465.300414480395,-107.03270314057734,59.772164076261845
90.603503497038,76.04803037570836,7.423222495447615,112.76771249527727,450.7210798238396,-107.03270314057734,61.7965475320037
92.13593056614383,78.28058944015946,7.527960731325271,109.1161153401618,429.61818855596545,-107.03270314057734,63.71341829892437
93.37395174964193,80.36373333580926,7.633821496588548,105.62100950254997,404.1216392030486,-107.03270314057734,65.49466951792887
94.35341192920352,82.27757077864088,7.740716673844445,102.30584142470381,375.9204064829079,-107.03270314057734,67.12246049836511
95.10628800378072,84.01109371832727,7.848549861201718,99.18411062429665,346.3170646161272,-107.03270314057734,68.58696092632695
95.66043365539359,85.56002405749908,7.95722062483014,96.26175612348833,316.2853038872326,-107.03270314057734,69.88440714096829
96.03964994084458,86.9250099792086,8.066627668813375,93.53915973050947,286.52672653107805,-107.03270314057734,71.0154743485672
96.26397166076819,88.11015684619021,8.176671110511817,91.01278109450587,257.5240427870614,-107.03270314057734,71.9839510584696
96.35007619690303,89.12186351086754,8.287254037222453,88.67645555197191,229.58872324048326,-107.03270314057734,72.79568931133015
96.31174223900084,89.96792625619403,8.398283501302979,86.52239572723569,202.90205294583856,-107.03270314057734,73.45779652209991
96.16030681922118,90.65686887051429,8.509671088988073,84.54194229088621,177.54928171570216,-107.03270314057734,73.97803143141854
95.90508782918184,91.19745753568017,8.621333175282475,82.72610933237884,153.5471280278301,-107.03270314057734,74.36436683824735
95.55375437572864,91.5983621285795,8.733190955382817,81.06596674366727,130.86526551731234,-107.03270314057734,74.62468443780365
95.112638543422,91.86793011192923,8.845170323253226,79.55289705827606,109.44262211879791,-107.03270314057734,74.76657122896385
94.58698963395376,92.01404450878351,8.957201650902222,78.17875836806027,89.19938809403789,-107.03270314057734,74.79719176221953
93.98117637057078,92.04404283504554,9.0692195077877,76.9359790160124,70.04560002920182,-107.03270314057734,74.72321535869253
93.29884464895738,91.96467885454567,9.18116234851164,75.81760424838242,51.88708010168399,-107.03270314057734,74.55078193660667
92.54303891989072,91.78211337071744,9.292972188265303,74.81731019018646,34.6293933825017,-107.03270314057734,74.28549400789191
91.71629482356758,91.50192387982474,9.404594278965423,73.92939649956237,18.180362415077305,-107.03270314057734,73.93242566655469
90.79298774730961,91.14547525519198,9.515978570288826,73.13027142320841,11.72977975622917,-107.03270314057734,73.51086963660183
89.64435925125626,90.78385653017013,9.627104326429388,72.33983244730538,11.72977975622917,-107.03270314057734,73.08488877312985
87.83810922757084,90.42474528282749,9.737972496226542,71.54939347140235,11.72977975622917,-107.03270314057734,72.66139895832686
85.22711222458732,90.06812684994917,9.848584585992361,70.75895449549931,11.72977975622917,-107.03270314057734,72.24038562505149
81.87242780046415,89.71398665406775,9.958942093230311,69.9685155195963,11.72977975622917,-107.03270314057734,71.821834291348
77.84864072223796,89.36231020296188,10.069046506686776,69.17807654369327,11.72977975622917,-107.03270314057734,71.40573055994813
73.24199770692401,89.0130830891577,10.178899306402249,68.38763756779024,11.72977975622917,-107.03270314057734,70.99206011777594
68.1483437397517,88.66629098943336,10.288501963762247,67.5971985918872,11.72977975622917,-107.03270314057734,70.58080873545535
62.67090564749707,88.32191966432622,10.397855941547931,66.80675961598418,11.72977975622917,-107.03270314057734,70.17196226682081
56.91797291179767,87.97995495764313,10.506962693986418,66.01632064008116,11.72977975622917,-107.03270314057734,69.76550664843063
51.000526907066686,87.64038279597342,10.615823666800809,65.22588166417812,11.72977975622917,-107.03270314057734,69.36142789908324
45.029869831925275,87.30318918820487,10.724440297259896,64.43544268827507,11.72977975622917,-107.03270314057734,68.95971211933626
39.11530358723653,86.96836022504237,10.832814014227635,63.645003712372045,11.72977975622917,-107.03270314057734,68.5603454910284
33.361906775631866,86.63588207852959,10.940946238212266,62.85456473646903,11.72977975622917,-107.03270314057734,68.16331427680414
27.868454914811032,86.30574100157315,11.048838381415198,62.06412576056599,11.72977975622917,-107.03270314057734,67.7686048196412
22.72552494389152,85.97792332746992,11.156491847779574,61.27368678466296,11.72977975622917,-107.03270314057734,67.37620354238074
18.01382024005779,85.65241546943685,11.263908033038563,60.483247808759934,11.72977975622917,-107.03270314057734,66.98609694726038
13.802746719976883,85.32920392014356,11.371088324763372,59.692808832856905,11.72977975622917,-107.03270314057734,66.59827161544992
10.207451249652372,85.0082591297674,11.453922793299457,59.167612474453435,11.72977975622917,100.49780328170486,66.23442158283395
7.583695072754619,84.68889370467706,11.301411773689173,61.22943180288714,11.72977975622917,511.76494512729636,66.08401736412084
5.538289754059943,84.36983198501154,10.94279168841286,65.55810766651705,11.72977975622917,792.2887663280369,66.11957059684096
3.88877675450707,84.05015967626083,10.442015387146817,71.45119187170025,11.72977975622917,983.1378316735223,66.28264241235793
2.7069059489786103,83.72926775109629,9.852829258561536,78.31816234394273,11.72977975622917,1081.3115601283992,66.5242639674293
2.21417734549911,83.406855045498,9.238690822854187,85.4613266764181,11.72977975622917,1060.4695370547713,66.78699500600368
2.3762968474394333,83.0829992229615,8.674222132118805,92.05975453634201,11.72977975622917,938.7644539065006,67.00367842123556
2.5485520649687605,82.7580626497932,8.181870070372776,97.86612072559697,11.72977975622917,827.3895229916211,67.15441825122318
2.699952005682012,82.43241025766802,7.752789351289519,102.97731102098275,11.72977975622917,730.0356953232161,67.24751198966153
2.8331217881428437,82.10635978530341,7.378992429698796,107.4808293746212,11.72977975622917,644.9341936123036,67.29044187428732
2.9503553714074346,81.78018765147492,7.053499518774332,111.45314108838497,11.72977975622917,570.5393935451413,67.28974502726433
3.0536573348519185,81.45413417474123,6.770211448288032,114.96106547481182,11.72977975622917,505.50067018769084,67.25113269975182
3.1447793869414986,81.12840813459798,6.523798563421393,118.0629928160752,11.72977975622917,448.6377963260012,67.17959447221297
3.2252522679525857,80.80319075714755,6.309603640412956,120.80994778805548,11.72977975622917,398.91944462042727,67.07948930848907
3.296413627759702,80.47863919788989,6.1235570506385635,123.24651871990343,11.72977975622917,355.44440198785605,66.95462512220551
3.359432386484149,80.15488958507913,5.962102627828171,125.41166961566239,11.72977975622917,317.4251540297295,66.80832830482547
3.4153300217363833,79.83205967908624,5.8221328880816765,127.33944972901426,11.72977975622917,284.17354049428826,66.64350448181837
3.464999170201597,79.51025119621401,5.700932422708612,129.0596136161321,11.72977975622917,255.08822048558872,66.46269160362853
3.5092198823984275,79.18955183929768,5.596128432785479,130.59816296097043,11.72977975622917,229.64371909660835,66.2681063385072
3.5486738266929962,78.87003707208481,5.505647504411776,131.97782004240014,11.72977975622917,207.38085594957673,66.06168461226338
3.5839567012959357,78.55177166971954,5.427677837320793,133.2184414674422,11.72977975622917,187.89838129826995,65.84511703337526
3.6155890803282427,78.23481107357877,5.360636238834723,134.33737970679653,11.72977975622917,170.84566734288708,65.61987984873905
3.644025891518193,77.91920257514445,5.303139281955044,135.34979901807228,11.72977975622917,155.91632162896224,65.38726199392268
3.669664698166545,77.60498635048083,5.253978102229219,136.2689515112947,11.72977975622917,142.8426061976128,65.14838873065301
3.6928529362368714,77.29219636416528,5.2120963743155935,137.10641838524958,11.72977975622917,131.39056083130106,64.90424230210037
3.7138942383953237,76.98086115914303,5.176571067086911,137.87232072880875,11.72977975622917,121.35574156445863,64.6556799822039
3.7330539601928447,76.6710045468978,5.146595626724263,138.57550372700348,11.72977975622917,112.55949683544374,64.40344984781284
3.7505640090497283,76.36264621051544,5.121465281479449,139.22369762717702,11.72977975622917,104.84571344950771,64.14820456093982
3.766627064002946,76.05580223162988,5.1005642004301635,139.8236583972283,11.72977975622917,98.07797308010404,63.89051341217608
3.781420263079271,75.75048555085536,5.083354272323086,140.38129063804982,11.72977975622917,92.13706751388352,63.630872844645495
3.795098425460035,75.44670637009602,5.069365300110086,140.90175498901934,11.72977975622917,86.91882737926956,63.369715650196994
3.807796867129468,75.14447250406666,5.058186432569766,141.38956198294446,11.72977975622917,82.33222480865744,63.10741900534969
3.8196338612938803,74.8437896874319,5.049458676940185,141.8486540600356,11.72977975622917,78.29771547400537,62.844311493370704
3.830712788388368,74.54466184316354,5.0428683561794045,142.28247723479595,11.72977975622917,74.74578979580727,62.58067924039857
3.841124014833548,74.24709131700904,5.038141391676953,142.69404372124598,11.72977975622917,71.61570693554897,62.31677127738635
3.8509465347639575,73.95107908234678,5.035038307275053,143.08598665720373,11.72977975622917,68.85438851117752,62.052804225537834
3.8602494046322846,73.65662491916454,5.033349863597125,143.4606079244253,11.72977975622917,66.41545188448151,61.788966390586666
3.8690929968207697,73.36372757042568,5.0328932431622615,143.81991993565217,11.72977975622917,64.25836541160345,61.52542134050064
3.8775300950943414,73.07238487867646,5.033508716796985,144.16568214971528,11.72977975622917,62.34771026947558,61.26231103178403
3.8856068518491735,72.78259390538715,5.0350567306224665,144.4994329798204,11.72977975622917,60.65253541226407,60.99975854132791
3.8933636245929164,72.49435103520564,5.037415360556231,144.82251767622253,11.72977975622917,59.14579390828091,60.737870453574075
3.9008357068930897,72.20765206702731,5.040478087961703,145.13611269117231,11.72977975622917,57.80385039017731,60.4767389464792
3.9080539671077985,71.92249229354414,5.044151855928683,145.44124696994,11.72977975622917,56.606050646569194,60.216443614279505
3.9150454065332267,71.63886657072737,5.048355370779566,145.73882055573165,11.72977975622917,55.5343455151587,59.95705306026228
3.9218336471344917,71.35676937851356,5.053017617862945,146.02962084738456,11.72977975622917,54.572962226524474,59.69862628856076
3.92843935774383,71.0761948738037,5.058076564599488,146.31433680597323,11.72977975622917,53.70811721207192,59.441213920328416
3.934880626489225,70.79713693674603,5.06347802715583,146.5935713690971,11.72977975622917,52.927765144909856,59.18485925644957
3.9411732862372064,70.51958921114957,5.069174680102715,146.86785229897387,11.72977975622917,52.221379642407214,58.929599206147884
3.947331198977668,70.24354513976911,5.075125191018073,147.1376416619333,11.72977975622917,51.5797616359037,58.67546509841157
3.9533665043306927,69.96899799510909,5.0812934642716545,147.40334411197819,11.72977975622917,50.99487191700973,58.42248339101958
3.9592898367018554,69.69594090631142,5.087647980216539,147.66531412929433,11.72977975622917,50.459684810309966,58.170676290088
3.9651105150413737,69.42436688262195,5.094161217750746,147.92386234555562,11.72977975622917,49.9680603071045,57.92006229142567
3.9708367086635037,69.15426883386708,5.100809149730722,148.17926107123736,11.72977975622917,49.51463233109216,57.670656653564095
3.976475582146466,68.88563958831799,5.1075708020455215,148.43174912561352,11.72977975622917,49.09471110074512,57.42247181108176
3.982033421952156,68.61847190827227,5.1144278683200435,148.68153605741392,11.72977975622917,48.70419780989731,57.175517735755875
3.9875157470719267,68.35275850364089,5.121364373229029,148.92880583301698,11.72977975622917,48.33951007244644,56.92980225212357
3.992927405713747,68.08849204379267,5.128366378288926,149.17372005935505,11.72977975622917,47.997516773139346,56.685331313205
3.998272659791795,67.82566516787583,5.135421724768516,149.41642080023402,11.72977975622917,47.675481137743105,56.44210924141407
4.003555258757358,67.56427049380922,5.142519809035267,149.65703303736348,11.72977975622917,47.371010985621346,56.200138939049324
4.008778504115764,67.3043006261111,5.149651386245248,149.89566682092104,11.72977975622917,47.08201525856376,55.95942207220284
4.013945305804421,67.04574816271233,5.1568083988006785,150.13241914882036,11.72977975622917,46.80666603403934,55.71995923144095
4.019058231458792,66.7886057008821,5.163983826450393,150.36737560891015,11.72977975622917,46.543365330943125,55.481750072187396
4.024119549463554,66.53286584237857,5.1711715553026325,150.60061181401304,11.72977975622917,46.290716103202584,55.244793437370014
4.029131266573052,66.27852119792203,5.178366263364182,150.83219465594033,11.72977975622917,46.0474968928913,55.009087464568594
4.034095160786157,66.02556439107668,5.185563320520799,151.06218340132125,11.72977975622917,45.81263968115681,54.774629679619544
4.039012810074284,65.77398806161524,5.192758701137009,151.29063064920285,11.72977975622917,45.58521053351734,54.54141707838606
4.043885617485706,65.52378486843203,5.199948907683139,151.51758316786092,11.72977975622917,45.364392686982285,54.30944619818711
4.048714833083354,65.2749474920619,5.2071309039983875,151.74308262605996,11.72977975622917,45.149471770929225,54.078713180189915
4.053501573115603,65.02746863685434,5.214302056974203,151.96716623207897,11.72977975622917,44.93982289253692,53.84921382390627
4.058246836769113,64.78134103284694,5.221460085595633,152.18986729214004,11.72977975622917,44.734899351536875,53.62094363478887
4.062951520808795,64.53655743737589,5.228603016412358,152.41121569840686,11.72977975622917,44.53422277872413,53.39389786579852
4.067616432371452,64.29311063645697,5.235729144628201,152.6312383554395,11.72977975622917,44.33737451860196,53.168071553702774
4.072242300146034,64.05099344596627,5.242837000100275,152.84995955286965,11.72977975622917,44.143988099197315,52.943459550771
4.076829784144062,63.81019871264591,5.249925317628356,153.0674012910812,11.72977975622917,43.95374265188644,52.72005655244672
4.081379484238056,63.57071931495685,5.2569930109932,153.283583565825,11.72977975622917,43.766357161374955,52.497857121504914
4.085891947623434,63.33254816379856,5.264039150270836,153.49852461694832,11.72977975622917,43.581585441097886,52.27685570913787
4.090367675339671,63.09567820311219,5.271062942009516,153.71224114576694,11.72977975622917,43.399211742518766,52.05704667335719
4.094807127969395,62.86010241038216,5.2780637119081675,153.92474850503518,11.72977975622917,43.21904691835327,51.83842429505073
4.099210730619166,62.62581379704924,5.285040889680738,154.13606086497157,11.72977975622917,43.040925069833214,51.62098279199037
4.103578877272509,62.392805408846215,5.291993995830656,154.34619135836036,11.72977975622917,42.86470061694262,51.40471633104944
4.107911934594438,62.16107032606625,5.2989226300944265,154.55515220736874,11.72977975622917,42.69024573826305,51.18961903885554
4.112210245256651,61.93060166377247,5.305826461343761,154.76295483438653,11.72977975622917,42.51744813379712,50.97568501107659
4.116474130843858,61.70139257195623,5.312705218762238,154.9696099589041,11.72977975622917,42.346209070022525,50.76290832051243
4.120703894394104,61.47343623565088,5.3195586841356866,155.17512768218967,11.72977975622917,42.17644167156984,50.55128302414278
4.124899822619245,61.24672587500664,5.326386685115783,155.37951756130505,11.72977975622917,42.008069428409165,50.34080316926366
4.129062187845927,61.02125474533161,5.333189089334069,155.58278867380514,11.72977975622917,41.841024891356746,50.131462798826895
4.133191249712331,60.79701613710345,5.339965799259108,155.784949674296,11.72977975622917,41.67524853214253,49.92325595608391
4.137287256651498,60.57400337595531,5.346716747703005,155.98600884387898,11.72977975622917,41.510687747277565,49.71617668862127
4.16355485399212,60.35220991158035,5.353664687009069,156.18352330862442,11.72977975622917,37.683693705864634,49.51001841747486
4.55763132701823,60.13165942459116,5.377685616308972,156.19183031899178,11.72977975622917,-24.599281284156497,49.28959887370857
5.418631532857517,59.91254477636975,5.460564767082183,155.55107439534518,11.72977975622917,-154.8931748308225,49.01744745363098
6.729196058441024,59.69519102985308,5.590049407057766,154.3956682715461,11.72977975622917,-161.8936207255906,48.70489550427625
8.487194610377786,59.479677560204685,5.719437390557825,153.23924585611667,11.72977975622917,-161.8936207255906,48.39408853991594
10.671621600216856,59.265993612942154,5.848637432212791,152.08282344068724,11.72977975622917,-161.8936207255906,48.08509911089883
13.259574584177559,59.05412848939404,5.977650631068003,150.92640102525777,11.72977975622917,-161.8936207255906,47.777916588651244
16.22642388253972,58.84407155345252,6.106478079741809,149.76997860982834,11.72977975622917,-161.8936207255906,47.472530406753194
19.545957311665802,58.63581223120756,6.235120864463151,148.6135561943989,11.72977975622917,-161.8936207255906,47.168930060574986
23.19053665473341,58.42934001058315,6.363580065108928,147.45713377896945,11.72977975622917,-161.8936207255906,46.86710510691581
27.13126279509355,58.22464444097578,6.491856755241134,146.30071136354002,11.72977975622917,-161.8936207255906,46.567045163644565
31.338147213102083,58.021715132894904,6.619952002143802,145.14428894811059,11.72977975622917,-161.8936207255906,46.26873990934272
35.78028809389853,57.82054175760559,6.7478668668597015,143.98786653268112,11.72977975622917,-161.8936207255906,45.97217908294928
40.42604961257692,57.621114046773236,6.875602404226839,142.8314441172517,11.72977975622917,-161.8936207255906,45.67735248340785
45.24324314119569,57.42342179211034,7.003159662914752,141.67502170182223,11.72977975622917,-161.8936207255906,45.384249969315675
50.1993092237219,57.227454845025385,7.130539685460569,140.5185992863928,11.72977975622917,-161.8936207255906,45.09286145857489
55.26149922788114,57.033203116273704,7.257743508304873,139.36217687096337,11.72977975622917,-161.8936207255906,44.80317692804563
60.28340166418679,57.03976123578138,7.384796687239938,137.98049641000242,110.09711151050467,-161.8936207255906,44.69453788595655
64.86052048878778,57.78677478055561,7.511985132327074,135.7606133908175,226.2741376720856,-161.8936207255906,45.252853942168805
68.94073356039488,59.11551900272434,7.639679895812278,132.8778052037981,309.76521139765447,-161.8936207255906,46.33479554702648
72.52021162014016,60.846364724321205,7.768147913652095,129.53211652452407,365.8976029629225,-161.8936207255906,47.77829412942788
75.61148086819644,62.830710468945476,7.8975664614266785,125.8895169899467,399.55396923375304,-161.8936207255906,49.4493147776785
78.23942831774261,64.94809877345244,8.02803937188788,122.08498137314908,415.13868828056053,-161.8936207255906,51.23924371169136
80.43739522758605,67.10316815155363,8.159611621532063,118.22577341217719,416.55184328806564,-161.8936207255906,53.06212916319182
82.24363381434088,69.22250711428516,8.292282213773825,114.39485905199963,407.1771829101479,-161.8936207255906,54.85183555346054
83.69831084879851,71.25150280257171,8.426015330716739,110.65434482023228,389.88681714277016,-161.8936207255906,56.55919437693091
84.84115096309307,73.15128348037003,8.560749778711829,107.04882890874266,367.0624541125172,-161.8936207255906,58.149241180995524
85.709732913159,74.89584569608064,8.69640680536399,103.60856149418436,340.6308273810244,-161.8936207255906,59.59862038078556
86.33839047814689,76.46943834823571,8.832896410477266,100.35233132337162,312.10966060339507,-161.8936207255906,60.89322287605611
86.7576290281805,77.86425213336967,8.970122306461436,97.29002207271282,282.6600044944586,-161.8936207255906,62.02610000385635
86.99394843651315,79.07843818903204,9.107985703338194,94.42480964653848,253.1409116512976,-161.8936207255906,62.99567512231952
87.0699597695263,80.11445740072477,9.246388100131446,91.75499675496836,224.1629936157162,-161.8936207255906,63.80425398502943
87.00469246802126,80.97774384837848,9.385233259987737,89.2755014930689,196.13823102016062,-161.8936207255906,64.45681885935909
86.81400562573153,81.6756531242163,9.5244285335242,86.97903118483957,169.32430572858047,-161.8936207255906,64.96007987288151
86.51103707607591,82.21665873839807,9.663885676544995,84.85698144995386,143.8625608700351,-161.8936207255906,65.32175031780896
86.10664391924496,82.60975688539204,9.803521287104756,82.9001040100618,119.80938752702065,-161.8936207255906,65.55001001073035
85.60980563475866,82.8640404701213,9.943256965163211,81.09898628304319,97.16134856610651,-161.8936207255906,65.65312138854955
85.02797489923216,82.98840638583326,10.083019277418433,79.44438254584968,75.87467984692367,-161.8936207255906,65.63916582653623
84.36737140043147,82.99136457001505,10.222739591386643,77.9274315264424,55.87997986276998,-161.8936207255906,65.51587176610566
83.63322062445506,82.88092249737801,10.362353826960751,76.53978965957555,37.0929459284079,-161.8936207255906,65.29051087826542
82.82994342510902,82.66452388036923,10.501802160673645,75.27370360832214,19.421976266838058,-161.8936207255906,64.96984310528055
81.92039740047636,82.37352067533376,10.641031873614352,74.09432557003292,14.443900432852049,-161.8936207255906,64.58216094738172
80.7948050288704,82.08052853578835,10.780025048535647,72.91979694595352,14.443900432852049,-161.8936207255906,64.19290005390583
79.4554059089014,81.78982772687642,10.918782841310039,71.74526832187412,14.443900432852049,-161.8936207255906,63.80591547825017
77.91267798991365,81.50140484936678,11.057306628404024,70.57073969779472,14.443900432852049,-161.8936207255906,63.42119390897526
76.14845195683323,81.21524658238398,11.195597778234795,69.39621107371529,14.443900432852049,-161.8936207255906,63.0387221124842
73.79387141176954,80.93133968295044,11.333657651217322,68.22168244963588,14.443900432852049,-161.8936207255906,62.65848693256746
70.78531848513127,80.64967098553075,11.471487599811155,67.04715382555649,14.443900432852049,-161.8936207255906,62.280475289950324
67.19641693839759,80.37022740157886,11.609088968566926,65.87262520147708,14.443900432852049,-161.8936207255906,61.90467418184297
63.11060022109222,80.09299591908785,11.746463094172627,64.69809657739768,14.443900432852049,-161.8936207255906,61.53107068149324
58.618880649871045,79.81796360214237,11.883611305499556,63.52356795331829,14.443900432852049,-161.8936207255906,61.15965193774198
53.81751191564991,79.54511759047362,12.020534923648064,62.34903932923888,14.443900432852049,-161.8936207255906,60.79040517458094
48.80560145947211,79.274445099017,12.157235261992962,61.17451070515946,14.443900432852049,-161.8936207255906,60.42331769071336
43.68272921981629,79.00593341747239,12.293713626228715,59.99998208108006,14.443900432852049,-161.8936207255906,60.0583768591171
38.546627919795284,78.73956990986686,12.429971314414363,58.82545345700066,14.443900432852049,-161.8936207255906,59.69557012661018
33.49097748121656,78.47534201412007,12.566009617018157,57.650924832921255,14.443900432852049,-161.8936207255906,59.33488501341909
28.603362399965658,78.21323724161212,12.701829816961956,56.47639620884186,14.443900432852049,-161.8936207255906,58.9763091127495
23.963436094444262,77.95324317675403,12.837433189665356,55.30186758476241,14.443900432852049,-161.8936207255906,58.61983009035942
19.64133046755129,77.69534747656063,12.972821003089553,54.127338960682955,14.443900432852049,-161.8936207255906,58.26543568413501
15.696342339627643,77.43953787022593,13.107994517780964,52.95281033660351,14.443900432852049,-161.8936207255906,57.91311370366873
12.239390851494631,77.18579354499605,13.227263290474195,51.950900106855585,14.443900432852049,2.560747916480868,57.57698093320511
9.868649078718358,76.93354195513598,13.137731003574999,53.24411474165708,14.443900432852049,382.1552778603406,57.43030203207685
8.057917581705677,76.68162515418683,12.86137653693347,56.5919950421549,14.443900432852049,637.2777318865457,57.45223301261819
6.430237920062257,76.42920256262774,12.44844308413947,61.44281573371915,14.443900432852049,839.1283823257959,57.59675245761225
4.894349889961788,76.17562312623346,11.923661284442288,67.5252754758822,14.443900432852049,1007.0390363573563,57.84099397654145
3.5229549054181977,75.92035601244514,11.309113522241342,74.59706788104188,14.443900432852049,1132.5731890454774,58.164585301875775
2.5121157060820076,75.66301480523715,10.637984399956084,82.2935989726932,14.443900432852049,1188.5844841849798,58.537282272853936
2.1480253485040577,75.40344217728467,9.963855346389954,90.02565081387537,14.443900432852049,1136.3043171512968,58.91067159566671
2.3447886817334807,75.14181800550654,9.35365634088245,97.05679037093569,14.443900432852049,1001.203542992822,59.22461804290805
2.528127019406408,74.87855668105716,8.82138333648439,103.23259389831065,14.443900432852049,881.3279349453372,59.46688597322983
2.68901907675318,74.61405385487559,8.35725689946474,108.66018808148043,14.443900432852049,776.5511348486142,59.6466421295781
2.8302917427473115,74.34865424762427,7.952675287387226,113.43380255289554,14.443900432852049,684.9683708010202,59.77194638861835
2.9544152852724452,74.0826580692097,7.600122000253443,117.63577957534406,14.443900432852049,604.9151814888811,59.84984083134604
3.0635483432846082,73.81632663991302,7.293028863173831,121.33807378069355,14.443900432852049,534.9370979379319,59.88647815611308
3.1595772426388673,73.54988730231283,7.025656382910555,124.60356269744625,14.443900432852049,473.7631502993565,59.88723389068208
3.244150351722657,73.28353771347676,6.792989198972629,127.48719193851662,14.443900432852049,420.2827170934173,59.85680444726801
3.318708102687604,73.01744959560833,6.590644724892403,130.03697590895888,14.443900432852049,373.52529521690195,59.799292806655664
3.384509225119981,72.75177201347209,6.4147933155735375,132.29487226164883,14.443900432852049,332.64282222270833,59.71828339214317
3.4426536699990526,72.48663423830074,6.262088506549205,134.2975460292286,14.443900432852049,296.8942288698209,59.61690749715353
3.49410264150584,72.22214825035427,6.129606054450208,136.07703735106557,14.443900432852049,265.6319405665371,59.49790045828959
3.5396961015639006,71.95841092572037,6.0147906682979695,137.66134495794498,14.443900432852049,238.29008182916706,59.36365161525072
3.580168065959303,71.69550594719317,5.915409461326459,139.07493604273583,14.443900432852049,214.3741688990284,59.216247967640655
3.6161599706602976,71.43350547404145,5.8295112754524645,140.33919180437968,14.443900432852049,193.4521027675435,59.05751232388459
3.648232351805662,71.17247160108568,5.755391137484491,141.47279678083592,14.443900432852049,175.14629854633398,58.88903663714649
3.6768750521139637,70.91245763366548,5.69155919963593,142.49207906272335,14.443900432852049,159.12680781787,58.712211135468
3.7025161396245805,70.6535092017255,5.6367135985901164,143.41130758468793,14.443900432852049,145.10530868947836,58.52824977674218
3.725529701226277,70.3956652333167,5.589716738741914,144.24295190968857,14.443900432852049,132.82985407884183,58.33821249219077
3.7462426529332715,70.13895880525057,5.549574567612156,144.9979092381991,14.443900432852049,122.08028257039642,58.14302462351702
3.7649406909586585,69.88341788640413,5.5154184659340935,145.68570277732275,14.443900432852049,112.66420825083503,57.94349390778739
3.7818734919845833,69.62906598722027,5.4864894225375505,146.314655083131,14.443900432852049,104.4135164781039,57.74032531942808
3.7972592573525863,69.37592272723761,5.462124205774346,146.89203953367513,14.443900432852049,97.18130175391599,57.53413403968845
3.8112886839469775,69.12400433099194,5.4417432795957685,147.42421269176552,14.443900432852049,90.83919192276804,57.32545678981586
3.8241284341012323,68.8733240613263,5.42484024417196,147.91672996851804,14.443900432852049,85.27500995743766,57.11476173438043
3.83592416773206,68.62389259800617,5.410972608712736,148.37444669448968,14.443900432852049,80.3907307401093,56.90245713514403
3.846803191931717,68.37571836854082,5.399753728415617,148.8016064394223,14.443900432852049,76.10069562166008,56.688898913108225
3.8568767762810876,68.1288078372404,5.3908457586715155,149.20191818934532,14.443900432852049,72.33005223709503,56.47439725648856
3.8662421760571277,67.88316575777837,5.383953498188048,149.57862378682407,14.443900432852049,69.01339115819053,56.25922239498398
3.874984400187535,67.63879539386338,5.378819008882118,149.93455686278168,14.443900432852049,66.09355454981444,56.043609645524015
3.8831777561560363,67.39569871204424,5.375216914542422,150.2721943333424,14.443900432852049,63.52059512946158,55.82776382140607
3.890887199998815,67.15387655016397,5.372950292626345,150.59370139971244,14.443900432852049,61.25086646733239,55.61186308513971
3.8981695159823277,66.91332876453521,5.371847084359783,150.9009708707736,14.443900432852049,59.246228056666574,55.39606231518142
3.9050743474503733,66.6740543585215,5.371756957749331,151.19565752465255,14.443900432852049,57.473350674596816,55.18049604788885
3.9116450976173085,66.43605159487092,5.372548566366154,151.47920813516112,14.443900432852049,55.90310938059172,54.96528104828623
3.917919716715364,66.1993180938515,5.374107153969896,151.75288771004034,14.443900432852049,54.51005309588617,54.750518556471235
3.9239313898339434,65.96385091898044,5.376332461340447,152.017802418937,14.443900432852049,53.27194110222815,54.53629625058556
3.9297091379798745,65.72964665191186,5.3791368971902225,152.2749196287455,14.443900432852049,52.169338017215466,54.32268996210823
3.935278343306896,65.49670145785151,5.382443939839789,152.52508541125695,14.443900432852049,51.185259868652906,54.10976517471957
3.940661208081395,65.26501114269341,5.386186740543102,152.76903984201763,14.443900432852049,50.30486482113531,53.89757833404128
3.945877155744412,65.03457120292315,5.390306903021672,153.00743036906226,14.443900432852049,49.51518292140765,53.68617799211304
3.9509431813752074,64.8053768692003,5.3947534169766485,153.24082349503286,14.443900432852049,48.80487993978469,53.475605807455985
3.9558741579400207,64.57742314441795,5.399481726152533,153.46971498547072,14.443900432852049,48.16405100597655,53.26589741894269
3.96068310390429,64.35070483693569,5.4044529139771145,153.69453878922374,14.443900432852049,47.58404028037502,53.05708320939465
3.9653814170828117,64.12521658959587,5.409632991943876,153.91567483345193,14.443900432852049,47.05728337609485,52.84918897281978
3.9699790789873632,63.90095290505429,5.414992277774605,154.1334558352144,14.443900432852049,46.57716966147107,52.642236497446994
3.974484833393894,63.6779081678916,5.420504852035264,154.34817325370946,14.443900432852049,46.13792193483929,52.43624407518136
3.9789063423818263,63.456076663910515,5.426148083307258,154.5600824915846,14.443900432852049,45.73449127986299,52.23122694676282
3.9832503226876392,63.235452596974916,5.431902213264943,154.76940744005577,14.443900432852049,45.36246518618835,52.02719769074049
3.987522664856328,63.016030103700636,5.437749994101433,154.97634445062275,14.443900432852049,45.017987261835685,51.82416656335105
3.9917285373610136,62.797803266269206,5.443676371698317,155.18106580572302,14.443900432852049,44.69768707488203,51.622141795495345
3.9958724775871626,62.58076612360156,5.449668208768066,155.3837227515387,14.443900432852049,44.398618846495374,51.42112985222609
3.9999584713385934,62.364912681098644,5.4557140429260995,155.58444814819708,14.443900432852049,44.118207878609354,51.221135659476126
4.003990022313408,62.15023691912992,5.461803875285669,155.783358785635,14.443900432852049,43.85420374041498,51.02216280216099
4.007970212815262,61.9367328004278,5.4679289857247,155.9805574073075,14.443900432852049,43.6046393609581,50.824213697266714
4.0119017568057345,61.72439427652629,5.474081771459615,156.1761344786006,14.443900432852049,43.36779528271197,50.6272897450794
4.015787046264076,61.51321529336438,5.480255605985618,156.370169732156,14.443900432852049,43.14216842500224,50.43139146131417
4.019628191698683,61.303189796159856,5.486444715813982,156.5627335182536,14.443900432852049,42.9264447883087,50.23651859255345
4.023427057548132,61.094311733645526,5.492644072761012,156.75388798484593,14.443900432852049,42.71947560225196,50.04267021710041
4.0271852931165215,60.886575061748616,5.4988492998266105,156.94368810873632,14.443900432852049,42.5202564828003,49.849844833087786
4.030904359606514,60.679973746783524,5.505056588947991,157.13218259668017,14.443900432852049,42.327909219045196,49.65804043544998
4.034585553742405,60.474501768219646,5.511262629130284,157.31941467282059,14.443900432852049,42.141665857791885,49.467254583163786
4.038230028413433,60.2701531210777,5.517464543644879,157.50542276679892,14.443900432852049,41.96085479606629,49.27748445798537
4.041838810713248,60.066921818001944,5.5236598351515,157.6902411150702,14.443900432852049,41.784888628214105,49.08872691575665
4.045412817704059,59.864801891048934,5.529846337744314,157.87390028637458,14.443900432852049,41.61325352622794,48.900978531218534
4.048952870192505,59.66378739322896,5.536022175048509,158.05642764093352,14.443900432852049,41.44549995986624,48.71423563715035
4.0524597047681,59.463872399831274,5.54218572360402,158.23784773173074,14.443900432852049,41.28123458753211,48.52849435855152
4.055933984323453,59.26505100956066,5.5483355808693355,158.41818265518648,14.443900432852049,41.12011317020609,48.34375064249078
4.059376307247781,59.06731734550922,5.554470537262516,158.5974523576081,14.443900432852049,40.961834379361264,48.16000028416997
4.062787215461125,58.870665555984225,5.560589551730052,158.7756749029969,14.443900432852049,40.806134386073815,47.97723894967985
4.066167201435493,58.67508981521039,5.566691730398524,158.95286670708666,14.443900432852049,40.65278213277105,47.79546219586562
4.069516714330779,58.480584323922464,5.572776307920066,159.12904274187355,14.443900432852049,40.501575201493765,47.61466548766655
4.072836165357078,58.287143309862145,5.578842631171812,159.30421671436096,14.443900432852049,40.352336203414914,47.43484421324892
4.076125932461073,58.094761028191435,5.584890145012346,159.47840122277145,14.443900432852049,40.204909623851734,47.255993697210414
4.07938636442168,57.903431761833154,5.590918379835591,159.65160789306907,14.443900432852049,40.05915906530486,47.07810921209959
4.0826177844295595,57.71314982174791,5.596926940695414,159.82384749827585,14.443900432852049,39.91496483830851,46.901185988463055
4.085820493215555,57.52390954715557,5.602915497802743,159.99513006275305,14.443900432852049,39.77222185621089,46.725219223606146
4.088994771784972,57.33570530570848,5.608883778222055,160.1654649533443,14.443900432852049,39.630837795540245,46.55020408922966
4.092140883807449,57.14853149362251,5.614831558615906,160.33486095903754,14.443900432852049,39.49073148844968,46.376135738084336
4.095259077705838,56.962382535771454,5.620758658905282,160.50332636059454,14.443900432852049,39.35183151796097,46.203009309767275
4.098349588482089,56.777252885749384,5.6266649367302195,160.6708689914136,14.443900432852049,39.21407499042196,46.03081993576863
4.101412639313295,56.59313702590535,5.632550282609731,160.8374962907312,14.443900432852049,39.077406462819674,45.85956274386319
4.143532805733437,56.410029745468314,5.638936505845257,160.9974742444027,14.443900432852049,32.514698229730335,45.68876294119287
4.580503522268527,56.22796535579507,5.665895414094029,160.92997419636544,14.443900432852049,-36.42765418697587,45.5003687292888
5.476546983019837,56.04715802067387,5.755205708054749,160.17518843385292,14.443900432852049,-171.49023302106033,45.25693457940283
6.801540273777027,55.86799278117156,5.912674768544037,158.66880067147682,14.443900432852049,-218.07943361933084,44.95357550076941
8.55501436880669,55.69063204420402,6.073864169134061,157.1194500801284,14.443900432852049,-218.07943361933084,44.64849044234684
10.71352052145904,55.515067148411184,6.234869087857965,155.57009948877985,14.443900432852049,-218.07943361933084,44.3451894587358
13.250186862368123,55.34128759208238,6.395690603527829,154.02074889743142,14.443900432852049,-218.07943361933084,44.043662117032945
16.136612678055197,55.16928293491884,6.556329788647081,152.47139830608296,14.443900432852049,-218.07943361933084,43.7438980453444
19.343044655837218,54.99904279767445,6.716787709447371,150.92204771473442,14.443900432852049,-218.07943361933084,43.445886932428934
22.838563062235632,54.83055686179889,6.877065425925221,149.372697123386,14.443900432852049,-218.07943361933084,43.14961852734343
26.591274659853664,54.663814869082536,7.037163991878535,147.82334653203756,14.443900432852049,-218.07943361933084,42.855082639090114
30.56850994136953,54.498806621303665,7.197084454942824,146.27399594068902,14.443900432852049,-218.07943361933084,42.5622691362661
34.737022791395326,54.33552197987773,7.356827856627212,144.7246453493406,14.443900432852049,-218.07943361933084,42.2711679467149
39.06319100079912,54.173950865508466,7.516395232350326,143.17529475799213,14.443900432852049,-218.07943361933084,41.98176905717988
43.51321623986183,54.01408325784131,7.675787611475867,141.62594416664362,14.443900432852049,-218.07943361933084,41.69406251295989
48.053322207869535,53.855909195118656,7.835006017348009,140.07659357529516,14.443900432852049,-218.07943361933084,41.40803841756684
52.64994975272667,53.69941877383722,7.994051467326644,138.52724298394673,14.443900432852049,-218.07943361933084,41.123686932385255
57.13054861781541,53.786452988636334,8.15295996127197,136.70421607019367,115.86830713507374,-218.07943361933084,41.05885039505398
61.15555002844876,54.53764404861553,8.312015171364191,134.1290780437712,215.18791120051483,-218.07943361933084,41.592221181176036
64.69625846318924,55.780797119265124,8.471536201511238,130.9928989246881,284.9240308246447,-218.07943361933084,42.56838132821302
67.75347981541562,57.35385799649323,8.631745886673068,127.47634877900866,330.0118204762721,-218.07943361933084,43.8411353054876
70.3428860319399,59.12347309440484,8.792786382267694,123.72855344919607,354.96720538894124,-218.07943361933084,45.290216679384415
72.49119348590222,60.982267701624274,8.954734149901057,119.87000528143956,363.8535517601023,-218.07943361933084,46.8188225913615
74.23247665883018,62.845965264810516,9.1176134023807,115.99567044013153,360.25725458577296,-218.07943361933084,48.35100640524897
75.60486547329035,64.65041861911205,9.281407939966192,112.17821341869882,347.27761954529,-218.07943361933084,49.82899247680261
76.64778678242163,66.3486453763245,9.446071355293988,108.47123479681142,327.53310849754,-218.07943361933084,51.21049613859823
77.39982511652615,67.90796309544415,9.611535636450672,104.91241386385117,303.18332663360934,-218.07943361933084,52.46613502208604
77.89720426173064,69.30730963990483,9.77771824760603,101.52645872827013,275.96421100479796,-218.07943361933084,53.577008586062476
78.17283555843173,70.53481505894393,9.944527808308639,98.3277876193957,247.23277043411332,-218.07943361933084,54.53250550592284
78.25584318231309,71.5856680563206,10.111868522451978,95.32289105915183,218.01735255563133,-218.07943361933084,55.32837758334791
78.17146009018836,72.46029656642258,10.279643524865033,92.51235099856146,189.06962471559248,-218.07943361933084,55.96509761073296
77.94118746651125,73.16286104734587,10.447757318171135,89.8925165911195,160.91506347029036,-218.07943361933084,56.44649978219753
77.58312090105208,73.7000425809165,10.616117466968696,87.45685500377999,133.89956299985482,-218.07943361933084,56.77868636551425
77.11236350012567,74.08009644243312,10.784635703158289,85.19700872454914,108.23063333507885,-218.07943361933084,56.96917406644715
76.54146559728198,74.31213533036912,10.953228578150764,83.10359833863266,84.01244523585873,-218.07943361933084,57.02624770216971
75.88084960091537,74.40560422709731,11.12181777727883,81.16681247728951,61.2746176725442,-218.07943361933084,56.95848681956486
75.13919483612804,74.36990990350998,11.290330191059699,79.37682569372208,39.99510683331459,-218.07943361933084,56.77443185140298
74.32377006805537,74.21417132613227,11.458697818511345,77.72408156655926,20.117846009389872,-218.07943361933084,56.48235934498778
73.38023627888653,73.984590442237,11.626863241231094,76.15700349781217,16.816260559773106,-218.07943361933084,56.12394440453148
72.20244108832487,73.75544525702621,11.794811070143956,74.59182662142743,16.816260559773106,-218.07943361933084,55.766118015869175
70.79785700317723,73.52840636756609,11.96254252503878,73.0266497450428,16.816260559773106,-218.07943361933084,55.410384122493994
69.17802138382005,73.30346145667137,12.130058871226431,71.46147286865816,16.816260559773106,-218.07943361933084,55.05673048792293
67.35576787440526,73.08059827918508,12.297361366618498,69.89629599227342,16.816260559773106,-218.07943361933084,54.705144947229364
65.3451112065556,72.85980466155752,12.464451261770527,68.3311191158888,16.816260559773106,-218.07943361933084,54.355615406624764
63.16112529679736,72.6410685014273,12.631329799925096,66.76594223950416,16.816260559773106,-218.07943361933084,54.008129843042525
60.779459615267406,72.42437776720526,12.797998217054563,65.2007653631194,16.816260559773106,-218.07943361933084,53.66267630372449
57.91076750933058,72.2097204976604,12.964457741903553,63.6355884867346,16.816260559773106,-218.07943361933084,53.319242905809766
54.558389354077036,71.99708480150865,13.130709596031235,62.07041161034993,16.816260559773106,-218.07943361933084,52.97781783592605
50.80746487152977,71.78645885700365,13.296754993853382,60.50523473396524,16.816260559773106,-218.07943361933084,52.638389349783125
46.74881910583268,71.57783091153021,13.4625951426841,58.94005785758044,16.816260559773106,-218.07943361933084,52.30094577176902
42.47639150803679,71.37118928120005,13.628231242777339,57.37488098119571,16.816260559773106,-218.07943361933084,51.965475494548365
38.0846605058387,71.16652235044978,13.793664487368229,55.80970410481092,16.816260559773106,-218.07943361933084,51.63196697866309
33.66612826170798,70.96381857164147,13.958896062714079,54.24452722842595,16.816260559773106,-218.07943361933084,51.30040875213546
29.308927770781043,70.76306646466534,14.123927148135142,52.67935035204089,16.816260559773106,-218.07943361933084,50.9707894100736
25.094610429837974,70.5642546165449,14.288758916055208,51.11417347565549,16.816260559773106,-218.07943361933084,50.64309761427904
21.09616683025973,70.36737168104423,14.45339253204184,49.548996599269344,16.816260559773106,-218.07943361933084,50.317322092856756
17.376326931025485,70.17240637827773,14.61782915484638,47.98381972288218,16.816260559773106,-218.07943361933084,49.993451639827526
14.048633070907558,69.97934378946269,14.773248632402296,46.515681377453404,16.816260559773106,-97.44396541355995,49.67941889778939
12.107019457258644,69.78773428107993,14.755114766738949,46.954987826591186,16.816260559773106,222.5289415483818,49.523049600482274
10.87856992855945,69.5966299305934,14.594541799797295,48.96055356136766,16.816260559773106,399.9013174723184,49.495458915044075
9.796149114592513,69.40543158674235,14.341290835635723,51.98568347806504,16.816260559773106,537.4892414042267,49.55127724208826
8.661529284434321,69.21368843911951,14.00707091868794,55.90208750367295,16.816260559773106,670.2821759036422,49.67954975743369
7.409647102810219,69.02097386874343,13.590818000823639,60.72195224707372,16.816260559773106,808.9466688279555,49.880850721574866
6.047105759911675,68.82684805791705,13.08900291688181,66.48459551903612,16.816260559773106,951.7939942850882,50.15796333042527
4.646737757599224,68.63086305631089,12.502246053820684,73.18369924689195,16.816260559773106,1086.7887997913224,50.509925117959895
3.3599312206549783,68.43260185635472,11.841832169241352,80.69560231558354,16.816260559773106,1190.5805241498215,50.92619395339383
2.4255554344647416,68.23175345718268,11.136775797514243,88.7014962780146,16.816260559773106,1228.1933755246903,51.38035043561325
2.1536985812314366,68.0282237889225,10.440017800298818,96.61913795488677,16.816260559773106,1156.7694671586833,51.824615347022046
2.364142355230822,67.82225037201557,9.815069777270315,103.7496313516736,16.816260559773106,1016.9304499517157,52.20198501263471
2.549890817117746,67.61427130938964,9.269814370175856,110.00577235284841,16.816260559773106,894.4894207524991,52.505752640722136
2.7127131765474988,67.40469268261477,8.794196319692972,115.49770993878421,16.816260559773106,787.4756347314069,52.745342862718964
2.855497811144204,67.19386851122105,8.379426598893803,120.3217233636184,16.816260559773106,693.9428577964416,52.92899265741623
2.9807687146958064,66.98210732533084,8.017825047296249,124.56194575361586,16.816260559773106,612.1903975692622,53.06389904337648
3.0907314687140692,66.76967790920384,7.702680473087691,128.291896492502,16.816260559773106,540.7321251624726,53.156350287331485
3.187313414095182,66.55681432013637,7.428128405242256,131.57582027681644,16.816260559773106,478.2694052557285,53.211840558940914
3.272198754612547,66.34372027413848,7.189044268771642,134.46985723233925,16.816260559773106,423.6674413887456,53.235170120365446
3.3468592316559005,66.13057297827741,6.980950037283974,137.0230654053951,16.816260559773106,375.93460559792226,53.230532875622295
3.4125809289605633,65.91752647949842,6.799932662516334,139.27831425382786,16.816260559773106,334.20437588355213,53.20159287444854
3.4704876955781,65.70471459092505,6.642572795024917,141.27306541268982,16.816260559773106,297.71955249640683,53.1515511642022
3.521561613740472,65.49225344894586,6.505882497671753,143.04005495637955,16.816260559773106,265.81846554149786,53.08320420751974
3.5666608844420757,65.2802437476682,6.387250817351879,144.6078895847104,16.816260559773106,237.9229226689319,52.998994929817684
3.6065354565276113,65.06877269144398,6.284396223543393,146.00156759250564,16.816260559773106,213.5276773176084,52.90105732647785
3.641840683971361,64.85791570103596,6.195325047342833,147.24293411224133,16.816260559773106,192.19122567457072,52.79125544224455
3.6731492601167046,64.64773790450631,6.11829516394812,148.3510789220301,16.816260559773106,173.52776471557516,52.67121743285138
3.7009616462593753,64.43829543998764,6.051784257060991,149.34268406506314,16.816260559773106,157.20016484162227,52.54236532931708
3.725715184532257,64.22963659406956,5.994462087141213,150.23232761243653,16.816260559773106,142.91382910719273,52.40594104707404
3.74779206108386,64.02180279654115,5.945166258375587,151.032749102434,16.816260559773106,130.4113271853348,52.26302911369181
3.7675262646006424,63.81482948961077,5.902881042954046,151.75508149127074,16.816260559773106,119.46770632662789,52.114576529187005
3.7852096669233988,63.60874688744039,5.8667188769345096,152.40905384030665,16.816260559773106,109.88639390059274,51.961410120680384
3.8010973365167486,63.40358063983265,5.835904190641435,153.00316843169568,16.816260559773106,101.49561688386893,51.80425170752167
3.815412181577117,63.199352412163066,5.809759279066779,153.544855538652,16.816260559773106,94.14527307571197,51.6437313531195
3.828349007353887,62.99608039212415,5.7876919549009695,154.0406086694884,16.816260559773106,87.70419704962903,51.4803989448631
3.840078061588201,62.793779732515326,5.769184759292358,154.49610274890958,16.816260559773106,82.057771040155,51.31473431306876
3.850748132649919,62.59246293814747,5.7537855338077675,154.91629738924425,16.816260559773106,77.10583724678382,51.147156073271674
3.860489256805582,62.39214020391251,5.741099181861212,155.30552713271032,16.816260559773106,72.76087352742755,50.978029352929404
3.8694150839304764,62.19281971017977,5.730780469544177,155.6675803084842,16.816260559773106,68.94639925145304,50.80767254328329
3.8776249447564646,61.994507880902745,5.722527734723681,156.00576794096116,16.816260559773106,65.59558227471969,50.63636319936614
3.885205657310641,61.797209609140815,5.716077389818488,156.32298396437773,16.816260559773106,62.65002166250524,50.46434319562898
3.892233105449225,61.60092845410745,5.711199118120854,156.6217578406079,16.816260559773106,60.05868398748271,50.29182323109994
3.8987736182397867,61.40566681333693,5.707691676164162,156.90430053857068,16.816260559773106,57.77697382728726,50.11898676614019
3.9048851753173373,61.211426073109074,5.705379225676004,157.17254471276632,16.816260559773106,55.76592153068274,49.94599346250848
3.910618460169889,61.0182067398749,5.704108128302732,157.42817981279538,16.816260559773106,53.99147345739271,49.7729821893982
3.9160177805391387,60.82600855508047,5.703744144720957,157.6726827633811,16.816260559773106,52.42387176323552,49.60007365020526
3.9211218727013866,60.63483059548363,5.704169987117376,157.9073447737334,16.816260559773106,51.037112433277734,49.427372677876654
3.925964604278684,60.44467136079365,5.705283180455029,158.13329476458733,16.816260559773106,49.80847169101749,49.25497024065222
3.930575588381916,60.25552885023377,5.706994193568609,158.35151983963905,16.816260559773106,48.71809215708921,49.082945194737846
3.9349807202724225,60.06740062942384,5.709224806046437,158.56288317426663,16.816260559773106,47.748621219322985,48.91136581583761
3.939202646317441,59.88028388880461,5.711906681151606,158.76813964737798,16.816260559773106,46.88489502702855,48.74029113744491
3.943261173781355,59.69417549467093,5.714980118787821,158.96794950111914,16.816260559773106,46.11366235342571,48.56977212027249
3.947173628917072,59.50907203374639,5.718392965794969,159.16289027725367,16.816260559773106,45.42334329634452,48.39985267412546
3.950955169880129,59.32496985211427,5.722099663725286,159.3534672476329,16.816260559773106,44.8038184219018,48.23057055083362
3.9546190601652103,59.14186508921715,5.726060416755182,159.54012252874625,16.816260559773106,44.24624451038441,48.06195812451063
3.958176907545673,58.959753707547165,5.7302404645760365,159.7232430463724,16.816260559773106,43.7428935481302,47.89404307335538
3.9616388728683285,58.778631518570904,5.734609447019591,159.90316749540494,16.816260559773106,43.28701203262703,47.72684897541726
3.9650138525066,58.598494205364,5.739140848844366,160.08019242162467,16.816260559773106,42.87269802805813,47.56039582918018
3.9683096377954032,58.41933734237071,5.743811514569826,160.25457753619548,16.816260559773106,42.49479373184803,47.39470050845023
3.9715330543517955,58.24115641265118,5.748601224520835,160.42655035968593,16.816260559773106,42.148791595297844,47.22977715983579
3.9746900838190466,58.0639468229336,5.753492324359951,160.596310280205,16.816260559773106,41.83075228828886,47.06563755006263
3.977785970251652,57.88770391674823,5.758469401359383,160.7640320995692,16.816260559773106,41.53723301377356,46.902291369453344
3.9808253130790177,57.71242298588536,5.763519001515802,160.9298691320921,16.816260559773106,41.265224866296116,46.73974649710128
3.9838121483410944,57.53809928038889,5.768629382355155,161.0939559124387,16.816260559773106,41.0120980935228,46.57800923257216
3.9867500196755907,57.36472801727024,5.773790296924732,161.25641056186595,16.816260559773106,40.77555426371646,46.41708449835619
3.989642040349743,57.19230438810416,5.7789928050377934,161.41733685594838,16.816260559773106,40.553584467881876,46.25697601676103
3.99249094746648,57.02082356564776,5.784229108332546,161.5768260314503,16.816260559773106,40.34443279523155,46.09768646447036
3.995299149332271,56.85028070960588,5.789492406140916,161.734958365254,16.816260559773106,40.14656441667504,45.93921760758592
3.9980687668494093,56.68067097165071,5.794776769541746,161.89180455410263,16.816260559773106,39.958637694970626,45.78157041961521
4.000801669686616,56.51198949978988,5.800077031304197,162.04742692028685,16.816260559773106,39.77947981352487,45.62474518455684
4.003499507886737,56.34423144216519,5.805388689716589,162.20188046523492,16.816260559773106,39.60806547991748,45.468741586963525
4.006163739487208,56.1773919503541,5.810707824548887,162.35521379019463,16.816260559773106,39.44349831623552,45.31355879062578
4.008795654656329,56.01146618223658,5.816031023617965,162.50746990077604,16.816260559773106,39.284994597242154,45.15919550731217
4.011396396784905,55.8464493044825,5.821355318618028,162.6586869100059,16.816260559773106,39.13186904017013,45.005650056820606
4.013966980917385,55.6823364947073,5.826678129047215,162.80889865269924,16.816260559773106,38.98352238730164,44.85292041943692
4.016508309858148,55.519122943338026,5.831997213208997,162.9581352223354,16.816260559773106,38.83943055515182,44.70100428175895
4.019021188246237,55.356803855226424,5.8373106253957445,163.10642344021576,16.816260559773106,38.69913515260865,44.549899076723044
4.02150633485486,55.19537445104082,5.842616678474542,163.2537872654472,16.816260559773106,38.56223519531809,44.399602018564586
4.023964393339601,55.034829968465196,5.8479139111936504,163.40024815321595,16.816260559773106,38.42837986539287,44.250110133351754
4.026395941631083,54.87516566322951,5.8532010596140776,163.54582536787606,16.816260559773106,38.29726218456413,44.1014202856512
4.028801500143071,54.716376809992866,5.858477032145797,163.69053625655297,16.816260559773106,38.168613485533356,43.95352920181348
4.031181538945479,54.55845870309815,5.86374088773385,163.8343964882439,16.816260559773106,38.04219858082159,43.806433490305125
4.033536484032856,54.401406657214345,5.868991816796924,163.97742026276717,16.816260559773106,37.91781154111782,43.66012965945975
4.035866722802495,54.24521600788097,5.874229124571157,164.1196204933658,16.816260559773106,37.79527200623038,43.514614132974074
4.03817260884182,54.08988211196681,5.879452216555698,164.2610089662873,16.816260559773106,37.674421961446896,43.36988326343335
4.040454466112258,53.93540034805421,5.884660585794887,164.4015964802459,16.816260559773106,37.55512292058548,43.22593334411508
4.042712592605697,53.781766116758035,5.889853801765296,164.54139296830454,16.816260559773106,37.43725346442804,43.082760619287974
4.044947263540064,53.62897484098793,5.895031500665213,164.68040760439416,16.816260559773106,37.320707089699674,42.94036129319651
4.047158734152198,53.47702196616092,5.900193376929558,164.81864889640934,16.816260559773106,37.205390329414975,42.79873153789663
4.049347242138789,53.325902960370804,5.905339175815703,164.95612476757304,16.816260559773106,37.091221110354745,42.65786750008784
4.051513009789789,53.175613314519886,5.910468686925032,165.09284262755043,16.816260559773106,36.978127317756346,42.517765307068245
4.053656245853119,53.02614854241788,5.9155817385421905,165.2288094346054,16.816260559773106,36.86604554107496,42.378421071923505
4.0557771471645205,52.87750418085208,5.920678192688889,165.36403174992944,16.816260559773106,36.75491997797142,42.23983089804602
4.118196831773105,52.72967645992074,5.926762966656493,165.48745974330666,16.816260559773106,26.758717168821647,42.10108605823481
4.595907283451124,52.582711703298294,5.957036831580131,165.34383258649842,16.816260559773106,-48.421098325894675,41.94132668991265
5.5236027937561225,52.43684440946943,6.052849274042405,164.4780409438085,16.816260559773106,-187.67532733533523,41.72351226326163
6.8604247863236605,52.29249888965655,6.233743200265639,162.67463337510964,16.816260559773106,-276.16943036385925,41.430418818822346
8.602313518964845,52.149938621913115,6.428025941744068,160.72193150376495,16.816260559773106,-276.16943036385925,41.12687171385535
10.726036508352538,52.00916514239319,6.622125131341355,158.7692296324203,16.816260559773106,-276.16943036385925,40.825099690063716
13.200700128224604,51.870168002325926,6.816041842431244,156.81652776107552,16.816260559773106,-276.16943036385925,40.525092367137006
15.99409391696621,51.73293681404275,7.009777142110579,154.86382588973086,16.816260559773106,-276.16943036385925,40.226839425466736
19.07289874996269,51.59746125062005,7.203332091236069,152.9111240183862,16.816260559773106,-276.16943036385925,39.93033060579134
22.40290305594973,51.46373104552392,7.396707744460753,150.95842214704143,16.816260559773106,-276.16943036385925,39.6355557088433
25.94922376154253,51.33173599225706,7.5899051502702415,149.00572027569677,16.816260559773106,-276.16943036385925,39.342504594998395
29.67652941534343,51.20146594400766,7.78292535101885,147.05301840435212,16.816260559773106,-276.16943036385925,39.05116718392677
33.54926346171311,51.07291081330038,7.975769382965421,145.10031653300732,16.816260559773106,-276.16943036385925,38.761533454246276
37.53186594453782,50.94606057164939,8.168438276308924,143.1476146616627,16.816260559773106,-276.16943036385925,38.473593443177805
41.58899210810924,50.82090524921336,8.360933055223992,141.19491279031803,16.816260559773106,-276.16943036385925,38.187337246202496
45.68572648398996,50.697434934452545,8.553254737896072,139.24221091897323,16.816260559773106,-276.16943036385925,37.90275501672106
49.787791142648,50.57563977378787,8.745404336556446,137.2895090476286,16.816260559773106,-276.16943036385925,37.61983696571517
53.727860846724454,50.68560389306396,8.937417605518727,135.07641881662988,109.0980337994006,-276.16943036385925,37.545833878347885
57.21338388316894,51.37377975167714,9.129549442424567,132.20864507280123,193.97935990051363,-276.16943036385925,37.99263544989369
60.225435740894994,52.47737787177979,9.322072977215587,128.86713549675247,251.92452114684184,-276.16943036385925,38.813338430092
62.76923446731021,53.84937974548563,9.515173475028636,125.21598308588976,287.5467464866836,-276.16943036385925,39.87532680721029
64.86351380780201,55.369543224978294,9.708963224001812,121.38982629772656,305.0574266231859,-276.16943036385925,41.07017316146973
66.53685019781864,56.94179565980504,9.903495496863545,117.49664122726173,308.23380658364914,-276.16943036385925,42.311277562076505
67.82416998418756,58.491477136822965,10.09877703730492,113.62071939574481,300.3966821247522,-276.16943036385925,43.531372750621614
68.76366089539167,59.96250847775514,10.294779009258916,109.82574747136594,284.4026261786112,-276.16943036385925,44.67996292331231
69.39422714429334,61.31457558094937,10.491446393478826,106.15788560070587,262.6521937305159,-276.16943036385925,45.72077863654006
69.7535468835236,62.52042214581999,10.688705866627318,102.64873996013715,237.113095484002,-276.16943036385925,46.62933072161271
69.87672264253635,63.56333097909569,10.886472245562373,99.31813799261846,209.35562606710707,-276.16943036385925,47.390635385620946
69.79546501073753,64.43485455698872,11.084653618180706,96.17663643316618,180.59669800085163,-276.16943036385925,47.997165050470656
69.53771879420925,65.13283267676952,11.283155309075871,93.22771774033554,151.7485842795284,-276.16943036385925,48.44705888073566
69.12762776818867,65.65971250796818,11.48188284261757,90.46965584449083,123.46875780335185,-276.16943036385925,48.74260664683067
68.58573553516847,66.02116675476834,11.680744068803259,87.89705423993254,96.20785185441414,-276.16943036385925,48.88900191108561
67.9293314654155,66.2249904776147,11.879650610437551,85.5020766575074,70.25357279096241,-276.16943036385925,48.8933468695726
67.17286779663237,66.28024691488693,12.078518776469851,83.27540223940295,45.76922362278288,-276.16943036385925,48.76388199925587
66.32839289858308,66.19662714888322,12.27727006833972,81.206943546787,22.826237303383675,-276.16943036385925,48.509408724332374
65.34125710534073,66.02650118462573,12.475837765824426,79.23825639643441,18.855258786968577,-276.16943036385925,48.17716733781553
64.09568347722278,65.85623267524163,12.67420348028729,77.27195213531508,18.855258786968577,-276.16943036385925,47.844979498952036
62.59870220019449,65.68791954381618,12.872368324105283,75.30564787419587,18.855258786968577,-276.16943036385925,47.51473422639804
60.86224581766843,65.52155035570037,13.070333471928722,73.33934361307665,18.855258786968577,-276.16943036385925,47.1864201604244
58.899906245796124,65.35711374311268,13.268100091538798,71.37303935195725,18.855258786968577,-276.16943036385925,46.86002600773134
56.72680765098133,65.19459840474798,13.465669343887722,69.40673509083793,18.855258786968577,-276.16943036385925,46.53554054106006
54.35946975342978,65.03399310538884,13.663042383138707,67.4404308297185,18.855258786968577,-276.16943036385925,46.21295259880637
51.81566253048991,64.87528667551913,13.860220356705637,65.47412656859883,18.855258786968577,-276.16943036385925,45.892251084636875
49.11425334423851,64.71846801093963,14.057204405292483,63.507822307479024,18.855258786968577,-276.16943036385925,45.57342496710732
46.27504756192785,64.5635260723862,14.253995662932567,61.5415180463588,18.855258786968577,-276.16943036385925,45.25646327928299
43.274955748420005,64.41044988514977,14.450595257027478,59.57521378523783,18.855258786968577,-276.16943036385925,44.9413551183616
39.92867570654439,64.25922853869899,14.647004308385709,57.608909524115425,18.855258786968577,-276.16943036385925,44.6280896452982
36.29105856208824,64.10985118630437,14.843223931260868,55.64260526299056,18.855258786968577,-276.16943036385925,44.316656084432374
32.45765791340153,63.96230704466465,15.039255233389545,53.67630100186073,18.855258786968577,-276.16943036385925,44.007043723117526
28.52512466342442,63.81658539353487,15.235099316028343,51.709996740721245,18.855258786968577,-276.16943036385925,43.69924191135242
24.58832378078686,63.67267557535569,15.430757273989855,49.7436924795635,18.855258786968577,-276.16943036385925,43.393240061414886
20.737558326078,63.530566994883294,15.626230195677149,47.777388218371094,18.855258786968577,-276.16943036385925,43.08902764749753
17.055972912169885,63.39024911881966,15.821519163115985,45.81108395711473,18.855258786968577,-276.16943036385925,42.786594205345715
14.332318248121071,63.251632035844494,15.953938698729505,44.53442155052231,18.855258786968577,-6.305151140219076,42.54233213698791
13.384242578267353,63.113993473475915,15.930853036337888,44.96721059467507,18.855258786968577,147.2527990678108,42.439046391701005
12.871712099306887,62.976777508891246,15.845953074136055,46.079479401244384,18.855258786968577,217.91750082526326,42.391829923525925
12.409632036010926,62.839737897116805,15.724164987169978,47.59731830154479,18.855258786968577,274.02577917792445,42.37800487658913
11.889367488903227,62.702688601863976,15.567656670026555,49.49709067612659,18.855258786968577,334.04476646965077,42.39545059244418
11.266525052829985,62.565434955342496,15.371798173209585,51.82994594405097,18.855258786968577,404.60170531004314,42.44816282037571
10.512533457263972,62.427750292481235,15.129074354300197,54.678806803455934,18.855258786968577,489.20595038382794,42.5427077561925
9.605076932018468,62.28936442414771,14.830269444520598,58.145352024616834,18.855258786968577,590.0408352591598,42.68714448065608
8.53049821362572,62.14995695270978,14.465288132308808,62.34099208403983,18.855258786968577,707.7000185869999,42.89027922253209
7.292908291068208,62.00915600936278,14.024468411896276,67.37242925692826,18.855258786968577,839.8880012421766,43.16048147458077
5.929456051739701,61.86654652253126,13.500944963440434,73.3156510924306,18.855258786968577,979.2690820186348,43.503562271277005
4.530854859377729,61.72169482639966,12.894525724523156,80.17326031951787,18.855258786968577,1110.6923565570971,43.919303951902386
3.262613641998327,61.57419823423112,12.217260697232351,87.81316195123564,18.855258786968577,1208.5813372028765,44.396487877876034
2.375662808927423,61.42376734711192,11.500118394580284,95.89502936522152,18.855258786968577,1236.2757079036967,44.90695376818358
2.1863767693096845,61.27034224685997,10.798766278038935,103.80658819282951,18.855258786968577,1150.324310714109,45.400496776289785
2.3966411546477677,61.11419968965294,10.173904435276311,110.87982473523074,18.855258786968577,1010.5295549950052,45.822681468419596
2.5807278161181157,60.95578723803095,9.628592944253192,117.08057238918634,18.855258786968577,888.3561452104414,46.171154227076904
2.7419389228545996,60.79551165723593,9.152792710238648,122.51880155201317,18.855258786968577,781.5805373829501,46.455325736921985
2.883157337947061,60.63372774112208,8.73773133747056,127.29060766003924,18.855258786968577,688.2601883705387,46.68341869130283
3.0069022317005376,60.470744872542326,8.375743194483018,131.4799630567658,18.855258786968577,606.6976312113825,46.86261778780399
3.1153749660355534,60.30683275604676,8.060129781564585,135.16024647287705,18.855258786968577,535.4095556334879,46.99920068792234
3.210499189985339,60.14222642730885,7.785037714646897,138.3955795428139,18.855258786968577,473.0997894532558,47.09865245448837
3.2939558766340715,59.9771306305294,7.54535210308576,141.24199470271566,18.855258786968577,418.6356887159578,47.16576555132638
3.3672139396979346,59.81172364355628,7.336603379198664,143.74845574312175,18.855258786968577,371.02750652181146,47.20472722666194
3.431556987433624,59.64616062039753,7.154885882447527,145.95774960592212,18.855258786968577,329.41036473835396,47.21919587197806
3.488106701199824,59.48057651201512,6.99678671526782,147.90726566973947,18.855258786968577,293.0285002117165,47.21236774720851
3.5378432645147666,59.31508861860458,6.859323574644812,149.62967671851493,18.855258786968577,261.2214985197386,47.187035287677844
3.5816232147275393,59.14979881985353,6.739890427031542,151.153533997218,18.855258786968577,233.41226451307836,47.145638054858686
3.620195042473365,58.98479552380621,6.636210037070666,152.50378719368953,18.855258786968577,209.0965105263086,47.09030725902269
3.654212823058659,58.82015536983545,6.546292485425355,153.70223881814334,18.855258786968577,187.83357078555494,47.0229046647732
3.6842481280730954,58.65594471674498,6.468398920116456,154.76794125690196,18.855258786968577,169.2383746960125,46.945056588130804
3.7108004342000456,58.49222094311034,6.401009881092206,155.7175437327443,18.855258786968577,152.97443280182648,46.85818360443539
3.7343062188229807,58.329033583547265,6.342797621058831,156.56559549178615,18.855258786968577,138.74770765678863,46.76352650820008
3.7551469081053406,58.1664253216075,6.292601918392559,157.32481073947557,18.855258786968577,126.30125796303001,46.66216899778117
3.7736558223190144,58.00443285739013,6.249408941562338,158.00630015154204,18.855258786968577,115.4105584200616,46.55505749807068
3.7901242449312984,57.84308766567515,6.212332780076239,158.6197731768955,18.855258786968577,105.87941003467817,46.44301848228655
3.8048067259994323,57.68241665839109,6.1805993055354165,159.17371481744402,18.855258786968577,97.53636639753228,46.326773608381394
3.817925716474595,57.52244276348645,6.153532068822804,159.67554010489337,18.855258786968577,90.23161083058373,46.20695294578363
3.829675617829657,57.36318543075163,6.130539976542142,160.1317290883395,18.855258786968577,83.83422752231,46.084106533400146
3.840226320775097,57.20466107380773,6.111106522232113,160.54794479146491,18.855258786968577,78.22981694407912,45.95871447941333
3.8497262975211273,57.046883456315555,6.094780376200863,160.92913628794327,18.855258786968577,73.3184121122128,45.83119578684358
3.858305303911872,56.889864029442286,6.081167162573565,161.27962877257877,18.855258786968577,69.01265774021941,45.70191606563864
3.866076740651238,56.73361222673544,6.069922273770928,161.60320226883496,18.855258786968577,65.23621911423255,45.57119427176863
3.8731397166304005,56.578135721777734,6.060744591533465,161.9031604064177,18.855258786968577,61.92239170914215,45.43930859608237
3.879580851940607,56.42344065331863,6.053371000119192,162.18239052170193,18.855258786968577,59.012886219409424,45.3065016101938
3.8854758534133076,56.269531821985986,6.047571591731946,162.443416175736,18.855258786968577,56.456766873765226,45.172984763133535
3.8908908913862024,56.11641286216331,6.043145476846575,162.68844304644315,18.855258786968577,54.20952369506802,45.03894231067515
3.8958838027730915,55.964086392165875,6.039917123115536,162.91939903095016,18.855258786968577,52.23226180642716,44.90453474891128
3.9005051423515256,55.8125541454538,6.03773315616959,163.13796928850863,18.855258786968577,50.49099301671089,44.76990181462514
3.904799101417514,55.66181708527455,6.036459564038747,163.34562686231888,18.855258786968577,48.95601678158605,44.635165107111725
3.9088043105406296,55.5118755048254,6.035979254271606,163.54365943803347,18.855258786968577,47.60137926422339,44.50043037920767
3.9125545410417333,55.36272911476301,6.036189919255677,163.73319272634762,18.855258786968577,46.404400642398556,44.36578953926357
3.916079317970735,55.21437711965643,6.037002170855204,163.9152108955917,18.855258786968577,45.34526205183311,44.231322400526984
3.9194044557498104,55.06681828477843,6.038337910388604,164.0905744265049,18.855258786968577,44.40664464190084,44.09709820980363
3.922552526238795,54.92005099445441,6.040128904254462,164.26003571441507,18.855258786968577,43.5734141690599,43.963176983243834
3.9255432677485707,54.77407330303398,6.042315539260858,164.42425270301828,18.855258786968577,42.83234538284361,43.82961067358768
3.9283939424526033,54.62888297941595,6.044845734986166,164.58380079809675,18.855258786968577,42.17188118406992,43.696444190132894
3.9311196487068636,54.484477545940344,6.047673993359788,164.73918327818276,18.855258786968577,41.5819221683105,43.56371629000611
3.9337335939670126,54.340854312358026,6.050760568150772,164.8908403917984,18.855258786968577,41.05364272113021,43.43146035697475
3.936247333274005,54.19801040549903,6.054070739236408,165.0391573069755,18.855258786968577,40.57933031525125,43.299705081987256
3.9386709776521003,54.05594279518258,6.057574178431456,165.18447105785606,18.855258786968577,40.15224508242376,43.1684750578404
3.941013376215202,53.914648316842715,6.061244395326464,165.32707661490346,18.855258786968577,39.76649710208858,43.03779129880765
3.9432822752985675,53.77412369128422,6.065058253041013,165.467232189293,18.855258786968577,39.4169391716328,42.907671694695445
3.945484457514416,53.63436554193084,6.068995545071207,165.60516386809863,18.855258786968577,39.099073105037455,42.778131407600796
3.9476258632642987,53.49537040988241,6.07303862552361,165.74106966470538,18.855258786968577,38.808967853137695,42.649183218598694
3.949711696921527,53.357134767057154,6.077172086000218,165.87512305822366,18.855258786968577,38.54318795404775,42.52083783067674
3.951746519617733,53.21965502766108,6.081382473248867,166.00747608637457,18.855258786968577,38.29873101046877,42.393104133436914
3.953734330323601,53.08292755819555,6.085658042435979,166.13826204818088,18.855258786968577,38.07297305502285,42.265989434388146
3.955678636700638,52.946948686187284,6.089988541547422,166.26759786569278,18.855258786968577,37.86362080843764,42.13949966104472
3.9575825170144636,52.8117147078025,6.094365022990305,166.39558614776433,18.855258786968577,37.66866996096088,42.01363953751394
3.9594486742373447,52.677221894485626,6.098779678963921,166.52231699347112,18.855258786968577,37.48636871709709,41.88841273879142
3.961279483325386,52.54346649874602,6.103225697601087,166.64786956801655,18.855258786968577,37.315185939631284,41.76382202557676
3.9630770325314844,52.41044475920008,6.107697137259399,166.7723134798305,18.855258786968577,37.15378331268084,41.63986936206706
3.9648431595065032,52.27815290496295,6.112188816672593,166.89570998394183,18.855258786968577,37.000991016723866,41.51655601887622
3.9665794828462113,52.146587159471665,6.116696218961017,167.01811303354276,18.855258786968577,36.85578647252331,41.39388266295622
3.968287429658544,52.01574374381195,6.121215407752725,167.1395701988979,18.855258786968577,36.71727576676651,41.27184943616079
3.969968259653278,51.885618879610995,6.125742953887305,167.26012347033307,18.855258786968577,36.584677421087605,41.15045602388417
3.9716230861928628,51.756208791551195,6.13027587136723,167.37980995992984,18.855258786968577,36.45730820882492,41.029701715027215
3.9732528946877865,51.627509709552854,6.134811561390118,167.49866251470468,18.855258786968577,36.33457076116578,40.90958545438512
3.9748585586715097,51.49951787066748,6.139347763442311,167.61671025243945,18.855258786968577,36.215942736924475,40.790105888413
3.976440853847701,51.372229520718435,6.14388251256296,167.7339790299232,18.855258786968577,36.10096735868114,40.67126140520472
3.9780004703656053,51.24564091572077,6.14841410200008,167.8504918521307,18.855258786968577,35.98924514289779,40.55305016941528
3.9795380235470765,51.11974832310829,6.15294105057834,167.9662692297904,18.855258786968577,35.8804266733761,40.43547015276461
3.981054063260626,50.99454802279212,6.157462074184106,168.08132949185273,18.855258786968577,35.77420628642586,40.31851916068043
3.9825490821131675,50.870036308072216,6.1619760608483345,168.19568905854817,18.855258786968577,35.67031655272058,40.20219485556726
3.984023522608637,50.74620948642042,6.166482048973364,168.30936268000784,18.855258786968577,35.56852345532773,40.08649477712733
3.985477783403803,50.62306388015121,6.170979208306977,168.42236364479078,18.855258786968577,35.46862217608235,39.97141636010542
3.986912224775197,50.50059582699462,6.175466823317119,168.5347039621146,18.855258786968577,35.37043341355402,39.8569569497827
3.9883271733966574,50.37880168058358,6.179944278664411,168.64639452110737,18.855258786968577,35.2738001655397,39.74311381550356
3.9897229265144873,50.257677810866504,6.1844110465077815,168.75744522997903,18.855258786968577,35.17858491747672,39.6298841624838
3.9910997555962044,50.13722060445483,6.18886667541194,168.8678651376469,18.855258786968577,35.084667185564,39.51726514211684
3.992457909519302,50.017426464913626,6.193310780654614,168.9776625400275,18.855258786968577,34.99194136984048,39.40525386096784
3.993797617358057,49.89829181300248,6.197743035756937,169.08684507292998,18.855258786968577,34.90031487811574,39.293847388621025
3.995119090819079,49.77981308687321,6.2021631650826725,169.19541979324148,18.855258786968577,34.80970648658156,39.18304276452509
3.9964225263699378,49.66198674222976,6.206570937371422,169.30339324988077,18.855258786968577,34.72004490724392,39.07283700396322
3.997708107099562,49.544809252455124,6.210966160087996,169.41077154581228,18.855258786968577,34.631267536082575,38.96322710325808
3.9989760043442732,49.42827710870955,6.215348674484954,169.5175603922467,18.855258786968577,34.54331935913723,38.854210044308495
4.085750970790021,49.31238818607019,6.221424407419074,169.60499699492235,18.855258786968577,20.48639607154619,38.74424704172745
4.601522318021943,49.19720202982319,6.2553234691155755,169.38558285518837,18.855258786968577,-60.4327025533434,38.60985110007431
5.556824597354003,49.08297210527261,6.357591758024159,168.41302667430458,18.855258786968577,-203.21208532624266,38.41472273002867
6.902481529830288,48.97014600430819,6.556855421105354,166.3719350568662,18.855258786968577,-337.124245498779,38.133475845941184
8.624330838302928,48.85909641573076,6.786104694179988,163.99899427049667,18.855258786968577,-337.124245498779,37.82681536040647
10.702633277190976,48.74985194186268,7.015168532743509,161.6260534841272,18.855258786968577,-337.124245498779,37.52194816245777
13.102363181404101,48.6424020267636,7.244048021178922,159.25311269775762,18.855258786968577,-337.124245498779,37.21886376531725
15.787407143360442,48.53673617622214,7.472744237527979,156.88017191138792,18.855258786968577,-337.124245498779,36.91755174353166
18.720804994290326,48.43284395739492,7.701258253528226,154.5072311250185,18.855258786968577,-337.124245498779,36.61800173261369
21.8649968297115,48.33071499844768,7.929591134649945,152.13429033864912,18.855258786968577,-337.124245498779,36.320203428685375
25.182072636690226,48.230338988198504,8.157743940132752,149.76134955227965,18.855258786968577,-337.124245498779,36.0241465881237
28.634021839044063,48.131705675763165,8.385717723022012,147.3884087659103,18.855258786968577,-337.124245498779,35.72982102720833
32.182980583382474,48.03480487020249,8.613513530205124,145.0154679795411,18.855258786968577,-337.124245498779,35.437216621771164
35.7914748972298,47.93962644017183,8.841132402447501,142.64252719317182,18.855258786968577,-337.124245498779,35.14632330684816
39.422658043699826,47.84616031357254,9.06857537442834,140.26958640680263,18.855258786968577,-337.124245498779,34.85713107633319
43.04054053069483,47.75439647720555,9.295843474776282,137.89664562043362,18.855258786968577,-337.124245498779,34.56962998263373
46.610211337477786,47.66432497642692,9.52293772610475,135.5237048340645,18.855258786968577,-337.124245498779,34.28381013632868
50.00991508028268,47.726019575452604,9.74987885875901,132.98095266033545,88.14358512076305,-337.124245498779,34.134854450815105
52.96599489378736,48.27503203526323,9.976864605991391,129.88704054356168,161.19824988438316,-337.124245498779,34.424883671794156
55.45706719731419,49.177191198318674,10.204129399615624,126.39100314181093,209.46036273216504,-337.124245498779,35.03281168273084
57.49261790135044,50.297714578049565,10.431827960333509,122.64344273718676,237.3016932718856,-337.124245498779,35.837073432029484
59.094445148077405,51.52713204838167,10.660048329701828,118.76709211502843,248.7000678143185,-337.124245498779,36.73896786777028
60.29310378665314,52.77873782920114,10.888825044228257,114.85954890528018,247.20883876164194,-337.124245498779,37.66035056056447
61.124574211784335,53.98590588458383,11.118150870212755,110.99618009923672,235.93729189054883,-337.124245498779,38.54120457147138
61.62735787861159,55.099346512659245,11.347987045765265,107.23310944080235,217.54576529228365,-337.124245498779,39.33715968429248
61.840119634568836,56.08439494724302,11.578272023284985,103.61018513937425,194.25636847043143,-337.124245498779,40.017041828231726
61.79992033661797,56.91842054869202,11.808928755291277,100.15382734003612,167.8779346554478,-337.124245498779,40.56053245179138
61.54101987364033,57.58843180690834,12.039870611611564,96.87966938109697,139.8423244224612,-337.124245498779,40.956005537020715
61.094185100604456,58.08893237905056,12.27100605171149,93.79492907584549,111.24842255359216,-337.124245498779,41.19859189265205
60.486410325835124,58.420060882586675,12.502242199932239,90.90047141878992,82.91003786268226,-337.124245498779,41.288500071051935
59.74094810958142,58.58602552784165,12.733487483180133,88.19254843629324,55.404271862582334,-337.124245498779,41.229603750975876
58.87755165081485,58.59382624818454,12.964653491363851,85.66422271465045,29.117587147294767,-337.124245498779,41.02828882743325
57.86789263636532,58.48422772626987,13.195660083938819,83.27031170843948,20.557449105293248,-337.124245498779,40.721352438441286
56.57506521434416,58.367967407314005,13.426476959840903,80.8860154162757,20.557449105293248,-337.124245498779,40.40858534641483
54.99646463584522,58.25354814876433,13.65710470862724,78.50171912411079,20.557449105293248,-337.124245498779,40.097647252155944
53.143289570363805,58.1409591844766,13.887544436273634,76.11742283194393,20.557449105293248,-337.124245498779,39.78852746006099
51.0288697617455,58.030189811264215,14.117797242287807,73.7331265397736,20.557449105293248,-337.124245498779,39.481215337072065
48.66853663077669,57.92122938852952,14.347864219746716,71.3488302475976,20.557449105293248,-337.124245498779,39.17570031231124
46.079480565392544,57.81406733789693,14.57774645533337,68.96453395541145,20.557449105293248,-337.124245498779,38.87197187671687
43.28059592597758,57.70869314284731,14.80744502937253,66.58023766320701,20.557449105293248,-337.124245498779,38.57001958268213
40.292314868860565,57.605096348353044,15.036961015864707,64.1959413709696,20.557449105293248,-337.124245498779,38.26983304369571
37.1364311596565,57.503266560512095,15.266295482517195,61.81164507867115,20.557449105293248,-337.124245498779,37.971401933984474
33.835915209189274,57.403193446178406,15.495449490769142,59.427348786258406,20.557449105293248,-337.124245498779,37.67471598815823
30.414721617965053,57.304866732583115,15.724424095805572,57.04305249363017,20.557449105293248,-337.124245498779,37.37976500085678
26.897590560264483,57.208276206935835,15.953220346550218,54.658756200591476,20.557449105293248,-337.124245498779,37.086538826398666
23.276675395200733,57.113411715984064,16.181839285615794,52.274459906765266,20.557449105293248,-337.124245498779,36.795027378432366
19.490061923128945,57.02026316546295,16.410281949146867,49.890163611392325,20.557449105293248,-337.124245498779,36.50522062958926
15.804971165016921,56.92881557246416,16.627594537357115,47.62637604504239,20.557449105293248,-200.14360839080913,36.226973369843236
14.549992721032948,56.83862475383703,16.689176254518703,47.07420796366686,20.557449105293248,18.67603409819041,36.09015642112235
14.229261207257013,56.74901664763091,16.68285836301614,47.26827711257638,20.557449105293248,70.47125344143372,36.01503525716283
14.054404548547787,56.65978920316786,16.655980520958543,47.68807556982172,20.557449105293248,94.52733851438474,35.95877950968809
13.883901963674235,56.57085707108807,16.61584503064802,48.253374454856115,20.557449105293248,115.64813657257018,35.91473363666039
13.686835096410935,56.48214937318288,16.562335136322634,48.96553817343669,20.557449105293248,138.96724769323615,35.88293896920876
13.450660137405436,56.393589348406934,16.49353303106502,49.84574934163573,20.557449105293248,166.25567228223068,35.86505410721792
13.164612555846535,56.30508801355224,16.40663756979573,50.92492110635215,20.557449105293248,198.84064129484673,35.86352243976125
12.816321863508712,56.21653983054299,16.29801727371865,52.24311899236897,20.557449105293248,238.17865630265055,35.8815204900102
12.390873782297222,56.12781808546115,16.163082470739372,53.850972579451934,20.557449105293248,285.99048497236646,35.92306894100654
11.870522884579023,56.0387694725989,15.996115499901927,55.81154937356663,20.557449105293248,344.28075508350577,35.993180725406276
11.234977826422721,55.949207821290756,15.790115732450934,58.20206666387422,20.557449105293248,415.26458583207085,36.09799499464173
10.462698041405515,55.85890722329749,15.536731393573255,61.11464924962951,20.557449105293248,501.14010915300605,36.24483234922996
9.534017733100892,55.7675953269896,15.226403796195708,64.65475044597889,20.557449105293248,603.5918432718655,36.44205885713822
8.437296437760802,55.67494843955642,14.84893478998709,68.93491567944164,20.557449105293248,722.8601737581249,36.69857042604267
7.179534578505927,55.580591471317895,14.394797265018212,74.0603670105773,20.557449105293248,856.1905117701375,37.02261211923083
5.80253331985839,55.4841077150547,13.857605925476998,80.1018135724765,20.557449105293248,995.5517805855388,37.419561043543005
4.403883675112206,55.38506569636091,13.23815702654907,87.05098412417618,20.557449105293248,1124.811520519595,37.888311136284116
3.1577955628709544,55.28307185849214,12.550152083209934,94.75760672006682,20.557449105293248,1217.2183309676275,38.41616413464346
2.323680788404864,55.17785651797836,11.826902053705657,102.8555655617629,20.557449105293248,1235.08873742561,38.97286720824616
2.2118621144213457,55.069393095398,11.126777061627868,110.70281932450281,20.557449105293248,1136.4306333742456,39.50581071473799
2.419129558653325,54.95799291761871,10.506391331680817,117.67625973717942,20.557449105293248,997.8813866420878,39.96427132273464
2.600455873604353,54.84410739254204,9.964870397352948,123.78499584049104,20.557449105293248,876.7997940599527,40.34944351368932
2.7591114484172694,54.72814102900556,9.492262434424777,129.1380406058656,20.557449105293248,770.9821534007851,40.670657317383196
2.897954083938851,54.61044680874414,9.079871179479364,133.83065406152906,20.557449105293248,678.5027872872994,40.93606520692599
3.019481045936378,54.49133268986651,8.720097524798023,137.946078399724,20.557449105293248,597.6789668051682,41.1527906650451
3.1258745511360098,54.371067289820516,8.406301098084873,141.55705417798904,20.557449105293248,527.0402604507184,41.32705800682498
3.2190415146162628,54.249884851365394,8.132679305679138,144.72714523227484,20.557449105293248,465.3017501007346,41.464305823634994
3.3006482825601275,54.12798958200874,7.89416163601265,147.51189643534772,20.557449105293248,411.34062613002277,41.56928611464251
3.3721509830269456,54.00555944595373,7.686317298037438,149.95984538918566,20.557449105293248,364.1757353540314,41.64615091160532
3.4348220475867537,53.88274947762964,7.505274512246866,152.11340647945661,20.557449105293248,322.9497092599818,41.698527974826035
3.489773386911832,53.75969467716399,7.347649984166383,154.00964339523654,20.557449105293248,286.9133469900685,41.729586939081294
3.537976642471527,53.636512540539776,7.210487275665167,155.68094418550373,20.557449105293248,255.41196861093047,41.74209711438355
3.580280883217229,53.51330527052711,7.091202951515047,157.15561114863777,20.557449105293248,227.8734900926409,41.73847799442495
3.6174280696047045,53.39016170866374,6.987539520249672,158.45837629983097,20.557449105293248,203.79800278151276,41.7208433927227
3.6500665666327237,53.26715902347764,6.897524312136105,159.61085180570893,20.557449105293248,182.74866755559566,41.69104001041274
3.6787629520394693,53.14436418570502,6.819433545216344,160.63192359087782,20.557449105293248,164.3437577988583,41.65068113821063
3.7040123347443927,53.0218352573772,6.7517609248773205,161.53809528598595,20.557449105293248,148.24970625588077,41.601176106426585
3.7262473714871103,52.899622518258894,6.693190204986795,162.3437887823539,20.557449105293248,134.17502911468753,41.543756019472276
3.7458461459023757,52.77776945015855,6.642571210793066,163.06160686780677,20.557449105293248,121.86501664420213,41.47949624361812
3.7631390535494,52.65631359704194,6.598898886842646,163.70256272765158,20.557449105293248,111.0970936756419,41.40933605762021
3.77841481830707,52.53528731661794,6.561294988271242,164.27628049118462,20.557449105293248,101.67676541847653,41.33409582415707
3.7919257497243453,52.414718437088965,6.528992081972725,164.79117047670445,20.557449105293248,93.43407476352512,41.25449199485801
3.8038923370890543,52.29463083103071,6.501319566225448,165.25458232713876,20.557449105293248,86.22050654254132,41.171150222243156
3.8145072638965383,52.17504491685642,6.477691454121682,165.6729388256656,20.557449105293248,79.90628235501299,41.08461681741252
3.8239389158421044,52.055978097002075,6.457595698273892,166.05185282879515,20.557449105293248,74.37799668713403,40.995368762189045
3.8323344462357327,51.93744514081574,6.440584862346081,166.39622944686008,20.557449105293248,69.53655126457458,40.90382245808992
3.839822454675875,51.81945851912777,6.426267969490969,166.71035533314216,20.557449105293248,65.29535001304608,40.810341371491404
3.846515327774662,51.702028696597715,6.414303379211316,166.99797670804577,20.557449105293248,61.57872174765307,40.71524271424645
3.8525112845710376,51.58516438716521,6.4043925628965255,167.26236753953566,20.557449105293248,58.32054186013886,40.61880328144535
3.857896163889219,51.4688727772597,6.396274664655158,167.50638912175236,20.557449105293248,55.46302789789432,40.521264552656504
3.8627449861993752,51.35315972083678,6.389721748368227,167.73254213703498,20.557449105293248,52.955687096060295,40.422837149568686
3.867123318429955,51.238029909795586,6.38453464438777,167.943012149665,20.557449105293248,50.75439669190125,40.32370473123334
3.871088466591819,51.12348702288339,6.380539320227751,168.1397093600045,20.557449105293248,48.82060026926764,40.22402739786066
3.8746905179379265,51.00953385580142,6.377583709138976,168.32430334315208,20.557449105293248,47.120605494467455,40.123944665171756
3.8779732516415875,50.89617243488396,6.37553493880011,168.49825340488485,20.557449105293248,45.62497045172668,40.02357806348699
3.8809749345813334,50.783404116422865,6.374276909645014,168.66283510782043,20.557449105293248,44.30796740026667,39.92303340889466
3.883729016727684,50.67122967344894,6.373708178715312,168.81916345097616,20.557449105293248,43.14711418527152,39.82240278787148
3.8862647387983085,50.55964937155239,6.373740110492287,168.968213124941,20.557449105293248,42.122764767343824,39.7217662915066
3.8886076632500353,50.44866303512563,6.374295261025237,169.11083621160927,20.557449105293248,41.21775141189473,39.62119353091991
3.890780138279763,50.33827010523646,6.3753059659229585,169.24777765087754,20.557449105293248,40.41707202090737,39.52074496147992
3.8928017032860356,50.22846969018798,6.376713106488426,169.37968875603062,20.557449105293248,39.70761691178685,39.42047303994348
3.8946894431767753,50.11926060968773,6.378465031521615,169.50713902399931,20.557449105293248,39.077930066542194,39.32042323559668
3.8964582979768823,50.01064143343245,6.380516615150949,169.63062645561354,20.557449105293248,38.518000502427135,39.22063491381639
3.8981213333751916,49.90261051481312,6.382828433531613,169.7505865738345,20.557449105293248,38.019079963833185,39.121142108148376
3.8996899771387823,49.79516602035601,6.385366045414155,169.86740030423152,20.557449105293248,37.573523614672325,39.02197419496716
3.9011742257009097,49.688305955437556,6.388099363478827,169.98140086124647,20.557449105293248,37.1746508294434,38.92315648300804
3.902582824685539,49.5820281867435,6.391002104984375,170.09287976567813,20.557449105293248,36.816623547276926,38.824710728511555
3.90392342665671,49.476330461882974,6.394051311724783,170.2020921029945,20.557449105293248,36.494339973163605,38.72665558536521
3.905202728966098,49.37121042651641,6.397226930549849,170.30926111825144,20.557449105293248,36.203341690123416,38.62900699844349
3.9064265942096585,49.26666563931137,6.400511446808709,170.41458223131417,20.557449105293248,35.93973249035368,38.531778547312506
3.9076001554874193,49.16269358499989,6.403889564039409,170.51822654551685,20.557449105293248,35.70010744685738,38.43498174656145
3.9087279083837094,49.05929168577739,6.407347924069975,170.62034391367052,20.557449105293248,35.48149093358376,38.33862630823301
3.9098137913431983,48.95645731125209,6.410874862432556,170.72106561726417,20.557449105293248,35.28128246511266,38.242720371134475
3.9108612559067764,48.85418778712816,6.414460194635455,170.82050670766074,20.557449105293248,35.09720936934684,38.147270701208065
3.911873328086564,48.752480402782155,6.418095029399924,170.91876805193104,20.557449105293248,34.92728543114102,38.05228286661168
3.912852661997986,48.65133241787251,6.421771605459767,171.01593812058914,20.557449105293248,34.769774753557954,37.957761390700874
3.913801586725756,48.55074106810436,6.425483148950993,171.11209454979215,20.557449105293248,34.62316017848104,37.86370988570009
3.914722147277408,48.45070357025592,6.42922374879385,171.20730550645786,20.557449105293248,34.486115691362365,37.77013116949937
3.9156161403703145,48.351217126559966,6.432988247797241,171.3016308811654,20.557449105293248,34.35748230745681,37.67702736770583
3.9164851457039918,48.25227892852174,6.436772147501943,171.39512333056533,20.557449105293248,34.23624700030806,37.58440000280996
3.9173305532872935,48.15388616024434,6.440571525029322,171.48782918828613,20.557449105293248,34.12152428866772,37.49225007209259
3.9181535873182174,48.05603600132392,6.444382960420871,171.57978926092758,20.557449105293248,34.012540146452324,37.400578115693065
3.9189553270512443,47.95872562936905,6.448203473145044,171.6710395236391,20.557449105293248,33.90861794265717,37.30938427607997
3.9197367250322794,47.86195222219154,6.4520304666147865,171.76161172795096,20.557449105293248,33.80916615512215,37.21866835000903
3.920498623033307,47.76571295971045,6.455861679705132,171.85153393292924,20.557449105293248,33.7136676343555,37.128429833916314
3.921241765976956,47.670005025605334,6.459695144387701,171.9408309693282,20.557449105293248,33.62167022185593,37.03866796357471
3.9219668141045814,47.57482560875055,6.463529148710383,172.02952484519307,20.557449105293248,33.53277855204565,36.9493817487378
3.9226743536094655,47.48017190445823,6.467362204447834,172.1176351002999,20.557449105293248,33.446646888487074,36.86057000340334
3.9233649059287727,47.38604111555423,6.471193018833507,172.20517911588746,20.557449105293248,33.362972863894875,36.77223137224913
3.924038935863482,47.29243045330793,6.475020469858274,172.29217238532183,20.557449105293248,33.281492009918,36.684364353724305
3.9246968586741544,47.199337138234746,6.478843584685672,172.37862875062157,20.557449105293248,33.20197297705255,36.59696732021793
3.9253390462817475,47.10675840078711,6.482661520790565,172.4645606091521,20.557449105293248,33.12421335761616,36.51003853567374
3.9259658326863867,47.014691481948255,6.486473549477628,172.54997909425077,20.557449105293248,33.04803603570053,36.42357617097337
3.926577518702754,46.92313363374111,6.49027904147941,172.6348942330737,20.557449105293248,32.973285997616586,36.33757831736938
3.9271743760983133,46.83208211966298,6.494077454371602,172.7193150845364,20.557449105293248,32.89982754473591,36.25204299821458
3.927756651209705,46.74153421505547,6.4978683215762585,172.8032498598601,20.557449105293248,32.82754185796046,36.16696817920225
3.928324568103154,46.65148720741792,6.501651242752613,172.88670602791908,20.557449105293248,32.756324869458496,36.0823517773055
3.9288783313364064,46.56193839667151,6.505425875400439,172.96969040730488,20.557449105293248,32.68608540290121,35.998191668579615
3.9294181283724794,46.47288509538021,6.509191927522974,173.05220924678463,20.557449105293248,32.61674354832524,35.9144856949712
3.9299441316891293,46.3843246289342,6.51294915121571,173.13426829561698,20.557449105293248,32.54822924201995,35.83123167025927
3.930456500622454,46.296254335700624,6.516697337064272,173.21587286500517,20.557449105293248,32.480481025573276,35.748427385237974
3.9309553829781514,46.208671567145515,6.520436309249285,173.29702788180577,20.557449105293248,32.413444961472784,35.66607061223652
4.04570187936943,46.12157616724979,6.5268189173555955,173.34855217688695,20.557449105293248,13.745745878325295,35.58177125611622
4.59645704350301,46.0350418837785,6.56458517580431,173.05422225664208,20.557449105293248,-72.35945610480499,35.46970385142116
5.574950311926821,45.949339485440994,6.673164308804407,171.98001068613087,20.557449105293248,-217.95219637774346,35.29459051031386
6.927082315322113,45.86492859674079,6.8843402381486625,169.77577494991735,20.557449105293248,-401.5792841300736,35.028211145146386
8.619921904939732,45.782283918108035,7.1507935905747955,166.96149174225494,20.557449105293248,-401.5792841300736,34.71362347996642
10.641522193038844,45.70149101643407,7.4170567150024365,164.14720853459067,20.557449105293248,-401.5792841300736,34.400875458892166
12.95257565723033,45.622539062907684,7.68313072384627,161.33292532692536,20.557449105293248,-401.5792841300736,34.089956324062456
15.51293499428906,45.54541729204237,7.949016723015883,158.51864211925917,20.557449105293248,-401.5792841300736,33.78085538052583
18.281888103324178,45.47011500130598,8.214715811953715,155.70435891159246,20.557449105293248,-401.5792841300736,33.47356199587273
21.21843698781771,45.396621550752506,8.480229083672787,152.89007570392602,20.557449105293248,-401.5792841300736,33.1680655998698
24.281576999070612,45.32492636265609,8.745557624794381,150.0757924962599,20.557449105293248,-401.5792841300736,32.86435568409616
27.430573592057637,45.25501892114713,9.010702515585338,147.26150928859423,20.557449105293248,-401.5792841300736,32.56242180158204
30.625234261165154,45.186888771850604,9.275664829995183,144.44722608092937,20.557449105293248,-401.5792841300736,32.262253566449466
33.82617363157863,45.12052552152639,9.540445635693171,141.63294287326522,20.557449105293248,-401.5792841300736,31.963840653554882
36.995069883291926,45.0559188377119,9.805045994104976,138.81865966560153,20.557449105293248,-401.5792841300736,31.667172798134036
40.094910831294875,44.99305844836653,10.069466960449159,136.0043764579386,20.557449105293248,-401.5792841300736,31.37223979544899
43.09022810657404,44.93193414151848,10.333709583773588,133.19009325027605,20.557449105293248,-401.5792841300736,31.07903150043696
45.92662327164017,44.90747216807213,10.597777317749955,130.33630538874968,51.482419270978774,-401.5792841300736,30.819009892586735
48.36306331370411,45.232991181549735,10.861773018182573,127.08783138112729,115.56295297071772,-401.5792841300736,30.87435136623854
50.339992336256635,45.86493391822935,11.125892275908654,123.49173943606085,156.4333429518793,-401.5792841300736,31.20563893530342
51.87109042193918,46.67764368941278,11.390266910673656,119.68857159457701,178.31591561868274,-401.5792841300736,31.69954961920156
52.981303860029236,47.56983720893227,11.654966804430106,115.79200926856745,185.03580962098505,-401.5792841300736,32.264774257464204
53.70336868172389,48.46204958459885,11.920012557353989,111.89162118427001,179.99305294018137,-401.5792841300736,32.82970429841124
54.074603476917716,49.29396085657717,12.185386705809487,108.05576099629249,166.1463895074821,-401.5792841300736,33.34001316888991
54.13415480758837,50.021684542211396,12.451043459506408,104.3345241232281,146.0119721905681,-401.5792841300736,33.75620474965189
53.920797906726236,50.61510823776907,12.716916962424243,100.76266199752017,121.6773051325561,-401.5792841300736,34.05121007879455
53.47132178884397,51.0553716081752,12.982928130531992,97.36235672214394,94.82873226034248,-401.5792841300736,34.208109110332266
52.81946852786428,51.33255227220349,13.248990162222674,94.14577540555587,66.789418881443,-401.5792841300736,34.21804096172517
51.995355004309936,51.443609542300614,13.51501285038897,91.11734630277947,38.56413978560047,-401.5792841300736,34.07834754248164
51.00868434901522,51.40371927637631,13.780906807012478,88.2609039615742,21.911510778023775,-401.5792841300736,33.80278132641356
49.7248121370619,51.336260598464904,14.04662133371036,85.43758765385016,21.911510778023775,-401.5792841300736,33.50254035173507
48.11426632070521,51.27056924758487,14.3121543076037,82.61427134601506,21.911510778023775,-401.5792841300736,33.204055124660485
46.185939767098866,51.20663488868889,14.57750679029768,79.79095503798877,21.911510778023775,-401.5792841300736,32.90731537793817
43.9514067661694,51.14444724709868,14.842679837124027,76.96763872962343,21.911510778023775,-401.5792841300736,32.61231090435722
41.424804555404194,51.083996108088705,15.107674497116811,74.14432242064132,21.911510778023775,-401.5792841300736,32.31903155639639
38.622697126361935,51.025271316407874,15.372491812926611,71.32100611050907,21.911510778023775,-401.5792841300736,32.02746724587512
35.56392230525388,50.96826277566967,15.637132820606217,68.49768979817789,21.911510778023775,-401.5792841300736,31.73760794360643
32.26942320548685,50.91296044745761,15.901598549120651,65.67437348153972,21.911510778023775,-401.5792841300736,31.449443679051935
28.762065248633775,50.85935434979796,16.165890019247296,62.85105715625265,21.911510778023775,-401.5792841300736,31.162964539978976
25.066440041514916,50.80743455415564,16.43000824105565,60.02774081309455,21.911510778023775,-401.5792841300736,30.878160672119545
21.208657481015692,50.75719117869735,16.69395420779978,57.20442443160527,21.911510778023775,-401.5792841300736,30.59502227883137
17.21612753677111,50.708614370908066,16.95772887958345,54.38110796314192,21.911510778023775,-401.5792841300736,30.313539620760963
15.088038971233733,50.66147077931328,17.101180850168866,52.87972344429748,21.911510778023775,-66.64170769271576,30.141746973384212
14.702972640242486,50.614970408977555,17.135069363793523,52.58281039527367,21.911510778023775,2.577048707625484,30.06923962090505
14.624173528631443,50.56882757492667,17.148066923875366,52.51529381921936,21.911510778023775,17.269442954120226,30.0158750520544
14.577322859835345,50.52298200436818,17.155275993798224,52.511114727167424,21.911510778023775,25.672348371627816,29.967993144150945
14.500715187214404,50.477402218907436,17.155994540115675,52.57803105761451,21.911510778023775,37.95300049237453,29.92619800084491
14.409371685855664,50.43204794016851,17.148848887415163,52.73119875466357,21.911510778023775,51.37892423309336,29.891690880727875
14.303969072726705,50.38687469966491,17.13327029872681,52.976924174372954,21.911510778023775,65.74254393754264,29.86494409774881
14.181536913429126,50.34183513542185,17.108590710145833,53.32260953872679,21.911510778023775,81.4275880213236,29.846516842835673
14.037873564900362,50.2968778732348,17.07385552952199,53.77881341422892,21.911510778023775,98.97523163649012,29.83722282584946
13.867744482184147,50.251945818724884,17.02774898772473,54.36007377796343,21.911510778023775,119.03860408732992,29.838195988007882
13.664667914697747,50.206974083291406,16.968520687642076,55.08571832228095,21.911510778023775,142.40626428563448,29.850954805447227
13.420587889427328,50.16188748282614,16.893892327423092,55.98089332558398,21.911510778023775,170.04115742522092,29.87748406892669
13.125490538798793,50.116597488773365,16.800938989287967,57.07787292071842,21.911510778023775,203.12477513846974,29.920339084053587
12.767000398073428,50.07099849430715,16.685943654841775,58.417663645741776,21.911510778023775,243.100191816013,29.98277337476392
12.330031938078156,50.02496326433852,16.54422881223354,60.051861906665316,21.911510778023775,291.70207701153373,30.068886289491946
11.79665506752017,49.97833748397033,16.36997954957028,62.04460611014574,21.911510778023775,350.94962729166735,30.183777465170852
11.146479368894129,49.930933445391794,16.156092931684622,64.47424065285017,21.911510778023775,423.0574230460792,30.333676836356087
10.35809413240865,49.88252318575938,15.894124968395518,67.4339070247834,21.911510778023775,510.18658420982143,30.525986229477876
9.412428166312855,49.83283191258379,15.574466501684602,71.02961647966036,21.911510778023775,613.9141164049814,30.769114982850695
8.299261176833209,49.78153346769734,15.186967852334265,75.37338404760422,21.911510778023775,734.2517887242129,31.071913115438427
7.028319895963585,49.72825102475609,14.72234184837586,80.56779443403873,21.911510778023775,868.0306171737633,31.442407965641713
5.645932721863811,49.67256821421533,14.174766546358653,86.67735951450757,21.911510778023775,1006.558878151871,31.88546941986238
4.256225396095762,49.61405809010499,13.546081109259005,93.68233094521682,21.911510778023775,1132.7888085609522,32.39905593850904
3.0412900731671666,49.55233870095133,12.851633811936873,101.41430930787236,21.911510778023775,1218.9297617930436,32.968996146506306
2.2674764923268893,49.48716224590554,12.126961336698939,109.48267111205983,21.911510778023775,1226.512895024448,33.56305177074112
2.2259209525311947,49.418536514062026,11.432687132318764,117.22054961959337,21.911510778023775,1117.119399891382,34.12661410879982
2.4292534673157133,49.346802907566435,10.82015059231396,124.06282571735468,21.911510778023775,980.5341730575085,34.613739024311286
2.6070129236881665,49.27241219952129,10.2853811255049,130.05266653471378,21.911510778023775,861.1723014916037,35.02840972834048
2.762423969984517,49.195764364462455,9.818565981974222,135.29756034953616,21.911510778023775,756.8608854847795,35.37982687354799
2.8983044332581636,49.11720856395995,9.411130423447318,139.8914347302684,21.911510778023775,665.7011641490346,35.6760300093434
3.0171166449345095,49.03704955922657,9.05558153225595,143.91636739109057,21.911510778023775,586.0339293020962,35.92404407165556
3.121012291078448,48.95555331468374,8.745371725797758,147.44408120083256,21.911510778023775,516.4093028327546,36.13000739113651
3.2118716042274986,48.87295189455557,8.47477949039178,150.5372505774116,21.911510778023775,455.5603270379305,36.29928355148454
3.291337610674497,48.78944774168484,8.238805162082851,153.25064306392224,21.911510778023775,402.37988687628916,36.436559135400486
3.3608460570180596,48.70521741651143,8.033079856029971,155.63211688031834,21.911510778023775,355.90054377456204,36.5459291386329
3.421651561096478,48.620414864320786,7.853785885616569,157.72349262120966,21.911510778023775,315.27691365693937,36.630971607940346
3.4748504636471966,48.53517427027713,7.697587221707766,159.56131497784432,21.911510778023775,279.770268211366,36.694812862511206
3.521400796937676,48.44961255424778,7.561568725361247,161.17751835913762,21.911510778023775,248.73507890287982,36.74018448685865
3.5621397340984458,48.363831550863544,7.443183047108793,162.60000853610728,21.911510778023775,221.60725863168972,36.76947313332417
3.597798836999998,48.27791991452674,7.340204225572423,163.85317090443638,21.911510778023775,197.89388685638312,36.784764041349476
3.62901738041539,48.19195478406833,7.250687140208428,164.95831462322678,21.911510778023775,177.16423102416573,36.78787906622703
3.656353995169642,48.106003237377365,7.172932079606321,165.93406071997921,21.911510778023775,159.0419007624528,36.78040991002851
3.680296842357276,48.02012356250079,7.105453779950004,166.79668123117767,21.911510778023775,143.1979919194747,36.76374716001792
3.7012725039525165,47.93436636836794,7.046954369673022,167.56039555596305,21.911510778023775,129.34509557178464,36.73910566348877
3.7196537517556174,47.84877555537343,6.996299727491646,168.23762942101047,21.911510778023775,117.23206287205214,36.70754670123235
3.7357663361875506,47.763389163498964,6.952498823174509,168.8392411736856,21.911510778023775,106.63943037822088,36.669997363530726
3.7498949185917265,47.678240113424266,6.914685664738417,169.37471952543552,21.911510778023775,97.37542253585642,36.627267481611725
3.7622882551002657,47.59335685412793,6.8821035232364185,169.85235634733087,21.911510778023775,89.27245849844702,36.58006442297583
3.7731637264895213,47.50876392877574,6.854091147790711,170.27939766525006,21.911510778023775,82.18409965696688,36.529006020094776
3.782711296536684,47.424482469205564,6.830070719775558,170.66217560509952,21.911510778023775,75.98238227759472,36.47463186798078
3.7910969709793365,47.34053062801731,6.809537326734229,171.00622369146535,21.911510778023775,70.555486661278,36.41741319641465
3.798465820083297,47.25692395614014,6.792049764296073,171.31637759987476,21.911510778023775,65.80570036860537,36.35776149665743
3.8049446198751373,47.17367573275526,6.777222498549531,171.5968631978801,21.911510778023775,61.64763840988849,36.2960360597837
3.8106441601496934,47.0907972535858,6.7647186424647465,171.8513734786427,21.911510778023775,58.00668798101209,36.2325505639493
3.8156612612931755,47.00829808280605,6.754243818430456,172.08313578836945,21.911510778023775,54.817649415730365,36.16757883058269
3.8200805366584976,46.926186273160084,6.745540795110484,172.29497057215752,21.911510778023775,52.02354859919532,36.10135985435072
3.8239759325946694,46.84446855830055,6.7383848009295715,172.48934270830728,21.911510778023775,49.574599210695,36.034102198521786
3.827412074182037,46.76315052085259,6.732579428823059,172.66840636616354,21.911510778023775,47.42729589272875,35.965987835789406
3.8304454411860545,46.68223673926534,6.727953057654949,172.83404420457478,21.911510778023775,45.54362182838792,35.897175504518565
3.8331253956496876,46.601730916127465,6.72435572512002,172.98790162497326,21.911510778023775,43.890356292974715,35.827803641550595
3.835495079842142,46.521635990285134,6.721656395169517,173.13141670299908,21.911510778023775,42.43846956682878,35.75799294498904
3.837592200920106,46.44195423480621,6.719740570186198,173.26584634387518,21.911510778023775,41.16259418762862,35.68784861364932
3.8394497165941837,46.362687342576216,6.718508204414233,173.39228913795515,21.911510778023775,40.04056291096868,35.61746230396508
3.8410964342899714,46.28383650108666,6.717871880636782,173.51170533275874,21.911510778023775,39.05300496310927,35.54691383999784
3.8425575347175362,46.20540245777913,6.717755216889188,173.62493428528825,21.911510778023775,38.182993231596534,35.47627270769925
3.8438550293861358,46.12738557713695,6.718091474185866,173.7327097125189,21.911510778023775,37.41573596728997,35.40559936064487
3.8450081603978394,46.04978589056538,6.718822339900431,173.83567301785308,21.911510778023775,36.73830738211387,35.334946361025374
3.8460337498022956,45.97260313997028,6.71989686463816,173.93438493627897,21.911510778023775,36.13941223533964,35.26435937667914
3.846946504876156,45.895836815830435,6.721270533235776,174.0293357103517,21.911510778023775,35.609180120312196,35.19387805232872
3.8477592848878204,45.81948619045808,6.72290445296666,174.12095398235118,21.911510778023775,35.13898570452942,35.12353677089203
3.8484833342066165,45.743550347054835,6.724764644164559,174.2096145645884,21.911510778023775,34.721291648726854,35.05336531873649
3.849128486002506,45.66802820509363,6.726821420344342,174.29564522939543,21.911510778023775,34.34951134372251,34.983389466995504
3.8497033402466814,45.592918542490054,6.7290488465286415,174.37933264247866,21.911510778023775,34.017888964757056,34.91363147953662
3.8502154192553304,45.51822001496833,6.731424265913703,174.46092754771098,21.911510778023775,33.72139465850611,34.84411055683546
3.850671303609789,45.443931172975795,6.733927886252553,174.5406492978036,21.911510778023775,33.455632953585216,34.77484322384188
3.851076750928839,45.3700504764554,6.736542418421416,174.61868981338267,21.911510778023775,33.21676272623438,34.70584366890425
3.8514367996565806,45.29657630774619,6.73925276058576,174.69521704258474,21.911510778023775,33.00142726334865,34.63712403992673
3.8517558597563486,45.22350698284844,6.742045722213029,174.77037798418772,21.911510778023775,32.80669314894575,34.56869470315509
3.852037791962649,45.15084076125932,6.74490978290486,174.84430132934173,21.911510778023775,32.629996860881135,34.50056446930604
3.852285977034656,45.07857585455985,6.7478348816558835,174.91709977001935,21.911510778023775,32.46909810506445,34.4327407911601
3.8525033762727094,45.00671043391057,6.750812232700399,174.98887201623182,21.911510778023775,32.32203903715524,34.36522993621839
3.8526925844000894,44.93524263659365,6.753834164592511,175.0597045587552,21.911510778023775,32.18710862895763,34.29803713756927
3.852855875773287,44.86417057172182,6.756893979588542,175.12967320947246,21.911510778023775,32.0628115304438,34.23116672571399
3.8529952447624667,44.79349232521927,6.759985830770332,175.19884444738915,21.911510778023775,31.947840860225945,34.16462224375377
3.8531124410376187,44.72320596416638,6.76310461467116,175.26727659483822,21.911510778023775,31.841054428852186,34.09840654803736
3.8532090004031256,44.65330954058868,6.7662458774484655,175.33502084529917,21.911510778023775,31.7414539618323,34.03252189610356
3.8532862717423444,44.58380109476003,6.76940573289424,175.40212216155047,21.911510778023775,31.648166943938627,33.96697002352166
3.853345440562998,44.51467865808157,6.772580790789632,175.4686200605163,21.911510778023775,31.560430754075124,33.90175221103035
3.853387549572213,44.44594025558975,6.775768094298695,175.5345492991008,21.911510778023775,31.477578801730008,33.83686934319938
3.85341351665595,44.37758390814052,6.7789650652608895,175.59994047350278,21.911510778023775,31.399028412486636,33.77232195968325
3.853424150590303,44.30960763431044,6.782169456385801,175.66482054292524,21.911510778023775,31.32427024192668,33.70811030000173
3.853420164770809,44.24200945205043,6.78537930947926,175.72921328721944,21.911510778023775,31.25285902509939,33.64423434266392
3.853402189209833,44.17478738012356,6.788592918939954,175.79313970679763,21.911510778023775,31.18440549305815,33.580693839349465
3.8533707810205238,44.10793943935403,6.791808799861558,175.85661837209798,21.911510778023775,31.11856930922397,33.51748834477051
3.8533264335782755,44.041463653711226,6.795025660159355,175.9196657289671,21.911510778023775,31.05505289691181,33.45461724275962
3.853269584526549,43.975358051249806,6.798242376213603,175.98229636552023,21.911510778023775,30.99359604558797,33.39207976905946
3.853200622772853,43.90962066492379,6.801457971585967,176.04452324534105,21.911510778023775,30.933971197611953,33.32987503123074
3.8531198946022798,43.84424953329093,6.8046715984213035,176.10635791126595,21.911510778023775,30.875979329610818,33.26800202604183
3.8530277090199294,43.77924270112081,6.807882521196001,176.167810663465,21.911510778023775,30.81944635346561,33.20645965465776
3.852924342419517,43.71459821991932,6.811090102516839,176.22889071506197,21.911510778023775,30.7642199713543,33.145246735906575
3.852810042663151,43.65031414837973,6.814293790711661,176.28960632812712,21.911510778023775,30.710166927566082,33.0843620178652
3.8526850326465945,43.58638855276982,6.817493108985801,176.3499649325192,21.911510778023775,30.657170607029315,33.02380418797731
3.8525495134149015,43.522819507263186,6.820687645946715,176.40997322974013,21.911510778023775,30.605128936810846,32.96357188188808
3.8524036668851642,43.459605094221786,6.823877047324208,176.46963728369292,21.911510778023775,30.553952552363,32.903663691158
3.85224765822594,43.39674340443581,6.827061008735424,176.52896259999613,21.911510778023775,30.503563195116858,32.84407816999703
3.8520816379366565,43.3342325373265,6.830239269362766,176.5879541952974,21.911510778023775,30.453892312234725,32.78481384114285
3.8519057436648625,43.272070601116425,6.833411606429582,176.64661665784828,21.911510778023775,30.404879833016764,32.72586920099114
3.85172010179439,43.21025571297149,6.836577830372975,176.7049542004432,21.911510778023775,30.356473099674584,32.667242724072366
3.9975466192986353,43.14879013037306,6.843603955374037,176.7204381161363,21.911510778023775,6.616023313490555,32.6054535484949
4.579829153542303,43.08776247778056,6.885410210260156,176.352845742187,21.911510778023775,-84.0704076150875,32.51272545410741
5.576761238919528,43.027458902084476,7.000058042592243,175.18317780943912,21.911510778023775,-231.72483415826375,32.35502663850412
6.932207406939655,42.96834626773494,7.217854394020086,172.87753040285773,21.911510778023775,-421.9401879577843,32.10547414925304
8.588991471878844,42.910971863252236,7.520504128471776,169.6365315789467,21.911510778023775,-469.67857390584476,31.78104314365644
10.542514467905919,42.85552348256066,7.826284699863673,166.35891714036381,21.911510778023775,-469.67857390584476,31.455526720812475
12.751071200352936,42.80199120939703,8.131868434691949,163.0813027017223,21.911510778023775,-469.67857390584476,31.131913851206257
15.170342599196545,42.75036383876416,8.43725648402266,159.80368826302836,21.911510778023775,-469.67857390584476,30.810193403249052
17.755747161256515,42.70063023118996,8.742449992191126,156.52607382428945,21.911510778023775,-469.67857390584476,30.490354310447444
20.46275284688369,42.652779312343135,9.047450096840269,153.24845938551258,21.911510778023775,-469.67857390584476,30.172385571022602
23.24718691952885,42.60680007265121,9.352257928958881,149.97084494670216,21.911510778023775,-469.67857390584476,29.85627624753177
26.06554074386306,42.56268156692114,9.656874612919685,146.69323050786122,21.911510778023775,-469.67857390584476,29.542015466492185
28.87526704610219,42.52041291396223,9.96130126651751,143.4156160689899,21.911510778023775,-469.67857390584476,29.229592418006966
31.635067450249228,42.47998329621135,10.265539001007369,140.138001630084,21.911510778023775,-469.67857390584476,28.918996355393247
34.305168314724106,42.441381959360314,10.569588921142035,136.86038719113645,21.911510778023775,-469.67857390584476,28.610216594812606
36.84758305486603,42.40459821198526,10.873452125209381,133.58277275213544,21.911510778023775,-469.67857390584476,28.30324251490352
39.22635927530631,42.36962142517767,11.177129705069175,130.30515831306255,21.911510778023775,-469.67857390584476,27.998063556415936
41.407809166504514,42.33644103217696,11.480622746188667,127.0275438738926,21.911510778023775,-469.67857390584476,27.694669221848212
43.328283553977734,42.35467362987153,11.783937371734208,123.69379533045765,51.476697038461104,-469.67857390584476,27.437753631656207
44.81262835874842,42.61819773043533,12.087161857722988,120.08385893295949,88.58449363411174,-469.67857390584476,27.401902584164873
45.85540051424458,43.04448779551814,12.390414022558634,116.28969252855961,107.37899890422067,-469.67857390584476,27.512662604845747
46.48493464564211,43.536279929584786,12.693755144037215,112.42053026315342,111.66622862646126,-469.67857390584476,27.682353357365223
46.73656965259021,44.017939334286574,12.997199371460963,108.56168381652533,104.80902213398296,-469.67857390584476,27.842822636632437
46.64949960935475,44.43269469089045,13.300724812588282,104.77754559345189,89.71542163863676,-469.67857390584476,27.94294483319578
46.26411152834871,44.73986263663206,13.60428309713824,101.11461986655635,68.84210517422696,-469.67857390584476,27.946111845719912
45.61989765707602,44.912151982808865,13.907807436534315,97.6044803488654,44.21281321005181,-469.67857390584476,27.82779718761762
44.75044589664694,44.9362902872096,14.211219357938347,94.2629880393344,22.858898880609736,-469.67857390584476,27.57611440016831
43.56423739971684,44.91117182030501,14.514458762132863,90.97905345213402,22.858898880609736,-469.67857390584476,27.280211564317142
42.00882727381062,44.88779513509407,14.817519227645935,87.69511885539674,22.858898880609736,-469.67857390584476,26.986039107524288
40.088845989119775,44.866150037983815,15.120401793180166,84.41118424121417,22.858898880609736,-469.67857390584476,26.69358691088815
37.812189873353844,44.84622638676238,15.423107483460816,81.12724959354337,22.858898880609736,-469.67857390584476,26.402844914680397
35.18992994616903,44.82801407949984,15.725637298946221,77.84331487751761,22.858898880609736,-469.67857390584476,26.113803117999836
32.23619828799711,44.811503024284875,16.027992187130234,74.55938000970563,22.858898880609736,-469.67857390584476,25.826451578428586
28.968052838157618,44.79668304142638,16.330172948980955,71.27544476122502,22.858898880609736,-469.67857390584476,25.540780411689965
25.40532184155872,44.7835434673491,16.632179858882203,67.99150836428791,22.858898880609736,-469.67857390584476,25.25677979130845
21.570430758054474,44.77207079110798,16.934010395146398,64.70756716284804,22.858898880609736,-469.67857390584476,24.974439948271804
17.488241527350834,44.76221606607134,17.23562794724145,61.423582215234745,22.858898880609736,-469.67857390584476,24.693751170694963
15.205444050740638,44.753811063349346,17.406888368593165,59.57238860749821,22.858898880609736,-103.35633105002337,24.53180589416857
14.746593939984182,44.74596011872462,17.454426024719698,59.08166113989836,22.858898880609736,-19.56542093844876,24.48182131935528
14.64977154063279,44.73831757090879,17.47586314847631,58.87780403997572,22.858898880609736,-0.46255145609480197,24.455538482540916
14.621328938887263,44.7308085022351,17.490498483842053,58.74861578092215,22.858898880609736,6.110053693467555,24.43550363449503
14.604566286425372,44.723408636346406,17.50207126845924,58.652992180955614,22.858898880609736,10.22557550433085,24.418326222064966
14.588768119640857,44.71610365222906,17.511339815326057,58.582607979841534,22.858898880609736,13.796310077236232,24.403310178573392
14.571871025280654,44.70888142303824,17.518493500543013,58.535393743809074,22.858898880609736,17.19772230444472,24.39027396983532
14.553391492337493,44.7017305031715,17.52360299018927,58.5105850795181,22.858898880609736,20.52217503369589,24.379143621362793
14.50910861561361,44.694638925088874,17.525980328476617,58.51576302395903,22.858898880609736,27.691826499916345,24.370528131577686
14.42890628600798,44.6875829078358,17.52215097934724,58.58917434624654,22.858898880609736,39.81360554364047,24.36753628886128
14.333265174173807,44.680524150320416,17.510529834339255,58.74829851969521,22.858898880609736,53.20988231235199,24.37156161336679
14.223290982263762,44.67341963232787,17.49050059240171,58.99996346870829,22.858898880609736,67.59365627211515,24.3831205743159
14.09605742417341,44.66622325588684,17.4613696273429,59.351851172101966,22.858898880609736,83.33703740838656,24.402796530465693
13.94732940926138,44.658884777466604,17.42215887728912,59.814777085676894,22.858898880609736,100.98286384910786,24.43142535419726
13.771811290390431,44.651348097539014,17.37152668005489,60.403562885940104,22.858898880609736,121.19013308623992,24.47016521006677
13.562939206778076,44.64354916877353,17.30769234126858,61.137868584463064,22.858898880609736,144.75603952159318,24.520562626940038
13.31255390358549,44.63541346792349,17.22834126753033,62.0432389199128,22.858898880609736,172.65469339499595,24.58463568603618
13.010517743554207,44.626852912116874,17.130504809841515,63.15242856491971,22.858898880609736,206.0809260830875,24.66497949197373
12.644316730073896,44.61776208367762,17.010413748502042,64.50701805815882,22.858898880609736,246.49220040423916,24.764894767296905
12.19872878541874,44.60801363608337,16.86332999693508,66.15927025354539,22.858898880609736,295.6358482166179,24.888535331874575
11.655727103392833,44.597452805004544,16.683372320607027,68.17405361464154,22.858898880609736,355.53613146394,25.041060167872534
10.99493956932818,44.58589108387605,16.46337338879512,70.63042179181623,22.858898880609736,428.3938474704107,25.228756504261636
10.195224877811606,44.57309941346288,16.194843661760316,73.6220185591344,22.858898880609736,516.3176238483857,25.459066215369855
9.238257740094838,44.558801786472415,15.8681797793487,77.25479276652985,22.858898880609736,620.7611153635909,25.74039232179297
8.115375770301952,44.5426711215848,15.473345540236629,81.63951223045412,22.858898880609736,741.4953527747396,26.081481778489337
6.839101499950793,44.52433074906513,15.001362941298414,86.87536062209017,22.858898880609736,874.9369136412435,26.49008353445965
5.460188944612556,44.5033668753923,14.447035317565964,93.0199688427659,22.858898880609736,1011.7606845398874,26.970506482899403
4.088858525374828,44.47935957026894,13.813275989175345,100.04176489222058,22.858898880609736,1134.0821486454188,27.519747695490178
2.914082489188351,44.45194096108272,13.117040357890051,107.75465504710773,22.858898880609736,1213.2318317599627,28.122200618740237
2.2073794258146076,44.42088706659042,12.395922405615625,115.74535860527119,22.858898880609736,1210.2222992408624,28.743795015578634
2.2277534111579125,44.38624042263245,11.712184501712771,123.32894143824355,22.858898880609736,1092.2632666641828,29.328476981933044
2.4261983202431243,44.34836709309426,11.110980514163876,130.008297346028,22.858898880609736,958.3813995228452,29.83589714474314
2.599576614135622,44.307713033057325,10.586021623453234,135.85209941405532,22.858898880609736,841.3848177200015,30.272122868510902
2.751049644349711,44.26467132208396,10.127687596515775,140.96572602613574,22.858898880609736,739.1432571590904,30.646175155603334
2.8833799235807627,44.219585218615265,9.727571920755985,145.44126093878157,22.858898880609736,649.7952136249631,30.965936682629987
2.998981444287579,44.172754446784566,9.378328677668037,149.35917056728616,22.858898880609736,571.7140352901822,31.238295415932466
3.099963648942527,44.12444069006247,9.073538735306412,152.7897696607285,22.858898880609736,503.4782930850996,31.4692701081379
3.18816985287268,44.07487239180149,8.8075928222871,155.7945020633443,22.858898880609736,443.84588922453526,31.664119961711624
3.265210819568619,44.02424895012404,8.575589353498188,158.42705989148638,22.858898880609736,391.73143227473963,31.82744045704493
3.3324941000390274,43.97274438356499,8.373245146403265,160.73436151211072,22.858898880609736,346.1864666448642,31.963247090598415
3.3912496706307746,43.920510534240016,8.196817401624783,162.75740613677974,22.858898880609736,306.3821963808392,32.075048548402016
3.4425523363105013,43.86767986688676,8.043035526674116,164.53202059771473,22.858898880609736,271.5943885734534,32.16591064777672
3.4873413074860187,43.81436791476461,7.909041560989738,166.0895119085094,22.858898880609736,241.19018139448426,32.23851221198458
3.5264373069615793,43.76067541696649,7.792338117118609,167.45723749597215,22.858898880609736,214.616556467716,32.29519389557153
3.5605575186322684,43.706690186075065,7.690742889783041,168.6591034899392,22.858898880609736,191.39026559768635,32.338000849763084
3.5903286502096794,43.65248874018365,7.602348904210437,169.71600014746366,22.858898880609736,171.08902837036356,32.368720005069115
3.6162983479179083,43.59813772901067,7.525489779644579,170.6461823426821,22.858898880609736,153.34384028902858,32.388912650205484
3.6389451710799343,43.54369518008504,7.45870937530908,171.46560205302703,22.858898880609736,137.83225133712077,32.39994290076258
3.658687308282579,43.48921158770307,7.400735265920707,172.18819889805926,22.858898880609736,124.2724925362976,32.40300257618142
3.675890193885999,43.43473086449329,7.35045556360593,172.82615402311734,22.858898880609736,112.41834351427813,32.39913293817557
3.690873163613321,43.38029117292293,7.306898664029096,173.39011195230546,22.858898880609736,102.05464759459882,32.38924368656744
3.7039152704527334,43.325925651893,7.269215547805563,173.88937445189663,22.858898880609736,92.99339271512096,32.37412955855131
3.715260366809335,43.271663051658,7.2366643148179755,174.3320699353941,22.858898880609736,85.0702867887691,32.35448483374148
3.7251215454787414,43.217528288636224,7.208596669726353,174.725301495985,22.858898880609736,78.1417651262773,32.33091600921746
3.7336850203352565,43.16354293021752,7.184446112503964,175.07527626281293,22.858898880609736,72.08237541080653,32.30395287544464
3.7411135174217867,43.10972561840026,7.163717618888226,175.38741843730804,22.858898880609736,66.78249259144168,32.274058194820306
3.747549238210579,43.05609243997521,7.145978622774739,175.6664680685452,22.858898880609736,62.146322072074966,32.24163615914187
3.753116449010894,43.00265724999972,7.130851136297727,175.91656736683316,22.858898880609736,58.090154823533524,32.207039780051794
3.7579237436899615,42.94943195445572,7.118004864063203,176.14133612774614,22.858898880609736,54.540842635614794,32.17057734707793
3.762066020922917,42.89642675724076,7.107151186109761,176.34393764045538,22.858898880609736,51.43446573556165,32.13251807090404
3.7656262119875494,42.8436503759921,7.0980378999959095,176.52713628088722,22.858898880609736,48.71516850349418,32.09309701466413
3.7686767905758027,42.791110230675955,7.090444626240444,176.6933478387731,22.858898880609736,46.33414207722093,32.0525194030856
3.771281092123416,42.73881260837793,7.0841787934253615,176.84468349530422,22.858898880609736,44.24873531445158,32.01096438797348
3.773494466689419,42.68676280729719,7.079072129829502,176.9829882524484,22.858898880609736,42.42167791848769,31.968588338625395
3.775365286385296,42.63496526256825,7.074977597687583,177.10987451392168,22.858898880609736,40.82040157653476,31.925527717113212
3.7769358257042347,42.58342365620283,7.071766714231768,177.22675142949709,22.858898880609736,39.41644674508914,31.881901590805917
3.7782430307857395,42.53214101315555,7.069327210718221,177.33485053715796,22.858898880609736,38.18494427692699,31.837813827900305
3.779319191627833,42.48111978526396,7.067560986797504,177.43524817017175,22.858898880609736,37.10416244747188,31.79335501595223
3.780192529491242,42.430361924592795,7.066382322967432,177.52888503722946,22.858898880609736,36.15511112957126,31.748604138355297
3.780887710195191,42.379868947519284,7.065716318547962,177.6165833323052,22.858898880609736,35.3211959066812,31.703630039305267
3.781426292654517,42.32964199072774,7.065497526725659,177.69906168589344,22.858898880609736,34.587915824089855,31.658492703935227
3.7818271208282366,42.279681860134055,7.065668761804867,177.7769482299615,22.858898880609736,33.942599272684305,31.613244376940283
3.7821066662189478,42.2299890736323,7.066180056939504,177.85079201459595,22.858898880609736,33.374173194351776,31.567930540068318
3.7822793271616937,42.180563898442706,7.066987753360455,177.9210729842982,22.858898880609736,32.872961405065894,31.522590766282693
3.782357690353855,42.13140638374227,7.068053704508683,177.98821069564767,22.858898880609736,32.43050836208998,31.47725946615643
3.7823527593898545,42.08251638917321,7.069344580577241,178.05257193512503,22.858898880609736,32.03942516519613,31.431966540094162
3.7822741544634235,42.03389360974915,7.070831260794325,178.1144773758548,22.858898880609736,31.693254986795175,31.38673794826295
3.7821302868750264,41.98553759761383,7.072488302377711,178.17420739451896,22.858898880609736,31.386355479772313,31.341596208614114
3.781928511523074,41.93744778104923,7.074293476487485,178.2320071543979,22.858898880609736,31.113796021073316,31.296560832068273
3.781675260156573,41.88962348108025,7.076227362724399,178.28809104712525,22.858898880609736,30.87126791932206,31.25164870279134
3.781376157816389,41.84206392597926,7.07827299478755,178.3426465740632,22.858898880609736,30.65500595089123,31.206874410488957
3.7810361245860897,41.79476826393536,7.080415550837005,178.3958377379973,22.858898880609736,30.461719795196718,31.162250540772867
3.7806594645057654,41.74773557412002,7.082642082921235,178.44780800693053,22.858898880609736,30.288534120302362,31.117787928889022
3.7802499432683696,41.70096487635153,7.084941280540873,178.4986829039614,22.858898880609736,30.132936227487853,31.073495881429885
3.7798108561138095,41.65445513953477,7.087303264042025,178.54857227042012,22.858898880609736,29.99273030111976,31.029382370070064
3.7793450871574694,41.60820528903126,7.089719404075782,178.59757224348618,22.858898880609736,29.86599743048252,30.985454200854974
3.7788551612338184,41.56221421309412,7.092182163835334,178.64576698430858,22.858898880609736,29.751060675362755,30.941717162126878
3.7783432891994155,41.51648076848606,7.094684961196993,178.69323018810593,22.858898880609736,29.646454539053018,30.898176153783435
3.777811407520504,41.471003785383566,7.097222048254019,178.74002640375295,22.858898880609736,29.550898292722632,30.854835300223954
3.7772612128662493,41.42578207165731,7.099788406048888,178.78621218688855,22.858898880609736,29.463272665256557,30.81169804904141
3.7766941923377404,41.3808144166075,7.102379652586552,178.831837107549,22.858898880609736,29.3825994739654,30.76876725725855
3.7761116498833442,41.33609959422293,7.104991962453113,178.87694463067987,22.858898880609736,29.308023825138108,30.726045266679602
3.7755147293815563,41.29163636602397,7.107621996575731,178.9215728855644,22.858898880609736,29.238798560218935,30.68353396973089
3.77490443481179,41.2474234835419,7.11026684084434,178.96575533818293,22.858898880609736,29.174270664294433,30.64123486699018
3.77428164788049,41.20345969048046,7.112923952477114,179.00952137875032,22.858898880609736,29.11386938931992,30.599149117453496
3.773647143423616,41.15974372459993,7.115591113152738,179.05289683513195,22.858898880609736,29.057095875749344,30.557277582455608
3.773001602866039,41.116274319358595,7.11826638805574,179.09590442149013,22.858898880609736,29.00351408352563,30.515620864044948
3.772345625982987,41.07305020534224,7.120948090088889,179.13856413033244,22.858898880609736,28.952742867239017,30.47417933851251
3.7716797411777625,41.030070111508536,7.1236347486007645,179.1808935751024,22.858898880609736,28.904449051102063,30.432953185686312
3.7710044144629253,40.987332766269674,7.1263250820588455,179.22290828955187,22.858898880609736,28.858341377601572,30.39194241452556
3.7703200573085054,40.94483689843357,7.129017974170349,179.2646219893486,22.858898880609736,28.81416521960203,30.351146885481313
3.769627033500192,40.90258123802167,7.131712453015832,179.30604680068225,22.858898880609736,28.77169795958136,30.310566330031868
3.7689256651323975,40.86056451697885,7.134407672815462,179.34719346003317,22.858898880609736,28.730744951831785,30.270200367749037
3.768216237845349,40.81878546978904,7.13710289799581,179.38807148874233,22.858898880609736,28.691135994077225,30.230048521207017
3.7674990054015716,40.77724283400862,7.139797489266917,179.42868934556049,22.858898880609736,28.652722244237985,30.1901102290061
3.766774193685113,40.735935350727765,7.142490891456042,179.46905455995594,22.858898880609736,28.615373526181607,30.15038485714891
3.766042004196343,40.69486176496907,7.14518262287641,179.50917384860767,22.858898880609736,28.578975975384363,30.11087170897724
3.765302617105955,40.65402082603129,7.147872266037353,179.5490532172055,22.858898880609736,28.54342998161937,30.071570033850918
3.7645561939237884,40.61341128778515,7.150559459526576,179.58869804941068,22.858898880609736,28.508648391197585,30.032479034727615
3.763802879831066,40.57303190892726,7.153243890916685,179.62811318459737,22.858898880609736,28.474554936015835,29.99359787478213
3.7630428057185137,40.53288145319761,7.155925290566743,179.66730298578972,22.858898880609736,28.44108286079725,29.954925683186453
3.762276089967455,40.49295868956503,7.158603426205938,179.70627139903183,22.858898880609736,28.40817372351962,29.916461560156478
3.7615028400063237,40.453262392384815,7.161278098200701,179.74502200527152,22.858898880609736,28.375776347181894,29.878204581357856
3.9409561298037894,40.413797786498606,7.1693065449833435,179.72461927768236,22.858898880609736,-0.8020818576089116,29.835333112925106
4.55098971146257,40.374668667000456,7.215262824849225,179.28663128655907,22.858898880609736,-95.42201652541227,29.75859466548769
5.561368969572499,40.336174415728756,7.335653175242067,178.02915111854333,22.858898880609736,-244.36055218057987,29.615370450211977
6.914226249343873,40.298786537316765,7.559170032400617,175.63602917465585,22.858898880609736,-433.191006982003,29.380236204390656
8.532953994657428,40.263088305105235,7.8896781256282065,172.06409424183263,22.858898880609736,-540.9871279965904,29.05023566164886
10.407702593202465,40.22940740678591,8.237043261851936,168.30445215619443,22.858898880609736,-540.9871279965904,28.706866011866268
12.500882511782292,40.197747703784785,8.584200763183926,164.54481006774267,22.858898880609736,-540.9871279965904,28.365504317328693
14.763895860123851,40.16809737642721,8.931151843696737,160.7851679763549,22.858898880609736,-540.9871279965904,28.026138835925877
17.14820307428477,40.14044467414738,9.277897710353436,157.0255258819,22.858898880609736,-540.9871279965904,27.688757894213104
19.605668676510643,40.114777915038935,9.624439563005765,153.26588378419248,22.858898880609736,-540.9871279965904,27.35334988700956
22.08890245536586,40.091085485399255,9.970778594383734,149.50624168293822,22.858898880609736,-540.9871279965904,27.019903276999084
24.55159291801362,40.0693558392651,10.31691599007421,145.7465995776714,22.858898880609736,-540.9871279965904,26.688406594333422
26.94883034774939,40.049577497932795,10.662852928482357,141.9869574676715,22.858898880609736,-540.9871279965904,26.358848436237665
29.237417113433168,40.03173904944933,11.008590580762757,138.22731535184928,22.858898880609736,-540.9871279965904,26.031217466617903
31.3761630991906,40.01582914805067,11.35413011069703,134.46767322858,22.858898880609736,-540.9871279965904,25.705502415671457
33.32616429942783,40.00183651350558,11.699472674478606,130.7080310954384,22.858898880609736,-540.9871279965904,25.381692079499135
35.05106278129796,39.98974993029047,12.044619420332712,126.94838894876284,22.858898880609736,-540.9871279965904,25.059775319719776
36.517286367532044,39.979558246455156,12.389571487836896,123.18874678291323,22.858898880609736,-540.9871279965904,24.739741063087266
37.69426654368526,39.97125037190329,12.734330006677174,119.42910458894146,22.858898880609736,-540.9871279965904,24.421578301109548
38.55463324859351,39.964815275510205,13.07889609428535,115.66946235210429,22.858898880609736,-540.9871279965904,24.105276089669918
39.07438536675601,39.960241979795825,13.423270851125347,111.90982004694568,22.858898880609736,-540.9871279965904,23.790823548650668
39.23303590743804,39.95751955009158,13.767455350689584,108.15017762690071,22.858898880609736,-540.9871279965904,23.478209861558806
39.0137310293631,39.95663707026791,14.111450616585435,104.39053500053605,22.858898880609736,-540.9871279965904,23.167424275153884
38.403342258597654,39.95758358218378,14.455257564777327,100.63089197172438,22.858898880609736,-540.9871279965904,22.858456099078268
37.39253147944661,39.960347912625714,14.798876837771614,96.87124806796042,22.858898880609736,-540.9871279965904,22.55129470548936
35.975788708364895,39.964918069560404,15.142308225175151,93.11160194050129,22.858898880609736,-540.9871279965904,22.245929528693917
34.15144445056931,39.97127833041019,15.485547867809567,89.35194847000848,22.858898880609736,-540.9871279965904,21.94235006478478
31.921677161651015,39.97938406267071,15.828564079888519,85.59225373485037,22.858898880609736,-540.9871279965904,21.640545871279475
29.29290223525841,39.98873676661532,16.17088941177373,81.8320325595537,22.858898880609736,-540.9871279965904,21.340506566760965
26.27624449907598,39.99788185750564,16.511138757026405,78.06984930270959,22.858898880609736,-540.9871279965904,21.042221830520656
22.883641418209976,40.008124244133995,16.85057557668218,74.30701141367211,22.858898880609736,-540.9871279965904,20.745681402203374
19.131180690547723,40.02004289273175,17.189766556986008,70.54410464850484,22.858898880609736,-540.9871279965904,20.450875081454303
15.775791491924124,40.035144330941066,17.47668050990163,67.37171266293255,22.858898880609736,-257.75074299225196,20.205978298107986
14.784524300944769,40.05293572570315,17.57936712363253,66.24537081731388,22.858898880609736,-76.03215988714476,20.129411184362386
14.549459440244123,40.07098483741243,17.622598518869303,65.77274515584432,22.858898880609736,-30.256501599841453,20.10663950794887
14.489335359910108,40.089117719745055,17.64998165827464,65.47435564771767,22.858898880609736,-16.27901601225423,20.09822100852165
14.46749253654178,40.10728304443685,17.671629266344862,65.23902032441154,22.858898880609736,-9.637661808138343,20.09499888179199
14.45319284469041,40.125457942294965,17.689914490884178,65.04066040226752,22.858898880609736,-4.813893445334333,20.09481455388865
14.439734227903298,40.14362655158058,17.705480859897786,64.87221499699328,22.858898880609736,-0.5834468475269022,20.097073979997212
14.425631891263583,40.16177523391808,17.718582718422727,64.73090172454579,22.858898880609736,3.3435346442682414,20.101535733619798
14.410489752752776,40.17989145365544,17.72937358367792,64.61504606080365,22.858898880609736,7.058650902953731,20.10805021757538
14.394130811200917,40.19796344004651,17.737967500571372,64.52340681272211,22.858898880609736,10.610409608189082,20.11650408442773
14.376419047469257,40.215980019207805,17.744453035903717,64.45502237198237,22.858898880609736,14.036241749874035,20.126807477704723
14.357222386305564,40.2339304886154,17.748897436547093,64.40916511684296,22.858898880609736,17.369367682069587,20.138890172725194
14.336403500363922,40.25180450705642,17.751348535561256,64.38532056921717,22.858898880609736,20.640647472387457,20.15269976023452
14.285321099760049,40.26959071357371,17.750869324934165,64.39380865511903,22.858898880609736,28.46746143286621,20.16907015649839
14.202049702788374,40.287264707053865,17.744012609249648,64.47257609738458,22.858898880609736,40.59619061174034,20.191084959987737
14.104153166910793,40.304788855184796,17.729426155831977,64.63653997995948,22.858898880609736,53.874153319405664,20.219928495354498
13.992006386845256,40.32212134964721,17.70652013555701,64.89223566660996,22.858898880609736,68.14056224884868,20.256094475035475
13.862560464577061,40.33921731878424,17.67459263760967,65.24743488127434,22.858898880609736,83.78658193333818,20.300174826200234
13.711553233608797,40.35602767765506,17.632652407555316,65.71309688871675,22.858898880609736,101.35736438333555,20.353018350194542
13.533671228350984,40.37249740709495,17.579343950348438,66.30419430609379,22.858898880609736,121.51257135617114,20.415796646911
13.322327961957802,40.38856345969565,17.512872162169202,67.04054451899508,22.858898880609736,145.05076668950852,20.49007012753122
13.069335775005992,40.40415222774864,17.430906963472175,67.94786157913092,22.858898880609736,172.94821369631939,20.577871649565914
12.764526559989797,40.41917645328055,17.330462836227483,69.05908478633995,22.858898880609736,206.40201062258302,20.68181225811106
12.395363472789706,40.43353144652297,17.207752654375046,70.4159908267213,22.858898880609736,246.87044381153902,20.80520946333931
11.946629838341472,40.44709049062118,17.058021112159377,72.07103125363113,22.858898880609736,296.0970748146469,20.952233165161278
11.400372806264508,40.459699366962575,16.875374856979604,74.08920721271133,22.858898880609736,356.09181992852467,21.128053754557378
10.73643635683156,40.471170080234984,16.65264889808247,76.5495460369504,22.858898880609736,429.0198506488409,21.33895681300607
9.93416291198196,40.481274167586484,16.38138839125376,79.54530917572752,22.858898880609736,516.9149559500022,21.592353494887792
8.97617570155205,40.48973655089566,16.05208862081285,83.18135933980663,22.858898880609736,621.089144912515,21.89655878899462
7.855501479801698,40.496231874642305,15.654927374162414,87.56610851949618,22.858898880609736,741.067589726848,22.260128422423072
6.587408318947533,40.50038678878744,15.181331498533755,92.79428328079591,22.858898880609736,872.8767528954454,22.690449604839554
5.226664130262971,40.50179366484621,14.62679530486147,98.91590682361314,22.858898880609736,1006.6377010285047,23.191214282713034
3.8885571324158192,40.50004333514667,13.995298255436275,105.88766742221927,22.858898880609736,1123.7989747298438,23.758468735356423
2.7670164053878543,40.49478535368335,13.305255224281082,113.50739746634844,22.858898880609736,1195.108206339652,24.37530726905045
2.13574863280282,40.48582155361043,12.595947759453027,121.34322385590792,22.858898880609736,1181.4945399301616,25.006162573071745
2.208152484143691,40.47322815266401,11.930265258323317,128.70327709377267,22.858898880609736,1057.8730968160783,25.594446197298577
2.4001212256758424,40.45738783163757,11.346422630060824,135.16676074978847,22.858898880609736,927.96415081465,26.106075053104487
2.567767385519955,40.438735888386695,10.836573625075438,140.8194916828696,22.858898880609736,814.4412389740804,26.54850999404414
2.7141588417621696,40.41765439531958,10.391382393849655,145.7637324958875,22.858898880609736,715.2370733604274,26.93050590473529
2.8419764243908614,40.39447707323017,10.002690926918962,150.08884418845463,22.858898880609736,628.5451807315428,27.25971299261798
2.9535627463404435,40.369495392276406,9.663370455274972,153.87291385838478,22.858898880609736,552.7869974302935,27.542816157842065
3.0509648738748982,40.34296390323778,9.367191598507354,157.18417704781066,22.858898880609736,486.58311567762803,27.78565677985783
3.135971613557013,40.31510489616225,9.10871089541789,160.08226064215853,22.858898880609736,428.72815751337873,27.993339139067235
3.210146094990007,40.28611247126096,8.883171650247863,162.61926896153577,22.858898880609736,378.1688187105553,28.1703234120197
3.2748542428298997,40.25615609620329,8.686417288421485,164.84073282780963,22.858898880609736,333.984682730523,28.320506934071236
3.331289656689633,40.225383714609336,8.51481564357007,166.7864388947448,22.858898880609736,295.3714552430122,28.44729520971626
3.3804953521254064,40.19392446236225,8.365192796715935,168.49115434754796,22.858898880609736,261.62631382570714,28.55366396405459
3.423382758719789,40.161891041218574,8.234775262489029,169.98526017230483,22.858898880609736,232.1351059865051,28.64221336566877
3.460748321313868,40.12938179295337,8.121139469291585,171.29530453038493,22.858898880609736,206.36116231893067,28.715215408588353
3.4932880067818997,40.09648251182103,8.02216761318579,172.4444863175967,22.858898880609736,183.83552102097244,28.77465531640993
3.5216099805909975,40.06326802834696,7.936009081377927,173.45307771617738,22.858898880609736,164.1483857158255,28.822267722754344
3.54624568405087,40.02980359329956,7.86104674262328,174.33879343645054,22.858898880609736,146.9416609777521,28.85956828709286
3.5676595140270297,39.99614608705228,7.795867490527385,175.1171133739333,22.858898880609736,131.90242959675604,28.887881321829006
3.5862572814345555,39.962345076365175,7.739236503186475,175.80156455912822,22.858898880609736,118.75725276969662,28.908363933867122
3.6023936025848315,39.928443737835835,7.690074750303445,176.40396753574822,22.858898880609736,107.26718939515867,28.922027120409645
3.616378358019542,39.89447966484121,7.647439338068717,176.93465165518262,22.858898880609736,97.22344374793194,28.929754203246222
3.6284823364802907,39.86048557266929,7.610506333785722,177.40264320881835,22.858898880609736,88.44356225498781,28.932316937317918
3.6389421668194104,39.82648991468553,7.578555757389545,177.81582982506643,22.858898880609736,80.7681100967848,28.93038958697641
3.647964627687292,39.79251742075796,7.550958466477408,178.1811041256066,22.858898880609736,74.05776709779495,28.924561226339527
3.6557304134976705,39.75858956774908,7.5271646959603,178.50448925756328,22.858898880609736,68.1907900075601,28.915346487796047
3.66239742526835,39.724724990645406,7.50669404358414,178.79124858819668,22.858898880609736,63.060794947433045,28.903194954445585
3.668103646280413,39.690939841813716,7.489126718905545,179.0459815602095,22.858898880609736,58.5748196300032,28.888499367558563
3.672969654936364,39.657248104928705,7.474095896321252,179.27270745368526,22.858898880609736,54.65163005430904,28.871602798556562
3.677100820589197,39.623661869290764,7.461281032860722,179.47493858039047,22.858898880609736,51.22024083309503,28.852804916152145
3.6805892223396626,39.590191569531264,7.450402029024703,179.65574424368342,22.858898880609736,48.218622199694046,28.83236746280532
3.683515325752832,39.55684619507205,7.441214126308734,179.81780662906644,22.858898880609736,45.59257014251743,28.810519040251485
3.6859494480355335,39.52363347315517,7.433503448469376,179.9634696434339,22.858898880609736,43.294719086520715,28.78745929127039
3.6879530383630295,39.49056002877733,7.427083105316786,180.0947815926278,22.858898880609736,41.283679137519336,28.763362553867925
3.6895797966762123,39.457631524442746,7.4217897880637285,180.213532474678,22.858898880609736,39.523282174159405,28.738381054432768
3.690876651328336,39.42485278228063,7.41748079421495,180.3212865680262,22.858898880609736,37.98192305502219,28.71264769803202
3.691884613389215,39.39222789075235,7.414031427804836,180.4194109083329,22.858898880609736,36.63198394086973,28.686278506671968
3.6926395231681197,39.359760297892336,7.411332727628417,180.50910017257382,22.858898880609736,35.44933124599548,28.659374749937655
3.6931727025533734,39.3274528927818,7.4092894820851605,180.59139842369297,22.858898880609736,34.412876055590516,28.632024806821637
3.693511525051058,39.29530807673987,7.407818494475673,180.66721811189325,22.858898880609736,33.50419000207481,28.604305792655914
3.693679913906156,39.26332782552933,7.406847067153466,180.73735667867388,22.858898880609736,32.707169603537196,28.576284980782194
3.6936987773794314,39.231513743710785,7.406311676920453,180.8025110660605,22.858898880609736,32.00774295016893,28.54802104485694
3.6935863891086687,39.19986711213568,7.406156817538304,180.8632903953125,22.858898880609736,31.39361339595108,28.5195651444205
3.693358720482573,39.1683889294439,7.406333988271876,180.92022704605336,22.858898880609736,30.854035586908722,28.490961873504425
3.69302973108155,39.13707994832238,7.406800810040891,180.97378633763,22.858898880609736,30.379619746261426,28.46225008955664
3.6926116224757592,39.10594070718562,7.407520253080461,181.02437498904774,22.858898880609736,29.96216065150158,28.433463637783817
3.6921150600033994,39.07497155785582,7.408459962042198,181.0723485115798,22.858898880609736,29.594488188197513,28.404631984105404
3.69154936656891,39.04417268974731,7.409591666242498,181.1180176687076,22.858898880609736,29.270336758342317,28.375780768249275
3.69092269199116,39.01354415099632,7.410890664315652,181.16165412106,22.858898880609736,28.984231164506426,28.346932287064003
3.6902421609862754,38.98308586692139,7.412335373884611,181.20349535917464,22.858898880609736,28.73138689116037,28.318105916851945
3.689514002480643,38.95279765615148,7.413906938046624,181.243749013931,22.858898880609736,28.507622966780907,28.289318482416427
3.688743662609514,38.92267924471573,7.415588881505815,181.28259662317075,22.858898880609736,28.30928581951402,28.260584579545764
3.6879359034594774,38.89273027835231,7.417366810089115,181.32019692311357,22.858898880609736,28.133182739416704,28.231916856808624
3.6870948893534012,38.86295033326087,7.41922814817217,181.35668872452177,22.858898880609736,27.976523735285145,28.203326261794214
3.6862242622495147,38.83333892549513,7.421161909232404,181.392193426003,22.858898880609736,27.836870726984866,28.174822256282972
3.685327207628022,38.80389551916707,7.423158495349815,181.42681721023064,22.858898880609736,27.71209314781537,28.146413004267693
3.684406512065364,38.774619533612736,7.425209522003396,181.46065296308612,22.858898880609736,27.60032914820166,28.118105536250194
3.6834646135448423,38.74551034965062,7.427307664971787,181.4937819506795,22.858898880609736,27.499951694033633,28.089905892806954
3.6825036454199993,38.716567315047264,7.429446526549448,181.5262752847955,22.858898880609736,27.40953894213087,28.06181925003892
3.6815254748315467,38.687789749289905,7.431620518641445,181.5581952034578,22.858898880609736,27.327848353218894,28.033850029191303
3.68053173627759,38.65917694775382,7.433824760607389,181.58959618993669,22.858898880609736,27.25379407088204,28.006001992440375
3.679523860948633,38.63072818534054,7.4360549899937505,181.62052595058222,22.858898880609736,27.18642715444822,27.978278326592516
3.6785031023616734,38.602442719653986,7.438307484528497,181.65102626929425,22.858898880609736,27.124918305745584,27.950681716220632
3.6774705587603225,38.57431979377253,7.440578993957177,181.6811337541933,22.858898880609736,27.068542775097406,27.923214407570505
3.676427192688945,38.54635863866819,7.442866680478833,181.7108804900915,22.858898880609736,27.016667171616263,27.895878264401592
3.6753738480973563,38.518558475317434,7.445168066696745,181.74029460864932,22.858898880609736,26.96873793754593,27.868674816779823
3.6743112652876286,38.490918516542536,7.447480990135924,181.76940078660246,22.858898880609736,26.924271276710154,27.841605303711734
3.6732400939752456,38.46343796861739,7.449803563498885,181.79822068113378,22.858898880609736,26.882844353613994,27.814670710396776
3.6721609047025146,38.43611603266773,7.452134139935724,181.82677331032014,22.858898880609736,26.844087602888834,27.78787180077695
3.6710741988121094,38.408951905891435,7.454471282695889,181.855075385584,22.858898880609736,26.807678008996962,27.76120914597699
3.6699804171624053,38.38194478262193,7.456813738608834,181.88314160220466,22.858898880609736,26.773333233785063,27.73468314915362
3.6688799477433505,38.35509385525424,7.459160414910507,181.91098489318023,22.858898880609736,26.7408064849197,27.708294067206893
3.66777313233157,38.32839831505116,7.461510358993527,181.938616651065,22.858898880609736,26.70988203173305,27.6820420297496
3.6666602723059336,38.301857352844756,7.463862740712212,181.96604692182117,22.858898880609736,26.680371286799822,27.655927055680593
3.665541633729488,38.27547015964621,7.4662168369201165,181.99328457421706,22.858898880609736,26.65210938187114,27.629949067664427
3.6644174517903254,38.249235927175825,7.468572017958423,182.02033744785575,22.858898880609736,26.624952175795958,27.604107904781365
3.6632879346822516,38.22315384832307,7.47092773584907,182.04721248253068,22.858898880609736,26.59877363992931,27.57840333357876
3.6621532669959462,38.19722311754571,7.473283513977526,182.07391583126457,22.858898880609736,26.57346357340252,27.552835057725314
3.6610136126823556,38.17144293121549,7.475638938077275,182.10045295908893,22.858898880609736,26.54892560663923,27.527402726444706
3.6598691176422973,38.1458124879174,7.47799364835181,182.1268287293644,22.858898880609736,26.525075456751157,27.50210594188243
3.6587199119894316,38.12033098870811,7.480347332590575,182.153047479213,22.858898880609736,26.501839403035973,27.47694426554049
3.6575661120278085,38.09499763733901,7.482699720153506,182.17911308543628,22.858898880609736,26.479152954808452,27.451917223897677
3.656407821979994,38.06981164044816,7.48505057671456,182.20502902211982,22.858898880609736,26.456959687299662,27.42702431331802
3.6552451354972515,38.04477220772505,7.487399699668462,182.23079841097248,22.858898880609736,26.435210224420274,27.402265004337387
