8.0	7.0	32.0	22.73	135.0	85.0	0.0	0.0	0.0	0.0
9.173953276288268	7.0	32.0	22.73	135.0	85.0	0.0	0.0	0.0	0.0
12.690091180461105	7.0	32.0	22.73	135.0	85.0	0.0	0.0	0.0	0.0
18.531275827005114	7.0	32.0	22.73	135.0	85.0	0.0	0.0	0.0	0.0
26.66903690275263	7.0	32.0	22.73	135.0	85.0	0.0	0.0	0.0	0.0
36.257184229738115	7.000000044964752	33.60020466240697	22.730058194605302	132.5130815794124	85.00000236656587	1328.4897718976204	0.0	1.5969525626763081	0.0029074820273814143
43.90535289116646	7.000002976164525	40.511428215474325	22.731118268661707	121.74704083948365	85.00015664023813	1696.962326078117	0.0	8.493323300212182	0.05576462485889638
50.73264242410372	7.0000173748789924	47.55304096696495	22.733693637915717	110.73107949939242	85.00091446731538	1589.8007168014326	0.0	15.518310707633956	0.18381315183618638
56.8180125899755	7.000052502046698	53.96076570561674	22.737685178348002	100.65469558260847	85.00276326561563	1428.623430411436	0.0	21.9092620032622	0.3816338150649963
62.1359546419959	7.000116654920316	59.62083810272638	22.742926466746823	91.69927087134111	85.00613973264821	1257.5582578668068	0.0	27.552806023931698	0.6404905913249427
66.7230679797584	7.00021698893669	64.53537935646312	22.749242956335358	83.86652803829831	85.0114204703521	1093.8442998796882	0.0	32.451233932263236	0.951298369933025
70.64962506090319	7.000359533945105	68.75868239820264	22.756468840079254	77.07695623792662	85.01892283921599	945.4713195823276	0.0	36.658895766590206	1.3054653067070887
73.99676486895437	7.000549283639449	72.36654342218995	22.764454528148875	71.21720348030478	85.02890966523421	815.1107116142529	0.0	40.25158572259589	1.6952622254709269
76.844316670855	7.000790313998399	75.4391144337519	22.773069034479224	66.16662664537552	85.04159547359993	702.6011067835926	0.0	43.30942654618031	2.1139360240410183
79.2651752515437	7.001085906509788	78.05226824020328	22.782199654874077	61.81070511315617	85.05715297419935	606.4534939022478	0.0	45.908252081166886	2.5556874182141227
81.32329112213985	7.001438664028777	80.27391179028652	22.79175038276868	58.046809002723705	85.07571915940929	524.6896541587057	0.0	48.11592954842103	3.015585936994847
83.07350716699298	7.001850614161395	82.1629586770694	22.801639870371073	54.78585243470864	85.09740074533654	455.2742331938429	0.0	49.99133613442948	3.4894628104837437
84.56224930502343	7.002323298852076	83.76961560223852	22.81179935169757	51.95190811531746	85.12227888695132	396.3168396245027	0.0	51.58464695662772	3.9738026422745416
85.8285405397033	7.002857850719067	85.13623971882582	22.82217072130137	49.48093123271098	85.15041319574038	346.150398670783	0.0	52.938192612299865	4.465643529114822
86.90507074103354	7.003455057482664	86.29837745438218	22.83270484267881	47.31919504390285	85.18184513066647	303.34663155771597	0.0	54.08749761647045	4.962489259807208
87.81919798430081	7.004115416074965	87.28579360022407	22.843360099522663	45.42173461755091	85.21660084605082	266.70218027039493	0.0	55.06230888293556	5.462234172384844
88.59383195325208	7.0048391779910855	88.12340647103814	22.85410117459064	43.75092987714894	85.25469357847818	235.21272933899436	0.0	55.88753023597557	5.963099829977525
89.24818876723697	7.005626387293731	88.83210010058288	22.864898029697333	42.275273779108794	85.2961256470385	208.04432155906437	0.0	56.58403400287981	6.4635821201799315
89.79842370741187	7.00647691249561	89.429411768544	22.875725057719457	40.96832910857208	85.34089013134795	184.5059576659549	0.0	57.16934801479498	6.962407261192204
90.25815563765056	7.007390473355729	89.93010526373425	22.886560378953114	39.80785853388908	85.38897228188051	164.0251751901714	0.0	57.65822842792532	7.458495279869061
90.63889903640471	7.00836666345381	90.34664464791653	22.897385257269004	38.775105704078086	85.44035070809532	146.12718247611045	0.0	58.06313312439875	7.950929690759721
90.95041865749347	7.009404969257729	90.68958390312102	22.908183615062413	37.85420411103876	85.4949983819858	130.4173654182362	0.0	58.39461106592679	8.438932290234112
91.20102037082552	7.010504786272691	90.96788665771692	22.918941629417144	37.031692183539704	85.55288348803636	116.5668447863206	0.0	58.66162178473032	8.921842157222427
91.39778967417953	7.011665432755999	91.18918839444812	22.92964739495502	36.29611577425957	85.61397014505256	104.30062809773206	0.0	58.871797404683726	9.399098109950845
91.54678752654686	7.012886161394983	91.36001161045262	22.940290641454606	35.63770212723138	85.67821902078865	93.38794627914666	0.0	59.031657653690615	9.87022400298075
91.65321140775998	7.014166169274979	91.48594260911169	22.950862496504396	35.04809212948622	85.74558785657787	83.63438755618277	0.0	59.1467865395282	10.334816361470335
91.72152800986767	7.0155046064065845	91.5717770333316	22.961355285251294	34.520120036835436	85.81603191613604	74.87547650005371	0.0	59.22197779249531	10.79253394223477
91.7555827911675	7.016900583034405	91.6216399149863	22.971762360769674	34.047631894011914	85.88950437023188	66.9714263226412	0.0	59.26135484452753	11.243088886762775
91.75869071782272	7.018353175911049	91.6390849062428	22.982077959764723	33.625335556978115	85.9659566268973	59.80289402201387	0.0	59.268470006465094	11.68623919268315
91.73371140935338	7.0198614336887655	91.62717648776324	22.992297079284718	33.248676549408216	86.04533861519815	53.26744902712643	0.0	59.24638663520803	12.121782279797031
91.68311160638709	7.021424381555398	91.58855818410073	23.002415370893953	32.91373515023739	86.1275990292314	47.276699375226805	0.0	59.1977473185696	12.549549466927212
91.60901710373045	7.023041025220133	91.52550925226545	23.012429049385112	32.61714096733058	86.21268553790165	41.75391396454375	0.0	59.12483054179671	12.96940120824833
91.51325593989485	7.024710354337104	91.43999182702039	23.022334813616705	32.35600198677075	86.30054496511065	36.63204466926157	0.0	59.02959781776811	13.381222963979667
91.39739429176842	7.02643134544044	91.33369012391395	23.03212977747107	32.127845669472315	86.39112344423363	31.85207215925888	0.0	58.91373288068149	13.78492160153091
91.26276626885057	7.028202964452299	91.20804299029308	23.041811409259548	31.930570139834455	86.48436655012088	27.36162751078424	0.0	58.77867423256834	14.180422240361745
91.11049850568266	7.0300241688153555	91.06427085001486	23.051377478169705	31.762403883149034	86.58021941133435	23.113816065934376	0.0	58.62564208766977	14.567665467717026
90.94153031538197	7.031893909292742	90.90339787959942	23.0608260065658	31.621872685218346	86.67862680488095	19.066206123302667	0.0	58.455660551929725	14.946604863652325
90.75663004614043	7.033811131471185	90.72627008434736	23.070155227128257	31.507772805420384	86.77953323532543	15.17996912856637	0.0	58.269575705807455	15.317204782852906
90.55640805892264	7.035774776996982	90.53356981244438	23.079363543958117	31.419149573127463	86.88288299984102	11.419111471180459	0.0	58.06807012822978	15.679438348056085
90.34132673139483	7.037783784569023	90.325827122074	23.088449496883534	31.355280785243593	86.98862024047467	7.749792892455284	0.0	57.8516742766372	16.033285615724882
90.11167776908155	7.039837090708495	90.10342810055845	23.097411728292737	31.3156647709301	87.09668898465749	4.124822493583424	0.0	57.62077482262048	16.378731879211305
89.6305155849937	7.041933628735131	89.85940617260388	23.10624814442238	31.311241459972354	87.2070330913225	-2.497903947192902e-6	0.0	57.368421185809886	16.71572578436191
88.32582775298437	7.0440723258555415	89.61362786987576	23.11495787520371	31.311241476628748	87.31959609765988	-2.497903947192902e-6	0.0	57.11444111244716	17.044277467407756
86.18542155801921	7.046252122048794	89.36893748600939	23.123542924849463	31.31124149328514	87.43432221309425	-2.497903947192902e-6	0.0	56.86167121872247	17.364540140032723
83.25097606248396	7.048471976901846	89.12532984030945	23.132005325858056	31.311241509941535	87.55115667904433	-2.497903947192902e-6	0.0	56.610104305839705	17.67666744780981
79.5796322631373	7.050730869297144	88.8827997828503	23.140347076315688	31.311241526597932	87.67004575248114	-2.497903947192902e-6	0.0	56.3597332400545	17.980810350926433
75.24288040605914	7.053027797075351	88.64134219419851	23.14857014048477	31.311241543254326	87.79093668817622	-2.497903947192902e-6	0.0	56.11055095181012	18.277117170470426
70.32516789993664	7.0553617767038626	88.40095198513896	23.1566764493823	31.31124155991072	87.91377772125577	-2.497903947192902e-6	0.0	55.86255043488689	18.565733633921074
64.92225491558266	7.057731842951058	88.16162409640516	23.164667901348235	31.311241576567117	88.03851805005553	-2.497903947192902e-6	0.0	55.6157247455658	18.846802919858135
59.13934968347753	7.060137048566163	87.9233534984118	23.172546362604265	31.31124159322351	88.16510781927155	-2.497903947192902e-6	0.0	55.370067001803925	19.120465701904372
53.089059868656	7.062576463964618	87.68613519099252	23.180313667802857	31.311241609879904	88.29349810340078	-2.497903947192902e-6	0.0	55.125570382424804	19.386860191911254
46.889199714886	7.065049176918891	87.44996420313983	23.187971620566994	31.311241626536297	88.42364089046781	-2.497903947192902e-6	0.0	54.882228126320186	19.646122182404355
40.66049600424477	7.0675542922546075	87.21483559274901	23.195521994020602	31.31124164319269	88.55548906603185	-2.497903947192902e-6	0.0	54.640033531665075	19.898385088298944
34.5242372600581	7.070090931551922	86.98074444636534	23.202966531309915	31.311241659849085	88.68899639746945	-2.497903947192902e-6	0.0	54.39897995514512	20.143779987898984
28.599911799005596	7.072658232852047	86.74768587893416	23.210306946115903	31.31124167650548	88.82411751852864	-2.497903947192902e-6	0.0	54.159060811195864	20.38243566319219
23.00288109283284	7.07525535036883	86.51565503355495	23.217544923157888	31.311241693161875	88.96080791414882	-2.497903947192902e-6	0.0	53.920269571254536	20.614478639452276
17.842133204727777	7.077881454205322	86.28464708123782	23.224682118688563	31.31124170981827	89.0990239055431	-2.497903947192902e-6	0.0	53.682599763023205	20.840033224161388
13.218160920439542	7.080535730075215	86.05465722066371	23.231720160980498	31.311241726474666	89.23872263553748	-2.497903947192902e-6	0.0	53.44604496974372	21.059221545263515
9.221004202814628	7.083217379029102	85.82568067794737	23.238660650804327	31.31124174313106	89.37986205416311	-2.497903947192902e-6	0.0	53.21059882948406	21.272163588760858
6.0072332855281445	7.083253787263347	85.59771270488967	23.245501464662134	31.451978634228873	89.38177827701801	-2.497903947192902e-6	107.60200903377954	52.97625872278195	21.612383869938533
3.915992587588169	7.058519451838953	85.37074834694259	23.252098362592296	32.90241726367822	88.07997114941838	-2.497903947192902e-6	314.25264528533785	52.7431636570362	23.17894553766642
2.3741250619879106	7.011826271371048	85.14478168251438	23.258184685693195	35.52281192381773	85.62243533531812	-2.497903947192902e-6	463.7700797985732	52.5115738491229	25.81792071610664
1.452767499371389	6.950184268507066	84.91980582239378	23.263567518585596	38.95018583841956	82.37811939510851	-2.497903947192902e-6	549.741635773827	52.28167495390035	29.169162503925584
1.5324141486581324	6.8846399727671574	84.6958132688655	23.26814888445979	42.60618184432099	78.9284196193239	-2.497903947192902e-6	535.222541271162	52.05355726986594	32.67544558463072
1.7750694971810148	6.823125714373581	84.47279640331243	23.27194929741565	46.072686823219314	75.69082707229357	-2.497903947192902e-6	504.8055805795161	51.82719272045583	35.941179152102336
2.003949418404805	6.765748681673988	84.2507478304401	23.275022828147854	49.34239998355918	72.6709832459992	-2.497903947192902e-6	476.1798851871777	51.60251996236747	38.96370732369239
2.2198650051836024	6.7122588718767	84.02966041241663	23.277420676848887	52.42690836611342	69.85573009877353	-2.497903947192902e-6	449.2393455295693	51.37948077401967	41.758090248608305
2.423579305375707	6.662421173246761	83.80952725402416	23.279190879972564	55.33711265457206	67.23269332877672	-2.497903947192902e-6	423.88414564736485	51.15802033338478	44.33848533628927
2.615810171471807	6.616014480699896	83.59034168850275	23.280378499900625	58.083267884516346	64.79023582631014	-2.497903947192902e-6	400.02038978306837	50.938087014572936	46.71820096003549
2.7972329411645838	6.572830863883212	83.37209726424254	23.281025803325942	60.6750217372703	62.51741388858992	-2.497903947192902e-6	377.55975113212224	50.71963219652351	48.90974697213564
2.968482958878004	6.532674784632139	83.1547877322717	23.28117242902151	63.12145056174773	60.40393603327028	-2.497903947192902e-6	356.4191414356729	50.502610083083994	50.924882219467506
3.1301579476785437	6.495362360878008	82.93840703449426	23.280855545624455	65.43109325889829	58.44012425673708	-2.497903947192902e-6	336.52040018020585	50.28697753380217	52.77465923732128
3.2828202404649462	6.46072067424399	82.72294929263232	23.28011000002935	67.6119831558469	56.61687759178876	-2.497903947192902e-6	317.79000223816377	50.07269390479335	54.469466289267025
3.4269988788072347	6.4285871187303245	82.50840879783107	23.278968456949812	69.67167798930817	54.92563782791162	-2.497903947192902e-6	300.1587828525684	49.85972089908305	56.01906691097334
3.5631915872543742	6.398808788061017	82.29478000088687	23.277461530170633	71.61728810998159	53.35835726636913	-2.497903947192902e-6	283.56167894092374	49.648022425864475	57.43263710547979
3.6918666304935726	6.371241899399614	82.08205750306226	23.275617905983594	73.45550301339871	51.90746838945319	-2.497903947192902e-6	267.9374857508636	49.437564468142334	58.71880032919792
3.813464560312653	6.345751251275821	81.87023604745056	23.273464459271043	75.19261629652843	50.565855330306206	-2.497903947192902e-6	253.22862795657628	49.22831495826295	59.88566039976009
3.9283998589623885	6.322209713674507	81.65931051086085	23.27102636267805	76.83454913438179	49.3268270355002	-2.497903947192902e-6	239.3809443314713	49.02024366086104	60.94083245017604
4.037062485008712	6.300497748396451	81.44927589618871	23.268327189279578	78.38687236361498	48.184092020865656	-2.497903947192902e-6	226.34348519903332	48.81332206278352	61.891472044155236
4.139819327485954	6.280502957886404	81.24012732524612	23.26538900913095	79.854827256147	47.131734625600075	-2.497903947192902e-6	214.06832190030457	48.60752326957598	62.74430256222614
4.2370155737482325	6.262119660852794	81.03186003202245	23.262232480061915	81.24334505989384	46.1641926764627	-2.497903947192902e-6	202.5103675707157	48.402821908144205	63.50564096045504
4.328975996152135	6.245248493085274	80.8244693563507	23.25887693305716	82.55706537994958	45.27623647817215	-2.497903947192902e-6	191.62720855357347	48.19919403522306	64.18142199859324
4.416006162461632	6.229796031951552	80.61795073795498	23.255340452549827	83.80035347008527	44.46294905008152	-2.497903947192902e-6	181.3789458092515	47.996617051302515	64.77722102991282
4.498393574441189	6.215674443186904	80.41229971085619	23.25163995192633	84.97731649836464	43.7197075361527	-2.497903947192902e-6	171.72804573483106	47.79506961969044	65.29827543697024
4.576408738892009	6.2028011486552606	80.20751189811479	23.24779124452649	86.09181884766207	43.04216571869775	-2.497903947192902e-6	162.63919983658468	47.59453159040745	65.74950479356038
4.650306175164041	6.191098513829811	80.0035830068906	23.243809110408368	87.1474965086911	42.426237569989894	-2.497903947192902e-6	154.07919272683654	47.39498392862493	66.13552982892672
4.7203253628465465	6.180493553843456	79.80050882380102	23.23970735912499	88.14777061844119	41.86808178123433	-2.497903947192902e-6	146.0167779599503	47.19640864738124	66.46069026407551
4.786691633240598	6.17091765699041	79.59828521055842	23.235498888753494	89.09586019549906	41.3640872100214	-2.497903947192902e-6	138.4225612352406	46.99878874431625	66.72906158815307
4.849617008021899	6.162306324620549	79.39690809987214	23.231195741404463	89.99479412094622	40.91085919055505	-2.497903947192902e-6	131.26889052012442	46.80210814218327	66.94447083919462
4.909300988118033	6.154598926487763	79.19637349159723	23.226809155413132	90.84742240803385	40.50520665725052	-2.497903947192902e-6	124.52975269723245	46.606351632918226	67.11051144626734
4.965931295784013	6.147738470625766	78.99667744911655	23.222349614411833	91.65642680326214	40.14413003293488	-2.497903947192902e-6	118.18067634443472	46.41150482505457	67.23055718930222
5.019684572688184	6.1416713868783415	78.7978160959415	23.217826893471376	92.424330759036	39.824809835701984	-2.497903947192902e-6	112.19864027927515	46.21755409428153	67.30777532965061
5.070727036534468	6.136347323299722	78.59978561251931	23.213250102480004	93.15350881398292	39.54459596314308	-2.497903947192902e-6	106.5619875367848	46.02448653696534	67.34513895901304
5.119215098718812	6.131718954649637	78.40258223323342	23.20862772692667	93.84619541661641	39.300997613138605	-2.497903947192902e-6	101.25034445334187	45.8322899264538	67.34543861385062
5.165295945388292	6.127741802247652	78.20620224358547	23.20396766624674	94.5044932261804	39.0916738025078	-2.497903947192902e-6	96.24454454619543	45.640952671994704	67.31129319995327
5.20910808409432	6.124374064506365	78.01064197754916	23.199277269876465	95.1303809219808	38.91442444770327	-2.497903947192902e-6	91.52655690146403	45.45046378011243	67.24516026850385
5.250781857929105	6.121576457557063	77.81589781508407	23.19456337114226	95.72572054819202	38.76718197668735	-2.497903947192902e-6	87.07941882305525	45.26081281830517	67.14934567925857
5.290439929221821	6.119312065323034	77.62196617980113	23.1898323191234	96.29226442380225	38.64800343805423	-2.497903947192902e-6	82.88717247038072	45.071989880915865	67.02601269001715
5.328197734544678	6.117546198497235	77.42884353676989	23.185090008605023	96.83166164270021	38.55506307880163	-2.497903947192902e-6	78.93480525551506	44.88398555705072	66.8771905053883
5.364163912682419	6.116246261910927	77.23652639045953	23.180341908231686	97.34546418752508	38.48664536373283	-2.497903947192902e-6	75.20819378311025	44.69679090042695	66.70478231603684
5.398440707209794	6.115381629782675	77.04501128280624	23.17559308697136	97.83513268077328	38.4411384096143	-2.497903947192902e-6	71.69405111754752	44.51039740103278	66.51057285943305
5.431124345227668	6.114923528366378	76.85429479139687	23.17084823899322	98.30204179531435	38.41702780875657	-2.497903947192902e-6	68.37987717413043	44.32479695848664	66.29623553134083
5.4623053937011345	6.114844925550089	76.66437352776482	23.1661117070557	98.7474853449353	38.41289081842556	-2.497903947192902e-6	65.25391204515488	44.13998185699509	66.06333907527929
5.492069094570033	6.115120427042389	76.47524413578962	23.161387504482782	99.17268107163385	38.427390896967665	-2.497903947192902e-6	62.30509210749502	43.95594474182315	65.81335387201837
5.520495680026004	6.1157261787134205	76.28690329019469	23.156679335821618	99.57877514957629	38.45927256386409	-2.497903947192902e-6	59.52300872900117	43.77267859717867	65.54765785540863
5.547660669112425	6.116639774731621	76.09934769513681	23.151990616258633	99.96684642223944	38.507356564822025	-2.497903947192902e-6	56.897869422179085	43.59017672542729	65.26754207634936
5.573635146700164	6.117840171169247	75.91257408288271	23.147324489864342	100.33791038777858	38.57053532469706	-2.497903947192902e-6	54.4204613071677	43.40843272756321	64.97421593475359
5.598486025892128	6.119307604749834	75.72657921256638	23.14268384673714	100.69292294766377	38.64776867104372	-2.497903947192902e-6	52.08211674603003	43.22744048485947	64.66881209936413
5.622276294882203	6.121023516419105	75.54135986902402	23.13807133911451	101.03278393323629	38.73807981153169	-2.497903947192902e-6	49.8746810139496	43.047194141626214	64.35239113476916
5.645065249227431	6.122970479441845	75.35691286169816	23.133489396515547	101.3583404238824	38.840551549570606	-2.497903947192902e-6	47.79048188170072	42.86768808900457	64.02594585368401
5.6669087103463704	6.125132131772084	75.17323502361222	23.128940239969122	101.67038986843866	38.95432272484634	-2.497903947192902e-6	45.822301002830784	42.68891694974357	63.69040540985079
5.687859230999776	6.127493112462146	74.99032321040643	23.124425895378018	101.96968302063017	39.078584866428564	-2.497903947192902e-6	43.96334700649639	42.51087556390057	63.34663914579245
5.707966288638995	6.130039001835519	74.80817429943397	23.119948206078146	102.25692670119044	39.21257904397456	-2.497903947192902e-6	42.20723017991191	42.33355897540497	62.99546021213018
5.727276467292619	6.132756265215445	74.62678518891305	23.11550884463756	102.53278639624222	39.35559290607587	-2.497903947192902e-6	40.54793865254203	42.15696241943657	62.637628971104654
5.745833628641626	6.135632200007398	74.44615279713102	23.111109323938578	102.79788870122803	39.506957895126064	-2.497903947192902e-6	38.97981599683664	41.98108131057126	62.273856196557894
5.763679072932914	6.13865488593364	74.26627406169925	23.106751007586425	103.052823619675	39.66604662808617	-2.497903947192902e-6	37.49754016033208	41.80591123164948	61.904806082638125
5.780851690366793	6.141813138222663	74.08714593885244	23.102435119686664	103.29814672587328	39.83227043277156	-2.497903947192902e-6	36.09610364584636	41.631447923319094	61.53109907319904
5.79738810354516	6.145096463571251	73.90876540279295	23.098162754030664	103.53438119984995	40.005077030065706	-2.497903947192902e-6	34.77079486286863	41.457687274213804	61.153314522969595
5.813322801489182	6.148495018721342	73.73112944507487	23.093934882722888	103.76201974190741	40.18394835375473	-2.497903947192902e-6	33.517180583475515	41.284625311728476	60.771993200076146
5.828688265649491	6.151999571520306	73.55423507402735	23.089752364278272	103.98152637276897	40.3683985010686	-2.497903947192902e-6	32.33108944734091	41.1122581933623	60.3876396378972
5.843515088486398	6.1556014642854	73.37807931421345	23.085615951228174	104.19333812758191	40.55797180449462	-2.497903947192902e-6	31.208596440159724	40.940582198588054	60.00072434713763
5.857832085032365	6.15929257934445	73.20265920592296	23.08152629726234	104.39786664966717	40.752241018128814	-2.497903947192902e-6	30.14600829146798	40.76959372121812	59.6116858958934
5.871666397826635	6.16306530663171	73.02797180469695	23.077483963932877	104.5954996895853	40.950805612195104	-2.497903947192902e-6	29.139849740766973	40.59928926223954	59.22093286505724
5.885043595612036	6.166912513217871	72.85401418088226	23.073489426946214	104.78660251509102	41.15329016936146	-2.497903947192902e-6	28.186850620842986	40.42966542308982	58.82884568641604
5.897987766183139	6.170827514653387	72.68078341921431	23.069543082068982	104.97151923753538	41.3593428764939	-2.497903947192902e-6	27.283933707284216	40.26071889934657	58.4357783707787
5.910521603747327	6.174804048012959	72.50827661842492	23.06564525067187	105.15057405988091	41.568634105945065	-2.497903947192902e-6	26.428203286822672	40.09244647480339	58.04206013294443
5.922666491148449	6.1788362465325255	72.33649089087638	23.061796184934792	105.3240724513255	41.780855080659094	-2.497903947192902e-6	25.6169343986671	39.92484501590971	57.647996920112156
5.934442577178095	6.182918615769061	72.16542336221734	23.057996072728283	105.49230225174904	41.99571661942416	-2.497903947192902e-6	24.84756271935606	39.75791146655588	57.25387284795995
5.945868849297688	6.187046011182782	71.99507117106113	23.054245042192687	105.65553471060035	42.21294795698839	-2.497903947192902e-6	24.11767504876887	39.591642843182015	56.85995155049408
5.956963202078569	6.191213617046433	71.82543146868414	23.050543166035553	105.81402546461294	42.43229563402267	-2.497903947192902e-6	23.425000357045874	39.42603623018816	56.466477449454814
5.967742501588634	6.195416926610755	71.65650141874337	23.046890465562488	105.96801545761387	42.65352245319749	-2.497903947192902e-6	22.76740136247155	39.26108877562958	56.07367694758544
5.978222645952908	6.199651723455531	71.48827819701172	23.04328691445654	106.11773180567492	42.87640649765942	-2.497903947192902e-6	22.14286661052181	39.09679768718076	55.68175955004934
5.98841862231545	6.203914063955655	71.32075899113063	23.03973244232131	106.26338861085411	43.10074020819225	-2.497903947192902e-6	21.549503024279943	38.93316022835256	55.290918918281534
5.998344560429672	6.208200260791784	71.15394100037756	23.036226938002777	106.40518772677156	43.326329515356946	-2.497903947192902e-6	20.98552889647071	38.77017371494484	54.901333860548505
6.008013783085753	6.212506867440741	70.98782143544902	23.03277025270389	106.54331947900128	43.55299302319676	-2.497903947192902e-6	20.449267295758233	38.60783551172163	54.51316926315644
6.017438853580195	6.216830663582089	70.82239751825709	23.029362202905414	106.67796334320761	43.78056124116246	-2.497903947192902e-6	19.939139860448826	38.44614302929303	54.12657696616515
6.026631620346834	6.221168641383874	70.65766648173867	23.026002573100985	106.80928858273103	44.008875862309026	-2.497903947192902e-6	19.45366096396338	38.285093721195246	53.741696585854434
6.035603258935406	6.225517992609739	70.4936255696773	23.022691118358793	106.93745484828204	44.23778908472298	-2.497903947192902e-6	18.99143222769276	38.124685081156144	53.35865628745166
6.044364311524937	6.229876096489336	70.33027203653607	23.019427566722303	107.0626127424182	44.46716297312278	-2.497903947192902e-6	18.551137356699268	37.964914640532655	52.977573511647215
6.052924724101607	6.234240508311785	70.16760314730126	23.016211621458595	107.18490435065635	44.696868858514875	-2.497903947192902e-6	18.131537281277232	37.805779965910794	52.59855565733933
6.061293881429855	6.238608948702264	70.00561617733581	23.013042963162945	107.3044637410599	44.92678677380323	-2.497903947192902e-6	17.731465587500246	37.6472786568591	52.221700723032946
6.069480639945479	6.242979293541728	69.84430841224258	23.00992125172812	107.42141743414024	45.15680492324873	-2.497903947192902e-6	17.34982421988437	37.48940834382675	51.84709790931854
6.077493358699529	6.2473495644898644	69.68367714773593	23.00684612818697	107.53588484491239	45.38681918367694	-2.497903947192902e-6	16.985579439292916	37.332166686176556	51.47482818485424
6.0853399284781355	6.25171792007244	69.52371968952087	23.003817216436595	107.64797869889246	45.61673263539144	-2.497903947192902e-6	16.637758019689894	37.17555137034355	51.10496481820667
6.093027799213074	6.256082647297302	69.3644333531824	23.000834124851796	107.75780542367728	45.84645512091051	-2.497903947192902e-6	16.305443668682344	37.01956010811433	50.73757387772368
6.10155575336571	6.2604422924243694	69.20581546407807	22.99789644780613	107.86545821947954	46.07591012759835	-2.497903947192902e-6	15.88861276612558	36.86419063500189	50.372707769087
7.058571099926227	6.2662957043973	69.04786336414084	22.9950099622484	107.89187592005108	46.383984441963044	-2.497903947192902e-6	-8.444057691814768e-5	36.709434532826734	49.935712892554214
9.80006247579956	6.272593362561303	68.8905744601048	22.992188425728386	107.89187537364516	46.71544013480534	-2.497903947192902e-6	-8.444057691814768e-5	36.555275483409545	49.479753158353354
14.314517218396407	6.278833640166919	68.73394619430377	22.989431421836525	107.89187482723925	47.043875798258824	-2.497903947192902e-6	-8.444057691814768e-5	36.40171134976768	49.02988908347934
20.57993154983987	6.285017303331635	68.5779760152758	22.98673777388826	107.89187428083333	47.36933175429651	-2.497903947192902e-6	-8.444057691814768e-5	36.248740759867765	48.58602352783037
28.565767405176516	6.291145105969634	68.42266137748138	22.984106325687126	107.89187373442743	47.691847682612206	-2.497903947192902e-6	-8.444057691814768e-5	36.096362327139936	48.148060985873755
38.2331012696099	6.29721778999711	68.26799974136503	22.981535941171916	107.89187318802153	48.01146263142673	-2.497903947192902e-6	-8.444057691814768e-5	35.9445746508913	47.71590755873954
49.53481390337574	6.303236085534087	68.11398857341504	22.97902550406995	107.89187264161562	48.32821502810975	-2.497903947192902e-6	-8.444057691814768e-5	35.79337631671163	47.289470926792326
62.41581999594494	6.3092007111027835	67.96062534622155	22.97657391755626	107.89187209520972	48.64214268962007	-2.497903947192902e-6	-8.444057691814768e-5	35.6427658968715	46.86866032267321
73.21349486377856	6.315112520363771	70.43592472288854	22.974316917520245	103.80632560851716	48.953290545461485	1388.785033859625	-8.444057691814768e-5	38.115377051265746	46.46021985782331
78.66881110343544	6.320975905118307	76.10378756327017	22.973175988980632	94.73079011167144	49.26188974306866	1282.5117334972501	-8.444057691814768e-5	43.77306544340272	46.1100041931157
83.24892906489272	6.326798987387748	81.03167954979529	22.97324820851563	86.76906425878538	49.56836775724973	1108.624720963326	-8.444057691814768e-5	48.69104924279407	45.82246105639361
87.1485016883885	6.332589122923167	85.23727527507384	22.97435826246574	79.89872945482111	49.87311173279817	955.6131700719483	-8.444057691814768e-5	52.887142727153794	45.58845697712785
90.4621358121938	6.3383525678594665	88.81486112372644	22.976349890361426	73.97785812271339	50.17645093997178	823.6373076482896	-8.444057691814768e-5	56.455600033298424	45.3998661250971
93.27553215650308	6.344094620978868	91.85373237554593	22.979088401534785	68.87165775130734	50.478664262045534	710.899853893203	-8.444057691814768e-5	59.48567262875362	45.24968902779481
95.66377800359025	6.34981976045135	94.43367330179349	22.98245877810218	64.45954172678171	50.77998739217616	615.0523143130127	-8.444057691814768e-5	62.05710032304522	45.13195088254052
97.69121589144649	6.3555317657076635	96.62383030759261	22.98636325553349	60.63694768855273	51.08061924777166	533.6927553415563	-8.444057691814768e-5	64.23898907391133	45.041574491290184
99.41228625571601	6.361233822995616	98.48309239599313	22.990718871726187	57.314816846598994	51.380727526084954	464.5968932760696	-8.444057691814768e-5	66.09019313799094	44.97425243652762
100.87273402949432	6.366928615321623	100.06112117973187	22.995455206031753	54.41805950351582	51.680453437980006	405.80638829584603	-8.444057691814768e-5	67.66034528313385	44.92632953550537
102.11087264362321	6.372618398390147	101.39958220267702	23.000512391636153	51.88370023294163	51.97991570474443	355.64518388772234	-8.444057691814768e-5	68.9910876357693	44.8946996622992
103.15876261986367	6.378305064423113	102.53335860424896	23.005839414837787	49.65904225210851	52.27921391700578	312.7019712219695	-8.444057691814768e-5	70.11728462017078	44.876717520732676
104.04324993296204	6.383990195698377	103.49165101050124	23.011392682315787	47.70000074458839	52.57843135254602	275.7994246450249	-8.444057691814768e-5	71.06812208401736	44.87012433086932
104.78685188333982	6.389675109467882	104.29893143685332	23.0171348247483	45.969656053430235	52.87763734041463	243.9601866578806	-8.444057691814768e-5	71.86806049112272	44.87298576401995
105.40849921283919	6.3953608956934405	104.97574999090025	23.02303370234418	44.43702961467426	53.176889247022935	216.37457438409177	-8.444057691814768e-5	72.53764100654294	44.883640332536174
105.92415092161448	6.4010484488158905	105.53940709300875	23.029061579696506	43.07606382373142	53.476234148204526	192.37187771749137	-8.444057691814768e-5	73.09415719891437	44.900656544029694
106.34730057689761	6.4067384945710915	106.00450880494903	23.035194441091196	41.86477935561331	53.77571024058352	171.3958493889073	-8.444057691814768e-5	73.55220994396986	44.92279732600406
106.6893918950858	6.412431612690818	106.38342343546297	23.041411421611453	40.78458244057403	54.075348036358605	152.98419322602038	-8.444057691814768e-5	73.92416368647854	44.9489904460307
106.96015944778689	6.418128256178563	106.68665615180359	23.04769433341399	39.819696715938406	54.375171377818816	136.7516114062591	-8.444057691814768e-5	74.2205207768359	44.97830386177039
107.16790813840439	6.423828767727259	106.92315615575058	23.054027270143486	38.95669754125167	54.67519830143438	122.3759547415027	-8.444057691814768e-5	74.45022842874955	45.009925120810536
107.31974257044816	6.4295333937447765	107.10056874037741	23.06039627551908	38.18413005661406	54.97544177604052	109.58687844997259	-8.444057691814768e-5	74.620930603651	45.043144088714634
107.42175569475785	6.43524229637025	107.2254423923986	23.06678906468682	37.49219553050668	55.275910335275995	98.15661459423106	-8.444057691814768e-5	74.73917497775622	45.0773384158277
107.47918426608645	6.440955563796739	107.30339927373748	23.073194789037096	36.872493325759066	55.57660862088073	87.89245958908106	-8.444057691814768e-5	74.81058331806422	45.11196126201707
107.49653725512572	6.446673219160592	107.33927584923578	23.07960383690289	36.31780819528073	55.8775378505572	78.63066635955089	-8.444057691814768e-5	74.83999202827634	45.146530887114
107.47770201814784	6.452395228212914	107.33723915202994	23.086007663946518	35.8219345592185	56.178696221732054	70.23139647355289	-8.444057691814768e-5	74.83156835138068	45.18062178667922
107.42603245728374	6.458121505951773	107.30088308654514	23.092398648169368	35.3795310775428	56.480079260619405	62.57464878390272	-8.444057691814768e-5	74.78890662512556	45.213857110879005
107.34442217617848	6.463851922363613	107.23330835933179	23.098769965388296	34.98600006305935	56.781680124400516	55.556871837937436	-8.444057691814768e-5	74.71510817758838	45.245902151233004
107.23536532760866	6.469586307397594	107.13718890722286	23.105115481757323	34.63738737775093	57.08348986303113	49.08817360750242	-8.444057691814768e-5	74.61284773000558	45.2764587179853
107.10100723981813	6.475324455276107	107.01482714756224	23.111429660507092	34.330299284056395	57.385497646110764	43.090009542526	-8.444057691814768e-5	74.48442862979564	45.305260261548014
106.94318651366223	6.4810661282278	106.8681999262698	23.117707480553978	34.06183340602764	57.68769095935784	37.49325711077347	-8.444057691814768e-5	74.33182878813966	45.332067616307626
106.76346991573122	6.486811059715343	106.69899668093461	23.123944365019234	33.82952150092286	57.99005577449171	32.236580812870415	-8.444057691814768e-5	74.15673883823901	45.356665265193314
106.56318123715056	6.492558957218329	106.50865103418012	23.130136118012263	33.631282201638314	58.29257669570157	27.26506489978214	-8.444057691814768e-5	73.96059372871055	45.378858039695096
106.34342495352281	6.498309504621815	106.2983668037671	23.136278868285775	33.465382238361265	58.59523708535869	22.5290382924236	-8.444057691814768e-5	73.74459873800544	45.39846818319616
106.1051053950134	6.504062364252509	106.06913921601301	23.142369018575188	33.33040495237454	58.89801917118463	17.983052914762	-8.444057691814768e-5	73.50975069604583	45.4153327161322
105.84894200167211	6.509817178597435	105.82177194643221	23.148403199598604	33.2252251628876	59.200904136707024	13.584991034525562	-8.444057691814768e-5	73.25685503676017	45.42930105005669
105.57548109950082	6.5155735717336105	105.5568904774272	23.154378227824242	33.148989652281436	59.503872196505704	9.295274451386296	-8.444057691814768e-5	72.98653917126053	45.440232804529884
105.28460475981952	6.52133115049181	105.2749356530741	23.16029106617381	33.101128328542295	59.806902657463574	4.83451678729695	-8.444057691814768e-5	72.69924609471097	45.447995784098296
104.69127557172858	6.527089503179931	104.96657825964816	23.166137693974964	33.0962753673655	60.109973851575134	-8.725179088677512e-5	-8.444057691814768e-5	72.38566922721886	45.45240953975016
103.13371887289998	6.532848195782484	104.65645138551733	23.171915620590973	33.096275386111095	60.41306293592004	-8.725179088677512e-5	-8.444057691814768e-5	72.07039497497651	45.45337124042294
100.60101423330472	6.538606795243091	104.34767516948595	23.177625823264563	33.09627540485669	60.71614711805725	-8.725179088677512e-5	-8.444057691814768e-5	71.75653627367414	45.450951401072096
97.14247974733154	6.544364877746029	104.04024354877986	23.18326932858405	33.09627542360228	61.019204091896086	-8.725179088677512e-5	-8.444057691814768e-5	71.4440860480997	45.44522254189952
92.82546173600633	6.550122028580486	103.73415049090242	23.18884714610775	33.096275442347874	61.322212030551775	-8.725179088677512e-5	-8.444057691814768e-5	71.13303727025426	45.43625587636166
87.7340233371006	6.555877841976452	103.42938999343275	23.194360268653664	33.09627546109347	61.625149577707866	-8.725179088677512e-5	-8.444057691814768e-5	70.82338295886146	45.42412133385904
81.96730759483127	6.5616319209434435	103.12595608382613	23.199809672584177	33.09627547983906	61.92799583912847	-8.725179088677512e-5	-8.444057691814768e-5	70.51511617888427	45.4088875820352
75.63760689725449	6.5673838771120385	102.82384281921676	23.20519631808591	33.09627549858465	62.23073037431769	-8.725179088677512e-5	-8.444057691814768e-5	70.20823004104886	45.390622048692016
68.86817634951211	6.573133330578175	102.5230442862217	23.210521149444762	33.09627551733025	62.533333188324896	-8.725179088677512e-5	-8.444057691814768e-5	69.9027177013743	45.369390943327765
61.790833740505654	6.578879909750128	102.22355460074807	23.215785095316253	33.09627553607584	62.835784723690836	-8.725179088677512e-5	-8.444057691814768e-5	69.5985723607105	45.34525927830461
54.5433925939698	6.5846232511981695	101.92536790780098	23.220989068991233	33.096275554821425	63.138065852535114	-8.725179088677512e-5	-8.444057691814768e-5	69.29578726428129	45.31829088965168
47.26697871550801	6.590362999506828	101.62847838129431	23.226133968657063	33.09627557356702	63.44015786878029	-8.725179088677512e-5	-8.444057691814768e-5	68.9943557012349	45.28854845751014
40.103282170053866	6.596098807129722	101.33288022386301	23.231220677654278	33.096275592312615	63.742042480511515	-8.725179088677512e-5	-8.444057691814768e-5	68.69427100420043	45.256093526226344
33.191798068426806	6.601830334246913	101.03856766667717	23.236250064728925	33.0962756110582	64.04370180246896	-8.725179088677512e-5	-8.444057691814768e-5	68.39552654885064	45.22098652409908
26.667110345515436	6.607557248624745	100.74553496925837	23.241222984280512	33.0962756298038	64.34511834867062	-8.725179088677512e-5	-8.444057691814768e-5	68.09811575347102	45.183286782786986
20.656270841301268	6.613279225478114	100.45377641929743	23.24614027660578	33.096275648549394	64.64627502516372	-8.725179088677512e-5	-8.444057691814768e-5	67.8020320785347	45.14305255638174
15.276325777896643	6.618995947335138	100.16328633247424	23.25100276813823	33.09627566729498	64.94715512290186	-8.725179088677512e-5	-8.444057691814768e-5	67.50726902628355	45.100341040152976
10.632035649062178	6.6247071039041785	99.87405905227953	23.25581127168362	33.09627568604058	65.24774231074608	-8.725179088677512e-5	-8.444057691814768e-5	67.21382014031538	45.05520838897053
6.8138364851837245	6.6304123919431825	99.58608894983765	23.2605665866514	33.09627570478617	65.54802062858838	-8.725179088677512e-5	-8.444057691814768e-5	66.92167900517597	45.00770973540932
4.1594729470021425	6.62024019599559	99.29937036559349	23.265213481141057	33.9333393604707	65.01264189450448	-8.725179088677512e-5	246.076591187321	66.630895094264	45.7486642572721
2.4179136950836084	6.583436118135768	99.01389695388565	23.269485696381036	36.18172484740198	63.07558516504008	-8.725179088677512e-5	416.552108593192	66.3417278019009	47.80247891226226
1.4580252243326444	6.530117310731258	98.72966126587728	23.2731574236928	39.31593951823548	60.26933214375007	-8.725179088677512e-5	507.20907492783743	66.05439505208042	50.65200564807595
1.538133381859037	6.472666194869249	98.44665516333603	23.276121384177237	42.68760455661872	57.24558920364428	-8.725179088677512e-5	493.4531475889971	65.76899578758373	53.672759465398286
1.7619197267297897	6.418904138504179	98.16487036863049	23.278394714800566	45.884552340486614	54.41600728969328	-8.725179088677512e-5	465.698307465415	65.48550464454094	56.474528814818115
1.9731357681186263	6.368894923306056	97.88429881165177	23.280026415963782	48.901924360327136	51.78394333189728	-8.725179088677512e-5	439.5757818067189	65.20386466635539	59.056574632885194
2.172520630720716	6.32241096836302	97.60493266117261	23.281062804184966	51.75027954035699	49.33741938752698	-8.725179088677512e-5	414.9889000522063	64.92402181336104	61.43259179109617
2.3607696680166406	6.279238255985895	97.32676431128185	23.281547318937672	54.439551501727344	47.06517136767832	-8.725179088677512e-5	391.84672508490144	64.64592514206016	63.61545314758779
2.538537058270509	6.239175526065929	97.04978636849141	23.281520695355134	56.97908564821118	44.9566066350485	-8.725179088677512e-5	370.06371306751794	64.36952661989659	65.61725846445914
2.7064382465197734	6.202033518245939	96.77399163961607	23.281021126656885	59.377674051772104	43.00176411820693	-8.725179088677512e-5	349.5593934605925	64.09478095105717	67.4493804205461
2.8650522416814472	6.167634259071862	96.49937312037764	23.280084416907155	61.64358826836744	41.191276793255504	-8.725179088677512e-5	330.2580680270175	63.821645412645296	69.12250789176349
3.0149237773580158	6.135810391459609	96.22592398469155	23.278744124678312	63.784610206604135	39.5163363926106	-8.725179088677512e-5	312.0885276981353	63.550079700612116	70.64668666093397
3.1565653444473396	6.106404543960884	95.95363757459566	23.277031698160624	65.80806116502305	37.96866020846715	-8.725179088677512e-5	294.9837862393303	63.28004578486541	72.03135770998584
3.290459103186423	6.079268737459043	95.68250739078177	23.274976602227877	67.72082914700997	36.54045986626505	-8.725179088677512e-5	278.88082971523795	63.01150777300796	73.28539323844059
3.417058681747477	6.054263827084747	95.41252708369484	23.27260643793427	69.52939455502502	35.22441195182838	-8.725179088677512e-5	263.7203808217029	62.744431782196266	74.41713054247519
3.5367908681154856	6.031258977262071	95.14369044516596	23.26994705489196	71.2398543602823	34.01363038221385	-8.725179088677512e-5	249.44667720263442	62.47878581863681	75.4344038814935
3.650057201573557	6.010131167920854	94.87599140054718	23.26702265695176	72.85794483825472	32.901640416886615	-8.725179088677512e-5	236.0072629227056	62.21453966426698	76.34457445154423
3.757235469811254	5.990764730007627	94.6094240013181	23.263855901588673	74.38906295593611	31.882354210927343	-8.725179088677512e-5	223.35279230761324	61.95166477018913	77.15455857905127
3.8586811172063995	5.973050908571784	94.34398241813614	23.26046799336296	75.83828649015248	30.950047819567146	-8.725179088677512e-5	211.4368454245143	61.69013415646035	77.87085423955772
3.954728569567676	5.9568874517853265	94.07966093430431	23.256878771809745	77.21039295245643	30.09933956764833	-8.725179088677512e-5	200.21575450974095	61.429922317858946	78.49956600121989
4.045692480263298	5.942178224366999	93.81645393963136	23.253106794086143	78.50987739096533	29.325169703525837	-8.725179088677512e-5	189.64844069834595	61.17100513527475	79.0464284859562
4.131868902399323	5.928832843962812	93.55435592466098	23.24916941268725	79.74096913576567	28.622781261200217	-8.725179088677512e-5	179.69626044432482	60.91335979238903	79.51682843622099
4.213536391500822	5.916766339100319	93.29336147524805	23.24508284852841	80.90764755150138	27.987702057911115	-8.725179088677512e-5	170.32286104792558	60.65696469732507	79.91582547140337
4.290957042795951	5.905898827443655	93.03346526746078	23.24086225966746	82.01365685571751	27.41572776019192	-8.725179088677512e-5	161.4940447527462	60.40179940897546	80.24817161118916
4.36437746693668	5.896155213159021	92.77466206278989	23.236521805923054	83.06252005772792	26.902905955737513	-8.725179088677512e-5	153.17764091020996	60.147844567731454	80.51832963820063
4.434029707864003	5.8874649022394125	92.51694670364606	23.2320747096365	84.05755207097538	26.445521170494946	-8.725179088677512e-5	145.34338572551687	59.89508183034894	80.73049036985337
4.500132106175493	5.879761534746011	92.26031410912933	23.227533312801405	85.00187204685382	26.040080776105427	-8.725179088677512e-5	137.96280914502765	59.64349380871058	80.88858890276865
4.562890111269667	5.872982732949695	92.00475927105214	23.222909130779673	85.89841497677058	25.683301734194032	-8.725179088677512e-5	131.0091284559787	59.393064012248054	80.9963198914979
4.622497045371186	5.867069864408737	91.7502772502039	23.218212902811207	86.74994260679229	25.372098126775207	-8.725179088677512e-5	124.45714819173098	59.14377679380515	81.05715192012258
4.679134822234694	5.8619678191142635	91.49686317283921	23.213454639503972	87.5590537048424	25.103569427066066	-8.725179088677512e-5	118.28316597593283	58.89561729873784	81.07434101948441
4.7329746231819	5.857624799879127	91.24451222737915	23.208643667481706	88.32819371837391	24.874989467322035	-8.725179088677512e-5	112.46488395769855	58.648571417063394	81.05094338012796
4.784177533080756	5.853992125160277	90.99321966131131	23.203788671363466	89.05966385978614	24.683796061066747	-8.725179088677512e-5	106.98132549592792	58.40262573847099	80.9898273101585
4.832895138557594	5.851024043603383	90.74298077827713	23.19889773322786	89.7556296523124	24.527581242282896	-8.725179088677512e-5	101.81275679255482	58.157767510029295	80.89368448122273
4.87927009069911	5.848677559608939	90.49379093533658	23.1939783697127	90.41812896861978	24.40408208468056	-8.725179088677512e-5	96.94061317895871	57.913984596431106	80.76504050518705
4.923436634404441	5.846912269249326	90.24564554039591	23.18903756689419	91.04907959298164	24.311172065753517	-8.725179088677512e-5	92.34742977246424	57.67126544261658	80.60626488224221
4.965521106410513	5.845690205908439	89.99854004979359	23.184081813080795	91.65028633592554	24.24685294254897	-8.725179088677512e-5	88.01677623776837	57.429599038635615	80.41958035861674
5.00564240369893	5.844975695113786	89.75246996603079	23.179117129635703	92.22344772576005	24.20924711125144	-8.725179088677512e-5	83.9331954294614	57.18897488662192	80.20707172609478
5.043912424152196	5.844735217980995	89.50743083564002	23.174149099952615	92.77016230366385	24.196590420051912	-8.725179088677512e-5	80.08214567085572	56.949382969747994	79.97069409857994
5.080436481092037	5.8449372827638895	89.26341824718298	23.1691828966938	93.29193454566159	24.207225408625327	-8.725179088677512e-5	76.44994645516113	56.71081372304318	79.71228069649447
5.115313693189036	5.845552304047782	89.02042782936975	23.1642233073898	93.79018043276157	24.239594949882818	-8.725179088677512e-5	73.0237273738504	56.4732580059681	79.43355016709997
5.148637351228442	5.846552489124942	88.77845524929332	23.15927475849991	94.26623269046738	24.29223626973336	-8.725179088677512e-5	69.79138007762586	56.2367070766402	79.13611346874744
5.18049526314819	5.847911731112784	88.53749621076867	23.154341338027812	94.72134571789235	24.363775321725065	-8.725179088677512e-5	66.74151308443524	56.00115256760573	78.82148034575027
5.210970078683698	5.84960550840016	88.29754645277623	23.149426816781613	95.15670022554247	24.452921494744782	-8.725179088677512e-5	63.8634092596219	55.76658646306856	78.49106541907156
5.24013959468944	5.851610790089877	88.0586017479973	23.144534668349475	95.57340759705306	24.55846263630889	-8.725179088677512e-5	61.146985828019524	55.53300107749292	78.14619391297882
5.268077042363371	5.853905947056631	87.82065790143993	23.139668087872757	95.97251399239494	24.679260371401163	-8.725179088677512e-5	58.58275675730177	55.300389035496266	77.7881070408053
5.294851357473332	5.856470668279156	87.58371074914805	23.134830009689953	96.35500420825153	24.81424569890253	-8.725179088677512e-5	56.16179736855823	55.068743252952274	77.41796707053878
5.320527434533993	5.859285882152151	87.3477561569895	23.130023123914725	96.7218053091181	24.96241485011279	-8.725179088677512e-5	53.87571104979167	54.83805691923639	77.03686208812753
5.345166365880334	5.862333682484289	87.11279001951765	23.125249892011094	97.07379004263726	25.122825393909526	-8.725179088677512e-5	51.71659794837138	54.60832348054554	76.64581047633922
5.3688256665721	5.8655972588921745	86.87880825890362	23.12051256142821	97.41178005251963	25.294592573271917	-8.725179088677512e-5	49.67702551998323	54.379536624227036	76.24576512680063
5.391559485997239	5.86906083132091	86.64580682393154	23.115813179352422	97.73654890145019	25.47688585899484	-8.725179088677512e-5	47.75000082034288	54.15169026405109	75.83761740157449
5.413418806964946	5.872709588445649	86.41378168905719	23.111153605629607	98.04882491527458	25.66892570766531	-8.725179088677512e-5	45.928944436046095	53.92477852637491	75.42220085919679
5.434451632916597	5.876529629759279	86.18272885352312	23.106535524899428	98.34929385744101	25.8699805136458	-8.725179088677512e-5	44.207665972244	53.698795737149474	75.00029475700639
5.454703164077589	5.880507911090636	85.95264434052807	23.101960457996544	98.6386014454552	26.079363741612017	-8.725179088677512e-5	42.58034098928053	53.47373640971218	74.57262734529432
5.474215963180776	5.884632193357507	85.7235241964473	23.097429772660778	98.91735571835787	26.296431229342016	-8.725179088677512e-5	41.04148930564881	53.249595233319965	74.13987896516242
5.493030111343882	5.888890994373621	85.49536449010044	23.09294469359504	99.1861292635451	26.52057865124277	-8.725179088677512e-5	39.585954590949655	53.02636706238072	73.7026849610698
5.511183354683462	5.893273543528815	85.26816131206455	23.088506311909896	99.44546131125338	26.75123913309507	-8.725179088677512e-5	38.208885172511046	52.80404690634206	73.26163841905306
5.528711242243293	5.897769739162937	85.04191077402966	23.084115593993268	99.69585970496523	26.987881008575176	-8.725179088677512e-5	36.90571597994018	52.58262992019608	72.81729274151562
5.5456472557702305	5.902370108468167	84.81660900819139	23.079773389840735	99.93780275535005	27.230005708850456	-8.725179088677512e-5	35.6721515577695	52.362111395559616	72.37016406862745
5.562022931837974	5.907065769764143	84.59225216668447	23.075480440879954	100.17174098488924	27.477145777059707	-8.725179088677512e-5	34.504150080592744	52.1424867523	71.92073355578951
5.577867976666556	5.9118483970382485	84.36883642104802	23.071237387312156	100.3980987681547	27.728863002012627	-8.725179088677512e-5	33.39790832514508	51.92375153067458	71.46944951369436
5.5932103741568024	5.916710186589682	84.14635796172483	23.067044775005478	100.61727587515823	27.98474666261434	-8.725179088677512e-5	32.34984753126363	51.70590138395153	71.01672942078882
5.608076487544163	5.921643825651843	83.92481299759125	23.062903061966985	100.82964892354909	28.244411876412354	-8.725179088677512e-5	31.356600098743826	51.48893207148137	70.5629618157561
5.622491155019732	5.926642462885099	83.70419775551552	23.058812624416586	101.03557274462865	28.507498046583716	-8.725179088677512e-5	30.41499707451251	51.27283945219462	70.10850807657337
5.636477779666525	5.931699680631854	83.4845084799438	23.054773762486	101.23538166815426	28.77366740167608	-8.725179088677512e-5	29.52205638450869	51.05761947850087	69.65370409270635
5.650058414059097	5.936809468825935	83.26574143251118	23.05078670556596	101.4293907309053	29.042603622417158	-8.725179088677512e-5	28.674971764659528	50.84326819056417	69.1988618370003
5.663253839862802	5.941966200451884	83.04789289167654	23.04685161732404	101.61789681381536	29.314010550098683	-8.725179088677512e-5	27.871102346883973	50.6297817109307	68.74427084360678
5.676083642743624	5.9471646084576655	82.83095915237936	23.04296860041382	101.80117971211281	29.587610971455586	-8.725179088677512e-5	27.10796285937989	50.417156239486644	68.29019959780662
5.688566282843221	5.952399764041724	82.61493652571859	23.039137700892322	101.97950314210706	29.863145475879723	-8.725179088677512e-5	26.383214407826074	50.205388048728885	67.83689684252893
5.700719161036163	5.957667056247141	82.39982133864999	23.03535891236015	102.15311568772053	30.140371381427975	-8.725179088677512e-5	25.69465580907345	49.99447347933125	67.3845928056494
5.712558681290335	5.962962172763191	82.18560993370255	23.031632179845662	102.32225169135155	30.419061724378	-8.725179088677512e-5	25.040215435261345	49.78440893598499	66.93350035412247
5.724100309343146	5.968281081868341	81.9722986687122	23.02795740344741	102.487132092106	30.699004308859582	-8.725179088677512e-5	24.417943540495216	49.57519088349786	66.48381607895233
5.735358627895312	5.973620015452096	81.75988391657125	23.02433444174815	102.64796521427981	30.98000081326775	-8.725179088677512e-5	23.826005043654117	49.366815843136905	66.03572131480165
5.746347388523875	5.97897545305308	81.54836206499374	23.020763115013917	102.80494750897356	31.261865950161628	-8.725179088677512e-5	23.262672740896207	49.159280389201484	65.5893830980409
5.757079560516261	5.984344106850754	81.33772951629459	23.017243208191523	102.95826425172191	31.544426676355023	-8.725179088677512e-5	22.7263209214251	48.95258114581151	65.14495506703747
5.7675673768219	5.989722907549749	81.12798268718316	23.01377447371759	103.10809019894533	31.827521449986293	-8.725179088677512e-5	22.21541936076064	48.74671478389785	64.70257830839094
5.777822377299356	5.995108991101741	80.91911800856604	23.01035663415085	103.25459020576614	32.11099953167011	-8.725179088677512e-5	21.728527668214245	48.541678018378505	64.26238215245438
5.787855449415598	6.000499686215975	80.71113192536636	23.00698938463831	103.39791980742675	32.39472032715614	-8.725179088677512e-5	21.264289968013493	48.33746760551708	63.82448492111558
5.797676866498117	6.005892502627535	80.50402089635035	23.003672395221688	103.53822576574845	32.67855276986982	-8.725179088677512e-5	20.82142990091756	48.13408034044783	63.38899462970665
5.807296323739952	6.011285120061054	80.29778139396585	23.000405312997657	103.67564658348896	32.96237474005502	-8.725179088677512e-5	20.3987459200859	47.93151305485854	62.95600964682914
5.816722972084985	6.016675377850443	80.09240990418992	22.997187764140186	103.81031298841799	33.246072518443896	-8.725179088677512e-5	19.99510686452149	47.72976261482016	62.52561931448608
5.825965450106592	6.022061265179531	79.88790292638565	22.994019355792577	103.94234838872666	33.529540272606404	-8.725179088677512e-5	19.609447795269602	47.52882591875562	62.09790453065122
5.8350319139929345	6.027440911908484	79.68425697316731	22.99089967783666	104.07186930138869	33.81267957413029	-8.725179088677512e-5	19.240766079530744	47.32869989553963	61.67293829640766
5.843930065752159	6.032812579950866	79.48146857027359	22.98782830454666	104.1989857550919	34.095398944781934	-8.725179088677512e-5	18.888117707846423	47.12938150272154	61.250786229788766
5.852667179750735	6.038174655166184	79.2795342564485	22.98480479613528	104.32380166935727	34.37761342979866	-8.725179088677512e-5	18.550613829520604	46.93086772486356	60.831507048453716
5.861250127689621	6.043525639735554	79.07845058332745	22.98182870019884	104.44641521134133	34.65924419660762	-8.725179088677512e-5	18.227417492569078	46.7331555719847	60.415153023163136
5.8735122761089835	6.048865221942558	78.87821411533267	22.9788995532618	104.56686244401794	34.940274839081496	-8.725179088677512e-5	17.535160871333137	46.5362420779151	60.00171656596091
6.851961169621519	6.055897721521683	78.67882143770953	22.976024051047926	104.59524073397925	35.31040639587758	-8.725179088677512e-5	-0.0001402007888843977	46.34011715235696	59.506316476310985
9.546910510490148	6.063404145359296	78.48026921060132	22.97321748221133	104.59524038090747	35.7054813346993	-8.725179088677512e-5	-0.0001402007888843977	46.14476220398209	58.99066684260043
13.947212719272887	6.07084566266228	78.28255413544916	22.97047939351757	104.59524002783569	36.097140140119535	-8.725179088677512e-5	-0.0001402007888843977	45.95017439314535	58.48168654276328
20.031420416897273	6.078223111727832	78.08567292271674	22.967808522434122	104.5952396747639	36.485426933043314	-8.725179088677512e-5	-0.0001402007888843977	45.75635169688889	57.97927053531328
27.76987876267774	6.085537317656856	77.88962229158253	22.965203628467535	104.59523932169212	36.87038513983406	-8.725179088677512e-5	-0.0001402007888843977	45.56329207895714	57.483315540532686
37.124869987596284	6.092789092575267	77.69439896999589	22.962663492783683	104.59523896862034	37.25205750396097	-8.725179088677512e-5	-0.0001402007888843977	45.3709934902318	56.99372001041946
48.05079724136347	6.099979235851513	77.4999996947313	22.960186917834523	104.59523861554855	37.63048609744759	-8.725179088677512e-5	-0.0001402007888843977	45.179453869158515	56.51038409914934
60.4944068268501	6.107108534310383	77.30642121144102	22.957772726991294	104.59523826247677	38.005712332124965	-8.725179088677512e-5	-0.0001402007888843977	44.988671142165444	56.033209634044375
74.39504776766157	6.1141777624431795	77.11366027470564	22.955419764183965	104.59523790940499	38.377776970693205	-8.725179088677512e-5	-0.0001402007888843977	44.79864322407358	55.56210008703817
83.37881997167153	6.121188101985791	80.7139531256504	22.953407592404776	98.69719398077993	38.74674220977807	1332.43332148635	-0.0001402007888843977	48.393758017211276	55.11097452094796
88.21638646241972	6.1281450523366345	85.88110069349555	22.952571274957585	90.33230073541122	39.11289749140143	1167.642782937858	-0.0001402007888843977	53.55142656540724	54.721311131046185
92.31372076240645	6.135056388487682	90.30081959576299	22.95284426930078	83.09628722071963	39.47665202566703	1006.4504817975001	-0.0001402007888843977	57.96205122401427	54.38939404065353
95.7938877415218	6.141928872483583	94.05899868584426	22.954062137343193	76.86049328731796	39.83836170966189	867.4444263145439	-0.0001402007888843977	61.711513521458244	54.10666324297906
98.74735880875757	6.148768255429547	97.2498886108776	22.95608272640818	71.48263750816136	40.19832923313371	748.7349974157473	-0.0001402007888843977	64.89401784877198	53.86572354893002
101.25326012102279	6.155579421346669	99.95760996137349	22.95878464075902	66.83557468070957	40.55681164982437	647.8249783004102	-0.0001402007888843977	67.59363804452555	53.660260970615944
103.37935269098215	6.162366515707813	102.25500615554459	22.96206467135527	62.80914995304598	40.91402714251608	562.1731661945464	-0.0001402007888843977	69.88317513392161	53.48490778237139
105.18294810572603	6.169133056683791	104.20408384293016	22.965835203322477	59.3095891311717	41.27016087809393	489.4320298737036	-0.0001402007888843977	71.82459944072637	53.33510733193271
106.71219376541195	6.175882029895269	105.85711851400565	22.970021829887354	56.25785040974327	41.62536999448745	427.5375241789469	-0.0001402007888843977	73.47015637137567	53.20698999960275
108.00741099422154	6.182615968398651	107.25796171426568	22.974561257488585	53.587654790893914	41.979787810454965	374.72453845373013	-0.0001402007888843977	74.8636731105561	53.09726445449512
109.10233918970873	6.1893370199031095	108.44332405218282	22.979399514622447	51.24354538180619	42.333527363321146	329.50746723875744	-0.0001402007888843977	76.0418408558488	53.003124735965166
110.02523036394486	6.196047003162433	109.44393543020834	22.984490443607637	49.179129192441664	42.68668437696986	290.6473653440569	-0.0001402007888843977	77.03537423812458	52.92217202225809
110.79978208539356	6.202747455293309	110.2855500693116	22.989794441483898	47.35555274822851	43.039339752279105	257.11590651678966	-0.0001402007888843977	77.87001559663454	52.85234930952748
111.44591847202265	6.209439671534951	110.98979584692604	22.99527741355384	45.74021331117727	43.39156165973393	228.06121102410955	-0.0001402007888843977	78.56738366604023	52.79188710094243
111.9804372248774	6.216124738730046	111.57488169262481	23.000909905147658	44.305685360710974	43.743407301581094	202.77766460210174	-0.0001402007888843977	79.14568042662403	52.739258320878484
112.4175421504622	6.222803563593577	112.05618185116433	23.006666381176252	43.02883400713473	44.094924399661735	180.68004812473865	-0.0001402007888843977	79.62027492014789	52.693140879131896
112.76928029421778	6.229476896651247	112.44671618772358	23.012524627502568	41.89008631530826	44.44615245532865	161.28195172289122	-0.0001402007888843977	80.00418319383346	52.65238654256393
113.04590037768449	6.236145352573353	112.75754420189124	23.018465252423578	40.87283373492512	44.79712381965005	144.17798637241776	-0.0001402007888843977	80.30846202541692	52.61599499250939
113.25614661938519	6.242809427500574	112.99808812835636	23.024471270341525	39.96294227781686	45.14786460529327	129.0291439902206	-0.0001402007888843977	80.54253179442605	52.58309214204595
113.40750008529979	6.249469513851656	113.17639803674645	23.030527752934262	39.14835081738823	45.49839546587655	115.55092275246857	-0.0001402007888843977	80.71444140101026	52.5529119541286
113.50637707586192	6.256125913015947	113.29936967244286	23.036621535828406	38.41874117760197	45.84873226399718	103.50360018532267	-0.0001402007888843977	80.83108596468522	52.5247811406212
113.55829268335503	6.26277884626266	113.37292377873696	23.04274097099438	37.765266722492555	46.19888664540311	92.6843507848192	-0.0001402007888843977	80.89838603567136	52.49810623658448
113.56799580177847	6.269428464140763	113.40215403550059	23.0488757168873	37.18032859732627	46.54886653372431	82.9207816147127	-0.0001402007888843977	80.92143544771801	52.472362637325205
113.53958092927131	6.2760748545961365	113.3914493597397	23.05501655982209	36.65739088813095	46.89867655769135	74.06568324158346	-0.0001402007888843977	80.90462355281213	52.4470852612959
113.4765808247785	6.282718049993915	113.34459523221123	23.06115526125515	36.19082761086028	47.24831842073232	65.99269475942786	-0.0001402007888843977	80.85173649796029	52.421860563059774
113.3820435317843	6.289358033202261	113.2648577901874	23.06728442660142	35.775795848684055	47.59779122117162	58.592769274236474	-0.0001402007888843977	80.76604128102407	52.39631966995624
113.25859639369848	6.295994742867745	113.1550537234782	23.073397391988188	35.40813042512278	47.9470917298813	51.77123358591533	-0.0001402007888843977	80.65035562024968	52.370132456020166
113.10849932848808	6.302628077991012	113.01760841064787	23.079488125970943	35.08425641465648	48.29621463110583	45.4453573958959	-0.0001402007888843977	80.50710607253201	52.34300239899486
112.93368910914008	6.309257901893582	112.85460427025565	23.085551143741455	34.801116495441626	48.64515273124102	39.54231791800104	-0.0001402007888843977	80.3383763737668	52.31466209239196
112.7358160929354	6.3158840456518055	112.66782091809252	23.091581431765775	34.55611073307188	48.99389713956854	33.99748589721981	-0.0001402007888843977	80.14594759114462	52.284869305696866
112.51627460854371	6.322506311061576	112.4587684099232	23.097574381120463	34.34704685847429	49.342437424293394	28.75299778602624	-0.0001402007888843977	79.93133136607078	52.2534035029424
112.2762278005101	6.329124473186938	112.2287146129093	23.10352572806149	34.17209946237158	49.69076174668083	23.756492276168547	-0.0001402007888843977	79.69579729026746	52.22006274372589
112.01662784746209	6.335738282536798	111.97870751904773	23.1094315005758	34.0297768795064	50.03885697562084	18.960062682951147	-0.0001402007888843977	79.44039522801609	52.184660901948405
111.73823196979772	6.342347466906444	111.70959317128542	23.115287969837468	33.91889475246686	50.38670878454963	14.319297731923767	-0.0001402007888843977	79.16597325493825	52.14702514654956
111.4416148175804	6.3489517329138705	111.42202970651542	23.12109160562811	33.838555519564665	50.73430173230895	9.792454008289903	-0.0001402007888843977	78.87319171745258	52.10699363571013
111.12585458167258	6.35555076725517	111.11641863871564	23.12683903452974	33.788256357886745	51.08161932921933	4.717869954280153	-0.0001402007888843977	78.56245469479649	52.064413363727084
110.47109751611669	6.362144235083387	110.78256761769435	23.132525743308825	33.783983069721465	51.428643951757046	-0.00014363527556989712	-0.0001402007888843977	78.22359468501567	52.01907541127031
108.79204772274731	6.368731776224715	110.44742737710995	23.138149046838826	33.78398309262313	51.7753566434059	-0.00014363527556989712	-0.0001402007888843977	77.883511307656	51.97086353070397
106.08507838890124	6.375313030388335	110.11374410135043	23.143709833449428	33.7839831155248	52.12173844149113	-0.00014363527556989712	-0.0001402007888843977	77.5449443791429	51.91984015305315
102.40290097771503	6.38188764543364	109.78151129512581	23.1492090293834	33.783983138426464	52.46777081229665	-0.00014363527556989712	-0.0001402007888843977	77.20788649275708	51.866069197486375
97.8172166987007	6.388455277244282	109.45072249484772	23.154647545622595	33.78398316132813	52.813435644435735	-0.00014363527556989712	-0.0001402007888843977	76.87233028864803	51.80961341891396
92.41732029249918	6.395015589581957	109.1213712684291	23.160026278147082	33.7839831842298	53.15871524115549	-0.00014363527556989712	-0.0001402007888843977	76.53826845337547	51.7505344282546
86.3083612551838	6.401568253942728	108.79345121508597	23.165346108189823	33.78398320713146	53.50359231277501	-0.00014363527556989712	-0.0001402007888843977	76.20569371945741	51.68889271235312
79.60929630535618	6.408112949415854	108.46695596514103	23.170607902486992	33.78398323003313	53.84804996925536	-0.00014363527556989712	-0.0001402007888843977	75.87459886492437	51.624747653555204
72.45057298586906	6.414649362545084	108.14187917982909	23.17581251352402	33.783983252934796	54.19207171289902	-0.00014363527556989712	-0.0001402007888843977	75.5449767128795	51.558157548945
64.97158960935047	6.421177187192353	107.81821455110467	23.18096077977742	33.78398327583646	54.53564143117635	-0.00014363527556989712	-0.0001402007888843977	75.21682013106532	51.489179629251495
57.31798064576127	6.427696124403867	107.49595580145115	23.186053525952488	33.783983298738136	54.87874338967705	-0.00014363527556989712	-0.0001402007888843977	74.89012203143596	51.4178700774292
49.638781021714344	6.434205882278512	107.17509668369166	23.191091563216926	33.7839833216398	55.2213622251847	-0.00014363527556989712	-0.0001402007888843977	74.56487536973545	51.34428404691886
42.083523968447736	6.44070617583856	106.85563098080245	23.196075689430472	33.78398334454147	55.56348293887146	-0.00014363527556989712	-0.0001402007888843977	74.241073145082	51.26847567959364
34.79932931201903	6.447196726902635	106.53755250572692	23.201006689370594	33.783983367443135	55.90509088961223	-0.00014363527556989712	-0.0001402007888843977	73.9187083995574	51.19049812339613
27.928038675863288	6.453677263960881	106.22085510119243	23.205885334954353	33.7839833903448	56.246171787414625	-0.00014363527556989712	-0.0001402007888843977	73.59777421780265	51.11040354967162
21.60345308021406	6.460147522052314	105.90553263952833	23.210712385456407	33.78398341324647	56.58671168696378	-0.00014363527556989712	-0.0001402007888843977	73.27826372661887	51.02824317020269
15.948728225467294	6.466607242644323	105.59157902248576	23.21548858772337	33.783983436148134	56.926696981280024	-0.00014363527556989712	-0.0001402007888843977	72.96017009457344	50.944067253950465
11.073974734598318	6.473056173514255	105.2789881810591	23.22021467638444	33.7839834590498	57.26611439548697	-0.00014363527556989712	-0.0001402007888843977	72.64348653161164	50.857925143507224
7.074117058688586	6.479494068633081	104.96775407530926	23.224891374058434	33.78398348195147	57.604950980688336	-0.00014363527556989712	-0.0001402007888843977	72.32820628867366	50.76986527126577
4.231393858118348	6.473342250504767	104.65787065906241	23.22948065028412	34.44720369349938	57.28117107919813	-0.00014363527556989712	224.19468593529214	72.01436128620603	51.30691998896571
2.4181960315352344	6.439435999484947	104.34933130013168	23.233729303816503	36.579621451127174	55.496631551839194	-0.00014363527556989712	402.1238434916214	71.70219760111308	53.21466521657576
1.4594649210515778	6.388552727043396	104.04212824501728	23.23740058170226	39.62133227965789	52.818564581231236	-0.00014363527556989712	492.90862729583193	71.39194377576362	55.942392732941194
1.552395928608675	6.333708374064238	103.73625302794753	23.240386124881397	42.89064810117186	49.9320196875914	-0.00014363527556989712	478.13109124220654	71.08369950405815	58.83388754085563
1.7692533408465008	6.282472977429081	103.4316970478173	23.24270367271558	45.9886111331408	47.2354198646884	-0.00014363527556989712	451.3218103549083	70.77743849810564	61.511534764322725
1.9739686150402782	6.234858968140507	103.12845190928753	23.24440063944552	48.91311505019476	44.72941937581608	-0.00014363527556989712	426.08888200667315	70.47310505972271	63.97708356524829
2.1672555361563295	6.190646579221425	102.82650945036934	23.2455217639218	51.67435678042407	42.40245153796963	-0.00014363527556989712	402.33895100315976	70.17064639366036	66.24375923501648
2.3497856191037734	6.149629141770623	102.52586172927091	23.24610900647007	54.281929393958976	40.24363904055902	-0.00014363527556989712	379.98419896333525	69.87001269740617	68.32399323497012
2.522190615701496	6.111612306949427	102.2265010119354	23.246201715674545	56.74485791678359	38.24275299733817	-0.00014363527556989712	358.9420158214433	69.5711569822964	70.22947043625366
2.685064872915582	6.076413314142987	101.9284197603242	23.245836785236158	59.071633019841954	36.390174428578185	-0.00014363527556989712	339.13469081939076	69.27403490527762	71.97117355465627
2.838967551188667	6.0438603025572615	101.63161062140028	23.245048801494477	61.27024270945745	34.67685802932946	-0.00014363527556989712	320.4891218335097	68.97860461068458	73.55942494685851
2.984424711146118	6.013791663679256	101.3360664167711	23.243870182166752	63.34820213742105	33.09429808838177	-0.00014363527556989712	302.93654194996395	68.6848265814416	75.00392592437244
3.1219312764886396	5.986055432175772	101.04178013295044	23.242331306825598	65.3125816423142	31.63449643030368	-0.00014363527556989712	286.41226226536344	68.39266349912671	76.31379373248907
3.2519528804590903	5.960508712936753	100.74874491220382	23.240460639608838	67.17003312760636	30.289932259829015	-0.00014363527556989712	270.8554299444165	68.10208011237036	77.49759633360183
3.374927602756048	5.93701714212946	100.45695404394128	23.238284844620296	68.92681487470576	29.053533796287283	-0.00014363527556989712	256.2088006339914	67.81304311309492	78.56338512453938
3.491267603397884	5.915454380244073	100.1664009566259	23.23582889445608	70.58881488387483	27.918651591793232	-0.00014363527556989712	242.4185243812692	67.52552102012969	79.51872571059798
3.601360659630509	5.895701635238876	99.87707921016741	23.233116172263134	72.16157283005519	26.879033433624922	-0.00014363527556989712	229.43394425748684	67.23948406976486	80.37072685121062
3.7055716116672093	5.877647213987871	99.58898248877006	23.230168567716625	73.65030071629377	25.928800736203595	-0.00014363527556989712	217.20740692871627	66.95490411282789	81.12606768643536
3.804243722689187	5.861186100345131	99.30210459421134	23.22700656727879	75.05990230232203	25.062426333954146	-0.00014363527556989712	205.69408446224458	66.67175451789689	81.79102334668055
3.897699958143732	5.846219558262198	99.01643943952195	23.223649339075475	76.3949913802441	24.27471359274714	-0.00014363527556989712	194.85180670849672	66.39001008028602	82.37148904066146
3.9862441891569027	5.832654758462828	98.73198104304527	23.220114812712094	77.65990896614653	23.560776761201378	-0.00014363527556989712	184.64090362724278	66.10964693646038	82.87300271246102
4.070162324514894	5.820404427292181	98.44872352285361	23.216419754326424	78.85873947126069	22.916022489062044	-0.00014363527556989712	175.02405697437888	65.83064248356018	83.30076635170991
4.149723375497298	5.809386516410537	98.16666109149988	23.212579837164252	79.99532591386647	22.33613244265978	-0.00014363527556989712	165.9661607879742	65.55297530372829	83.6596660376834
4.225180457601604	5.7995238920775085	97.88578805108295	23.208609707947545	81.07328422964227	21.8170469514477	-0.00014363527556989712	157.43419014424066	65.27662509294963	83.95429079349954
4.296771732796612	5.790744042897157	97.60609878861078	23.20452304927813	82.0960167324281	21.35494962616608	-0.00014363527556989712	149.39707770670472	65.00157259414448	84.18895031904631
4.3647212959070885	5.782978804905702	97.32758777164132	23.200332638317306	83.06672477686347	20.946252889773692	-0.00014363527556989712	141.82559759651159	64.72779953425562	84.36769167057798
4.429240008396759	5.776164102987358	97.05024954418575	23.196050401959607	83.98842066957306	20.58758436775557	-0.00014363527556989712	134.69225615571008	64.45528856509607	84.49431494861012
4.490526282655883	5.770239707653929	96.77407872285838	23.191687468708036	84.86393887327483	20.275774087048788	-0.00014363527556989712	127.97118919645483	64.184023207735	84.57238805270298
4.548766819784639	5.765149006259463	96.49906999325708	23.187254217450533	85.69594654654277	20.00784243470847	-0.00014363527556989712	121.63806534413261	63.913987800206264	84.60526055955118
4.604137303675938	5.760838787779414	96.22521810656276	23.182760323324857	86.48695345927561	19.780988830495325	-0.00014363527556989712	115.66999510699773	63.645167448341354	84.5960767772698
4.656803053861131	5.757259040389598	95.95251787634244	23.178214800836262	87.23932131906409	19.592581073136586	-0.00014363527556989712	110.04544534949686	63.37754797954722	84.54778802233088
4.706919639666456	5.754362761053805	95.68096417554537	23.17362604439817	87.95527254485444	19.440145318621205	-0.00014363527556989712	104.74415883538511	63.11111589934863	84.46316416721577
4.754633457936208	5.752105776419685	95.41055193368	23.169001866446337	88.63689852013661	19.321356653667532	-0.00014363527556989712	99.74707854499798	62.845858350532716	84.34480450133023
4.800082276441777	5.750446574364994	95.14127613416066	23.164349533268044	89.28616735593046	19.23403022973638	-0.00014363527556989712	95.03627648897184	62.581763074743264	84.19514794515028
4.843395745060176	5.749346145547205	94.87313181181572	23.15967579868537	89.90493119333617	19.176112923536945	-0.00014363527556989712	90.59488674535294	62.31881837637773	84.01648265690612
4.8846958766868775	5.7487678343466175	94.6061140505439	23.154986935723674	90.4949330737176	19.145675491927133	-0.00014363527556989712	86.40704246262422	62.05701308864307	83.81095506885052
4.924097499630949	5.748677198660142	94.34021798111308	23.150288766381983	91.05781340149007	19.140905192638943	-0.00014363527556989712	82.45781659956947	61.79633654164793	83.58057838608983
4.96170868312414	5.749041878039245	94.075438779092	23.14558668961421	91.59511602282137	19.16009884417065	-0.00014363527556989712	78.73316618816058	61.536778532413095	83.32724057874591
4.997631137645489	5.7498314696437784	93.81177166290637	23.14088570763468	92.10829394455492	19.20165629704084	-0.00014363527556989712	75.21987989647911	61.278329296678464	83.05271189954276
5.031960591482759	5.751017411570433	93.54921189201248	23.13619045064292	92.59871471365878	19.26407429318053	-0.00014363527556989712	71.90552870541745	61.02097948240489	82.7586519536221
5.06478714492215	5.752572873123784	93.28775476518197	23.1315052000605	93.06766547707863	19.345940690725325	-0.00014363527556989712	68.77841951681356	60.76472012487186	82.44661634683342
5.096195603438137	5.75447265160413	93.02739561888883	23.12683391037145	93.51635774159276	19.445929031796126	-0.00014363527556989712	65.82755151324935	60.50954262327097	82.11806293836364
5.126265791166348	5.756693075213708	92.76812982579493	23.122180229651953	93.94593185199577	19.562793432300282	-0.00014363527556989712	63.04257510138618	60.25543871870569	81.77435772191002
5.155072845809848	5.759211911724226	92.50995279332685	23.117547518866	94.35746120404576	19.695363774959137	-0.00014363527556989712	60.41375328808803	60.00240047351395	81.41678035708651
5.1826874959856735	5.762008282593142	92.25285996233858	23.112938869994142	94.75195620655757	19.84254118911258	-0.00014363527556989712	57.93192535739698	59.75042025184088	81.04652937004776
5.209176322175384	5.765062582167366	91.99684680585517	23.10835712307307	95.13036800926771	20.00329379828228	-0.00014363527556989712	55.58847269584829	59.49949070137948	80.66472704528292
5.2346020022021795	5.768356401688004	91.74190882789244	23.10380488220752	95.4935920096505	20.17665272042108	-0.00014363527556989712	53.375286645232535	59.24960473621263	80.2724240259736
5.259023542118791	5.77187245782162	91.48804156234836	23.099284530613485	95.84247115131637	20.361708306400892	-0.00014363527556989712	51.284738266933054	59.00075552069361	79.870603639591
5.282496493390062	5.775594525443666	91.23524057196128	23.094798244751672	96.17779902662026	20.557606602298087	-0.00014363527556989712	49.30964990201048	58.752936454301135	79.46018596539811
5.305073157215234	5.779507374411719	90.9835014473311	23.09034800760761	96.50032279555128	20.763546021669306	-0.00014363527556989712	47.443268416298636	58.5061411574088	79.04203165979227
5.326802776790507	5.783596710079949	90.73281980600011	23.085935621171775	96.81074593234091	20.978774214734013	-0.00014363527556989712	45.6792400255942	58.26036345791264	78.61694555458904
5.347731718134155	5.787849117361759	90.48319129158891	23.08156271816122	97.10973080867873	21.202585124302992	-0.00014363527556989712	44.01158661941052	58.015597378670485	78.18568003997066
5.36790364016865	5.792252008124935	90.23461157298492	23.07723077302901	97.39790112345723	21.43431621710171	-0.00014363527556989712	42.43468349227859	57.77183712570463	77.7489382452015
5.387359654759387	5.79679357170214	89.98707634358001	23.072941112308158	97.6758441890392	21.67334587905987	-0.00014363527556989712	40.943238390925345	57.52907707711775	77.30737703029868
5.406138477260048	5.801462728346041	89.74058132055416	23.068694924326653	97.94411308190577	21.919090965580967	-0.00014363527556989712	39.53227180524939	57.287311772682266	76.86160979902837
5.424276568108679	5.806249085460153	89.4951222442025	23.064493268329908	98.20322866545764	22.17100449790267	-0.00014363527556989712	38.197098431797464	57.046535904064605	76.41220914348541
5.441808266018624	5.811142896436531	89.2506948773028	23.060337083046853	98.45368149274256	22.42857349665938	-0.00014363527556989712	36.933309738440826	56.80674430564479	75.95970933051382
5.458765913288291	5.8161350219375425	89.00729500452253	23.056227194734678	98.69593359659495	22.691316944081038	-0.00014363527556989712	35.73675756157525	56.567931945896184	75.50460863985438
5.475179973721241	5.821216893469363	88.7649184318593	23.05216432473484	98.93042017420852	22.958783866808474	-0.00014363527556989712	34.60353867146235	56.330093919286014	75.04737156327138
5.49107914354878	5.826380479125259	88.52356098611699	23.04814909656661	99.1575511717448	23.23055153290824	-0.00014363527556989712	33.52998025429804	56.093225438673166	74.58843087206522
5.506490455736571	5.831618251380356	88.28321851441288	23.04418204258348	99.37771277442751	23.50622375686073	-0.00014363527556989712	32.51262626102874	55.857321828173184	74.12818956015384
5.5214393781452396	5.836923156791988	88.04388688371431	23.040263610223764	99.59126880883707	23.785429304841326	-0.00014363527556989712	31.548224561324965	55.62237851645775	73.66702267158641
5.5359499058795985	5.842288587501738	87.8055619804035	23.036394167877706	99.79856206218506	24.067820394828182	-0.00014363527556989712	30.6337148588641	55.388391030464994	73.20527901879605
5.5500446481509975	5.847708354438502	87.56823970986824	23.03257401039268	99.99991552320505	24.35307128623678	-0.00014363527556989712	29.76621732540049	55.15535498949669	72.74328279770654
5.563744909977243	5.853176662121818	87.33191599611753	23.028803364238073	100.19563354929426	24.640876953779795	-0.00014363527556989712	28.943021911107714	54.92326609968022	72.2813351058103
5.577070769043692	5.858688084965063	87.09658678142046	23.025082392351436	100.38600296452925	24.930951840266385	-0.00014363527556989712	28.161578288787293	54.69212014877161	71.81971536931626
5.5900411480242544	5.86423754498583	86.86224802596523	23.02141119868574	100.57129409282301	25.223028683464605	-0.00014363527556989712	27.419486392807602	54.46191300127707	71.35868268499314
5.602673882652434	5.869820290833306	86.62889570754064	23.017789832477114	100.75176173036841	25.516857412279116	-0.00014363527556989712	26.71448751473729	54.2326405938759	70.89847708218808
5.6149857857216725	5.875431878077204	86.39652582123486	23.014218292244916	100.92764605992897	25.812204109326387	-0.00014363527556989712	26.044455932203178	54.00429893112782	70.4393207083832
5.626992707289418	5.881068150672958	86.16513437915296	23.010696529542425	101.09917351089676	26.10885003541872	-0.00014363527556989712	25.407391035004142	53.77688408144777	69.98141894347103
5.638709591338462	5.886725223524531	85.9347174101508	23.007224452475057	101.26655756874025	26.40659071181726	-0.00014363527556989712	24.801409915256873	53.55039217332921	69.52496144752402
5.650150529083876	5.892399466086391	85.70527095958472	23.003801928998566	101.42999953653188	26.70523505717833	-0.00014363527556989712	24.224740396901574	53.324819391802684	69.07012314560642
5.661328809113083	5.89808748694647	85.4767910890761	23.000428790009742	101.58968925123484	27.004604576129893	-0.00014363527556989712	23.67571447998876	53.100161975116265	68.61706515316125
5.672256964546677	5.903786119331875	85.24927387628968	22.997104832242062	101.74580575742904	27.304532596414347	-0.00014363527556989712	23.1527621751699	52.876416211624495	68.165935645507
5.682946817407482	5.909492407479191	85.02271541472437	22.99382982097874	101.89851794115484	27.60486355153622	-0.00014363527556989712	22.65440570382092	52.65357843687201	67.71687067497501
5.693409520372317	5.915203593815193	84.79711181351719	22.990603492594804	102.04798512636675	27.905452306062646	-0.00014363527556989712	22.179254040937682	52.43164503086079	67.26999493897814
5.703655596075678	5.920917106895518	84.57245919725752	22.987425556939442	102.19435763641476	28.20616352081662	-0.00014363527556989712	21.725997778634124	52.21061241548723	66.8254225021937
5.713694974071685	5.926630550068281	84.34875370581241	22.984295699565603	102.33777732207201	28.506871056225183	-0.00014363527556989712	21.293404296309692	51.99047705214265	66.38325747486374
5.723537025590008	5.932341690820516	84.12599149416202	22.98121358381597	102.47837805804805	28.80745741160597	-0.00014363527556989712	20.880313219700952	51.771235439467254	65.94359464977015
5.733190596254178	5.938048450755212	83.90416873224423	22.97817885277637	102.61628621039334	29.107813197642592	-0.00014363527556989712	20.485632146753485	51.5528841112455	65.50652010105546
5.742664036869473	5.943748896165676	83.6832816048079	22.975191131103873	102.75162107632613	29.407836640298584	-0.00014363527556989712	20.10833262627035	51.33541963443528	65.07211174690742
5.751965232385298	5.949441229174682	83.46332631127441	22.972250026736383	102.88449529798076	29.70743311445681	-0.00014363527556989712	19.74744637558847	51.11883860732351	64.64043987808272
5.761101629136994	5.955123779405843	83.24429906560727	22.969355132490808	103.01501525157641	30.006514705570552	-0.00014363527556989712	19.402061723535034	50.90313765780099	64.21156765424584
5.7700802604720565	5.96079499615469	83.02619609618769	22.96650602755665	103.14328141350589	30.30499979761511	-0.00014363527556989712	19.071320264913393	50.68831344174767	63.785551570095706
5.778907770864846	5.966453441027052	82.80901364569917	22.963702278892058	103.26938870483146	30.602812685634174	-0.00014363527556989712	18.754413712870694	50.47436264152419	63.36244189324791
5.796074084534947	5.972101363958759	82.59274797101504	22.960943443495278	103.39323820970752	30.900071787302988	-0.00014363527556989712	17.602574639031467	50.261281963592694	62.94210397682369
6.817286477757762	5.979548785361941	82.3773953523715	22.958236971130958	103.41934127498247	31.29204133483878	-0.00014363527556989712	-0.00011926820785400306	50.049060260719216	62.43440928844892
9.530781758430255	5.987425539463117	82.1629521491282	22.95559826973382	103.4193414374657	31.70660734016386	-0.00014363527556989712	-0.00011926820785400306	49.837678522349805	61.908636513533324
13.92516406850172	5.995236104522898	81.94941476245823	22.95302678194896	103.41934159994892	32.11768971173125	-0.00014363527556989712	-0.00011926820785400306	49.62713371308323	61.38953387130132
19.97901491461836	6.0029813189861825	81.73677960383262	22.950521260019304	103.41934176243214	32.52533257821994	-0.00014363527556989712	-0.00011926820785400306	49.417423496819794	60.87699705165435
27.662827449791052	6.010662008193244	81.52504309477833	22.948080478003334	103.41934192491537	32.92957937859158	-0.00014363527556989712	-0.00011926820785400306	49.208545525723665	60.37092349050265
36.93915028226548	6.018278984599045	81.31420166692773	22.945703231399012	103.41934208739859	33.33047287363374	-0.00014363527556989712	-0.00011926820785400306	49.00049744064755	59.8712123399967
47.76277002719199	6.025833047988823	81.10425176206624	22.943388336774227	103.41934224988181	33.728055157306244	-0.00014363527556989712	-0.00011926820785400306	48.79327687154904	59.37776443926859
60.080931670495836	6.0333249856899895	80.89518983217825	22.94113463140352	103.41934241236504	34.122367667893954	-0.00014363527556989712	-0.00011926820785400306	48.58688143789906	58.890482285674864
73.83359570734368	6.0407555727804265	80.68701233949126	22.938940972911094	103.41934257484827	34.513451198969605	-0.00014363527556989712	-0.00011926820785400306	48.38130874908212	58.40927000653168
85.27443221266239	6.048125670592983	82.68042186140212	22.936908819081665	99.99847125577863	34.901351083841064	1297.0050908310347	-0.00011926820785400306	50.37276750730596	57.93915742443236
90.25977184523151	6.055439227081489	87.88591795383479	22.935893469714365	91.56078609396955	35.28627510955195	1186.926860899276	-0.00011926820785400306	55.56888671069913	57.522712131641754
94.42043048696891	6.062703849218037	92.37412765448455	22.936007676273725	84.20471891267366	35.66862364305452	1023.1513314430831	-0.00011926820785400306	60.048023930350254	57.165191352782344
97.95356913911513	6.069926446962735	96.1898653239462	22.93708573812445	77.86542947740722	36.04876036645964	881.8518227853681	-0.00011926820785400306	63.85506944692802	56.85796455808374
100.95147037662228	6.077112903505259	99.4290449119624	22.938983096909855	72.39812063587934	36.42699492132933	761.2126475308557	-0.00011926820785400306	67.08589003498271	56.59350967022781
103.49459351016677	6.084268220119985	102.17724611354468	22.941576319704684	67.67343797416052	36.803590532630736	658.6736135119476	-0.00011926820785400306	69.82601775832353	56.3654049792327
105.65180200040098	6.091396646932499	104.50851896431094	22.944760468338274	63.57940068558924	37.17877089118413	571.6414332459166	-0.00011926820785400306	72.14945957681921	56.1681910702864
107.48132097120956	6.098501796018868	106.48586907613073	22.948446454221845	60.020723783058735	37.55272610625622	497.72586274030493	-0.00011926820785400306	74.11918425340228	55.99723291014631
109.0320568180088	6.105586737697151	108.16240081748006	22.952558609061835	56.91711273690925	37.92561777353423	434.82791546525925	-0.00011926820785400306	75.7882656770643	55.848593568232126
110.34496331144221	6.112654081795734	109.58265544243407	22.957032554552836	54.20124690981117	38.297583252406966	381.15384970497524	-0.00011926820785400306	77.20122044698746	55.718923637852846
111.45430877315695	6.119706045941901	110.7839192531068	22.96181338219496	51.816800630001524	38.66873926010007	335.19467522596995	-0.00011926820785400306	78.3953152404312	55.60536681265084
112.38878893791494	6.126744512852199	111.79740433921131	22.966854121229957	49.71665382824198	39.03918488695792	295.69221455272424	-0.00011926820785400306	79.40174672453249	55.50548041888577
113.17247492527873	6.133771078406858	112.64927019375958	22.972114459935977	47.86134245039361	39.4090041266768	261.6022809604751	-0.00011926820785400306	80.2466624090058	55.41716907645383
113.82560656760172	6.1407870920482415	113.3614864909153	22.977559682994848	46.217749272529396	39.77826800253908	232.0599535440941	-0.00011926820785400306	80.95202276239586	55.33862954732813
114.36524913574938	6.147793690803535	113.95255144956113	22.983159789867518	44.75801373384512	40.14703635808083	206.34875829501487	-0.00011926820785400306	81.53631902165048	55.268304953197116
114.80583406671748	6.154791828014751	114.43808496754514	22.98888876322582	43.45863189252797	40.51535936919742	183.87446478705294	-0.00011926820785400306	82.01516587257439	55.20484676055121
115.15960265558046	6.1617822976712375	114.8313161836991	22.99472396105082	42.29971674544392	40.88327882480194	164.1431511415619	-0.00011926820785400306	82.40178864535778	55.14708316897679
115.43696979267871	6.1687657550815365	115.14348343028423	23.000645610353473	41.26439165802951	41.25082921481772	146.74309639813558	-0.00011926820785400306	82.70742297398304	55.093992763594336
115.64682233841006	6.175742734490046	115.38416217565894	23.006636384323834	40.33829320822526	41.618038657370796	131.32999657644726	-0.00011926820785400306	82.94164250632272	55.04468249168706
115.7967640131813	6.18271366413588	115.56153413008587	23.01268104799807	39.509163421475215	41.984929691362	117.61485674860405	-0.00011926820785400306	83.11262782643517	54.99836919310714
115.893316826918	6.189678879162994	115.68260837361841	23.01876616026862	38.76651488752434	42.351519955946884	105.35414185066844	-0.00011926820785400306	83.22738743847309	54.95436405527893
115.94208710028526	6.196638632718463	115.75340340126962	23.024879822311092	38.10135523376093	42.71782277465576	94.3417647086881	-0.00011926820785400306	83.29193969955966	54.91205947962875
115.94790259387736	6.203593105517044	115.7790973105638	23.03101146433342	37.50595997000126	43.08384765879158	84.40255685765096	-0.00011926820785400306	83.31146292038984	54.870917940816206
115.91492594291695	6.210542414102078	115.76415198253272	23.037151664038532	36.97368481012265	43.44960074221446	75.38689539298697	-0.00011926820785400306	83.29041947953539	54.83046249682011
115.84674881159145	6.217486617993598	115.71241595934703	23.043291991393087	36.49881032353113	43.81508515755765	67.16634132307964	-0.00011926820785400306	83.23265865065291	54.790268669971795
115.74647007395865	6.224425725882283	115.62720983810222	23.049424875265274	36.07641311350614	44.18030136222529	59.6300331290984	-0.00011926820785400306	83.14150195891935	54.749957469146814
115.61676082502323	6.231359701001476	115.51139724821489	23.055543488278357	35.70225886459184	44.54524742113018	52.68170360504297	-0.00011926820785400306	83.01981413167341	54.709189363841645
115.45991848260655	6.238288465787628	115.36744388873511	23.061641646859943	35.37271350084296	44.909919251980256	46.23721213660014	-0.00011926820785400306	82.8700621176401	54.66765905361321
115.27791176389512	6.245211905921465	115.19746662809521	23.06771372397861	35.08466941765827	45.27431083797172	40.22248310082796	-0.00011926820785400306	82.69436417576527	54.62509090285495
115.07241796657833	6.25212987382708	115.00327428314571	23.07375457247388	34.83548433688132	45.63841441195143	34.57175691717131	-0.00011926820785400306	82.49453064937329	54.58123493233765
114.84485382286577	6.259042191693537	114.78640137206067	23.079759457219968	34.62293082564461	46.00222061544914	29.22614060341656	-0.00011926820785400306	82.27209771940211	54.53586327631919
114.59640072966737	6.26594865407298	114.54813590006925	23.085723994634662	34.44515487756259	46.36571863541982	24.132329999929777	-0.00011926820785400306	82.02835519504472	54.48876702808168
114.32802524872965	6.272849030100163	114.28954200570651	23.0916440982626	34.300642307763404	46.72889632106114	19.24153671245373	-0.00011926820785400306	81.7643691691059	54.43975340811926
114.0404953458246	6.279743065370616	114.01147814384093	23.097515929337206	34.18819194343244	47.09174028266389	14.508516192696609	-0.00011926820785400306	81.48100021407578	54.38864319832714
113.73439294225727	6.28663048350793	113.71461131850177	23.10333585136479	34.106894841094345	47.45423597410146	9.890727078606616	-0.00011926820785400306	81.17891763187345	54.33526839284048
113.40780743375167	6.293510987444639	113.39922619511455	23.10910038654033	34.056432014648124	47.816367760243985	4.290534519428177	-0.00011926820785400306	80.85840899059326	54.27946995478188
112.71104253434035	6.30038425746874	113.0549983110142	23.114804805784658	34.05300031010618	48.17811881414411	3.550873777957219e-5	-0.00011926820785400306	80.50917515491992	54.22102741579307
110.96170965528445	6.307249947896472	112.71006622904137	23.120446502470873	34.052999278030526	48.539470941919504	3.550873777957219e-5	-0.00011926820785400306	80.15930112432207	54.15982772871724
108.16471375383142	6.314107713223142	112.36663306174813	23.12602636407893	34.05299824595487	48.90040595911268	3.550873777957219e-5	-0.00011926820785400306	79.81098472821299	54.095932542786464
104.37451940863355	6.320957215907354	112.02469213734885	23.131545300855414	34.052997213879216	49.26090610038698	3.550873777957219e-5	-0.00011926820785400306	79.46421839969426	54.02940424740019
99.66493125289438	6.3277981262396965	111.68423681644653	23.137004208078988	34.052996181803564	49.62095401261553	3.550873777957219e-5	-0.00011926820785400306	79.1189946191295	53.96030409196175
94.1276567954361	6.334630122199577	111.34526049183054	23.142403966314383	34.052995149727906	49.98053274734611	3.550873777957219e-5	-0.00011926820785400306	78.775305913689	53.888692205737414
87.87052066303706	6.341452889314544	111.007756588277	23.147745441662064	34.05299411765225	50.339625753397	3.550873777957219e-5	-0.00011926820785400306	78.43314485690134	53.81462761737326
81.01536496842526	6.3482661205220605	110.6717185623504	23.153029486003636	34.052993085576595	50.6982168695821	3.550873777957219e-5	-0.00011926820785400306	78.09250406821054	53.738168274076024
73.69567672280374	6.355069516033694	110.33713990220744	23.15825693724302	34.052992053500944	51.056290317562805	3.550873777957219e-5	-0.00011926820785400306	77.75337621253955	53.65937106046353
66.05398860686469	6.361862783201662	110.0040141274029	23.163428619543527	34.05299102142529	51.4138306948243	3.550873777957219e-5	-0.00011926820785400306	77.41575399985985	53.57829181709042
58.23910331617435	6.368645636387718	109.67233478869674	23.168545343560872	34.05298998934963	51.770822967774656	3.550873777957219e-5	-0.00011926820785400306	77.07963018476654	53.49498535865479
50.40319617115518	6.375417796834318	109.34209546786369	23.173607906672196	34.05298895727398	52.12725246496409	3.550873777957219e-5	-0.00011926820785400306	76.74499756605958	53.40950549189112
42.69885174730873	6.3821789925380195	109.01328977750448	23.17861709320118	34.05298792519833	52.48310487042206	3.550873777957219e-5	-0.00011926820785400306	76.41184898633084	53.32190503315512
35.27609286350935	6.388928958125126	108.6859113608581	23.183573674639288	34.05298689312267	52.838366217111904	3.550873777957219e-5	-0.00011926820785400306	76.0801773315559	53.23223582570533
28.279459241449942	6.395667434729465	108.359953891617	23.188478409863265	34.05298586104701	53.19302288049813	3.550873777957219e-5	-0.00011926820785400306	75.74997553069252	53.14054875668727
21.845192476050116	6.402394169872314	108.03541107374303	23.193332045348864	34.05298482897136	53.54706157222703	3.550873777957219e-5	-0.00011926820785400306	75.42123655528378	53.04689377382475
16.09858384045253	6.4091089173444304	107.71227664128558	23.19813531538096	34.05298379689571	53.90046933391738	3.550873777957219e-5	-0.00011926820785400306	75.09395341906668	52.951319901823645
11.151532757506242	6.415811437090124	107.39054435820144	23.20288894226004	34.05298276482005	54.25323353105912	3.550873777957219e-5	-0.00011926820785400306	74.76811917758643	52.85387525849305
7.100371614487205	6.422501495093377	107.07020801817538	23.207593636505198	34.0529817327444	54.60534184701982	3.550873777957219e-5	-0.00011926820785400306	74.44372692781475	52.75460707058832
4.2149091177318265	6.417174774719602	106.75126141275966	23.212214156285714	34.68588545361996	54.32498814313694	3.550873777957219e-5	220.2264423877928	74.1208056451838	53.251969078302864
2.390162166022371	6.383903624135	106.43369776621988	23.216500033577947	36.797741377029645	52.57387495447366	3.550873777957219e-5	399.37402250027816	73.79959853557101	55.129820472144424
1.453522119498929	6.333708736786487	106.11750917955236	23.220212920759607	39.815890214448594	49.93203877823607	3.550873777957219e-5	488.01853841777097	73.48033558761774	57.825209198653134
1.5631574538938724	6.2798915516953	105.80268704425056	23.223246991613888	43.04353962702696	47.099555352384165	3.550873777957219e-5	471.67328646915803	73.16311382498694	60.66777199592641
1.777093442579587	6.229678343556022	105.4892226291086	23.22562182188258	46.09976803682287	44.456754924001125	3.550873777957219e-5	445.25836678665877	72.84790499723178	63.29717391632494
1.9790658768961304	6.183032137789358	105.17710741047631	23.227384213652904	48.98508852705921	42.00169146259775	3.550873777957219e-5	420.396502778338	72.53465388904556	65.71760379317428
2.1697779927817833	6.139736414361126	104.86633309577857	23.228578258897418	51.709547325425675	39.72296917690137	3.550873777957219e-5	396.9957188469496	72.22330822044052	67.94209222681154
2.3498913807807753	6.099587557845137	104.55689161051785	23.229245311906872	54.28259572541127	37.6098714655335	3.550873777957219e-5	374.9694943954515	71.91381866128863	69.98288770308382
2.520028455972064	6.062394090902484	104.24877508599072	23.229424153613	56.71312537100111	35.65232057381497	3.550873777957219e-5	354.2364401820574	71.60613865506782	71.85150313552276
2.680774781364541	6.02797595325378	103.94197584773838	23.229151146132406	59.009501448036495	33.840839644935826	3.550873777957219e-5	334.7199938779393	71.3002242531	73.55875964392827
2.8326812534371077	5.996163823449738	103.63648640468705	23.228460378111194	61.17959390621603	32.166517023670416	3.550873777957219e-5	316.34813369027836	70.99603395865876	75.1148277330699
2.976266158000843	5.966798480901109	103.33229943893853	23.227383801416472	63.230806828555096	30.620972679005725	3.550873777957219e-5	299.05310897904195	70.69352858036156	76.52926602576521
3.1120171041151914	5.9397302057673675	103.02940779617023	23.22595135969106	65.17010605876007	29.196326619335135	3.550873777957219e-5	282.771186854233	70.39267109429082	77.81105769618166
3.2403928432638325	5.914818214466768	102.72780447661012	23.224191109252732	67.00404518945494	27.885169182461496	3.550873777957219e-5	267.44241380930896	70.09342651432895	78.96864473929519
3.361824980597636	5.891930128694201	102.42748262655137	23.222129332792534	68.73879000850927	26.68053308916851	3.550873777957219e-5	253.010391498672	69.79576177021863	80.00996020491363
3.476719584631079	5.870941475963953	102.1284355303748	23.21979064629872	70.38014149470132	25.575867155997535	3.550873777957219e-5	239.42206582230278	69.49964559289053	80.94245851673533
3.58545870145832	5.851735219793831	101.83065660304935	23.21719809961143	71.9335574493762	24.565011568096374	3.550873777957219e-5	226.62752852256654	69.2050484066249	81.77314399087692
3.6884017791567127	5.8342013177709555	101.5341393830809	23.214373270986577	73.40417284506752	23.642174619523985	3.550873777957219e-5	214.57983055043968	68.91194222763927	82.50859766077807
3.785887007673926	5.818236305854779	101.23887752588374	23.21133635602265	74.796818966742	22.801910834462078	3.550873777957219e-5	203.2348065071007	68.62030056872386	83.15500250839047
3.8782325792219843	5.803742907357664	100.94486479754939	23.208106251285862	76.11604141742855	22.039100387245508	3.550873777957219e-5	192.5509095025834	68.33009834956461	83.71816719640687
3.9657378738663303	5.790629665147451	100.65209506898883	23.204700632946736	77.36611705520491	21.348929744602717	3.550873777957219e-5	182.48905581712748	68.04131181241749	84.20354838996113
4.048684574801121	5.778810595677604	100.36056231042507	23.20113603072794	78.55106992570192	20.726873456716	3.550873777957219e-5	173.01247877666364	67.75391844281172	84.61627175251374
4.127337717503051	5.768204863543146	100.0702605862175	23.197427897443486	79.6746862500152	20.16867702858666	3.550873777957219e-5	164.08659129302498	67.46789689498428	84.961151695014
4.201946676605701	5.7587364753697114	99.7811840499953	23.19359067438564	80.74052852291021	19.670340808932213	3.550873777957219e-5	155.67885656541648	67.18322692176635	85.24270995079334
4.272746094259983	5.750333991866436	99.4933269400832	23.189637852811078	81.75194877511423	19.228104835075584	3.550873777957219e-5	147.7586664496607	66.89988930865503	85.46519304722915
4.339956753381452	5.742930256986837	99.20668357520229	23.185582031753384	82.71210104827809	18.838434578254585	3.550873777957219e-5	140.29722704955384	66.61786581182548	85.6325887383243
4.403786399079984	5.736462143174512	98.9212483504292	23.18143497238183	83.62395312968569	18.498007535500626	3.550873777957219e-5	133.2674510984681	66.33713909984789	85.74864146036283
4.464430511406558	5.73087031172046	98.63701573339576	23.17720764911578	84.49029759149388	18.203700616866332	3.550873777957219e-5	126.64385672040557	66.05769269888242	85.8168668697629
4.522073032279904	5.726098987342975	98.3539802607202	23.172910297685917	85.31376217539882	17.952578281209224	3.550873777957219e-5	120.40247219532255	65.77951094115221	85.8405655171441
4.576887049248	5.722095746166079	98.07213653465038	23.168552460319415	86.09681956065732	17.74188137716205	3.550873777957219e-5	114.52074638082334	65.50257891649818	85.82283570766386
4.629035438732682	5.71881131627409	97.79147921990948	23.16414302822594	86.84179655329565	17.56901664600476	3.550873777957219e-5	108.97746444315615	65.22688242683009	85.76658559758948
4.678671471080729	5.716199390121043	97.51200304073177	23.159690281539568	87.55088272969631	17.431546848475968	3.550873777957219e-5	103.75266859304689	64.95240794330581	85.67454457092323
4.725939379698768	5.714216448087922	97.23370277807606	23.155201926868628	88.22613856709688	17.32718147831171	3.550873777957219e-5	98.82758352793083	64.67914256607551	85.54927393903232
4.770974896453122	5.7128215925104655	96.95657326700781	23.150685132599108	88.86950309215908	17.25376802686666	3.550873777957219e-5	94.18454629474977	64.40707398643606	85.39317700442913
4.8139057553789835	5.711976391542913	96.68060939423728	23.14614656208803	89.48280107681424	17.209283765416497	3.550873777957219e-5	89.80694030540839	64.13619045124699	85.20850852725282
4.854852166439364	5.711644732317259	96.405806095807	23.141592404863008	90.06774980624824	17.191828016697905	3.550873777957219e-5	85.67913327680502	63.86648072948524	84.99738362728439
4.893927261215754	5.711792682813796	96.13215835491792	23.137028405953597	90.62596544591095	17.199614884936675	3.550873777957219e-5	81.78641884881971	63.59793408080294	84.76178615698709
4.931237512176231	5.712388361931941	95.85966119988683	23.132459893464265	91.15896903106062	17.230966417470633	3.550873777957219e-5	78.11496166458654	63.33054022597085	84.50357657661324
4.9668831270345235	5.71340181729152	95.58830970222668	23.127891804489987	91.66819210046481	17.284306173237923	3.550873777957219e-5	74.6517457147151	63.06428931909873	84.2244993599203
5.000958419706695	5.7148049102967065	95.31809897484273	23.12332870947502	92.15498199578154	17.35815317351089	3.550873777957219e-5	71.38452574801656	62.79917192152488	83.92618995891273
5.033552159293806	5.716571208019192	95.04902417033702	23.118774835110212	92.62060684702598	17.45111621153646	3.550873777957219e-5	68.30178156155408	62.53517897727249	83.61018135454792
5.064747898428676	5.718675881485102	94.78108047941562	23.114234085858076	93.06626026323842	17.561888499215943	3.550873777957219e-5	65.39267499465804	62.27230178997781	83.27791021864564
5.094624282073027	5.721095610028508	94.51426312939125	23.10971006417817	93.493065743872	17.689242633079374	3.550873777957219e-5	62.6470094845635	62.01053200121088	82.93072270747997
5.123255338029171	5.723808491318987	94.24856738277657	23.10520608953707	93.90208082895977	17.832025858894113	3.550873777957219e-5	60.05519201799708	61.749861570099526	82.56987991090108
5.150710750245369	5.726793956728269	93.98398853596206	23.10072521627502	94.29430100347689	17.989155617277333	3.550873777957219e-5	57.60819733730541	61.490282754178914	82.19656297733442
5.177056115883859	5.73003269173509	93.72052191797394	23.096270250393797	94.67066336974104	18.159615354478458	3.550873777957219e-5	55.297534274138535	61.231788091397576	81.81187793293232
5.202353187119968	5.733506561067693	93.4581628893067	23.091843765330502	95.03205010168544	18.342450582510185	3.550873777957219e-5	53.11521408378794	60.97437038321001	81.41686021313727
5.226660098615932	5.737198538290918	93.196906840827	23.087448116780127	95.37929169448493	18.536765173206202	3.550873777957219e-5	51.05372065651397	60.71802267868971	81.01247892445744
5.2500315815521015	5.741092639564028	92.9367491927412	23.083085456625856	95.7131700221445	18.74171787179094	3.550873777957219e-5	49.10598249020798	60.462738259596385	80.59964085308822
5.272519164966182	5.745173861336018	92.67768539362821	23.0787577460271	96.03442121377421	18.95651901768519	3.550873777957219e-5	47.265346325999026	60.20851062634864	80.17919423455099
5.294171365101345	5.7494281217610625	92.4197109195285	23.074466767712064	96.34373835856226	19.180427461108568	3.550873777957219e-5	45.52555235498715	59.95533348484697	79.75193229754704
5.31503386357364	5.7538422055823775	92.16282127308874	23.070214137528822	96.64177405102362	19.4127476622304	3.550873777957219e-5	43.88071088988915	59.703200734091965	79.3185965973191
5.335149674977259	5.758403712292534	91.90701198275787	23.066001315296198	96.92914278536104	19.65282696276493	3.550873777957219e-5	42.325280420542754	59.45210645455279	78.87988015018006
5.354559304527774	5.763101007383919	91.65227860203164	23.06182961499446	97.20642320751124	19.900053020206272	3.550873777957219e-5	40.85404697462994	59.20204489724293	78.43643038052387
5.373300896343419	5.767923176503067	91.39861670874296	23.057700214335803	97.47416023344903	20.153851394898286	3.550873777957219e-5	39.462104704980206	58.953010473460466	77.98885189163363
5.391410372949053	5.772859982327417	91.14602190439395	23.0536141637536	97.73286704210095	20.413683280390376	3.550873777957219e-5	38.1448376268518	58.704997745150266	77.53770907130618
5.408921566544439	5.77790182399625	90.89448981352955	23.049572394846596	97.98302695060647	20.679043368223695	3.550873777957219e-5	36.897902434196446	58.45800141585147	77.0835285425143
5.425866342498548	5.783039698952649	90.64401608314736	23.045575728308677	98.2250951785223	20.949457839613117	3.550873777957219e-5	35.71721233442551	58.212016322194515	76.62680146779837
5.442274715469985	5.788265167072169	90.39459638214366	23.041624881371003	98.45950050668569	21.224482477482596	3.550873777957219e-5	34.59892184923382	57.967037425921035	76.16798571493868
5.458174958681768	5.793570316914295	90.14622640079259	23.037720474791648	98.68664683828258	21.50370089022603	3.550873777957219e-5	33.539412512268015	57.72305980638838	75.7075078938646
5.473593706728053	5.798947733979482	89.89890185025618	23.033863039417895	98.90691466751524	21.786722841025362	3.550873777957219e-5	32.5352794141582	57.48007865353144	75.2457652719176
5.488556052273085	5.804390470859961	89.65261846212385	23.030053022345218	99.1206624610157	22.073182676840112	3.550873777957219e-5	31.583318547703005	57.23808926125635	74.78312757425977
5.503085637002641	5.809892019172442	89.40737198798008	23.026290792696923	99.32822795715221	22.36273785118115	3.550873777957219e-5	30.6805149059954	56.9970870212409	74.31993867622107
5.517204737187471	5.815446283161226	89.16315819899627	23.022576647048375	99.52992938836407	22.65506753480137	3.550873777957219e-5	29.82403128639081	56.75706741711388	73.85651819435438
5.530934344190879	5.821047554868505	88.91997288554875	23.01891081451798	99.72606663126989	22.949871308868698	3.550873777957219e-5	29.01119775677799	56.518026018993	73.39316298247074
5.544294240242828	5.826690490771908	88.67781185685791	23.015293461546364	99.91692228915488	23.24686793536356	3.550873777957219e-5	28.239501741923263	56.27995847835505	72.93014853871973
5.557303069683916	5.832370089826117	88.43667094064949	23.011724696377225	100.10276270974185	23.54579420137459	3.550873777957219e-5	27.506578703235448	56.042860523226025	72.46773032755243
5.569978405984061	5.838081672813976	88.19654598283572	23.008204573260254	100.28383894260108	23.84640383231456	3.550873777957219e-5	26.810203372006807	55.80672795366834	72.00614502231089
5.582336814815236	5.84382086292038	87.9574328472151	23.00473309639461	100.46038764018928	24.14846646949367	3.550873777957219e-5	26.148281499529677	55.57155663754562	71.5456116737084
5.594393913388676	5.849583567463637	87.71932741518988	23.00131022362702	100.63263190552415	24.451766708612496	3.550873777957219e-5	25.518842096511452	55.33734250654998	71.08633280816602
5.60616442626627	5.855365960719245	87.48222558550036	22.99793586991844	100.80078208948977	24.756103195749784	3.550873777957219e-5	24.920030134312928	55.10408155247719	70.62849545995664
5.617662237855847	5.861164467771012	87.2461232739738	22.99460991059317	100.96503654076945	25.061287777421693	3.550873777957219e-5	24.350099680531805	54.87176982373337	70.17227214110487
5.628900441799607	5.866975749324514	87.0110164132893	22.99133218438441	101.1255823113946	25.367144701290176	3.550873777957219e-5	23.80740744150593	54.640403422060984	69.71782175299192
5.639891387448402	5.8727966874232	86.77690095275484	22.98810249628903	101.28259582066309	25.673509864378968	3.550873777957219e-5	23.290406686495164	54.409978499467094	69.26529044328854
5.65064672361096	5.878624372008367	86.54377285809795	22.98492062024413	101.4362434801282	25.9802301057035	3.550873777957219e-5	22.797641528756028	54.180491255343355	68.81481241178508
5.661177439687824	5.884456088289003	86.31162811126802	22.981786301632667	101.58668228122627	26.28716254152646	3.550873777957219e-5	22.3277415491331	53.95193793376804	68.3665106671802
5.67149390435921	5.890289304869	86.08046271024996	22.978699259629423	101.73406034796034	26.59417394047369	3.550873777957219e-5	21.879416739994323	53.7243148209788	67.92049773801811
5.681605902002272	5.8961216625772455	85.85027266888825	22.975659189398915	101.87851745714696	26.901140135644496	3.550873777957219e-5	21.451452746512594	53.497618243003544	67.47687634108048
5.6915226669569865	5.901950963963635	85.62105401672096	22.97266576415323	102.02018552792859	27.207945471770305	3.550873777957219e-5	21.04270638968021	53.27184456344106	67.03574000947677
5.701252915758724	5.907775163424379	85.39280279882287	22.969718637077563	102.15918908223912	27.514482285493617	3.550873777957219e-5	20.65210145558077	53.04699018138275	66.59717368265626
5.71080487745564	5.913592357919929	85.1655150756574	22.96681744313132	102.29564567790935	27.820650416838376	3.550873777957219e-5	20.27862473544421	52.82305152946736	66.16125426056644
5.720186322128998	5.919400778248935	84.93918692293622	22.963961800732598	102.42966631610017	28.126356749943962	3.550873777957219e-5	19.921322301009052	52.60002507205972	65.72805112418015
5.7294045877322	5.925198780842207	84.71381443148789	22.961151313333804	102.56135582471735	28.43151478116876	3.550873777957219e-5	19.579296000015898	52.37790730354721	65.29762662457689
5.738466605353828	5.930984840044212	84.48939370713033	22.958385570895235	102.69081321931203	28.73604421285321	3.550873777957219e-5	19.25170015805354	52.15669474674183	64.87003654254814
5.747378922996618	5.936757540853315	84.26592087055401	22.955664151262898	102.81813204278046	29.039870571227105	3.550873777957219e-5	18.93773847468493	51.93638395138855	64.44533052047595
5.771142612425538	5.942524018209754	84.04339205720862	22.95298662449434	102.94295605882058	29.343369379460775	3.550873777957219e-5	17.138017267436947	51.716971489735	64.02313031422624
6.842832362256245	5.950170614577214	83.82180342767465	22.950361153873374	102.96575780228201	29.74582181985347	3.550873777957219e-5	-0.00011710491353670582	51.49844538303538	63.50952696480492
9.597455246039228	5.958183404202064	83.60115122389085	22.94780284061764	102.96575678463152	30.167547589582394	3.550873777957219e-5	-0.00011710491353670582	51.28078680965409	62.98097182077571
14.023185348820276	5.966129651015284	83.38143172838953	22.945310991998827	102.96575576698103	30.585771106067682	3.550873777957219e-5	-0.00011710491353670582	51.06399275088911	62.459067049174145
20.098451313707965	5.974010190998286	83.16264123447236	22.94288437039496	102.96575474933056	31.000536368331	3.550873777957219e-5	-0.00011710491353670582	50.84806074259241	61.94370896983067
27.79364184184302	5.981825847106895	82.94477604604533	22.94052175983742	102.96575373168007	31.411886689836695	3.550873777957219e-5	-0.00011710491353670582	50.63298830958893	61.43479563652316
37.07125001505617	5.989577429489156	82.72783247766493	22.938221965637624	102.96575271402958	31.81986470995572	3.550873777957219e-5	-0.00011710491353670582	50.41877296609531	60.932226807420186
47.88605611376002	5.997265735699426	82.511806854583	22.935983814020126	102.96575169637909	32.2245124052331	3.550873777957219e-5	-0.00011710491353670582	50.20541221613082	60.4359039160318
60.18534801439795	6.004891550908816	82.29669551278965	22.933806151762017	102.96575067872861	32.625871100464146	3.550873777957219e-5	-0.00011710491353670582	49.99290355392	59.945730042656976
73.90917811800547	6.01245564811205	82.08249479905434	22.931687845838518	102.96574966107812	33.0239814795817	3.550873777957219e-5	-0.00011710491353670582	49.781244464287454	59.461609886320346
86.10339761840585	6.019958840593274	83.58628031503912	22.929693601553584	100.29708803572561	33.418886347014514	1258.5587449111028	-0.00011710491353670582	51.284018676133485	58.98673804801215
91.15648821927934	6.02740459719612	88.77482160063703	22.92864566965068	91.87978258852617	33.81076827348013	1190.833402548907	-0.00011710491353670582	56.4632494321223	58.56205362272465
95.32813292210696	6.034800387848698	93.27498947907864	22.928730791523822	84.49913946781713	34.2000204130895	1026.5718147419145	-0.00011710491353670582	60.954349987579874	58.19652018375247
98.87013795900404	6.042153155207327	97.10049398645067	22.929783809596596	78.1386049537024	34.58700816880678	884.8220795044383	-0.00011710491353670582	64.77116784117196	57.881532719459685
101.87533161577979	6.049468812717297	100.34768114115549	22.931659686247983	72.65272410813002	34.972042774594726	763.8253305399047	-0.00011710491353670582	68.01000145200372	57.60954367653043
104.42445200376415	6.05675238899485	103.10246771224142	22.934234600925492	67.91162957982726	35.35538889446595	660.9922389891301	-0.00011710491353670582	70.75671967197219	57.37411059652837
106.58656398840242	6.064008159104515	105.43914074297275	22.937403292948886	63.80298114222781	35.73727153181675	573.711715942598	-0.00011710491353670582	73.0855663173893	57.16975669221485
108.42004506526666	6.07123975802432	107.42088081774759	22.941076398603933	60.23122937189822	36.117882001280144	499.5822169873011	-0.00011710491353670582	75.05968504904577	56.991832028976845
109.97392202102134	6.078450277211282	109.10092735394834	22.945178010613414	57.11587628024537	36.49738301112021	436.4974267642586	-0.00011710491353670582	76.73228477378754	56.83638667010296
111.28924678730581	6.085642346084092	110.52392989965442	22.94964354040027	54.38943851567579	36.87591295179451	382.6585370534633	-0.00011710491353670582	78.14799037849734	56.70005971580503
112.40036979769219	6.092818200485589	111.7272641632877	22.95441789275684	51.99545636898809	37.25358949924178	336.552910430004	-0.00011710491353670582	79.3441579546218	56.579984613558494
113.33605666638955	6.099979740118157	112.74221765522718	22.959453930029465	49.88669690572578	37.63051263779801	296.9195988089458	-0.00011710491353670582	80.35205960598593	56.47370949556127
114.12043875487521	6.1071285767416095	113.59501444898581	22.964711190549597	48.02359957581753	38.00676719692703	262.71224617244883	-0.00011710491353670582	81.19790744354934	56.37913069039528
114.7738081810057	6.114266074678199	114.30768010122799	22.97015482372564	46.37296376660956	38.382424983063345	233.06413311659978	-0.00011710491353670582	81.90371784181897	56.294437452367596
115.31327593496708	6.121393384928203	114.89876150506065	22.97575470655317	44.90685637498144	38.75754657516882	207.25730818098364	-0.00011710491353670582	82.48803073703364	56.218066081243755
115.75331351651907	6.128511473981447	115.3839211550631	22.981484710480544	43.601710051211654	39.13218284112895	184.69627395576015	-0.00011710491353670582	82.96650343770737	56.14866182495027
116.1061974278598	6.1356211482216745	115.77642557154479	22.98732209217009	42.43758221714403	39.506376222193566	164.8860213852868	-0.00011710491353670582	83.3523986820109	56.08504719741613
116.38237352977868	6.142723074661985	116.08754594828184	22.993246986062843	41.3975474486637	39.880161824315145	147.4138839762057	-0.00011710491353670582	83.65698499223474	56.02619557003835
116.59075593150746	6.149817798617821	116.32688666611499	22.999241980519866	40.46719946115542	40.25356834830645	131.93472592402836	-0.00011710491353670582	83.88986495568396	55.97120909509789
116.73897231027847	6.156905758815878	116.50265487637644	23.005291762604603	39.63424262746101	40.62661888504627	118.15881017879879	-0.00011710491353670582	84.059244624523	55.91930018943218
116.83356576150322	6.163987300348667	116.62188202721678	23.01138281931263	38.888156497675894	40.99933159729833	105.84196037099879	-0.00011710491353670582	84.17215489810816	55.869775948194004
116.88016108439489	6.171062685812365	116.69060625883425	23.017503185306822	38.21991974813773	41.37172030591404	94.77750600808916	-0.00011710491353670582	84.2346338059158	55.82202497471866
116.88360221087675	6.178132104906521	116.71402288246536	23.023642229051106	37.62178259077426	41.74379499508011	84.78975743346516	-0.00011710491353670582	84.25187689961525	55.77550620722491
116.8480658778526	6.185195682726244	116.69660881324945	23.029790470723096	37.08707871893247	42.115562248749725	75.72862552933867	-0.00011710491353670582	84.22836161928805	55.72973939983822
116.77715598813937	6.192253486938098	116.64222566303002	23.03593942648924	36.61006963847825	42.48702562832097	67.46525578244875	-0.00011710491353670582	84.1679503358693	55.68429697755257
116.67398193488776	6.199305533998708	116.55420532021894	23.042081474697284	36.18581556962432	42.85818599993197	59.88840056217916	-0.00011710491353670582	84.07397589373444	55.6387970349243
116.54122377578378	6.206351794548587	116.43542108083355	23.048209740325948	35.810068267049445	43.22904181834656	52.90144070286884	-0.00011710491353670582	83.94931271507772	55.59289728886374
116.38118644355669	6.213392198091834	116.28834681699853	23.054317994665446	35.479181984786976	43.59958937325437	46.41990650684354	-0.00011710491353670582	83.7964359504325	55.54628982867615
116.19584482553017	6.220426637054196	116.11510618372067	23.060400567715092	35.19003955143559	43.96982300285228	40.36941413251816	-0.00011710491353670582	83.61747067465654	55.498696533040295
115.98688114710112	6.2274549702968525	115.91751348266861	23.066452271198795	34.93999110259367	44.33973527878166	34.6839254440263	-0.00011710491353670582	83.41423274597815	55.44986504509244
115.75571582125396	6.234477026150772	115.69710748758358	23.072468330434482	34.726803495529545	44.70931716583008	29.304260062955656	-0.00011710491353670582	83.18826263188562	55.399565214180846
115.50353279739247	6.241492605025618	115.45517927306425	23.078444323564458	34.54861883154896	45.07855815924304	24.176855391865132	-0.00011710491353670582	82.94085324301409	55.34758592693713
115.23130001444042	6.248501481638313	115.19279489823262	23.084376126871906	34.403920800689065	45.44744640201641	19.252651331658665	-0.00011710491353670582	82.67307262610879	55.293732261674705
114.9397857029168	6.255503406898533	114.91081360013546	23.090259865084168	34.29150786375832	45.81596878413316	14.486144618419411	-0.00011710491353670582	82.38578217071014	55.23782290927687
114.62957089250227	6.262498109481652	114.60990202684415	23.096091865702302	34.21047247676266	46.18411102535001	9.834526056812898	-0.00011710491353670582	82.07965085942331	55.17968781102732
114.29765397630356	6.26948529711315	114.29015763742629	23.101868613070693	34.160787302397985	46.55185774279737	3.748262666402455	-0.00011710491353670582	81.754779465425	55.11916579787194
113.56606387703515	6.276464654286333	113.94154906631627	23.10758525104464	34.15819771187477	46.9191923308597	8.679241938534953e-5	-0.00011710491353670582	81.40116149228732	55.05602983790977
111.76694694530879	6.283435839608999	113.59279548440186	23.11323933459364	34.15819635225708	47.28609682152632	8.679241938534953e-5	-0.00011710491353670582	81.04746122735378	54.99017474922656
108.91333881587757	6.290398512440073	113.24555721117895	23.118831759614338	34.15819499263939	47.652553286319666	8.679241938534953e-5	-0.00011710491353670582	80.69533478200087	54.92166235870769
105.06080647127173	6.297352340047307	112.89982750550628	23.124363431647698	34.158193633021696	48.01854421301619	8.679241938534953e-5	-0.00011710491353670582	80.34477452480922	54.850554580014006
100.2843684404297	6.3042969974706375	112.55559965890761	23.12983524135472	34.15819227340401	48.38405249845465	8.679241938534953e-5	-0.00011710491353670582	79.99577287180954	54.77691219419851
94.67703398142912	6.3112321673799405	112.21286699536927	23.135248064768888	34.15819091378632	48.749061441049506	8.679241938534953e-5	-0.00011710491353670582	79.64832228602859	54.70079486944196
88.34799197813355	6.3181575399352665	111.87162287113905	23.140602763544347	34.15818955416863	49.11355473343513	8.679241938534953e-5	-0.00011710491353670582	79.30241527704088	54.622261180448426
81.4204847303182	6.3250728126495215	111.53186067452744	23.14590018519977	34.15818819455094	49.47751645523803	8.679241938534953e-5	-0.00011710491353670582	78.95804440052687	54.541368627506905
74.02940811385324	6.331977690253528	111.1935738257105	23.15114116335813	34.158186834933254	49.8409310659752	8.679241938534953e-5	-0.00011710491353670582	78.61520225783696	54.458173655224456
66.31868490196864	6.338871884563442	110.85675577653494	23.15632651798229	34.15818547531556	50.203783398075934	8.679241938534953e-5	-0.00011710491353670582	78.2738814955618	54.372731670936815
58.43846207530025	6.345755114350499	110.52140001032426	23.161457055606643	34.15818411569787	50.566058650026314	8.679241938534953e-5	-0.00011710491353670582	77.93407480510766	54.28509706280161
50.54218722148395	6.3526271052130046	110.1875000416878	23.16653356956472	34.15818275608018	50.92774237963186	8.679241938534953e-5	-0.00011710491353670582	77.59577492227879	54.19532321758015
42.783620389872986	6.35948758945058	109.85504941633073	23.171556840212943	34.15818139646249	51.28882049739895	8.679241938534953e-5	-0.00011710491353670582	77.25897462686432	54.10346253811265
35.313840156786824	6.366336305940593	109.52404171086602	23.176527635150553	34.1581800368448	51.64927926003123	8.679241938534953e-5	-0.00011710491353670582	76.92366674223126	54.00956646049241
28.27830187002029	6.373173000016752	109.19447053262833	23.181446709435747	34.158178677227106	52.0091052640396	8.679241938534953e-5	-0.00011710491353670582	76.589844134923	53.91368547094411
21.81400468495736	6.3799974233498125	108.86632951948934	23.186314805798148	34.158177317609415	52.368285439463854	8.679241938534953e-5	-0.00011710491353670582	76.25749971426293	53.81586912241126
16.04682448053104	6.386809333830373	108.53961233967509	23.19113265484764	34.15817595799172	52.726807043703836	8.679241938534953e-5	-0.00011710491353670582	75.9266264319638	53.716166050857744
11.089061976135914	6.393608495453715	108.2143126915845	23.195900975279596	34.15817459837403	53.084657655458734	8.679241938534953e-5	-0.00011710491353670582	75.59721728174168	53.61462399128848
7.037257624851905	6.40039467820666	107.89042430361012	23.20062047407665	34.15817323875635	53.441825168771636	8.679241938534953e-5	-0.00011710491353670582	75.26926529893586	53.51128979349398
4.162674982426117	6.39481208754994	107.56794090036415	23.20525429700424	34.80962539641462	53.148004607891615	8.679241938534953e-5	223.2137078235115	74.94280100135751	54.02211047270978
2.350619899158602	6.361331624742446	107.2468556276143	23.2095496557791	36.937673860299036	51.38587498644462	8.679241938534953e-5	401.07116986951377	74.61806983217116	55.91090155182734
1.444999944191335	6.311190962478074	106.92716050863483	23.213270133510836	39.9581798426041	48.746892762004016	8.679241938534953e-5	486.61909913980327	74.29529977557316	58.6039585516327
1.5717809769369204	6.257827536195321	106.60884687020496	23.216313885395223	43.16707037316102	45.938291378701145	8.679241938534953e-5	468.6046532369693	73.97458381717568	61.42431745998977
1.784328439864799	6.208085592920461	106.29190593213164	23.21870268681118	46.20346270070214	43.320294364234805	8.679241938534953e-5	442.3757126166954	73.65589146239596	64.03085469453069
1.9849965674064651	6.161884990761656	105.97632912457712	23.220483071463597	49.07015023701165	40.88868372429777	8.679241938534953e-5	417.68883964664843	73.33916771767846	66.42990403509172
2.1744836200512596	6.119010742308136	105.66210810763967	23.221698823459352	51.77710813193729	38.632144332007215	8.679241938534953e-5	394.45270953681694	73.02436056305451	68.63440405755541
2.353446507575926	6.079260673466866	105.34923475842307	23.222391008533535	54.333720810861095	36.54003544562454	8.679241938534953e-5	372.5814139002232	72.71142090807369	70.6565167533281
2.522503241492695	6.04244466236636	105.03770115883738	23.222598137210202	56.74881700967208	34.60235065086109	8.679241938534953e-5	351.99413939849575	72.40030241679389	72.50767374218678
2.682235241997946	6.0083839234323415	104.7274995841291	23.22235631825324	59.030702731175666	32.80968018064961	8.679241938534953e-5	332.6148654545688	72.0909613431898	74.19861974103951
2.8331895080602414	5.976910333953017	104.41862249209626	23.22169940298429	61.187192246351316	31.153175471211462	8.679241938534953e-5	314.3720799004068	71.78335637635956	75.73945345155835
2.9758806587508824	5.9478658006179685	104.11106251294864	23.220659121008985	63.22563725621762	29.624515821998354	8.679241938534953e-5	297.1985114978378	71.47744849495005	77.13966601954554
3.1107928534475175	5.921101663661515	103.80481243977377	23.21926520786101	65.1529543233124	28.215877034816643	8.679241938534953e-5	281.030878332529	71.17320083025257	78.40817720996928
3.2383815981363755	5.896478136367016	103.49986521957359	23.217545525046642	66.97565067601037	26.919901914053472	8.679241938534953e-5	265.8096511341932	70.87057853745235	79.55336943397597
3.3590754445570568	5.873863777838221	103.19621394483679	23.215526172940134	68.69984848202012	25.729672517801138	8.679241938534953e-5	251.47883063924561	70.56954867454786	80.58311975509022
3.473277588536628	5.853134997067089	102.8938518456157	23.21323159695375	70.33130768172826	24.638684056162607	8.679241938534953e-5	237.98573816417536	70.27008008848529	81.50482999432762
3.5813673734799636	5.834175586445383	102.59277228207722	23.210684687381008	71.87544746663306	23.6408203392307	8.679241938534953e-5	225.2808186076711	69.97214330808036	82.32545504677596
3.6837017046560714	5.816876282968993	102.29296873749986	23.207906873289723	73.33736648343461	22.730330682578582	8.679241938534953e-5	213.3174551424213	69.6757104433238	83.0515295160311
3.7806163796225527	5.801134355476294	101.99443481169001	23.204918210821578	74.72186184009863	21.90180818296289	8.679241938534953e-5	202.05179489650337	69.38075509068736	83.68919276725886
3.872427339700283	5.786853216395449	101.69716421479237	23.201737466226312	76.0334469840662	21.15016928397104	8.679241938534953e-5	191.44258498064582	69.0872522440782	84.24421249153787
3.959431847220136	5.773942056534547	101.40115076147137	23.198382193945758	77.2763685200641	20.47063455444986	8.679241938534953e-5	181.45101824257026	68.7951782111037	84.72200687055513
4.0419095928969195	5.7623155015624015	101.10638836544142	23.194868810038592	78.45462202973243	19.85871060854748	8.679241938534953e-5	172.04058817767736	68.50451053433446	85.12766542380409
4.120123737494794	5.751893288887072	100.81287103432479	23.191212661223872	79.57196695255921	19.310173099319673	8.679241938534953e-5	163.1769524503571	68.21522791726669	85.4659686168345
4.19432189174876	5.742599963701138	100.52059286481807	23.187428089808062	80.63194058475872	18.82105072111257	8.679241938534953e-5	154.82780450636704	67.9273101547009	85.74140630534085
4.264737038147376	5.734364593074408	100.22954803814831	23.183528494736294	81.63787124759611	18.387610161810972	8.679241938534953e-5	146.96275280383233	67.64073806727777	85.95819508308894
4.331588398023051	5.727120497024064	99.93973081580177	23.17952638899794	82.59289067439146	18.006341948634983	8.679241938534953e-5	139.55320721123047	67.35549343992429	86.12029459868835
4.395082247219375	5.720804995547091	99.65113553550911	23.175433453604835	83.49994566291038	17.673947134057496	8.679241938534953e-5	132.57227214390085	67.07155896397663	86.23142290288175
4.455412683327942	5.7153591706859554	99.36375660747125	23.171260588341912	84.36180903588989	17.387324772945092	8.679241938534953e-5	125.99464604693063	66.7889181827641	86.29507088279237
4.5127623474112655	5.710727642721894	99.07758851081309	23.167017959485005	85.18108995136595	17.143560143257638	8.679241938534953e-5	119.79652684219207	66.50755544044749	86.31451583815002
4.567303102974581	5.706858359638176	98.7926257902483	23.162715044670215	85.96024360227047	16.939913665167218	8.679241938534953e-5	113.95552297748871	66.22745583391055	86.29283425159649
4.61919667464032	5.703702399091353	98.5088630529459	23.158360675078743	86.70158034035245	16.77381047849231	8.679241938534953e-5	108.45056975623247	65.94860516753239	86.23291379936408
4.668595248924412	5.701213782145713	98.2262949655846	23.15396307509726	87.40727425869662	16.642830639248114	8.679241938534953e-5	103.26185063325933	65.67098991066631	86.13746464757183
4.715642039407531	5.699349298058957	97.94491625158408	23.149529899606947	88.07937126559833	16.54469989783991	8.679241938534953e-5	98.37072317627178	65.3945971576621	86.00903007739396
4.760471818340199	5.69806833948607	97.66472168850305	23.14506826903731	88.71979667892215	16.477281025582656	8.679241938534953e-5	93.75964942571619	65.11941459028547	85.84999647755656
4.803211416697514	5.697332747475536	97.3857061055944	23.14058480231931	89.33036236974094	16.438565656607224	8.679241938534953e-5	89.41213038893137	64.8454304423906	85.66260274218322
4.843980194602499	5.697106665662222	97.10786438150525	23.13608564786585	89.9127734826693	16.42666661380119	8.679241938534953e-5	85.31264441710148	64.57263346670626	85.44894911017603
4.882890483905758	5.697356403101661	96.83119144211831	23.13157651269909	90.46863475843014	16.439810689561135	8.679241938534953e-5	81.44658923071947	64.30101290361229	85.21100547986609
4.920048004438968	5.698050305274896	96.55568225852082	23.127062689825674	90.99945648033314	16.47633185657354	8.679241938534953e-5	77.800227394722	64.03055845179185	84.9506192275336
4.955552255618199	5.699158632743341	96.2813318450967	23.122549083971887	91.50666006860787	16.534664881228515	8.679241938534953e-5	74.36063502364338	63.76126024064381	84.66952256142197
4.989496884829644	5.700653447008969	96.00813525773336	23.11804023577425	91.99158334305709	16.61333931626161	8.679241938534953e-5	71.11565352906169	63.49310880435069	84.36933943825859
5.0219700339276745	5.702508503166965	95.73608759213633	23.113540344514345	92.45548547302896	16.71097385089293	8.679241938534953e-5	68.05384423505816	63.22609505750725	84.05159206736369
5.053054665170568	5.704699148939277	95.4651839822467	23.109053289486344	92.89955163364172	16.826270996804066	8.679241938534953e-5	65.164445688	62.96021027221621	83.71770702734796
5.082828867850919	5.707202229699016	95.19541959875124	23.104582650080975	93.32489738621815	16.958012089421935	8.679241938534953e-5	62.43733349593888	62.69544605655743	83.3690210190926
5.11136614680145	5.709995999118884	94.92678964768486	23.10013172466494	93.73257279979717	17.10505258520446	8.679241938534953e-5	59.86298254287256	62.431794334351494	83.00678627729751
5.13873569372025	5.713060035150786	94.65928936911557	23.095703548318536	94.12356632720861	17.26631763951507	8.679241938534953e-5	57.432431454182726	62.169247326145026	82.63217565838214
5.165002642426043	5.7163751609917135	94.39291403590936	23.091300909505705	94.49880845157708	17.440797946932346	8.679241938534953e-5	55.13724916769623	61.90779753134125	82.24628742569413
5.19022830900266	5.719923370738174	94.12765895256904	23.08692636574048	94.85917511695732	17.627545828324987	8.679241938534953e-5	52.96950348468051	61.64743771140603	81.85014975010999
5.214470417678429	5.723687759466585	93.86351945414353	23.08258225830623	95.2054909551826	17.82567155087291	8.679241938534953e-5	50.92173148994468	61.3881608740894	81.44472494197689
5.2377833132852265	5.727652457477446	93.60049090520229	23.078270726084003	95.53853232099398	18.03433986723402	8.679241938534953e-5	48.98691173035108	61.129960258601365	81.03091343032258
5.260218161128748	5.731802568445051	93.33856869887276	23.073993718545555	95.85903014733	18.2527667602659	8.679241938534953e-5	47.15843804275949	60.87282932168412	80.60955750501974
5.2818231350419484	5.736124111233279	93.07774825593255	23.069753007962344	96.16767263180431	18.480216380698927	8.679241938534953e-5	45.430094930262165	60.61676172452144	80.1814448364479
5.302643594313175	5.740603965162468	92.81802502396057	23.065550200876896	96.4651077642504	18.715998166445722	8.679241938534953e-5	43.79603439605842	60.36175132044308	79.74731178571592
5.322722250057208	5.745229818551364	92.55939447653587	23.061386748874096	96.75194570345086	18.95946413428237	8.679241938534953e-5	42.250754160544794	60.10779214337531	79.30784651613105
5.342099321762471	5.749990120306252	92.30185211248597	23.057263958701558	97.02876101352606	19.21000633190804	8.679241938534953e-5	40.78907716550719	59.85487839699072	78.86369191975984
5.360812684568162	5.75487403438548	92.04539345517999	23.053183001775864	97.29609476789308	19.46705444134111	8.679241938534953e-5	39.406132292860896	59.60300444451538	78.41544836951381
5.378898007790423	5.759871396978213	91.79001405186432	23.0491449231093	97.55445652821109	19.730073525169185	8.679241938534953e-5	38.09733622990817	59.35216479915699	77.96367630654892
5.396388885216877	5.764972676236195	91.53570947303858	23.045150649691713	97.80432620573185	19.99856190716823	8.679241938534953e-5	36.85837641306102	59.10235411511691	77.50889867277048
5.413316957684066	5.770168934398848	91.28247531186817	23.041200998361777	98.04615581240598	20.272049178886814	8.679241938534953e-5	35.685194982607364	58.85356717914837	77.05160319814095
5.429712028410945	5.7754517921647786	91.0303071836325	23.037296683199205	98.28037110850426	20.550094324462076	8.679241938534953e-5	34.57397368651245	58.605798902628315	76.59224455171575
5.445602171531366	5.780813395172227	90.77920072520598	23.033438322467422	98.5073731530817	20.832283956433045	8.679241938534953e-5	33.52111967521517	58.35904431411062	76.13124636475428
5.461013834133049	5.78624638249305	90.52915159456995	23.029626445127175	98.72753976167718	21.118230657529004	8.679241938534953e-5	32.52325214712919	58.11329855233838	75.6690031317007
5.4759719322697755	5.791743856995304	90.28015547035396	23.025861496952157	98.94122687791612	21.40757142080556	8.679241938534953e-5	31.577189783682048	57.86855685968272	75.20588199783705
5.490499941302956	5.79729935746393	90.03220805140406	23.022143846270417	99.14876986410442	21.69996618231216	8.679241938534953e-5	30.67993892722651	57.62481457598196	74.74222444031889
5.504619980881667	5.8029068323835755	89.78530505637681	23.018473789352104	99.35048471522887	21.99509644124089	8.679241938534953e-5	29.82868246131995	57.38206713275946	74.27834784842098
5.518352894870537	5.808560615287559	89.53944222335743	23.01485155546413	99.54666920078414	22.29266396250313	8.679241938534953e-5	29.020769352831294	57.140310047797975	73.81454700882311
5.53171832653484	5.814255401576922	89.2946153095006	23.01127731161239	99.73760393884561	22.59238955668017	8.679241938534953e-5	28.253704815337347	56.89953892004839	73.35109550176777
5.544734789282242	5.819986226716683	89.05082009069224	23.00775116699143	99.92355340666565	22.89401193245707	8.679241938534953e-5	27.525141054573197	56.659749424851384	72.8882470137319
5.557419733236984	5.82574844572363	88.8080523612313	23.00427317716	100.10476689173339	23.197286617033264	8.679241938534953e-5	26.832868559793717	56.420937309452675	72.42623657181313
5.569789607875506	5.8315377138746545	88.56630793353001	23.00084334795761	100.2814793865694	23.501984940771383	8.679241938534953e-5	26.17480791104408	56.183098388795095	71.96528170414214
5.581859920910637	5.8373499685775085	88.32558263783184	22.997461639174592	100.45391242992844	23.807893083026837	8.679241938534953e-5	25.549002077816265	55.946228541574385	71.50558352984862
5.593645293713222	5.843181412314358	88.08587232194581	22.994127967994963	100.6222748985368	24.11481117443998	8.679241938534953e-5	24.953609171242682	55.710323706538055	71.04732778402473
5.60515951346087	5.849028496599252	87.84717285099615	22.990842212224564	100.7867637520746	24.4225524525923	8.679241938534953e-5	24.386895624967384	55.47537987901384	70.5906857812601
5.616415582192348	5.85488790689412	87.60948010718629	22.987604213316445	100.94756473395286	24.730942468111706	8.679241938534953e-5	23.84722978130648	55.24139310765482	70.1358153211106
5.627425762946158	5.8607565484279025	87.37278998957653	22.98441377920531	101.10485303043588	25.039818338310734	8.679241938534953e-5	23.33307585930356	55.008359491388724	69.68286153886477
5.638201623161789	5.866631532863376	87.13709841387511	22.98127068696294	101.25879389065918	25.349028045440892	8.679241938534953e-5	22.842988281287777	54.776275176559324	69.23195770497277
5.648754075519107	5.872510165757369	86.90240131223891	22.978174685286174	101.40954321004943	25.658429776703745	8.679241938534953e-5	22.375606334955414	54.54513635424452	68.78322597643472
5.659093416372769	5.8783899347654485	86.66869463308862	22.975125496827967	101.55724807938745	25.967891303444755	8.679241938534953e-5	21.92964915039715	54.31493925774544	68.33677810312032
5.669229361928536	5.884268498545755	86.43597434093128	22.972122820381195	101.70204730161271	26.277289397145108	8.679241938534953e-5	21.503910972851084	54.08568016022991	67.8927160917664
5.679171082241648	5.890143676336969	86.20423641619436	22.969166332920572	101.84407187751431	26.586509280893207	8.679241938534953e-5	21.097256720661264	53.857355372529014	67.45113282917453
5.688927233215308	5.8960134381552125	85.9734768550684	22.96625569151447	101.9834454628523	26.89544411343236	8.679241938534953e-5	20.708617805119665	53.62996124107206	67.01211266795728
5.698505986717696	5.9018758955731325	85.74369166935847	22.963390535114545	102.1202847986007	27.203994503849206	8.679241938534953e-5	20.3369881966729	53.4034941459523	66.57573197706496
5.70791505891695	5.907729293050334	85.51487688634347	22.960570486229702	102.25470011573292	27.512068055280835	8.679241938534953e-5	19.98142072446748	53.17795049911582	66.1420596589629
5.717161736933759	5.913571999784251	85.2870285486429	22.957795152491077	102.38679551597303	27.81957893601331	8.679241938534953e-5	19.641023596178325	52.95332674266677	65.71115763533567
5.726252903911171	5.919402502050533	85.06014271409114	22.955064128114543	102.51666932993606	28.126447476343973	8.679241938534953e-5	19.314957125065362	52.72961934728231	65.28308130319498
5.735195062601337	5.925219396002056	84.83421545561804	22.95237699526747	102.64441445408129	28.432599789582024	8.679241938534953e-5	19.00243065120114	52.506824810729384	64.8578799632652
5.767354616250556	5.931037816767377	84.60924286113618	22.949733332733725	102.7692533937454	28.738832461441035	8.679241938534953e-5	16.36831736281145	52.28493964910451	64.43477579831178
6.8926473616428465	5.9388030820178495	84.38522104519848	22.94714201152821	102.78853292806966	29.147530632518514	8.679241938534953e-5	5.177235605683029e-7	52.06395113140769	63.91694647551231
9.69716560206449	5.946867419048327	84.1621462050808	22.944617642949485	102.78853235277718	29.571969423596297	8.679241938534953e-5	5.177235605683029e-7	51.84384088037081	63.38751119505225
14.168595008905605	5.954865101044028	83.94001457682053	22.942159402257833	102.78853177748469	29.992900054948972	8.679241938534953e-5	5.177235605683029e-7	51.62460596263766	62.86471506068468
20.285141511035906	5.962796962583493	83.71882240737652	22.939766056549907	102.78853120219222	30.410366451762904	8.679241938534953e-5	5.177235605683029e-7	51.40624386310063	62.3484546983152
28.01699263214597	5.970663825258093	83.49856595452987	22.937436394499322	102.78853062689974	30.824411855689235	8.679241938534953e-5	5.177235605683029e-7	51.188752055918926	61.83862846205604
37.326462794689604	5.97846649788911	83.2792414869294	22.93516922598464	102.78853005160725	31.23507883626905	8.679241938534953e-5	5.177235605683029e-7	50.9721280049351	61.335136404770935
48.168177007608605	5.986205776741123	83.06084528413471	22.932963381723706	102.78852947631478	31.64240930216447	8.679241938534953e-5	5.177235605683029e-7	50.75636916408307	60.83788024912366
60.489292021065545	5.993882445731753	82.84337363665824	22.93081771291433	102.78852890102229	32.04644451219763	8.679241938534953e-5	5.177235605683029e-7	50.54147297778856	60.346763359123365
74.22975389370217	6.001497276637839	82.62682284600491	22.92873109088108	102.78852832572981	32.447225086202195	8.679241938534953e-5	5.177235605683029e-7	50.32743688136133	59.86169071215648
86.54856117750403	6.009051075950614	84.05129262190026	22.926763146521406	100.23956785959544	32.844793471085055	1248.6343461540282	5.177235605683029e-7	51.751027420538	59.38560352853398
91.60107219790703	6.016547233830009	89.22344542168801	22.92572794205714	91.84466775423958	33.23932809631629	1188.8134564616475	5.177235605683029e-7	56.913889700230655	58.95903541135108
95.76320429663475	6.02399318089483	93.7135832488866	22.92582375320568	84.47663119333026	33.631220047096356	1024.8105922262191	5.177235605683029e-7	61.394969556568014	58.591528615536944
99.29689238870789	6.031395850232596	97.53023182199337	22.926885857033962	78.12694277532962	34.02083422276833	883.3303517093984	5.177235605683029e-7	65.20294008479007	58.27450034006258
102.29491283797954	6.038761147618986	100.76973444106319	22.92876948411573	72.65014390022509	34.408481453631	762.5892668102986	5.177235605683029e-7	68.4340967634209	58.00041682483109
104.83786994775065	6.046094095705427	103.51790500710547	22.931351066691924	67.91651947342861	34.794426089759405	659.9825386747208	5.177235605683029e-7	71.17420552935509	57.76284854931884
106.99467811121703	6.0533989651352815	105.84888860060516	22.934525566970905	63.813943082005395	35.17889290185701	572.8948236580576	5.177235605683029e-7	73.49736829704045	57.55633009177527
108.82357059417325	6.060679387794304	107.82571926285145	22.938203810339342	60.24708720350351	35.56207304180557	498.9257340130273	5.177235605683029e-7	75.46658228793652	57.37622112724619
110.37344571467675	6.067938453156818	109.50150109697285	22.942310046168167	57.135659256291014	35.944129113516816	435.97237720407225	5.177235605683029e-7	77.1349212083882	57.218579650561765
111.68524548912852	6.075178789566998	110.9207655142599	22.946779813606028	54.41235546503628	36.325199450894736	382.240055786424	5.177235605683029e-7	78.54689191682053	57.08005120194596
112.7932285611807	6.082402632526061	112.12078828987578	22.95155812042332	52.02086815284714	36.70540171189804	336.22020400457535	5.177235605683029e-7	79.7397506681165	56.95777439485752
113.72608490721723	6.089611881979808	113.1327740004882	22.95659791126991	49.91409062533028	37.084835893674196	296.6555217166311	5.177235605683029e-7	80.74468671578698	56.84930146449965
114.50788407448059	6.096808150394069	113.98287868035237	22.961858789760043	48.05256594298451	37.463586862845816	262.5027654162387	5.177235605683029e-7	81.58784420218818	56.75253196829332
115.15886801423542	6.103992803159495	114.69307242797346	22.96730595669767	46.4031779753235	37.8417264820788	232.89786148311586	5.177235605683029e-7	82.29118410306988	56.665657676902995
115.69610697587756	6.111166992625699	115.281857120925	22.97290932920324	44.938062217473714	38.21931540135268	207.1249958284179	5.177235605683029e-7	82.87320138894408	56.58711682887142
116.13403947103934	6.118331686846842	115.7648587580891	22.978642809730083	43.63370695714457	38.59640457088659	184.59042482726207	5.177235605683029e-7	83.34951691453016	56.51555614415627
116.48491523967323	6.125487693932805	116.15531427411236	22.984483678574673	42.47021474156964	38.9730365227793	164.80055113257805	5.177235605683029e-7	83.73336386780225	56.449799232088154
116.75915838785605	6.132635682741652	116.46447084616334	22.99041208785486	41.4306968011089	39.34924646008713	147.34383919851484	5.177235605683029e-7	84.03598678473917	56.38882025565502
116.96566530041622	6.139776200518014	116.70191330876335	22.996410638788387	40.500776707773205	39.72506318515883	131.8760641786039	5.177235605683029e-7	84.26696873251008	56.3317219135136
117.112049161258	6.146909687973985	116.87583284699883	23.002464027387717	39.668183248965185	40.10050989336786	118.10822548174981	5.177235605683029e-7	84.43449981997134	56.27771697068146
117.20484110815205	6.154036492221073	116.993247808781	23.008558746420146	38.92241603484226	40.475604853741004	105.79671803770695	5.177235605683029e-7	84.54559786662773	56.22611270994853
117.24965605872036	6.161156877889675	117.0601855133149	23.014682833726773	38.25447034147359	40.85036199419363	94.73534105491413	5.177235605683029e-7	84.60629009938945	56.1762977918501
117.25132967087995	6.168271036713834	117.08183226730323	23.020825658821575	37.656610225302565	41.2247914059915	84.74877014055231	5.177235605683029e-7	84.6217630823171	56.127731105382104
117.21403169990211	6.175379095811216	117.06265741721478	23.026977741174008	37.122181049253115	41.598899779538016	75.68720969586938	5.177235605683029e-7	84.59648670263556	56.07993226813484
117.14136004749082	6.182481124848924	117.0065161387734	23.033130594776953	36.645454276356894	41.97269078152267	67.42202271090973	5.177235605683029e-7	84.53431691017614	56.032473496396705
117.03641890122178	6.189577142253752	116.91673476321137	23.039276594569376	36.22149875876451	42.346165381776885	59.842137357420505	5.177235605683029e-7	84.43858100662877	55.98497261577663
116.90188370049479	6.196667120599004	116.79618170533695	23.045408861065088	35.846073867912814	42.71932213679012	52.851065931135295	5.177235605683029e-7	84.31214854717754	55.93708702329959
116.74005520294865	6.203750991278197	116.64732646127919	23.051521160170307	35.51554072067839	43.092157435694986	46.364439186961185	5.177235605683029e-7	84.15749032046799	55.888508444600916
116.55290441664731	6.210828648557929	116.47228867428328	23.057607815683518	35.2267884706442	43.464665713575656	40.30793953425519	5.177235605683029e-7	83.9767274037922	55.838958356274794
116.34210985916071	6.217899953087091	116.27287887822824	23.063663632383886	34.97717322528875	43.83683963616306	34.61555881847396	5.177235605683029e-7	83.77167190204025	55.7881839648355
116.10908837078061	6.224964734926972	116.05063221301168	23.069683827948694	34.76446763026576	44.20867025931481	29.228147236701794	5.177235605683029e-7	83.54386066373549	55.73595465108176
115.85502028404649	6.2320227961562775	115.80683616736489	23.075663972209846	34.58681952468002	44.580147166120334	24.092126693026753	5.177235605683029e-7	83.29458302909686	55.68205880267418
115.5808698808216	6.239073913095852	115.54255317084694	23.081599932477367	34.44271842813362	44.9512585839927	19.158423339554897	5.177235605683029e-7	83.02490343150656	55.626300969071536
115.28740155445925	6.246117838190385	115.25863871243295	23.08748782383182	34.330968839485514	45.32199148370499	14.381489365374184	5.177235605683029e-7	82.73567952954205	55.568499282067684
114.97519226863808	6.253154301577462	114.95575549429937	23.09332396342644	34.250669585505996	45.692331661972226	9.718455521575056	5.177235605683029e-7	82.42757637811668	55.50848309244482
114.6400749945773	6.26018301236678	114.63374683263149	23.09910482086197	34.202188395512	46.06226380877853	3.1641493251402864	5.177235605683029e-7	82.10044112951051	55.44609042475538
113.87591082888918	6.267203656024325	114.28317472117031	23.10482544953325	34.200351897745094	46.431771369701906	5.716985839204393e-5	5.177235605683029e-7	81.74485955253202	55.38108967544248
112.03527562475483	6.274215892520351	113.93294843485376	23.110483595865816	34.20035151998025	46.8008364484401	5.716985839204393e-5	5.177235605683029e-7	81.38968546805187	55.31338516726944
109.13840651934305	6.281219383207526	113.5842437720312	23.116080163701383	34.2003511422154	47.16944122144936	5.716985839204393e-5	5.177235605683029e-7	81.03609142547889	55.24303902468898
105.24171282661496	6.288213797325914	113.23705396489713	23.121616056561628	34.200350764450555	47.537568280311845	5.716985839204393e-5	5.177235605683029e-7	80.68406976879793	55.17011296178189
100.42107294923295	6.295198811862664	112.89137227841684	23.12709216312568	34.200350386685706	47.90520062435134	5.716985839204393e-5	5.177235605683029e-7	80.33361288951215	55.094667563147034
94.7703568191741	6.30217411141018	112.54719201012301	23.132509357481947	34.20035000892086	48.27232165316792	5.716985839204393e-5	5.177235605683029e-7	79.98471322618872	55.01676230358451
88.39959803558493	6.309139388026726	112.20450648991495	23.1378684993756	34.20034963115601	48.638915159301995	5.716985839204393e-5	5.177235605683029e-7	79.63736326401134	54.93645556743983
81.43285121730112	6.316094341099498	111.86330907985906	23.143170434451875	34.20034925339117	49.004965321026795	5.716985839204393e-5	5.177235605683029e-7	79.29155553433853	54.853804667614924
74.00577633516964	6.3230386772100475	111.52359317399167	23.148415994495156	34.20034887562632	49.37045669526625	5.716985839204393e-5	5.177235605683029e-7	78.947282614268	54.76886586425159
66.26299717216938	6.3299721100020765	111.18535219812374	23.15360599766402	34.20034849786148	49.735374210636195	5.716985839204393e-5	5.177235605683029e-7	78.60453712620732	54.6816943830932
58.35528495121196	6.336894360051533	110.84857960964679	23.15874124872221	34.20034812009663	50.0997031606076	5.716985839204393e-5	5.177235605683029e-7	78.2633117374497	54.59234443352996
50.43662261397196	6.3438051547389716	110.51326889734126	23.163822539265716	34.20034774233178	50.46342919678859	5.716985839204393e-5	5.177235605683029e-7	77.92359915975605	54.500869226333336
42.66120623607933	6.350704228124125	110.17941358118709	23.168850647945906	34.20034736456693	50.82653832232299	5.716985839204393e-5	5.177235605683029e-7	77.58539214894333	54.407320991085115
35.180442654847496	6.357591320822711	109.84700721217412	23.1738263406889	34.20034698680208	51.189016885406424	5.716985839204393e-5	5.177235605683029e-7	77.24868350447629	54.311750993305644
28.140001193582297	6.364466179885329	109.51604337211675	23.17875037091116	34.20034660903723	51.55085157291264	5.716985839204393e-5	5.177235605683029e-7	76.91346606906748	54.214209551287574
21.676976605394497	6.371328558678522	109.1865156734685	23.183623479731384	34.200346231272384	51.912029404133335	5.716985839204393e-5	5.177235605683029e-7	76.57973272828059	54.11474605263906
15.917220234914437	6.37817821676789	108.858417759139	23.18844639617881	34.20034585350754	52.272537724626375	5.716985839204393e-5	5.177235605683029e-7	76.24747641013994	54.013408970542045
10.972887639709208	6.385014919803249	108.53174330231266	23.193219837397937	34.200345475742694	52.63236420017158	5.716985839204393e-5	5.177235605683029e-7	75.91669008474524	53.910245879730375
6.940258464493086	6.39183843940581	108.20648600626829	23.197944508849737	34.200345097977845	52.99149681083271	5.716985839204393e-5	5.177235605683029e-7	75.58736676389078	53.80530347219233
4.097110037029862	6.385573125769469	107.88263956639568	23.20258012180808	34.889791527968626	52.66174346155154	5.716985839204393e-5	228.84629225592317	75.25954036385987	54.35034980192632
2.3071268605242468	6.351563377350795	107.56019707594203	23.206869767614407	37.04798141910513	50.87175670267398	5.716985839204393e-5	404.44363506461724	74.9334603875525	56.265319513176465
1.4363761314846957	6.301241011251142	107.23915050798658	23.210580351800033	40.08045527199635	48.223211118481785	5.716985839204393e-5	486.4864713586072	74.60935145327996	58.966967027440276
1.579571032839376	6.248113984679503	106.91949115615546	23.213614581044723	43.279287854973404	45.42705182523761	5.716985839204393e-5	466.8542785659753	74.28730197116836	61.77502981825663
1.7913262610716583	6.198630663463326	106.60121022381992	23.21599648803669	46.30436254400601	42.822666498070376	5.716985839204393e-5	440.7304236211293	73.96727917742832	64.3682912286638
1.9912497400211802	6.1526741396631595	106.28429912769715	23.217772463555615	49.160412243284895	40.40390208753533	5.716985839204393e-5	416.14242334616057	73.64922820772604	66.75491619461839
2.180036916935196	6.110030293991326	105.96874951373162	23.218986114377127	51.85737191348512	38.15948915743881	5.716985839204393e-5	392.9993210875756	73.33309720494455	68.94779101928576
2.3583420550355956	6.070497768811953	105.6545532441992	23.219678339877895	54.404588172062255	36.078829937471816	5.716985839204393e-5	371.2155547595984	73.01883722986156	70.95902855329271
2.5267806760800697	6.033887210113266	105.34170238555654	23.219887494538355	56.81085418698331	34.15195842701461	5.716985839204393e-5	350.71063678528225	72.70640208684446	72.80001422125002
2.6859318580113483	6.000020554469331	105.03018919701641	23.219649540774792	59.08444250028729	32.36950286680747	5.716985839204393e-5	331.40885302776087	72.39574815992174	74.4814493152688
2.8363403962967793	5.968730358320356	104.72000611980556	23.218998192675258	61.23313590436487	30.72265043791405	5.716985839204393e-5	313.2389795843203	72.08683425861304	76.01339171774067
2.9785188370290108	5.939859167065609	104.41114576706528	23.217965051178346	63.26425648625389	29.203114056085248	5.716985839204393e-5	296.13401638562243	71.77962147294102	77.40529420563249
3.1129493893886093	5.91325892160905	104.1036009143545	23.21657973120249	65.18469294853388	27.803101137319025	5.716985839204393e-5	280.03093660400674	71.47407303707782	78.66604047966767
3.2400857246656707	5.888790400122932	103.79736449072232	23.214869981206437	67.00092630963476	26.51528421699698	5.716985839204393e-5	264.8704509276887	71.17015420111362	79.80397905417091
3.3603546685542156	5.866322692944929	103.49242957031336	23.212861795629223	68.7190540794711	25.332773312891586	5.716985839204393e-5	250.59678582103393	70.86783211046317	80.82695513421045
3.4741577930429823	5.84573270864534	103.18878936447548	23.21057952063204	70.34481300073921	24.249089928702674	5.716985839204393e-5	237.15747494219835	70.56707569245849	81.74234059933075
3.581872913843428	5.82690470941974	102.88643721434111	23.20804595353869	71.88360044074558	23.25814260103953	5.716985839204393e-5	224.50316293959372	70.26785554970299	82.55706220594317
3.683855498976249	5.809729874061955	102.58536658384979	23.20528243634996	73.3404945140716	22.354203897998236	5.716985839204393e-5	212.5874208905332	69.97014385978024	83.277628114396
3.7804399938324877	5.794105886866445	102.28557105319203	23.20230894368713	74.72027301201786	21.531888782445048	5.716985839204393e-5	201.36657268535828	69.67391428094298	83.91015284102983
3.8719410676030637	5.779936550940964	101.98704431264305	23.199144165491134	76.02743120874037	20.78613426005131	5.716985839204393e-5	190.79953171575258	69.37914186342505	84.46038072750417
3.958654785779617	5.767131424469124	101.68978015676703	23.19580558479168	77.26619861126257	20.112180235217636	5.716985839204393e-5	180.84764725091327	69.08580296604323	84.93370801612359
4.040859713062791	5.755605478576615	101.39377247896866	23.192309550835706	78.44055471530791	19.505551504032905	5.716985839204393e-5	171.4745599333448	68.79387517777737	85.33520361295015
4.118817950828918	5.745278775512285	101.09901526637104	23.188671347852395	79.55424382625257	18.962040816436648	5.716985839204393e-5	162.64606585029932	68.50333724403056	85.66962861700104
4.192776113104027	5.736076165917995	100.80550259500079	23.184905259718512	80.61078900161128	18.4776929430529	5.716985839204393e-5	154.32998866335927	68.21416899728767	85.9414546900215
4.262966244627636	5.7279270040749415	100.51322862526177	23.181024630763147	81.61350516623426	18.04878968815537	5.716985839204393e-5	146.49605932669306	67.92635129191476	86.15488133440594
4.329606684449666	5.720764880057413	100.22218759768023	23.177041922941843	82.56551144940612	17.67183579249595	5.716985839204393e-5	139.1158029427372	67.63986594285265	86.31385214421718
4.392902878307982	5.714527367785614	99.93237382890554	23.172968769596935	83.46974279023922	17.343545672927636	5.716985839204393e-5	132.1624323297257	67.35469566797263	86.42207009056162
4.453048142771189	5.709155788050979	99.64378170795081	23.168816026003345	84.32896085399932	17.0608309500521	5.716985839204393e-5	125.61074790994142	67.07082403387967	86.48301189761396
4.510224384053336	5.704594985611458	99.35640569265915	23.164593816893934	85.14576430088712	16.820788716393107	5.716985839204393e-5	119.43704353777474	66.78823540495529	86.49994156411935
4.5646027742514415	5.700793119502698	99.07024030638232	23.16031158114802	85.92259844657434	16.62069050014259	5.716985839204393e-5	113.61901790708818	66.50691489544339	86.4759230822616
4.616344387441426	5.697701465808948	98.78528013485855	23.155978113805716	86.66176434928842	16.45797188468206	5.716985839204393e-5	108.13569121871468	66.226848324404	86.41383239983398
4.66560079803534	5.695274232147641	98.50151982327814	23.151601605568455	87.36542735777289	16.33022274461325	5.716985839204393e-5	102.9673267931926	65.94802217336294	86.3163686710364
4.712514643673223	5.693468383161825	98.21895407352537	23.14718967993749	88.03562515259979	16.235178061149256	5.716985839204393e-5	98.0953573308227	65.67042354649486	86.1860648387789
4.757220154683209	5.692243476389118	97.9375776415859	23.14274942812608	88.6742753098853	16.170709283638352	5.716985839204393e-5	93.50231555255337	65.39404013319341	86.02529758684369
4.799843652121048	5.691561507882688	97.65738533511117	23.13828744187968	89.28318241614015	16.134816204352568	5.716985839204393e-5	89.17176895812646	65.1188601728857	85.8362966998451
4.840504016299953	5.6913867669911005	97.37837201112772	23.133809844331598	89.86404476155307	16.12561931532163	5.716985839204393e-5	85.0882584510772	64.8448724219522	85.62115386702044
4.879313127585146	5.691685699746017	97.10053257388526	23.129322319012648	90.41846063705583	16.14135261821202	5.716985839204393e-5	81.23724059804967	64.57206612262733	85.381830963327
4.916376280967696	5.692426780387626	96.82386197283395	23.12483013711578	90.94793425680655	16.18035686250721	5.716985839204393e-5	77.6050333239555	64.30043097377062	85.12016783640317
4.951792576091779	5.6935803905079885	96.54835520072321	23.120338183127508	91.45388133000775	16.241073184631553	5.716985839204393e-5	74.1787648235834	64.0299571033889	84.83788963097155
4.9856552841537765	5.695118705371945	96.27400729181527	23.11585097892076	91.937634302322	16.322037124839778	5.716985839204393e-5	70.9463255037793	63.76063504280886	84.53661367743646
5.01805219300178	5.697015587003159	96.00081332020548	23.111372706397784	92.4004472858649	16.421873000166855	5.716985839204393e-5	67.89632278210038	63.49245570240287	84.21785596972687
5.049065931758163	5.699246483624547	95.7287683982459	23.106907228771433	92.84350069667036	16.539288611818844	5.716985839204393e-5	65.01803856860083	63.225410348776904	83.88303725733992
5.078774276216596	5.701788335064816	95.45786767506021	23.102458110568246	93.26790561750514	16.673070266569866	5.716985839204393e-5	62.301389266784426	62.9594905833253	83.53348877516721
5.107250436184768	5.704619483767194	95.18810633515147	23.098028636431604	93.67470790276472	16.822078093010827	5.716985839204393e-5	59.736888140205124	62.694688322075706	83.17045763321613
5.134563325712719	5.707719591108828	94.91947959709155	23.093621828787494	94.06489203887831	16.98524163730729	5.716985839204393e-5	57.31560992157327	62.430995776750535	82.79511188392901
5.160777817322294	5.711069558684378	94.65198271229019	23.089240464447467	94.43938477615794	17.161555720231004	5.716985839204393e-5	55.02915751817091	62.16840543696876	82.40854528815014
5.185954981183003	5.714651454260408	94.3856109638381	23.08488709021175	94.79905854559665	17.350076540022055	5.716985839204393e-5	52.869630689702916	61.90691005351929	82.01178179756276
5.210152310079011	5.718448442138327	94.12035966541937	23.080564037528887	95.14473467268249	17.549918007280944	5.716985839204393e-5	50.82959658789401	61.64650262264518	81.6057797695237
5.233423931011167	5.722444717663856	93.85622416029048	23.07627343626823	95.47718640028471	17.760248298098237	5.716985839204393e-5	48.9020620472313	61.387176371279665	81.19143593021438
5.25582080426293	5.726625445625837	93.5931998203184	23.072017227660467	95.79714173245276	17.980286611886733	5.716985839204393e-5	47.08044751825306	61.128924743171574	80.7695891017271
5.277390910698996	5.730976702305481	93.33128204507997	23.067797176457628	96.10528611011084	18.20930012134168	5.716985839204393e-5	45.35856254261088	60.87174138585061	80.34102370760294
5.298179427976673	5.73548542096524	93.07046626101162	23.063614882357726	96.40226492836337	18.446601103434286	5.716985839204393e-5	43.73058268081916	60.61562013837711	79.90647306961985
5.318228896246252	5.7401393405981915	92.81074792061284	23.059471790732587	96.68868590364306	18.69154424201067	5.716985839204393e-5	42.19102781715641	60.36055501984054	79.46662250671537
5.337579374069298	5.74492695771176	92.55212250169643	23.05536920270743	96.96512130111515	18.943524090093195	5.716985839204393e-5	40.734741746208584	60.10654021855187	79.02211224977898
5.3562685851014304	5.749837480976095	92.29458550668373	23.05130828462861	97.23211003014562	19.20197268295292	5.716985839204393e-5	39.35687296942877	59.85357008189132	78.57354018262133
5.37433205605855	5.754860788575981	92.03813246194281	23.047290076954198	97.49015961524732	19.46635729347327	5.716985839204393e-5	38.05285663370555	59.60163910677504	78.12146441890631
5.391803246485754	5.759987388105187	91.78275891716488	23.04331550260186	97.73974804992166	19.736178321326218	5.716985839204393e-5	36.81839754390575	59.35074193070159	77.66640572482925
5.408713670841575	5.765208378843957	91.52846044478056	23.03938537478841	97.98132554071911	20.01096730757729	5.716985839204393e-5	35.649454182200635	59.10087332334543	77.20884979721811
5.425093013369238	5.770515416273466	91.27523263940776	23.03550040439223	98.21531614825714	20.290285067025067	5.716985839204393e-5	34.54222367238513	58.85202817865819	76.74924940593388
5.440969236189952	5.7759006786919445	91.02307111733523	23.031661206867803	98.44211933141021	20.573719931155544	5.716985839204393e-5	33.49312763216163	58.604201507452494	76.28802640878841
5.456368680928781	5.781356835836314	90.77197151603548	23.02786830873278	98.66211139910776	20.860886096648667	5.716985839204393e-5	32.49879887271569	58.357388430441794	75.82557364481886
5.471316164342135	5.7868770193636	90.52192949370706	23.02412215365906	98.8756468764414	21.15142207176897	5.716985839204393e-5	31.55606888410884	58.111584171704564	75.36225671476868
5.485835068295241	5.79245479508404	90.27294072884422	23.020423108190943	99.08305979005719	21.44498921495004	5.716985839204393e-5	30.66195606084224	57.86678405254816	74.89841565534067
5.499947424398657	5.798084136849986	90.02500091983165	23.016771467110967	99.28466487724886	21.741270360526148	5.716985839204393e-5	29.813654627095236	57.62298348574916	74.43436651304461
5.513673993613048	5.803759402004581	89.77810578456359	23.01316745847408	99.48075872316872	22.039968526557455	5.716985839204393e-5	29.008524221115668	57.380177970149184	73.97040282347042
5.527034341131529	5.809475308294235	89.53225106008561	23.009611248330636	99.67162083057559	22.34080569969718	5.716985839204393e-5	28.244080098233034	57.138363085583784	73.50679700181566
5.540046906836923	5.815226912152612	89.2874325022575	23.00610294515813	99.85751462636694	22.64352169224334	5.716985839204393e-5	27.51798391353137	56.89753448812311	73.04380165027149
5.552729071610476	5.821009588270373	89.0436458854335	23.002642604019922	100.03868840884626	22.947873066862293	5.716985839204393e-5	26.8280350479521	56.657687905602366	72.5816507874731
5.565097219711175	5.826819010382407	88.80088700216614	22.999230230465752	100.21537623885625	23.25363212539045	5.716985839204393e-5	26.17216244908569	56.41881913343349	72.12056100416278
5.577166797423289	5.832651133211604	88.55915166292283	22.99586578418694	100.38779877760074	23.56058595850606	5.716985839204393e-5	25.548416960793954	56.18092403067452	71.66073254876241
5.588952368255896	5.838502175480797	88.31843569582112	22.99254918244535	100.5561640752094	23.86853555162147	5.716985839204393e-5	24.954964104452564	55.94399851634306	71.20235034822329
5.600467664881392	5.844368603934984	88.07873494637857	22.989280303288442	100.72066831271648	24.177294943947096	5.716985839204393e-5	24.390077287321624	55.7080385659582	70.74558496766856
5.611725637991469	5.850247118318407	87.84004527727728	22.98605898856233	100.88149650000331	24.48669043781146	5.716985839204393e-5	23.85213141465621	55.47304020829833	70.2905935121918
5.622738502249073	5.856134637251109	87.60236256814159	22.982885046734683	101.03882313225478	24.796559855322077	5.716985839204393e-5	23.339596882166045	55.238999522362164	69.83752047417426
5.633517779514821	5.862028284949554	87.36568271532914	22.979758255539345	101.19281280747975	25.10675183945081	5.716985839204393e-5	22.851033925435814	55.00591263452074	69.38649852948501
5.644074339522385	5.867925378737211	87.13000163173317	22.976678364454276	101.34362080758783	25.417125196695928	5.716985839204393e-5	22.38508730344509	54.773775715847165	68.93764928584872
5.654418438159726	5.873823417296403	86.89531524659508	22.973645097023223	101.49139364526414	25.727548278758608	5.716985839204393e-5	21.940481295630015	54.5425849796126	68.4910839863365
5.664559753498052	5.879720069617321	86.66161950532968	22.970658153030566	101.63626957866879	26.037898400912187	5.716985839204393e-5	21.51601499388923	54.31233667894121	68.04690417065778
5.674507419652268	5.885613164618382	86.42891036935809	22.967717210534847	101.77837909515759	26.34806129570494	5.716985839204393e-5	21.110557878573914	54.08302710461398	67.60520229581883
5.684270058651782	5.8915006813823005	86.19718381595051	22.964821927772913	101.9178453665792	26.657930599069054	5.716985839204393e-5	20.72304565501436	53.85465258301155	67.16606231952619
5.693855810436415	5.897380739972301	85.96643583807781	22.96197194494225	102.05478467778825	26.967407366963837	5.716985839204393e-5	20.352476335551117	53.62720947418716	66.72956024849293
5.703272361076883	5.90325159279766	85.73666244427062	22.95916688586813	102.18930682979494	27.276399620930086	5.716985839204393e-5	19.997906554040128	53.40069417006234	66.29576465351889
5.712526969319463	5.909111616497623	85.50785965848627	22.956406359562152	102.32151551897466	27.584821920928132	5.716985839204393e-5	19.658448099778415	53.17510309273862	65.86473715322192
5.721626491554497	5.914959304312824	85.28002351998265	22.953689961678805	102.45150869376086	27.892594963833442	5.716985839204393e-5	19.33326465779512	52.95043269291798	65.43653286829459
5.730577405308374	5.920793258913282	85.05315008319852	22.95101727587662	102.57937889024481	28.1996452059628	5.716985839204393e-5	19.021568742453283	52.726679448425024	65.0112008481624
5.772982041371763	5.9266405539775215	84.82723541764325	22.94838789039592	102.7037200054036	28.507397577764905	5.716985839204393e-5	15.365834642538328	52.50383984755219	64.58736682091553
6.953181903523652	5.934490483198649	84.60227562093397	22.945811390235573	102.71954225511482	28.92055174729798	5.716985839204393e-5	-9.605628156916247e-6	52.28190042983868	64.0660453518417
9.81109330492387	5.942573698648915	84.3782668743145	22.943301799188635	102.71954180984595	29.345984139417244	5.716985839204393e-5	-9.605628156916247e-6	52.06084338834914	63.53640502698149
14.333900664173722	5.950590232664999	84.15520539576792	22.940858177133617	102.7195413645771	29.767906982369038	5.716985839204393e-5	-9.605628156916247e-6	51.84066588686055	63.013397223426345
20.49955949903404	5.958540918996118	83.93308741423424	22.938479293485354	102.71954091930824	30.18636415769107	5.716985839204393e-5	-9.605628156916247e-6	51.6213653899689	62.49691872445724
28.27801796453583	5.96642657842407	83.71190916956272	22.93616393919763	102.71954047403938	30.60139886442542	5.716985839204393e-5	-9.605628156916247e-6	51.40293935166172	61.986868038673485
37.63136332371279	5.97424801897996	83.49166691255658	22.933910926391803	102.71954002877052	31.013053630524873	5.716985839204393e-5	-9.605628156916247e-6	51.18538521573328	61.483145370587614
48.514006742442504	5.982006036157224	83.27235690501578	22.931719087991787	102.71953958350166	31.421370324065094	5.716985839204393e-5	-9.605628156916247e-6	50.96870041619157	60.985652591723614
60.87290548687291	5.9897014131210256	83.05397541977827	22.929587277365336	102.7195391382328	31.82639016426521	5.716985839204393e-5	-9.605628156916247e-6	50.75288237765757	60.494293212210884
74.64782146259239	5.99733492091409	82.83651874075933	22.92751436797146	102.71953869296395	32.22815373232122	5.716985839204393e-5	-9.605628156916247e-6	50.537928515756306	60.008972352863914
86.84800099224393	6.0049073712109715	84.33836750427481	22.925565292004794	100.04884399496903	32.62670374794657	1254.8167798412803	-9.605628156916247e-6	52.038724762744486	59.5328960396865
91.86697812195528	6.012422227419903	89.49798046079842	22.92455952897966	91.67152440312604	33.022222495785066	1184.4988664351638	-9.605628156916247e-6	57.18904284612647	59.10686507798321
96.01163246200687	6.019886928218034	93.96956057847996	22.924680731547706	84.33053633163875	33.41510148516034	1021.035977620192	-9.605628156916247e-6	61.651576693545124	58.73969016647896
99.53034273046839	6.027308380937186	97.77013188670473	22.925764442007537	78.00415966206455	33.80570425985252	880.1054577385677	-9.605628156916247e-6	65.44348048372967	58.422803053513256
102.51558460969179	6.034692469055937	100.9958682103258	22.927666449754266	72.54718289533078	34.19434047662888	759.858235539739	-9.605628156916247e-6	68.66088000057032	58.148699034912156
105.04766719615428	6.042044196427354	103.7323077289777	22.930263688422393	67.83030462847086	34.58127349617718	657.6797694450241	-9.605628156916247e-6	71.38926550953616	57.91097459974776
107.19521736747785	6.049367817970419	106.05330567717239	22.93345155453178	63.74183598672006	34.966727261601626	570.9558810094684	-9.605628156916247e-6	73.70244922419212	57.704186828063854
109.01620903819483	6.056666952479166	108.02162458033172	22.93714124239351	60.18686040104177	35.35089223574615	497.2922647882924	-9.605628156916247e-6	75.66315702389035	57.523714495712866
110.55931565468559	6.063944678557884	109.69012839450428	22.94125731122748	57.08544923599267	35.733930450415514	434.59366594739106	-9.605628156916247e-6	77.3242226380007	57.36563163347559
111.86528890349402	6.071203615539765	111.10314269805205	22.94573555878056	54.3706108583571	36.11597976525134	381.0731385777257	-9.605628156916247e-6	78.72994724478184	57.226597162035375
112.96822827655895	6.078445991463635	112.29777009814535	22.950521207974706	51.98630026570943	36.49715744545502	335.22912506354277	-9.605628156916247e-6	79.91741406204648	57.10376082554916
113.89669182846869	6.085673700100299	113.30507098773492	22.955567382274847	49.88562948058344	36.87756316317419	295.8104562236466	-9.605628156916247e-6	80.91766826892213	56.9946841087228
114.67464018159454	6.092888348810429	114.15108204937366	22.960833833950318	48.029322591921556	37.25728151633893	261.77910196720205	-9.605628156916247e-6	81.7567347459314	56.89727425698999
115.32222533858997	6.100091298769145	114.85767487321414	22.966285887523952	46.38441285166589	37.636384145745005	232.27526854468223	-9.605628156916247e-6	82.45647603362285	56.809729437735974
115.85644342434013	6.1072836988512496	115.4432700514896	22.971893563247995	44.92315898718881	38.01493151848737	206.58672228202508	-9.605628156916247e-6	83.03530587648855	56.730493219832816
116.29167165696403	6.114466514253849	115.92342647047462	22.977630849706056	43.622151001024775	38.392974434413645	184.12262910147086	-9.605628156916247e-6	83.50877806463919	56.658216772605854
116.640108977034	6.121640550745854	116.31132554585447	22.983475099264787	42.461575557594784	38.770555302413904	164.39175144653652	-9.605628156916247e-6	83.89007030597762	56.59172742594222
116.9121373730907	6.128806475276282	116.61816838952608	22.989406524458207	41.42461366024202	39.14770922506799	146.9845276390871	-9.605628156916247e-6	84.190381102862	56.53000245909184
117.11661803079059	6.135964833542713	116.85350150828155	22.995407777232252	40.49694691786373	39.52446492330114	131.55829711130008	-9.605628156916247e-6	84.41925522060797	56.47214718447244
117.26113469900243	6.143116065013996	117.02548406389118	23.001463596246868	39.66635259769864	39.90084552705286	117.82535341239773	-9.605628156916247e-6	84.58485076611198	56.417376561639145
117.35219377186549	6.150260515813547	117.1411075373549	23.007560510151045	38.92237097747835	40.27686925334499	105.54315311208732	-9.605628156916247e-6	84.69415870978415	56.36499971687045
117.39538927137772	6.15739844979799	117.206376600788	23.01368658697896	38.25603161196095	40.65254998936833	94.50637115163896	-9.605628156916247e-6	84.7531836465159	56.31440685904377
117.3955390510637	6.164530058107551	117.22645837819893	23.019831221632877	37.65962759506937	41.02789779513468	84.54037228916437	-9.605628156916247e-6	84.76709297062467	56.26505817626162
117.35679770271315	6.1716554674169	117.20580586544565	23.025984954892245	37.12652904706332	41.40291933773199	75.4959544905113	-9.605628156916247e-6	84.74034023009311	56.21647437376268
117.28275006467628	6.1787747470762255	117.14826021953105	23.03213931857915	36.65102866780505	41.7776182671702	67.24495842937081	-9.605628156916247e-6	84.67676736621935	56.16822857514173
117.1764889949709	6.185887915300316	117.05713566613942	23.038286702473165	36.228213661945006	42.15199554212235	59.67670027249193	-9.605628156916247e-6	84.57968958449717	56.119939358638
117.04068003815149	6.192994944537162	116.93529008208637	23.04442023934538	35.85385939426747	42.52604971248268	52.69501388931125	-9.605628156916247e-6	84.45196591091906	56.07126474040665
116.87761521360231	6.200095766125888	116.78518370869018	23.050533705109434	35.52434104800411	42.89977716452092	46.2157883128063	-9.605628156916247e-6	84.29605788780506	56.02189694917322
116.68925772739095	6.2071902743358685	116.60892797860713	23.05662143159499	35.23656027947292	43.27317233346729	40.16491024865072	-9.605628156916247e-6	84.1140783902316	55.97155786295213
116.47727908450132	6.214278329863815	116.40832605465441	23.062678229859685	34.987884446890206	43.64622788756968	34.47655078019039	-9.605628156916247e-6	83.9078321604737	55.91999499978934
116.24308966932483	6.221359762853134	116.1849063793081	23.068699322287543	34.776096447244335	44.01893488700755	29.09168086510754	-9.605628156916247e-6	83.67884935830386	55.866977971716324
115.98786385358882	6.2284343754892655	115.93995026302709	23.07468028199043	34.599353607529004	44.391282920488194	23.95683113760537	-9.605628156916247e-6	83.42841315472715	55.81229532505388
115.71256026191926	6.2355019442156365	115.67451435160173	23.08061697824485	34.456154362323204	44.76326022187602	19.02299101551274	-9.605628156916247e-6	83.15758220893893	55.75575170145645
115.41793788204525	6.242562221607232	115.38944862397966	23.086505526870223	34.345311737870155	45.134853768802095	14.244664889543769	-9.605628156916247e-6	82.86720867974987	55.69716526314535
115.10456837915773	6.249614937932066	115.0854104432599	23.09234224459199	34.26593285888146	45.506049364846014	9.579003805652938	-9.605628156916247e-6	82.55795229407971	55.63636533299188
114.76705268127475	6.256659802421107	114.76192325374406	23.098123593781473	34.21888243271592	45.87683170637453	2.5647496220890846	-9.605628156916247e-6	82.22934097800652	55.57318956801413
113.97054447585506	6.263696500310907	114.41039373815092	23.103844555879814	34.21767752107731	46.24718422689028	0.00010118207469505981	-9.605628156916247e-6	81.87280357512077	55.5074027784416
112.09172076636473	6.270724691885568	114.05961946063492	23.1095030792459	34.21767678232846	46.61708904660932	0.00010118207469505981	-9.605628156916247e-6	81.51708221695502	55.43891936801299
109.15693372070463	6.277744039437232	113.71036915153174	23.115100073548867	34.21767604357961	46.98652839143377	0.00010118207469505981	-9.605628156916247e-6	81.16294319159958	55.367801705578046
105.2233310344849	6.284754213134859	113.36263603321842	23.12063644122162	34.217675304830756	47.355484901835126	0.00010118207469505981	-9.605628156916247e-6	80.81037883432805	55.29411140433445
100.36750984162988	6.291754890881823	113.01641336087981	23.12611306987425	34.217674566081904	47.72394162535957	0.00010118207469505981	-9.605628156916247e-6	80.45938152794959	55.2179089496177
94.68402515885829	6.298745758174282	112.67169442230534	23.131530832545494	34.21767382733305	48.09188200917319	0.00010118207469505981	-9.605628156916247e-6	80.10994370235504	55.139253718556915
88.28354868539833	6.3057265079619755	112.32847253768841	23.1368905879499	34.2176730885842	48.45928989273606	0.00010118207469505981	-9.605628156916247e-6	79.76205783407029	55.05820399939234
81.29071371843648	6.312696840511495	111.98674105942669	23.142193180720767	34.21767234983535	48.8261495006055	0.00010118207469505981	-9.605628156916247e-6	79.41571644581421	54.97481701045983
73.84168822976753	6.319656463271907	111.64649337192476	23.147439441648952	34.217671611086494	49.19244543536401	0.00010118207469505981	-9.605628156916247e-6	79.0709121060636	54.889148918848385
66.08152341568277	6.326605090742728	111.30772289139888	23.152630187917534	34.21767087233764	49.55816267067037	0.00010118207469505981	-9.605628156916247e-6	78.727637428624	54.80125485873644
58.16132903815892	6.333542444344219	110.97042306568262	23.157766223332533	34.21767013358879	49.92328654443305	0.00010118207469505981	-9.605628156916247e-6	78.3858850722056	54.71118894941193
50.23533107412422	6.340468252289915	110.63458737403558	23.162848338549637	34.217669394839945	50.28780275210128	0.00010118207469505981	-9.605628156916247e-6	78.04564774000583	54.619004312982256
42.4578684158151	6.347382249461401	110.30020932695294	23.167877311297055	34.21766865609109	50.65169734007423	0.00010118207469505981	-9.605628156916247e-6	77.7069181792972	54.52475309177888
34.980387646669755	6.354284177285263	109.9672824659772	23.172853906594582	34.21766791734224	51.01495669922484	0.00010118207469505981	-9.605628156916247e-6	77.36968918102049	54.428486465462115
27.948494152380743	6.361173783612185	109.6358003635117	23.177778876968887	34.21766717859339	51.37756755853656	0.00010118207469505981	-9.605628156916247e-6	77.03395357938396	54.33025466783126
21.499116224218206	6.368050822598181	109.30575662263514	23.182652962665152	34.217666439844535	51.73951697885212	0.00010118207469505981	-9.605628156916247e-6	76.69970425146697	54.23010700334474
15.757839322273275	6.374915054587861	108.97714487691904	23.187476891855056	34.21766570109568	52.10079234673	0.00010118207469505981	-9.605628156916247e-6	76.36693411683022	54.128091863356026
10.836459902803808	6.381766245999776	108.6499587902456	23.19225138084124	34.21766496234683	52.46138136840975	0.00010118207469505981	-9.605628156916247e-6	76.03563613713001	54.02425674206927
6.830810069945498	6.388604169213741	108.32419205662818	23.196977134258223	34.21766422359798	52.821272063881594	0.00010118207469505981	-9.605628156916247e-6	75.70580331573838	53.9186482522203
4.027063701645459	6.381469050391204	107.99983835666934	23.201609486521267	34.95377840431337	52.445739494274406	0.00010118207469505981	235.44051207235714	75.37747392230332	54.50702180649907
2.262710880760231	6.346812805930602	107.67689074090906	23.205886993220023	37.14715396094502	50.62172662792688	0.00010118207469505981	408.41016971481963	75.05090194380128	56.4537093644671
1.428693115806858	6.296226194813446	107.35534114351934	23.209580458248777	40.19484563299517	47.959273411234456	0.00010118207469505981	486.7532850984413	74.72630806913216	59.16771317176261
1.5870181040989073	6.243254099001053	107.03518083787175	23.212597362398267	43.38683729220418	45.171268368476944	0.00010118207469505981	465.6235766879971	74.4037759236261	61.96716316985667
1.7982161184023677	6.193945748938005	106.71640102393984	23.21496392809712	46.403951782253614	42.57609204936919	0.00010118207469505981	439.5729402513463	74.08327055473312	64.55090895795173
1.9976155383082974	6.148154030092703	106.39899311790688	23.216726445964373	49.252514923766896	40.16600158382694	0.00010118207469505981	415.0538263762231	73.76473719754729	66.92862079357955
2.18590984950755	6.1056654295889885	106.08294876464097	23.217928396805103	51.94243365518479	37.92975945205251	0.00010118207469505981	391.97553520592635	73.44812411959656	69.11314836080167
2.36375146993919	6.066279160143088	105.76825982482414	23.218610561715295	54.483028232779645	35.85679790226827	0.00010118207469505981	370.2527462181724	73.1333824981125	71.11657007860629
2.531754185453609	6.029806404177062	105.45491836283585	23.21881118412496	56.88306702584277	33.937179167214246	0.00010118207469505981	349.80519907012786	72.82046624621833	72.95023899739095
2.6904954409756616	5.996069602793829	105.14291663536042	23.21856612219807	59.150799247586384	32.16155804178096	0.00010118207469505981	330.5573933795993	72.5093318494633	74.62482597020798
2.840518495740395	5.964901786952058	104.83224708067509	23.21790899216184	61.29398574422543	30.521146681687764	0.00010118207469505981	312.43830631894895	72.19993821208895	76.15036026048496
2.982334450650622	5.93614594834169	104.52290230857861	23.216871303103	63.31992795722868	29.007681491668407	0.00010118207469505981	295.38112696688944	71.89224651245058	77.53626773806153
3.1164241553388905	5.909654447605827	104.21487509092125	23.215482583737412	65.23549516706107	27.6133919792545	0.00010118207469505981	279.3230064244762	71.58622006704962	78.79140680657538
3.243240002113847	5.885288457679573	103.90815835270219	23.21377050163258	67.04715012098903	26.330971456820134	0.00010118207469505981	264.20482275435523	71.28182420266415	79.92410219764632
3.3632076134733575	5.862917440171152	103.60274516369827	23.21176097532931	68.76097314041061	25.153549482692693	0.00010118207469505981	249.97095986756204	70.97902613609665	80.94217675790387
3.4767274294995403	5.842418652824425	103.2986287305938	23.20947827978429	70.38268479792751	24.07466593812812	0.00010118207469505981	236.56909953027107	70.67779486108721	81.85298134798927
3.5841762010550147	5.8236766862248945	102.99580238958306	23.20694514552893	71.91766724872	23.088246643415957	0.00010118207469505981	223.95002571477053	70.37810104197007	82.66342296519778
3.685908394396921	5.8065830280055915	102.69425959941135	23.20418285191934	73.37098429646151	22.188580421347368	0.00010118207469505981	212.0674405586496	70.07991691366456	83.37999119568356
3.7822575124968383	5.791035652910478	102.39399393483805	23.201211314830967	74.74740026931748	21.370297521604552	0.00010118207469505981	200.8777912391465	69.7832161876317	84.00878309602044
3.8735373379508014	5.776938637199371	102.09499908048711	23.198049169123628	76.05139777580266	20.628349326283164	0.00010118207469505981	190.34010712263955	69.48797396343649	84.5555265962088
3.960043102167618	5.76420179593847	101.79726882506765	23.19471384619032	77.28719440747147	19.957989259919934	0.00010118207469505981	180.41584657486771	69.19416664558602	85.02560251258858
4.042052585157611	5.752740341834655	101.50079705594032	23.191221646878255	78.45875845018566	19.35475483340335	0.00010118207469505981	171.0687528654869	68.90177186533127	85.42406525217596
4.119827150073331	5.74247456432453	101.20557775400984	23.187587810059373	79.56982366326736	18.814450753923104	0.00010118207469505981	162.26471862290248	68.61076840713605	85.75566228673817
4.1936127164370305	5.733329527696534	100.91160498892312	23.183826577113134	80.62390318274878	18.333133036660147	0.00010118207469505981	153.97165832373292	68.3211361395308	86.024852470826
4.2636406756013745	5.725234787145003	100.61887291455581	23.17995125255829	81.62430259938226	17.907094060263766	0.00010118207469505981	146.1593883521454	68.03285595009719	86.2358232706604
4.3301287519159954	5.718124121678022	100.32737576476897	23.17597426106558	82.57413226101971	17.532848509370027	0.00010118207469505981	138.79951417398516	67.74590968433459	86.39250696937391
4.393281812803699	5.711935282884316	100.03710784942096	23.171907201065217	83.47631884512977	17.207120151806592	0.00010118207469505981	131.86532420584427	67.46028008817925	86.49859590904113
4.453292630742164	5.706609758629041	99.74806355061892	23.16776089514924	84.33361624425069	16.926829401528913	0.00010118207469505981	125.33168998647022	67.17595075396163	86.5575568260061
4.510342600055034	5.702092550776969	99.46023731919352	23.16354543746248	85.14861580586312	16.689081619840955	0.00010118207469505981	119.17497226997607	66.89290606959172	86.57264433427177
4.564602411248843	5.698331966093251	99.17362367138811	23.15927023826506	85.92375596577467	16.491156110171577	0.00010118207469505981	113.3729326822234	66.61113117078136	86.54691360858651
4.616232685299036	5.695279419575855	98.88821718574431	23.154944065826594	86.66133130934887	16.330495767150744	0.00010118207469505981	107.90465062546444	66.33061189612532	86.48323231253312
4.6653845703286185	5.692889249460854	98.6040125001759	23.15057508581547	87.36350109548576	16.20469734004541	0.00010118207469505981	102.75044511100612	66.05133474487054	86.38429181772686
4.71220030290529	5.691118543209565	98.32100430921811	23.146170898331587	88.0322972751525	16.111502274188094	0.00010118207469505981	97.89180122820999	65.77328683721196	86.25261775609718
4.756813735999206	5.689926973843498	98.03918736144259	23.14173857271904	88.669632033637	16.04878809702671	0.00010118207469505981	93.31130098221186	65.49645587696946	86.09057994377311
4.799350835619428	5.689276646000572	97.75855645702762	23.137284680293334	89.27730488535447	16.014560315820027	0.00010118207469505981	88.9925582358969	65.22083011650116	85.90040171463409
4.839930148033921	5.689131951121179	97.47910644547449	23.13281532511035	89.85700934841864	16.006944795852007	0.00010118207469505981	84.92015750650837	64.94639832371656	85.68416869945463
4.878663239310334	5.689459431224775	97.20083222346074	23.128336172893	90.41033922379597	16.0241805907781	0.00010118207469505981	81.0795963892267	64.67314975106547	85.44383708340742
4.915655108717911	5.690227650798736	96.92372873282328	23.123852478218343	90.93879450104707	16.06461319993395	0.00010118207469505981	77.45723140586507	64.40107410639202	85.18124137097638
4.9510045776612435	5.691407076280821	96.64779095866224	23.119369110076693	91.44378691452326	16.1266882253068	0.00010118207469505981	74.04022705974023	64.13016152553433	84.89810168978974
4.984804655536676	5.692969962703418	96.37301392755903	23.11489057589557	91.92664516988657	16.208945405443508	0.00010118207469505981	70.81650791445675	63.860402546570185	84.59603065960366
5.017142883851278	5.694890247083609	96.0993927059019	23.110421044117818	92.38861986009518	16.310013004400908	0.00010118207469505981	67.77471352101558	63.59178808561273	84.2765398517066
5.048101659932559	5.6971434481466705	95.82692239831256	23.105964365422636	92.83088808982775	16.428602534035775	0.00010118207469505981	64.90415601919375	63.32430941406166	83.94104586379429
5.077758541474616	5.6997065719963595	95.55559814616628	23.101524092672516	93.25455782614284	16.563503789282542	0.00010118207469505981	62.19478024995693	63.05795813721918	83.5908760338039
5.106186533064301	5.70255802337682	95.28541512620238	23.097103499662538	93.66067199170979	16.713580177727856	0.00010118207469505981	59.637126229034415	62.79272617419132	83.22727381428193
5.1334543556394605	5.7056775222306975	95.01636854921756	23.09270559873539	94.05021231421208	16.877764327931903	0.00010118207469505981	57.22229385690618	62.52860573900402	82.85140382523065
5.15962670001102	5.709046025201984	94.74845365883806	23.088333157337726	94.42410294809149	17.055053957999654	0.00010118207469505981	54.94190971687901	62.265589322854474	82.46435660678313
5.184764465360416	5.712645651800689	94.48166573036568	23.083988713578634	94.78321388165429	17.244507989510403	0.00010118207469505981	52.78809584180976	62.003669677432036	82.0671530888933
5.208924983564397	5.716459614964792	94.21600006969337	23.079674590847027	95.12836414171116	17.445242892884266	0.00010118207469505981	50.75344033782205	61.742839799247704	81.66074879410782
5.232162230199289	5.720472155754983	93.95145201228621	23.07539291154483	95.4603248079239	17.65642925026271	0.00010118207469505981	48.83096975335194	61.48309291491141	81.24603778948848
5.254527023048406	5.72466848192648	93.68801692222301	23.07114560999086	95.77982184862559	17.877288522446804	0.00010118207469505981	47.014123085589944	61.22442246729741	80.82385640321517
5.276067208886982	5.729034710137484	93.42569019129654	23.066934444547112	96.08753878917666	18.10709000723647	0.00010118207469505981	45.29672732283275	60.966822102544185	80.39498672047742
5.296827839176689	5.733557811598135	93.16446723816664	23.06276100900949	96.38411922188676	18.34514797884963	0.00010118207469505981	43.672974439926996	60.71028565784132	79.96015987056377
5.316851335303833	5.7382255609630795	92.90434350756514	23.05862674330538	96.67016916656024	18.59081899805727	0.00010118207469505981	42.13739976370718	60.4548071499597	79.52005911711102
5.33617764406323	5.7430264882497415	92.64531446954801	23.054532943544793	96.94625929169447	18.843499381565774	0.00010118207469505981	40.68486161643371	60.200380764474126	79.0753227647486
5.354844383923601	5.747949833615951	92.38737561879245	23.05048077146083	97.21292700398551	19.102622821892588	0.00010118207469505981	39.31052216701743	59.94700084564018	78.62654689224
5.372886982598922	5.752985504834171	92.130522473936	23.046471263274416	97.47067841363294	19.36765814916734	0.00010118207469505981	38.00982942130749	59.69466188688765	78.17428792200842
5.390338806450045	5.758124037299485	91.87475057695639	23.042505338018294	97.71999018293471	19.638107226289133	0.00010118207469505981	36.77850028272648	59.443358521894154	77.71906503593651
5.407231282228187	5.763356556412688	91.62005549258647	23.03858380535426	97.96131126547958	19.913502969089322	0.00010118207469505981	35.612504616232734	59.19308551619967	77.26136244707472
5.423594011632499	5.768674742191739	91.36643280776536	23.034707372915292	98.19506454268404	20.1934074837762	0.00010118207469505981	34.50805025370653	58.94383775933127	76.80163153617372
5.439454879087382	5.7740707959857245	91.11387813112256	23.03087665319943	98.42164836346808	20.477410315038576	0.00010118207469505981	33.46156888761683	58.69561025740816	76.34029286068137
5.454840153079477	5.779537409185874	90.862387092492	23.027092170038145	98.64143799192658	20.76512679925699	0.00010118207469505981	32.469702808422234	58.448398126201305	75.87773804260969
5.469774581522494	5.785067733788242	90.61195534245539	23.023354364670357	98.85478696968397	21.0561965151711	0.00010118207469505981	31.529292424357326	58.20219658461566	75.41433154410188
5.4842814814801395	5.790655354705553	90.36257855191275	23.019663601444112	99.06202839765034	21.350281826608533	0.00010118207469505981	30.637364520323914	57.957000948571356	74.9504123369239
5.498382823559806	5.796294263731205	90.11425241167814	23.016020173166716	99.26347614164555	21.64706651216915	0.00010118207469505981	29.79112121492253	57.712806625260754	74.4862954717716
5.512099311289627	5.801978835058361	89.86697263209984	23.0124243061242	99.4594259663573	21.946254476756312	0.00010118207469505981	28.987929574655976	57.46960910775999	74.02227355328787
5.5254504557914315	5.8077038022572065	89.62073494270189	23.008876164790795	99.65015660209737	22.24756853985341	0.00010118207469505981	28.225311844359982	57.22740396997099	73.55861812667555
5.53845464604164	5.813464236619576	89.37553509184843	23.005375856248065	99.83593074852892	22.550749295767602	0.00010118207469505981	27.500936255576104	56.986186861876476	73.0955809814206
5.551129215002398	5.819255526783541	89.13136884642572	23.00192343433226	100.01699601939688	22.855554041239483	0.00010118207469505981	26.81260837589695	56.745953505083136	72.6333953774321
5.563490501809526	5.825073359579884	88.88823199154399	22.998518903522474	100.19358583092729	23.161755767362777	0.00010118207469505981	26.158262974818346	56.50669968864408	72.17227719712565
5.575553910259534	5.830913702025375	88.64612033025647	22.995162222585623	100.36592023735597	23.4691422118623	0.00010118207469505981	25.53595637436667	56.26842126514041	71.7124260280086
5.587333963857201	5.836772784381662	88.4050296832944	22.9918533079957	100.53420671732265	23.777514967456316	0.00010118207469505981	24.94385925022857	56.031114147004544	71.25402618069815
5.598844357606746	5.8426470842229765	88.16495588881762	22.988592037139444	100.69864091374471	24.086688643315004	0.00010118207469505981	24.380249859405584	55.794774303071875	70.79724764581962
5.61009800672715	5.84853331145664	87.92589480217929	22.985378251320444	100.85940732975048	24.396490076665714	0.00010118207469505981	23.843507670731533	55.559397755348	70.34224699318634
5.621107092472233	5.854428394240311	87.68784229570433	22.98221175857366	101.01667998325168	24.70675759159577	0.00010118207469505981	23.33210737459034	55.324980575978564	69.88916821666356
5.631883105236059	5.860329465739959	87.45079425848019	22.9790923363024	101.17062302273492	25.01734030210354	0.00010118207469505981	22.84461324817244	55.09151888440882	69.43814352811823
5.642436885115608	5.866233851675172	87.21474659616004	22.976019733749155	101.32139130672846	25.328097456588466	0.00010118207469505981	22.379673853738915	54.85900884472128	68.98929410369529
5.6527786600911085	5.872139058602121	86.97969523077533	22.972993674310935	101.4691309492356	25.638897821164726	0.00010118207469505981	21.93601704888378	54.62744666313796	68.54273078543692
5.662918081944413	5.8780427628966745	86.74563610056123	22.970013857707155	101.61397983285424	25.949619099825412	0.00010118207469505981	21.512445293008668	54.396828585682556	68.09855474052021
5.672864260023548	5.883942800404298	86.5125651597898	22.967079962007148	101.7560680911276	26.260147389700336	0.00010118207469505981	21.107831235857542	54.16715089599051	67.65685808013866
5.682625793027824	5.889837156702504	86.28047837861308	22.964191645528988	101.89551856261726	26.570376668553294	0.00010118207469505981	20.721113565250555	53.938409913257416	67.21772444132031
5.69221079891968	5.8957239579429634	86.04937174291449	22.961348548616602	102.0324472182152	26.880208312787992	0.00010118207469505981	20.351293100110844	53.710601990317095	66.78122953367803
5.701626943064096	5.901601462241977	85.81924125416843	22.958550295301887	102.16696356313543	27.189550644315002	0.00010118207469505981	19.997429115570572	53.4837235118427	66.34744165299175
5.710881464696464	5.907468051588034	85.5900829293072	22.955796494858514	102.2991710150264	27.498318504633808	0.00010118207469505981	19.65863588693952	53.2577708926632	65.91642216352014
5.719981201819787	5.913322224235171	85.36189280059459	22.95308674325406	102.4291672596453	27.806432854483138	0.00010118207469505981	19.334079439320938	53.032740576188	65.48822595094072
5.728932614631843	5.919162587550839	85.13466691550748	22.95042062450726	102.55704458553181	28.113820397413036	0.00010118207469505981	19.02297448968215	52.8086290329342	65.06290184781729
5.78342250320068	5.925032831394534	84.9084013366265	22.947797740252227	102.68052195071485	28.422780599712734	0.00010118207469505981	14.161010017167897	52.58543273091228	64.63824544288086
7.019075638753679	5.932950762033035	84.68309215615164	22.945228396376606	102.69308664224906	28.83951379121274	0.00010118207469505981	-3.199507817179629e-5	52.36313748480526	64.11388171717469
9.931766715739528	5.9410400444631355	84.45873555050909	22.942725968860763	102.69308575420403	29.265265498060135	0.00010118207469505981	-3.199507817179629e-5	52.141726129389376	63.58429621987761
14.508185653172982	5.949062652105845	84.23532773082172	22.940289422728355	102.69308486615901	29.687508005571154	0.00010118207469505981	-3.199507817179629e-5	51.92119591626068	63.06133853112158
20.72602663648739	5.95701941811947	84.01286491916733	22.937917528745587	102.69308397811398	30.106285164182985	0.00010118207469505981	-3.199507817179629e-5	51.70154430181794	62.544905531301936
28.554983454443022	5.96491116270709	83.79134334856815	22.935609079195096	102.69308309006894	30.52164014247877	0.00010118207469505981	-3.199507817179629e-5	51.482768731909076	62.034895824396294
37.956897211436356	5.972738693333064	83.57075926303517	22.93336288750493	102.69308220202392	30.933615438582674	0.00010118207469505981	-3.199507817179629e-5	51.264866642245586	61.531209708589245
48.88594232178073	5.98050280493585	83.35110891761059	22.931177787883932	102.69308131397888	31.34225289136087	0.00010118207469505981	-3.199507817179629e-5	51.047835458808876	61.03374914740011
61.288849861459845	5.988204280137177	83.13238857840912	22.929052634963387	102.69308042593384	31.747593691430716	0.00010118207469505981	-3.199507817179629e-5	50.83167259824909	60.54241774130634
75.10516720943424	5.995843889447683	82.91459452265681	22.92698630344479	102.69307953788882	32.14967839198369	0.00010118207469505981	-3.199507817179629e-5	50.61637546827533	60.057120699851204
87.08683636267727	6.00342245569395	84.55622959374249	22.92505371085567	99.80446547579835	32.54855029968181	1265.3035718536735	-3.199507817179629e-5	52.256662557771094	59.58156275808214
92.06188283140735	6.010943576362457	89.70329480579345	22.924083784089717	91.44519548231403	32.94439875591895	1179.2942001932406	-3.199507817179629e-5	57.39442217734882	59.15701038635924
96.18601727379719	6.018414713513701	94.15304233427428	22.924235940932473	84.13681817933967	33.33761650072134	1016.4876571477423	-3.199507817179629e-5	61.835136121099396	58.79106137093486
99.68720307939901	6.025842742430189	97.93477309404	22.925345982845656	77.83854112396472	33.7285653910628	876.215180065799	-3.199507817179629e-5	65.6082106898145	58.47516202076962
102.6575252298883	6.033233518670275	101.14441887457185	22.927270370508392	72.40550942485787	34.1175536142252	756.5533650445217	-3.199507817179629e-5	68.80952944517291	58.20184259190207
105.17693446194797	6.040592022356856	103.86717388797534	22.92988663449647	67.70893866409573	34.50484328194007	654.88047437261	-3.199507817179629e-5	71.52423877592682	57.9647306069769
107.31371723551742	6.04792248833995	106.17654600646642	22.933090686649265	63.63766455344748	34.890657281050274	568.5858019117954	-3.199507817179629e-5	73.82580371239216	57.75840991546198
109.12554391090119	6.0552285184765315	108.13497813383174	22.936794158994847	60.09725426224544	35.27518518297563	495.28307592103437	-3.199507817179629e-5	75.77663071340984	57.578282025911804
110.66082629498854	6.062513177080941	109.79505393953976	22.940921979178796	57.00820380785417	35.65858826741828	432.8863651107	-3.199507817179629e-5	77.42927341353366	57.42044010488879
111.96009505041349	6.069779071419191	111.2008597342061	22.94541025359105	54.30388423791186	36.041003758905106	379.61784549000396	-3.199507817179629e-5	78.82779389282916	57.281559108589
113.05726494433166	6.0770284193236455	112.38929706397306	22.950204463223265	51.92855536059793	36.42254838545536	333.9841275656295	-3.199507817179629e-5	80.00907445184588	57.15880219497727
113.98074070317406	6.0842631059149745	113.39125883936916	22.955257947310525	49.83558308662041	36.8033213639464	294.74111928878716	-3.199507817179629e-5	81.00399290624593	57.04974206977381
114.75435604965051	6.091484731206282	114.23264288252251	22.96053063873147	47.98590196104831	37.18340690559415	260.8567709503427	-3.199507817179629e-5	81.83843537304472	56.95229537625571
115.39815796291015	6.09869465011702	114.93520588283332	22.965988013476014	46.34671932560459	37.56287632194873	231.47622742476494	-3.199507817179629e-5	82.53414957021664	56.86466816794614
115.92905567056289	6.105894006183613	115.51727334497933	22.97160021912721	44.890437925080604	37.94178979913783	205.89135017811176	-3.199507817179629e-5	83.10945421741707	56.78531064717656
116.36135430937217	6.1130837600373615	115.99432537260897	22.977341351593292	43.5937670354043	38.320197896703505	183.51465576793294	-3.199507817179629e-5	83.5798243722709	56.712879577793096
116.70719291098231	6.120264713533809	116.37947796053918	22.983188853952655	42.43699232257898	38.698142817569156	163.85766260790288	-3.199507817179629e-5	83.95837236186257	56.64620702093846
116.97690346773892	6.1274375302610915	116.6838777471984	22.98912301562057	41.40337718850154	39.07565948742618	146.51304765660143	-3.199507817179629e-5	84.25624224708343	56.584274267970166
117.17930534966656	6.1346027530250336	116.91702572307692	22.995126553874794	40.47867206233078	39.4527764750021	131.1400006811573	-3.199507817179629e-5	84.4829333025967	56.526190042484174
117.3219471429686	6.141760818802062	117.08704288228739	23.001184263028666	39.650711897167895	39.82951677905625	117.4523177269396	-3.199507817179629e-5	84.64656548828192	56.47117221132674
117.41130559360484	6.148912071563876	117.20088856531743	23.007282719243413	38.90908553008047	40.2058985033622	105.20870153003338	-3.199507817179629e-5	84.75409765077224	56.41853238397367
117.4529495526177	6.156056773306661	117.2645402669141	23.01341003118938	38.24486356453971	40.58193543719304	94.2048302381424	-3.199507817179629e-5	84.81150722128191	56.36766289413263
117.45167549293872	6.1631951135596275	117.28314201330255	23.019555628572473	37.650373974683546	40.95763755577018	84.26692720442479	-3.199507817179629e-5	84.82393850771442	56.3180257506393
117.41161964368858	6.170327217600255	117.26112708121946	23.02571008200555	37.119016656251404	41.33301145264532	75.2464686209085	-3.199507817179629e-5	84.79582534851664	56.26914322026172
117.33635106820051	6.177453153564963	117.20231969292966	23.031864948888067	36.6451098822951	41.708060713945834	67.01587502176658	-3.199507817179629e-5	84.73099275852435	56.22058976615207
117.22894894789641	6.184572938612086	117.11001944796183	23.038012640913287	36.22376295035481	42.082786242741776	59.46493735363137	-3.199507817179629e-5	84.63274132439956	56.171985115057026
117.09206689039581	6.191686544267948	116.98707150789264	23.04414630959428	35.85077044136288	42.45718654041862	52.49787863793532	-3.199507817179629e-5	84.50391736357103	56.12298826631351
116.92798642046982	6.19879390106525	116.83592497937067	23.0502597468237	35.522524379384336	42.831257950803	46.030907935927864	-3.199507817179629e-5	84.34697128996687	56.07329228791889
116.73866145796933	6.205894902565117	116.65868146368105	23.05634729798672	35.235941307267254	43.20499487184864	39.990184530491234	-3.199507817179629e-5	84.16400615338736	56.02261977107669
116.5257551769945	6.2129894088391735	116.45713536661809	23.06240378555438	34.98840186310981	43.57838993890425	34.31009257456179	-3.199507817179629e-5	83.95681794517319	55.97071883575674
116.29067042882014	6.220077249475625	116.23280724867078	23.068424441414294	34.77770092018701	43.951434182927876	28.93177746104416	-3.199507817179629e-5	83.72692894935757	55.91735959693008
116.03457469026382	6.2271582261626826	115.98697124417001	23.074404846462585	34.60200673565532	44.32411716645724	23.801910433283727	-3.199507817179629e-5	83.47561516737247	55.862331014991504
115.75842018738862	6.23423211489384	115.72067738163302	23.08034087619519	34.45982785221898	44.69642709967608	18.87159026418359	-3.199507817179629e-5	83.20392864814136	55.80543806506375
115.46295987107112	6.241298667831644	115.43476945232811	23.08622865120916	34.349986779665876	45.06835093850783	14.09539675788821	-3.199507817179629e-5	82.912715370378	55.746499168872475
115.14875964554564	6.248357614860142	115.12989894216835	23.092064491661045	34.271599684165146	45.439874466323474	9.430539075042628	-3.199507817179629e-5	82.60262919212286	55.685343840041796
114.80912368435612	6.255408664842854	114.8052042321075	23.097844853919476	34.22612948127724	45.81098236015047	1.9599135107184404	-3.199507817179629e-5	82.27281375068644	55.62180945382759
113.97969636585884	6.2624515023157	114.45316707899131	23.10356465970653	34.22542552478126	46.18165801661606	0.000166041346931479	-3.199507817179629e-5	81.91577087752954	55.555657869537704
112.06405012328312	6.269485787498868	114.1022089820699	23.109222061295497	34.22542420424497	46.55188355257226	0.000166041346931479	-3.199507817179629e-5	81.55986718640142	55.4868136898276
109.09351678654711	6.276511183216823	113.75277563485523	23.11481797195552	34.22542288370869	46.92164122193832	0.000166041346931479	-3.199507817179629e-5	81.20554656976	55.41533943693085
105.12594016134858	6.283527360163961	113.40486025654471	23.12035329338434	34.225421563172404	47.29091369284031	0.000166041346931479	-3.199507817179629e-5	80.8528013604393	55.34129666101498
100.23857897295036	6.29053399676117	113.05845609915438	23.12582891246984	34.22542024263612	47.659684040061855	0.000166041346931479	-3.199507817179629e-5	80.50162393880673	55.26474578542947
94.52660242715305	6.297530779014328	112.71355644731543	23.131245701541282	34.225418922099834	48.027935737596444	0.000166041346931479	-3.199507817179629e-5	80.15200673230933	55.18574612634375
88.10123703572626	6.304517400375242	112.37015461807327	23.136604518616263	34.22541760156354	48.3956526513288	0.000166041346931479	-3.199507817179629e-5	79.80394221502675	55.104355912047204
81.08760077286387	6.31149356160503	112.0282439606885	23.14190620764344	34.22541628102726	48.76281903184392	0.000166041346931479	-3.199507817179629e-5	79.45742290723041	55.02063230191662
73.62226667320085	6.318458970639885	111.68781785643867	23.147151598741097	34.22541496049097	49.1294195073626	0.000166041346931479	-3.199507817179629e-5	79.11244137494748	54.9346314050567
65.85060345377659	6.325413342459165	111.34886971842364	23.15234150843164	34.22541363995469	49.49543907679842	0.000166041346931479	-3.199507817179629e-5	78.76899022953273	54.846408298619885
57.923944734330234	6.332356398955802	111.0113929913714	23.157476739872084	34.225412319418396	49.860863102937174	0.000166041346931479	-3.199507817179629e-5	78.42706212724461	54.7560170458102
49.99664229673996	6.339287868808959	110.67538115144615	23.16255808308058	34.22541099888211	50.2256773057349	0.000166041346931479	-3.199507817179629e-5	78.08664976882771	54.66351071357706
42.22306060572909	6.346207487358915	110.34082770605849	23.167586315159078	34.22540967834583	50.58986775573256	0.000166041346931479	-3.199507817179629e-5	77.747745899101	54.56894139000429
34.75457047902287	6.353114996484136	110.00772619367667	23.1725622005122	34.22540835780954	50.95342086758633	0.000166041346931479	-3.199507817179629e-5	77.41034330655117	54.472360201399326
27.736601962982174	6.36001014448049	109.67607018364019	23.17748649106233	34.22540703727326	51.316323393710235	0.000166041346931479	-3.199507817179629e-5	77.07443482293179	54.37381732908815
21.305811997447446	6.366892685942563	109.34585327597505	23.182359926461054	34.22540571673697	51.6785624180299	0.000166041346931479	-3.199507817179629e-5	76.74001332286804	54.27336202592072
15.587424270889555	6.373762381647074	109.0170691012098	23.187183234296985	34.22540439620069	52.04012534984628	0.000166041346931479	-3.199507817179629e-5	76.40707172346568	54.17104263249181
10.692789678936307	6.3806189984382895	108.68971132019495	23.19195713030002	34.2254030756644	52.40099991780494	0.000166041346931479	-3.199507817179629e-5	76.07560298392687	54.06690659308266
6.717217719765056	6.387462309115474	108.36377362392217	23.1966823185421	34.22540175512811	52.76117416397259	0.000166041346931479	-3.199507817179629e-5	75.74560010516952	53.9610004713274
3.9559416995536134	6.379364374431827	108.03924968341995	23.201309153006807	35.01262533838167	52.33496707535953	0.000166041346931479	242.34224137006206	75.41710631777734	54.59723892874517
2.2185503914279106	6.344023452076388	107.71613250997079	23.20557179338621	37.24275926604773	50.47491853033641	0.000166041346931479	412.5472799470884	75.09037995667099	56.577417065487374
1.4223770216780602	6.293150220949466	107.39441400368861	23.209245191506874	40.30641858473965	47.79738004997209	0.000166041346931479	487.07729380938116	74.76563753710727	59.30474852786685
1.5944095480982663	6.240305251801752	107.07408542321366	23.212241691039267	43.49261120033537	45.01606588430297	0.000166041346931479	464.5895442525893	74.44295781654104	62.096821961872294
1.8051392878308599	6.191139906135836	106.7551379704756	23.21458959759816	46.50303605365813	42.42841611241263	0.000166041346931479	438.6000357127383	74.12230376534647	64.67248457311275
2.004098112769935	6.145482687074376	106.43756306625473	23.216335113070794	49.345304981359206	40.02540458286211	0.000166041346931479	414.13843131268476	73.80362071176013	67.04262129981758
2.1919778702176798	6.103120588852825	106.1213523595338	23.217521611759906	52.02930151632699	37.79582046593836	0.000166041346931479	391.11424574575517	73.48685703370622	69.22005114535072
2.3694294368647193	6.063853301162527	105.80649771465052	23.21818977470336	54.564323896998985	35.72912111381742	0.000166041346931479	369.44236031202144	73.17196401192305	71.21682367703824
2.5370651487021774	6.027492455049489	105.49299119920956	23.21837775133375	56.95911978039124	33.81539237102597	0.000166041346931479	349.0427045169719	72.85889565656241	73.04426481420957
2.6954610867612314	5.993860913573032	105.18082507271721	23.2181213115167	59.22191889552058	32.04531124068609	0.000166041346931479	329.8399565634207	72.54760854411201	74.71301989717995
2.845159227229014	5.962792104570032	104.86999177589448	23.217453988538782	61.36046375934605	30.41011076684401	0.000166041346931479	311.7632616163425	72.23806166402736	76.233094198434
2.986669464017709	5.934129393016891	104.56048392062958	23.216407213584546	63.38203857061312	28.901547000889188	0.000166041346931479	294.7459667821588	71.93021627449576	77.61389102837933
3.1204715113404102	5.907725490643962	104.25229428053085	23.215010442207102	65.29349638950885	27.5118679286298	0.000166041346931479	278.7253718125959	71.62403576678989	78.86424757815352
3.2470166934053517	5.883441900594385	103.94541578204405	23.21329127326718	67.1012847047223	26.233784241809932	0.000166041346931479	263.64249460114394	71.3194855377012	79.9924686336363
3.3667296279084704	5.8611483950531245	103.63984149610293	23.21127556078689	68.81146948333829	25.06044184490148	0.000166041346931479	249.44185059670602	71.01653286957661	81.00635828668483
3.4800098096624206	5.840722523878617	103.33556463027529	23.208987519141242	70.42975779410901	23.985395993611608	0.000166041346931479	236.07124530386028	70.71514681749878	81.91324976312781
3.587233100297529	5.8220491523936575	103.03257852138388	23.206449821984133	71.96151908889627	23.002586968087403	0.000166041346931479	223.48157909185343	70.4152981031931	82.7200334795203
3.6887531295706966	5.805020026617107	102.7308766285655	23.203683695278187	73.41180522137009	22.106317190374213	0.000166041346931479	211.62666358688165	70.11695901525653	83.4331834330506
3.784902613537318	5.789533364304548	102.43045252674675	23.200709004779586	74.7853692780361	21.29122970023955	0.000166041346931479	200.46304895896364	69.82010331533623	84.05878202374838
3.8759945944915772	5.775493470274892	102.13129990051102	23.197544338305356	76.08668329166838	20.552287909205003	0.000166041346931479	189.94986146057207	69.52470614990558	84.60254340151978
3.962323607367417	5.762810374566083	101.83341253833208	23.194207083096522	77.31995490418038	19.88475655610982	0.000166041346931479	180.04865060210727	69.23074396730068	85.0698354265186
4.0441667769804335	5.751399492059856	101.53678432715353	23.19071349856957	78.48914304150918	19.284183792624166	0.000166041346931479	170.72324539018283	68.93819443970428	85.4657003254823
4.121784850142197	5.741181302323862	101.24140924729289	23.18707878472543	79.59797265810582	18.74638433283504	0.000166041346931479	161.93961910040713	68.64703638978762	85.79487412007497
4.195423166571869	5.732081048452538	100.94728136765153	23.183317146478096	80.64994860710112	18.26742360276533	0.000166041346931479	153.66576207030752	68.3572497217297	86.06180490127458
4.265312572168476	5.724028453800393	100.65439484121117	23.179441854140748	81.64836868705264	17.843602831599842	0.000166041346931479	145.87156204543237	68.06881535635743	86.27067001701423
4.331670278094973	5.716957455536137	100.36274390080185	23.175465300299848	82.59633591457403	17.4714450282179	0.000166041346931479	138.528691626357	67.7817151701614	86.42539223818214
4.394700668954305	5.710805953999287	100.07232285512234	23.17139905329624	83.49677006970734	17.14768178943634	0.000166041346931479	131.61050238673883	67.49593193794992	86.52965496484424
4.454596063020952	5.705515576939108	99.78312608500006	23.167253907511054	84.35241855637372	16.86924089153218	0.000166041346931479	125.09192527405624	67.21144927893087	86.58691652859378
4.511537427351245	5.701031457759325	99.49514803987536	23.163039930644953	85.16586661823506	16.633234618912024	0.000166041346931479	118.94937692304862	66.9282516060181	86.60042364427788
4.565695050505678	5.69730202692001	99.20838323449688	23.158766508173215	85.93954694901267	16.43694878526384	0.000166041346931479	113.16067152367377	66.64632407816705	86.57322406265682
4.617229175321927	5.694278815739469	98.92282624581586	23.154442385139415	86.67574873210194	16.277832407340657	0.000166041346931479	107.70493792399489	66.36565255556503	86.50817846999382
4.666290594138531	5.691916271851088	98.6384717100656	23.1500757054479	87.37662614376771	16.153487992162745	0.000166041346931479	102.56254165349641	66.08622355750242	86.40797167983722
4.713021208746945	5.690171585607766	98.35531432001918	23.145674048807262	88.04420635245934	16.061662400408963	0.000166041346931479	97.71501156832274	65.80802422276612	86.27512315997132
4.757554557175644	5.689004526781075	98.07334882240863	23.14124446546499	88.68039704429789	16.00023825163577	0.000166041346931479	93.14497084278383	65.53104227239858	86.1119969341923
4.8000163091559385	5.688377290980668	97.79257001550148	23.136793508857004	89.28699350115924	15.967225841087997	0.000166041346931479	88.83607206471365	65.25526597469482	85.92081089381337
4.84052473224916	5.688254355179405	97.51297274682231	23.132327266304053	89.86568525963384	15.960755535758333	0.000166041346931479	84.77293617526512	64.9806841122934	85.703645556229
4.879191130316136	5.688602341822331	97.23455191101108	23.127851387867242	90.41806237487634	15.979070622228122	0.000166041346931479	80.94109503286015	64.70728595124108	85.4624523022422
4.916120255938368	5.689389891019799	96.95730244781089	23.12337111347009	90.9456213123368	16.020520579989597	0.000166041346931479	77.32693739038375	64.4350612119167	85.19906112251111
4.951410698380316	5.6905875403312995	96.68121934017711	23.118891298393184	91.44977049007892	16.083554754279106	0.000166041346931479	73.91765807733898	64.16400004170026	84.91518790309084
4.985155248584805	5.692167611676856	96.40629761249834	23.114416437241005	91.9318354930002	16.166716404045257	0.000166041346931479	70.70121019144581	63.894092989278505	84.61244127820412
5.017441242547149	5.69410410495806	96.13253232892686	23.10995068647076	92.39306397817656	16.268637103055983	0.000166041346931479	67.66626012333168	63.625330980494844	84.29232907563166
5.04835088425528	5.69637259802034	95.85991859180791	23.105497885562368	92.83463028829269	16.38803147475495	0.000166041346931479	64.80214525874673	63.35770529565397	83.95626437709794
5.077961549528803	5.6989501525425235	95.58845154020402	23.10106157691861	93.25763979220017	16.523692239080376	0.000166041346931479	62.09883418361266	63.091207548188756	83.60557121880099
5.106346071835756	5.701815225518823	95.31812634850803	23.09664502456742	93.66313296801378	16.674485553622482	0.000166041346931479	59.546889250547366	62.82582966461112	83.24148995242635
5.133573011123851	5.704947586011381	95.04893822513985	23.092251231735407	94.052089243558	16.83934663217816	0.000166041346931479	57.137431370993674	62.56156386567283	82.86518228619795
5.159706906700431	5.7083282368522665	94.78088241132195	23.08788295736175	94.4254306089377	17.017275623803705	0.000166041346931479	54.86210689742425	62.29840264866261	82.47773602547076
5.184808515139001	5.711939340991439	94.51395417992704	23.08354273161751	94.784025015203	17.207333736391714	0.000166041346931479	52.71305646748443	62.03633877076772	82.08016953130019
5.208935034136189	5.7157641522037	94.2481488343971	23.079232870492213	95.12868957230569	17.408639589668674	0.000166041346931479	50.68288568899184	61.77536523343773	81.67343591442227
5.232140313029728	5.719786949934244	93.98346170772585	23.074955489494887	95.46019355649909	17.620365786013064	0.000166041346931479	48.76463757269236	61.5154752676953	81.25842697802884
5.254475050843302	5.7239929780138645	93.71988816150305	23.07071251652743	95.77926123955017	17.841735684940478	0.000166041346931479	46.95176659929695	61.25666232033468	80.83597692567487
5.27598698261945	5.728368387007586	93.45742358501617	23.06650570398103	96.08657455063799	18.07202036882053	0.000166041346931479	45.23811432105428	60.998920040952974	80.4068658486688
5.2967210546883265	5.732900179995601	93.19606339440583	23.06233664009885	96.38277558019335	18.310535789242387	0.000166041346931479	43.617886412968225	60.74224226976717	79.97182300515905
5.316719589518533	5.737576161585891	92.93580303187284	23.058206759648062	96.66846893491059	18.556640083468178	0.000166041346931479	42.085631088976584	60.48662302617216	79.53152990310524
5.336022440794095	5.742384889958672	92.6766379649316	23.054117353944147	96.9442239531329	18.80973105045665	0.000166041346931479	40.636218798698415	60.232056497991195	79.0866231992703
5.354667139317849	5.747315631756239	92.41856368570872	23.050069580267504	97.21057678918653	19.069243776644367	0.000166041346931479	39.26482312607971	59.978537031378195	78.6376974255599
5.372689030312836	5.752358319640771	92.16157571028437	23.046064470710537	97.4680323748292	19.33464840214605	0.000166041346931479	37.96690281503418	59.726059121330906	78.18530755348488
5.3901214025252	5.75750351239495	91.90566957807202	23.04210294048195	97.71706626357725	19.605448020787072	0.000166041346931479	36.738184869215765	59.47461740278424	77.7299714043466
5.406995609681962	5.762742357393524	91.65084085123593	23.0381857957053	97.95812636581672	19.881176704922563	0.000166041346931479	35.574648653396935	59.22420664224587	77.27217191558537
5.423341184776716	5.76806655529901	91.39708511414312	23.034313740743222	98.19163458145606	20.161397647316544	0.000166041346931479	34.472510934470144	58.97482172993975	76.81235927220722
5.439185947573917	5.773468326860277	91.14439797284804	23.030487385073418	98.41798833570179	20.445701413699027	0.000166041346931479	33.4282118108767	58.7264576724295	76.35095291065363
5.45455610572188	5.778940381692902	90.89277505460848	23.026707249742362	98.63756202352984	20.73370429962663	0.000166041346931479	32.4384014793429	58.47910958569445	75.88834340246969
5.469476349864679	5.784475888920214	90.64221200742962	23.022973773422738	98.85070836842695	21.025046785274697	0.000166041346931479	31.499927787794395	58.23277268862935	75.42489422512276
5.4839699431298925	5.790068449558029	90.39270449963512	23.019287318099682	99.05775970078714	21.319392082001773	0.000166041346931479	30.609824525054407	57.98744229694129	74.96094342707926
5.498058805341771	5.795712070534468	90.14424821946481	23.015648174409208	99.25902916095684	21.61642476497225	0.000166041346931479	29.765300401510416	57.74311381742049	74.49680519373352
5.51176359224577	5.801401140256309	89.8968388746942	23.012056566647704	99.45481183101397	21.915849487174388	0.000166041346931479	28.963728683294647	57.4997827425611	74.03277131956627
5.525103769996124	5.8071304056435755	89.65047219227793	23.00851265746938	99.64538579887618	22.217389770714764	0.000166041346931479	28.20263744698595	57.257444645517246	73.56911259128687
5.53809768525975	5.812894950522817	89.40514391801366	23.005016552295142	99.83101315978512	22.520786869622192	0.000166041346931479	27.479700408547455	57.01609517536752	73.10608008861288
5.550762631175529	5.8186901753048375	89.16084981622572	23.001568303448774	100.01194095858196	22.825798700254836	0.000166041346931479	26.792728295171578	56.775730052671335	72.64390640719341
5.56311490939721	5.824511777876084	88.91758566946696	22.99816791403567	100.18840207603454	23.1321988355836	0.000166041346931479	26.139660730128195	56.536345065300424	72.18280680797575
5.575169888448102	5.830355735632834	88.67534727823872	22.99481534157925	100.36061606247586	23.439775559623058	0.000166041346931479	25.51855860071392	56.297936064530134	71.72298029731739
5.586942058615861	5.836218288587393	88.43413046072604	22.991510501430277	100.52878992201528	23.748330978284084	0.000166041346931479	24.927596879393924	56.060498961372744	71.2646106421408
5.598445083606316	5.842095923478283	88.19393105254923	22.988253269963604	100.69311885045035	24.057680183067756	0.000166041346931479	24.36505786943741	55.824029723139084	70.80786732426269
5.609691849159124	5.847985358821555	87.95474490652855	22.985043487575883	100.85378692977618	24.367650464292606	0.000166041346931479	23.8293248484838	55.588524370211964	70.35290643771307
5.620694508785623	5.853883530853414	87.71656789246325	22.98188096149486	101.01096778158329	24.678080571232567	0.000166041346931479	23.318876089019927	55.35397897302207	69.89987153206887
5.63146452676485	5.8597875803220205	87.47939589692261	22.978765468409268	101.16482518128655	24.988820016948694	0.000166041346931479	22.832279237957824	55.120389649214644	69.44889440435898
5.642012718615441	5.865694840060854	87.2432248230492	22.97569675693386	101.31551363629498	25.299728424255708	0.000166041346931479	22.36818602678206	54.887752560993086	69.00009584364702
5.652349289180118	5.871602823301256	87.00805059037279	22.9726745499186	101.46317893007608	25.610674910592657	0.000166041346931479	21.92532729435453	54.65606391262866	68.55358633086384
5.662483868451995	5.877509212684054	86.77386913463467	22.969698546610598	101.60795863396004	25.92153750968728	0.000166041346931479	21.502508305446625	54.425319948127544	68.1094666963238
5.672425545271904	5.883411849930155	86.54067640762212	22.966768424677408	101.74998258853016	26.23220262790313	0.000166041346931479	21.09860434806592	54.19551694904635	67.66782873735939
5.682182899026036	5.889308726130048	86.30846837701118	22.963883842100227	101.88937335644634	26.54256453316067	0.000166041346931479	20.71255659264202	53.96665123244579	67.22875579850563
5.691764029472136	5.895197972612337	86.07724102621945	22.961044438945514	102.02624664853349	26.85252487433375	0.000166041346931479	20.34336819626082	53.73871914897572	66.79232331665548
5.701176584810654	5.90107785235536	85.8469903542637	22.958249839022756	102.16071172479803	27.16199222922974	0.000166041346931479	19.990100636711354	53.511717081078515	66.35859933336636
5.710427788113066	5.9069467519068235	85.61771237562914	22.95549965143587	102.29287177197534	27.4708816793067	0.000166041346931479	19.651870261616455	53.28564144131038	65.9276449764489
5.719524462161954	5.912803173794785	85.38940312014253	22.952793472031747	102.42282425838803	27.779114410252067	0.000166041346931479	19.327845045523805	53.060488670768976	65.49951491184473
5.728473052827008	5.918645729391342	85.1620586328527	22.950130884754262	102.55066126788881	28.086617336386627	0.000166041346931479	19.017241538674018	52.83625523762293	65.07425776814272
5.79691489882654	5.924540256769086	84.9356749739288	22.947511511188946	102.67293545032663	28.396855619425832	0.000166041346931479	12.762509676495286	52.61293758756442	64.64856272098984
7.088263731774562	5.932515950181788	84.71024823474922	22.944946383515184	102.68251228388105	28.816628956936523	0.000166041346931479	-4.448930171069564e-5	52.39052080961447	64.12152166666671
10.056299018132957	5.94060621247411	84.48577459127436	22.9424481858978	102.68251088003143	29.242432235479775	0.000166041346931479	-4.448930171069564e-5	52.16898842851919	63.59209867118138
14.687231747061158	5.9486298203097805	84.2622502521631	22.940015808980114	102.6825094761818	29.664727384725595	0.000166041346931479	-4.448930171069564e-5	51.94833776764735	63.06929943351371
20.95849037050994	5.956587606338658	84.03967143701924	22.93764802451872	102.68250807233218	30.083558228350775	0.000166041346931479	-4.448930171069564e-5	51.72856627994031	62.553020908999976
28.839508285516715	5.96448039026479	83.81803437640578	22.93534362576984	102.68250666848255	30.4989679086735	0.000166041346931479	-4.448930171069564e-5	51.509671407819965	62.04316177524939
38.291872815627336	5.972308979062753	83.59733531188895	22.933101427118636	102.68250526463292	30.91099889803992	0.000166041346931479	-4.448930171069564e-5	51.29165058360277	61.53962240279118
49.26951244516457	5.980074167190296	83.37757049608096	22.930920263714864	102.6825038607833	31.31969301001591	0.000166041346931479	-4.448930171069564e-5	51.07450122990595	61.04230482622537
61.71892136719883	5.987776736797381	83.1587361926807	22.92879899111478	102.68250245693368	31.7250914103888	0.000166041346931479	-4.448930171069564e-5	50.858220760045484	60.551112715866836
75.57942028143918	5.995417457931642	82.94082867651268	22.926736484929208	102.68250105308405	32.12723462798145	0.000166041346931479	-4.448930171069564e-5	50.642806578426274	60.06595134987533
87.29854175577185	6.002997168830299	84.74813882990176	22.924820369895613	99.53602418684794	32.52616678054239	1275.2016659426201	-4.448930171069564e-5	52.448421616772215	59.59116005326271
92.22848526064172	6.010519626722377	89.88098042749424	22.9238888213374	91.1975871998104	32.92208561696755	1173.75261958131	-4.448930171069564e-5	57.571947710734975	59.1684597307482
96.33099519647912	6.017992318920801	94.30768797590537	22.924074099547234	83.92388569105337	33.31538520635829	1011.6538132944647	-4.448930171069564e-5	61.989634607143444	58.804089031318576
99.81372877304268	6.025422086225499	98.06956920060912	22.925212327610303	77.65547251748187	33.70642559081607	872.0799892243715	-4.448930171069564e-5	65.74287113073693	58.48951206923715
102.76835301839206	6.032814754165236	101.26227862333128	22.927160679829097	72.24790291413156	34.09551337711807	753.0374005379759	-4.448930171069564e-5	68.92726341666845	58.21729628318999
105.27443581655861	6.04017527728104	103.97063952927887	22.929797319062697	67.57295032141334	34.482909330581464	651.8983466474433	-4.448930171069564e-5	71.62758703614351	57.9811020890797
107.39990350536237	6.047507868718767	106.26779049746142	22.93301870219559	63.52000826387604	34.868835195724955	566.0567069580549	-4.448930171069564e-5	73.9169379194266	57.77554167383791
109.20210657046624	6.054816111946193	108.21583697126582	22.936736924115152	59.995154652352504	35.253479576115865	493.1350026077933	-4.448930171069564e-5	75.85738527659707	57.59604060844455
110.7291819096297	6.062103055691254	109.86706764733934	22.940877302276174	56.91933237223148	35.637002931119056	431.05733415276353	-4.448930171069564e-5	77.50118796912453	57.43871232924273
112.02142796536664	6.069371293989412	111.26531749378967	22.945376269990813	54.226293400513946	36.019541788916825	378.055438796059	-4.448930171069564e-5	78.89215690997851	57.30024880006685
113.11256569029999	6.076623033417586	112.44727692954821	22.95017958202508	51.860617558702444	36.40121228513651	332.64458338345514	-4.448930171069564e-5	80.06696342068139	57.17782743037144
114.0308387882778	6.083860149496139	113.44366301487045	22.95524080694034	49.77593727207571	36.78211313137619	293.5880897112448	-4.448930171069564e-5	81.05630958875226	57.069032872206826
114.79994753652568	6.0910842340261775	114.2802277190642	22.960520069980596	47.933408083253724	37.16232810664142	259.8601117382975	-4.448930171069564e-5	81.88593577752822	56.971791797717565
115.43982857746492	6.09829663488183	114.97860691919087	22.96598300884446	46.30042032952923	37.541928151675755	230.61103214458794	-4.448930171069564e-5	82.57746897240126	56.88431869812821
115.96729957902211	6.105498489536989	115.55702606994996	22.971599907406553	44.84952824098142	37.92097313352618	205.1369575436485	-4.448930171069564e-5	83.1491279067296	56.80507089347473
116.39658971791589	6.112690753390625	116.03088227617312	22.977344976774017	43.55756670643925	38.299513336349094	182.8539238789528	-4.448930171069564e-5	83.61630469001871	56.73271116916622
116.73977481051044	6.119874223769311	116.41322252816867	22.98319575768563	42.404925776569435	38.677590724701005	163.27634417843672	-4.448930171069564e-5	83.9920426851125	56.66607669581248
117.00713398051792	6.127049560329912	116.71513593978158	22.98913262259507	41.37495582996976	39.05524001736422	145.9992233757191	-4.448930171069564e-5	84.28742846026564	56.60415311325431
117.2074423580838	6.134217302456382	116.94607536955694	22.995138359590026	40.453480036780675	39.43248960296797	130.68369727098627	-4.448930171069564e-5	84.51191318359936	56.54605285667868
117.34821129730972	6.141377884138658	117.11412139819362	23.001197823530894	39.62839439841518	39.80936232308778	117.04515256560282	-4.448930171069564e-5	84.67357642181877	56.49099696960835
117.4358860620067	6.1485316467350435	117.2261992990575	23.00729764248004	38.88933919198283	40.185876143950146	104.8435844821639	-4.448930171069564e-5	84.77934297063585	56.43829978724605
117.47600882126949	6.1556788499488215	117.28825772079045	23.01342596969598	38.22742856185996	40.562044734149076	93.87575324706957	-4.448930171069564e-5	84.83516142823768	56.38735598735426
117.47335328755985	6.16281968129219	117.3054161575965	23.019572273260966	37.63502750074399	40.93787796274738	83.96876798920636	-4.448930171069564e-5	84.84615158117289	56.337629598434816
117.43203620246976	6.169954264263492	117.28208691950944	23.025727156863976	37.10556753724969	41.313382329658005	74.9748444877014	-4.448930171069564e-5	84.81672631002509	56.28864463002005
117.3556098181499	6.17708266542539	117.2220762194582	23.03188220643696	36.633394114103154	41.68856133817893	66.76700235337283	-4.448930171069564e-5	84.7506926277654	56.23997705057435
117.24713876646315	6.184204900539899	117.12866809754038	23.038029858290997	36.21364000544078	42.06341581788993	59.235537468906976	-4.448930171069564e-5	84.65133556811283	56.19124788755074
117.1092639688669	6.191320939890328	117.00469419143998	23.044163285165943	35.84212020431414	42.43794420475463	52.28509172098673	-4.448930171069564e-5	84.52148793041286	56.14211726377666
116.94425581896115	6.198430712898714	116.85259177307748	23.050276297226652	35.515244607966345	42.81214278414333	45.83222594936175	-4.448930171069564e-5	84.36358829925197	56.09227921639303
116.7540583666858	6.205534112129539	116.67445201156531	23.0563632555396	35.22994552831285	43.18600590155511	39.80338056776606	-4.448930171069564e-5	84.1797292974305	56.04145717049927
116.54032597328884	6.212630996755728	116.47206003817413	23.062418995968915	34.98361764023989	43.55952614503865	34.13317056487516	-4.448930171069564e-5	83.97169764691107	55.98939996065573
116.30445356763275	6.21972119555047	116.24692808821949	23.068438761758447	34.774068438004804	43.93269450265675	28.762942714147567	-4.448930171069564e-5	83.74100731183702	55.93587831039515
116.04760136926933	6.22680450945796	116.00032274805315	23.07441814333106	34.59947764555821	44.30550049778779	23.639513615611087	-4.448930171069564e-5	83.4889267512193	55.880681693651525
115.77071492655031	6.233880713787175	115.73328711724959	23.080353024049774	34.458364359186916	44.677932304588616	18.714107657875747	-4.448930171069564e-5	83.21650109101745	55.823615513126605
115.4745409340323	6.240949560065298	115.44665854437741	23.086239530856	34.34956093159127	45.04997684554242	13.941397834952989	-4.448930171069564e-5	82.92456987377355	55.76449853953173
115.15963934169484	6.248010777580548	115.14108243804218	23.092073988835836	34.27219284603453	45.42161987266088	9.27865483382789	-4.448930171069564e-5	82.61378088743119	55.70316056276093
114.8179530062284	6.2550640746257375	114.8152470600851	23.097852846848383	34.228422315140826	45.79284603293399	1.3531760791773544	-4.448930171069564e-5	82.2828285561241	55.6394386111293
113.95470283704151	6.262109134834898	114.46293128784536	23.103570977553584	34.22808582805103	46.1636386755213	0.0002089302118202862	-4.448930171069564e-5	81.925509291708	55.573092135931496
112.00280641822809	6.2691456182315255	114.11193164658314	23.109226734877783	34.22808413821208	46.533979906922774	0.0002089302118202862	-4.448930171069564e-5	81.5695657801447	55.504055832309966
108.99742746089103	6.27617318800204	113.76245692570943	23.114821033847715	34.228082448373144	46.903852000107705	0.0002089302118202862	-4.448930171069564e-5	81.21520548089954	55.43239229228087
104.99708832712838	6.283191515197271	113.41450034382994	23.120354775583753	34.2280807585342	47.27323764196201	0.0002089302118202862	-4.448930171069564e-5	80.86242072679222	55.35816301932104
100.07968572808036	6.290200278588681	113.0680551523692	23.125828846406375	34.22807906869525	47.64211992572041	0.0002089302118202862	-4.448930171069564e-5	80.51120389816612	55.281428390881764
94.34097386798479	6.297199164526955	112.72311463536667	23.13124411808728	34.22807737885631	48.01048234352434	0.0002089302118202862	-4.448930171069564e-5	80.16154742243414	55.202247678013265
87.89269988993449	6.3041878668030416	112.37967210927651	23.13660144809613	34.228075689017366	48.37830877910784	0.0002089302118202862	-4.448930171069564e-5	79.81344377363274	55.120679064651405
80.86042783507503	6.311166086511631	112.0377209227678	23.141901679843127	34.22807399917843	48.74558350061254	0.0002089302118202862	-4.448930171069564e-5	79.46688547198035	55.03677966657189
73.38109362137054	6.318133531917005	111.69725445652742	23.147145642917426	34.22807230933948	49.11229115352695	0.0002089302118202862	-4.448930171069564e-5	79.12186508344273	54.950605550018196
65.60033855279765	6.325089918321231	111.35826612306444	23.152334153321462	34.228070619500535	49.478416753749364	0.0002089302118202862	-4.448930171069564e-5	78.77837521930398	54.86221175000845
57.66967332137639	6.3320349679346535	111.02074936651648	23.157468013701255	34.228068929661596	49.84394568077163	0.0002089302118202862	-4.448930171069564e-5	78.43640853574337	54.77165228832698
49.743527778215636	6.3389684097486505	110.68469766245785	23.16254801357283	34.22806723982265	50.20886367098198	0.0002089302118202862	-4.448930171069564e-5	78.09595773341782	54.6789801912059
41.97624355938429	6.345889979410597	110.35010451770948	23.1675749295447	34.22806554998371	50.57315681108441	0.0002089302118202862	-4.448930171069564e-5	77.7570155570503	54.584247506702035
34.519068903789275	6.3527994191010295	110.01696347015043	23.172549525536578	34.228063860144765	50.93681153163348	0.0002089302118202862	-4.448930171069564e-5	77.41957479502342	54.487505321774385
27.517213545320228	6.359696477412935	109.68526808853176	23.177472552994345	34.22806217030582	51.299814600681174	0.0002089302118202862	-4.448930171069564e-5	77.08362827897908	54.3888037790675
21.107020894293754	6.366580909233179	109.35501197229075	23.182344751101347	34.22806048046688	51.66215311753613	0.0002089302118202862	-4.448930171069564e-5	76.7491688834222	54.28819209340523
15.413313212396599	6.373452475625962	109.02618875136875	23.187166846986038	34.228058790627934	52.02381450662991	0.0002089302118202862	-4.448930171069564e-5	76.41618952533167	54.18571856800081
10.546960535906921	6.380310943718349	108.69879208602879	23.19193955592615	34.22805710078899	52.384786511492386	0.0002089302118202862	-4.448930171069564e-5	76.08468316377471	54.08143061038701
6.602722859261804	6.387156086587783	108.37281566667619	23.196663581549288	34.22805541095004	52.74505718883103	0.0002089302118202862	-4.448930171069564e-5	75.75464279952746	53.975374748072106
3.8850486492209013	6.378040258492926	108.04825315629937	23.201283827874015	35.06911580417623	52.26527676278586	0.0002089302118202862	249.29911008971854	75.42611709423655	54.66217846905149
2.17511052003955	6.342007183089151	107.72509752789959	23.205530423190595	37.336234352629084	50.3687991099556	0.0002089302118202862	416.68961546747613	75.09936836797272	56.676162005069145
1.4176132898295666	6.2908485704076496	107.40334064980432	23.209182579457707	40.415629717841384	47.67624054777136	0.0002089302118202862	487.3234772203244	74.77460885264101	59.41670045249998
1.6016585226815663	6.238121662400169	107.08297376849734	23.212157530488565	43.59633391910401	44.90114012632497	0.0002089302118202862	463.6462631343763	74.45191241318206	62.201793404416996
1.8119610544992455	6.189085091069643	106.76398809007011	23.214485525659395	46.600655802213716	42.320267951034154	0.0002089302118202862	437.71235281955586	74.13124008424188	64.77002172948467
2.01051784697488	6.1435489008662865	106.4463750418228	23.216212679276985	49.43718140900849	39.9236263613838	0.0002089302118202862	413.30305455165666	73.81253728796953	67.13318892053215
2.198019256787734	6.101300547715243	106.13012627880396	23.21738226809507	52.11577297776355	37.70002882711834	0.0002089302118202862	390.32807825526686	73.49575250569714	69.30408601898837
2.375114758402923	6.062140155567895	105.81523367098657	23.218034881476736	54.64570871512339	35.63895555620529	0.0002089302118202862	368.7024888790132	73.18083711527892	71.29473629543931
2.5424153687387885	6.025879763928837	105.5016892912066	23.218208582704182	57.03571743420718	33.73051389099173	0.0002089302118202862	348.3463886815209	72.86774521806593	73.11644093876441
2.70049592797357	5.992342620045948	105.18948540382186	23.217939060687875	59.2940111375612	31.965401055050144	0.0002089302118202862	329.1846183697537	72.55643347618128	74.77982203209349
2.8498972450207476	5.961362513115235	104.87861445404876	23.217259772644958	61.4283156668066	30.33486911132844	0.0002089302118202862	311.1464759719647	72.24686095948448	76.29486297648339
2.991128115732688	5.93278314799804	104.56906905793636	23.216202078285104	63.44589953412003	28.830691999897123	0.0002089302118202862	294.16545238905115	71.93898900164761	77.67094651435032
3.124667221370427	5.906457556110158	104.26084199293962	23.214795366007195	65.35360104323058	27.445134532113897	0.0002089302118202862	278.17898263648914	71.63278106480247	78.91689049484894
3.250964914435043	5.882247541279807	103.9539261890566	23.213067171580818	67.15785380129653	26.170923225253272	0.0002089302118202862	263.1282118469924	71.32820261225093	80.04098151504776
3.370444898527921	5.8600231585043465	103.64831472049526	23.211043289757725	68.86471071690907	25.001218868650078	0.0002089302118202862	248.9577751601585	71.02522098875967	81.05100656266613
3.483505808560475	5.839662223643214	103.34400079783977	23.20874787923546	70.47986657451699	23.92959071806416	0.0002089302118202862	235.61559067078986	70.72380530798799	81.95428277960944
3.5905226972413136	5.821049852206604	103.04097776068446	23.206203561368966	72.00867926995754	22.949992221400503	0.0002089302118202862	223.05266465904504	70.4239263466219	82.7576854581152
3.6918484333602266	5.804078025526109	102.73923907070926	23.20343151299882	73.45618978594202	22.056738185584976	0.0002089302118202862	211.22290837910424	70.12555644482046	83.46767437363269
3.7878150171152685	5.788645182678483	102.43877830516946	23.20045155374639	74.82714098244261	21.244483298867774	0.0002089302118202862	200.0829657188374	69.82866941259753	84.09031855339254
3.8787348173770253	5.774655836642888	102.13958915077656	23.197282228102797	76.12599527189629	20.508201928573317	0.0002089302118202862	189.5920510891022	69.53324044178983	84.63131957299264
3.964901735573404	5.762020213237735	101.84166539794278	23.193940882624297	77.35695124613027	19.84316911777578	0.0002089302118202862	179.711796928949	69.23924602327159	85.09603346932538
4.0465923005624695	5.750653911480734	101.5450009353738	23.19044373852593	78.52395931740263	19.244942709512586	0.0002089302118202862	170.40611025434242	68.94666386910932	85.48949135225705
4.124066698519924	5.740477584122265	101.24958974498347	23.186805959942106	79.63073643108055	18.709346532751038	0.0002089302118202862	161.64103772274999	68.65547283936229	85.81641879098929
4.197569741755179	5.731416637136699	100.95542589711381	23.1830417181156	80.6807799058699	18.23245458614231	0.0002089302118202862	153.38463870066798	68.36565287325136	86.08125404894227
4.267331780012238	5.723400947067579	100.66250354604192	23.179164251752358	81.67738045239933	17.810576161451763	0.0002089302118202862	145.60686586804994	68.07718492444032	86.28816523423612
4.333569557700388	5.716364595157038	100.3708169257562	23.175185923772137	82.6236344193729	17.44024185037065	0.0002089302118202862	138.27945290818082	67.79005090018335	86.44106643075226
4.3964870203271955	5.710245617243397	100.08036034598624	23.17111827467353	83.52245531404158	17.1181903812317	0.0002089302118202862	131.37580885413607	67.50423360410414	86.54363287150387
4.456276073088067	5.70498576850975	99.79112818847042	23.166972072710518	84.37658463919689	16.841356237355495	0.0002089302118202862	124.87091870468414	67.21971668239476	86.5993152100357
4.513117294434442	5.700530302207299	99.50311490344798	23.162757361069072	85.18860208700225	16.60685801091071	0.0002089302118202862	118.74124993980149	66.9364845732321	86.61135294308589
4.5671806073439	5.696827761507961	99.21631500636147	23.158483502225536	85.96093512856594	16.411987447787673	0.0002089302118202862	112.96466457892195	66.65452245921713	86.58278703587594
4.61862591072698	5.69382978373028	98.93072307475747	23.154159219649383	86.6958680340385	16.254199143699182	0.0002089302118202862	107.52033646284586	66.3738162226624	86.51647179595248
4.667603673366636	5.69149091619477	98.64633374537374	23.149792637010286	87.39555035746217	16.131100852356546	0.0002089302118202862	102.38867344532922	66.09435240355597	86.41508604077313
4.714255492664109	5.689768443002785	98.36314171140056	23.14539131504124	88.06200491885463	16.040444368567865	0.0002089302118202862	97.55124419638348	65.81611816003888	86.2811436019202
4.758714620284455	5.6886222220889255	98.08114171990766	23.140962286197585	88.697135313431	15.98011695204898	0.0002089302118202862	92.99070934296299	65.53910123124723	86.11700320543027
4.801106456553712	5.6880145319721365	97.80032856942475	23.13651208723538	89.3027329744204	15.948133261691655	0.0002089302118202862	88.69075670435836	65.26328990238424	85.92487776315953
4.841549015581006	5.687909927592703	97.52069710766855	23.132046789841034	89.88048381766745	15.942627768037255	0.0002089302118202862	84.63604036368555	64.98867297188339	85.7068431124139
4.88015336278079	5.6882751047151725	97.24224222940573	23.127572029423835	90.43197449195007	15.961847616588287	0.0002089302118202862	80.81212335595414	64.71523972054045	85.46484623543043
4.91702402640364	5.6890787723977825	96.96495887444463	23.123093032178826	90.95869825799079	16.004145915672996	0.0002089302118202862	77.20542376193015	64.44297988250045	85.2007129890494
4.952259384662023	5.690291533035833	96.688842025749	23.118614640525895	91.46206051882481	16.06797542293878	0.0002089302118202862	73.80316399989687	64.17188361798677	84.91615537450048
4.985952029940506	5.6918857695167295	96.41388670766246	23.11414133702444	91.94338402280316	16.1518826061439	0.0002089302118202862	70.59332312013822	63.90194148766232	84.6127783753827
5.018189111426508	5.6938355390716735	96.14008798424263	23.109677266852803	92.40391375831746	16.254502056404103	0.0002089302118202862	67.56459192703245	63.63314442853239	84.29208638905378
5.049052657354328	5.696116473453895	95.86744095769383	23.105226258932085	92.84482155728632	16.374551234415723	0.0002089302118202862	64.70633077247254	63.36548373129878	83.95548927390682
5.078619878189667	5.698705685031288	95.5959407668946	23.100791845782826	93.26721042636261	16.510825527962766	0.0002089302118202862	62.008529846677924	63.098951019073255	83.60430803757416
5.106963451828728	5.7015816784600295	95.32558258601367	23.096377282186303	93.67211862120632	16.662193603159665	0.0002089302118202862	59.461771825646004	62.83353822737225	83.239780186311
5.1341517918485	5.704724267617328	95.05636162320981	23.091985562719557	94.06052347863164	16.827593032491183	0.0002089302118202862	57.057196739398684	62.569237585319236	82.8630647551088
5.160249299841823	5.708114497472505	94.78827311940906	23.087619438233098	94.4333450213934	17.00602618276367	0.0002089302118202862	54.78646892558416	62.306041597979636	82.47524703802682
5.185316602812053	5.711734570593682	94.52131234715615	23.08328143133634	94.79144934953953	17.196556347036143	0.0002089302118202862	52.641745940678845	62.04394302975994	82.07734303712999
5.20941077654753	5.715567778004436	94.25547460953497	23.07897385095218	95.13565183147493	17.398304105496862	0.0002089302118202862	50.61564930820649	61.78293488880482	81.67030364738451
5.232585555682969	5.719598434170955	93.99075523915346	23.07469880598782	95.46672010483834	17.610443903734716	0.0002089302118202862	48.701237011314454	61.52301041234058	81.25501859084049
5.254891531319155	5.72381181584912	93.72714959718999	23.07045821817995	95.785376899641	17.832200834164468	0.0002089302118202862	46.8919776155125	61.26416305290387	80.83232011653881
5.276376336953895	5.728194104557788	93.46465307249697	23.066253834164606	96.092302694423	18.062847608304885	0.0002089302118202862	45.181725922905265	61.0063864654012	80.40298648033816
5.297084823371672	5.732732332477308	93.20326108075803	23.062087236814744	96.38813821467696	18.301701709332256	0.0002089302118202862	43.56470007307949	60.74967449495301	79.967745216869
5.317059223138289	5.737414331572612	92.94296906369647	23.05795985588873	96.67348678277149	18.548122714348228	0.0002089302118202862	42.03546000594818	60.49402116547642	79.52727621580306
5.336339305343954	5.742228685741153	92.68377248833112	23.05387297803258	96.9489165285667	18.801509775850374	0.0002089302118202862	40.58888720223576	60.239420668960264	79.08221461456858
5.354962521193542	5.747164685799893	92.42566684627539	23.04982775617589	97.2149624692751	19.06129925262616	0.0002089302118202862	39.22016562315099	59.98586735538836	78.63315351879724
5.372964141011921	5.75221228713487	92.16864765308067	23.045825218359365	97.4721284666805	19.326962480782843	0.0002089302118202862	37.924763774810756	59.73335572327439	78.18064656122202
5.390377383066115	5.757362069888869	91.91271044761717	23.041866276020585	97.72088906745469	19.598003678361717	0.0002089302118202862	36.698417844791294	59.48188041077467	77.72521030658316
5.40723353476302	5.762605201513596	91.65785079149262	23.037951731775422	97.96169123455336	19.87395797440001	0.0002089302118202862	35.537115837573445	59.231436187342155	77.26732651308865
5.4235620666888575	5.767933401541717	91.40406426850554	23.034082286726033	98.19495597635103	20.15438955482744	0.0002089302118202862	34.43708264780182	58.98201794588737	76.80744425921307
5.4393907398809	5.773338908457534	91.15134648413063	23.030258547321516	98.42107987909449	20.438889918817804	0.0002089302118202862	33.39476602017932	58.73362069541792	76.34598194319636
5.454745706721673	5.778814448545132	90.8996930650362	23.02648103179724	98.64043654824839	20.72707623921773	0.0002089302118202862	32.40682334486188	58.486239554130336	75.88332916260255
5.469651605846124	5.784353206592927	90.64909965862805	23.02275017621877	98.85337796431197	21.018589820680617	0.0002089302118202862	31.47010923719627	58.23986974292308	75.41984848128946
5.484131651436728	5.789948798337944	90.39956193262478	23.01906634015555	99.06023575846346	21.313094649365716	0.0002089302118202862	30.581663852637515	57.99450657931024	74.95587709087762
5.498207717257691	5.795595244541336	90.15107557465049	23.01542981200743	99.26132241304866	21.610276028491615	0.0002089302118202862	29.73870189088035	57.7501454716993	74.49172837330183
5.511900415705278	5.801286946608488	89.9036362918604	23.011840814002838	99.45693239087133	21.909839295183797	0.0002089302118202862	28.93860225283687	57.50678191402913	74.02769336971477
5.525229172135724	5.807018663673169	89.65723981058255	23.008299506885734	99.64734319702055	22.21150861437753	0.0002089302118202862	28.178898316260394	57.264411480734985	73.56404216062559
5.53821229481897	5.812785491037304	89.41188187598289	23.004805994314626	99.83281637820977	22.515025844068838	0.0002089302118202862	27.457268784349274	57.02302982202386	73.1010251638634
5.550867040755639	5.818582839892791	89.1675582517493	23.001360326989456	100.01359846301933	22.820149468041848	0.0002089302118202862	26.77152907623107	56.78263265944061	72.63887435483045
5.563209677585565	5.8244064182544815	88.92426471979462	22.997962506521542	100.18992184630399	23.126653592341324	0.0002089302118202862	26.119623229407473	56.54321578170931	72.17780441335027
5.575255541816294	5.830252213033472	88.6819970799763	22.994612489061755	100.3620056210287	23.434327001761943	0.0002089302118202862	25.499616284233724	56.304775040832524	71.71801380141127
5.587019093599844	5.836116473179826	88.44075114983288	22.991310188702112	100.5300563607937	23.742972272622602	0.0002089302118202862	24.909687120513993	56.06730634843355	71.25968577611157
5.598513968275612	5.841995693827067	88.20052276433634	22.98805548066534	100.69426885616183	24.052404938266882	0.0002089302118202862	24.34812171766126	55.830805672325994	70.80298934191086
5.609753024883179	5.847886601375414	87.96130777565544	22.984848204295833	100.85482680769849	24.362452703969403	0.0002089302118202862	23.813306811739416	55.59526903329267	70.34808014601815
5.620748391798975	5.853786139465632	87.72310205293732	22.981688165862412	101.01190347792415	24.672954708717725	0.0002089302118202862	23.30372392918156	55.36069250207041	69.89510131983614
5.631511509640246	5.859691455799358	87.48590148209786	22.978575141182223	101.16566230422802	24.98376083154541	0.0002089302118202862	22.817943778427086	55.127072196522235	69.44418426914035
5.642053171650586	5.8655998897391814	87.24970196562535	22.975508878080163	101.31625747580429	25.294731038904498	0.0002089302118202862	22.354620971375383	54.89440427898686	68.99544941704633
5.652383561702419	5.8715089606465485	87.01449942239495	22.972489098692773	101.46383447654478	25.605734770871205	0.0002089302118202862	21.91248905692877	54.662684953794226	68.54900690230843
5.662512290045749	5.877416356917372	86.78028978749332	22.969515501625153	101.6085305957352	25.91665036407243	0.0002089302118202862	21.490355849678114	54.431910464937936	68.10495723538632
5.672448426932523	5.883319925675202	86.54706901205297	22.96658776396955	101.7504754084034	26.227364509221346	0.0002089302118202862	21.08709903678365	54.20207709389528	67.66339191471452
5.682200534245938	5.889217663081828	86.31483306309593	22.963705543194127	101.88979122716648	26.53777174114907	0.0002089302118202862	20.701662046104794	53.973181157586275	67.22439400561211
5.6917766952628295	5.895107705225539	86.08357792338681	22.96086847891053	102.02659352740777	26.847773959239117	0.0002089302118202862	20.333050158786826	53.745219006463	66.78803868424681
5.7011845426653505	5.900988319551152	85.85329959128968	22.95807619452779	102.16099134744378	27.15727997637663	0.0002089302118202862	19.980326851095963	53.518187022716106	66.35439374882915
5.710431284911984	5.906857896797306	85.62399408063871	22.955328298800065	102.29308766525284	27.4662050945953	0.0002089302118202862	19.64261035104814	53.29208161860109	65.9235201001351
5.719523731023457	5.912714943424214	85.39565742061085	22.952624387271715	102.4229797525596	27.7744707065378	0.0002089302118202862	19.3190704025916	53.06689923486904	65.49547219237225
5.728468313908877	5.918558074492725	85.16828565560672	22.949964043628132	102.55075950806561	28.08200392066996	0.0002089302118202862	19.008925220900533	52.84263633929964	65.07029845676745
5.812724374362249	5.924481596264749	84.94187484515776	22.94734691836506	102.67148036353095	28.3937682244607	0.0002089302118202862	11.175671352765715	52.61928934809614	64.64326610501281
7.159878711824478	5.932506935272784	84.71642108168884	22.944784770081267	102.67839417658689	28.816154488041494	0.0002089302118202862	-3.494878985145948e-5	52.396842626354484	64.11389174042093
10.183472946843002	5.940596242207638	84.49192054233829	22.942289558665777	102.67839255036549	29.241907484612813	0.0002089302118202862	-3.494878985145948e-5	52.17528042282648	63.58466582290385
14.86926025503805	5.948618919421798	84.26836943502236	22.939860119400947	102.6783909241441	29.66415365377911	0.0002089302118202862	-3.494878985145948e-5	51.954600115390264	63.062059998954325
21.19440171066661	5.956575799104948	84.04576397859323	22.937495224864943	102.6783892979227	30.08293679499756	0.0002089302118202862	-3.494878985145948e-5	51.73479915541707	62.54597128799649
29.12806807316089	5.964467700509019	83.82410040286868	22.935193669121524	102.67838767170132	30.498300026790737	0.0002089302118202862	-3.494878985145948e-5	51.515874983779206	62.036298430622175
38.63159003755641	5.972295430164371	83.60337494867665	22.932954267349594	102.67838604547991	30.910285798125056	0.0002089302118202862	-3.494878985145948e-5	51.297825031264146	61.53294185925796
49.65864673165816	5.980059782092325	83.38358386789733	22.930775855479055	102.67838441925852	31.318935899596323	0.0002089302118202862	-3.494878985145948e-5	51.08064671897992	61.035803669333426
62.15549147329613	5.987761538014043	83.16472342350413	22.928657289832994	102.67838279303713	31.724291474423588	0.0002089302118202862	-3.494878985145948e-5	50.86433745875324	60.54478759094455
76.06121374315411	5.9954014675558716	82.94678988960248	22.926597446775958	102.67838116681574	32.12639302925667	0.0002089302118202862	-3.494878985145948e-5	50.64889465351911	60.05979896100125
87.49679173103856	6.002980428099332	84.93066819355505	22.924698571972975	99.2572007320069	32.52528568943879	1283.0619736864862	-3.494878985145948e-5	52.63070820517131	59.585907193679944
92.38349843376957	6.010502347746683	90.04731734640923	22.923806229739547	90.94272746488211	32.92117619719407	1168.090748624911	-3.494878985145948e-5	57.7380350465761	59.16519409964087
96.46402975030036	6.017974735899406	94.45058174557708	22.924025277548065	83.70440568870599	33.31445978417948	1006.7242073063665	-3.494878985145948e-5	62.132291884260084	58.802527082430345
99.92801195782273	6.025404397992846	98.19228570468306	22.925192235406307	77.4664455953715	33.70549463120265	867.863331514572	-3.494878985145948e-5	65.86536274378875	58.4893918706706
102.86668919381124	6.032797128817367	101.36778700407282	22.927165006209442	72.08484236357485	34.09458572723006	749.4512998139368	-3.494878985145948e-5	69.03255688409477	58.218393869601385
105.35923731181022	6.040157856711724	104.06152705712046	22.929822396986353	67.43194395490347	34.48199245851194	648.8553322896147	-3.494878985145948e-5	71.71826812388592	57.98322701372912
107.47321547768232	6.047490772569083	106.34626714847198	22.9330614194091	63.39771386031073	34.867935398372964	563.474369549902	-3.494878985145948e-5	73.99521529846554	57.778532341998336
109.26564900502872	6.054799440979171	108.28376913558233	22.93679463935594	59.88875001954521	35.25260215679871	490.9401396679326	-3.494878985145948e-5	75.92512424773054	57.59975991883592
110.78439553256854	6.062086894644966	109.92602199093021	22.940947770971405	56.82644937533567	35.636152349735255	429.1869757639082	-3.494878985145948e-5	77.55995431133573	57.44304381631926
112.06951792766606	6.069355713975813	111.31660549858998	22.94545758037673	54.144950638849934	36.01872178820087	376.4564194827872	-3.494878985145948e-5	78.94326139542201	57.30509332004313
113.15454041477764	6.076608093934644	112.49199585170395	22.950270101190963	51.789158318944565	36.400425996560394	331.27248648159326	-3.494878985145948e-5	80.11150274502252	57.18310036281335
114.06754331919666	6.083845900115134	113.48273168132066	22.955339135714553	49.71297524137671	36.781363163954516	292.40602388273925	-3.494878985145948e-5	81.09520214132306	57.07466177996848
114.83209155600166	6.091070715808132	114.31441693751493	22.960625005413185	47.877781207292905	37.16161662148076	258.8375141880877	-3.494878985145948e-5	81.91995202804526	56.97771448025034
115.46800966788187	6.098283881568885	115.00856488049072	22.966093513080775	46.25115226172562	37.54125692467828	229.7225986403098	-3.494878985145948e-5	82.60725685370214	56.890481575591956
115.99202238623165	6.105486528557022	115.58329936259561	22.971715081871487	44.80579645179752	37.92034360826451	204.3617167627591	-3.494878985145948e-5	83.1752338130975	56.81142766572063
116.41828169058667	6.112679606706806	116.05393317347196	22.97746404073825	43.518676254008646	38.29892666877941	182.17446350210093	-3.494878985145948e-5	83.63919075123083	56.73922170156968
116.75879909150649	6.119863908600694	116.43344317287412	22.983318030434024	42.37028779102768	38.67704782108933	162.67816426091846	-3.494878985145948e-5	84.01210094055855	56.67270609166408
117.02379999457287	6.127040089764537	116.73285996936627	22.989257508552033	41.3440698867634	39.05474156655482	145.47021754804044	-3.494878985145948e-5	84.30499247586206	56.61087093937234
117.22201447355224	6.134208685974497	116.96158745289162	22.995265335872027	40.4259197032943	39.432036103921035	130.21371527504093	-3.494878985145948e-5	84.52726758185544	56.552832494874416
117.36091596225268	6.141370128060524	117.12766506363936	23.001326429493457	39.6037953763733	39.80895410844883	116.6256542513892	-3.494878985145948e-5	84.68696470473598	56.4978150716442
117.44691767046653	6.148524754605309	117.23798337415491	23.007427470906247	38.86738956865684	40.185513400279596	104.46735310054214	-3.494878985145948e-5	84.79097395533758	56.44513581504415
117.48553456685102	6.155672822867201	117.29846163837193	23.013556659338928	38.207860782711066	40.561727519326546	93.53666918427759	-3.494878985145948e-5	84.84521454993272	56.39419182358354
117.48151714345627	6.162814518198606	117.3141943415617	23.01970350250533	37.61761173916273	40.937606220979426	83.6616058920116	-3.494878985145948e-5	84.85478127650295	56.3444492153333
117.43896226235913	6.169949962184449	117.28957241048082	23.025858638315032	37.090106218145976	41.3131559044449	74.69513088387556	-3.494878985145948e-5	84.82406564088359	56.295433806526376
117.36140503834419	6.177079219687111	117.22838368417487	23.032013682279636	36.619717372505455	41.68837998353234	66.5108820293648	-3.494878985145948e-5	84.75685628931616	56.24672312962343
117.25189525360186	6.184202304952886	117.13389632700884	23.038161096289688	36.201601920759146	42.06327920804684	58.99966824119495	-3.494878985145948e-5	84.65642238594681	56.19793956683731
117.11306088503781	6.191319186909266	117.00892817703861	23.044294075198415	35.83159567483686	42.437851942593134	52.06655894427166	-3.494878985145948e-5	84.52558293596782	56.14874441445484
116.94716095893797	6.1984297937609	116.85590443270846	23.050406448263438	35.50612675619701	42.81209440846856	45.62846805941181	-3.494878985145948e-5	84.36676445553353	56.098832725124225
116.75612946572272	6.205534016974581	116.67690562279284	23.056492592995124	35.22214355085622	43.18600089339918	39.61212640957882	-3.494878985145948e-5	84.18204893193342	56.04792880102447
116.54161180318462	6.2126317147287855	116.47370742348156	23.06254735936258	34.97705503393748	43.5595639330942	33.952394796168264	-3.494878985145948e-5	83.97321363684489	55.995782231686555
116.30499480877673	6.219722714890906	116.24781359340926	23.068566002633304	34.768681540126266	43.9327744679425	28.590812628366002	-3.494878985145948e-5	83.74176406265025	55.9421643871166
116.04743134818534	6.226806817574957	116.000483038695	23.07454412338576	34.595214450659846	44.30562197762941	23.474359689812495	-3.494878985145948e-5	83.48896099332218	55.886865290536704
115.76986017782882	6.2338837973236965	115.73275182193699	23.08047761344546	34.455183569085385	44.6780945959842	18.554382890559857	-3.494878985145948e-5	83.2158425234442	55.829690806084855
115.47302165723139	6.240953404951379	115.44545075928099	23.086362606664963	34.347431216924214	45.050179207967474	13.785653919851992	-3.494878985145948e-5	82.92324166927702	55.77046008567592
115.15746972565633	6.248015369076851	115.13921911027535	23.092195433602548	34.2710922930653	45.421861530360744	9.12551263514904	-3.494878985145948e-5	82.61180007651932	55.7090032262816
114.8137210681538	6.25506939734978	114.81222990323216	23.097972532710596	34.22912952322129	45.79312617630428	0.7457874054852346	-3.494878985145948e-5	82.27969797457199	55.64515676803745
113.91560824529968	6.262115172427199	114.4597783980742	23.103688738538708	34.22902568341037	46.163956443536875	0.0002959164766178114	-3.494878985145948e-5	81.92224516919663	55.57867830557204
111.92771381980097	6.269152354117529	114.10879311068895	23.109342601770635	34.22902347715165	46.53433442723844	0.0002959164766178114	-3.494878985145948e-5	81.56631787317149	55.5095123826518
108.88788375183894	6.276180605910457	113.75933267428326	23.11493503785139	34.22902127089293	46.90424241633991	0.0002959164766178114	-3.494878985145948e-5	81.21197368905328	55.43772159704308
104.85531128825437	6.283199599154931	113.41139030789166	23.120466947372012	34.2290190646342	47.273663113417484	0.0002959164766178114	-3.494878985145948e-5	80.85920495061794	55.36336741085059
99.90852083166776	6.290209012915319	113.06495926336389	23.125939216132714	34.22901685837548	47.64257962712216	0.0002959164766178114	-3.494878985145948e-5	80.50800403915238	55.286510160866264
94.1438388640915	6.297208533830119	112.72003282516022	23.131352715393813	34.22901465211676	48.01097546474321	0.0002959164766178114	-3.494878985145948e-5	80.15836338299992	55.20720907818122
87.67351824440088	6.304197855973062	112.37660431015203	23.136708302122344	34.22901244585803	48.37883452489805	0.0002959164766178114	-3.494878985145948e-5	79.81027545711497	55.125522307460656
80.62355232303783	6.311176680716694	112.03466706742132	23.142006819234485	34.22901023959931	48.74614109035242	0.0002959164766178114	-3.494878985145948e-5	79.4637327826211	55.04150692588606
73.13122156783722	6.318144716598307	111.69421447806424	23.14724909583381	34.22900803334059	49.11287982096359	0.0002959164766178114	-3.494878985145948e-5	79.11872792637719	54.95521896177163
65.34242032405234	6.325101679188209	111.35523995499533	23.152435947445472	34.22900582708186	49.479035746747925	0.0002959164766178114	-3.494878985145948e-5	78.77525350054827	54.86671341285969
57.40881592240215	6.332047290960309	111.01773694275387	23.1575681762464	34.22900362082314	49.84459426106899	0.0002959164766178114	-3.494878985145948e-5	78.43330216218261	54.776044264301035
49.48489544650197	6.338981281164944	110.6816989173121	23.162646571291525	34.229001414564415	50.20954111394448	0.0002959164766178114	-3.494878985145948e-5	78.0928666127945	54.68326450632546
41.72495715809071	6.345903385703927	110.34711938588528	23.167671908736153	34.228999208305694	50.57386240546993	0.0002959164766178114	-3.494878985145948e-5	77.75393959795274	54.588426151607855
34.280106229303726	6.35281334700779	110.01399188674327	23.17264495205456	34.228997002046974	50.93754457935743	0.0002959164766178114	-3.494878985145948e-5	77.41651390687447	54.49158025233507
27.29531211634163	6.35971091391515	109.68230998902408	23.177566452254794	34.228994795788246	51.300574416586905	0.0002959164766178114	-3.494878985145948e-5	77.08058237202475	54.392776916978654
20.90658607830865	6.366595841554204	109.35206729254874	23.182437148089846	34.228992589529526	51.662939029168726	0.0002959164766178114	-3.494878985145948e-5	76.74613786872096	54.29206532677852
15.238332328208536	6.373467891226271	109.02325742763871	23.187257766265198	34.2289903832708	52.024625854014346	0.0002959164766178114	-3.494878985145948e-5	76.41317331474353	54.189493751942784
10.400925224027361	6.380326830291389	108.69587405493384	23.19202902164282	34.22898817701208	52.385622646915245	0.0002959164766178114	-3.494878985145948e-5	76.08168166995061	54.085109567568004
6.48856065074435	6.3871724320558965	108.36991086521276	23.196751617441674	34.22898597075336	52.74591747662618	0.0002959164766178114	-3.494878985145948e-5	75.75165593589878	53.97895926928539
3.814858560548444	6.376999232257901	108.0453615135091	23.201364588534698	35.125901875490335	52.210485908310666	0.0002959164766178114	256.2140425832636	75.4231506237264	54.71826781383616
2.1325700403503265	6.340278605491086	107.72221893462205	23.20559449570993	37.4297027354617	50.277821341636155	0.0002959164766178114	420.7708319263938	75.09643157576005	56.76579451093865
1.4144856287613925	6.288845444957019	107.40047496637432	23.209224861937532	40.524201250878974	47.570812892474706	0.0002959164766178114	487.43595703188043	74.77170669105412	59.51897084902216
1.6088859386656003	6.2362361358318115	107.08012084454049	23.212177817408882	43.699375884612	44.80190188588481	0.0002959164766178114	462.7349951289388	74.44904493725655	62.29708407885017
1.8187757226347114	6.187323196798923	106.76114778041976	23.21448541920706	46.69780136988502	42.22753667362753	0.0002959164766178114	436.8547228287389	74.1284055501119	64.85811112040358
2.016944055025966	6.141903162896801	106.4435472086083	23.216193691411494	49.52877754690295	39.837008573515845	0.0002959164766178114	412.4958861994012	73.80973404909804	67.2145264257313
2.204079854293346	6.099763935634662	106.12731079100513	23.217345816395426	52.20214610786552	37.619154507087444	0.0002959164766178114	389.56838354644924	73.492979016576	69.37909403803495
2.3808312419769035	6.060706058077155	105.81243040401347	23.217982294813932	54.72716593191634	35.56347674090291	0.0002959164766178114	367.9874570223429	73.17809192534828	71.36381183683545
2.547807962298343	6.024541963945941	105.49889812650393	23.21814110657515	57.11254765079404	33.66010336557585	0.0002959164766178114	347.67337557707754	72.86502696599622	73.17995713145712
2.7055836582076114	5.991095271287528	105.18670622849753	23.217857862231913	59.3664861637836	31.899751120396246	0.0002959164766178114	328.55113672030944	72.55374088449607	74.83812954721591
2.8546980124013133	5.960200118061782	104.87584716052496	23.217165945362765	61.49669122369362	30.273690424304355	0.0002959164766178114	310.55018597836465	72.24419282950264	76.34829136504571
2.9956587613085035	5.9317005371685525	104.56631354362163	23.2160966464764	63.510416208082056	28.773712482555432	0.0002959164766178114	293.6041529983227	71.93634420872722	77.719805465389
3.128943589571943	5.90544986857506	104.25809815992024	23.21467928894229	65.41448518327404	27.392098346055818	0.0002959164766178114	277.65060331262947	71.63015855386965	78.96147101835797
3.2550019121549356	5.881310206330085	103.95119394380733	23.212941347423698	67.21531836303109	26.121589806846586	0.0002959164766178114	262.63080482983264	71.32560139359587	80.08155705467719
3.3742565507254816	5.859151878399824	103.64559397360736	23.210908559257316	68.91895605689602	24.95536202104339	0.0002959164766178114	248.489508179752	71.02264013408133	81.08783404287112
3.487105310580345	5.838852957380844	103.34129146376499	23.208605029197713	70.5310811976798	23.886997756886554	0.0002959164766178114	235.17474009236767	70.72124394667338	81.98760359083997
3.593922463995332	5.82029880026253	103.03827975749529	23.206053327919765	72.05704053217961	22.91046317171215	0.0002959164766178114	222.6376090390376	70.42138366225046	82.78772638285834
3.69506014556734	5.803381615511045	102.73655231987313	23.20327458465067	73.50186455463687	22.020085026897124	0.0002959164766178114	210.83212240668826	70.12303167187814	83.4946484569779
3.790849664817926	5.788000055838504	102.43610273133734	23.20028857428353	74.87028625821667	21.21052925465813	0.0002959164766178114	199.71501451437555	69.82616183338648	84.11442592224775
3.881602740904335	5.774058835152884	102.13692468158305	23.197113799296027	76.1667587737368	20.47678079752024	0.0002959164766178114	189.24558483717266	69.53074938351944	84.65274820715359
3.967612664097368	5.761468368241917	101.83901196382028	23.193767566785425	77.39547196220869	19.814124644311445	0.0002959164766178114	179.38554582677264	69.23677085532364	85.11495992717201
4.049155388322145	5.750144431857167	101.54235846937613	23.19026606090668	78.56036802256264	19.2181279924825	0.0002959164766178114	170.09887976582004	68.94420400046795	85.50608145247222
4.126490558870197	5.740007845922629	101.2469581826214	23.186624410988042	79.66515617324909	18.68462346961207	0.0002959164766178114	161.35170411756107	68.6530277162004	85.8308282532672
4.19986247919529	5.730984173653165	100.95280517620053	23.18285675558541	80.71332646360757	18.209693350166617	0.0002959164766178114	153.11214485810538	68.36322197666124	86.09362909660867
4.269501020349752	5.723003439478455	100.65989360654761	23.178976302712872	81.70816276581418	17.78965470939237	0.0002959164766178114	145.35021732518803	68.07476776829759	86.29864316171735
4.335622476460071	5.715999863717186	100.36821770967167	23.174995386476432	82.65275499596159	17.421045458799274	0.0002959164766178114	138.0377141380293	67.78764702913641	86.44977613795884
4.39843036946927	5.709911612999432	100.07777179719453	23.170925520326357	83.5500106103787	17.10061121049644	0.0002959164766178114	131.14809976533402	67.50184259168425	86.5506953663428
4.458116206097199	5.704680565520948	99.78855025262676	23.166777447125213	84.40266541934912	16.825292922155178	0.0002959164766178114	124.65641135469278	67.2173381292425	86.60484408020974
4.514860189896371	5.70025209023593	99.50054752786711	23.162561186223705	85.21329375933729	16.592215275575306	0.0002959164766178114	118.53916544627381	66.93411810543199	86.61545479938526
4.568831891128698	5.696574839142093	99.21375813991204	23.15828607772629	85.98431806265626	16.39867574432073	0.0002959164766178114	112.77427021365735	66.65216772673173	86.5855619292063
4.620190876886844	5.693600551905561	98.92817666776268	23.15396082410832	86.71801785920118	16.242134310819058	0.0002959164766178114	107.34094291418965	66.37147289785808	86.51801361013435
4.669087303822929	5.691283872091999	98.64379774951783	23.149593529342503	87.4165382440024	16.120203794315792	0.0002959164766178114	102.21963223922498	66.09202017981515	86.41548286252167
4.715662475750395	5.68958217430051	98.36061607964155	23.145191735685916	88.0818978429662	16.03064075265846	0.0002959164766178114	97.39194526732946	65.81379675045416	86.2804780692667
4.760049368129631	5.68845540157606	98.07862640639524	23.14076245826176	88.71599630552672	15.971336925055827	0.0002959164766178114	92.8405787569608	65.53679036739813	86.11535283428147
4.802373121425202	5.687865912483339	97.79782352942316	23.136312217568562	89.3206213526063	15.940311183333645	0.0002959164766178114	88.5492545181316	65.26098933318767	85.92231525425777
4.842751505227155	5.687778337254313	97.51820229748506	23.131847070043207	89.89745540691992	15.93570196075336	0.0002959164766178114	84.50265861503371	64.98638246251626	85.70343663944129
4.881295354904092	5.688159442460906	97.23975760632294	23.127372636795652	90.44808183087613	15.95576012952139	0.0002959164766178114	80.68638416799939	64.7129590514239	85.46065971673384
4.91810898228215	5.688978003748744	96.96248439665739	23.122894130615162	90.97399079341983	15.998842302565475	0.0002959164766178114	77.08687755897729	64.44070884834498	85.1958063433174
4.953290562002732	5.690204686118908	96.68637765230403	23.118416381358326	91.47658478942814	16.06340453257411	0.0002959164766178114	73.6913878239355	64.16962202689136	84.91058476196748
4.986932494975166	5.691811931317983	96.41143239840343	23.113943859813386	91.9571838318915	16.14799638515703	0.0002959164766178114	70.48791904659964	63.89968916026895	84.60659642476674
5.019121750235031	5.69377385192951	96.1376436997574	23.1094807001283	92.41703033560384	16.25125536471106	0.0002959164766178114	67.46518558176584	63.63090119723408	84.28534240993619
5.04994018651456	5.696066131761187	95.86500665926638	23.105030720889804	92.85729371102569	16.371901671641407	0.0002959164766178114	64.6125699369806	63.36324943949703	83.94822945642738
5.079464854765609	5.698665932142852	95.59351641645853	23.100597444936103	93.27907468604069	16.508733270676412	0.0002959164766178114	61.92008315004216	63.09672552048091	83.59657563965902
5.107768282801748	5.701551803772841	95.32316814611012	23.096184117981238	93.68340937227124	16.660621251202176	0.0002959164766178114	59.378327509427166	62.831321385357626	83.23161571041639
5.1349187429914664	5.70470360382364	95.053957056947	23.0917937261131	94.07127308926721	16.826505464402103	0.0002959164766178114	56.97846149553527	62.56702927228877	82.85450611446942
5.1609805040938275	5.708102417967856	94.7858783904249	23.08742901223799	94.44358396215809	17.005390419360868	0.0002959164766178114	54.71216679972082	62.303841694796766	82.46632971350323
5.186014068187411	5.711730487029414	94.5189274195828	23.083092491535204	94.80120630635214	17.196341422600774	0.0002959164766178114	52.57161729651821	62.04175142519665	82.06810022528586
5.2100763935258225	5.7155711380012155	94.25309944796591	23.07878646597711	95.14495381118658	17.398480947432397	0.0002959164766178114	50.54944985985722	61.780751479030194	81.66076639879121
5.233221104152049	5.719608719170989	93.98838980861244	23.07451303797034	95.4755925344184	17.610985219525713	0.0002959164766178114	48.638736914211854	61.520835100440664	81.2452159399641
5.255498687091733	5.723828539100581	93.72479386310371	23.070274123172748	95.79384371927102	17.833081005293753	0.0002959164766178114	46.83296061320273	61.26199574843355	80.82227920360482
5.276956677887009	5.728216809222554	93.46230700066671	23.066071462536854	96.10038644491782	18.064042590660716	0.0002959164766178114	45.125988545872445	61.004227083961375	80.39273266571158
5.2976398351574066	5.732760589840534	93.20092463733563	23.061906633625753	96.3958601202092	18.303188938975474	0.0002959164766178114	43.5120508806307	60.74752295779374	79.95730218925755
5.317590304743304	5.7374477393613015	92.94064221516062	23.05778106123829	96.68086682857918	18.549881019015892	0.0002959164766178114	41.985718874117744	60.491877399123524	79.51666609384603
5.336847774156018	5.742266866533586	92.68145520146496	23.053696027391947	96.95597353447509	18.803519291241376	0.0002959164766178114	40.54188465007477	60.23728460486273	79.07145804291461
5.355449617883439	5.747207285523261	92.42335908814674	23.04965268069996	97.22171415915253	19.063541343329558	0.0002959164766178114	39.175742176300226	59.983738929587055	78.62226975883142
5.37343103406239	5.752258973666261	92.16634939102235	23.04565204517677	97.47859153313755	19.32941966664533	0.0002959164766178114	37.88276937270507	59.73123487609285	78.16965357552186
5.390825173029067	5.75741253174046	91.91042164920954	23.04169502850587	97.72707923266151	19.60065956528739	0.0002959164766178114	36.658711283457286	59.47976708653005	77.71412483826708
5.407663258254845	5.762659146599092	91.65557142454685	23.037782429803887	97.96762330731548	19.876797189425943	0.0002959164766178114	35.49956424674268	59.22933033407426	77.25616416023614
5.4239747001344165	5.767990556020693	91.4017943010485	23.033914946911963	98.20064390559507	20.157397685299664	0.0002959164766178114	34.40156100094557	58.97991951510577	76.79621954456003
5.4397872030662375	5.773399015639071	91.14908588439057	23.030093183243856	98.4265368046211	20.44205345468798	0.0002959164766178114	33.361156669601286	58.731529641862444	76.33470838023565
5.455126866126749	5.778877267859672	90.89744180142914	23.026317654210693	98.64567484834268	20.730382518930146	0.0002959164766178114	32.37501558561028	58.484155835546794	75.87201931754761
5.470018277795978	5.78441851262035	90.6468576997461	23.02258879325302	98.85840930076023	21.022026980018477	0.0002959164766178114	31.439998894755266	58.237793319852834	75.40851403162998
5.484484605089811	5.790016379886228	90.39732924722243	23.018906957503667	99.06507111924357	21.316651572959397	0.0002959164766178114	30.55315289195959	57.99243741488843	74.94452888086849
5.498547677403272	5.795664903784214	90.14885213163622	23.015272433101824	99.26597215229302	21.61394230443236	0.0002959164766178114	29.71169805041213	57.748083531470904	74.4803764658769
5.512228065369209	5.801358498282668	89.90142206028543	23.01168544017849	99.46140626609211	21.91360517277202	0.0002959164766178114	28.91301870366379	57.50472716577484	74.01634709478758
5.525545155037	5.8070919343217335	89.65503475963158	23.008146137533647	99.65165040420341	22.215364964301823	0.0002959164766178114	28.154653340791327	57.262363894308756	73.55271016059211
5.538517217666943	5.812860318302442	89.40968597496682	23.00465462702482	99.83696558463116	22.51896412118118	0.0002959164766178114	27.4342854758678	57.020989369203036	73.08971543611537
5.551161475411974	5.81865907185056	89.16537147009537	23.00121095768504	100.0175978381316	22.82416167634528	0.0002959164766178114	26.749735056176494	56.7805993137822	72.62759429172053
5.56349416311732	5.824483912783154	88.92208702704038	22.997815129585728	100.19377909106512	23.130732251744934	0.0002959164766178114	26.098950378901247	56.541189518417255	72.16656084012523
5.575530586416637	5.830330837222953	88.67982844576267	22.994467097456138	100.36572799534108	23.438465116997563	0.0002959164766178114	25.480000492949568	56.30275583663271	71.70681301165575
5.587285176411022	5.8361961027713205	88.4385915438979	22.99116677407861	100.53365070954659	23.747163303753712	0.0002959164766178114	24.89106804834766	56.06529418145581	71.24853356536093
5.598771541120112	5.842076212681203	88.19837215650846	22.987914033472105	100.69774163396215	24.056642772694914	0.0002959164766178114	24.330442568426953	55.82880052199181	70.79189103954158
5.610002513880769	5.847967900975632	87.9591661358494	22.98470871387575	100.85818410197153	24.36673163029642	0.0002959164766178114	23.796514121804186	55.59327088021267	70.3370406450024
5.620990198868913	5.853868118457217	87.72096935114863	22.98155062054402	101.0151510303736	24.67726939248512	0.0002959164766178114	23.28776737114822	55.35870132794815	69.88412510433665
5.631746013920228	5.859774019554232	87.48377768839798	22.978439528365243	101.16880553110667	24.98810629232798	0.0002959164766178114	22.802775975718195	55.12508798406404	69.43327544054713
5.6422807308225895	5.8656829499494805	87.24758705015826	22.97537518431496	101.3193014868547	25.299102628920068	0.0002959164766178114	22.340197325006994	54.8924270118191	68.98461171827036
5.652604513235314	5.87159243494401	87.01239335537305	22.972357309754358	101.46678409275076	25.610128154947954	0.0002959164766178114	21.898767583187517	54.66071461638536	68.53824374051389
5.662726952382639	5.8775001685097745	86.77819253919405	22.969385602583685	101.61139036628397	25.921061500514487	0.0002959164766178114	21.477297025031493	54.42994704252476	68.0942717036921
5.67265710059849	5.8834040030074455	86.54498055281584	22.966459739255612	101.75324962651041	26.231789631970862	0.0002959164766178114	21.074665653213483	54.20012057241485	67.65278681240486
5.682403502895876	5.88930193951555	86.31275336331969	22.963579376660164	101.8924839450445	26.542207342923746	0.0002959164766178114	20.689819074285342	53.971231523611735	67.2138718572271
5.69197422668098	5.89519211873368	86.08150695352566	22.96074415388914	102.02920857054599	26.85221677545689	0.0002959164766178114	20.32176461758793	53.74327624714168	66.77760175776962
5.701376889709639	5.901072812429483	85.85123732185285	22.957953693886544	102.16353232809826	27.16172696997282	0.0002959164766178114	19.969567684302326	53.51625112571432	66.34404407284951
5.710618686384126	5.906942415399049	85.62194048218697	22.955207604991408	102.29555799487665	27.47065344205524	0.0002959164766178114	19.63234831381019	53.290152572050914	65.9132594796144
5.719706412488183	5.912799437910322	85.39361246375505	22.952505482379653	102.42538265350602	27.778917784753833	0.0002959164766178114	19.30927795453188	53.0649770273202	65.48530222346305
5.728646488458259	5.918642498599181	85.16624931100546	22.949846909411338	102.55309802450711	28.08644729469377	0.0002959164766178114	18.999576426410105	52.840720959674215	65.06022054060439
5.830534940612891	5.9246013106841975	84.93984708353143	22.947231576702357	102.6718927757967	28.400068983378794	0.0002959164766178114	9.406612419448416	52.617380745337854	64.63151330090466
7.233545404814793	5.93266840520943	84.71440187559148	22.944671960673368	102.67651739664262	28.824652905759518	0.0002959164766178114	-4.92159690103255e-5	52.394940034847856	64.10017777319334
10.312759616294983	5.940755989958217	84.48990986607664	22.94217927578572	102.67651509524823	29.2503152609588	0.0002959164766178114	-4.92159690103255e-5	52.17338382264508	63.57116429137155
15.05349830424549	5.948776971675746	84.26636726283164	22.939752318883855	102.67651279385383	29.672472193460315	0.0002959164766178114	-4.92159690103255e-5	51.952709524897436	63.04876736040186
21.43265467163152	5.956732182106691	84.0437702846316	22.937389863307796	102.67651049245946	30.09116747929956	0.0002959164766178114	-4.92159690103255e-5	51.73291459213898	62.53288406005164
29.41913615518043	5.964622440065552	83.82211516122086	22.93509070387007	102.67650819106505	30.50644421397652	0.0002959164766178114	-4.92159690103255e-5	51.513996464421396	62.02341319022234
38.974015990389496	5.9724485516527155	83.60139813335724	22.932853656485474	102.67650588967066	30.918344823827198	0.0002959164766178114	-4.92159690103255e-5	51.29595257172775	61.52025524163431
50.050722942725216	5.980211310466838	83.38161545285442	22.93067755780717	102.67650358827628	31.326911077202034	0.0002959164766178114	-4.92159690103255e-5	51.07878033437794	61.023312367013055
62.59526829346348	5.987911497813618	83.16276338262261	22.92856126486907	102.67650128688189	31.732184095453658	0.0002959164766178114	-4.92159690103255e-5	50.862477163426135	60.53248835276909
76.54650899109805	5.995549882911018	82.94483819670728	22.92650365473434	102.6764989854875	32.1342043637378	0.0002959164766178114	-4.92159690103255e-5	50.64704046105028	60.04768859116252
87.687280046693	6.0031273458971635	85.1098721554415	22.924623153304022	98.97349490039392	32.53301820511383	1288.7041940954518	-4.92159690103255e-5	52.80962974265163	59.57479037033953
92.53331892398751	6.010647990574565	90.20853526173074	22.923770239754933	90.68580272091992	32.92884160918756	1162.392079598075	-4.92159690103255e-5	57.898967087799676	59.15611245901489
96.59180085620903	6.018119343574938	94.58825955531547	22.924023183780594	83.48304581730716	33.32207071447036	1001.770898916468	-4.92159690103255e-5	62.269696977579194	58.79519201027917
100.03697099022128	6.025548174679931	98.30971704100725	22.92521897157322	77.2756813884468	33.713061825259395	863.6272230767088	-4.92159690103255e-5	65.98253300342664	58.48353984466069
102.95965281374839	6.032940247756239	101.46795612566378	22.927216239154397	71.92016404401643	34.10211830295976	745.848592511999	-4.92159690103255e-5	69.13247493663557	58.21379956990426
105.43862651328705	6.040300464779262	104.14703165161032	22.929894440700707	67.28942348112368	34.48949814627676	645.7976793080671	-4.92159690103255e-5	71.80353015060784	57.97969879606835
107.54108216335364	6.047632994245404	106.41932482394712	22.933151144837886	63.27399742316455	34.8754207497579	560.8789181729617	-4.92159690103255e-5	74.06803760390088	57.77590752962034
109.32371862104766	6.054941381735185	108.3462523016118	22.936899390119102	59.78100629801549	35.260072722904326	488.7334081876421	-4.92159690103255e-5	75.98737815518176	57.59790041919181
110.83411345633395	6.06222864380596	109.97950232111185	22.941065288767117	56.73230264051993	35.643612831892476	427.30581608076574	-4.92159690103255e-5	77.6132106111219	57.44183224805406
112.11209337202695	6.069497347129151	111.36239881440123	22.945585940907204	54.06241290251347	36.02617616469202	374.84752728257547	-4.92159690103255e-5	78.98883520308726	57.30442968889858
113.19098546012734	6.076749674949703	112.53120325854047	22.950407660069992	51.71656701439563	36.40787762893157	329.8913492631406	-4.92159690103255e-5	80.1504946092514	57.18289925601022
114.09870631213055	6.083987482837602	113.51627547922726	22.955484483249272	49.64893876217145	36.78881488618948	291.2156649213436	-4.92159690103255e-5	81.12853392812116	57.07485002057911
114.85868523003674	6.091212345482797	114.34307108657677	22.960776929001778	47.82113268151074	37.16907081488396	257.8073201996827	-4.92159690103255e-5	81.94839736284871	56.97822917594461
115.49063435407578	6.098425596036832	115.03298045890024	22.966250966012904	46.20091091664658	37.54871558088586	228.8271960574505	-4.92159690103255e-5	82.63146655976722	56.89126849879922
116.0111852883639	6.105628359265625	115.60402559705332	22.97187715744816	44.76113570023023	37.92780838240124	203.58009412497913	-4.92159690103255e-5	83.19575692575306	56.81243990912213
116.43441259105911	6.112821579564193	116.07143475770478	22.977629950779537	43.47889741776886	38.306398924431214	181.4891651468645	-4.92159690103255e-5	83.65649182327809	56.7404185607627
116.77226323818144	6.120006044700914	116.44811447403936	22.983487087394366	42.33479855286523	38.68452866846909	162.07463054072068	-4.92159690103255e-5	84.02657423816805	56.67405213466804
117.03490879680342	6.127182406004848	116.74503665924787	22.989429110597115	41.312366655748626	39.06223189499189	144.9363172474474	-4.92159690103255e-5	84.31697360144726	56.6123352296089
117.23103409680009	6.1343511955824725	116.9715560708787	22.995438954386785	40.397573121773334	39.43953660960372	129.73926143035771	-4.92159690103255e-5	84.53704303043047	56.554387940211065
117.36807449956208	6.141512841045481	117.1356708568372	23.001501598588447	39.57843844476919	39.816465318183056	116.20206983211285	-4.92159690103255e-5	84.69477969885045	56.49943787714368
117.45241105215611	6.148667678145945	117.24423674787701	23.007603778569152	38.84470788087198	40.19303569189171	104.08740060920154	-4.92159690103255e-5	84.79703889152422	56.44680502115556
117.48953137565202	6.1558159616453825	117.3031434804476	23.013733739943184	38.18758447139334	40.569261139230534	93.19419607184447	-4.92159690103255e-5	84.84971031986413	56.39588891488536
117.48416265654069	6.162957874687376	117.31746041511083	23.019881030441095	37.59950883537089	40.945151299335464	83.35136918457565	-4.92159690103255e-5	84.85786365735449	56.34615778768135
117.44038175490522	6.170093536897041	117.29155699539274	23.02603632255033	37.07397715108795	41.32071246826525	74.41262822588536	-4.92159690103255e-5	84.82586893497191	56.29713928265983
117.3617065783313	6.177223011392537	117.22920259285355	23.032191261694212	36.605390418922035	41.695947968028165	66.2522412085245	-4.92159690103255e-5	84.75749633848181	56.24841251507976
117.2511719818841	6.184346310862842	117.1336494137415	23.038338335652174	36.188929422344934	42.07085846646526	58.761532540958875	-4.92159690103255e-5	84.65599907992889	56.19960123946262
117.11139292226645	6.191463402840135	117.00770142351791	23.044470761679637	35.82045089863495	42.44544225474382	51.8459978439316	-4.92159690103255e-5	84.5241822972432	56.15036794197124
116.9446169886784	6.198574214274222	116.85377168248687	23.05058238839741	35.49640128750402	42.8196954881168	45.42290156544582	-4.92159690103255e-5	84.36446037334217	56.10040870615553
116.75276807724428	6.205678635498657	116.67393001972266	23.056667610013708	35.21374513528394	43.19361239466598	39.419277230496924	-4.92159690103255e-5	84.17890460050731	56.04944872574886
116.53748256166513	6.2127765236636785	116.46994260667095	23.062721290841747	34.969905788849864	43.567185455982916	33.7702259667856	-4.92159690103255e-5	83.9692827503279	55.99723835889982
116.30013914912982	6.219867705698759	116.24330468087028	23.068738698398725	34.762716486998144	43.94040556309234	28.417482599460413	-4.92159690103255e-5	83.73709179887317	55.94354963499495
116.0418833137146	6.226951980857234	115.99526743025045	23.074715443633114	34.590380322179996	44.31326215038049	23.30819020177337	-4.92159690103255e-5	83.48358481698271	55.888173138790684
115.76364699835355	6.234029122886638	115.72685984735853	23.080647427037135	34.451437851784725	44.685743309822804	18.393823967198152	-4.92159690103255e-5	83.20979283465145	55.83091520752131
115.46616419009791	6.241098881860749	115.43890618984051	23.08653078956977	34.34474140206707	45.05783588740762	13.629248598392953	-4.92159690103255e-5	82.91654231563884	55.77159538544734
115.14998280778612	6.248160985702857	115.13203954547157	23.092361867449103	34.2694353184004	45.429525563307976	8.971879626958208	-4.92159690103255e-5	82.60446874054077	55.710044087308475
114.80412848165913	6.255215141391187	114.80385273037443	23.098137085023907	34.229383867167414	45.80079691532533	0.13812411204737426	-4.92159690103255e-5	82.27117329875242	55.646097181632264
113.87006645076323	6.26226103057518	114.45137478005412	23.103851250728972	34.22937813088657	46.17163318816705	0.00029004824890964425	-4.92159690103255e-5	81.91369613705045	55.579511007685966
111.84630842741805	6.269298312866866	114.10042609183878	23.109503104986345	34.2293758686224	46.54201646667682	0.00029004824890964425	-4.92159690103255e-5	81.55780737210763	55.510239605970334
108.77223270152153	6.276326652037446	113.75100208958148	23.115093562910115	34.22937360635822	46.91192905460212	0.00029004824890964425	-4.92159690103255e-5	81.20350152362352	55.43834554362977
104.70769936984902	6.283345719712352	113.40309599315302	23.120623524578363	34.22937134409404	47.28135366907084	0.00029004824890964425	-4.92159690103255e-5	80.85077092672061	55.363890243296865
99.73185519887292	6.29035519522748	113.0567010552335	23.12609387528707	34.229369081829866	47.65027343302494	0.00029004824890964425	-4.92159690103255e-5	80.4996079640178	55.286934002975876
93.94159241910742	6.2973547654879765	112.71181056110827	23.131505485800908	34.22936681956568	48.01867186778793	0.00029004824890964425	-4.92159690103255e-5	80.1500050651764	55.207536015643086
87.44966201232101	6.304344124829443	112.36841782846771	23.136859212599713	34.22936455730151	48.38653288575985	0.00029004824890964425	-4.92159690103255e-5	79.8019547064545	55.12575438850993
80.38247812469962	6.3113229748815876	112.0265162072077	23.142155898120738	34.229362295037326	48.75384078324112	0.00029004824890964425	-4.92159690103255e-5	79.45544941026583	55.04164616195403
72.87765647769514	6.31829102443424	111.68609907923246	23.147396370996795	34.22936003277315	49.12058023338071	0.00029004824890964425	-4.92159690103255e-5	79.11048174474557	54.95526732812424
65.08133469043445	6.325247989305708	111.34715985825929	23.152581446290284	34.22935777050897	49.48673627924744	0.00029004824890964425	-4.92159690103255e-5	78.76704432332177	54.86667284922526
57.145326529212156	6.332193592213435	111.00969198962473	23.157711925723245	34.229355508244794	49.85229432702256	0.00029004824890964425	-4.92159690103255e-5	78.4251298042923	54.775916675487004
49.22416580997198	6.339127562646906	110.67368895009305	23.162788597903468	34.22935324598061	50.21724013931052	0.00029004824890964425	-4.92159690103255e-5	78.08473089040817	54.683051762824654
41.472097068721816	6.3460496367427774	110.33914424766613	23.167812238546734	34.22935098371644	50.58155982856689	0.00029004824890964425	-4.92159690103255e-5	77.74584032846187	54.588130090194234
34.040072186495706	6.352959557162183	110.00605142139526	23.172783610695237	34.22934872145226	50.945239850640874	0.00029004824890964425	-4.92159690103255e-5	77.40845090888166	54.49120267664926
27.072811170010002	6.359857072970184	109.67440404119482	23.17770346493232	34.22934645918808	51.30826699843041	0.00029004824890964425	-4.92159690103255e-5	77.07255546533125	54.392319598103434
20.705983593249716	6.36674193951733	109.34419570765715	23.182572539593487	34.2293441969239	51.6706283956486	0.00029004824890964425	-4.92159690103255e-5	76.73814687431444	54.29153000380441
15.063567072033365	6.373613918323279	109.01542005186955	23.187391560973825	34.22934193465972	52.032311490698554	0.00029004824890964425	-4.92159690103255e-5	76.40521805478556	54.18888213252371
10.255432112056944	6.380472776962455	108.68807073523313	23.192161243531878	34.22933967239554	52.393304050655175	0.00029004824890964425	-4.92159690103255e-5	76.07376196776512	54.08442332846772
6.375212498596041	6.387318015513042	108.36214144928256	23.196882290086563	34.229351801748486	52.75357976384394	0.00029004824890964425	1.2104938233540905	75.74377161596344	53.97821372867225
3.745541080419665	6.3760546357837695	108.03762584058364	23.201487461866705	35.18383419348689	52.16077030440852	0.00029004824890964425	263.0512976680645	75.41530776318993	54.771641304143046
2.09100643619719	6.338655631046149	107.71451680550975	23.2057002675993	37.52381549822038	50.19240163400747	0.00029004824890964425	424.7648616165499	75.08863925939104	56.85223182765401
1.4130435455480024	6.286962562083288	107.39280615226639	23.20930856043752	40.632623734157036	47.471713793856914	0.00029004824890964425	487.39184378518263	74.76396965252319	59.61729991770778
1.6160875802841377	6.234472558081799	107.07248510691588	23.212239357941655	43.802152464260644	44.70908200430485	0.00029004824890964425	461.83843991142015	74.44136302292773	62.388339992988996
1.8255713148470536	6.185680940612199	106.75354488651665	23.21452638867404	46.79477724373086	42.14110213748386	0.00029004824890964425	436.01090470816865	74.12077694395407	64.94227240308828
2.0233574776122634	6.1403748760742465	106.43597693325675	23.21621558391692	49.620293854662435	39.75657242496003	0.00029004824890964425	411.7016819778524	73.80215703526866	67.29203539212976
2.2101335728884894	6.09834270415625	106.11977291618605	23.217350033128074	52.288523787179955	37.54435285032864	0.00029004824890964425	388.82085525843013	73.48545197909914	69.45036644858727
2.386546391940716	6.05938538007398	105.80492471844255	23.21797014962621	54.80870691649747	35.49396737231438	0.00029004824890964425	367.2838409449804	73.17061334213143	71.42923847760764
2.5532044276096597	6.023315725217093	105.491424425241	23.21811383123015	57.18953599748239	33.59556448510979	0.00029004824890964425	347.0110718923973	72.8575954032038	73.23990530064891
2.710680145677331	5.98995772227026	105.17926431257894	23.217816611338062	59.43918911273483	31.839880119487052	0.00029004824890964425	327.927699790947	72.54635499125772	74.89294445338611
2.8595121214825023	5.959145852168579	104.8684368366182	23.217111801014717	61.565360195665846	30.21820274571433	0.00029004824890964425	309.96331520026166	72.23685133293696	76.39829744230308
3.0002070497655837	5.930724470409779	104.55893462370031	23.216030622619634	63.575287742567006	28.72234054788279	0.00029004824890964425	293.05168419607367	71.9290459092615	77.76530761048878
3.133241635253547	5.904547220391186	104.25075046095948	23.214602335477746	65.47578182096649	27.344590546904183	0.00029004824890964425	277.13050064541795	71.62290232083942	79.00275575432401
3.2590643711009	5.880476481562023	103.94387728749638	23.21285435406786	67.27324947592868	26.07770955589559	0.00029004824890964425	262.1411531777663	71.31838616110566	80.118893625288
3.3780972118271144	5.858382850329259	103.63830818608015	23.210812359172362	68.9737186291603	24.91488685943434	0.00029004824890964425	248.0285059818685	71.01546489711292	81.12147544215115
3.4907371469979513	5.838144651777264	103.3340363753465	23.208500402405345	70.58286056017226	23.849718514592514	0.00029004824890964425	234.74069260958535	70.71410775742565	82.01778753140015
3.597357681526371	5.819647480376889	103.03105520246356	23.205941004511686	72.1060110534354	22.876183177730702	0.00029004824890964425	222.22892201670595	70.41428562669785	82.8146762067358
3.6983102281442664	5.802783767960504	102.72935813623518	23.203155247807572	73.5481902908339	21.98861936634201	0.00029004824890964425	210.44729611327787	70.11597094653389	83.51857399234935
3.7939254173057324	5.787452377329415	102.42893876061889	23.20016286311404	74.91412156456913	21.1817040699689	0.00029004824890964425	199.35263813402238	69.8191376222597	84.13552428922736
3.8845143293598183	5.773558219991745	102.12979076863084	23.1969823115064	76.2082488796275	20.45043263114418	0.00029004824890964425	188.90433119484683	69.52376093525329	84.67120457572865
3.9703696536399598	5.761011896587774	101.831907956616	23.193630861189924	77.43475351220094	19.790099820408845	0.00029004824890964425	179.06416642643555	69.22981746050445	85.13094823010346
4.051766778760139	5.749729358670773	101.53528421886223	23.190124659788353	78.59756958534636	19.196282035303547	0.00029004824890964425	169.7962001227176	68.93728498909505	85.51976505587504
4.1289648182131655	5.7396315905718	101.23991354253667	23.18647880231857	79.70039872038961	18.664820556410174	0.00029004824890964425	161.06661936751746	68.64614245530684	85.84236058733461
4.202207575174277	5.73064431013654	100.94579000292607	23.18270739511214	80.74672381983406	18.191805796659708	0.00029004824890964425	152.84361562788044	68.35636986807714	86.103154248776
4.271724450071845	5.722697687228379	100.65290775896202	23.178823615921512	81.73982203265646	17.773562485703845	0.00029004824890964425	145.09726584730743	68.06794824654678	86.30629643465274
4.337731294300937	5.715726078949539	100.36126104901487	23.174839770436314	82.68277695021492	17.40663573418596	0.00029004824890964425	137.7994205965143	67.78085955945902	86.45568457433474
4.4004312133130625	5.709667780576449	100.07084418693998	23.17076734542556	83.57849007895956	17.087777925075947	0.00029004824890964425	130.92359885799274	67.49508666817744	86.55497824245151
4.460015322021723	5.70446479129662	99.7816515583613	23.166617058702112	84.42969163194043	16.813936384032324	0.00029004824890964425	124.44488905914378	67.21061327311234	86.60761337027054
4.516663455392999	5.700062593856225	99.49367761717816	23.162398906100897	85.23895068010151	16.58224178190624	0.00029004824890964425	118.33985597797663	66.92742386334996	86.61681561222947
4.570544836939985	5.696409947274219	99.2069168822816	23.158122205652422	86.00868470220132	16.389997224958616	0.00029004824890964425	112.58645316507753	66.64550366929	86.58561291890607
4.621818707554674	5.693458691867473	98.92136393446776	23.153795639114065	86.74116856812543	16.234667993024587	0.00029004824890964425	107.16394056293404	66.36483861811685	86.51684736232559
4.670634917014039	5.69116356586137	98.63701341353699	23.149427291015098	87.43854298897351	16.1138718874402	0.00029004824890964425	102.05280701638722	66.0854152919374	86.41318625768226
4.717134480436548	5.689482032879199	98.353860015567	23.145024685367417	88.10282246643793	16.025370151536467	0.00029004824890964425	97.23469737591917	65.80722088842211	86.27713262440686
4.761450101692662	5.688374119688276	98.07189849035014	23.140594820175764	88.7359027700967	15.96705893096159	0.00029004824890964425	92.69234393121552	65.53024318380615	86.11103502437025
4.8037066657468275	5.6878022635888374	97.79112363898503	23.136144199879332	89.33956797087048	15.93696124151749	0.00029004824890964425	88.40950191585519	65.25447049810886	85.91709681452068
4.844021701821065	5.687731168858928	97.51153031161189	23.131678865851036	89.91549705764531	15.933219413627528	0.00029004824890964425	84.3708888354405	64.97989166243536	85.69738484960128
4.882505819150498	5.688127671705538	97.23311340528561	23.127204425072534	90.46527016235149	15.954087984501731	0.00029004824890964425	80.56212738715823	64.70649598823599	85.45383766834574
4.919263116821589	5.688960613259314	96.95586786197535	23.122726077084526	90.99037441479564	15.997927013647832	0.00029004824890964425	76.96969177542674	64.43427323841338	85.18827319125658
4.954391569331548	5.690200720104044	96.67978866668516	23.118248639321664	91.49220945065221	16.063195794949387	0.00029004824890964425	73.5808572089037	64.16321360016255	84.90239596087699
4.9879833892958185	5.691820491897954	96.40487084568754	23.113776570927314	91.97209259299893	16.14844694199733	0.00029004824890964425	70.38365239186774	63.89330765944073	84.59780395146402
5.020125368606482	5.6937940956823665	96.13110946486304	23.10931399513511	92.43126372600842	16.252320825387432	0.00029004824890964425	67.36681483924254	63.62454637697336	84.27599497263317
5.0508991993407895	5.696097266474283	95.85849962814089	23.104864720303983	92.87088987935566	16.373540340751433	0.00029004824890964425	64.51974884500339	63.35692106570488	83.93837269148113
5.080381775658903	5.6987072137583485	95.58703647603187	23.100432259689363	93.29206954104299	16.510905987281202	0.00029004824890964425	61.8324859415986	63.09042336960269	83.58625229654677
5.108645477859655	5.701602533515186	95.31671518425057	23.096019850028522	93.69583671533945	16.66329123764111	0.00029004824890964425	59.29564769720723	62.82504524373397	83.22086582566278
5.135758439529214	5.704763125495983	95.04753096242003	23.091630469002446	94.0831647391903	16.82963818399881	0.00029004824890964425	56.90041072833098	62.560778935545876	82.84336717531924
5.161784798854484	5.708170115410511	94.77947905285455	23.087266851645737	94.45496987240843	17.00895344265819	0.00029004824890964425	54.63847378725686	62.297616967273655	82.45483681175735
5.186784935065464	5.7118057817292724	94.51255472941574	23.082931505768855	94.81211467542244	17.20030430154037	0.00029004824890964425	52.502026798035	62.03555211940745	82.0562862019751
5.210815690835569	5.715653486842417	94.24675329643686	23.078626726448014	95.15541118642393	17.402815096968997	0.00029004824890964425	50.48372173233883	61.77457741515792	81.6486619802759
5.2339305814661365	5.719697612318891	93.98207008771307	23.074354609637854	95.48562390971776	17.615663806257114	0.00029004824890964425	48.57664521692949	61.51468610586287	81.2328498659443
5.256179991673	5.723923498011981	93.71850046555153	23.070117064961398	95.80347262695867	17.838078842735573	0.00029004824890964425	46.774292765552254	61.25587165727496	80.80967834746696
5.2776113607341495	5.728317384775602	93.45603981987823	23.065915827727938	96.10963504211794	18.06933604082086	0.00029004824890964425	45.070544535799385	60.99812773667632	80.37992214761292
5.298269356696245	5.73286636057466	93.19468356739942	23.061752470225407	96.40474927014787	18.308755819718705	0.00029004824890964425	43.45964251949569	60.74144820077185	79.94430548253344
5.318196040181973	5.7375583098213605	92.93442715081268	23.05762841232332	96.68941617708684	18.55570051691344	0.00029004824890964425	41.93616909559294	60.4858270843201	79.50350512509408
5.337431018519355	5.742381865713496	92.6752660380657	23.0535449314344	96.9642015819066	18.809571879657415	0.00029004824890964425	40.49502685106827	60.23125858945177	79.05815328604126
5.356011590749588	5.747326365402022	92.41719572165911	23.049503171871983	97.22963832805279	19.069808705369265	0.00029004824890964425	39.131419596897445	59.97773707563525	78.60884032349425
5.373972884020785	5.752381807830355	92.16021171799176	23.045504153637047	97.48622823192702	19.335884622649978	0.00029004824890964425	37.84083451261119	59.72525705025358	78.15611729033076
5.391347981875372	5.757538814087858	91.90430956674446	23.04154878066864	97.73444391556397	19.60730600462381	0.00029004824890964425	36.61902535290276	59.47381315975568	77.70049832903536
5.408168044935977	5.762788590120732	91.64948483030118	23.037637848591448	97.97473053071546	19.88361000635405	0.00029004824890964425	35.461996650129734	59.22340018134641	77.24246292353187
5.424462424456676	5.768122891655434	91.3957330932047	23.033772051991527	98.20750738101117	20.16436271870675	0.00029004824890964425	34.36598885152989	58.97401301518218	76.78245801680073
5.440258769184314	5.7735339911965795	91.14304996164402	23.029951991249913	98.43316944854885	20.44915743139864	0.00029004824890964425	33.32746433288073	58.72564667703941	76.3209000026628
5.455583125829982	5.7790146470061705	90.8914310629734	23.02617817895403	98.65208882920125	20.7376130003245	0.00029004824890964425	32.343094249273136	58.47829629143587	75.85817659738909
5.470460033596505	5.784558073925786	90.64087204525913	23.022451045916622	98.86461608300873	21.029372311883193	0.00029004824890964425	31.409746164582305	58.23195708517155	75.3946485995379
5.484912613127309	5.790157915928293	90.39136857685372	23.018770946826564	99.07108150487736	21.324100838330942	0.00029004824890964425	30.524472411752537	57.986624381264015	74.93065154490964
5.498962650178939	5.795808220305301	90.14291634599476	23.01513816555166	99.27179631990063	21.62148527922609	0.00029004824890964425	29.684499144290385	57.74229359325597	74.46649726231416
5.512630674319316	5.8015034133965475	89.89551106042828	23.011552920113562	99.4670538076203	21.921232284028534	0.00029004824890964425	28.88721603937734	57.498960219874355	74.00247533584673
5.5259360329539975	5.807238277767486	89.64914844705314	23.008015367354858	99.65713035954433	22.22306725092007	0.00029004824890964425	28.130166613003087	57.25661984001763	73.53885447936456
5.538896960976089	5.813007930743166	89.40382425158867	23.004525607318175	99.84228647414564	22.526733197008483	0.00029004824890964425	27.411039108361976	57.01526810805376	73.07588382874661
5.551530646309474	5.818807804214944	89.15953423825803	23.001083687355052	100.02276769319398	22.831989695523095	0.00029004824890964425	26.72765792220122	56.77490074940355	72.61379415700158
5.563853291585881	5.824633625645109	88.91627418949363	22.99768960598072	100.19880548285694	23.138611876058075	0.00029004824890964425	26.077975537576993	56.535513556399486	72.15279901677681
5.5758801721222	5.830481400218007	88.67403990565766	22.994343316485804	100.37061806194721	23.44638948515801	0.00029004824890964425	25.460064941234993	56.29710238440243	71.69309581338601
5.587625690484956	5.836347394048505	88.43282720477953	22.99104473032403	100.53841118141516	23.7551260025526	0.00029004824890964425	24.872112488009087	56.059663148158556	71.23486681377248
5.5991034278357565	5.842228118387666	88.19263192230824	22.987793720288874	100.70237885785517	24.064637809876892	0.00029004824890964425	24.312411186845193	55.82319181838197	70.7782800950565
5.610326192231712	5.848120314771682	87.9534499108788	22.984590123490644	100.86270406351167	24.374753409035634	0.00029004824890964425	23.77935438565129	55.587684418550424	70.3234904359442
5.621306064054982	5.854020941059954	87.7152770400926	22.981433744145654	101.01955937527268	24.68531268736571	0.00029004824890964425	23.271429832151394	55.35313702190251	69.87064015428123
5.632054438745698	5.859927158308324	87.47810919630969	22.978324356189006	101.17310758514004	24.996166226753633	0.00029004824890964425	22.787214087916876	55.11954574862281	69.4198598940303
5.642582067010766	5.865836318423889	87.24194228245294	22.975261705722456	101.32350227464102	25.30717465388862	0.00029004824890964425	22.325367272966556	54.88690676320345	68.97126936492451
5.65289909266322	5.871745952553397	87.00677221782314	22.972245513307683	101.47088835539036	25.618208029125896	0.00029004824890964425	21.88462812067202	54.655216271970886	68.52497803771038
5.663015088243527	5.877653760158268	86.77259493792447	22.96927547611497	101.61540257796618	25.929145271487545	0.00029004824890964425	21.46380932312841	54.424470520767336	68.08108579783116
5.672939088498249	5.883557598752861	86.53940639429943	22.9663512699323	101.75717401017648	26.2398736185714	0.00029004824890964425	21.061793157115503	54.19466579278094	67.63968355896802
5.682679621882521	5.889455474254312	86.307202554373	22.963472551045932	101.89632448709466	26.550288118647728	0.00029004824890964425	20.677527368833346	53.96579840651342	67.20085383957714
5.692244740212664	5.895345531904763	86.07597940130512	22.960638958000843	102.03296903466814	26.86029115288197	0.00029004824890964425	20.310021300864076	53.737864713875894	66.76467130480009
5.70164204656582	5.901226047735939	85.84573293385095	22.957850113247442	102.16721626828465	27.169791986101774	0.00029004824890964425	19.958342248666103	53.510861098406075	66.33120327557135
5.710878721523684	5.907095420545937	85.61645916622896	22.955105624681032	102.2991687676827	27.478706344522738	0.00029004824890964425	19.621612033879604	53.284783973600106	65.90051020675097
5.719961547857456	5.912952164358126	85.38815412799545	22.952405087080383	102.42892342959374	27.786956018848457	0.00029004824890964425	19.29900378172123	53.05962978135174	65.47264613610899
5.728896933751095	5.918794901332027	85.16081386392584	22.94974808345192	102.55657179950285	28.09446849115904	0.00029004824890964425	18.989738889747482	52.83539499049231	65.04765910599065
5.850293210596908	5.924796703440057	84.93443443395688	22.947134358854335	102.67301882283454	28.410352812634358	0.00029004824890964425	7.450291415969218	52.61207592325539	64.61688277071016
7.3092044932871065	5.932897426116247	84.70901193456372	22.9445770939103	102.6757656260998	28.836706637696924	0.00029004824890964425	5.6929065805557585e-6	52.38965552959359	64.08398338969964
10.444076328052795	5.940982966066686	84.48454254655698	22.942086741854133	102.67576372997615	29.26226137193059	0.00029004824890964425	5.6929065805557585e-6	52.16811956557107	63.55518878936929
15.239825232682723	5.949001930494678	84.26102247797489	22.93966207529309	102.6757618338525	29.684312131298537	0.00029004824890964425	5.6929065805557585e-6	51.947465471737694	63.03300723991745
21.673076306825326	5.956955150705214	84.03844794778374	22.93730186830648	102.67575993772887	30.102902668695208	0.00029004824890964425	5.6929065805557585e-6	51.727690698080465	62.51733588006025
29.71247335216551	5.964843445080513	83.81681518592151	22.935004916433407	102.67575804160522	30.51807605686883	0.00029004824890964425	5.6929065805557585e-6	51.50879268411922	62.0080735676417
39.31883171451383	5.972667619295957	83.59612043334188	22.93277003630272	102.67575614548159	30.92987469978691	0.00029004824890964425	5.6929065805557585e-6	51.290768859319876	61.5051208503351
50.445329272888216	5.980428466532358	83.37635994205651	22.930596065269345	102.67575424935794	31.338340343808017	0.00029004824890964425	5.6929065805557585e-6	51.07361664349951	61.00837993684633
63.03773465119735	5.988126767684604	83.15752997517563	22.92848186105687	102.6757523532343	31.74351408866307	0.00029004824890964425	5.6929065805557585e-6	50.85733344722367	60.517754668610394
77.03467154518033	5.995763291566749	82.93962680694699	22.92642630140626	102.67575045711065	32.1454363982496	0.00029004824890964425	5.6929065805557585e-6	50.64191667219569	60.03315049197277
87.8729237131298	6.003338944843419	85.28819562617709	22.924565442357867	98.6872050319324	32.54415499175866	1292.3643181024274	5.6929065805557585e-6	52.98765487407044	59.561324875719706
92.6807842158993	6.01085800945002	90.36739624410033	22.92375200279358	90.42860151238138	32.93989523421135	1156.694260525563	5.6929065805557585e-6	58.05752918294022	59.14469966717532
96.71726927021423	6.018328024127622	94.72361862774908	22.92403883678275	83.26136631306743	33.33305390145356	996.8255958586606	5.6929065805557585e-6	62.40477025046474	58.78554063275352
100.14367133133943	6.025755722967386	98.4248739620734	22.925263454332725	77.08454457868513	33.72398541933585	859.3989592590949	5.6929065805557585e-6	66.09741567638727	58.47538656826428
103.05039738888598	6.033146838939475	101.56589238009872	22.927285224545656	71.75506417211805	34.112991523130006	742.2527790197124	5.6929065805557585e-6	69.23014686182874	58.20691928030642
105.51583112140337	6.040506247679259	104.23034010906709	22.929984247849692	67.14643972684152	34.50032882522392	642.7457807942251	5.6929065805557585e-6	71.88658269582508	57.97390000851908
107.60679348864842	6.047838095303016	106.49021791347184	22.93325864869939	63.14978379330539	34.88621554226378	558.2880622143724	5.6929065805557585e-6	74.13868190096984	57.77102766981618
109.37965749625133	6.05514590839146	108.40659757695502	22.937021937215953	59.672738819257134	35.270837283760855	486.530234274239	5.6929065805557585e-6	76.04748067838163	57.5938014412221
110.88172131842208	6.062432687359011	110.03086724135535	22.941200622715048	56.63761196601865	35.65435196626353	425.42731315944667	5.6929065805557585e-6	77.66433794275412	57.438396767799404
112.15257627177856	6.069700985136124	111.4060956694366	22.945732138497323	53.97931639126703	36.03689395453258	373.2405757970625	5.6929065805557585e-6	79.03229893307244	57.30155766805775
113.22535289141581	6.076952973241982	112.56833029626411	22.950563077331907	51.64340642129638	36.41857753905144	328.5115722019405	5.6929065805557585e-6	80.18739243406337	57.18050520449407
114.12780459403653	6.084190497211364	113.5477527192966	22.9556477103738	49.58432592315448	36.79949985322941	290.0262119960476	5.6929065805557585e-6	81.15978543804603	57.072860658119545
114.8832255136198	6.091415123118908	114.36967069860808	22.960946752858845	47.763903419677696	37.17974332204758	256.7776821319471	5.6929065805557585e-6	81.97477439695466	56.97658148699456
115.51121575426394	6.098628176695877	115.05535213200058	22.96642633905161	46.150086541475154	37.55937772083534	227.93208575775145	5.6929065805557585e-6	82.65361855583664	56.889908117784024
116.0283140581709	6.1058307762962505	115.62271749722993	22.972057171897287	44.715891204849186	37.9384619103287	202.7985550965525	5.6929065805557585e-6	83.2142318616088	56.81131978004926
116.4485177958798	6.113023860756489	116.08691077654326	22.977813817220085	43.438535308957064	38.31704530297281	180.803784294327	5.6929065805557585e-6	83.67175345241773	56.73949782317715
116.78370966257341	6.120208213010777	116.46076837321014	22.98367411692604	42.298727397562295	38.69516910583002	161.47091930771467	5.6929065805557585e-6	84.03901622383579	56.67329519576041
117.04400743336298	6.127384480170826	116.75520367911075	22.989618699955244	41.28008348031467	39.072867377411555	144.4021517521881	5.6929065805557585e-6	84.32693111692106	56.61171098921818
117.23805086621651	6.134553190652608	116.97952243905196	22.995630573481876	40.36864900248031	39.450167929084294	129.26448820834545	5.6929065805557585e-6	84.54480226104738	56.553869141460694
117.37323733929061	6.141714768828674	117.14168160782174	23.00169478003687	39.55250666367032	39.8270930962456	115.77814036049907	5.6929065805557585e-6	84.70058565647132	56.499000560407026
117.45591577751401	6.148869547599684	117.24850215430996	23.007798108863334	38.82145419049887	40.20366039998295	103.70708622808807	5.6929065805557585e-6	84.80110184176247	56.446428063180015
117.4915465089841	6.156017779209675	117.30584435675573	23.013928851974633	38.16673907164613	40.57988311629824	92.8513507402476	5.6929065805557585e-6	84.85221108261521	56.3955536382455
117.48483347485423	6.163159644573027	117.31875249495396	23.020076597142243	37.58083975664233	40.95577076700094	83.04076457619837	5.6929065805557585e-6	84.85895798184737	56.34584762845859
117.43983356504134	6.170295261334946	117.29157456434493	23.02623205146378	37.05728476739953	41.33132954394402	74.12977497426975	5.6929065805557585e-6	84.82569113061922	56.296839506439625
117.36004748392678	6.177424690849666	117.2280614974863	23.032386890312683	36.5905029074462	41.706562676297644	65.99326784630644	5.6929065805557585e-6	84.7561622826077	56.248109973148985
117.2484951795541	6.184547944229469	117.13144956233042	23.038533627399904	36.17569899412705	42.081470748918846	58.52308323791095	5.6929065805557585e-6	84.6536087174948	56.1992841585198
117.10777860432097	6.1916649875923	117.00452886641872	23.044665502428867	35.80875066686037	42.45605197854149	51.62514357721051	5.6929065805557585e-6	84.52082172054803	56.15002574182636
116.94013393653044	6.198775746614592	116.84970034148515	23.0507763834314	35.48612266824642	42.83030245339902	45.21707214873839	5.6929065805557585e-6	84.36020355095113	56.100031840838376
116.74747496754942	6.205880110478542	116.66902312616854	23.056860681362654	35.20479568998117	43.2042163409754	39.2261953165327	5.6929065805557585e-6	84.1738148151748	56.04902854420327
116.53142904403907	6.212977935288463	116.46425389315735	23.062913274929706	34.962207440787644	43.57778606781332	33.587850066953585	5.6929065805557585e-6	83.96341379064562	55.9967669820599
116.29336676881022	6.220069047018665	116.2368793606008	23.068929443949475	34.75620406028437	43.95100247466606	28.24397873079762	5.6929065805557585e-6	83.73048893877305	55.94301984653828
116.03442620580189	6.227153244044992	115.98814300190595	23.07490480979029	34.585000345786355	44.323854949735875	23.141876574051807	5.6929065805557585e-6	83.47628562087321	55.88757828726282
115.75553249133421	6.234230299303322	115.71906674001931	23.080835281660523	34.44714760716237	44.69633154227965	18.233150283535323	5.6929065805557585e-6	83.20182780275256	55.83024911785789
115.4574132477861	6.24129996211097	115.4304682735329	23.086717007674448	34.341508175593525	45.0684190584716	13.472761752703546	5.6929065805557585e-6	82.90793539506757	55.77085227817188
115.14061035879618	6.248361959680089	115.12297451884265	23.092546329758036	34.26723584165945	45.440103141056824	8.818194602844445	5.6929065805557585e-6	82.59523771365654	55.709218503895215
114.79225038335296	6.255415998297925	114.79355894624413	23.098319653899804	34.22915731951156	45.8113683314694	0.00025192087911135206	5.6929065805557585e-6	82.26071785663031	55.64518278009189
113.82147418681835	6.2624617585868005	114.4411233974525	23.10403177559139	34.229155677626885	46.18219782035756	0.00025192087911135206	5.6929065805557585e-6	81.90328505175684	55.578500850227364
111.7619331391296	6.269498899986481	114.09021914821294	23.1096816162973	34.229154035742205	46.55257368349866	0.00025192087911135206	5.6929065805557585e-6	81.54744264662165	55.509135815538805
108.65373178010108	6.276527086534697	113.74083938636541	23.11527009062949	34.229152393857525	46.922478238667935	0.00025192087911135206	5.6929065805557585e-6	81.19318292987542	55.43715020473741
104.55739467783174	6.283545990118566	113.39297733275718	23.12079809817123	34.229150751972846	47.29189421676628	0.00025192087911135206	5.6929065805557585e-6	80.84049823810898	55.36260540263121
99.55268785800843	6.290555290330937	113.04662624103769	23.12626652373213	34.229149110088166	47.660804754259516	0.00025192087911135206	5.6929065805557585e-6	80.48938095539403	55.28556167005764
93.7370655525319	6.297554674329228	112.7017793974562	23.131676237598725	34.229147468203486	48.029193385748485	0.00025192087911135206	5.6929065805557585e-6	80.13982351283107	55.20607816347281
87.22377253533593	6.304543836696727	112.35843012066064	23.137028095780835	34.2291458263188	48.397044036669506	0.00025192087911135206	5.6929065805557585e-6	79.79181838810285	55.12421295420333
80.13963892920336	6.311522479306327	112.01657176149811	23.142322940253695	34.22914418443412	48.76434101612217	0.00025192087911135206	5.6929065805557585e-6	79.44535810503359	55.04002304736639
72.6226105423664	6.318490311186611	111.67619770281834	23.147561599195935	34.22914254254944	49.13106900982131	0.00025192087911135206	5.6929065805557585e-6	79.10043523315535	54.953564400464195
64.81906265416815	6.325447048390292	111.33730135927786	23.152744887223488	34.22914090066476	49.49721307317294	0.00025192087911135206	5.6929065805557585e-6	78.75704238727907	54.864891941657824
56.88094976247756	6.33239241386494	110.99987617714677	23.157873605619507	34.22913925878008	49.8627586244702	0.00025192087911135206	5.6929065805557585e-6	78.41517222707239	54.77405958772639
48.96284678669424	6.339326137325965	110.66391563411707	23.16294854256034	34.2291376168954	50.227691438208296	0.00025192087911135206	5.6929065805557585e-6	78.0748174566427	54.681120261716806
41.21893878400166	6.346247955131821	110.3294132391124	23.167970473337647	34.22913597501072	50.591997638516496	0.00025192087911135206	5.6929065805557585e-6	77.73597082412576	54.586125910289304
33.80001885957068	6.353157610161383	109.99636253210025	23.172940160576708	34.22913433312604	50.955663692704	0.00025192087911135206	5.6929065805557585e-6	77.39862512128025	54.48912752076429
26.85055152190421	6.360054851693475	109.66475708390522	23.177858354451022	34.22913269124136	51.318676404919366	0.00025192087911135206	5.6929065805557585e-6	77.06277318308729	54.39017513787525
20.505860233395975	6.366939435288482	109.33459049602462	23.182725792893184	34.22913104935668	51.68102290991974	0.00025192087911135206	5.6929065805557585e-6	76.72840788735598	54.28931788023311
14.889491841739922	6.373811122672059	109.00585640044491	23.18754320180223	34.229129407472	52.042690666950094	0.00025192087911135206	5.6929065805557585e-6	76.39552215433328	54.18660395650672
10.11081056593091	6.380669681620843	108.6785484594608	23.192311295247375	34.22912776558732	52.4036674537282	0.00025192087911135206	5.6929065805557585e-6	76.06410894632006	54.08208068132464
6.263577163445776	6.387485844065408	108.35266036549507	23.197030771810926	34.23065475788313	52.762412845547374	0.00025192087911135206	12.390850493511062	75.73416127114113	53.97724638727408
3.6771622383912383	6.375130784501163	108.02818575584392	23.20162772800715	35.24278417306293	52.112146552692415	0.00025192087911135206	269.79683704254035	75.40574653476654	54.82484717529758
2.050463147597854	6.337064482021333	107.70511748814573	23.205823158972137	37.618359980181765	50.10865694849078	0.00025192087911135206	428.6601158738956	75.07913605705878	56.93793384753846
1.4133250542507088	6.285127871609995	107.38344734170244	23.209409249981373	40.7406093165458	47.37515113736777	0.00025192087911135206	487.1802641674764	74.75452903365306	59.71406891856715
1.623274298842466	6.232759498225702	107.06316653366203	23.212317887393294	43.90435869352499	44.618920959247106	0.00025192087911135206	460.94850236987145	74.43198467691418	62.477919458377656
1.8323549929649103	6.184088180532777	106.7442662871726	23.214584337993088	46.89122575241705	42.057272659619485	0.00025192087911135206	435.1733011883345	74.11145903111657	65.02480787301361
2.029761812543642	6.138895119323124	106.42673805210573	23.216254438168967	49.71132317497036	39.678690490690386	0.00025192087911135206	410.9133131094961	73.79289781829947	67.36796594229016
2.2161808585320926	6.096969089137799	106.11057350475531	23.217371185135875	52.3744524033768	37.472057323041724	0.00025192087911135206	388.07880549211853	73.47624981997876	69.52010479990176
2.3922576020699133	6.058111454215691	105.79576453509037	23.21797490550676	54.88983445391709	35.42691864293072	0.00025192087911135206	366.5853676461256	73.16146669619053	71.49317256455146
2.5585992941638955	6.022135420673231	105.48230323476736	23.21810341560216	57.26614434097398	33.533443193327564	0.00025192087911135206	346.3535950824813	72.84850281353742	73.29839974644455
2.7157772324129144	5.988865333066172	105.17018188586069	23.217792172219823	59.51154345881711	31.782385950850763	0.00025192087911135206	327.30879249687354	72.53731508347322	74.94634195768059
2.864328893252831	5.958136012701929	104.85939295026493	23.217074414430257	61.63371004224449	30.165053300101157	0.00025192087911135206	309.3806943764576	72.22786281021354	76.44692008641445
3.0047599376840486	5.929792135229986	104.54992905973178	23.2159812969302	63.63986781983332	28.67327027526208	0.00025192087911135206	292.50320218614155	71.92010754770547	77.80945808500871
3.1375460979920176	5.903687645178599	104.24178300650176	23.21454201545544	65.53681296709001	27.299349746241667	0.00025192087911135206	276.61413715020586	71.61401296511539	79.04271851384013
3.263134952562417	5.87968520523271	103.93494773449645	23.21278392472738	67.33093946095286	26.03606343330015	0.00025192087911135206	261.6550076985771	71.30954472032772	80.15493597473154
3.3819475953912805	5.857655678203799	103.62941633103755	23.210732649374087	69.02826292993663	24.876614642304844	0.00025192087911135206	247.57079071279964	71.0066703409808	81.15384855851238
3.494380206544992	5.83747763974959	103.32518201906092	23.20841218824356	70.63444308927536	23.81461261839911	0.00025192087911135206	234.30972575200764	70.70535911259148	82.04672742469646
3.6008055294257355	5.819036920025448	103.02223814979801	23.20584501250031	72.15480484471455	22.84404842239162	0.00025192087911135206	221.82312149151903	70.40558197335032	82.84040462374108
3.7015742604102875	5.802226172538885	102.72057819589297	23.203052157876964	73.59435814449387	21.95927223888827	0.00025192087911135206	210.06517364440748	70.10731141518494	83.5412992669019
3.797016356074028	5.786944468588718	102.42019574493402	23.20005331142909	74.95781665397588	21.1549720309848	0.00025192087911135206	198.99279368301677	69.8105213907228	84.15544214201653
3.887442262845547	5.773096915784664	102.12108449337104	23.196866893116702	76.24961532214044	20.426153462350335	0.00025192087911135206	188.56544772545942	69.51518722580205	84.68849886659984
3.973144073719288	5.760594299210506	101.82323824079754	23.193510132521475	77.47392690605102	19.768121011078883	0.00025192087911135206	178.7450049806696	69.22128553720097	85.14579166554644
4.054396616308172	5.749352743901349	101.52665088457665	23.189999140985666	78.63467751446365	19.176460205333782	0.00025192087911135206	169.49559519086546	68.92879415527975	85.53231985421382
4.131458476357086	5.739293397355665	101.23131641478626	23.186348979447743	79.73556122944814	18.64702091345566	0.00025192087911135206	160.78347453140566	68.63769205123538	85.85277910460181
4.204572960595024	5.730342130877817	100.93722890947075	23.182573722233897	80.78005386141868	18.17590162514792	0.00025192087911135206	152.57689945982716	68.34795926869877	86.11157956780191
4.273969002423367	5.72242925866551	100.64438253017475	23.178686517038752	81.77142588753787	17.7594346666054	0.00025192087911135206	144.84600805576198	68.05957685941648	86.31286291866003
4.339862013904443	5.715489273566379	100.35277151774591	23.174699641326665	82.7127546229818	17.39417229296692	0.00025192087911135206	137.56270839774137	67.772526822773	86.4605183880123
4.402454687187857	5.7094605985297	100.06239018838912	23.170624555363112	83.60693566988772	17.076873606825913	0.00025192087911135206	130.70057356573201	67.48679204892747	86.55819784166857
4.4619377483632805	5.704285352825209	99.77323292995898	23.166471952075675	84.45669368667947	16.804492253957953	0.00025192087911135206	124.2347428777406	67.20235626535192	86.60932996252127
4.518490666615858	5.699909132136252	99.48529419847138	23.162251803936595	85.26459251885917	16.57416484927606	0.00025192087911135206	118.14182898358716	66.91920398656097	86.61713359001511
4.572282321374348	5.696280801691685	99.1985685148289	23.15797340704668	86.03304472969472	16.38320008903567	0.00025192087911135206	112.3998304632815	66.63732046684785	86.58463026774764
4.623471629822304	5.693352301700979	98.9130504617397	23.153645422578556	86.76432056466554	16.229068510577456	0.00025192087911135206	106.98804961941526	66.35669165584878	86.51465604387671
4.672208137223385	5.691078464331318	98.62873468082242	23.149275915743083	87.46055638468097	16.109392859542673	0.00025192087911135206	101.8870151423411	66.07730415676514	86.40987257058612
4.71863257222426	5.689416841555024	98.3456158698855	23.144872392423277	88.12376259897918	16.02193902921142	0.00025192087911135206	97.07840936462419	65.79914518708738	86.27277754341063
4.762877369176001	5.688327543233726	98.06368878036949	23.140441833611984	88.75583112686121	15.964607538616784	0.00025192087911135206	92.54499983732025	65.52220254167348	86.10571451891079
4.805067159477237	5.687773084817259	97.78294821494347	23.13599072778701	89.35854241687886	15.935425516697448	0.00025192087911135206	88.27057496554995	65.2464645580397	85.91088214848541
4.84531923382855	5.68771824407069	97.50338902524572	23.131525101349887	89.93357205046907	15.932539161614914	0.00025192087911135206	84.23988345576177	64.97192008372771	85.69034286395774
4.883743977068052	5.688129926311013	97.22500610976041	23.127050547239676	90.48249695389052	15.954206647947682	0.00025192087911135206	80.43857735584383	64.6985584456288	85.44603104643103
4.920445277171068	5.688977037662072	96.9477944118218	23.12257225182745	91.00680124107646	15.99879145589817	0.00025192087911135206	76.85315848064816	64.42636942115138	85.1797607082668
4.955520910040598	5.690230365822685	96.67174891773864	23.11809502020008	91.50788171064117	16.064756095930395	0.00025192087911135206	73.47092800975642	64.15534321111565	84.89323271886761
4.989062901454327	5.691862467923941	96.39686465503135	23.113623299924402	91.98705301655158	16.15065620652284	0.00025192087911135206	70.27993907850916	63.88547041427771	84.58804160002092
5.0211578675097215	5.693847565059215	96.12313669077527	23.109161203381333	92.44555253162865	16.255135003116237	0.00025192087911135206	67.26895218649716	63.61674200338648	84.26568191610384
5.0518873348857	5.696161443077469	95.85056013004477	23.10471252875793	92.88454492271407	16.376918056708494	0.00025192087911135206	64.42739325072452	63.3491493026808	83.92755428402094
5.0813280421558495	5.69878135925663	95.57913011444789	23.100280779779684	93.30512645514476	16.51480838192751	0.00025192087911135206	61.74531414162577	63.082683966734066	83.57497102615064
5.109552223245697	5.701685954517585	95.30884182075293	23.09586918425617	93.7083290421426	16.66768181671461	0.00025192087911135206	59.213355558736474	62.81733796057494	83.20916148692707
5.13662787401865	5.704855170873404	95.03969045959506	23.091480711505472	94.09512405318478	16.834482677547157	0.00025192087911135206	56.82271211702305	62.5531035410069	82.83127703160127
5.162619003102494	5.708270173768423	94.77167127426175	23.08711808873178	94.46642589723969	17.01421967202191	0.00025192087911135206	54.565099498140675	62.289973239051186	82.44239574816577
5.1875858678394104	5.711913279033156	94.50477953955105	23.082783816414945	94.82309539348135	17.205962054376204	0.00025192087911135206	52.43272355092216	62.027939843448536	82.04352686908734
5.211585196212718	5.715767884190123	94.23901056069866	23.078480182768917	95.16594294167146	17.408836010006084	0.00025192087911135206	50.418251229288146	61.76699638515875	81.6356149289376
5.234670395602696	5.7198184038460305	93.97435967236972	23.07420927732598	95.49573150438542	17.622021255053802	0.00025192087911135206	48.5147832558811	61.50713612279747	81.2195436739953
5.256891749182278	5.724050208918547	93.71082223771108	23.06997300370077	95.81317941266516	17.844747837817888	0.00025192087911135206	46.71582840517459	61.248352528951735	80.79613973910895
5.278296600722345	5.728449569458791	93.4483936474602	23.065773091585505	96.11896300609469	18.07629312940964	0.00025192087911135206	45.01527930519226	60.990639277319374	80.36617610633361
5.298929528393901	5.7330036008871526	93.18706931910782	23.061611108015505	96.41371911568835	18.315978994060227	0.00025192087911135206	43.40738968087273	60.733990230630376	79.93037535641552
5.318832508254023	5.737700213429276	92.92684469611109	23.05748846795084	96.69804739940437	18.563169127856238	0.00025192087911135206	41.88675294907301	60.47839942930098	79.48941272607611
5.338045068075514	5.742528064547305	92.66771524715362	23.05340644421813	96.9725125397114	18.817266555120934	0.00025192087911135206	40.44828207872676	60.223861080773275	79.04391898353909
5.356604432049298	5.747476514202184	92.40967646544992	23.04936617684771	97.23764631076544	19.077711273798734	0.00025192087911135206	39.087190646836305	59.970369549502536	78.59448313227416
5.374545656884671	5.752535582783999	92.15272386809175	23.045368681841218	97.49394952269934	19.343978041262677	0.00025192087911135206	37.79897502148053	59.717919347554755	78.14165495285883
5.391901759832529	5.757695911547359	91.89685299543406	23.041414859404572	97.7418938505259	19.61557429196585	0.00025192087911135206	36.57939760303062	59.46650512577726	77.68594739285855
5.408703839134062	5.762948725395902	91.64205941051584	23.037505501679814	97.9819235548335	19.892038178731255	0.00025192087911135206	35.42447105773165	59.21612166550434	77.22783881419353
5.424981187369194	5.768285797868524	91.38833869851804	23.03364130000751	98.21445710104967	20.17293672992186	0.00025192087911135206	34.33044348148055	58.96676387076832	76.76777510694724
5.4407613980694265	5.773699418214369	91.13568646625188	23.029822851743884	98.43988868248157	20.457864116545313	0.00025192087911135206	33.2937844460419	58.71842676098536	76.30617167647372
5.456070465979174	5.779182360437229	90.88409834167832	23.026050666658357	98.65858965262082	20.74644002301161	0.00025192087911135206	32.31117187735312	58.471105464091124	75.84341531105434
5.470932881409082	5.7847278541716936	90.63356997345639	23.022325172941002	98.87090987304808	21.038308114299234	0.00025192087911135206	31.37947970780875	58.224795210094534	75.37986593846342
5.485371719001575	5.790329557291714	90.3840970305178	23.018646722841275	99.07717898151226	21.333134594300315	0.00025192087911135206	30.495766260561503	57.9794913250258	74.91585827747595
5.4994087212217355	5.795981530154362	90.13567520166674	23.015015597958804	99.27770758465742	21.630606850229135	0.00025192087911135206	29.6572633248102	57.73518922525676	74.45170339022012
5.5130643768866	5.8016782113815815	89.88830019520442	23.011432014207195	99.47278837986977	21.930432177977533	0.00025192087911135206	28.861365881045757	57.49188441217222	73.98769014127862
5.526357995044856	5.807414395083188	89.64196773857438	23.007896126471483	99.66269721070199	22.232336583325253	0.00025192087911135206	28.105622435380795	57.24957246716789	73.52408656941272
5.539307774493179	5.813185209432236	89.39667357802821	23.004408032978407	99.84769405996374	22.536063654327776	0.00025192087911135206	27.387725925453307	57.00824904695523	73.06114117730647
5.5519308692071885	5.818986096506354	89.15241347831356	23.000967779397982	100.02802398444959	22.841373500333955	0.00025192087911135206	26.705505161464124	56.7679098791566	72.59908414457928
5.564243449855383	5.824812793343051	88.90918322237735	22.997575362687492	100.20391799370952	23.148041754897015	0.00025192087911135206	26.05691678031442	56.52855075817284	72.13812846722001
5.576260761669123	5.83066131412406	88.66697861108779	22.994230734696174	100.37559387676293	23.455858638108005	0.00025192087911135206	25.440037677041367	56.29016754130833	71.67847102860368
5.587997178906282	5.836527933415015	88.4257954629722	22.99093380554632	100.54325698015094	23.764628074474015	0.00025192087911135206	24.85305788242081	56.05275614513494	71.22029360656325
5.599466256089741	5.842409170404275	88.18562961396988	22.98768444680291	100.70710093991462	24.074166863382413	0.00025192087911135206	24.294273863000964	55.81631254208214	70.76376381992961
5.610680776201561	5.848301774084754	87.94647691719902	22.984482494443736	100.86730837008349	24.384303899197132	0.00025192087911135206	23.762082219866894	55.580832757240145	70.30903601794697
5.621652796013722	5.854202709322622	87.70833324273754	22.98132775164211	101.02405151025721	24.694879438032306	0.00025192087911135206	23.25497376243763	55.346312865364034	69.8562521159723
5.632393688736182	5.8601091437568185	87.47119447741532	22.978219991374086	101.17749283486381	25.005744408253147	0.00025192087911135206	22.77152793361112	55.11274898806444	69.40554238086118
5.642914184149304	5.866018435477462	87.23505652461986	22.975158958861375	101.32778562647984	25.31675976197123	0.00025192087911135206	22.31040756436331	54.88013729117547	68.95702616919345
5.653224406384209	5.871928121432547	86.99991530411049	22.972144373860782	101.47507451554989	25.627795864870453	0.00025192087911135206	21.870353936381427	54.648473982284465	68.5108126214097
5.6633339094486495	5.877835906532505	86.7657667518447	22.969175932806646	101.61949598789904	25.938731922762983	0.00025192087911135206	21.450182139933116	54.41775530842054	68.06700131370484
5.673251710635219	5.8837396534102755	86.53260681981342	22.96625331081532	101.76117886199289	26.249455442645637	0.00025192087911135206	21.048776709053286	54.18797755388965	67.62568287025007
5.682986321970916	5.889637372787504	86.30043147588543	22.96337616356237	101.90024473821714	26.559861725657697	0.00025192087911135206	20.665087513206405	53.9591370382459	67.18693953874113
5.692545779810796	5.895527214415021	86.06923670366	22.96054412903917	102.036808421644	26.86985339026382	0.00025192087911135206	20.298125891970077	53.73123011439138	66.75084573120532
5.701937672676705	5.901407458556249	85.83901850232752	22.957756829195677	102.1709783197284	27.17933992401267	0.00025192087911135206	19.946961019502062	53.504253166797575	66.31746853196931
5.71116916744215	5.9072765079822105	85.60977288653774	22.955013871476062	102.30285681637763	27.48823726222114	0.00025192087911135206	19.610716485553564	53.27820260984133	65.88686817469039
5.720247033964352	5.9131328804467795	85.38149588627483	22.952314850253863	102.43254062383765	27.796467391935305	0.00025192087911135206	19.288567079790297	53.0530748862478	65.45909849035208
5.729177668263723	5.918975201611098	85.15418354673865	22.949659348173377	102.56012111382867	28.103957979531035	0.00025192087911135206	18.979735766285053	52.82886646563333	65.03420732811179
5.8718819908497055	5.925028324603543	84.92783192831556	22.947047181484447	102.6737757072726	28.422543400186093	0.00025192087911135206	5.314615806931503	52.605573599631164	64.60094284404305
7.386715441150506	5.933153864343212	84.70243712988685	22.944492209449187	102.67510247882356	28.850203386484463	0.00025192087911135206	9.108831049384857e-5	52.38317856331038	64.06691725529646
10.577222896609523	5.941237245329676	84.47799533416539	22.942004121315215	102.67510140636811	29.275644491035152	0.00025192087911135206	9.108831049384857e-5	52.16166787709532	63.538343799274585
15.427948677931838	5.949254078590157	84.25450274947508	22.939581676778726	102.67510033391267	29.697583083692074	0.00025192087911135206	9.108831049384857e-5	51.941038994706275	63.016379909426206
21.915249977892813	5.9572051949918725	84.03195559506807	22.937223650650342	102.67509926145722	30.116062894308687	0.00025192087911135206	9.108831049384857e-5	51.7212893656857	62.50092278292118
30.007507201923932	5.965091412486601	83.81035010117014	22.934928839187855	102.67509818900177	30.53112697297859	0.00025192087911135206	9.108831049384857e-5	51.50241642912337	61.99187133506024
39.665278101209815	5.972913536326504	83.58968250902453	22.932696059726418	102.67509711654633	30.94281770139455	0.00025192087911135206	9.108831049384857e-5	51.284417614069305	61.48912616999327
50.841490015078	5.980672359276269	83.36994907093423	22.930524150315104	102.67509604409088	31.351176804013768	0.00025192087911135206	9.108831049384857e-5	51.067290339938566	60.992589551939446
63.48166930363894	5.988368661821627	83.15114605030261	22.928411969359686	102.67509497163543	31.756245359032576	0.00025192087911135206	9.108831049384857e-5	50.851032016908434	60.502165376900585
77.52420685629814	5.996003212374331	82.9332697216721	22.92635839527154	102.67509389917998	32.15806380917488	0.00025192087911135206	9.108831049384857e-5	50.63564004630729	60.01775914485816
88.05472071381686	6.003576948028769	85.4661102204149	22.92451845919936	98.39982896323976	32.556681475197976	1294.3054513327515	9.108831049384857e-5	53.1652612387374	59.54707555852703
92.82662615536933	6.011094329349798	90.5246113535046	22.923744346224197	90.17224514600886	32.95233312367323	1151.0076055641598	9.108831049384857e-5	58.21443813101767	59.13250084371725
96.84119733880308	6.018562902008192	94.85740500348696	22.924064891133696	83.04042899838844	33.3454158951676	991.8963722898445	9.108831049384857e-5	62.538263585182236	58.775099456272365
100.2489018015064	6.025989364464039	98.53853131086912	22.925318176261406	76.89404688753302	33.736282340212306	855.1854499504245	9.108831049384857e-5	66.21079155150404	58.466440589865286
103.13973392927961	6.033379418896705	101.66239473265773	22.927364302486033	71.59051145985605	34.1252325735105	738.6698029427205	9.108831049384857e-5	69.32637767482142	58.1992441794635
105.59168071772832	6.040737914695778	104.3122716092463	22.93008401454598	67.00392431527877	34.51252182609332	639.7047588727881	9.108831049384857e-5	71.96825109251465	57.96730499250721
107.67119459120904	6.048068975678405	106.55978251602068	22.933375990715046	63.025972498559014	34.89836714096842	555.7062422259513	9.108831049384857e-5	74.20799054421656	57.76535075182898
109.43432374885782	6.055376109493717	108.4656552107611	22.937154210822566	59.5648192120253	35.28295313124799	484.33447368013134	9.108831049384857e-5	76.1062884230917	57.58890506643924
110.92808807872444	6.062662300469942	110.08097879464593	22.94134557964847	56.54322465394091	35.666436866838765	423.5548466710424	9.108831049384857e-5	77.71420480538602	57.43416395892331
112.1918445339969	6.069930087843441	111.44856791459557	22.94588786228699	53.896487092207586	36.04895199175976	371.6385143324481	9.108831049384857e-5	79.07453099032723	57.2978887221748
113.25852800337505	6.07718163144625	112.60425691616763	22.95072792959543	51.57048380331371	36.43061218138129	327.1357482354916	9.108831049384857e-5	80.22308282092966	57.17731490745656
114.15572950683787	6.084418766809702	113.57804999101054	22.955820285943318	49.51992748569866	36.81151404261558	288.8399625454445	9.108831049384857e-5	81.18985000505644	57.070075956678345
114.90660857090151	6.0916430514192665	114.39510775398601	22.96112584247172	47.70686957730372	37.19173954838207	255.75061308953948	9.108831049384857e-5	81.99998194761837	56.974139552620215
115.53065386781253	6.098855803607474	115.07657618152966	22.96661089839475	46.09944234508526	37.571358084603474	227.03904777320875	9.108831049384857e-5	82.67461605103217	56.887754739361554
116.04431165206518	6.1060581353342185	115.64027470420713	22.972246295925693	44.67081466477968	37.950428175484774	202.01867856078974	9.108831049384857e-5	83.23156527772534	56.809408029571514
116.46150247577026	6.113250979892198	116.10126340701639	22.978006718825814	43.39833137549378	38.32899894169423	180.11973900871453	9.108831049384857e-5	83.68588491835321	56.73778694667844
116.79404502802237	6.120435115393755	116.47230887234153	22.983870109182913	42.26280661099099	38.70711133651294	160.86828247219677	9.108831049384857e-5	84.050338086984	56.67174968945528
117.0520035156433	6.127611184743593	116.7642662203627	22.98981718129905	41.24794446060774	39.084799197030684	143.8688522720841	9.108831049384857e-5	84.3357774840948	56.61029982777027
117.24397279183947	6.134779712675916	116.98639238634696	22.995831015301146	40.33986411036296	39.46209014083717	128.79040737802217	9.108831049384857e-5	84.5514584541369	56.55256513125884
117.37731240817172	6.141941120331519	117.14660329368843	23.001896716244946	39.52671021969799	39.8390063332374	115.35476187341494	9.108831049384857e-5	84.7052959854719	56.497779795668656
117.45833927363708	6.149095737765967	117.2516852824697	23.008001127102062	38.79833278329627	40.21556514557679	103.32720021546133	9.108831049384857e-5	84.80407600336027	56.44526946680227
117.49248657235752	6.15624381471126	117.30746927419356	23.01413258616454	38.14602358305072	40.591779721644805	92.50885371374495	9.108831049384857e-5	84.85362942917003	56.394438572661244
117.48443500572353	6.16338552985727	117.31897456150104	23.020280721146236	37.56229875640092	40.96765946617164	82.73042674301497	9.108831049384857e-5	84.85897588857698	56.344759564445674
117.43822160440294	6.170520998873439	117.29052775731647	23.026436273674385	37.04071906932893	41.34321046702258	73.84712817500498	9.108831049384857e-5	84.82444259844453	56.2957637400445
117.35732991255759	6.177650281353682	117.22586141301845	23.032590949006348	36.57574104056906	41.71843586071954	65.73445440133554	9.108831049384857e-5	84.75376293813518	56.24703338263063
117.24476500886625	6.184773386836835	117.12819590490982	23.03873728673026	36.1625934504059	42.09333614930649	58.28475660997477	9.108831049384857e-5	84.65015830157576	56.198194994668675
117.10311588269256	6.191890280029485	117.00030751956355	23.044868548952742	35.79717478424515	42.46790947523546	51.404386196270664	9.108831049384857e-5	84.51640615829355	56.14891344616002
116.93460731919856	6.1990008853373295	116.84458509141666	23.05097862307962	35.47596804001334	42.84215185985893	45.0113185227289	9.108831049384857e-5	84.35489667498639	56.098886887111576
116.74114301481931	6.206105090793594	116.663077094265	23.05706193678224	35.195970015849184	43.21605741018865	39.033164908943256	9.108831049384857e-5	84.16767979788632	56.047842299429306
116.52434134261037	6.213202751458863	116.45753071896605	23.06311338313598	34.95463275671214	43.589618497834415	33.40551645393368	9.108831049384857e-5	83.95650432717505	55.995531583852745
116.28556477606283	6.220293692354333	116.22942418317476	23.069128254235924	34.749815274256626	43.962825913385466	28.070501075796987	9.108831049384857e-5	83.7228502284812	55.941728094076545
116.02594401387603	6.227377710980223	115.97999325553016	23.075102181852024	34.579744055977976	44.33566899895865	22.97558380469811	9.108831049384857e-5	83.46795516335074	55.88622354358709
115.74639736940455	6.23445457946257	115.71025280083938	23.08103108389312	34.442981146814056	44.70813576118746	18.07248891432807	9.108831049384857e-5	83.19283604485588	55.82882522152455
115.44764611695764	6.241524046363879	115.42101396487193	23.08691111561505	34.338398873531666	45.08021296651958	13.316280674592313	9.108831049384857e-5	82.89830623678264	55.76935346255565
115.13022611210302	6.24858583818676	115.11289749725229	23.092738624639384	34.265160465057285	45.45188622035543	8.66451205709254	9.108831049384857e-5	82.58498889482262	55.70763932262813
114.77818202530183	6.255639660523734	114.78227713966156	23.098509994249223	34.229024752242665	45.82314002756457	0.00027934154126571493	9.108831049384857e-5	82.2492686081953	55.64351668627117
113.77068893085753	6.262685192969585	114.42989075855847	23.104220020398206	34.229023496942176	46.19395752471459	0.00027934154126571493	9.108831049384857e-5	81.89188696423113	55.5767413714278
111.67542467585456	6.26972209483029	114.07903545787313	23.109867796496527	34.22902224164169	46.5643207805412	0.00027934154126571493	9.108831049384857e-5	81.53609547043507	55.507285083308716
108.53318939119454	6.276750030411169	113.72970442651365	23.11545423664668	34.22902098634119	46.93421212690324	0.00027934154126571493	9.108831049384857e-5	81.18188641703225	55.43521031177243
104.40517034435443	6.2837686718620445	113.38189088638886	23.120980239931125	34.229019731040694	47.30361430852826	0.00027934154126571493	9.108831049384857e-5	80.82925214217273	55.360578403450795
99.37175046508771	6.290777699033682	113.03558809220297	23.12644669066714	34.229018475740205	47.67251047545653	0.00027934154126571493	9.108831049384857e-5	80.47818503147222	55.2834495816698
93.5309430828277	6.297776799336698	112.69078933125351	23.131854458657312	34.22901722043971	48.040884175615275	0.00027934154126571493	9.108831049384857e-5	80.12867751756042	55.20388296602748
86.99648337696584	6.304765667602959	112.34748792322995	23.13720439943571	34.22901596513921	48.408719347523785	0.00027934154126571493	9.108831049384857e-5	79.78072207963432	55.12193659163441
79.89561363407893	6.311744005949382	112.00567722001475	23.142497354509903	34.229014709838715	48.77600031312498	0.00027934154126571493	9.108831049384857e-5	79.43431124301814	55.03766742802284
72.36660555848303	6.318711523644105	111.66535060548634	23.147734151598772	34.229013454538226	49.142711770742	0.00027934154126571493	9.108831049384857e-5	79.08943757872946	54.95113139773016
64.55606771435573	6.325667936975008	111.32650149532377	23.152915604866312	34.22901219923773	49.50883878815794	0.00027934154126571493	9.108831049384857e-5	78.7460937030507	54.86238339456208
56.616090732452335	6.332612969120511	110.98912333681331	23.1580425151514	34.22901094393723	49.87436679581596	0.00027934154126571493	9.108831049384857e-5	78.40427227710704	54.77147730154139
48.7012858632579	6.3395463500226334	110.65320960865681	23.16311567019364	34.229009688636744	50.23928158013822	0.00027934154126571493	9.108831049384857e-5	78.06396600644962	54.67846600854729
40.96577397143787	6.34646781626228	110.31875382078171	23.168135844855357	34.22900843333625	50.60356927696169	0.00027934154126571493	9.108831049384857e-5	77.72516764064441	54.58340142965085
33.56018471220617	6.353377110936679	109.98574951415306	23.173103801339778	34.22900717803576	50.967216365087964	0.00027934154126571493	9.108831049384857e-5	77.38786997286688	54.48633452015181
26.62872306699446	6.3602739835389785	109.65419026058733	23.178020289405477	34.22900592273526	51.33020965994586	0.00027934154126571493	9.108831049384857e-5	77.05206583950218	54.38731529332189
20.306361961247436	6.367158189839953	109.32406966256708	23.1828860465772	34.229004667434765	51.69253630736561	0.00027934154126571493	9.108831049384857e-5	76.71774811974971	54.28639283685921
14.716213485756334	6.374029491771751	108.99538135305875	23.187701798353004	34.22900341213427	52.05418377746017	0.00027934154126571493	9.108831049384857e-5	76.3849097352346	54.18361532905964
9.967131336890997	6.380887657313695	108.66811899533057	23.192468258407935	34.22900215683378	52.41513985861513	0.00027934154126571493	9.108831049384857e-5	76.05354364962272	54.079030054708994
6.154096843772254	6.387627905186156	108.34227628277144	23.19718610231143	34.23450462479577	52.76988974663937	0.00027934154126571493	23.353155881786837	75.72364289467001	53.97790985626098
3.6097210613781687	6.374199034451978	108.01784684250433	23.201774408261844	35.30334756188251	52.06310707641952	0.00027934154126571493	276.44784704777766	75.39528187050082	54.87876869049073
2.010959147978773	6.335477112465585	107.69482349317033	23.20595217913887	37.713905597318785	50.02511118239885	0.00027934154126571493	432.4518461890779	75.06873384633815	57.02375333366163
1.4153573195453446	6.283314101823078	107.3731979858503	23.20951593485213	40.848691571410534	47.27968956963533	0.00027934154126571493	486.79572796817007	74.7441936636702	59.810091651450065
1.6305060769458188	6.231070209694667	107.0529615295426	23.212402408692324	44.006505279468755	44.530011036561035	0.00027934154126571493	460.05646301528145	74.42171568947069	62.56660994988029
1.8391827456271042	6.182519337733918	106.73410535379062	23.214648280039672	46.987600546344254	41.974701985995324	0.00027934154126571493	434.33370895107805	74.10125456462107	65.10644711528505
2.036209288252797	6.137439411037461	106.41662091623527	23.216299288380668	49.80226544099701	39.60207426512917	0.00027934154126571493	410.1230620188631	73.78275611562272	67.44299386715782
2.222270399432065	6.095619639915325	106.10049990049936	23.21739833850442	52.46028131498655	37.401033679753596	0.00027934154126571493	387.33497378872266	73.46616922354721	69.58893492945215
2.3980102273635397	6.0568617984921564	105.78573420346562	23.21798567014639	54.97085028543619	35.3611472890605	0.00027934154126571493	365.88520685325835	73.15144564203452	71.55619358270911
2.5640347785782005	6.020979478419915	105.47231592331518	23.218099017968527	57.34262958850277	33.47260412736357	0.00027934154126571493	345.6945197245681	72.83853982569462	73.35597697742794
2.720914180009105	5.987797386884963	105.16023734828026	23.217773762018172	59.58376389465855	31.726178257102916	0.00027934154126571493	326.68837042798236	72.52740876872402	74.9988187566579
2.8691848068409502	5.957150686284943	104.84949094606885	23.217043069230378	61.70191570654205	30.1131940149966	0.00027934154126571493	308.7966376847959	72.21801185313159	76.49461914726915
3.0093512841181105	5.92888437309811	104.5400693539221	23.215938026506468	63.70429395335863	28.62549332095273	0.00027934154126571493	291.9533586383965	71.910310706003	77.85268267041535
3.1418883696210016	5.902852693613448	104.2319653692654	23.214487765870413	65.59768088911422	27.255404927023168	0.00027934154126571493	276.09648213964124	71.60426906526384	79.08175361284559
3.267242725026782	5.878918594343123	103.92517194091886	23.212719582171562	67.38845739491109	25.995715491742928	0.00027934154126571493	261.1676366720307	71.29985265343979	80.19004939141936
3.3858345819763564	5.8569532050612265	103.61968216083375	23.21065904377603	69.082626779905	24.839642371643087	0.00027934154126571493	247.1119120488836	70.9970290589392	81.18529193573767
3.4980593092854027	5.836835352532128	103.31548925632238	23.208330096663204	70.68583717003423	23.780808028006312	0.00027934154126571493	233.87765406506912	70.69576762440973	82.07473720655132
3.604288887216646	5.818451103091077	103.01258658275451	23.205755162322685	72.20340256905199	22.813215952161524	0.00027934154126571493	221.41627132783967	70.39603934174771	82.86520296157786
3.704873294274862	5.801693332381491	102.71096761668939	23.202955229816244	73.64032266988364	21.931228020078102	0.00027934154126571493	209.68205355105957	70.09781675336579	83.56309487173495
3.8001418117381696	5.786461320630071	102.41062594941997	23.199949942353044	75.00130149078804	21.129543191055955	0.00027934154126571493	198.63200062958674	69.8010738593476	84.17443108614606
3.8904042507681305	5.772660371956288	102.1115552809029	23.19675767870146	76.29076490550177	20.40317747138316	0.00027934154126571493	188.22566185921235	69.50578603014053	84.70486533725605
3.9759521067081542	5.760201456284973	101.81374941405365	23.193395629745336	77.51287713321639	19.747445067629748	0.00027934154126571493	178.42498469807848	69.21192992445877	85.15970867301546
4.057059644956323	5.749000872500305	101.5172022493816	23.189879870477505	78.67155625104738	19.15794065791037	0.00027934154126571493	169.19417249479477	68.9194834120793	85.5439498988574
4.133984922402564	5.738979931602276	101.22190777994798	23.186225427697106	79.77048878599369	18.630522715908835	0.00027934154126571493	160.4995506603677	68.62842550124776	85.86227480473885
4.206970748275092	5.730064658671945	100.92786008662516	23.182446343667284	80.8131434413155	18.161297824838805	0.00027934154126571493	152.3094407800819	68.33873627041642	86.11908424976436
4.276245587984803	5.722185512531176	100.63505333364108	23.178555735973056	81.80278400859711	17.746605922693085	0.00027934154126571493	144.59404219503384	68.05039680405929	86.31851117209146
4.342024413311265	5.715277122058786	100.34348176439086	23.174565853802466	82.74248151326084	17.383006424146213	0.00027934154126571493	137.32532061514874	67.76338913232311	86.46443658718145
4.404509502165193	5.709278038158749	100.05313969749862	23.17048813086705	83.63512563974554	17.06726516624956	0.00027934154126571493	130.4769033397522	67.47769617428237	86.56050463541241
4.463891190973946	5.704130500434468	99.76402152311724	23.166333235165087	84.48343547987058	16.7963421281295	0.00027934154126571493	124.0239806864488	67.19330168458235	86.61013673652826
4.520348582382479	5.699780217733295	99.47612169944892	23.162111115767285	85.28996964284963	16.567379880699324	0.00027934154126571493	117.94321327547812	66.91019020327447	86.61654490169697
4.574050210997991	5.696176161714177	99.18943474947531	23.157831046807132	86.05713576592836	16.37769272179835	0.00027934154126571493	112.21264481201513	66.62834700865024	86.58274425464525
4.625154669645293	5.69327037267249	98.90395525788368	23.15350166884054	86.78719946088982	16.22475645644644	0.00027934154126571493	106.81162004311625	66.34775807289671	86.51156480839987
4.673811198428842	5.691017776909246	98.61967786817824	23.149131027728107	87.48229272922623	16.106198784696744	0.00027934154126571493	101.72070758843702	66.06841002040869	86.40566254094044
4.720160238854759	5.689376014945056	98.33659727996479	23.1447266111904	88.1444218781679	16.01979026026572	0.00027934154126571493	96.92162734942637	65.79029008859656	86.26752981226456
4.764333955140681	5.688305279918227	98.05470824639845	23.14029538317829	88.77547496796679	15.963435785169477	0.00027934154126571493	92.39718221815129	65.51338609103745	86.09950516300061
4.806456724601622	5.687768165580764	97.77400557178485	23.1358438161844	89.3772288174088	15.93516660951354	0.00027934154126571493	88.13119383831092	65.23768638283416	85.9037825301793
4.8466455989078145	5.687729523334709	97.49448410932541	23.131377921615496	89.95135559321156	15.933132807089585	0.00027934154126571493	84.10844218308611	64.96317982805319	85.68241991403664
4.885010738031569	5.688156327744625	97.21613875899868	23.12690327834715	90.49942900926519	15.955596197085182	0.00027934154126571493	80.31460871170236	64.68985576911268	85.43734753012363
4.921655818429136	5.689017550046343	96.93896446556849	23.12242505956386	91.02293015780187	16.000923686649255	0.00027934154126571493	76.73622290211732	64.41770399800798	85.17037547587326
4.95667841697869	5.690284039179627	96.66295621671274	23.117948057986073	91.52325299422407	16.067581009453658	0.00027934154126571493	73.36061196049032	64.14671472926752	84.88320094031968
4.9901703721581185	5.6919284098842216	96.38810904126395	23.113476709583196	92.00170949678734	16.154126836011272	0.00027934154126571493	70.17585351300686	63.87687857453105	84.57741498494613
5.0222181238588615	5.6939249374257	96.11441800755628	23.109015115865777	92.45953452108367	16.259207232931175	0.00027934154126571493	67.17073109708042	63.608186518652566	84.25450892200128
5.052903033031552	5.696249458579979	95.84187822187157	23.104567064836584	92.89789036640782	16.38155045157744	0.00027934154126571493	64.33469229523922	63.34062989723987	83.9158803128277
5.082301682335023	5.698879278512733	95.57048482697908	23.100136050678806	93.31787107074312	16.519962026985514	0.00027934154126571493	61.657809358167476	63.07420037554855	83.5628386083011
5.110486159003697	5.701793083176501	95.30023300076311	23.09572529226243	93.72050645172418	16.673320167183867	0.00027934154126571493	59.13074215767698	62.80888992864276	83.1966104542939
5.137524320926108	5.704970856917308	95.03111795493308	23.091337750535033	94.10676590775861	16.840571416700044	0.00027934154126571493	56.7447033395166	62.5446908227519	82.81834468088367
5.163480046910776	5.708393804987712	94.76313493381156	23.0869761448621	94.47756199325387	17.02072657830023	0.00027934154126571493	54.49142554809018	62.281595597753316	82.42911699371669
5.188413472110073	5.712044280664966	94.49627921319505	23.08264296838162	94.83375378181525	17.212856877103093	0.00027934154126571493	52.363130595885956	62.019597050711376	82.02993438583005
5.212381209510381	5.715905716692305	94.23054609928325	23.078340502433598	95.17615003039107	17.416090352226178	0.00027934154126571493	50.352500458589	61.7586882204082	81.62173928706198
5.2354365583385984	5.719962560779463	93.96593092767243	23.074070830121098	95.50551215650846	17.62960846207659	0.00027934154126571493	48.45264998448307	61.4988623728051	81.20541346707915
5.257629700037711	5.724200214959798	93.70242906241003	23.069835849046427	95.82255703792435	17.852642892620572	0.00027934154126571493	46.65710123260537	61.2401129873882	80.7817817043288
5.279007882648734	5.728604978544115	93.44003589510534	23.065637283278235	96.12795964665325	18.084472554953017	0.00027934154126571493	44.95975932993477	60.9824337443378	80.35161523670334
5.299615594282709	5.733163994458909	93.1787468440939	23.06147669459518	96.4223555271386	18.324420760994865	0.00027934154126571493	43.3548897580168	60.72581851247313	79.91563500681079
5.319494726288906	5.7378651987808915	92.91855735365233	23.05735549304654	96.70634312722714	18.57185256741499	0.00027934154126571493	41.83709698959527	60.4702613379293	79.47451471327977
5.338684726725402	5.7426972732796475	92.65946289325954	23.053274946870186	96.98048599060567	18.82617227787582	0.00027934154126571493	40.40130439582118	60.21575643352169	79.02888367952423
5.3572227447341705	5.747649600781416	92.40145895690402	23.04923619180808	97.24531481930235	19.086821093758353	0.00027934154126571493	39.04273534512117	59.9622981687578	78.57932955133049
5.3751437663790655	5.752712223180833	92.14454106242978	23.045240239856486	97.50132941422943	19.353274904253983	0.00027934154126571493	37.756895420573336	59.70988106045175	78.12640083378005
5.392480742473926	5.757875801936758	91.88870475092409	23.041287987486115	97.74900050129885	19.62504220719746	0.00027934154126571493	36.53955568667997	59.45849976390953	77.670609277465
5.409264708770811	5.763131580937532	91.63394558614037	23.037380223356717	97.98877144839723	19.9016621546066	0.00027934154126571493	35.386736957068734	59.20814906465371	77.21243212095644
5.425524899040133	5.768471351570477	91.38025915395598	23.033517635561726	98.2210598808161	20.182702714235266	0.00027934154126571493	34.294694993431065	58.95882387065231	76.75231419955973
5.441288851471628	5.773887419862542	91.12764106186229	23.029700818431415	98.44625920126605	20.46775894013346	0.00027934154126571493	33.25990657948809	58.710519205020205	76.29066992844083
5.45658250876062	5.779372575578979	90.87608693848495	23.025930278918878	98.66474001968021	20.756451346261667	0.00027934154126571493	32.279056422232486	58.46323019916709	75.82788516699226
5.47143031224393	5.784920063166904	90.62559243313305	23.022206442593152	98.87685149801321	21.048424377205144	0.00027934154126571493	31.3490248326941	58.216952086366526	75.3643189713096
5.485855290449923	5.790523554430681	90.3761532153752	23.018529659263674	99.08292261524169	21.343344970035485	0.00027934154126571493	30.466876138472472	57.97168019571944	74.90030524164688
5.499879142413541	5.796177122830186	90.12776497464004	23.01490020825951	99.2832633575791	21.640901201588363	0.00027934154126571493	29.62984778206104	57.72740994648693	74.43615427146352
5.513522316082882	5.801875219300627	89.88042341984017	23.011318303385075	99.47816583856967	21.940801015822103	0.00027934154126571493	28.83534006217113	57.48413684276892	73.97215420421962
5.526804082078183	5.807612649512872	89.6341242790196	23.0077840975697	99.66790535278827	22.242771026992866	0.00027934154126571493	28.080906483865444	57.241856468512246	73.50857240283877
5.539742603041633	5.813384552500432	89.38886329902058	23.004297687226938	99.85274136655184	22.54655539475921	0.00027934154126571493	27.364244686276503	57.00056448282735	73.0456567363225
5.552354998907171	5.819186380550826	89.14463624517045	23.000859116345463	100.03291845034524	22.85191476583258	0.00027934154126571493	26.68318790476207	56.760256615593164	72.58363678972916
5.5646574083118185	5.825013880292609	88.90143890098669	22.99746838032641	100.20866715612591	23.158625278558006	0.00027934154126571493	26.035696938475695	56.52092866333299	72.12272500168736
5.576665046360844	5.830863074912179	88.65926706789932	22.994125429581157	100.38020484254056	23.466477626956415	0.00027934154126571493	25.41985259553006	56.28257648534684	71.66311773344611
5.588392258959177	5.836730247434474	88.41811656498855	22.990830172903742	100.54773645108817	23.775276180761402	0.00027934154126571493	24.83384858792631	56.045196000084005	71.20499627346057
5.599852573921237	5.842611925001604	88.1779832287397	22.98758248063205	100.71145523626046	24.084838157978783	0.00027934154126571493	24.275984848433332	55.80878318174353	70.74852778151958
5.611058749064009	5.848504864086042	87.93886291280963	22.98438218761132	100.87154345258578	24.39499284663342	0.00027934154126571493	23.744661242599904	55.57333405708351	70.29386617626118
5.622022817471107	5.854406036579971	87.70075148780693	22.981229095972488	101.02817300125862	24.705580872629703	0.00027934154126571493	23.23837165128299	55.33884470242894	69.84115296962311
5.632756130080823	5.860312616713277	87.46364484108682	22.978122977735584	101.18150603854028	25.016453511224746	0.00027934154126571493	22.75569840364194	55.10531124086886	69.39051805111255
5.643269395718437	5.866221968763057	87.22753887655499	22.97506357724605	101.33169554764903	25.32747204016052	0.00027934154126571493	22.295307044858607	54.872729839629045	68.94208042414685
5.6535727187786655	5.872131635490585	86.99242951448369	22.972050613457775	101.47888587708088	25.638507131083042	0.00027934154126571493	21.855941411588496	54.64109670761007	68.49594889835679
5.663675634686626	5.8780393272659825	86.75831269133775	22.969083782071316	101.62321324719461	25.9494382771566	0.00027934154126571493	21.43641899833216	54.41040809307964	68.05222274026389
5.673587143256965	5.883942911843448	86.5251843596102	22.96616275753524	101.76480622677087	26.260153254917956	0.00027934154126571493	21.03562659904492	54.1806602815113	67.61099228458683
5.683315740070911	5.889840404749904	86.293040487667	22.96328719491858	101.90378618125581	26.57054761841567	0.00027934154126571493	20.652516208295978	53.95184959356066	67.17233950843088
5.692869445991004	5.89572996024992	86.06187705959981	22.960456731662273	102.0402676944	26.880524223679632	0.00027934154126571493	20.28610116628813	53.72397238317056	66.73633857061488
5.702255834932748	5.901609862849843	85.83169007508803	22.957670989217604	102.17435896499634	27.18999278157033	0.00027934154126571493	19.935452532106073	53.4970250357982	66.3030563183853
5.71148206000169	5.907478519307652	85.6024755492652	22.95492957457871	102.30616218026695	27.498869437244473	0.00027934154126571493	19.599695670992755	53.27100396675234	65.8725527635501
5.7205548781033615	5.913334451114943	85.37422951259583	22.95223208171641	102.43577386743368	27.807076374470324	0.00027934154126571493	19.27800704155476	53.04590561963951	65.44488153007053
5.7294806730757095	5.919176287435913	85.14694801075649	22.94957809291654	102.5632852241815	28.114541443995066	0.00027934154126571493	18.969611176416993	52.8217264649095	65.02009027402839
5.895341093212893	5.925290063641378	84.92062710464788	22.94696751595539	102.67365072444312	28.43631913901954	0.00027934154126571493	2.994946783245083	52.59846266336515	64.5838726156978
7.466131699787925	5.933430962939825	84.69526289570521	22.94441485589572	102.67405015264625	28.864787523148387	0.00027934154126571493	2.4043446357528304e-6	52.37609584811267	64.04919464779161
10.712275552888618	5.941512124073124	84.47085156848722	22.941929042551198	102.6740483059879	29.290111793322005	0.00027934154126571493	2.4043446357528304e-6	52.154613299336745	63.52084592390059
15.617979479252243	5.949526765729542	84.24738933165428	22.93950883075137	102.67404645932955	29.7119350383966	0.00027934154126571493	2.4043446357528304e-6	51.93401247595039	62.99910325108834
22.159332661306266	5.957475718334685	84.0248724047962	22.937152996042066	102.6740446126712	30.130300964983107	0.00027934154126571493	2.4043446357528304e-6	51.71429082709933	62.483863885365814
30.30445200315171	5.9653597994061185	83.80329701847809	22.934860335403613	102.67404276601286	30.54525260032171	0.00027934154126571493	2.4043446357528304e-6	51.495445791490894	61.975026799871436
40.01363755704695	5.973179813769056	83.5826594142841	22.932629666881255	102.67404091935451	30.95683230363416	0.00027934154126571493	2.4043446357528304e-6	51.27747479780662	61.472492655606764
51.23956601899918	5.98093655376837	83.36295584485978	22.930459829221906	102.67403907269616	31.365081777282274	0.00027934154126571493	2.4043446357528304e-6	51.06037526510705	60.976163772673736
63.927521382214636	5.988630799477006	83.14418257395238	22.928349681517147	102.67403722603783	31.77004207773686	0.00027934154126571493	2.4043446357528304e-6	50.84414460322818	60.48594410200391
78.01566163049007	5.99626331890083	82.92633587644976	22.926298102852346	102.67403537937948	32.17175362635917	0.00027934154126571493	2.4043446357528304e-6	50.62878021317047	60.001739197572604
88.23363436047242	6.003835083764101	85.64398612720692	22.924480455503726	98.11117590285372	32.570267566531335	1294.8244216324417	2.4043446357528304e-6	53.34282003163935	59.53226858697811
92.97148802962506	6.011350733198137	90.68080662641857	22.923745596168537	89.91614032450714	32.965828063059554	1145.341006602941	2.4043446357528304e-6	58.37032038947052	59.11974314851688
96.9642536542613	6.018817814944542	94.9902742500507	22.924099762251906	82.81958907058802	33.35883236550193	986.9900071049958	2.4043446357528304e-6	62.670832822153905	58.764097365365004
100.35335302318168	6.0262429919366065	98.65136871556967	22.925381647362624	76.70350032665976	33.749631154557996	850.9924588057027	2.4043446357528304e-6	66.3233403874316	58.45693277129776
103.22837144335355	6.033631935697145	101.75816281054956	22.927452081827028	71.42578089533535	34.13852293142843	735.1046214016849	2.4043446357528304e-6	69.4218669947325	58.19100730649118
105.66689950131612	6.0409894694867345	104.39354243483352	22.930192451915794	66.8611202825749	34.52576155193313	636.6788382410017	2.4043446357528304e-6	72.04925147995722	57.96014912144986
107.73502230805596	6.048319694921975	106.62874872346644	22.93350198701686	62.90177894300824	34.91156289062996	553.1370972944627	2.4043446357528304e-6	74.27669334974948	57.7591146047412
109.48846464893167	6.055626100802045	108.52416672303374	22.937295134224314	59.45643886307143	35.29611056852839	482.14926794867927	2.4043446357528304e-6	76.16454250380121	57.58345167111045
110.97396962247996	6.062911655435692	110.1305879053185	22.941499191664295	56.448311148211644	35.67956081240459	421.6911635804528	2.4043446357528304e-6	77.76356159047263	57.42937681142705
112.23066102320965	6.070178884419135	111.49057417876215	22.94605225442991	53.81307709012534	36.06204654837528	370.04372722348586	2.4043446357528304e-6	79.11628934564031	57.29366850053589
113.29127929342245	6.0774299359404935	112.63974798991129	22.95090146996784	51.49693511069095	36.44368083897308	325.76595675530075	2.4043446357528304e-6	80.25832986022236	57.173576701364325
114.18325398454928	6.084666635561974	113.60793716367625	22.95600157461965	49.45486516264663	36.824559766419405	287.6587154362375	2.4043446357528304e-6	81.21949659586424	57.06674695288094
114.92961081199432	6.091890532206838	114.42015603708978	22.961313674406508	47.649140282249576	37.20476485299115	254.72769245198788	2.4043446357528304e-6	82.0247927771284	56.971157109980965
115.54972767366542	6.099102936829799	115.0974293837003	22.966804232647974	46.04807628198834	37.58436509630485	226.1494499822722	2.4043446357528304e-6	82.69523468168832	56.8850647909064
116.05995889800359	6.106304955012602	115.65747617543627	22.972444230130694	44.62499410363748	37.96341868487349	201.241666283375	2.4043446357528304e-6	83.2485348755538	56.806963755902544
116.47414865594986	6.113497514516029	116.11527308579325	22.978208467980927	43.35736478894272	38.341974448211744	179.43809007801562	2.4043446357528304e-6	83.6996652872372	56.73554767324272
116.80405192844249	6.120681388639078	116.48351728079619	22.984074987996546	42.22610744756548	38.72007308626692	160.26762882286351	2.4043446357528304e-6	84.06131965349199	56.669679967871076
117.0596797312218	6.127857216085171	116.77300592319406	22.990024589452307	41.215013772196926	39.097748215008615	143.33720901357873	2.4043446357528304e-6	84.3442927482446	56.60836866835443
117.24958221371017	6.135025517910194	116.99294740937967	22.9960404251057	40.310276279038575	39.47502725843089	128.31770716495575	2.4043446357528304e-6	84.55779140147037	56.55074535977283
117.38108129424323	6.142186712024765	117.15121684957198	23.002107662270323	39.50010125663456	39.851932211829386	114.93252733532952	2.4043446357528304e-6	84.70968980768563	56.496047512275425
117.46046206056702	6.14934112563938	117.2545661306359	23.00821319742462	38.774390701894745	40.22848029680912	102.94826996527492	2.4043446357528304e-6	84.80673945430205	56.44360358925958
117.49313064626429	6.156489005972754	117.30879696870876	23.014345414954786	38.12448046061322	40.60468452488138	92.16714377746446	2.4043446357528304e-6	84.85474206961412	56.392820449099204
117.48374466355438	6.16363052948795	117.31890378679772	23.02049398236332	37.5429241805029	40.98055418357589	82.42074337803663	2.4043446357528304e-6	84.8586924195946	56.34317264376602
117.43632133631095	6.170765809875445	117.28919191933868	23.02664967567851	37.02331471420141	41.35609525660198	73.56501348585407	2.4043446357528304e-6	84.82289645075805	56.29419329015064
117.35432714701822	6.177894904964954	117.22337561742063	23.032804229934147	36.56013617355426	41.73131078762872	65.47606979851733	2.4043446357528304e-6	84.75106924898795	56.245466248457014
117.24075236957964	6.18501782271735	117.12465943439796	23.038950210505323	36.148641198118334	42.106201195649504	58.046772590558874	2.4043446357528304e-6	84.64641639110988	56.196619389396055
117.09817307197183	6.192134526422883	116.99580589383457	23.045080901826008	35.784749031881056	42.480764548572374	51.183894068328534	2.4043446357528304e-6	84.51170158883038	56.14731877015389
116.92880268573298	6.199244939211088	116.83919178043237	23.051190210612113	35.46496085649335	42.85499680058308	44.805757649997474	2.4043446357528304e-6	84.34930296389192	56.09726357004892
116.73453487623695	6.206348947960481	116.65685493996995	23.057272581197147	35.18628952131762	43.228891997919526	38.840273133201535	2.4043446357528304e-6	84.16125983909406	56.04618166183078
116.51697903913823	6.213446406681915	116.45053311640739	23.063322920978848	34.946201355032755	43.602442456942356	33.22326636511067	2.4043446357528304e-6	83.94931157228342	55.993825714844334
116.27748956689672	6.220537139437199	116.22169605136992	23.06933653429129	34.74256820487733	43.97563891774669	27.89706276308955	2.4043446357528304e-6	83.71492965776251	55.93996974270202
116.01718979035462	6.227620942844504	115.97157183182946	23.07530906327227	34.57362821403189	44.34847067602584	22.80928426227542	2.4043446357528304e-6	83.4593440803958	55.8844060213864
115.73699123841533	6.234697588213413	115.70116827967439	23.081236434501797	34.43795414012013	44.72092569544208	17.911784370151114	2.4043446357528304e-6	83.18356471574052	55.82694231441722
115.43760882952206	6.241766823344906	115.41129000251135	23.08711481035139	34.334428283881046	45.0929907023628	13.159718505034975	2.4043446357528304e-6	82.88839839536864	55.76739935032234
115.11957240710639	6.248828374025193	115.10255159230245	23.09294054411501	34.26222329951953	45.46465126448305	8.5107124016477	2.4043446357528304e-6	82.57446212393899	55.705608504488815
114.76263161170428	6.25588194513899	114.7707491439621	23.098709992185775	34.227995971468644	45.83589184941967	0.00036826856396915246	2.4043446357528304e-6	82.2375640237283	55.64140235233757
113.7184321872692	6.262927215247866	114.41841328815819	23.104417964152105	34.22799353183171	46.20669553936053	0.00036826856396915246	2.4043446357528304e-6	81.88023485429692	55.57453744521016
111.58748172880395	6.2699638435529605	114.06760828800843	23.110063716472713	34.22799109219477	46.57704439752339	0.00036826856396915246	2.4043446357528304e-6	81.52449558037438	55.50499364598569
108.41127535492636	6.276991494620849	113.71832733351081	23.115648162750304	34.22798865255783	46.946920769517526	0.00036826856396915246	2.4043446357528304e-6	81.17033849377238	55.432833406470856
104.25166191266938	6.284009840857835	113.37056364765738	23.121172201576044	34.2279862129209	47.31630741356942	0.00036826856396915246	2.4043446357528304e-6	80.81775593421231	55.35811803590865
99.18963962066907	6.291018562366462	113.02431048622907	23.126636716784255	34.22798377328396	47.68518749297085	0.00036826856396915246	2.4043446357528304e-6	80.46674028886648	55.280907720887804
93.32377881857032	6.298017346804522	112.67956113759305	23.132042577702745	34.22798133364702	48.05354456865817	0.00036826856396915246	2.4043446357528304e-6	80.1172839919059	55.20126154490935
86.7683025738209	6.305005889246511	112.33630892250227	23.137390639398873	34.227978894010086	48.42136259192077	0.00036826856396915246	2.4043446357528304e-6	79.76937952405468	55.119237507616226
79.65086242605064	6.311983892047529	111.99454719389584	23.142681742921397	34.22797645437315	48.788625897237544	0.00036826856396915246	2.4043446357528304e-6	79.42301941214954	55.03489254369144
72.11005271825995	6.318951064709521	111.65426933670257	23.147916715538177	34.22797401473621	49.15531919523708	0.00036826856396915246	2.4043446357528304e-6	79.07819622870637	54.94828254143098
64.29271179664295	6.325907123749869	111.31546876764529	23.153096370969838	34.227971575099275	49.52142756578173	0.00036826856396915246	2.4043446357528304e-6	78.73490259149186	54.85946236099649
56.351062728371524	6.332851792572272	110.97813893504792	23.158221509619384	34.22796913546234	49.886936451171344	0.00036826856396915246	2.4043446357528304e-6	78.39313116310174	54.76848585235373
48.43974919705522	6.339784801339878	110.6422733186436	23.16329291879795	34.2279666958254	50.25183164946644	0.00036826856396915246	2.4043446357528304e-6	78.05287465054397	54.675405872901784
40.71282393683996	6.346705886850639	110.30786542938478	23.16831137294665	34.227964256188464	50.61609930792756	0.00036826856396915246	2.4043446357528304e-6	77.71412580482789	54.58027430479861
33.32074920735624	6.353614792414826	109.97490880925542	23.173277633854624	34.22796181655153	50.97972591656895	0.00036826856396915246	2.4043446357528304e-6	77.37687742055908	54.48314207198806
26.407466904000042	6.360511267734691	109.6433970310846	23.1781924508734	34.2279593769146	51.34269830182503	0.00036826856396915246	2.4043446357528304e-6	77.04112233553954	54.384059156933525
20.107595624948054	6.367395068786241	109.31332369836177	23.18305656112754	34.22795693727765	51.705003620327616	0.00036826856396915246	2.4043446357528304e-6	76.70685343037289	54.28307461706305
14.54380926526215	6.374265957703053	108.98468244505399	23.187870689721716	34.227954497640724	52.06662935279144	0.00036826856396915246	2.4043446357528304e-6	76.37406362807555	54.18023660093131
9.824447805548932	6.381123702662152	108.65746693542431	23.192635549944242	34.22795205800379	52.427563298007186	0.00036826856396915246	2.4043446357528304e-6	76.04274589369211	54.07559236410268
6.0467254083365765	6.387742154561686	108.3316708638433	23.197351758929848	34.23984292585405	52.77590287166693	0.00036826856396915246	34.10174149032901	75.71289331827629	53.98048021840647
3.5432183357037585	6.3732571792605475	108.00728784625296	23.201931064275467	35.364476338104915	52.013535750554375	0.00036826856396915246	283.00395122349687	75.38458760676339	54.93369425074407
1.9725164793136165	6.333891545720974	107.68431066205821	23.206090973151497	37.80939417034133	49.94166030110313	0.00036826856396915246	436.13757350855366	75.05810348194225	57.10997137152421
1.4191701157215566	6.281519691076287	107.36273103474961	23.209632345589196	40.9557923255786	47.185246898751224	0.00036826856396915246	486.23502440329105	74.73363142630723	59.905632725643414
1.637493463070836	6.229399000801435	107.04254016585863	23.21249671436411	44.10773397481363	44.44205267375901	0.00036826856396915246	459.1906206408779	74.41122100947499	62.65488567813184
1.8457779494224797	6.1809653102159245	106.72372929141939	23.21472202943212	47.08322663697996	41.892911063995285	0.00036826856396915246	433.5188029471625	74.09082561076515	65.1878359608079
2.042435374015865	6.135995459441819	106.40628987671377	23.21635393501144	49.89261841688547	39.526076812726586	0.00036826856396915246	409.3560754104134	73.77239115938299	67.51792377847919
2.2281490654118885	6.094279082150254	106.09021361257602	23.21743524597572	52.54567115111437	37.33047800790737	0.00036826856396915246	386.6130685416546	73.45586663333306	69.65780819127143
2.403561886787693	6.055618350679997	105.775492402697	23.21800611753741	55.05156859934015	35.29570266736751	0.00036826856396915246	365.2057132570484	73.14120387740421	71.61938834286876
2.5692786358645003	6.019827231245092	105.46211835168597	23.218104204906485	57.418950729008834	33.4119595392146	0.00036826856396915246	345.0549264058771	72.82835743191508	73.41384868306768
2.7258683024462282	5.986730783348649	105.15008375384667	23.217764813446994	59.65594596589065	31.6700412288755	0.00036826856396915246	326.08631495806003	72.5172843716558	75.05170150491523
2.873866192035015	5.95616450077424	104.83938108262292	23.2170210398968	61.770201531444755	30.061289514432914	0.00036826856396915246	308.22989774174044	72.20794415441672	76.54282695612594
3.013775923448938	5.927973691694061	104.53000298067586	23.215903905179875	63.76891198021509	28.577562720739316	0.00036826856396915246	291.4198436923303	71.90029847853835	77.89651067428866
3.1460713079063187	5.902012895576285	104.22194225055486	23.214442479309657	65.65884604389196	27.21120503033003	0.00036826856396915246	275.59422563481456	71.59431114894674	79.12147918666668
3.2711981166323567	5.8781453347009585	103.9151918459242	23.212663998854605	67.44637188283535	25.955017615839157	0.00036826856396915246	260.6947886746781	71.28994795116671	80.22593320768038
3.389575743622871	5.856242398224192	103.60974486331733	23.210593977409207	69.1374808398427	24.80223148548304	0.00036826856396915246	246.66673232795006	70.98717653284187	81.21757895924887
3.5015987697481923	5.836183156871117	103.30559453438231	23.208256309483232	70.73780978449014	23.746481940584363	0.00036826856396915246	233.45850558011045	70.68596629231389	82.10365763060376
3.6076384340558154	5.817853906438436	103.00273421859234	23.205673368200507	72.2526621317419	22.781784549390643	0.00036826856396915246	221.02161410608008	70.38628827384358	82.89097308810156
3.7080440177656677	5.801147738400856	102.70115739639216	23.202866097174144	73.68702761331122	21.902512547412737	0.00036826856396915246	209.31043893133685	70.0881150690793	83.58591793866255
3.8031441461893714	5.785964135997087	102.40085766275529	23.199854096907533	75.04560087650698	21.10337557879334	0.00036826856396915246	198.2820658485896	69.79142072439838	84.1944980455204
3.8932480134162333	5.772208594291857	102.10182872112648	23.19665570604447	76.33279897974786	20.379399699570673	0.00036826856396915246	187.89612495538034	69.49618065377389	84.7223555876287
3.9786465343430533	5.75979226279278	101.80406437772743	23.193288077774113	77.55277785013101	19.725908568040296	0.00036826856396915246	178.11463971279065	69.20237155683907	85.17479074906473
4.059613428352837	5.7486316092854395	101.50755853620352	23.18976725167822	78.7094477645565	19.138505751864514	0.00036826856396915246	168.90188496107825	68.90997134184104	85.55678211963709
4.136406238672138	5.738648103635499	101.21230519259225	23.186108221289743	79.80648791197507	18.613058086078162	0.00036826856396915246	160.22425336415415	68.61895905319554	85.87300588271027
4.209267291277609	5.729767920356202	100.91829843059092	23.182324997621176	80.84736009205322	18.14568001874671	0.00036826856396915246	152.0501297756773	68.32931480336245	86.12785386324693
4.278424596965391	5.721921658819031	100.62553241711167	23.178430668904124	81.83532160187868	17.732718885211444	0.00036826856396915246	144.34977305318208	68.0410197087894	86.32545050425281
4.344092699859361	5.715044080090725	100.33400139810004	23.174437456758575	82.77343735750684	17.37074105740583	0.00036826856396915246	137.0952048909543	67.75405582968153	86.46966883339067
4.406473475619086	5.7090738593839765	100.04369969460565	23.170356769009793	83.66459129693148	17.0565189149454	0.00036826856396915246	130.26010524430706	67.46840611336854	86.5641454812889
4.465756882266031	5.703953353215753	99.75462169908903	23.16619924934761	84.51149710617352	16.78701859030205	0.00036826856396915246	123.81971396279029	67.18405434105873	86.61229480659104
4.522121666446545	5.699628380398171	99.4667618719496	23.1619748240163	85.31670830875233	16.559388442008277	0.00036826856396915246	117.75073826298055	66.90098507777716	86.61732218090461
4.575736027827245	5.696048016024975	99.18011473826203	23.157692745714982	86.08262775704803	16.370948211840112	0.00036826856396915246	112.0312656875911	66.61918362529588	86.58223648449844
4.626758244130206	5.693164397675077	98.89467488470935	23.15336163487602	86.81151656137605	16.219178825003365	0.00036826856396915246	106.64068222230514	66.33863597787699	86.50986186004522
4.675337259028344	5.6909325431439	98.6104369566994	23.148989518469545	87.5055024884923	16.10171279704663	0.00036826856396915246	101.5595952793736	66.05932878066794	86.40284876628036
4.72161323521228	5.689310178984835	98.3273956556551	23.144583866488468	88.16658786254854	16.016325209727448	0.00036826856396915246	96.76976124507348	65.78124929058487	86.26368437517979
4.7657180746379755	5.688257579237053	98.045545736467	23.14015162624807	88.79665699720132	15.96092522300206	0.00036826856396915246	92.25401732772576	65.50438533953928	86.094702350549
4.807775907875213	5.687737413743445	97.76488200510066	23.135699254628364	89.39748318630471	15.93354809175955	0.00036826856396915246	87.99621745464128	65.22872529987197	85.89809204424408
4.847903554437552	5.6877146054750245	97.48539931634475	23.13123274838468	89.97073528005242	15.932347656579559	0.00036826856396915246	83.98117197156533	64.95425805185579	85.6759071454809
4.886210955865585	5.688156196311378	97.20709257169847	23.126757672644896	90.51798387188147	15.955589279545528	0.00036826856396915246	80.19459091239737	64.68097295314669	85.43007381667405
4.92280158311251	5.689031220796568	96.92995671738268	23.122279187696503	91.0407071182661	16.001643199818638	0.00036826856396915246	76.62303063622385	64.40885981006547	85.16239834499497
4.957772819729852	5.6903105874052695	96.65398674247255	23.117802074163606	91.54029621279956	16.06897828448715	0.00036826856396915246	73.2538436353598	64.13790885060715	84.87457433791498
4.991216322373227	5.69196696684735	96.37917767714177	23.113330756675232	92.01806053627635	16.15615614985981	0.00036826856396915246	70.07513131523031	63.86811069906781	84.5681894913923
5.023218359904969	5.693974687014457	96.10552459101267	23.108869326110185	92.47523250101551	16.261825632339146	0.00036826856396915246	67.07569957876692	63.59945635219751	84.24473195478448
5.053860132351666	5.696309634178083	95.8330225916056	23.104421560502335	92.91297210739691	16.384717588319425	0.00036826856396915246	64.2450170504597	63.331937156789095	83.90559631621083
5.08321807095326	5.698949160055095	95.56166682288269	23.099990944688976	93.33237123027682	16.523640002899043	0.00036826856396915246	61.573175778001584	63.06554478861589	83.55208923169218
5.11136412046087	5.701871994381673	95.29145246387638	23.095580688779272	93.7344576518141	16.67747338850839	0.00036826856396915246	59.050854259898344	62.80027123263126	83.18543471987812
5.138366004708416	5.705058162677136	95.02237472740379	23.091193745511415	94.12019885535048	16.845166456690677	0.00036826856396915246	56.66928266469004	62.53610876436306	82.80677914171218
5.164287476373438	5.708488908913753	94.75442885885626	23.086832826559366	94.49050559342221	17.02573204809161	0.00036826856396915246	54.42021012184962	62.27304993243144	82.41719588227878
5.189188551975404	5.7121466227669275	94.48761013506252	23.082500417859197	94.84623524487887	17.218243303521813	0.00036826856396915246	52.295873946970495	62.0110875421185	82.01768975461168
5.2131257329385114	5.716014771189069	94.22191386322012	23.078198794010227	95.18819497292327	17.4218300625819	0.00036826856396915246	50.28897069287386	61.75021463992945	81.60920114105599
5.236152213516004	5.72007783405975	93.95733537989102	23.073930031804018	95.51714469545887	17.635675476828247	0.00036826856396915246	48.39262892219271	61.49042449908824	81.19260988721153
5.25831807637254	5.724321243664801	93.69387005005834	23.069696022934473	95.83379987912367	17.85901282446253	0.00036826856396915246	46.60038359704417	61.23171060591146	80.76873896348172
5.279670476586412	5.728731327767978	93.43151326623827	23.065498485939717	96.13883416789328	18.091122514103436	0.00036826856396915246	44.90615198597467	60.97406664700396	80.33835790858508
5.3002538147929785	5.733295256051089	93.17026044764704	23.061338977423997	96.43288185655851	18.331329265846126	0.00036826856396915246	43.30421099362917	60.717486497228	79.90218606864354
5.320109900028682	5.738000989749117	92.9101070394165	23.05721890259678	96.71654021706856	18.578999460479174	0.00036826856396915246	41.78917583986158	60.461964208402335	79.46089564238117
5.339278102898209	5.742837234286972	92.6510485118576	23.05313952517061	96.99037168663324	18.833538646682076	0.00036826856396915246	40.35598000669438	60.20749399868902	79.01511454418002
5.357795499699189	5.747793394720972	92.39308035976767	23.049101976660054	97.25490592664723	19.09438919583996	0.00036826856396915246	38.999856369996415	59.95407024262178	78.56542909695217
5.375697007998924	5.752859533831555	92.1361981017793	23.045107265114602	97.51064175950059	19.36102809639697	0.00036826856396915246	37.71631945108124	59.70168746174064	78.11238656415044
5.393015514151827	5.758026332715543	91.88039727974808	23.041156283318195	97.75804899025634	19.632964879764753	0.00036826856396915246	36.501148724189754	59.45034031579771	77.6564975301306
5.409781993246171	5.763285053726251	91.62567345817745	23.03724981648786	97.99757012017555	19.909739669801994	0.00036826856396915246	35.350372915826014	59.20002359450001	77.19823813807861
5.42602562195392	5.768627505614403	91.37202222367814	23.03338854950312	98.22962195885768	20.190921348125837	0.00036826856396915246	34.26025523386649	58.95073220975493	76.73805219443383
5.441773884723632	5.774046010733383	91.11943918445712	23.02957307369533	98.45459714128212	20.476105828072168	0.00036826856396915246	33.22727946879336	58.70246118838444	76.27635314809558
5.457052673681275	5.779533374195292	90.86791996984144	23.02580389322152	98.67286555496274	20.764914431330524	0.00036826856396915246	32.24813691921989	58.45520566528876	75.81352595130951
5.4718863825645965	5.785082854877097	90.61746022982658	23.022081431044082	98.88477568186734	21.05699236195183	0.00036826856396915246	31.31971409906822	58.208960877027856	75.34992880834739
5.486297995123706	5.790688138142306	90.36805563465376	23.018406034545453	99.09065586128318	21.352007270646997	0.00036826856396915246	30.439081169678087	57.96372215579612	74.88589482015556
5.500309168291213	5.796343310184152	90.11970187441115	23.014777980797774	99.29081547796186	21.649647904428406	0.00036826856396915246	29.60348105711212	57.719484923765265	74.42173353067922
5.513940310412072	5.802042833900196	89.87239465865912	23.011197481506933	99.48554607968842	21.949622836851766	0.00036826856396915246	28.810319216630518	57.47624468777606	73.9577323803349
5.527210654823421	5.807781526208235	89.62612971607764	23.007664687650305	99.67512242842199	22.251659274116975	0.00036826856396915246	28.057154006299438	57.23399703435804	73.49415807210167
5.5401383290744315	5.813554536713529	89.38090279413463	23.004179693827506	99.8598034891507	22.555501932290333	0.00036826856396915246	27.34168763172785	56.99273762505642	73.03125785569691
5.552740420057243	5.819357327643249	89.13670965877233	23.00074254234213	100.03983336033373	22.860911981222973	0.00036826856396915246	26.661757626418687	56.75246219204552	72.56926073494225
5.5650330353106385	5.825185654966818	88.89354609411416	22.997353227032047	100.21544214966795	23.167666050884495	0.00036826856396915246	26.01532883343602	56.5131665340135	72.1083786032596
5.577031360668331	5.831035550648967	88.65140790218673	22.99401169685947	100.38684679763497	23.47555529731341	0.00036826856396915246	25.400485865881766	56.27484651230208	71.64880731052324
5.5887497144757345	5.836903305965929	88.41029090265896	22.99071785927587	100.55425185202645	23.784384524521936	0.00036826856396915246	24.815426016837584	56.037498047287926	71.19072766549495
5.600201598619561	5.842785455808968	88.17019093259589	22.987471583377875	100.71785019693827	24.093971358366048	0.00036826856396915246	24.25845258675873	55.80111711498745	70.73430637844339
5.6113997465395	5.848678763922723	87.9311038462267	22.9842727028655	100.87782373865168	24.404145469616335	0.00036826856396915246	23.727968606140404	55.56569974387288	70.27969694713691
5.622356168388974	5.854580209026564	87.69302551472575	22.981121018813695	101.03434405078701	24.714747843502764	0.00036826856396915246	23.222470931577266	55.331242011887696	69.82704048935454
5.6330821935119095	5.860486971767114	87.45595182600667	22.978016302268404	101.18757298111467	25.025630093005322	0.00036826856396915246	22.740544693338503	55.09774004365037	69.3764665250626
5.6435885104025765	5.866396422450158	87.21987868452727	22.974958296678178	101.33766322240992	25.336653813165565	0.00036826856396915246	22.280858072576287	54.865190007832844	68.92809371139904
5.65388520430822	5.872306109502337	86.98480201110625	22.971946720171974	101.4847588496334	25.64768997380657	0.00036826856396915246	21.84215738722984	54.63358811470429	68.48203053347999
5.663981792625379	5.878213748615841	86.75071774274865	22.96898126769317	101.62899582559281	25.958618348201554	0.00036826856396915246	21.423262466864408	54.40293061382723	68.03837595386459
5.673887258196762	5.884117212542884	86.51762183248267	22.966061612996867	101.77050247661256	26.269326975940643	0.00036826856396915246	21.02306230243039	54.17321379190142	67.59722002269726
5.683610080619959	5.890014521505521	86.28551024920432	22.96318741051786	101.90939993980109	26.5797116581847	0.00036826856396915246	20.640510956374413	53.94443397074439	67.15864445061506
5.693158265713297	5.895903834175676	86.05437897753063	22.96035829711895	102.04580258399163	26.889675482929704	0.00036826856396915246	20.274623714056155	53.716587505400305	66.72272314716182
5.702539373239348	5.901783439194203	85.82422401766092	22.957573893726234	102.17981840579236	27.199128378641646	0.00036826856396915246	19.92447346330377	53.48967078236937	66.28952272659954
5.7117605429896505	5.907651747196863	85.59504138524534	22.95483380685824	102.31154940222525	27.50798669457112	0.00036826856396915246	19.58918728853947	53.263680217950615	65.85910298306692
5.720828519327669	5.913507283317127	85.36682711126012	22.952137630055383	102.4410919213398	27.816172806163987	0.00036826856396915246	19.267943266764107	53.03861225669078	65.43151733691069
5.729749674278918	5.9193486801381905	85.13957724188994	22.949484945215545	102.56853699207193	28.123614744114676	0.00036826856396915246	18.959967453745485	52.81446336993394	65.00681325386576
5.920620154877474	5.925533405273692	84.9132878385961	22.946875775681686	102.67507592474672	28.44912659335153	0.00036826856396915246	0.4913919074399933	52.59122960370644	64.56711852039764
7.547394121749788	5.933679571252144	84.68795500549089	22.94432522933802	102.67508411876526	28.87787217116469	0.00036826856396915246	5.254010192005004e-5	52.368891992167974	64.03228290429183
10.849149798052215	5.941758596775467	84.46357492890616	22.941841491299567	102.67508201344098	29.303084040813253	0.00036826856396915246	5.254010192005004e-5	52.14743856048505	63.50414472620305
15.80979482027728	5.949771129289639	84.24014381787	22.9394233159978	102.67507990811671	29.72479627840119	0.00036826856396915246	5.254010192005004e-5	51.926866768334975	62.982609335406266
22.405150567280906	5.957717998810223	84.0176578923416	22.93706947965841	102.67507780279246	30.143052568958275	0.00036826856396915246	5.254010192005004e-5	51.70717406455351	62.46757404240746
30.603070716633106	5.965600022451587	83.79611338325662	22.934778779929857	102.67507569746819	30.557895918503704	0.00036826856396915246	5.254010192005004e-5	51.4883578875511	61.958937873911765
40.36359795020816	5.973418004642474	83.57550653257111	22.932550035514	102.67507359214393	30.969368665392476	0.00036826856396915246	5.254010192005004e-5	51.2704156657251	61.456601543574685
51.639158706267494	5.981172737337904	83.35583359330366	22.930382085803043	102.67507148681968	31.377512491467787	0.00036826856396915246	5.254010192005004e-5	51.05334481786432	60.96046742325512
64.37479505294787	5.988865000227469	83.13709082957573	22.928273790522706	102.6750693814954	31.782368433023866	0.00036826856396915246	5.254010192005004e-5	50.83714275354536	60.470439514760116
78.50843255879845	5.996495560940071	82.91927451665045	22.926224029381583	102.67506727617113	32.18397689158181	0.00036826856396915246	5.254010192005004e-5	50.62180687352125	59.98642342207389
88.40997823154925	6.004065430275684	85.82167290505079	22.924429811381017	97.82466973964398	32.582391067140506	1294.1530779420498	5.254010192005004e-5	53.520202688292656	59.518219055265035
93.11540249387531	6.011579424899604	90.83601188372127	22.923733855360844	89.66343294553322	32.977864468399446	1139.6957197698364	5.254010192005004e-5	58.52522757321348	59.10772152306023
97.08647190014246	6.01904509002488	95.12225874381565	22.92412128701468	82.60199019026743	33.370794211835005	982.106992856206	5.254010192005004e-5	62.80253239201642	58.75380984948844
100.45706036330454	6.026469053215031	98.76342031505516	22.92543144330177	76.5160475361168	33.76152911657979	846.820438817496	5.254010192005004e-5	66.43511863448389	58.44811950433509
103.31634682674371	6.033856955514822	101.8532323387853	22.927525881521134	71.26401435913857	34.15036607972667	731.5576586720036	5.254010192005004e-5	69.51667311104158	58.183446300313854
105.74152580606953	6.041213594215806	104.47418979413881	22.930286626592984	66.72116889767639	34.53755759030478	633.6684206581613	5.254010192005004e-5	72.12964387978575	57.95365161885702
107.7983163558159	6.048543048874934	106.6971551643452	22.933613456223526	62.780343870628826	34.92331836183783	550.5810104281459	5.254010192005004e-5	74.34485200411295	57.753520367428095
109.5421213017345	6.0558487895645765	108.58217210983663	22.937421282245605	59.350738062322435	35.307831029713796	479.97501064173724	5.254010192005004e-5	76.22230621516023	57.5786246340498
111.01940834079329	6.063133768681464	110.17973592210646	22.941637793934845	56.356011297149486	35.69125098323419	419.83662403621673	5.254010192005004e-5	77.81247318180755	57.42520126266736
112.26906946632968	6.070400498275619	111.53215712061278	22.946201414513943	53.73222584765103	36.07371043555819	368.45658755124595	5.254010192005004e-5	79.1576404252479	57.2900458119145
113.32365176324647	6.077651114973746	112.67484746997367	22.95105956644656	51.42589943521103	36.455321840722796	324.40256132920376	5.254010192005004e-5	80.29320150052563	57.170422573639044
114.21042427933287	6.084887434441821	113.63745946106282	22.956167216732418	49.39227769984427	36.83618076009512	286.4828238278352	5.254010192005004e-5	81.2487946550199	57.0639891145282
114.95227975215714	6.092110997105754	114.44486201517563	22.961485665177552	47.59385396772428	37.21636826872319	253.70928318354214	5.254010192005004e-5	82.04927779440885	56.96873340358828
115.56848591830477	6.09932310660056	115.11795942975672	22.96698153829382	45.99912649333422	37.59595297897606	225.26365896682148	5.254010192005004e-5	82.71554679786675	56.882921584661574
116.07530573439125	6.106524862182311	115.6743708076087	22.972625954678904	44.58156738977038	37.974992746436655	200.46787808408288	5.254010192005004e-5	83.2652144240812	56.80505462482831
116.48650741986356	6.113717186127602	116.12898989759094	22.978393832185525	43.31877316253163	38.353536111978336	178.75917582911285	5.254010192005004e-5	83.71316972595308	56.73383230289483
116.81378264002157	6.120900846965825	116.49444484262385	22.98426331178489	42.19176730073722	38.73162352451642	159.66931339166527	5.254010192005004e-5	84.07203745592666	56.668123240951665
117.06708947768541	6.128076479239468	116.78147517773647	22.990215277270988	41.18442860027929	39.1092883810239	142.8075646672829	5.254010192005004e-5	84.3525547908833	56.606939901574634
117.25493364555703	6.135244600363541	116.99924102371999	22.996232953647002	40.283022508601775	39.4865579138699	127.84672561131455	5.254010192005004e-5	84.5638803094537	56.54941766417201
117.38459962528039	6.1424056250534536	117.15557689634967	23.002301570155797	39.47581661197495	39.86345395018113	114.51177915813979	5.254010192005004e-5	84.71384763093164	56.494797255116
117.46234083879233	6.149559877707447	117.25720040958542	23.008408076500437	38.75276463650239	40.239993563549255	102.57062929625145	5.254010192005004e-5	84.80917398511434	56.44240993964825
117.49353649753199	6.156707603061906	117.30988422253388	23.01454090291744	38.10524626742093	40.616189634836566	91.82655219187696	5.254010192005004e-5	84.85563205550501	56.391664992775176
117.48282125095048	6.163848975382404	117.31859800897999	23.02068975648587	37.52585248072684	40.992051335915484	82.11203567805642	5.254010192005004e-5	84.85819186875622	56.342039055171504
117.43419260632476	6.170984106408354	117.287625925864	23.02684544744942	37.00820806314015	41.36758454780754	73.28375492318457	5.254010192005004e-5	84.82113820201018	56.29306705205163
117.35110005229127	6.178113052231861	117.22066400819783	23.032999740454617	36.54682459249398	41.742792222728944	65.21843673953714	5.254010192005004e-5	84.74816793187904	56.24433441113582
117.23651912218035	6.185235819261311	117.12090105542387	23.039145226518187	36.13697846355351	42.11767469796308	57.80944807106913	5.254010192005004e-5	84.64247088713103	56.19547036284184
117.0930130177733	6.19235236939505	116.9910858851889	23.045275212271505	35.77460959295391	42.49222996816	50.96398098502735	5.254010192005004e-5	84.50679707875945	56.14614214382084
116.9227838672841	6.1994626245099544	116.83358327940925	23.05138362362346	35.45623727553825	42.86645392157598	44.60070863024354	5.254010192005004e-5	84.34351263052432	56.09604995567346
116.72771533112379	6.20656647035249	116.65042049594356	23.05746492146344	35.17889035171375	43.24034054486733	38.64783228293504	5.254010192005004e-5	84.15464628191587	56.044922555545675
116.50940785763348	6.213663759905636	116.44332586413677	23.063514027414325	34.94004938559876	43.61388210029601	33.041411441184906	5.254010192005004e-5	83.9419279807605	55.99251337543258
116.26920778833318	6.220754316292959	116.21376067553773	23.06952625795948	34.73759902136752	43.98706927857618	27.72397109056647	5.254010192005004e-5	83.70682077602575	55.938597083324325
116.00823110076523	6.227837935271043	115.96294535717811	23.075497265521257	34.56978902564302	44.35989133005431	22.64328648640451	5.254010192005004e-5	83.45054699766108	55.88296651250883
115.72738255307323	6.23491438735284	115.69188070505308	23.08142298527263	34.435202843665394	44.73233617646474	17.751338702921892	5.254010192005004e-5	83.17410950077847	55.82542989598749
115.42737072559991	6.241983419597018	115.40136480111059	23.087299586626962	34.33273273199849	45.1043905051057	13.003376937503653	5.254010192005004e-5	82.87830859728862	55.76580835149482
115.10871945070555	6.249044757092027	115.09200608962169	23.09312342848011	34.26156075583596	45.476039846948304	8.357095234789082	5.254010192005004e-5	82.56375515083946	55.703933569401634
114.74567131014368	6.25609810402585	114.75904482221057	23.09889083624608	34.22920791816616	45.847268632938956	0.000495014881423718	5.254010192005004e-5	82.22570258080246	55.63963661100913
113.66479537826643	6.263143137947881	114.40676032557731	23.10459664578345	34.22920496767863	46.21805989199328	0.000495014881423718	5.254010192005004e-5	81.86842682614116	55.572675391775874
111.49821357258563	6.270179518004017	114.05600645580944	23.110240267719007	34.229202017191106	46.58839568442144	0.000495014881423718	5.254010192005004e-5	81.51274070667665	55.50303748574723
108.28811488096241	6.277206909037675	113.70677640401927	23.11582261512793	34.22919906670358	46.95825837040343	0.000495014881423718	5.254010192005004e-5	81.15863651585919	55.43078530451043
104.09700814999772	6.284224983726954	113.35906339430585	23.121344586082788	34.22919611621605	47.327630722470786	0.000495014881423718	5.254010192005004e-5	80.80610659503257	55.35598011778931
99.00650488311167	6.291233422441224	113.01286068355071	23.126807063908107	34.229193165728525	47.69649591795867	0.000495014881423718	5.254010192005004e-5	80.45514333297625	55.27868207334178
93.11573003370889	6.298231913100234	112.66816156121416	23.132210917430566	34.229190215241	48.064837531590804	0.000495014881423718	5.254010192005004e-5	80.10573916545228	55.19895021651434
86.53939181895383	6.3052201510356465	112.32495934913567	23.1375570012249	34.22918726475347	48.432639528191444	0.000495014881423718	5.254010192005004e-5	79.75788657476083	55.11684250946021
79.40554801710842	6.312197838855011	111.98324740133434	23.14284615585558	34.22918431426594	48.79988625552641	0.000495014881423718	5.254010192005004e-5	79.41157808929974	55.032415850026034
71.85311236493757	6.319164686308101	111.64301910381204	23.148079208114417	34.229181363778416	49.16656243726799	0.000495014881423718	5.254010192005004e-5	79.06680628313093	54.94572609031342
64.02914963516817	6.326120410155579	111.30426787435836	23.15325697125404	34.22917841329089	49.53265316608268	0.000495014881423718	5.254010192005004e-5	78.72356377555278	54.85682805492071
56.086011774319005	6.333064734039963	110.96698716235711	23.15838024521742	34.22917546280336	49.898143896839734	0.000495014881423718	5.254010192005004e-5	78.38184323067792	54.76577555887043
48.17837136051842	6.339997388358831	110.63117044859492	23.163449816863434	34.22917251231583	50.26302043993804	0.000495014881423718	5.254010192005004e-5	78.04163735701702	54.67262142522789
40.4602095891896	6.346918110140246	110.29681124507148	23.16846646018862	34.2291695618283	50.62726895474933	0.000495014881423718	5.254010192005004e-5	77.70293890706832	54.57741750241624
33.081818009783696	6.353826642920358	109.96390309481151	23.173430936545067	34.22916661134077	50.990875943176285	0.000495014881423718	5.254010192005004e-5	77.3657406769122	54.48021468123316
26.186872183616757	6.3607227366231385	109.6324395716785	23.17834399485467	34.229163660853246	51.353828243322624	0.000495014881423718	5.254010192005004e-5	77.03003550581178	54.38106291157432
19.909633339461426	6.367606147442219	109.30241428019009	23.183206371819637	34.22916071036572	51.71611302327422	0.000495014881423718	5.254010192005004e-5	76.69581627581839	54.280011218868594
14.372334472797881	6.374476637724786	108.97382085533539	23.188018792129437	34.22915775987819	52.077717774988294	0.000495014881423718	5.254010192005004e-5	76.36307591138277	54.17710772023019
9.68279893253875	6.381333975857523	108.6466529623933	23.19278196866421	34.229154809390664	52.43863030829028	0.000495014881423718	5.254010192005004e-5	76.03180737897073	54.07239964033213
5.941407456605382	6.387785764013076	108.32090429672502	23.19749640840205	34.2497985016137	52.77819810595084	0.000495014881423718	44.63786297201723	75.70200388056138	53.985532219446654
3.47764501878777	6.372262640704061	107.99656846205083	23.20206625982168	35.42929013394429	51.96119161600271	0.000495014881423718	289.4617944228769	75.373754692843	54.990180955878905
1.9351503459940413	6.33226585855941	107.67363819839686	23.2062080079463	37.90791461343503	49.85609781891585	0.000495014881423718	439.7115834877847	75.04733551941128	57.1971074693424
1.4247855823166777	6.279703577512735	107.35210520232043	23.209726861556753	41.06495862434059	47.08966197435401	0.000495014881423718	485.4918317508535	74.7229324758116	60.0011642021987
1.6447130788348283	6.227710378707997	107.03196066862581	23.212569126594992	44.21080124310451	44.35317782673618	0.000495014881423718	458.2997622185646	74.40059036130776	62.74293739434769
1.8525940277924224	6.179396908776362	106.71319584016211	23.21477392087593	47.180529085355865	41.81036361980807	0.000495014881423718	432.68032032964175	74.08026139649274	65.26885060497615
2.0488716312016675	6.134539977952713	106.39580219000442	23.216386790509823	49.98449484834508	39.4494725238265	0.000495014881423718	408.5668669063523	73.76189161626162	67.59234062785323
2.2342278132177795	6.092929655070376	106.07977141634011	23.217450458080528	52.632440305718106	37.25945553001933	0.000495014881423718	385.87021641650745	73.44543009806301	69.72604015050534
2.409304115901487	6.054368521782532	105.76509542979886	23.218004992051373	55.133530344056794	35.229922199080164	0.000495014881423718	364.50647281935227	73.13082878018668	71.68182351343967
2.5747040942055586	6.018670929303896	105.45176634153975	23.218087966094135	57.4963871769721	33.35110154230988	0.000495014881423718	344.39671574108155	72.81804229086345	73.47085183950959
2.7309955688785643	5.985662299263477	105.13977645204984	23.217734608936308	59.72912252944361	31.61380522439302	0.000495014881423718	325.46670526973895	72.50702778753802	75.1036154836393
2.8787127456982957	5.955178466056368	104.82911824061264	23.216977945288455	61.839367912582624	30.009392950334668	0.000495014881423718	307.64660426705495	72.19774480571232	76.58997396160204
3.0183582089574186	5.927065058234795	104.51978435540487	23.215848928380762	63.834303101998664	28.529739907093976	0.000495014881423718	290.87071715898537	71.89015511679007	77.93919350729614
3.150404796695013	5.901176916611525	104.21176760418716	23.214376564609374	65.72068292682144	27.16720613744819	0.000495014881423718	275.0772442228989	71.58422259438856	79.15998239989021
3.2752973646833565	5.8773775468995115	103.90506094554972	23.212588030760468	67.50486246951206	25.914607731552746	0.000495014881423718	260.20805045286323	71.2799130886116	80.26052419304551
3.3934544457559124	5.855538604842757	103.59965748068247	23.210508784252035	69.19282077054858	24.765189728565716	0.000495014881423718	246.2084481399323	70.97719430781436	81.24850897046146
3.5052698106724076	5.835539411914722	103.2955504456372	23.20816266680708	70.7901831264985	23.712600627090126	0.000495014881423718	233.02699235547914	70.67603570741484	82.13116274461561
3.611113936376857	5.817266499766043	102.99273320405338	23.205572001949353	72.3022420651335	22.750868408738597	0.000495014881423718	220.61528857016634	70.37640838533291	82.9152751091632
3.711335387190478	5.8006131817009265	102.6911992403186	23.20275768669164	73.73397707675666	21.874377984258775	0.000495014881423718	208.92781168229257	70.07828498365919	83.60722524953354
3.8062621140425197	5.785479149597741	102.39094215313902	23.19973927775748	75.09007317464297	21.077849978827953	0.000495014881423718	197.9217357867698	69.78163959618873	84.21300640798472
3.896202676637869	5.7717700947528074	102.0919556494946	23.19653507266334	76.37493835457653	20.356320776463065	0.000495014881423718	187.5567740427416	69.48644768146787	84.73824889552445
3.9814473930848786	5.759397351242919	101.79423353895672	23.193162185963434	77.59272001810523	19.705123749626825	0.000495014881423718	177.7950280470518	69.19268598103076	85.18824173602351
4.062269421312702	5.7482775604624194	101.49776972834617	23.189636620946143	78.74732042135984	19.11987160328471	0.000495014881423718	168.60084614621942	68.90033244251455	85.5679530241839
4.138925776390603	5.738332355557967	101.20255821671141	23.185973337056762	79.84241120818702	18.596439766208245	0.000495014881423718	159.94069014798404	68.60936614735948	85.88204907493741
4.2116582874741395	5.7294880646045145	100.90859309060733	23.1821863132952	80.88144708080895	18.13095076865814	0.000495014881423718	151.7830099442852	68.31976724282602	86.13491243453204
4.280694497988216	5.721675431401596	100.61586851965794	23.178288607829767	81.86767865958149	17.71975954745189	0.000495014881423718	144.09812557258562	68.03151687807159	86.33065882140632
4.3462485124096135	5.714829352845966	100.32437875238463	23.17429241405146	82.80416457988716	17.359439623471363	0.000495014881423718	136.85811627488292	67.74459714404463	86.47315306027244
4.408521792775599	5.708888631909796	100.0341181122853	23.170209113277608	83.6937828708298	17.046770100515054	0.000495014881423718	130.0367161446674	67.4589910169733	86.56602406838826
4.467703907951281	5.7037957452829025	99.74508099414805	23.166049324307266	84.53924165905383	16.778723435941714	0.000495014881423718	123.60921596440991	67.1746823052299	86.61267895121587
4.523973238516569	5.699496624790686	99.457261860587	23.161822950019452	85.34308923855795	16.552453936351345	0.000495014881423718	117.55237085865939	66.89165559936838	86.61631626143607
4.577497639791929	5.695940451805729	99.17065523878532	23.15753922118232	86.10772354249167	16.365286937143118	0.000495014881423718	111.84431343262771	66.60989622515226	86.57993846882711
4.628435065549779	5.693079463862267	98.88525571743432	23.153206737643337	86.8354010533181	16.214708624329294	0.000495014881423718	106.4644720624965	66.32939019939175	86.50636368905123
4.676934154740428	5.690868772750459	98.60105794385635	23.14883350705599	87.52824518461307	16.098356460549947	0.000495014881423718	101.39349403225084	66.05012418842308	86.3982367152742
4.72313478336951	5.6892661934270565	98.31805662130043	23.144426981285534	88.18825416502852	16.014010180370878	0.000495014881423718	96.61317323700247	65.7720854690763	86.2580393929216
4.767168583635593	5.688232083087692	98.03624650640114	23.139994090634715	88.81730845454399	15.959583320404317	0.000495014881423718	92.10638217645769	65.49526189198203	86.08810037734888
4.809159432318913	5.687729189782764	97.75562240678896	23.13554127602221	89.41717772144857	15.933115251723908	0.000495014881423718	87.85700797763289	65.21964184707217	85.89060431196995
4.849223910229578	5.687722510015363	97.47617917884567	23.131074519234605	89.98952740588663	15.932763685018637	0.000495014881423718	83.8498922098264	64.94521423114834	85.6676004609599
4.887471734339669	5.688179154817048	97.19791172559351	23.126599371360268	90.53592489317366	15.956797621949379	0.000495014881423718	80.07077427898572	64.67196841739802	85.42101082715864
4.924006164336446	5.689068223761986	96.92081499471226	23.122120979521043	91.05784532169905	16.003590724314556	0.000495014881423718	76.50623817380182	64.3998942267373	85.15263778795058
4.95892438504881	5.690360686468751	96.6448839766748	23.117644111998782	91.55667704616138	16.07161507730221	0.000495014881423718	73.14366237324194	64.12898190087385	84.86417127649929
4.992317866153162	5.692029271153117	96.37011370299582	23.113173181850424	92.03372677622356	16.15943532384776	0.000495014881423718	69.97117273124331	63.85922207699099	84.55719553486313
5.024272700548628	5.694048359800381	96.09649924458549	23.108712269104473	92.4902244104445	16.265703147387985	0.000495014881423718	66.97759815642314	63.590605763952674	84.23319546520234
5.054869922703622	5.696393889553046	95.824035710201	23.10426514162569	92.92732758408727	16.389152081738754	0.000495014881423718	64.15242891619019	63.32312431993501	83.89356260362989
5.084185808152866	5.699043259947626	95.55271824499367	23.09983527472676	93.3461259476479	16.52859262882191	0.000495014881423718	61.48577741072374	63.056769431403666	83.5396007389546
5.112292155161151	5.701975245685302	95.28254202914138	23.09542586959466	93.74764519062339	16.682907667646987	0.000495014881423718	58.968341283662994	62.79153309335957	83.17253119546567
5.13925654973191	5.705169914570521	95.01350227656431	23.09103987061032	94.13285082734852	16.85104813529009	0.000495014881423718	56.59136871510892	62.52740759077201	82.79349780198783
5.165142614903046	5.708608550325034	94.74559423371747	23.086679981624563	94.50265175836476	17.03202896447499	0.000495014881423718	54.3466257734466	62.26438548113021	82.40357156497416
5.190010245227168	5.712273579998818	94.47881317845668	23.08234868125002	94.85790362013793	17.224925263095148	0.000495014881423718	52.2263657084127	62.00245957805012	82.00375506255796
5.213915827333298	5.716148505699472	94.2131544189713	23.078048237228977	95.19941193593976	17.42886872102437	0.000495014881423718	50.223300067865324	61.74162293587015	81.59498657647296
5.2369124474269535	5.720217840373916	93.94861329278363	23.073780719934256	95.52793508013485	17.64304423020561	0.000495014881423718	48.33057152594409	61.48186883517858	81.17814397801475
5.2590500865415	5.724467047390224	93.68518516580558	23.069548015057354	95.84418706748552	17.866686704748112	0.000495014881423718	46.54172831612015	61.22319076920937	80.7540483833543
5.280375804173021	5.728882483723184	93.42286543145377	23.065351835526005	96.14884017650725	18.099078090693375	0.000495014881423718	44.85070018626408	60.96558243106521	80.3234675901389
5.300933911008496	5.733451346523307	93.16164950981751	23.0611937326985	96.44252741701403	18.339544553857728	0.000495014881423718	43.251775782728835	60.70903770171515	79.88711930875735
5.3207661314520065	5.738161622850495	92.90153284687638	23.057075106881733	96.72584485192132	18.587453834236058	0.000495014881423718	41.73958137109667	60.45355063871677	79.4456742015597
5.339911756508553	5.7430020423986745	92.642510913765	23.05299721721035	96.99935378130057	18.842212757824477	0.000495014881423718	40.30906082025995	60.19911546562297	78.9997587405816
5.358407787579554	5.747962033039393	92.38457920608197	23.04896119092383	97.26358279660059	19.103264896809673	0.000495014881423718	38.955456777231724	59.945726562033634	78.54995789421966
5.376289071723987	5.753031679012415	92.1277332432403	23.044968032078515	97.51902971294962	19.370088369074008	0.000495014881423718	37.67429296009069	59.69337845425285	78.09681765330274
5.39358842891581	5.758201681598628	91.8719685678563	23.04101862972991	97.76616338711852	19.642193768348353	0.000495014881423718	36.461357499529626	59.442065806512936	77.64084740656186
5.410336771798456	5.763463322119743	91.61728074517544	23.037113765618678	98.00542542829919	19.919122216828118	0.000495014881423718	35.31268726337655	59.19178341273086	77.18252217494455
5.426563218323476	5.768808427144724	91.36366536253203	23.033254121386058	98.23723180722806	20.20044353393238	0.000495014881423718	34.22455311337261	58.942526188768	76.72228471206456
5.442295197679432	5.7742293357768295	91.11111802884164	23.029440285345803	98.46197436945597	20.485754514569482	0.000495014881423718	33.19344604098763	58.694289165165074	76.2605474784466
5.457558549977582	5.779718868876474	90.85963437412343	23.025672758843722	98.68002225942956	20.774677309287608	0.000495014881423718	32.216064121136945	58.44706748031863	75.7976944983603
5.472377620033208	5.785270300114751	90.60921004905066	23.021951962227384	98.89172326022421	21.06685790077591	0.000495014881423718	31.289300239402223	58.20085637407469	75.33408310562936
5.48677534557387	5.790877328754752	90.35984072452841	23.01827824044805	99.09740505366224	21.361964671302278	0.000495014881423718	30.410230549336113	57.95565118171649	74.87004558466273
5.500773340206073	5.796534054057838	90.11152209129592	23.014651868316935	99.29737640555086	21.659687055675207	0.000495014881423718	29.576103616424323	57.71144732832191	74.40589071295261
5.514391971469849	5.802234951212534	89.86424985955347	23.01107305543768	99.49192828074766	21.959734274343408	0.000495014881423718	28.78433020551627	57.468240323468414	73.9419052112551
5.5276504342835056	5.807974848692387	89.61801975860827	23.007541950835204	99.68133489237131	22.26183414170412	0.000495014881423718	28.032473672136042	57.22602575626011	73.47835510713868
5.540566820070152	5.813748906952004	89.37282753654523	23.004058647300386	99.86585468932341	22.56573194484183	0.000495014881423718	27.318240919432984	56.984799290663084	73.01548701741689
5.553158181744104	5.819552598406302	89.1286689599139	23.000623185462302	100.04573128466559	22.871189389804897	0.000495014881423718	26.639473897467624	56.74455666112889	72.55352935279782
5.565440594851461	5.825381688601447	88.88553981343495	22.997235557607734	100.2211943290564	23.177983610602034	0.000495014881423718	25.99414160624645	56.50529366848979	72.09269345031215
5.577429215109909	5.831232218501488	88.64343589972353	22.993895711264166	100.39246033274851	23.48590623691996	0.000495014881423718	25.380332570405777	56.26700617610672	71.63317463813178
5.589138332539787	5.837100487831078	88.40235303902863	22.990603552559097	100.55973343888964	23.794762517424687	0.000495014881423718	24.796247760376918	56.02969010625659	71.17515323639878
5.600581422378473	5.842983039414708	88.16228706898733	22.98735894936839	100.72320615087085	24.104370495510484	0.000495014881423718	24.240193934871407	55.79334143674502	70.7187954976819
5.611771192970066	5.848876644452848	87.92323384439351	22.984161734266465	100.88306001646504	24.41456023435996	0.000495014881423718	23.710577379526075	55.557956197731144	70.26425449067867
5.622719630822019	5.854778288675551	87.68518923697945	22.98101170729105	101.03946627149296	24.725173088186423	0.000495014881423718	23.205898016601022	55.323530468750455	69.81167093077276
5.633438043003954	5.860685159319129	87.44814913520963	22.97790863853414	101.19258644552059	25.036061016795806	0.000495014881423718	22.72474386276533	55.09006037592321	69.36117396074837
5.643937097061777	5.866594632872154	87.2121094440869	22.974852270570704	101.34257293206092	25.347085940639207	0.000495014881423718	22.265785812285554	54.857542089337095	68.9128818849254
5.654226858543134	5.872504263561062	86.97706608496856	22.971842320731447	101.48956952465174	25.658119134792297	0.000495014881423718	21.827772733040675	54.62597182059549	68.466902858517
5.6643168262931525	5.878411772525988	86.74301499539324	22.968878483230213	101.63371192108058	25.96904065926205	0.000495014881423718	21.40952685453138	54.39534582052154	68.02333553520909
5.674215965679348	5.884315037637533	86.50995212891715	22.965960431156624	101.77512819802622	26.2797388230276	0.000495014881423718	21.00993942706636	54.16566037700607	67.58226967595247
5.683932739854065	5.890212083920873	86.27787345495938	22.963087818341084	101.91393925766504	26.5901096800455	0.000495014881423718	20.62796663792872	53.93691181299187	67.14378672100828
5.69347513916209	5.8961010745537985	86.04677495865529	22.960260281099284	102.05025924777968	26.900056555462637	0.000495014881423718	20.262625770418698	53.70909648458639	66.70796032727215
5.702850708801073	5.901980302405303	85.81665264071798	22.95747743986344	102.18419595690801	27.209489600278626	0.000495014881423718	19.912991591670817	53.4822107792955	66.27485687290462
5.712066574842369	5.907848182081316	85.58750251730733	22.954738900707245	102.31585118606938	27.51832537270036	0.000495014881423718	19.57819295514248	53.256251114370905	65.84453593129429
5.72112946871826	5.913703242444746	85.35932061990573	22.952044256771725	102.4453210985821	27.826486444459828	0.000495014881423718	19.25740960389641	53.03121393526303	65.4170507163469
5.7300457502711755	5.919544119580166	85.13210299519932	22.94939308959821	102.57269654933805	28.133901030534624	0.000495014881423718	18.94986916214697	52.80709571417233	64.9924485009
5.947740960577702	5.925806719228141	84.90584570522226	22.946785564888533	102.67503612641336	28.46351153832275	0.000495014881423718	0.00015478209160026723	52.583892355622034	64.54894228301741
7.630516220016129	5.933950778545356	84.68054485683531	22.94423733787758	102.6750338576906	28.892146239228797	0.000495014881423718	0.00015478209160026723	52.361584350256756	64.01432796660919
10.98786480634303	5.942027530765385	84.4561966380276	22.941755876079014	102.67503158896784	29.317238461335585	0.000495014881423718	0.00015478209160026723	52.140160441066	63.48641726567948
16.00342263118096	5.950037818571121	84.23279725818749	22.939339934673697	102.67502932024509	29.738832556374334	0.000495014881423718	0.00015478209160026723	51.919618087338655	62.96510580512683
22.652743427281234	5.95798247153252	84.01034293763595	22.93698829062813	102.67502705152232	30.156972185921653	0.000495014881423718	0.00015478209160026723	51.6999547375323	62.45029095477851
30.90341782741438	5.965862306325795	83.788829907672	22.93469974231882	102.67502478279957	30.571700332936143	0.000495014881423718	0.00015478209160026723	51.48116782969333	61.94187179964922
40.71523137661779	5.973678126948857	83.5682544106166	22.932473109163112	102.6750225140768	30.983059313097318	0.000495014881423718	0.00015478209160026723	51.26325479186929	61.4397491107107
52.04036053182182	5.981430724933096	83.34861269985474	22.930307231256357	102.67502024535405	31.39109078595198	0.000495014881423718	0.00015478209160026723	51.04621304251289	60.94382531616101
64.82360575003804	5.989120879551548	83.12990103987565	22.928200969015315	102.67501797663128	31.79583576587051	0.000495014881423718	0.00015478209160026723	50.83003999087812	60.45400447318624
79.00266054237288	5.9967493580235125	82.91211570631168	22.926153202827678	102.67501570790853	32.19733463281604	0.000495014881423718	0.00015478209160026723	50.61473303740874	59.97019224020621
88.5840959679055	6.004317214897272	85.9990951903087	22.92438390836867	97.53729951153053	32.5956428893298	1292.5009829181292	0.00015478209160026723	53.69731664864232	59.50333467356796
93.25846080192672	6.011829442737075	90.9903151848085	22.923726854892685	89.41085739985918	32.99102330195102	1134.0734026788402	0.00015478209160026723	58.67922987017505	59.09487060777837
97.20794565452739	6.019293579897832	95.25345056493512	22.924147547005443	82.3843594439879	33.383872626201416	977.2481389158596	0.00015478209160026723	62.93343614563799	58.742698355378366
100.5601198471756	6.0267162186830765	98.87478097790083	22.925485991035824	76.32841019289008	33.77453782542486	842.6700287571304	0.00015478209160026723	66.54620258170117	58.438488617634974
103.4037580672641	6.034102969784147	101.9477003730421	22.927604468710207	71.10192903835666	34.16331419916536	728.02944123074	0.00015478209160026723	69.61087415601943	58.17507494630077
105.81565918408293	6.041458604629784	104.55431248461797	22.930385640697217	66.58078353859476	34.550452875251494	630.6739438522235	0.00015478209160026723	72.2095078282638	57.946351803369225
107.86117754331703	6.048787180804712	106.76510202815383	22.933729830232654	62.65837738531598	34.93616741077406	548.038351701342	0.00015478209160026723	74.41254710371332	57.7471324713946
109.59539550809993	6.056092149724633	108.63977267487374	22.937552411386083	59.24442406490213	35.320639459190964	477.81201073282585	0.00015478209160026723	76.27966094160404	57.573013083069924
111.06450682795173	6.0633764479291985	110.22852502936166	22.941781462421773	56.26302986534979	35.70402357522071	417.9914934147622	0.00015478209160026723	77.86102152389167	57.4202507246262
112.30717306084865	6.070642573964273	111.57341961475821	22.94635573286667	53.650635931424915	36.08645126127726	366.8773171649504	0.00015478209160026723	79.19866654879353	57.28565794511761
113.35574906545354	6.077892652926358	112.70965875657984	22.951222918679274	51.3540773992989	36.46803436454492	323.04574855657506	0.00015478209160026723	80.32778027734545	57.16651328764334
114.23734437287506	6.085128490607469	113.66672066794008	22.9563382162582	49.328863993603825	36.848867926708664	285.31244658721045	0.00015478209160026723	81.27782679808527	57.0604862825342
114.9747195786945	6.0923516189510565	114.46932973820026	22.961663118157183	47.537707989148785	37.22903257637115	252.69551436684517	0.00015478209160026723	82.07351958088088	56.96557496030386
115.58703290493267	6.099563334281284	115.1382705282971	22.96716441322796	45.949288959692694	37.608596541119965	224.3817824375067	0.00015478209160026723	82.73563484537794	56.88005394733115
116.09045648865158	6.106764729532465	115.69106287698726	22.97281335717946	44.5372292713818	37.987617343813724	199.6973999518699	0.00015478209160026723	83.28168614751237	56.802431382346974
116.49868304894615	6.113956721496894	116.14251810522042	22.978584984016443	43.279250139808326	38.36614323667834	178.08306598258247	0.00015478209160026723	83.72648016088179	56.73141312597469
116.82334132968937	6.121140073930938	116.5051957367193	22.984457533411735	42.15647882103684	38.74421441741751	159.07339060473754	0.00015478209160026723	84.08257305719279	56.66587297403706
117.07433675321046	6.1283154172100405	116.78977801605231	22.99041197329092	41.1528807026973	39.121864063686	142.27996269876218	0.00015478209160026723	84.3606447532545	56.60482780404127
117.26013085898695	6.1354832651000635	117.00537706001553	22.996431600584202	40.254793751953514	39.49911921579245	127.37749360538498	0.00015478209160026723	84.56980584773547	56.547416774204294
117.38797089728389	6.142644029111147	117.15978701447071	23.00250170620153	39.450546512736445	39.87600153216528	114.09253552625839	0.00015478209160026723	84.71784960905072	56.492883854516364
117.46407878098779	6.149798030817791	117.259691406483	23.00860929285488	38.730144158739854	40.25252793777817	102.19428137205514	0.00015478209160026723	84.81145919523729	56.440563101851765
117.49380695827439	6.156945512461377	117.31083398855421	23.01474283645361	38.08500998718327	40.628711182177476	91.48707897975541	0.00015478209160026723	84.8563783953096	56.389866199608825
117.48176721024262	6.164086646096405	117.31815981322221	23.02089208350737	37.50777210882733	41.00456032086309	81.80429262987585	0.00015478209160026723	84.85755262446554	56.34027187054509
117.43193743736164	6.17122154149685	117.28593196285158	23.027047878355294	36.9920870891022	41.38008113141287	73.00333137468328	0.00015478209160026723	84.8192455933093	56.29131684291915
117.3477502092064	6.178350253002272	117.21782834329578	23.033202015158192	36.532493840672196	41.75527647380348	64.9615270749643	0.00015478209160026723	84.74513605602519	56.24258810779299
117.23216638359692	6.185472785453147	117.11702207197322	23.039347110493832	36.1242924051713	42.13014660279697	57.57274993148872	0.00015478209160026723	84.63839816514877	56.19371625203125
117.0877363528564	6.192589099340144	116.98624832009703	23.04547649312513	35.763443282370424	42.50468943895469	50.74461049932633	0.00015478209160026723	84.50176829039077	56.144369689245956
116.91665098548135	6.199699115271425	116.8278599164736	23.051584108100293	35.446483805660804	42.87890080375902	44.39612862354263	0.00015478209160026723	84.33760060715862	56.09424964143996
116.72078396902576	6.206802717845136	116.64387357249853	23.057664432821003	35.17045874431509	43.25277462342799	38.45579238326539	0.00015478209160026723	84.14791331305108	56.04308574879002
116.50172684672762	6.213899758999983	116.43600823583142	23.063712403100016	34.93286284870351	43.62630310526204	32.85989956775322	0.00015478209160026723	83.93442697877352	55.990632204998384
116.26081792288217	6.2209900609047795	116.20571677657665	23.069723347541515	34.731593517220944	43.99947688972499	27.551167272421544	0.00015478209160026723	83.69859623656163	55.93666433183352
115.99916585158954	6.228073418437967	115.95421198350893	23.075692928829376	34.56491210783975	44.372285180945475	22.477528159974835	0.00015478209160026723	83.44163578311291	55.88097551956709
115.71766862894724	6.235149601299269	115.68248764511306	23.081617090710942	34.43141272631746	44.74471585785612	17.59108603676442	0.00015478209160026723	83.16454147145879	55.82337447058037
115.4170285123229	6.242218355788461	115.39133533116384	23.08749200962618	34.32999756544215	45.1167555678136	12.847184699193726	0.00015478209160026723	82.86810710732261	55.7636826918828
115.09776333231822	6.249279406279658	115.08135734819791	23.093314050060183	34.25985808719898	45.488389804192366	8.203586179798815	0.00015478209160026723	82.55293742329076	55.701732189022756
114.72739775122136	6.256332456239731	114.74725995204412	23.099079502582068	34.22934570470616	45.85960295998563	0.0005565262923253089	0.00015478209160026723	82.21375294357452	55.637352317113574
113.60987607077294	6.263377182195589	114.39502691314915	23.104783241675452	34.229343025816185	46.230378010293926	0.0005565262923253089	0.00015478209160026723	81.85653061025282	55.570302973989875
111.40771772767955	6.270413243252009	114.04432427229902	23.11042482346059	34.2293403469262	46.60069701326345	0.0005565262923253089	0.00015478209160026723	81.50089765353098	55.50057901042565
108.16380445241336	6.2774403045118055	113.69514522171292	23.116005160515193	34.22933766803622	46.97054234272641	0.0005565262923253089	0.00015478209160026723	81.14684636846043	55.42824280016597
103.94130353135931	6.284458038907714	113.34748298659011	23.121525150422823	34.22933498914624	47.33989678461634	0.0005565262923253089	0.00015478209160026723	80.79436909797096	55.35335557575208
98.82243776852837	6.291466127059079	113.00133082490507	23.126985676027296	34.22933231025626	47.708743529425014	0.0005565262923253089	0.00015478209160026723	80.44345823241257	55.275977448407446
92.90688439939494	6.298464257131028	112.6566820272049	23.13238760568272	34.229329631366284	48.077066164790736	0.0005565262923253089	0.00015478209160026723	80.09410620910359	55.19616742758124
86.30983412223418	6.305452124696097	112.31352991640888	23.13773179349927	34.229326952476306	48.44484866821546	0.0005565262923253089	0.00015478209160026723	79.74630551188547	55.11398344015535
79.15974802749615	6.312429432598281	111.97186784760957	23.143019079584754	34.22932427358632	48.812075399909304	0.0005565262923253089	0.00015478209160026723	79.40004867068306	55.02948234932043
71.5958561857192	6.319395890819443	111.6316892078756	23.148250290282046	34.229321594696344	49.17873109575994	0.0005565262923253089	0.00015478209160026723	79.05532826107101	54.94271997312673
63.76544636943059	6.326351216348063	111.29298741605686	23.153426238402442	34.22931891580636	49.54480086042418	0.0005565262923253089	0.00015478209160026723	78.71213690384634	54.853751102715506
55.8209960865839	6.333295133050273	110.95575592259108	23.158547723455065	34.22931623691638	49.910270160540456	0.0005565262923253089	0.00015478209160026723	78.37046726460642	54.7626295202362
47.91720353800257	6.340227371543131	110.61998820931264	23.1636155318723	34.229313558026405	50.2751248180593	0.0005565262923253089	0.00015478209160026723	78.03031205333329	54.669408016455066
40.207975068816516	6.347147669070134	110.28567778926234	23.168630437231403	34.22931087913642	50.639351003691054	0.0005565262923253089	0.00015478209160026723	77.69166402398257	54.574138408060165
32.84342835554813	6.354055769378874	109.95281820650004	23.17359320047231	34.22930820024644	51.00293523046685	0.0005565262923253089	0.00015478209160026723	77.35451597407916	54.4768715546685
25.96696901741392	6.360951422600851	109.62140303591808	23.178504570111716	34.229305521356466	51.36586434741303	0.0005565262923253089	0.00015478209160026723	77.01886074431734	54.37765737553982
19.712498562565116	6.367834385133376	109.29142588305695	23.183365282453494	34.22930284246648	51.728125533335394	0.0005565262923253089	0.00015478209160026723	76.68469121816672	54.27654486600252
14.201806714757458	6.374704419523538	108.96288038392238	23.188176061795534	34.229300163576504	52.089706290712314	0.0005565262923253089	0.00015478209160026723	76.35200032148349	54.17358211359645
9.54219993845258	6.381561294354199	108.63576020480428	23.192937620633018	34.229297484686526	52.45059443969449	0.0005565262923253089	0.00015478209160026723	76.02078102212661	54.06881631393752
5.8380823755616476	6.387802318173426	108.31005904202883	23.197650288112037	34.26101502752123	52.779069377548566	0.0005565262923253089	54.972180642820256	75.69102670051535	53.99239849692682
3.4130026126497626	6.371258042525449	107.98577048598729	23.202210380756647	35.49447964222897	51.90831802765501	0.0005565262923253089	295.82572936921093	75.36283443635752	55.04761691155602
1.8988869806991158	6.330642227469318	107.6628872372079	23.206333808951637	38.00617787299647	49.770643551016576	0.0005565262923253089	443.1757110586626	75.03648046732121	57.284579074112216
1.4320722774908938	6.2779076704341925	107.34140096592853	23.209830142619335	41.172912343810054	46.9951405491679	0.0005565262923253089	484.58372567597223	74.7121465302483	60.096123609253496
1.6517536855301143	6.226039796447798	107.0213028608761	23.212650398840943	44.31276688825596	44.26525244462079	0.0005565262923253089	457.42879747341067	74.38987271660156	62.830530119653574
1.8592401412538317	6.177844050657379	106.70258417177789	23.214834738615725	47.27685911288049	41.72863424512505	0.0005565262923253089	431.860577321997	74.0696102127363	65.34953439791356
2.0551464449900725	6.133097700778553	106.38523637938458	23.21642861194564	50.075520594826784	39.373563198871075	0.0005565262923253089	407.79531196049044	73.75130515712429	67.66654555835078
2.2401531472843033	6.091591241318058	106.0692511891275	23.217474651054783	52.71847348474437	37.1890127009503	0.0005565262923253089	385.14399578501786	73.43490672462306	69.79417048683254
2.4149004980578153	6.053127654318331	105.75462051847485	23.218012839467818	55.21486421008025	35.16461338517517	0.0005565262923253089	363.8229020076939	73.1203669451164	71.7442592574707
2.57999083675727	6.0175216676009216	105.4413364850426	23.21808067101618	57.573297620072466	33.29061408425887	0.0005565262923253089	343.75326946600745	72.80764053296011	73.52795017075925
2.735990840709987	5.984599057031348	105.12939139541626	23.21771329938177	59.80186910511128	31.557845106912914	0.0005565262923253089	324.8610080137784	72.49668472658092	75.15571211751761
2.883433640085592	5.954195990197127	104.81877773464025	23.216943678739273	61.90819481047706	29.957683694585512	0.0005565262923253089	307.07642139279585	72.18745913762532	76.63738442710368
3.0228208073648988	5.926158409045805	104.5094881563356	23.215802696024674	63.8994400573243	28.48202152872645	0.0005565262923253089	290.333946549733	71.87992560909234	77.9822143489399
3.154624228770787	5.900341449168354	104.20151547340879	23.21431929532799	65.7823460774084	27.123234166755356	0.0005565262923253089	274.57190842139914	71.57404808191656	79.19889230797803
3.2792878647005845	5.876608893542258	103.89485264931562	23.21252059488019	67.56325516211982	25.874152291697634	0.0005565262923253089	259.73228926580964	71.26979246949602	80.29558506689293
3.3972294057045254	5.85483265870225	103.58949278984795	23.21043199707153	69.24813431931896	24.728034668539337	0.0005565262923253089	245.76051168141484	70.96712653969662	81.27996691846033
3.5088418302144766	5.834892311412365	103.28542913541214	23.20807729191552	70.84259752660398	23.678542705913816	0.0005565262923253089	232.6052345014312	70.66601980388843	82.1592490251541
3.614494869835337	5.816674614034687	102.98265505376854	23.20547875434672	72.35192666404484	22.71971652814129	0.0005565262923253089	220.21816080157734	70.36644341259623	82.94020701559815
3.714536387728184	5.80007309687796	102.6811640332071	23.20265723572167	73.78109120537123	21.84595246726091	0.0005565262923253089	208.55385729661992	70.06837005737027	83.62920694218195
3.8092936752356623	5.784987655927037	102.38094967613024	23.19963224986677	75.13476674119234	21.05198189089655	0.0005565262923253089	197.56958445077981	69.77177387850604	84.23222969698314
3.899074671574366	5.771324174455066	102.08200569302063	23.196422053995434	76.41735240317382	20.332851287108618	0.0005565262923253089	187.22513666971236	69.47663037826824	84.75489397701479
3.984169111167752	5.758994167098443	101.78432589676993	23.193043724799804	77.63298725450791	19.683903531496856	0.0005565262923253089	177.48269197471143	69.18291633929113	85.20247788506445
4.064849602878572	5.747914445072079	101.4879041973491	23.189513230001563	78.78556570751962	19.10076026695138	0.0005565262923253089	168.306670600993	68.89060974785141	85.57993924647054
4.141372645234604	5.738006801254206	101.19273459679434	23.185845495634975	79.8787520268915	18.57930532916857	0.0005565262923253089	159.66360198360246	68.59968972171552	85.89193471903486
4.2139795814776155	5.729197713951149	100.89881118449834	23.182054469318214	80.91599397322024	18.1156691553235	0.0005565262923253089	151.52199962899567	68.31013644229513	86.14283776834952
4.2828974979095475	5.721418068263915	100.6061281327801	23.178153179744598	81.90053563653356	17.706214119153287	0.0005565262923253089	143.85224341707902	68.02193109085337	86.33675557403052
4.348340068979529	5.714602893987095	100.31467969272258	23.174153792623937	82.83542950896188	17.347520736162743	0.0005565262923253089	136.62646888239883	67.7350557885212	86.47754493183845
4.410508352208254	5.708691119078852	100.02446019025923	23.170067663280538	83.72354784080079	17.036374688360443	0.0005565262923253089	129.81846306870202	67.44949353989848	86.56882721008068
4.469591535932033	5.703625337775957	99.73546402249598	23.16590538610712	84.56759332256908	16.769754619787072	0.0005565262923253089	123.4035665660346	67.16522818002838	86.61400241655456
4.525767642719537	5.6993515924681475	99.44768565425329	23.16167684106504	85.37010913381914	16.544820656218143	0.0005565262923253089	117.35858135650324	66.88224432453877	86.61626242984107
4.579204191111667	5.695819168508808	99.16111961481666	23.157391237407825	86.13348839656383	16.358903605726564	0.0005565262923253089	111.66168412135634	66.60052732276289	86.57860344494722
4.630058818044695	5.692980401229327	98.87576049488146	23.153057154785518	86.85998306703567	16.20949480154334	0.0005565262923253089	106.29234470010535	66.32006321366819	86.50383767780598
4.678479864397488	5.690790494399241	98.59160294368183	23.148682581892853	87.55171230064701	16.094236547328354	0.0005565262923253089	101.23124938181753	66.04083868441973	86.394604374677
4.724606925787949	5.689207349472393	98.30864166629203	23.144274952803055	88.21067032051074	16.010913130125786	0.0005565262923253089	96.46022875008657	65.76284103142572	86.25338016652945
4.7685713706592985	5.688191404985559	98.02687142108988	23.1398411811235	88.83873381867288	15.957442367660843	0.0005565262923253089	91.96218981426823	65.48605812371852	86.08248880689342
4.81049682764498	5.687705485492081	97.74628701737291	23.135387692106026	89.43766891846833	15.931867657477786	0.0005565262923253089	87.72105216635227	65.21047836852941	85.88411033069364
4.850499644089753	5.687714659447554	97.4668833131178	23.130920452837177	90.00913772482222	15.93235049723951	0.0005565262923253089	83.72168791742227	64.93609067892237	85.66028966947754
4.888689317346414	5.688186105544852	97.18865521287398	23.12644500061646	90.55470448563167	15.957163449728906	0.0005565262923253089	79.94986520148602	64.66288444337037	85.4129447535767
4.925168900469733	5.6890889869949675	96.91159766578483	23.12196646963089	91.07584138739337	16.00468352605075	0.0005565262923253089	76.39219503416562	64.39084949715921	85.1438741317925
4.960035383890066	5.6903943332624225	96.63570566372721	23.117489616031403	91.57393400768385	16.073385961179948	0.0005565262923253089	73.03608131887778	64.11997609550438	84.85476413844536
4.99338005442162	5.692074928834583	96.36097423956299	23.113018841501535	92.05028644384889	16.161838359714757	0.0005565262923253089	69.86967382293854	63.850254888284475	84.547195633344
5.025288832947473	5.694105208608151	96.0873984654969	23.10855821540802	92.50612613707537	16.268695189902477	0.0005565262923253089	66.88182394770985	63.581676896295875	84.22265033999001
5.055842592089417	5.696461159486845	95.81497345153122	23.104111495620455	92.9426084105317	16.392692604570627	0.0005565262923253089	64.062043121385	63.31423348893249	83.88251680667697
5.085117455091952	5.699120227808471	95.54369434401548	23.09968214808221	93.36082073913936	16.532643568866735	0.0005565262923253089	61.40046365329412	63.04791636320644	83.52809601368338
5.113185076968554	5.702061232276122	95.27355632428186	23.095273365202402	93.76178676594795	16.687433277690506	0.0005565262923253089	58.887801912399084	62.78271752403098	83.16060664631043
5.14011290893333	5.705264282075816	95.00455460736359	23.090888083137248	94.14647007973046	16.856014846095395	0.0005565262923253089	56.515323695890764	62.51862926569454	82.78119005306795
5.165964447199104	5.708710699844959	94.73668444079014	23.086528998032886	94.51577776924152	17.037405254997672	0.0005565262923253089	54.27481164622767	62.25564415444795	82.3909149093927
5.190799467011999	5.712382949221566	94.46994110345487	23.08219858128775	94.8705637665686	17.230681537976977	0.0005565262923253089	52.158534602598905	61.99375501214243	81.99078160330556
5.214674242776321	5.716264566709144	94.20431990455087	23.077899093891386	95.21163199177319	17.434977195217954	0.0005565262923253089	50.15921877492453	61.73295490085735	81.58172635910844
5.237641755121092	5.720340097592934	93.93981618257165	23.073632599896563	95.5397393109842	17.649478820680564	0.0005565262923253089	48.27002062882639	61.47323710845777	81.16462511517801
5.259751885710012	5.724595035658716	93.67642530436974	23.069400979078086	95.85559831939734	17.873422929405912	0.0005565262923253089	46.48450137651259	61.2145951350212	80.74029717096512
5.2810516005541555	5.729015766478248	93.41414266427442	23.065205938829028	96.15987996002796	18.106092972539248	0.0005565262923253089	44.79660297405156	60.95702268008481	80.30950861753547
5.301585122394664	5.7335895140854936	93.1529636832606	23.061049025332117	96.45321598632096	18.3468165308153	0.0005565262923253089	43.200625550725185	60.70051363066674	79.87297556232765
5.321394092872154	5.7383042908209605	92.8928838081684	23.056931634054145	96.73620127885653	18.594962674787233	0.0005565262923253089	41.69120617652281	60.44506205001382	79.43136716165573
5.340517725111682	5.743148850149041	92.63389851096932	23.052855019605282	97.0093960251355	18.84993948152828	0.0005565262923253089	40.26329888537803	60.190662167029565	78.98530847280864
5.358992947249975	5.748112642284806	92.37600328807642	23.048820304998422	97.27332776996825	19.111191699200145	0.0005565262923253089	38.912155885125316	59.937308366344894	78.5353831356774
5.3768545374304475	5.753185772467136	92.11919365969644	23.044828490343598	97.528493343975	19.3781985509017	0.0005565262923253089	37.633309885311036	59.684995178994434	78.08213589381954
5.394135250791191	5.758358961715226	91.8634651692189	23.040880461012403	97.77536067769991	19.650471669222274	0.0005565262923253089	36.422557474045696	59.433717273658765	77.62607496485532
5.410865938940836	5.76362350991466	91.60881338264504	23.036976995305583	98.01437050840912	19.92755315340298	0.0005565262923253089	35.2759434790246	59.18346944844216	77.16767426954269
5.427075662396451	5.76897126108612	91.35523388804701	23.033118771655154	98.24593798634649	20.209013741374587	0.0005565262923253089	34.18974625060909	58.93424662314514	76.70737552844827
5.442791796320967	5.7743945707317845	91.10272229506175	23.02930637538372	98.47045418526814	20.49445109114641	0.0005565262923253089	33.160463822723976	58.686043832013596	76.24559023259323
5.458040129977998	5.779886275129785	90.85127423441448	23.025540305048725	98.68828752322572	20.783488164725373	0.0005565262923253089	32.18480089682091	58.43885621693148	75.78270149594348
5.472844960323814	5.785439662446439	90.60088535746999	23.021820978399667	98.89978509959452	21.075771707707176	0.0005565262923253089	31.259656593904754	58.19267902102785	75.319065797658
5.4872291800527995	5.79104844556803	90.35155133581135	23.018148737969312	99.10527395286576	21.370970819369827	0.0005565262923253089	30.382112933165168	57.94750758267627	74.85501462006066
5.501214360409893	5.796706736554895	90.10326786084268	23.014523856319745	99.30506224368138	21.66877560815218	0.0005565262923253089	29.549423996142288	57.7033373298628	74.39085598823904
5.514820829083245	5.802409022620524	89.85603064341659	23.010946540964213	99.4994403675864	21.968895927395845	0.0005565262923253089	28.759005735370078	57.46016377490216	73.92687591718091
5.52806774348792	5.808150143539282	89.60983541348259	23.007416938985344	99.6886820019389	22.271060186277836	0.0005565262923253089	28.00842638677842	57.21798250947787	73.4633397722997
5.540973159723416	5.8139252703949555	89.36467791975552	23.00393514136865	99.8730450910174	22.575014231313286	0.0005565262923253089	27.295397448796212	56.97678919998649	73.00049354868132
5.553554097475303	5.819729885586146	89.12055392940572	23.000501187069272	100.05277277318723	22.88052029400752	0.0005565262923253089	26.617765192726527	56.7365795831697	72.53856507415286
5.56582660102495	5.825559764037807	88.87745922776483	22.997115066822847	100.2280942524679	23.187356001989716	0.0005565262923253089	25.97350268292798	56.49734946201754	72.07776513924848
5.57780579665581	5.831410955529255	88.63538961805	22.99377672671973	100.39922561862305	23.49531344890797	0.0005565262923253089	25.360702268986618	56.259094701926	71.61828855952035
5.589505946677595	5.837279768070003	88.39434092110378	22.99048607155729	100.56637061893426	23.804198319473667	0.0005565262923253089	24.777568520882966	56.02181122709189	71.16031517436092
5.600940500249139	5.843162752267346	88.15430897514875	22.987242967982265	100.72972138424201	24.113829066702237	0.0005565262923253089	24.222411583462915	55.78549501713181	70.70401078574265
5.612122141180959	5.849056686629472	87.9152896355568	22.984047247435274	100.88945911183944	24.42403613839312	0.0005565262923253089	23.693640926493625	55.550142103913295	70.24952804028676
5.623062832898583	5.854958563747981	87.67727877463089	22.980898708909432	101.04575470780551	24.734661249893545	0.0005565262923253089	23.18975946658195	55.315748568583885	69.79700725806921
5.633773860747063	5.860865577303756	87.44027228139959	22.977797121535144	101.19876939135521	25.045556700197537	0.0005565262923253089	22.709358037311546	55.08231053878645	69.34657721156609
5.644265871800697	5.866775109845326	87.20426606142348	22.974742227001958	101.34865526354999	25.356584728701197	0.0005565262923253089	22.251110186105105	54.84982418604901	68.89835585782815
5.6545489123408235	5.87268472128919	86.9692560366116	22.971733741828242	101.49555584269466	25.667616909957193	0.0005565262923253089	21.81376727647885	54.61828572333628	68.45245102694916
5.664632463087616	5.878592138115444	86.7352381450486	22.96877135948446	101.63960656764884	25.978533585023172	0.0005565262923253089	21.3961538844249	54.387691402758215	68.00896106844745
5.674525472341208	5.884495243210503	86.50220834083137	22.9658547523803	101.78093527127157	26.28922332686837	0.0005565262923253089	20.99716346857164	54.158037513423814	67.56797545848644
5.684236387178624	5.89039206631148	86.27016259391455	22.962983573725406	101.9196626260918	26.599582437446156	0.0005565262923253089	20.61575429492782	53.92932037942987	67.12957537069293
5.693773182808058	5.8962807750207284	86.0390968899643	22.960157459270473	102.05590256365514	26.909514474775015	0.0005565262923253089	20.250945602909262	53.70153635797746	66.6938342124838
5.703143390181613	5.902159666359169	85.80900723021988	22.95737602893534	102.18976266899165	27.218929808377133	0.0005565262923253089	19.901813999397763	53.47468183760891	66.26081812880525
5.71235412196761	5.908027158827026	85.57988963136323	22.95463888833088	102.32134455164874	27.52774520142222	0.0005565262923253089	19.56749006758381	53.24875323655882	65.83058647518945
5.721412096983688	5.913881784940654	85.35174012539365	22.951945630181275	102.45074419473556	27.835883417928972	0.0005565262923253089	19.247155177338833	53.02374700120954	65.40319226202773
5.730323663190069	5.9197221842144385	85.12455475951235	22.949295835653402	102.57805228339816	28.14327285339131	0.0005565262923253089	18.940038484079082	52.79965960464924	64.97868257194486
5.9767378516087675	5.9260629854786515	84.89832959635943	22.9466898414338	102.67617880083364	28.476999235718235	0.0005565262923253089	0.0002471588694467251	52.57648678136247	64.53134279775396
7.715507681828512	5.934204817322581	84.67306074563464	22.94414379362194	102.67617673792573	28.905516701188223	0.0005565262923253089	0.0002471588694467251	52.35420853494237	63.99694881496446
11.128434479744689	5.942279369766998	84.44874439689843	22.941664470257937	102.67617467501782	29.33049314563123	0.0005565262923253089	0.0002471588694467251	52.13281429804397	63.46925502454334
16.19888328605512	5.950287485064743	84.22537675991181	22.939250627236422	102.67617261210991	29.75197289814412	0.0005565262923253089	0.0002471588694467251	51.912301529615725	62.94815710858042
22.902140290630083	5.9582299923628925	84.0029540553702	22.93690104222537	102.676170549202	30.169999598046708	0.0005565262923253089	0.0002471588694467251	51.69266767778881	62.43355249312029
31.205533256485896	5.966107707921852	83.78147251494804	22.93461451429065	102.67616848629409	30.584616206412992	0.0005565262923253089	0.0002471588694467251	51.473910180296365	61.92534031843645
41.0685907866599	5.973921435330656	83.56092838134344	22.9323898635271	102.67616642338618	30.995865017402657	0.0005565262923253089	0.0002471588694467251	51.25602646488615	61.423421409818545
52.443239582805596	5.981671965718652	83.3413179083194	22.93022593069585	102.67616436047827	31.403787669402437	0.0005565262923253089	0.0002471588694467251	51.039013949723675	60.9276982488564
65.27403875450028	5.989360077963539	83.12263736074446	22.92812157686798	102.67616229757036	31.808425155975435	0.0005565262923253089	0.0002471588694467251	50.82287004378848	60.43807494521852
79.49845004243164	5.996986538895864	82.90488301463164	22.92607568307421	102.67616023466245	32.20981783662411	0.0005565262923253089	0.0002471588694467251	50.60759214726249	59.95445720891365
88.75626701949685	6.004552451825518	86.17618480711253	22.924332514368647	97.25148652027569	32.608023780290104	1290.0416856419608	0.0002471588694467251	53.87410408457429	59.489003127152614
93.40073226649659	6.012062983074719	91.14378280415018	22.92371407708645	89.1606254245171	33.003314898669124	1128.475310623017	0.0002471588694467251	58.83240391922484	59.08255470058268
97.32874574439802	6.0195256601851375	95.38391880817792	22.92416774950584	82.1689032530071	33.39608737816486	972.4140475598579	0.0002471588694467251	63.06362381104953	58.732104466031295
100.66260390033011	6.026947040368475	98.98552166202839	22.925534228196288	76.14279087242484	33.786686335182594	838.5416986006821	0.0002471588694467251	66.65667408566033	58.4293593913867
103.49067876845102	6.034332704138572	102.04163929636093	22.92767651655106	70.9417243303493	34.175405480977254	724.5203154948724	0.0002471588694467251	69.70455367246447	58.16719062062041
105.88937423467841	6.041687397217382	104.63398395608183	22.930477907918654	66.44216097113296	34.56249459038832	627.6957187481016	0.0002471588694467251	72.28892819177915	57.93952553505965
107.92368120964395	6.049015155353378	106.83266359541877	22.93383926812979	62.53807397987663	34.94816607123025	545.509386562393	0.0002471588694467251	74.47986459809233	57.741205638816716
109.64836312898949	6.056319411423053	108.69704334427642	22.937676430859778	59.13968937156109	35.332600601213144	475.6604718063321	0.0002471588694467251	76.33669352636348	57.567850971832435
111.1093413970942	6.063603086210212	110.2770306223556	22.941917861083425	56.17155763020612	35.71595190580041	416.15596681909665	0.0002471588694467251	77.90929417292588	57.41573874365698
112.34504838784031	6.070868664843849	111.61443740663815	22.946502632696703	53.57049657591044	36.09835078125503	365.3060700508697	0.0002471588694467251	79.23945586221657	57.28169839263892
113.38764797671371	6.078118260965812	112.74425782655028	22.951378713528403	51.28365687545773	36.47990847188465	321.6956545314991	0.0002471588694467251	80.36215480341458	57.1630226281258
114.26409113388539	6.085353670559812	113.69579689832784	22.95650152801939	49.266810697952565	36.86071950314779	284.14769722856937	0.0002471588694467251	81.3066820062954	57.0573928729751
114.99700717654781	6.092576417144256	114.49363537323109	22.961832760341206	47.48288791060766	37.2408640602238	251.6864811081587	0.0002471588694467251	82.09760739809326	56.96281715984371
115.60544545652058	6.099787789783003	115.1584388274741	22.967339360744266	45.900748265358644	37.62040998857888	223.5038939730271	0.0002471588694467251	82.7555882901491	56.877578548059304
116.1054878789146	6.10698887513339	115.70762844602675	22.97299272126375	44.49416345556877	37.99941448070453	198.93029589371005	0.0002471588694467251	83.29803964547162	56.800192306513985
116.51075209879366	6.114180584543376	116.15593362928328	22.97876799139982	43.240978637188704	38.3779255022827	177.40981420498983	0.0002471588694467251	83.7396862653523	56.72937034281816
116.83280433123888	6.121363677032199	116.51584569309681	22.98464350897587	42.122424209574476	38.7559830016944	158.4798985208364	0.0002471588694467251	84.09301615181683	56.66399159717989
117.08149763270464	6.128538778840773	116.79798993221546	22.99060032558474	41.12255163571593	39.1336199389878	141.754429694397	0.0002471588694467251	84.3686523020262	56.603077337194314
117.26524963622414	6.135706400115372	117.01143073618371	22.99662180969056	40.22777098330442	39.51086316396666	126.91002947003105	0.0002471588694467251	84.57565761127015	56.5457704787556
117.39127056687538	6.14286694918798	117.16392211008761	23.002693313536042	39.42647140698481	39.88773416778821	113.67480784368986	0.0002471588694467251	84.72178522609892	56.491318217399076
117.46575099305971	6.150020744834333	117.26211368337772	23.00880189255619	38.70870924160838	40.264249728122564	101.81923429080445	0.0002471588694467251	84.81368442197713	56.43905738608879
117.49401674225693	6.15716802682396	117.31172045752203	23.014936068087437	38.065951161150586	40.64042246441871	91.14872181725633	0.0002471588694467251	84.85707024893628	56.38840206316983
117.48065684875358	6.164308965021828	117.31766299220749	23.021085625857538	37.49086221716856	41.01626131693805	81.49750772285351	0.0002471588694467251	84.85686363907136	56.338833041781605
117.429629706766	6.171443667256669	117.28418340175048	23.027241444116342	36.97713059301222	41.39177196087709	72.72373195755306	0.0002471588694467251	84.8173073429478	56.28988884297967
117.34435104287253	6.178572186134441	117.21494155200395	23.033395346377244	36.519322401713175	41.766957164970464	64.70532488408378	0.0002471588694467251	84.74206208146337	56.24115801213628
117.22776710726289	6.185694524945591	117.11309495205133	23.039539974636693	36.11276122079384	42.141817102399436	57.33665705555394	0.0002471588694467251	84.63428640460504	56.19227248455084
117.08241554189173	6.192810642790015	116.98136518775198	23.045668679662903	35.75342804131317	42.51634962052694	50.525756519650045	0.0002471588694467251	84.4967031018849	56.14290184364052
116.91047600285319	6.199920459023217	116.82209318574994	23.051775425530796	35.437878158725326	42.89055047490601	44.19198800138537	0.0002471588694467251	84.33165445131614	56.09274832537509
116.71381223608397	6.207023857110313	116.63728515387926	23.057854706053053	35.163172206867074	43.26441353212151	38.264120552103854	0.0002471588694467251	84.1411481515228	56.041542447133466
116.49400692109897	6.21412068796029	116.42865069229838	23.06390147114053	34.926819071342564	43.637930945278185	32.6786938500455	0.0002471588694467251	83.92689543029687	55.989039159008335
116.25239034326385	6.221210772801156	116.19763427895604	23.0699110614344	34.726728861136856	44.011093305323755	27.37861160365731	0.0002471588694467251	83.69034253245633	55.93501443165884
115.99006386098856	6.2282939056465265	115.94544108709547	23.07587914980287	34.561174491964714	44.38388977086959	22.311966396296185	0.0002471588694467251	83.4326965442038	55.879262207813916
115.70791871855802	6.235369855395695	115.67305791669015	23.081801688495908	34.42876070213841	44.75630817872047	17.43098038368824	0.0002471588694467251	83.15494633552281	55.821591655007474
115.40665086687561	6.242438367601786	115.38126983933348	23.087674860912742	34.32839960037796	45.128335136935725	12.69109322081558	0.0002471588694467251	82.85787921998039	55.761824665544545
115.0867721429856	6.249499165936369	115.0706730343585	23.09349503706386	34.259292030456564	45.49995610191368	8.050133763288096	0.0002471588694467251	82.54209380967488	55.69979355637145
114.70787792768812	6.256551953147868	114.73546168664616	23.099258468919114	34.23058588220559	45.871155428834626	0.0006386053124750362	0.0002471588694467251	82.20179961848964	55.63532578855917
113.55373317104984	6.263596404760513	114.38328020929296	23.10496008164923	34.23058327198259	46.24191604002648	0.0006386053124750362	0.0002471588694467251	81.84463086591148	55.56818384443284
111.31604467351228	6.270632179877895	114.03262890048302	23.110599568356623	34.23058066175958	46.61221999357294	0.0006386053124750362	0.0002471588694467251	81.48905122966664	55.49836942393327
108.03838602094946	6.277658943871972	113.68350095354994	23.116177841104562	34.23057805153658	46.98204967747176	0.0006386053124750362	0.0002471588694467251	81.1350530064321	55.42594486162625
103.78458160123199	6.284676369939723	113.33588959479962	23.12169579697091	34.230575441313576	47.35138789156387	0.0006386053124750362	0.0002471588694467251	80.7826285407468	55.35097135155611
98.63746377102271	6.291684138959882	112.98978808330703	23.127154318302352	34.23057283109057	47.72021783999329	0.0006386053124750362	0.0002471588694467251	80.43177022455515	55.273508967120286
92.69725989959079	6.298681939352228	112.6451897107125	23.132554272964313	34.23057022086757	48.08852312380098	0.0006386053124750362	0.0002471588694467251	80.08247049675425	55.19361668060107
86.0796406901008	6.305669466939272	112.30208780102221	23.137896514586565	34.23056761064456	48.45628773364544	0.0006386053124750362	0.0002471588694467251	79.73472184274974	55.1113523823614
78.9134677596817	6.312646424810409	111.96047571040822	23.143181882804665	34.230565000421564	48.823496042652664	0.0006386053124750362	0.0002471588694467251	79.38851679401512	55.02677289970955
71.33828442642107	6.319612523188383	111.620346827013	23.148411203497233	34.23056239019856	49.19013279938809	0.0006386053124750362	0.0002471588694467251	79.04384792766004	54.93993401543931
63.501598337508824	6.32656747929814	111.28169457075272	23.153585289019208	34.23055977997555	49.556183120954266	0.0006386053124750362	0.0002471588694467251	78.7007078660011	54.850890486050204
55.55600921623974	6.333511017237911	110.94451239312585	23.158704938431065	34.23055716975255	49.92163248620538	0.0006386053124750362	0.0002471588694467251	78.35908927614209	54.759696059654544
47.65623745394299	6.340442867852599	110.60879377702017	23.163770937724166	34.23055455952955	50.286466729083706	0.0006386053124750362	0.0002471588694467251	78.01898486955648	54.66640349357517
39.95611109656855	6.347362768609332	110.27453223652411	23.168784060042206	34.230551949306545	50.65067203206962	0.0006386053124750362	0.0002471588694467251	77.68038740167813	54.57106457164058
32.605570579165416	6.354270463475203	109.94172131673893	23.173745065898903	34.230549339083545	51.01423491974704	0.0006386053124750362	0.0002471588694467251	77.34328967149662	54.47373012118195
25.74774879262014	6.361165702797173	109.6103545935915	23.17865470339197	34.230546728860546	51.3771422524823	0.0006386053124750362	0.0002471588694467251	77.00768452115679	54.37445002973672
19.516184346361303	6.368048243184014	109.28042567365128	23.183513708413383	34.23054411863754	51.73938122021079	0.0006386053124750362	0.0002471588694467251	76.67356483556635	54.27327326146531
14.03222095874333	6.3749178473903765	108.95192819394632	23.188322804856117	34.23054150841454	52.100939336335124	0.0006386053124750362	0.0002471588694467251	76.34092354200577	54.170247873283884
9.402644594633358	6.381774284202828	108.62485582178313	23.19308270481729	34.23053889819153	52.46180443172732	0.0006386053124750362	0.0002471588694467251	76.00975360974593	54.065421030719925
5.736670838322711	6.3877614204636135	108.29920225442726	23.197793476287252	34.27560361509545	52.77691686650553	0.0006386053124750362	65.10930055707117	75.68004868077803	54.00160279117837
3.349272782105706	6.37021291477972	107.9749610678185	23.202343410484527	35.562162773513236	51.85331130419534	0.0006386053124750362	302.0942556103822	75.3519138296742	55.10652478523683
1.8637385303606535	6.328990646450489	107.65212492295208	23.206448268226865	38.10628027221204	49.68371823423582	0.0006386053124750362	446.5254539519644	75.02562540391696	57.37288108881529
1.4396692204935662	6.276102348428719	107.33068546438673	23.20992199701163	41.28173216463953	46.900123601511055	0.0006386053124750362	483.643555136496	74.70136074588291	60.1909824291421
1.6589126472624567	6.224361426959194	107.0106338754672	23.2127202748039	44.41551189158324	44.17691720837819	0.0006386053124750362	456.54512031265455	74.37915529008269	62.917942392231886
1.865998838637908	6.176284941508331	106.69196141301751	23.2148842072051	47.373886054089695	41.646575868859045	0.0006386053124750362	431.02885263002304	74.05895928723749	65.42996328483508
2.061528402536586	6.131650609876667	106.3746595655334	23.216459146813868	50.16716553835652	39.29740051982409	0.0006386053124750362	407.0124630769888	73.74071898075759	67.7404268468567
2.2461804964303824	6.090249358228753	106.05872004575419	23.217487634296667	52.80505259398219	37.11838727519708	0.0006386053124750362	384.40712852281786	73.42438364416874	69.8619138033923
2.420594059788305	6.051884574624215	105.74413477804545	23.218009567116994	55.2966749276668	35.09918813811612	0.0006386053124750362	363.1292938265717	73.10990540012776	71.80624962463541
2.5853701993242586	6.0163713687829965	105.43089588653395	23.218062358214404	57.65061977818042	33.23007204120989	0.0006386053124750362	343.1003592888545	72.79723905021866	73.58454947156683
2.741074432737706	5.983535875782833	105.11899568395316	23.217681085240333	59.874965969801096	31.501888199095987	0.0006386053124750362	324.2463866474934	72.48634191488262	75.20726047287148
2.8882387993404346	5.953214601083119	104.8084266611533	23.216898630911086	61.977314064125785	29.90603163595319	0.0006386053124750362	306.49782251724923	72.17717368287603	76.68420149139479
3.0273638454503136	5.925253804428007	104.49918147724111	23.215745815004546	63.96481472283835	28.434410759368355	0.0006386053124750362	289.78923824075014	71.86969626969672	78.0246005288234
3.1589204919804077	5.899508920322583	104.19125295030564	23.214251518496475	65.84419538755398	27.079416859082798	0.0006386053124750362	274.05908517719814	71.56387368443984	79.23712990869126
3.283351791254844	5.87584401289859	103.88463404870258	23.212442800306274	67.62178537718879	25.833895415714778	0.0006386053124750362	259.24946450735524	71.2596719045867	80.3299393703808
3.4010745795947313	5.854131263138462	103.57931788285613	23.210345007088893	69.30353949633003	24.691119112550158	0.0006386053124750362	245.30591069735377	70.9570587582503	81.3106871975181
3.5124810318576403	5.8342504865374005	103.27529769755441	23.20798187648612	70.89506024294302	23.64476244933641	0.0006386053124750362	232.17718781095675	70.65600381344096	82.18656949743256
3.6179401237294355	5.816088679403336	102.97256686470361	23.20537563422429	72.40161869825438	22.688877863332973	0.0006386053124750362	219.81509791037067	70.356478273931	82.96434774104421
3.717799007263846	5.799539592088282	102.67111887651797	23.202547085425536	73.82817417731738	21.81787326780381	0.0006386053124750362	208.17430082542427	70.05845488132931	83.65037466685918
3.8123843048569763	5.784503327540735	102.3709473391155	23.1995157004789	75.17939271436211	21.026490923196096	0.0006386053124750362	197.21214461135654	69.76190782299017	84.25061864690483
3.90200332643167	5.77088596369642	102.07204596649858	23.196299695790223	76.45966445114344	20.30978756296897	0.0006386053124750362	186.88850606945567	69.46681264541706	84.77068660468673
3.9869452144290207	5.758599198280046	101.7744085748949	23.19291610971776	77.67311999396273	19.663115698949312	0.0006386053124750362	177.16564072808322	69.17314617283103	85.2158455718822
4.067482020836322	5.747560014704998	101.47802907743713	23.189380873975946	78.82364579978133	19.082106037104648	0.0006386053124750362	168.00804172984814	68.88088643059952	85.59104296354401
4.143869720314173	5.737690367809471	101.18290147916179	23.18570888077862	79.91489864946493	18.562650937340024	0.0006386053124750362	159.38230709251025	68.59001257323624	85.90092564845413
4.216349163279653	5.728916888231589	100.88901987230774	23.18191404597921	80.95031926325748	18.100888854293633	0.0006386053124750362	151.25701483817417	68.3005048166947	86.14985788737758
4.285146972424803	5.721170604343235	100.59637843189735	23.178009368440218	81.9331451081882	17.693189702275006	0.0006386053124750362	143.6026055348238	68.01234437470727	86.34193820484583
4.3504763860574025	5.714386680691093	100.30497141158092	23.17400698585813	82.86642244579676	17.336141089004382	0.0006386053124750362	136.39127180634964	67.72551339892448	86.48101525834853
4.412538051416282	5.708504171966023	100.0147931397328	23.16991822725424	83.75301766520933	17.026535366632263	0.0006386053124750362	129.59685439795462	67.43999492263283	86.57070276440736
4.471520770884988	5.703465791593197	99.72583801577971	23.165753662326537	84.59562794333371	16.761357452272982	0.0006386053124750362	123.1947444138014	67.15577280783705	86.61439353666363
4.527602203944592	5.699217694060794	99.43810050675138	23.161523147852456	85.39679127275662	16.537773371620187	0.0006386053124750362	117.16179135460071	66.87283169550747	86.61527268957971
4.580949527552331	5.695709270153257	99.15157514403653	23.15723587132167	86.15889589572431	16.353119481749857	0.0006386053124750362	111.47621660307315	66.59115695879682	86.57633005841735
4.631720057308723	5.69289295435548	98.86625652033466	23.152900391956827	86.88418917795849	16.204892334498414	0.0006386053124750362	106.11753204765624	66.31073465905926	86.50037188006395
4.680061831781963	5.690724043692468	98.58213928679135	23.14852467928025	87.57478595614762	16.09073914170833	0.0006386053124750362	101.0664635340311	66.03155150450164	86.39003177938561
4.726114162194096	5.689160527320152	98.29921815030393	23.144116149373808	88.23267639060667	16.008448806323294	0.0006386053124750362	96.30487885558621	65.75359481130705	86.2477811026793
4.770008149457742	5.688162926249718	98.01748787099139	23.139681698964733	88.85973335151591	15.955943486826742	0.0006386053124750362	91.81572002217811	65.47685246709203	86.07593863574743
4.8118671705330245	5.68769414259408	97.73694325981532	23.135227737468817	89.45771936687709	15.931270662845819	0.0006386053124750362	87.5829395490861	65.20131289655293	85.8766797437335
4.851807335970363	5.6877193177572485	97.4575791763431	23.1307602171155	90.02829315883906	15.932595671433663	0.0006386053124750362	83.59144052166918	64.92696502916881	85.65204496790923
4.889937920364384	5.688205699030865	97.17939052664687	23.126284661270102	90.57301579303936	15.958194685834526	0.0006386053124750362	79.82702020962878	64.65379826883863	85.40394811195837
4.926361767201362	5.6891225141377495	96.90237226132872	23.121806191052016	91.09335646213906	16.00644811251266	0.0006386053124750362	76.27631703661936	64.38180246534554	85.13418384571003
4.961175669740415	5.6904408532132775	96.62651937366336	23.117329550358413	91.59069792698267	16.07583437964571	0.0006386053124750362	72.92676069026685	64.11096788752943	84.84443485725343
4.994470729305422	5.6921335577969225	96.35182689785461	23.112859129385303	92.06634163505419	16.16492409457438	0.0006386053124750362	69.76652519213067	63.84128519807269	84.53627857941554
5.026332692288562	5.694175116430309	96.0782899073945	23.108398986732762	92.52151253481334	16.272374548963164	0.0006386053124750362	66.78448475715533	63.57274542980167	84.21119351511935
5.0568422671591495	5.696541566459914	95.80590351352402	23.103952870180752	92.95736360439315	16.396924550521337	0.0006386053124750362	63.97017227305717	63.30533996341597	83.87056518603856
5.086075422699524	5.699210401665346	95.53466286378332	23.09952423621685	93.3749801121128	16.537389561333555	0.0006386053124750362	61.31374023956286	63.03906050655291	83.51569172757185
5.114103668609131	5.702160485358731	95.26456314065123	23.095116268392257	93.77538362510717	16.692657124143256	0.0006386053124750362	58.80592401794068	62.7738990741103	83.14778915167295
5.140994319392902	5.7053719686708995	94.99559956026641	23.090731894567053	94.15953577916105	16.86168256162582	0.0006386053124750362	56.43800727078036	62.509847969759385	82.76799629480428
5.166810742630172	5.708826213684104	94.72776737122413	23.08637380311786	94.52834182540776	17.043484930741872	0.0006386053124750362	54.201789448373844	62.24689976856869	82.3773794716843
5.191612592541315	5.71250572112635	94.46106185344762	23.082044458169158	94.8826539669955	17.23714321717585	0.0006386053124750362	52.08955520148422	61.98504730067664	81.97693685213713
5.2154560296783306	5.7163940623710765	94.19547831712461	23.07774611390329	95.22327449752432	17.441792756371996	0.0006386053124750362	50.09404561225526	61.72428363594896	81.56760257660737
5.2383939275642595	5.720475815485901	93.93101210171056	23.073480828004204	95.55095875303758	17.65662186767852	0.0006386053124750362	48.2084311351448	61.464602069566766	81.15025062591184
5.260476067091067	5.724736505079184	93.66765857499092	23.069250474288967	95.86641788913482	17.880868688377618	0.0006386053124750362	46.42628614179234	61.20599610848453	80.72569846048596
5.281749319427842	5.729162545711092	93.40541313219789	23.06505675457712	96.17032149394589	18.113818195320196	0.0006386053124750362	44.741564971305756	60.94845945870291	80.29471044329817
5.302257818099588	5.733741188663987	93.14427119518274	23.060901209841973	96.46330004639943	18.354799403367295	0.0006386053124750362	43.14857939942057	60.69198601331369	79.85800105889598
5.322043120802103	5.738460471896758	92.88422821163707	23.0567852306815	96.74594722786392	18.60318273140788	0.0006386053124750362	41.64197745244618	60.436569841272565	79.41623793923372
5.341144361665031	5.743309172962042	92.6252796543596	23.052710067156315	97.01882209733432	18.858377524317525	0.0006386053124750362	40.21672347268174	60.18220517684912	78.97004470971045
5.359598394495657	5.748276764720885	92.36742102056884	23.04867683803029	97.28245113777183	19.11982972215135	0.0006386053124750362	38.86807936550344	59.92888640971865	78.52000366546689
5.377439927510628	5.753353373697574	92.11064783125515	23.04468653944749	97.53733018084284	19.387019668292915	0.0006386053124750362	37.59158696167529	59.676608075655885	78.06665828749256
5.3947016500624025	5.75852974091721	91.85495563057249	23.040740053079382	97.78392621729677	19.65946004827375	0.0006386053124750362	36.38305142846144	59.425364847797056	77.61051560810527
5.411414351861374	5.763797185070459	91.60033998526848	23.036838153775566	98.02267910013921	19.936693951076307	0.0006386053124750362	35.23852566388915	59.17515152843558	77.15204843525213
5.427607035154485	5.769147567862774	91.34679648414273	23.03298151674875	98.25400314718367	20.218293045408718	0.0006386053124750362	34.15429561380963	58.925963041310894	76.69169744429561
5.443307020285281	5.774573261415641	91.09432073754469	23.02917072432242	98.47828864905217	20.50385586398067	0.0006386053124750362	33.12686645601673	58.67779442437307	76.22987314533557
5.458540044937797	5.780067117626538	90.84290837689572	23.025406272261108	98.69590328694525	20.79300619086994	0.0006386053124750362	32.15294961185479	58.430640822988174	75.76695773172524
5.4733303575223635	5.785622439345022	90.59255505424308	23.02168857571404	98.90719346672478	21.085391544474387	0.0006386053124750362	31.229450525246573	58.18449748356145	75.3033068184476
5.4877008050446126	5.791232953259279	90.34325644183784	23.01801797479466	99.11248557418548	21.380681750487888	0.0006386053124750362	30.35345716444729	57.93935974754762	74.83925107676572
5.5016729157588165	5.796892784399446	90.09500823174022	23.014394739816264	99.31208715581697	21.678567599970425	0.0006386053124750362	29.522229207043736	57.69522304583184	74.37509777083751
5.515266976907569	5.802596432164215	89.84780613544574	23.010819076203717	99.50628802937057	21.978759587589806	0.0006386053124750362	28.733187868645327	57.45208289345465	73.91113220197185
5.528502107849215	5.808338747776912	89.60164588353584	23.00729112910143	99.69536132853695	22.280986725100213	0.0006386053124750362	27.98390633575043	57.20993488466463	73.44761906622253
5.541396328864113	5.814114913080933	89.35652322534763	23.00381098769687	99.87956448589263	22.584995425311767	0.0006386053124750362	27.27210076466263	56.968774688273754	72.98480373079349
5.553966625908865	5.819920420590891	89.11243392866223	23.0003786892776	100.05914015796053	22.89054845215169	0.0006386053124750362	26.595621811183264	56.72859804329757	72.52291343433217
5.566229011536225	5.8257510547318985	88.86937377941325	22.996994223036314	100.23431709549423	23.197423933257344	0.0006386053124750362	25.952446662548	56.489400754866736	72.06215841521755
5.578198582168231	5.831602874208862	88.6273385814107	22.99365753363628	100.40531096166576	23.505414432044887	0.0006386053124750362	25.340671547043694	56.25117869039317	71.6027329713676
5.589889572002262	5.837472195418905	88.3863241560819	22.99036852455588	100.57232510215191	23.81432607467873	0.0006386053124750362	24.758504684644954	56.01392777597361	71.14481645684543
5.601315403733329	5.843355576850119	88.146326342226	22.987127061224395	100.73555126973858	24.123977728953133	0.0006386053124750362	24.204259654659616	55.77764399301512	70.68857421871054
5.612488736266367	5.849249804412611	87.90734099578414	22.983932973960606	100.89517030592484	24.43420023224222	0.0006386053124750362	23.676349157605067	55.54232337507293	70.23415847739636
5.623421509592585	5.855151877647973	87.66936398962109	22.980786060725727	101.05135278201365	24.74483566568234	0.0006386053124750362	23.173279148519573	55.30796200488513	69.78170915388436
5.634124987003615	5.861058996763096	87.43239121332138	22.977686089702324	101.20425960217123	25.055736671741403	0.0006386053124750362	22.69364331892878	55.0745560115954	69.33135464695806
5.644609794814223	5.866968550435518	87.19641857299483	22.974632801710424	101.35404257089421	25.366765812395208	0.0006386053124750362	22.23611790511016	54.84210156814765	68.88321256374203
5.654885959746343	5.872878104342795	86.96144199109355	22.971625912471104	101.50084492706735	25.677794965409806	0.0006386053124750362	21.79945680262586	54.6105948888443	68.43739040641206
5.664962944116139	5.878785390371911	86.7274574062399	22.968665114726868	101.64480184663586	25.98870475641593	0.0006386053124750362	21.38248696855797	54.380032227058464	67.99398621774439
5.674849678902504	5.884688296484488	86.49446077306351	22.965750080224062	101.7860409150125	26.299384025498895	0.0006386053124750362	20.984104101179096	54.1504098730928	67.55308918697534
5.684554594871096	5.890584857183757	86.26244806204625	22.962880461568854	101.92468257170667	26.609729325460428	0.0006386053124750362	20.603268574246833	53.92172415217259	67.11478021925153
5.694085651868274	5.896473244547733	86.03141525937731	22.960055893964405	102.06084052880922	26.91964444988022	0.0006386053124750362	20.239001610926596	53.69397142256731	66.67913247083028
5.7034503663818	5.902351759798659	85.80135836681436	22.957275996835612	102.19462216471673	27.22903998940263	0.0006386053124750362	19.89038168466657	53.467148073830614	66.24621185184442
5.712655837465114	5.908218825378602	85.57227340155296	22.954540375347886	102.32612889447837	27.53783291466277	0.0006386053124750362	19.556541134329393	53.2412505251543	65.81607749846084
5.721708771122141	5.914072977501136	85.34415639610349	22.951848621826336	102.45545651815019	27.845946184269856	0.0006386053124750362	19.236662980880176	53.016275223829034	65.38878221625664
5.730615503249687	5.919912859149138	85.11700339817158	22.949200317081825	102.58269554854368	28.15330837626994	0.0006386053124750362	18.929977932925812	52.79221864380168	64.96437289663112
6.0076262233972395	5.926331796625555	84.8908104710255	22.94659599716125	102.67660783539903	28.491147190818275	0.0006386053124750362	0.0003269613255800514	52.56907632122135	64.51321002678135
7.802387379560972	5.934471335591644	84.66557372726184	22.94405224160994	102.67660575731065	28.91954397850716	0.0006386053124750362	0.0003269613255800514	52.34682782999148	63.97904530091126
11.270885964132129	5.9425436239768015	84.44128935790812	22.941575167832116	102.67660367922227	29.34440126193653	0.0006386053124750362	0.0003269613255800514	52.125463263548454	63.45157719276234
16.396216161741396	5.95054950358478	84.21795357308989	22.939163532469028	102.6766016011339	29.765763346567	0.0006386053124750362	0.0003269613255800514	51.90498008045949	62.930701444209056
23.15339665748551	5.958489803121073	83.99556259386888	22.93681611392238	102.67659952304552	30.183673848477152	0.0006386053124750362	0.0003269613255800514	51.68537572848907	62.41631554006181
31.509492389941798	5.966365338411888	83.7741126522873	22.93453171197912	102.67659744495715	30.59817570588849	0.0006386053124750362	0.0003269613255800514	51.46664764501768	61.90831867835802
41.42377508721843	5.974176912619315	83.55359999141253	22.932309147442727	102.67659536686877	31.009311190489917	0.0006386053124750362	0.0003269613255800514	51.24879325745443	61.406611741167026
52.847921772352144	5.9819253164528865	83.33402086537838	22.930147261770777	102.6765932887804	31.41712191857262	0.0006386053124750362	0.0003269613255800514	51.03180998363986	60.9110972658909
65.72625029923228	5.989611328377506	83.11537153942533	22.928044916718754	102.67659121069202	31.82164886197362	0.0006386053124750362	0.0003269613255800514	50.81569523224162	60.42167941705878
79.9959907454443	5.9972357148177995	82.89764828994008	22.926000993989994	102.67658913260364	32.22293235883114	0.0006386053124750362	0.0003269613255800514	50.60044640314333	59.93826395860637
88.9268025841001	6.004799633117503	86.35296257722656	22.924285375998117	96.96539767725424	32.621033321973435	1286.920620333821	0.0003269613255800514	54.05057604912976	59.47428714402761
93.54235690655486	6.012308420637058	91.29655131783585	22.923705491544688	88.91072344956461	33.01623266510796	1122.9034112565705	0.0003269613255800514	58.984876074142434	59.06985354537814
97.4490168824939	6.019769590441708	95.51380606991006	22.924192088797984	81.95359781685333	33.408925812721066	967.6060231889726	0.0003269613255800514	63.19322752605952	58.72112491781058
100.76466155118263	6.027189664794589	99.09578960941356	22.925586571183185	75.9571576452027	33.79945604182004	834.4365877815914	0.0003269613255800514	66.76666969883226	58.41984531942661
103.57726145740374	6.034574194177756	102.13520019642505	22.92775266083626	70.78136139207453	34.18811548303939	721.0312473863955	0.0003269613255800514	69.79785183192449	58.15892333292188
105.9628264276777	6.04192789873153	104.71335847558275	22.93057428061216	66.30325645168953	34.57515256481705	624.7345929445196	0.0003269613255800514	72.3680480987726	57.932319094028266
107.98598524580113	6.04925479247283	106.89999679674018	22.933952835928267	62.417383793280045	34.960778551201294	542.9948414275198	0.0003269613255800514	74.5469500606901	57.73490217276866
109.70118411670663	6.056558289825001	108.75414326735675	22.937804617386078	59.03447967988331	35.34517314868397	473.52104157198977	0.0003269613255800514	76.3935515468765	57.56231637805089
111.15407363027329	6.0638412958857675	110.32541372787506	22.94205847436098	56.07953636571239	35.72848925714537	414.3305680961649	0.0003269613255800514	77.9574403727681	57.41085892375782
112.38285845435024	6.071106282423124	111.6553730754216	22.94665380316576	53.48974612641243	36.11085696963781	363.7433063613751	0.0003269613255800514	79.2801589543467	57.27737603712907
113.41951268593284	6.07835535166849	112.77880854995657	22.9515388418676	51.21257317829032	36.49238692992026	320.3526848852001	0.0003269613255800514	80.39647675457937	57.159174509952734
114.2908297789662	6.085590289831813	113.72485307925929	22.956669241594422	49.20405045360214	36.87317314904247	282.988966750515	0.0003269613255800514	81.33551281204036	57.05394758812779
115.01930850196273	6.092812612032982	114.51794472692332	22.96200687701355	47.42732396921474	37.25329537015669	250.68250441677299	0.0003269613255800514	82.12169446098736	56.95971324902557
115.62389016716511	6.100023600095463	115.17863083521593	22.967518858846923	45.851432516886156	37.63282105765569	222.630282871652	0.0003269613255800514	82.77556085465926	56.874762937570054
116.1205669879963	6.107224334414054	115.72423457742076	22.973176714689025	44.4502961429532	38.0118070744237	198.1668221848461	0.0003269613255800514	83.31442900472186	56.79761901374538
116.52288205423473	6.1144157209023335	116.1694039529645	22.978955708900763	43.20188315589216	38.390301100122585	176.7396675321914	0.0003269613255800514	83.75294235934463	56.72699939991837
116.84233936167203	6.121598513848654	116.52656250877713	22.984834276929888	42.08752643259832	38.76834283413943	157.88904334454054	0.0003269613255800514	84.10352118946787	56.66178815405868
117.08874001237425	6.128773335362534	116.80627893076331	22.990793553599598	41.091362995218816	39.145965019080485	141.23115770256803	0.0003269613255800514	84.37673191333658	56.601010911849976
117.2704579533512	6.135940691971292	117.0175701761438	22.996816978544288	40.19987456515414	39.52319431427823	126.44450550079962	0.0003269613255800514	84.58159001756393	56.54381432864684
117.39466660437598	6.143100988827279	117.16815034747006	23.00288996503612	39.4015105472245	39.90005204354069	113.2587453500578	0.0003269613255800514	84.72580876490369	56.48944881043894
117.46752539582755	6.1502545419042205	117.26463537084172	23.008999620979612	38.686378143751014	40.276554837064	101.44562938999378	0.0003269613255800514	84.81600374237692	56.437253953766486
117.49433363462369	6.157401588495129	117.31271166453517	23.015134512925876	38.045987151615726	40.65271518395391	90.8116019413315	0.0003269613255800514	84.85786142875135	56.386646221534065
117.47965778352524	6.164542296269584	117.3172754254743	23.02128446564253	37.47303936696123	41.02854190892514	81.19179592254937	0.0003269613255800514	84.85627840302529	56.33710846864435
117.42743680089461	6.171676771104183	117.28254791533051	23.027440391140093	36.961254416834656	41.404040584430355	72.44505967913325	0.0003269613255800514	84.81547657104788	56.28818100179253
117.34106966233465	6.178805063863593	117.21217105276149	23.03359414215811	36.50522547482079	41.779213887557226	64.44992168367683	0.0003269613255800514	84.73909871317653	56.23945391472288
117.22348808338872	6.185927176279838	117.1092868162339	23.039738386004796	36.10029953737784	42.15406190946489	57.10125047451012	0.0003269613255800514	84.63028785451955	56.19056048624496
117.07721701204687	6.193043066053078	116.9766032714266	23.045866495363153	35.74247798890928	42.528582423845876	50.30748720724634	0.0003269613255800514	84.49175326952384	56.14117146550105
116.90442495178381	6.200152651276762	116.81644949604338	23.051972453257843	35.42833400715004	42.90277111982929	43.988344767313244	0.0003269613255800514	84.325825392001	56.09099009905143
116.70696574668446	6.207255814273152	116.63082123945475	23.058050769846915	35.154944023009094	43.276621803849864	38.07287051196258	0.0003269613255800514	84.13450146667397	56.03974777868577
116.48641323189052	6.214352404911383	116.4214187927034	23.064096409083053	34.91983099998424	43.65012657428298	32.49783649066176	0.0003269613255800514	83.91948341678626	55.987200208581086
116.24408972057827	6.22144224346826	116.1896782706684	23.070104723595957	34.72091771452544	44.023275972013344	27.206341852042033	0.0003269613255800514	83.68220912881428	55.93312400638256
115.98108928325897	6.228525123081944	115.93679725706504	23.076071396395974	34.55648860156866	44.39605910957576	22.1466299940793	0.0003269613255800514	83.4238781044596	55.877313665698935
115.69829643662436	6.235600811840493	115.66375558266103	23.081992388198643	34.4251590037129	44.768463781078424	17.271043878780734	0.0003269613255800514	83.1454722499619	55.81957881790496
115.39640084049155	6.242669054539427	115.37133183605079	23.08786388932946	34.32585092362819	45.14047655470659	12.53511911749802	0.0003269613255800514	82.84777240191693	55.75974173949911
115.07590834138958	6.249729574136687	115.06011608110813	23.093682275294412	34.25777457014454	45.512082849299084	7.896747037826351	0.0003269613255800514	82.53137106368581	55.697635057883915
114.6872752287111	6.256782072641631	114.72381214631235	23.099443755888167	34.230840698696284	45.88326698113821	0.0006269366005274968	0.0003269613255800514	82.18998841359645	55.633084162324415
113.49653543684967	6.263826224575739	114.37168122008073	23.105143318673928	34.23083869841661	46.25401181977548	0.0006269366005274968	0.0003269613255800514	81.83287215709207	55.56585470490726
111.22336672711589	6.270861689057121	114.02108023753534	23.110780785401744	34.23083669813694	46.624299424058684	0.0006269366005274968	0.0003269613255800514	81.47734476260783	55.495954817228935
107.91203352809926	6.277888131714583	113.6720023930984	23.116357067642678	34.23083469785727	46.99411219550409	0.0006269366005274968	0.0003269613255800514	81.12339852839838	55.423446796402466
103.62701591540308	6.284905225997252	113.32444091415769	23.12187306199074	34.23083269757759	47.363432947223515	0.0006269366005274968	0.0003269613255800514	80.77102580056528	55.34839179967214
98.45175400946401	6.291912653031394	112.97838906086325	23.127329650316973	34.23083069729792	47.73224489638885	0.0006269366005274968	0.0003269613255800514	80.42021897260054	55.27084986427676
92.48702319305386	6.298910101479771	112.633840125924	23.132727700019224	34.23082869701825	48.10053165682969	0.0006269366005274968	0.0003269613255800514	80.07097048493436	55.19087992697044
85.84897174863752	6.3058972674034175	112.29078743440802	23.13806806426761	34.230826696738575	48.46827723175849	0.0006269366005274968	0.0003269613255800514	79.72327282449088	55.10853984320747
78.66685914597663	6.31287385412587	111.9492243435429	23.14335158224584	34.230824696458896	48.83546600662441	0.0006269366005274968	0.0003269613255800514	79.37711852424802	55.02388640599632
71.08053910919635	6.319839572099703	111.60914424252014	23.148579079388337	34.230822696179224	49.202082742089296	0.0006269366005274968	0.0003269613255800514	79.03250016280565	54.93697536442946
63.237736171028324	6.326794138775465	111.2705405522986	23.153751367613374	34.23082069589955	49.568112567129454	0.0006269366005274968	0.0003269613255800514	78.68941036395677	54.84786144189305
55.291169228707815	6.33373727847283	110.93340672541309	23.158869245552157	34.23081869561988	49.93354097225387	0.0006269366005274968	0.0003269613255800514	78.34784179626786	54.75659835396407
47.395577622981236	6.340668722254049	110.5977362457817	23.163933498774057	34.23081669534021	50.29835380284441	0.0006269366005274968	0.0003269613255800514	78.00778717266179	54.66323882599802
39.704708132626806	6.347588207799599	110.26352262851655	23.16894490000793	34.23081469506054	50.66253725261017	0.0006269366005274968	0.0003269613255800514	77.66923925000808	54.567834610414195
32.36832114283279	6.3544954792859665	109.93075941973682	23.173904209359677	34.23081269478086	51.026077857155805	0.0006269366005274968	0.0003269613255800514	77.33219082871918	54.47043650368318
25.5292739882618	6.361390287265633	109.59944019638104	23.178812174526097	34.23081069450119	51.388962487664564	0.0006269366005274968	0.0003269613255800514	76.9966347523497	54.37109436302098
19.320739836069343	6.3682723885490855	109.26955856602427	23.18366953100506	34.230808694221516	51.75117834468841	0.0006269366005274968	0.0003269613255800514	76.66256390720427	54.26985712279633
13.863613538143529	6.37514154608894	108.94110816669459	23.18847700230208	34.230806693941844	52.11271295204917	0.0006269366005274968	0.0003269613255800514	76.32997122194809	54.1667728106546
9.264159202829287	6.381997528866066	108.61408266669201	23.19323530013339	34.23080469366217	52.47355415084527	0.0006269366005274968	0.0003269613255800514	75.99884966722364	54.06188856336398
5.637122181474194	6.387688423102243	108.28847576415558	23.197944132692072	34.29144853796558	52.77307490011772	0.0006269366005274968	75.05689794836913	75.66919324497303	54.01278547948912
3.286458037262984	6.369151992550932	107.96428101939453	23.202483608413658	35.63025478474632	51.797473292153995	0.0006269366005274968	308.2696693143591	75.34111518061911	55.166580793133775
1.8297303846933493	6.327335682736133	107.64149105386261	23.20656973964617	38.206144557438	49.596614880848755	0.0006269366005274968	449.7608035898426	75.01489153115361	57.461702845499374
1.4472222401391683	6.274311427260226	107.3200974870442	23.210020870971366	41.3893790969642	46.80586459264315	0.0006269366005274968	482.7091924976701	74.69069522562104	60.285472185554276
1.6660088772455368	6.22269642545093	107.0000914975334	23.21279726965081	44.51713672207414	44.089285550048565	0.0006269366005274968	455.66902860610355	74.36855711365476	63.00504220999145
1.872698283826582	6.174738231564587	106.68146434932659	23.214940881966886	47.469842530374784	41.56517008234634	0.0006269366005274968	430.20426855936483	74.04842661413092	65.51013252011236
2.06785438599742	6.130215010541064	106.36420753859643	23.21649696392897	50.25778684710104	39.22184266005562	0.0006269366005274968	406.2363362399287	73.7302500745179	67.81409766939277
2.2521549600461057	6.088918116531356	106.0483127853258	23.21750796540566	52.89065219065369	37.048321922702605	0.0006269366005274968	383.67658943408935	73.41397686618724	69.9294924437125
2.4262376461740147	6.050651340159543	105.73377202071659	23.218013698512436	55.37754770676668	35.03428106102826	0.0006269366005274968	362.4416431841172	73.09955920379602	71.86811791764207
2.590702328883789	6.0152301697968324	105.42057737534851	23.218051495966392	57.727043174049165	33.17000893667507	0.0006269366005274968	342.45305787686874	72.78695197543072	73.64106630847553
2.7461133761471803	5.982481096678686	105.10872116804799	23.217656360016882	59.94720099209761	31.44637350940423	0.0006269366005274968	323.637045838715	72.47611258286484	75.25876316690727
2.8930017457318056	5.952240961263672	104.79819589541945	23.216861102511583	62.04560627187797	29.854787434929783	0.0006269366005274968	305.924195338751	72.16700079132468	76.73100706239295
3.0318669665510374	5.924356338391987	104.48899422200539	23.21569647662338	64.02939514072415	28.387175704841095	0.0006269366005274968	289.2492109696593	71.85957858820507	78.06700691156709
3.1631790024475954	5.898682958943073	104.18110897103136	23.21419130073277	65.90528136781784	27.035945207529842	0.0006269366005274968	273.55066943511207	71.55381005019765	79.27541708948243
3.2873800054274476	5.875085165813371	103.87453311570792	23.212372574934637	67.67958141038714	25.79395609544027	0.0006269366005274968	258.77078982415674	71.24966121833607	80.36437045606068
3.4048859648801413	5.85343540218518	103.56925977104954	23.210265590605626	69.35823797399706	24.654494851851258	0.0006269366005274968	244.85521751606822	70.9470999804824	81.3415094210197
3.5160882589513736	5.833613730171883	103.26528218618603	23.207894033444205	70.94684217501467	23.611248956414567	0.0006269366005274968	231.7528209076153	70.64609596081965	82.21401516361354
3.6213551138575633	5.815507378042202	102.96259373713096	23.205280080369743	72.45065438796023	22.658283054852426	0.0006269366005274968	219.41550020402826	70.34662041592883	82.98863511637443
3.7210329766197887	5.799010314322496	102.66118791998655	23.202444490646666	73.87462385599201	21.790016543288917	0.0006269366005274968	207.79800755583506	70.04864613706522	83.67170881620602
3.8154478064018162	5.784022847167651	102.36105834455176	23.199406691579714	75.2234071385924	21.001202482507626	0.0006269366005274968	196.85777786214788	69.752147358255	84.26919222060056
3.9049062892145514	5.770451247521663	102.06219872831562	23.196184859098434	76.50138546448864	20.286907764297727	0.0006269366005274968	186.55476961627554	69.4570996698769	84.7866805788359
3.989696980575703	5.758207394643266	101.76460289080994	23.192795993537334	77.71268105536222	19.642494454908405	0.0006269366005274968	176.85131519232064	69.16347993739727	85.22942994470081
4.070091380346958	5.747208442685713	101.46826474829945	23.18925599089356	78.86117248066587	19.06360224661613	0.0006269366005274968	167.71198001943978	68.87126622495545	85.60237741038982
4.146344943794865	5.737376507074288	101.17317830879178	23.185579709832368	79.95050910135028	18.54613195127797	0.0006269366005274968	159.1034301135065	68.58043772351185	85.9101601379015
4.218698032726241	5.728638369486087	100.87933766734477	23.18178103469745	80.98412465751278	18.086229972951628	0.0006269366005274968	150.9943074615489	68.29097468328024	86.1571332605656
4.287376810187318	5.720925200348572	100.58673700165726	23.177872934759172	81.96525004981389	17.680273702556086	0.0006269366005274968	143.35511280168961	68.00285835019717	86.34738672052737
4.3525940820811995	5.714172297815564	100.29537056792189	23.17386751992458	82.89692536258362	17.324857779766177	0.0006269366005274968	136.15809535900073	67.71607090618441	86.48476110544836
4.4145500888714055	5.7083188422369195	100.00523269692931	23.169776093120866	83.78201117387226	17.01678117036387	0.0006269366005274968	129.37714912211575	67.43059541298196	86.57286254419466
4.47343325027768	5.7033076652198025	99.71631779040439	23.165609199546083	84.62319919396192	16.75303501156824	0.0006269366005274968	122.98771527977652	67.14641575933912	86.61507671631131
4.529420865796101	5.699085032402128	99.42862031756303	23.161376672976413	85.42302227279649	16.530791179059054	0.0006269366005274968	116.96669044616708	66.86351661136338	86.61458202871162
4.582679773725173	5.6956004391056005	99.1421348118758	23.15708767930891	86.18386381464039	16.347391531873374	0.0006269366005274968	111.29234032360698	66.58188336583471	86.57436201016269
4.633366971077418	5.6928064181295905	98.85685586802617	23.152750757498556	86.90796663395818	16.200337796293905	0.0006269366005274968	105.9442184907815	66.30150210631446	86.49721696844566
4.681630196706637	5.6906583589624375	98.5727781390503	23.14837385804526	87.59744128580415	16.087282050654284	0.0006269366005274968	100.90309001114436	66.02235956188075	86.38577495413853
4.727608479876881	5.689114337718949	98.28989633364974	23.14396437917932	88.25427390252193	16.00601777468118	0.0006269366005274968	96.15085956977103	65.74444306833323	86.24250207301588
4.771432656251063	5.688134957190037	98.00820521366639	23.139529200877465	88.88033356501025	15.954471431054273	0.0006269366005274968	91.67050387946173	65.46774053172496	86.06971218436877
4.813225853255837	5.687683196397169	97.72769959170684	23.135074716839977	89.47737923650702	15.930694547219087	0.0006269366005274968	87.44600809969752	65.1922403940782	85.86957602213776
4.8531039466845876	5.687724269073296	97.44837432891259	23.130606864553283	90.04706628548917	15.932856267015298	0.0006269366005274968	83.46230602443526	64.91793160115648	85.64412977399658
4.891175990278138	5.688225490530482	97.17022433286142	23.126131153554017	90.5909526225399	15.95923634370926	0.0006269366005274968	79.70522381079866	64.64480357216256	85.39528315117416
4.92754461975098	5.68915615245827	96.89324455559755	23.12165269199263	91.11050447215192	16.008218550434922	0.0006269366005274968	76.16142705629332	64.37284617126187	85.12482697671543
4.962306432890702	5.690487405147677	96.61742999177788	23.117176211605027	91.60710180271937	16.078284481456368	0.0006269366005274968	72.81837101126182	64.10204968081071	84.83444032286482
4.995552347123987	5.692192146708019	96.34277567693219	23.11270609118539	92.08204343462346	16.168007721474382	0.0006269366005274968	69.66425374396749	63.8324047761939	84.52569722386593
5.027367935838222	5.694244918876578	96.06927668582559	23.10824637864606	92.5365518448268	16.276048361924826	0.0006269366005274968	66.68797208939988	63.56390250217466	84.2000729884716
5.057833744742878	5.696621809022206	95.79692813092252	23.103800811750286	92.97177768632189	16.401147843273662	0.0006269366005274968	63.879080213497076	63.296534250670376	83.85895013640143
5.087025589491894	5.699300357964011	95.52572516093964	23.099372837599187	93.38880403987926	16.542124103368703	0.0006269366005274968	61.22775063277604	63.03029173986022	83.50362398175612
5.115014835716115	5.702259473248091	95.25566295948863	23.09496563094978	93.788650414511	16.69786701305708	0.0006269366005274968	58.724737538761865	62.76516699454923	83.1353078850818
5.141868662382167	5.7054793475980325	94.98673674379968	23.090582111425057	94.1722765097403	16.86733408410664	0.0006269366005274968	56.361342307150835	62.50115232771867	82.75513819134856
5.16765030954832	5.708941382206816	94.71894176352089	23.086224959687566	94.54058575497108	17.04954643193733	0.0006269366005274968	54.12938105141379	62.23824032318643	82.36417887403485
5.192419311456748	5.712628114578333	94.45227329959171	23.081896632639236	94.89442863937717	17.24358497780667	0.0006269366005274968	52.02115409772283	61.97642381931333	81.96342590304243
5.216231715781317	5.716523150664439	94.18672666318217	23.077599377701972	95.23460584401387	17.448586877075407	0.0006269366005274968	50.029417273876504	61.715695893692306	81.55381135187396
5.239140289847605	5.720611101043817	93.92229719469769	23.073335246233594	95.56187118781799	17.66374216020053	0.0006269366005274968	48.14735490518543	61.45604984876604	81.13620725948628
5.261194714632333	5.724877520892157	93.6589802628434	23.069106106132907	95.87693439902839	17.88829057327111	0.0006269366005274968	46.36855441154674	61.197479198313346	80.71142926203481
5.2824417672908766	5.729308853511326	93.39677126374275	23.06491365368378	96.18046372272187	18.12151860585893	0.0006269366005274968	44.686982407609236	60.93997765474895	80.28024000862008
5.302925492894326	5.7338923772057395	93.13566562011168	23.06075942468383	96.47308837419972	18.36275669503859	0.0006269366005274968	43.096962216705585	60.68353911719295	79.84335237390188
5.322687365915325	5.73861615533878	92.87565878048129	23.05664480489349	96.75540084592826	18.61137659677755	0.0006269366005274968	41.59315272790978	60.42815766026675	79.40143247773287
5.341766442176049	5.743468989347738	92.6167462184662	23.052571039853113	97.02795907822434	18.866788913038533	0.0006269366005274968	40.17052850273315	60.17382752356544	78.95510252526611
5.360199501801903	5.748440374548456	92.35892343207874	23.048539244104372	97.29128850145082	19.12844076570789	0.0006269366005274968	38.824361060219566	59.92054310177031	78.50494347779318
5.378021183682624	5.753520458574088	92.1021859430821	23.04455040984931	97.54588395688968	19.3958136091622	0.0006269366005274968	37.550201274710695	59.668298935361555	78.05149756375849
5.395264111942157	5.758700002292222	91.84652929638398	23.040605415080545	97.79221150345444	19.668421173274478	0.0006269366005274968	36.343862820570735	59.417089701899116	77.59527063941358
5.411959014915848	5.763970343045654	91.59194905946616	23.03670503121581	98.03071011736431	19.945807528718266	0.0006269366005274968	35.201406598544885	59.16691020783416	77.1367344085053
5.4281348370949765	5.769323360074111	91.33844082184632	23.032849930267467	98.26179329135188	20.227545267058122	0.0006269366005274968	34.11912608347769	58.91775538081669	76.67632850966528
5.443818844474912	5.774751441981263	91.08600019457509	23.029040691576153	98.48585053963666	20.513233788487195	0.0006269366005274968	33.093533536199395	58.66962026247348	76.21446247974187
5.459036723602358	5.780247456155627	90.83462280975985	23.025277808128095	98.70324881288589	20.80249769240108	0.0006269366005274968	32.12134704089122	58.42250000162798	75.75151759862074
5.4738126747655516	5.785804720007308	90.58430432011939	23.02156169248581	98.91433382950295	21.094985263542146	0.0006269366005274968	31.199478309739828	58.17638984793719	75.28784862392263
5.488169499684139	5.791416973910068	90.33504039856298	23.017892682355853	99.1194313283399	21.390367047897968	0.0006269366005274968	30.325021208157224	57.931285145914785	74.82378542228675
5.50212868399675	5.797078355756063	90.08682673779595	23.01427104581349	99.31884824709148	21.688334513476647	0.0006269366005274968	29.495240961495615	57.687181329323295	74.35963450286879
5.515710474844842	5.802783377030704	89.83965904994731	23.010696986204174	99.51287383063567	21.98859879108933	0.0006269366005274968	28.70756400415045	57.4440739159108	73.89568045867084
5.52893395385097	5.808526900315008	89.59353306622062	23.007170646741677	99.70178067358036	22.29088949026324	0.0006269366005274968	27.959568431968048	57.20195850247347	73.43218732133097
5.541817105783316	5.8143041181249515	89.34844453656409	23.00369211482231	99.8858257011853	22.594953585523392	0.0006269366005274968	27.248975019727716	56.960830760220816	72.96939983486537
5.55437688317206	5.820110533005323	89.10438922936046	23.00026142607286	100.06525109245307	22.900554368700824	0.0006269366005274968	26.573638768890433	56.720686430426234	72.50754465337432
5.566629267113099	5.825941938805017	88.8613629311354	22.996878568148013	100.24028514875363	23.20747046342157	0.0006269366005274968	25.931540954755977	56.48152132034618	72.04683146714727
5.578589324424605	5.831794403082448	88.61936144628206	22.993543484288146	100.41114311034657	23.51549489907584	0.0006269366005274968	25.32078165134847	56.243331299394605	71.58745406028223
5.590271261439955	5.837664250553018	88.37838059680261	22.99025607665644	100.57802792485155	23.824434239632136	0.0006269366005274968	24.739572696870532	56.006112295554544	71.12959130516847
5.6016884746269175	5.843548047519808	88.1384162220631	22.98701620946791	100.7411309703796	24.13410776420004	0.0006269366005274968	24.186231074853183	55.769860292010655	70.67340809740259
5.612853598204663	5.849442587234133	87.89946417856433	22.983823711921772	100.90063273577596	24.444346696532957	0.0006269366005274968	23.65917268851122	55.53457132399405	70.2190562343794
5.62377854893063	5.8553448761327225	87.66152033972365	22.980678380948525	101.05670346043264	24.75499348066923	0.0006269366005274968	23.156906505773424	55.30024147582296	69.76667524078754
5.634474568228964	5.861252120898091	87.42458059567123	22.97757998378325	101.20950373612312	25.06590109989915	0.0006269366005274968	22.67802905247687	55.066866878131194	69.31639314425536
5.6449522618308015	5.8671617162893615	87.18864085305725	22.97452826037638	101.35918507329222	25.37693243628179	0.0006269366005274968	22.22121923142019	54.834443705269805	68.86832720434843
5.655221637078927	5.873071233696284	86.95369703486719	22.971522925652057	101.50589043397974	25.687959668225083	0.0006269366005274968	21.785233447299856	54.60296817286887	68.42258459778606
5.665292138045502	5.878978410370041	86.71974508025194	22.968563671624032	101.64975473350225	25.998863703686002	0.0006269366005274968	21.368901018018082	54.372436535556275	67.97926306269699
5.675172678537175	5.884881139308103	86.48678094436421	22.965650169373955	101.7909053119547	26.30953364779451	0.0006269366005274968	20.97111986265701	54.142845084820095	67.53845150329012
5.68487167315247	5.89077745974182	86.25480059820404	22.96278207090301	101.9294623778875	26.619866302200684	0.0006269366005274968	20.590852444499195	53.91419014700649	67.100230558057
5.694397066515406	5.896665548188256	86.02380002847413	22.959959010865177	102.06553942592944	26.929765694118366	0.0006269366005274968	20.227121952849195	53.686468081445526	66.66467313384351
5.703756360780993	5.902543710036715	85.79377523744111	22.9571806081884	102.19924362972354	27.23914263351096	0.0006269366005274968	19.87900871113645	53.459675278694796	66.23184490758167
5.712956641508205	5.9084103716401914	85.5647222428056	22.954446467590042	102.33067621154085	27.54791429685181	0.0006269366005274968	19.545646798762874	53.23380815889724	65.80180479749004
5.722004601996246	5.914264072882094	85.33663707757835	22.951756180992952	102.45993278994145	27.85600383589931	0.0006269366005274968	19.22622087414899	53.00886317024438	65.37460540554028
5.730906566179796	5.920103460188537	85.10951578996303	22.949109328848465	102.5871037068493	28.163340009922628	0.0006269366005274968	18.91996318643822	52.78483678753895	64.95029343299389
6.040343594502587	5.926600276755089	84.88335444387415	22.94650667395744	102.67681659942876	28.505277723951647	0.0006269366005274968	0.0002867251929226967	52.56172432127363	64.49531986011539
7.891073928079161	5.934737568518332	84.65814915484698	22.94396517132263	102.67681433084857	28.93355623780658	0.0006269366005274968	0.0002867251929226967	52.33950497357666	63.961380140212825
11.415101615232116	5.942807637984822	84.43389611527344	22.941490308565403	102.6768120622684	29.358296736042877	0.0006269366005274968	0.0002867251929226967	52.11816946777195	63.43413352902687
16.595250176048797	5.950811326517467	84.21059153563574	22.939080843059944	102.67680979368822	29.77954350091899	0.0006269366005274968	0.0002867251929226967	51.89771526205115	62.91347582712175
23.406271096708945	5.958749462388288	83.98823163735406	22.936735553928283	102.67680752510805	30.197340125698993	0.0006269366005274968	0.0002867251929226967	51.678139803817594	62.39930457699765
31.814966882175817	5.966622860997269	83.76681265283027	22.93445324166527	102.67680525652787	30.611729526171697	0.0006269366005274968	0.0002867251929226967	51.45944053010425	61.89151903339795
41.78035287340357	5.9744323250874	83.54633082549309	22.932232727770078	102.67680298794768	31.022753951968042	0.0006269366005274968	0.0002867251929226967	51.24161486798649	61.390020134131696
53.25385700163582	5.982178644956109	83.32678240983905	22.930072854383972	102.67680071936749	31.430454997689562	0.0006269366005274968	0.0002867251929226967	51.024660234984566	60.89471047139104
66.1795565386197	5.989862598663079	83.10816367147277	22.92797248393435	102.67679845078732	31.834873613845854	0.0006269366005274968	0.0002867251929226967	50.808574039458954	60.405494263561536
80.49445066224274	5.997484952234491	82.89047088714602	22.925930498784872	102.67679618220714	32.236050117604435	0.0006269366005274968	0.0002867251929226967	50.5933536809986	59.92227732751688
89.09552891907424	6.005046922513696	86.52903485729675	22.92424367320488	96.68023081123701	32.634048553352166	1283.2477314936552	0.0002867251929226967	54.22633850707712	59.45983753455715
93.6830022844872	6.0125540142592575	91.44829595401116	22.92370206794885	88.66224383857933	33.029158645223795	1117.3538658429397	0.0002867251929226967	59.13632124357456	59.05740268447744
97.56841177840116	6.020013722685017	95.6427723862701	22.924221327247505	81.73956059401793	33.42177487815856	962.8203966704548	0.0002867251929226967	63.321907244532916	58.71038022812226
100.86593306637837	6.027432535264046	99.20523160707346	22.925643575242237	75.77265014112434	33.81223869810738	830.3514302573838	0.0002867251929226967	66.87583635911238	58.41055199890738
103.66313596814369	6.034815972606824	102.22801845977973	22.927833250295382	70.62199923431989	34.20084066351673	717.5594547868984	0.0002867251929226967	69.89040440068239	58.15086388442583
106.03563651263147	6.0421687294140485	104.79206178564544	22.93067490195031	66.16524571273276	34.587827863897054	621.7880640979282	0.0002867251929226967	72.4464938959027	57.925308626811024
108.04770280537011	6.049494798094658	106.96671914492457	22.93407047251085	62.29749714131421	34.97341042603435	540.4925308276831	0.0002867251929226967	74.61342182875559	57.72878372080773
109.75346521609012	6.056797574725397	108.81068297204024	22.937936707079803	58.92999800484717	35.357767090810086	471.3918226298674	0.0002867251929226967	76.44984657181618	57.55695661771845
111.1983048498481	6.064079948809477	110.37327896045079	22.942202837334577	55.98818016344251	35.74104993734063	412.5136453035701	0.0002867251929226967	78.00506599113335	57.406144426253086
112.42020001153524	6.071344378832701	111.69582623710912	22.946808580226275	53.4096083651636	36.12338835961561	362.1875878179617	0.0002867251929226967	79.32037690307612	57.273210069676836
113.45093604330417	6.078592955684025	112.81290633786594	22.951702442569733	51.14205857746897	36.50489240442209	319.0155533240058	0.0002867251929226967	80.4303432088779	57.155474344283476
114.31714983893895	6.085827455858584	113.75348109437543	22.95684030093902	49.14182298991668	36.885655571504216	281.8350728866538	0.0002867251929226967	81.36391296750085	57.05064225401973
115.04121042853019	6.093049386129193	114.54184671287135	22.962184219466835	47.3722625086931	37.26575716469423	249.68255843430853	0.0002867251929226967	82.14537174990414	56.95674166687988
115.64195166856167	6.10026002112407	115.19843300218584	22.96770146849123	45.80259390154025	37.64526426968772	221.7600337928124	0.0002867251929226967	82.79514125119167	56.872072368356044
116.13527658893473	6.107460435015447	115.74046569426453	22.97336371045527	44.406884701875505	38.02423342186536	197.40614793998233	0.0002867251929226967	83.33044110160552	56.795163771989344
116.53465415464288	6.114651528318098	116.18251185120577	22.979146323988623	43.163225667088824	38.402712016741766	176.07185232344955	0.0002867251929226967	83.7658338594976	56.724739783524285
116.85152651947068	6.121834050621458	116.5369276287628	22.985027841668714	42.05305157857741	38.78073950639222	157.30014595884626	0.0002867251929226967	84.11367244220914	56.659689552361016
117.09564307451933	6.129008619932527	116.81422542096837	22.99098948113408	41.060584536693646	39.15834841750112	140.70952738039202	0.0002867251929226967	84.3844670058221	56.59904306007558
117.2753343189255	6.13617573918599	117.02337500719175	22.997014752839785	40.172377530768635	39.53556522031492	125.9803564717922	0.0002867251929226967	84.58718588258624	56.54195068268779
117.39773705974817	6.14333581037864	117.17205079647704	23.003089130791484	39.37693989905624	39.91241107255966	112.8438322404764	0.0002867251929226967	84.72950266036426	56.48766602064043
117.4689797423117	6.150489146704439	117.26683518382357	23.009199775111483	38.66442945045078	40.28890245812796	101.0729798489841	0.0002867251929226967	84.81799940989173	56.435531420350564
117.49433531283786	6.157635983000489	117.31338614279721	23.015335297350255	38.02639889524725	40.66505173686741	90.47528562524492	0.0002867251929226967	84.8583341770922	56.384965717486644
117.47834772847109	6.164776484760182	117.31657562824564	23.021485561130056	37.455586591460985	41.0408676189565	80.88675071764375	0.0002867251929226967	84.855379308498	56.335453818491956
117.4249366159792	6.17191075592601	117.28060414399229	23.027641512061845	36.94574346661792	41.416355575052734	72.16693659837905	0.0002867251929226967	84.81333596000984	56.28653780678998
117.33748427837854	6.179038845638287	117.20909574082724	23.03379503197184	36.491489635078864	41.79151819148834	64.19496938058082	0.0002867251929226967	84.73582905075328	56.237809316675815
117.21890795510325	6.186160754086644	117.10517693290424	23.039938813357836	36.08819541220032	42.166355478243915	56.86621170443233	0.0002867251929226967	84.62598614725128	56.188902963557986
117.07171994768456	6.19327643758673	116.97154232073792	23.046066250709853	35.731882492818045	42.54086513614322	50.089514078247035	0.0002867251929226967	84.48650306389965	56.13949065615434
116.89807764004682	6.200385812984354	116.8105091791609	23.052171345906498	35.419141867604225	42.9150427886499	43.784931047880164	0.0002867251929226967	84.31969843638102	56.08927664610511
116.69982502142292	6.20748876147272	116.62406283553234	23.05824862536549	35.14706570985205	43.28888218277443	37.881793550202005	0.0002867251929226967	84.12755909198229	56.03799319463634
116.47852710657168	6.2145851318943315	116.41389430299489	23.06429306700404	34.91319101416658	43.662375362859294	32.31710239329877	0.0002867251929226967	83.91177768062902	55.985396755483286
116.23549825735232	6.221674743587403	116.18143135874864	23.070300035370007	34.71545318654261	44.03551282038927	27.0341499067275	0.0002867251929226967	83.67378375586632	55.93126458912818
115.97182527496443	6.228757388826824	115.92786401733244	23.076265223551335	34.55214815088411	44.40828362246398	21.98132942089346	0.0002867251929226967	83.41476925526997	55.875391736223825
115.68838596751212	6.235832834901053	115.65416515609954	23.08218460066931	34.421901830789764	44.780675521107625	17.111106311194533	0.0002867251929226967	83.13570913715533	55.81758828841108
115.38586370684126	6.242900825859268	115.36110689363007	23.088054363919696	34.3236461038514	45.152675045224186	12.379107210495118	0.0002867251929226967	82.83737777416148	55.75767690301953
115.06475836233044	6.249961083956552	115.0492731869071	23.093870894250955	34.25660053172024	45.52426757666025	7.74328831656456	0.0002867251929226967	82.52036156951655	55.69549051471819
114.66517426557272	6.257013310463524	114.71189958693233	23.09963035585668	34.23140455270793	45.89543739281667	0.0007012869374423172	0.0002867251929226967	82.17791340426655	55.630852269655556
113.4378564970398	6.264057178923226	114.35982071052742	23.10532781024129	34.23140178834866	46.26616731174837	0.0007012869374423172	0.0002867251929226967	81.82085119788977	55.56353156590088
111.12925108168358	6.271092348504856	114.00927154629588	23.110963199664173	34.2313990239894	46.636439394992124	0.0007012869374423172	0.0002867251929226967	81.46537759144825	55.49354255796347
107.78431254557147	6.27811848510412	113.6602452897817	23.116537435185425	34.23139625963013	47.00623605811121	0.0007012869374423172	0.0002867251929226967	81.11148488482606	55.42094750406297
103.46817539143917	6.285135262432147	113.31273516948748	23.122051412896752	34.23139349527087	47.37554012800737	0.0007012869374423172	0.0002867251929226967	80.75916542573869	55.345807523228004
98.26488575766946	6.29214236187241	112.96673444667123	23.12750601417541	34.231390730911606	47.7443348353897	0.0007012869374423172	0.0002867251929226967	80.4084116092767	55.26818261514778
92.27576481983932	6.299139472340168	112.62223641514294	23.13290210593384	34.23138796655234	48.11260380737694	0.0007012869374423172	0.0002867251929226967	80.05921587745362	55.18813167968134
85.61743582741218	6.306126290144312	112.27923440106521	23.13824054086498	34.23138520219307	48.48033106022662	0.0007012869374423172	0.0002867251929226967	79.71157071876213	55.10571253603127
78.4195531165589	6.313102518851684	111.93772176275317	23.14352215768346	34.2313824378338	48.847500992193574	0.0007012869374423172	0.0002867251929226967	79.36546866773367	55.020981941586484
70.82227744737986	6.320067869153692	111.59769189047937	23.14874778136256	34.231379673474535	49.21409837650978	0.0007012869374423172	0.0002867251929226967	79.02090230450722	54.9339956104412
62.97354666564876	6.327022058735323	111.25913820627707	23.153918223367246	34.23137690911527	49.58010835449037	0.0007012869374423172	0.0002867251929226967	78.67786425440045	54.84480823159403
55.02619502740996	6.333964812146367	110.92205416374905	23.1590342818831	34.231374144756	49.94551642875583	0.0007012869374423172	0.0002867251929226967	78.3363471874904	54.75347348683442
47.1349772621585	6.340895860674957	110.58643324787471	23.1640967420414	34.231371380396745	50.310308456576365	0.0007012869374423172	0.0002867251929226967	77.99634381819634	54.6600440683201
39.45355476734196	6.347814942223264	110.2522689748217	23.169106376140352	34.23136861603748	50.67447064332936	0.0007012869374423172	0.0002867251929226967	77.65784690487104	54.564571695852315
32.13150374659341	6.354721801185397	109.9195548917574	23.1740639438625	34.23136585167821	51.03798953607319	0.0007012869374423172	0.0002867251929226967	77.32084924939554	54.46710713385297
25.311402249719453	6.361616188327421	109.5882845766629	23.17897019248845	34.23136308731894	51.400852017232324	0.0007012869374423172	0.0002867251929226967	76.9853436967803	54.36770020804934
19.126054501235426	6.368497860669446	109.25845163814986	23.183825857106925	34.231360322959674	51.76304529839155	0.0007012869374423172	0.0002867251929226967	76.65132313477281	54.26639982187167
13.695904278868905	6.375366581369843	108.93004971527591	23.188631660821233	34.23135755860041	52.12455691420194	0.0007012869374423172	0.0002867251929226967	76.31878049346717	54.16325397256722
9.126689383635334	6.382222119611403	108.60307247736539	23.1933883149522	34.23135479424114	52.4853747163893	0.0007012869374423172	0.0002867251929226967	75.98770874492276	54.0583097670377
5.539340769986969	6.387575145155857	108.27751362340176	23.19809505404237	34.309771270010145	52.76711290293958	0.0007012869374423172	84.82368251110911	75.65810236462957	54.02599544432336
3.22453615700484	6.368066536786062	107.9533666969133	23.202623680354016	35.700005755385156	51.740344041371394	0.0007012869374423172	314.3532829723424	75.33008285085701	55.22785717839528
1.7968748524451332	6.325668683535078	107.63062427990218	23.206690837512365	38.307015533388466	49.508878080793316	0.0007012869374423172	452.8796281032147	75.00392559120685	57.55110769886197
1.454666622042303	6.272525877810425	107.30927796743727	23.210119290921266	41.49711692129313	46.711888305811605	0.0007012869374423172	481.78617057103247	74.67979907835873	60.37967065553969
1.673184609045879	6.221037695014423	106.9893189340508	23.212873828394113	44.61880244991564	44.00198394812731	0.0007012869374423172	454.78555359107474	74.35772964636342	63.091806668982066
1.8794738445463612	6.173198655758687	106.67073845109884	23.214997148225848	47.56579152849395	41.48413977677278	0.0007012869374423172	429.3727261154529	74.03766597093059	65.58992462335563
2.074253291162118	6.1287873510902005	106.3535280224949	23.216534409078754	50.3483550515762	39.14670268895773	0.0007012869374423172	405.4536509870286	73.71955450440679	67.88735289942511
2.258199332687997	6.087595566622406	106.03767937552666	23.217527969328415	52.97615564480304	36.978714032758056	0.0007012869374423172	382.93986838766136	73.40334471676417	69.99662013529783
2.4319482994123267	6.049427498814247	105.72318444828964	23.21801755509058	55.45828374086489	34.96986835864438	0.0007012869374423172	361.7481649344124	73.08898891536778	71.92950281381407
2.5960988436159833	6.014099017761968	105.41003537787145	23.218040418249647	57.803291515202844	33.11047461905076	0.0007012869374423172	341.80026240881887	72.77644207547033	73.69707002438128
2.7512141741338048	5.981436973746363	105.09822448924332	23.217631485081927	60.01922480831458	31.391419670861	0.0007012869374423172	323.0225249554762	72.46566168079926	75.30972556677564
2.8978241583291138	5.951278544942784	104.78774428481348	23.216823496031328	62.11365315396185	29.80413394435684	0.0007012869374423172	305.3456836555874	72.15660757363433	76.77724755442458
3.03642729935709	5.923470623848375	104.47858743460696	23.215647137163533	64.09369802579009	28.340559149914277	0.0007012869374423172	288.7045774433489	71.84924181381524	78.10882566575515
3.167492596145675	5.897869240120185	104.17074676703058	23.214131163794733	65.96605940848416	26.993117901062163	0.0007012869374423172	273.0379093916714	71.543528546143	79.31309618372481
3.291461293017416	5.874339017674313	103.86421526019225	23.21230251675742	67.73704079236617	25.754685140753118	0.0007012869374423172	258.28801745991007	71.2394338756829	80.39817495415262
3.408748525500548	5.852752664013134	103.55898603373747	23.210186431740343	69.41257268498234	24.618561263848967	0.0007012869374423172	244.400658845479	70.93692575049558	81.37168838635763
3.5197448684794685	5.832990489870835	103.2550523411761	23.207806542113605	70.99823472753835	23.578446835306927	0.0007012869374423172	231.3248071333571	70.63597385135921	82.24080261213574
3.624817792534854	5.814939957361021	102.9524075626666	23.20518497562939	72.49927649975814	22.628418808474635	0.0007012869374423172	219.0124614768372	70.33654948806051	83.0122509134157
3.724313033878252	5.798495254948071	102.65104519823397	23.202342445359392	73.92063709037811	21.76290815516141	0.0007012869374423172	207.41846710120225	70.03862550187029	83.6923595205634
3.8185558830196973	5.783556897646983	102.35095886139207	23.199298335211992	75.26696350668448	20.976678823525255	0.0007012869374423172	196.50034645694905	69.74217617383185	84.28707187824764
3.907852396962831	5.770031350962963	102.05214227314873	23.196070780349412	76.54262799158639	20.26480794541892	0.0007012869374423172	186.21814039423364	69.44717713852171	84.80197146931974
3.9924905394647716	5.757830677161999	101.75458925637092	23.192676742807866	77.75174431304268	19.622667219052367	0.0007012869374423172	176.53425876394314	69.15360530295659	85.2423032822906
4.072741253691912	5.746872202527811	101.4582937304854	23.18913208260977	78.8981830877161	19.045905396200386	0.0007012869374423172	167.41333987781036	68.8614387703344	85.61299400409509
4.148859471250687	5.737078204369528	101.16324970649929	23.18545162463391	79.98558619569862	18.530431808922344	0.0007012869374423172	158.82211830610456	68.57065676832816	85.91867101321631
4.221085061340705	5.728375616616825	100.86945128231683	23.181649221493622	81.01738033984174	18.07240087456953	0.0007012869374423172	150.72930052183236	68.28123958165932	86.163680243837
4.289643723618361	5.72069575288823	100.57689263833966	23.177737812662674	81.99678980095109	17.66819752043294	0.0007012869374423172	143.10544792120734	67.99316848869903	86.35210298871948
4.3547478280502006	5.713974046014734	100.28556803332802	23.17372948006772	82.92684843569167	17.314423474459442	0.0007012869374423172	135.92286679067365	67.70642570185602	86.4877717026467
4.4165972049420965	5.7081498030291815	99.99547180051374	23.169635500360155	83.81041096271875	17.007884369956717	0.0007012869374423172	129.1555048029289	67.42099431152997	86.57428486654598
4.475379888165901	5.7031659746835945	99.70659834394307	23.165466394068968	84.65016358020166	16.745577614925804	0.0007012869374423172	122.77885364598973	67.13685823340673	86.6150209692659
4.531272814273409	5.698968938659009	99.41894213504173	23.16123197181435	85.44863395316608	16.524680982052875	0.0007012869374423172	116.76985743278033	66.85400215890901	86.61315165776425
4.584442480131952	5.695508295650192	99.13249770938413	23.15694137775776	86.20820060828812	16.342541876325665	0.0007012869374423172	111.10682654604432	66.5724115086086	86.5716541053757
4.635045561575188	5.692736677550811	98.84725966365839	23.152603130455066	86.93110177176291	16.196667239516145	0.0007012869374423172	105.76935659178265	66.29207238842591	86.4933226452101
4.68322949531217	5.6906095670428245	98.56322265281274	23.148225161262378	87.61944368229123	16.084714054885268	0.0007012869374423172	100.73825216728578	66.0129715484529	86.38077971097492
4.729133026307608	5.68908512790298	98.28038138737297	23.14381485044234	88.27520841079748	16.00448041594614	0.0007012869374423172	95.99545515375766	65.7350963442416	86.23648612696519
4.772886722730123	5.688124045375315	97.99873063092335	23.13937906111095	88.90026121683341	15.953897125016399	0.0007012869374423172	91.52397725873965	65.45843470041102	86.06275078677899
4.814613460401084	5.687689376009885	97.71826519773548	23.134924171153703	89.49635746927571	15.931019789993744	0.0007012869374423172	87.30783655510051	65.18297507642836	85.86173975718823
4.854428878435746	5.687746406442237	97.43897995054311	23.130456103224176	90.06514915548516	15.934021391696467	0.0007012869374423172	83.3319977948695	64.90870643444948	85.63548483909422
4.892441807908921	5.688262520545015	97.16086979844795	23.125980352947177	90.60819100510196	15.961185291842673	0.0007012869374423172	79.58231625782972	64.63561820908204	85.3858916201055
4.928754675087778	5.689207074472553	96.88392969495384	23.121502015429602	91.1269462505142	16.01089865644996	0.0007012869374423172	76.04548493269789	64.36370027896575	85.11474704784963
4.963463880708105	5.69055127914033	96.60815463611733	23.117025810177285	91.62279204509029	16.08164627054347	0.0007012869374423172	72.70898483744293	64.09294294005936	84.8237265518451
4.996660156755125	5.692268089685475	96.33353965881115	23.112556104515622	92.09702456004773	16.172004720287987	0.0007012869374423172	69.56103828725546	63.82333688053389	84.51440074150457
5.028428902121392	5.694332101482379	96.06007983909053	23.108096935605296	92.55086377956582	16.280636920124994	0.0007012869374423172	66.59056493031912	63.554873157170334	84.18824170614323
5.058850498396259	5.69671945232377	95.78777029065951	23.103652031137063	92.98545801206393	16.406286964408768	0.0007012869374423172	63.787140386971515	63.28754317317553	83.84662894066186
5.0880006068517245	5.6994077304369	95.5166061634275	23.099224828776393	93.40188813285629	16.54777528615241	0.0007012869374423172	61.14095735273791	63.021338657335875	83.49085491697188
5.11595044786231	5.7023758879503506	95.24658264215515	23.094818494440798	93.80117157586464	16.70399410264982	0.0007012869374423172	58.642789003024504	62.756251644424935	83.12213032451974
5.142767063759944	5.705604159500963	94.97769494517914	23.090435939476425	94.184266088688	16.873903131629415	0.0007012869374423172	56.283954568322216	62.492274456788564	82.74158899877037
5.168513566068055	5.709073985687564	94.70993832321551	23.086079836796994	94.55207326451816	17.056525562503136	0.0007012869374423172	54.056286956171256	62.22939968704386	82.35029255546887
5.193249368059217	5.712767941078389	94.44330805823542	23.08175263604813	94.90544186439189	17.25094426728342	0.0007012869374423172	51.95210229613759	61.96762018182307	81.94923474848433
5.21703040354008	5.7166696664917644	94.17779946240594	23.077456577857195	95.24517094268994	17.45629823640842	0.0007012869374423172	49.96417128938877	61.70692902649519	81.53934556826887
5.239909332718631	5.720763805284338	93.9134078770977	23.0731937072259	95.57201278809781	17.671779225491253	0.0007012869374423172	48.08569225079107	61.44731953080961	81.12149509707545
5.261935735825061	5.7250359434387805	93.65012867194929	23.06896588611022	95.88667568961823	17.896628602040835	0.0007012869374423172	46.31026575559228	61.18878521540768	80.69649713356934
5.283156295233412	5.729472553218739	93.38795724399051	23.06477480523762	96.18982653830896	18.1301343799334	0.0007012869374423172	44.63187079275306	60.93131979915402	80.26511260094142
5.303614966824778	5.734060940161304	93.12688901681595	23.060621995210884	96.48209327532848	18.371628429542096	0.0007012869374423172	43.04484232787294	60.674917187230044	79.8280527524764
5.323353141182722	5.7387891932234405	92.8669194398101	23.056508836938	96.76406719472769	18.620483853865075	0.0007012869374423172	41.54385019829218	60.41957145995163	79.38598218572541
5.342409795206488	5.7436461379007815	92.60804398741726	23.052436571427076	97.03630510935291	18.876112521093557	0.0007012869374423172	40.12387926364971	60.16527686226508	78.93952167631203
5.36082163472678	5.748621292137082	92.35025815845749	23.048406308985328	97.29933138821421	19.137962744056708	0.0007012869374423172	38.7802107352506	59.91202779388382	78.48925084240976
5.378623228682401	5.7537048248512255	92.0935574754808	23.044419037859328	97.55363987329451	19.405517097432696	0.0007012869374423172	37.50840461110287	59.65981880002085	78.03571065040244
5.3958471353866475	5.758887516917413	91.83793748416191	23.040475632351757	97.79969568335518	19.678290364074176	0.0007012869374423172	36.30428314729704	59.408644562684216	77.57940577171452
5.412524021283564	5.764160724474452	91.58339375273094	23.03657686044138	98.03793691045398	19.95582760391835	0.0007012869374423172	35.16391531330937	59.158499892503976	77.12080679834366
5.428682772637586	5.769516344426498	91.32992187143684	23.032723390935686	98.26877621551145	20.237702338236556	0.0007012869374423172	34.08360217311165	58.90937972105846	76.66035232545669
5.444350600638228	5.7749467819856095	91.07751745204482	23.02891580018843	98.49260232980633	20.523514841347684	0.0007012869374423172	33.05986312895861	58.66127909366846	76.19845091013835
5.459553140277092	5.780444920145391	90.82617612736139	23.02515457840575	98.70978146750438	20.812890533967742	0.0007012869374423172	32.08942298105038	58.41419316262981	75.73548291301537
5.47431454334812	5.7860040909766255	90.57589355079007	23.021440135564337	98.92065865423336	21.105478472453754	0.0007012869374423172	31.16919975707095	58.168117180863426	75.27180222938291
5.488657565922512	5.791618048635992	90.32666539591138	23.017772806964956	99.12555897672468	21.40094992820991	0.0007012869374423172	30.296293265568455	57.92304649595393	74.80773791644553
5.5026036506462415	5.797280943979734	90.07848735608928	23.01415285844461	99.32478875849223	21.698997051564753	0.0007012869374423172	29.467974327569756	57.678976544554985	74.34359572324114
5.516173004178045	5.802987300683737	89.83135514409904	23.0105804912684	99.51863666608944	21.999331614933336	0.0007012869374423172	28.681674644789652	57.43590284713578	73.87965952923044
5.529384670070119	5.808731992776048	89.58526449177953	23.00705584672131	99.7073747502619	22.301683830318094	0.0007012869374423172	27.93497726481336	57.193821003051525	73.4161926972605
5.542256597280592	5.814510223523395	89.34021114970307	23.003579010412388	99.89125942469724	22.60580123807322	0.0007012869374423172	27.225607618500774	56.952726685918265	72.95343934444696
5.554805704639204	5.820317505571713	89.09619088686725	23.000150016312794	100.07053238696312	22.91144766166887	0.0007012869374423172	26.551425087471337	56.71261563927531	72.49162553705133
5.567047941512944	5.826149642264267	88.85319949040243	22.996768850544107	100.24542148515941	23.218402224434893	0.0007012869374423172	25.91041506935273	56.473483672512714	72.03096041398922
5.578998344875432	5.8320027100740255	88.61123276529784	22.993435454930456	100.41614153319495	23.526458424948505	0.0007012869374423172	25.30068151407984	56.2353266570527	71.57163724281887
5.590671092984301	5.8378730420869385	88.37028653414309	22.990149730328064	100.58289507760736	23.835423267733372	0.0007012869374423172	24.720439904484177	55.99814052276891	71.11383441205358
5.602079555870786	5.843757212472782	88.13035663688393	22.986911539745723	100.74587311884287	24.145116445935646	0.0007012869374423172	24.168010654419994	55.76192125462837	70.65771636364443
5.613236342844279	5.849652021880536	87.89143893059395	22.983720711269815	100.90525578989278	24.455369572659635	0.0007012869374423172	23.641812897846236	55.52666488954447	70.20343446946121
5.624153347195437	5.855554483701553	87.65352928925563	22.980577040805905	101.06121299490931	24.76602545797628	0.0007012869374423172	23.14035864483213	55.292367513422306	69.75112785521499
5.634841788277688	5.861461811144346	87.41662360355834	22.977480294649073	101.21390501037006	25.076937428649593	0.0007012869374423172	22.662247280886245	55.059025258391905	69.30092417523367
5.645312251062283	5.867371405091902	87.18071778070376	22.97443021188906	101.36348305014997	25.38796868904727	0.0007012869374423172	22.2061603971824	54.826634300213684	68.8529403398552
5.655574723353573	5.8732808426832435	86.94580774422501	22.97142650666284	101.5100897971684	25.698991720170497	0.0007012869374423172	21.77085692718748	54.595190855849886	68.40728319897715
5.665638630818127	5.879187866571811	86.71188943381371	22.96846887026469	101.6538599038049	26.009887714305638	0.0007012869374423172	21.355168569588827	54.36469118118607	67.96405018464121
5.675512869942271	5.885090374824947	86.47895880515829	22.965556973121423	101.79492046272125	26.320546043418073	0.0007012869374423172	20.957995482488005	54.13513156889849	67.5233299148211
5.685205839033095	5.890986411428933	86.24701182978967	22.9626904666404	101.93339144973302	26.630863759417352	0.0007012869374423172	20.578302233804223	53.90650834645578	67.08520276057067
5.694725467377661	5.896874157363877	86.01604449493641	22.959868984937923	102.06938614036967	26.94074512441441	0.0007012869374423172	20.215113992842088	53.678817874249404	66.64974137869955
5.7040792426753395	5.902751922212847	85.78605280338738	22.957092146455643	102.20301150176508	27.250101169096997	0.0007012869374423172	19.867512947971157	53.45205654384347	66.21701121213722
5.71327423685431	5.908618136270863	85.55703277336015	22.954359555472344	102.33436856146466	27.558849277413646	0.0007012869374423172	19.534634935875776	53.226220776334536	65.78707096007149
5.7223171303743925	5.9144713431218525	85.32898043837945	22.951670803517906	102.4635527546087	27.86691279588678	0.0007012869374423172	19.21566626896642	53.00130702081931	65.3599730198001
5.7312142350953215	5.920310192659312	85.10189184715858	22.949025470694608	102.59065425062197	28.17422066627942	0.0007012869374423172	18.909840750619566	52.777311752957466	64.93576390176217
6.074982173039853	5.926884977938979	84.87576306430617	22.946424575426335	102.6761585836725	28.520261996788147	0.0007012869374423172	0.00019907562810566218	52.5542300288216	64.47697987436548
7.981687228330348	5.935019971886434	84.65059020836553	22.943885391540043	102.67615523485293	28.948419572969986	0.0007012869374423172	0.00019907562810566218	52.332040735354184	63.94327098267813
11.56125460757467	5.9430877725533025	84.42636947301793	22.94141280458485	102.67615188603335	29.373040660699907	0.0007012869374423172	0.00019907562810566218	52.110735198036416	63.416251601574956
16.796237060964994	5.9510892208504504	84.20309706911466	22.93900557268636	102.67614853721378	29.79416951844455	0.0007012869374423172	0.00019907562810566218	51.89031087467835	62.89581759179311
23.66111874429701	5.959025144605417	83.98076921844634	22.936662475705052	102.6761451883942	30.21184971607433	0.0007012869374423172	0.00019907562810566218	51.67076521231606	62.3818665549796
32.12243957688531	5.96689635878113	83.75938215378712	22.934382314861512	102.67614183957461	30.626124146375034	0.0007012869374423172	0.00019907562810566218	51.45209564762974	61.874297804017004
42.13895833778326	5.974703665690825	83.53893211893936	22.93216391236812	102.67613849075504	31.037035036358976	0.0007012869374423172	0.00019907562810566218	51.234299607355915	61.373012333862704
53.66185367095849	5.982447855209365	83.31941536877446	22.930006111067062	102.67613514193546	31.444623958387414	0.0007012869374423172	0.00019907562810566218	51.0173745086894	60.87791279288266
66.63496205084216	5.990129704980906	83.10082816927375	22.927907774074555	102.67613179311589	31.848931841100075	0.0007012869374423172	0.00019907562810566218	50.80131775967922	60.38890345468027
80.99505152157236	5.997749980623058	82.88316679756649	22.925867784431205	102.6761284442963	32.24999898016068	0.0007012869374423172	0.00019907562810566218	50.58612675961544	59.90589019040499
89.26298962507366	6.005309964379857	86.70472189280532	22.924211158854366	96.39454922977787	32.64789286209756	1279.1345753260177	0.00019907562810566218	54.4017073193117	59.44505972372301
93.82310116888236	6.012815324704928	91.59943838585683	22.923707770646594	88.41359024721159	33.0429118265749	1111.832100704629	0.00019907562810566218	59.28715630260438	59.04462229708113
97.68738017052401	6.020273535959326	95.77125835827877	22.924259644770387	81.52516348517307	33.43544926101691	958.0616153144907	0.00019907562810566218	63.45009851647479	58.69930544055092
100.96688268418644	6.027691050980862	99.314303964047	22.925709636320548	75.58761339306584	33.82584478846616	826.2900692615906	0.00019907562810566218	66.98462507757068	58.40092926698211
103.74877857977877	6.035073360657782	102.32056363255164	22.927922896782103	70.46195976504139	34.21438740304088	714.1081828054472	0.00019907562810566218	69.98267538499891	58.14247680621384
106.10829111262284	6.0424251343790525	104.87057450459761	22.930784599100583	66.02643082009861	34.601322862055085	618.8590132044976	0.00019907562810566218	72.5247404246471	57.91797323607456
108.10932913524644	6.04975034305247	107.03332061544967	22.93419721937969	62.17669884472008	34.986860160655986	538.0049690902619	0.00019907562810566218	74.67976386833269	57.722343816359015
109.80570888173295	6.057052364495919	108.8671603318586	22.938077954485635	58.82451413228701	35.371177078732245	469.2749841290601	0.00019907562810566218	76.50607023689855	57.551279499483925
111.2425436551593	6.064334072689223	110.42113082497141	22.942356416043374	55.89574569470108	35.7544248783798	410.70712428581714	0.00019907562810566218	78.05266907078585	57.40111716770571
112.45758675329905	6.071597912892941	111.73630698231685	22.9469726396531	53.32832843366008	36.136732257522816	360.64059468298433	0.00019907562810566218	79.36061311643027	57.268736338006136
113.48243605590093	6.078845964698665	112.84706594815191	22.95187539921523	51.070348078420935	36.51820866835037	317.68576306639574	0.00019907562810566218	80.46426202488632	57.15147172582633
114.34357290027971	6.086079994921962	113.78219959249265	22.957020795368678	49.078354354812994	36.8989471011555	280.68736308541196	0.00019907562810566218	81.39239400910516	57.047040022333995
115.0632374651994	6.09330150201562	114.56586320382601	22.962371080567248	47.315921633057826	37.279026421874214	248.68783987856906	0.00019907562810566218	82.16915381562694	56.95347892757958
115.66015684475305	6.100511753432917	115.21836984293112	22.967893683817856	45.752443465383934	37.658513338574046	220.89421010282368	0.00019907562810566218	82.81484646618033	56.86909651924515
116.15014549927017	6.107711817138233	115.7568484412689	22.973560401627868	44.362133900503494	38.037464059906505	196.64923819249958	0.00019907562810566218	83.34659484994056	56.79242922448001
116.54659872291984	6.114902588257671	116.19578565784794	22.979346726245502	43.12320533460614	38.415925697771705	175.4072417278149	0.00019907562810566218	83.77888116926333	56.722206899389825
116.86089724955625	6.122084811688041	116.5474706895388	22.985231286838037	42.017193798587726	38.79393745726488	156.71398920059835	0.00019907562810566218	84.12399141986046	56.657323757498084
117.10273906036615	6.129259101337008	116.82235999974583	22.991195383410115	41.02840592370792	39.17153164931582	140.1902395020366	0.00019907562810566218	84.3923798566219	56.59681410365377
117.28041150012248	6.136425956547131	117.02937648198008	22.997222596862926	40.143465525310155	39.54873455511176	125.51821826306553	0.00019907562810566218	84.59296794921816	56.53983201578843
117.40101498256662	6.143585776158031	117.17615509543282	23.00329846162259	39.35094150644439	39.92556716621176	112.43065275877566	0.00019907562810566218	84.73338985410143	56.48563427322671
117.47064713110989	6.150738870580483	117.26924490719978	23.00941018976694	38.64104197529666	40.302045820025015	100.70182114694161	0.00019907562810566218	84.82019432877469	56.43356595932156
117.49455470185161	6.157885472190735	117.3142756108394	23.015546437625655	38.00536230685459	40.67818274688044	90.1402546979961	0.00019907562810566218	84.85901115091133	56.383048271744684
117.47725925864832	6.165025744299849	117.31609505883115	23.021697107490375	37.43667721008714	41.05398654209695	80.58280910046577	0.00019907562810566218	84.85468857419183	56.33356815952478
117.42266122034746	6.172159788908992	117.27888311057428	23.02785317841627	36.928768742059745	41.42946257415708	71.88976407846114	0.00019907562810566218	84.81140711792163	56.28466947536242
117.33412629453038	6.179287653426055	117.20624604595434	23.034006561184132	36.47628381183163	41.80461333821307	63.94083347989315	0.00019907562810566218	84.7327739368959	56.23594538790226
117.21455731847638	6.186409336489506	117.1012949948262	23.040149973369424	36.07461593331592	42.179438762605244	56.631871016963686	0.00019907562810566218	84.6219012190182	56.18703184399433
117.06645401461377	6.193524793021078	116.96671115887727	23.046276831174023	35.719807012194586	42.55393647479323	49.87213706011145	0.00019907562810566218	84.48147138493286	56.13760190764557
116.89196269210431	6.200633938609064	116.8048000663634	23.05238115524941	35.40846576767691	42.92810203205564	43.58202206232486	0.00019907562810566218	84.31379132845653	56.08736083201543
116.69291752154767	6.207736653307344	116.61753666954002	23.05845748820359	35.13770004527629	43.301929121438796	37.69113519569833	0.00019907562810566218	84.12083750632324	56.03604174481044
116.47087475055332	6.214832784921129	116.40660274066826	23.064500821858616	34.90506081562204	43.67540973269067	32.13671413441499	0.00019907562810566218	83.90429333214479	55.98340184687234
116.22714079890994	6.221922151839163	116.17341775246815	23.07050653262885	34.708496064863326	44.04853430732393	26.862232412774723	0.00019907562810566218	83.66558005971929	55.929219039482426
115.96279523774608	6.229004545461858	115.91916417478483	23.076470323634734	34.54631316983453	44.421291866413036	21.81624067250234	0.00019907562810566218	83.40588208697558	55.87328890864214
115.67870917517949	6.236079732266774	115.6448079528444	23.082388172363554	34.4171486038974	44.79367011930333	16.951320359420986	0.00019907562810566218	83.12616744558912	55.815422004837004
115.3755597104453	6.243147455545193	115.35111475098313	23.088256282845748	34.31994409678181	45.165655555009636	12.223188922963246	0.00019907562810566218	82.8272040600168	55.75544136502579
115.0538407498047	6.250207436837738	115.03866243062629	23.09407104143996	34.253928546969405	45.53723351777521	7.589868781101366	0.00019907562810566218	82.5095722446964	55.693180230108844
114.6420955527374	6.257259376653678	114.70024009855975	23.09982856349084	34.23043627014208	45.90838824492981	0.0006593274890019273	0.00019907562810566218	82.16607937631578	55.628459341855766
113.37822758307539	6.264302947561884	114.34821174133991	23.105523995512314	34.23043320111433	46.27910250325639	0.0006593274890019273	0.00019907562810566218	81.80906960661387	55.56105239751925
111.0342341400613	6.271337808794384	113.99771287169041	23.111157392251837	34.23043013208658	46.64935835759852	0.0006593274890019273	0.00019907562810566218	81.45364818307193	55.49097917287039
107.65575886402925	6.278363626500943	113.6487366862414	23.116729664282175	34.23042706305884	47.01913823689109	0.0006593274890019273	0.00019907562810566218	81.09980740714444	55.41830188905943
103.30858932288568	6.285380074642093	113.30127641457517	23.122241707215974	34.23042399403109	47.38842498116218	0.0006593274890019273	0.00019907562810566218	80.7475396281025	55.34308162869171
98.07737594595453	6.292386834846139	112.95532531902255	23.12769440195955	34.230420925003344	47.75720183400672	0.0006593274890019273	0.00019907562810566218	80.39683724257735	55.26537835566812
92.06398367404447	6.29938359626867	112.61087669445996	23.133088614962386	34.2304178559756	48.12545243519251	0.0006593274890019273	0.00019907562810566218	80.04769269410886	55.18525093468345
85.38550837036301	6.306370055454499	112.26792386810959	23.138425198462333	34.230414786947854	48.493160813394034	0.0006593274890019273	0.00019907562810566218	79.70009847270137	55.102757150389294
78.17199666181875	6.313345916202047	111.92646019933999	23.14370499072662	34.230411717920106	48.86031137905445	0.0006593274890019273	0.00019907562810566218	79.35404711438412	55.01795372622634
70.56391366945049	6.320310889430034	111.58647907947079	23.148928816288738	34.230408648892364	49.22688891736956	0.0006593274890019273	0.00019907562810566218	79.00953120078	54.930896342932975
62.70940767123344	6.327264693046577	111.2479739315757	23.154097486181303	34.230405579864616	49.592878581398146	0.0006593274890019273	0.00019907562810566218	78.66654335867656	54.84163965673402
54.761425394324114	6.334207051820478	110.91093821029175	23.15921179816487	34.230402510836875	49.95826588528767	0.0006593274890019273	0.00019907562810566218	78.32507625960719	54.750237317217284
46.874733636104	6.341137697254833	110.57536540162664	23.1642725369529	34.230399441809126	50.32303669762212	0.0006593274890019273	0.00019907562810566218	77.98512261943439	54.656741984901174
39.20290573776215	6.348056367462807	110.24124902276982	23.169280474432856	34.230396372781385	50.68717723488395	0.0006593274890019273	0.00019907562810566218	77.64667519794061	54.561205348500124
31.895331195137157	6.354962807045599	109.90858262190451	23.17423636988349	34.23039330375364	51.05067405503089	0.0006593274890019273	0.00019907562810566218	77.3097267984237	54.463678141892274
25.094306150515358	6.361856766972526	109.57735977802164	23.17914097018847	34.23039023472589	51.41351405118491	0.0006593274890019273	0.00019907562810566218	76.9742702672981	54.364210160794855
18.932263187258695	6.368738004463188	109.24757410073637	23.18399501004628	34.23038716569814	51.77568444543026	0.0006593274890019273	0.00019907562810566218	76.6402984937022	54.26285027915243
13.529191630728054	6.375606282871732	108.91921923010432	23.18879921217662	34.2303840966704	52.1371727827221	0.0006593274890019273	0.00019907562810566218	76.30780440910898	54.15964646524219
8.990302837750813	6.382461371573095	108.59228883644167	23.193554287523185	34.23038102764266	52.497966924899096	0.0006593274890019273	0.00019907562810566218	75.9767809869441	54.05464579750223
5.443303470855633	6.387435724037758	108.26677661946668	23.198258868466347	34.328721925005176	52.75977494935509	0.0006593274890019273	94.41354079724823	75.64722330439103	54.04115722142717
3.1635198637878776	6.366970451514991	107.9426761047069	23.202776364666356	35.76957899830821	51.68265534289369	0.0006593274890019273	320.34537425174705	75.31926121760482	55.29029565756596
1.7652011626763369	6.324003625348823	107.61997983479988	23.20682440797077	38.407053670849876	49.42124343941115	0.0006593274890019273	455.88056174628434	74.99316908865127	57.64103913109525
1.4621041194318678	6.2707588167404555	107.29867938099869	23.210230209762578	41.60315234804508	46.61888509160235	0.0006593274890019273	480.86578520989445	74.66911094933691	60.473569651103965
1.6802052813567532	6.21939520556082	106.9787659143583	23.212962982768214	44.7188832326863	43.915537134779434	0.0006593274890019273	453.9193078994424	74.34710871416122	63.178388860367626
1.8861022065584667	6.171673186014518	106.66023071358315	23.21506608180848	47.66026787842507	41.40385189550036	0.0006593274890019273	428.5574134246408	74.02711041095222	65.66964478969592
2.080512405717086	6.12737179911872	106.34306529019781	23.216584569995945	50.43755643783391	39.07219995361625	0.0006593274890019273	404.68625481919906	73.7090625950113	67.9606385438591
2.26411089680483	6.086283253730914	106.02726137867212	23.217560715887288	53.06039202480168	36.90964493320543	0.0006593274890019273	382.2175511716441	73.39291483311807	70.06387310781643
2.4375327252952745	6.048212144413706	105.7128109238809	23.21803416116925	55.53784671752232	34.90590233756287	0.0006593274890019273	361.0682573908788	73.07861952366378	71.99110083777511
2.60137533484966	6.01297471572082	105.39970606931179	23.218042078365947	57.878455425442105	33.05130082741101	0.0006593274890019273	341.1602535661517	72.76613172749033	73.75336813225412
2.7562007973607145	5.980398170146869	105.08793914597976	23.217619319160644	60.090247747028606	31.336745797203044	0.0006593274890019273	322.42005275765115	72.45540900880098	75.36105745068652
2.9025379106836215	5.950320017154803	104.7775026620016	23.216798553888275	62.18077793735584	29.75368511341011	0.0006593274890019273	304.77852612615385	72.1464112855417	76.82392683667133
3.0408841718931976	5.922587460846896	104.46838929279583	23.21561040272231	64.15715309749264	28.29407688667814	0.0006593274890019273	288.17064437440547	71.83910068869558	78.15114709376853
3.171707633490029	5.897056823974744	104.16059187186657	23.21408355905163	66.0260596917331	26.95035915656483	0.0006593274890019273	272.53523452750704	71.53344142995448	79.3513367538422
3.2954486494883097	5.873593006135548	103.85410338214055	23.21224490551051	67.79378849170853	25.715421375554527	0.0006593274890019273	257.81475114375945	71.22939967727496	80.43259496874595
3.412521517908571	5.852068974129536	103.54891694781985	23.210119623097217	69.4662580405694	24.58257758576446	0.0006593274890019273	243.95506110113215	70.9269434378464	81.40253244838185
3.5233160258048977	5.832365282575058	103.24502582672528	23.20773129379077	71.04903672480265	23.54554118816033	0.0006593274890019273	230.90524115605166	70.6260424480379	82.2683005607834
3.6281989026263064	5.814369622980976	102.94242340309422	23.20510199705292	72.54736353653706	22.598401209524447	0.0006593274890019273	218.61738751450258	70.32666806990095	83.03661870359511
3.7275151873954484	5.797976399573525	102.64110318081335	23.202252400581813	73.96616760466766	21.73559997755333	0.0006593274890019273	207.04643669684327	70.0287931938433	83.71380005041217
3.8215895147578767	5.78308633030902	102.34105877705335	23.19920184565448	75.31008656698806	20.951912121526778	0.0006593274890019273	196.14999703415	69.73239214710412	84.30577576727077
3.9107273247499146	5.769606071566915	102.04228391628683	23.19596842738218	76.5834838525886	20.242424819310695	0.0006593274890019273	185.88819016073566	69.43744060768873	84.81811779076108
3.995216000762891	5.7574478651330425	101.74477242466442	23.192569070177413	77.79046493848827	19.602519217527934	0.0006593274890019273	176.22350191605076	69.14391552343957	85.25606025221636
4.07532593998813	5.7465292061428626	101.44851822472651	23.189019598718737	78.93489264170597	19.027852954886878	0.0006593274890019273	167.12064209450887	68.85179503593535	85.62451962879157
4.151311560413689	5.736772530720538	101.15351533043425	23.185334804685326	80.02040150492824	18.514343722132935	0.0006593274890019273	158.54641250972043	68.5610584089305	85.9281136982372
4.2234122480638705	5.728104922168108	100.85975784249568	23.181528509507547	81.05041132850226	18.058153798320877	0.0006593274890019273	150.46958288945942	68.27168596106546	86.17117936696972
4.29185324804793	5.720457834597187	100.56723994397493	23.17761362337189	82.02813989970312	17.65567550511446	0.0006593274890019273	142.8607741339612	67.98365900259729	86.3577894387331
4.3568465027538394	5.713766832967716	100.2759558961619	23.173602200702792	82.9566149669304	17.303517524615984	0.0006593274890019273	135.6923485004232	67.69695977590675	86.4917683867517
4.418591440276132	5.707971348574413	99.98590003469359	23.169505492327772	83.83868550296314	16.998492030231628	0.0006593274890019273	128.93830630886373	67.41157139956614	86.57670718766586
4.477275716080778	5.703014449048933	99.69706676590354	23.16533399452619	84.67703230017239	16.737602581522157	0.0006593274890019273	122.57418877585104	67.12747781574531	86.61597727386086
4.53307591073942	5.698842621997924	99.40945056339501	23.16109749515095	85.47417793815298	16.51803273673223	0.0006593274890019273	116.57698660488605	66.84466374076199	86.6127436576493
4.586158186232225	5.695405571501442	99.12304596481609	23.15680511698975	86.23249615947876	16.337135342180545	0.0006593274890019273	110.92505400595732	66.5631146185886	86.56997727441347
4.636678903329052	5.692656026692191	98.83784756883149	23.15246535853366	86.95422068943344	16.192422457483143	0.0006593274890019273	105.59802781534951	66.28281657714301	86.49046659207144
4.6847852023656715	5.690549561696566	98.55385003227376	23.148086132307483	87.64145353281371	16.08155587876601	0.0006593274890019273	100.57675141212506	66.00375638719134	86.3768285305437
4.730615549524292	5.689044426282408	98.27104806746779	23.143674800902865	88.29617277793686	16.00233822538926	0.0006593274890019273	95.84320315484722	65.72592142371694	86.2315187310207
4.774300250703986	5.688101386566141	97.9894364397149	23.139238210853268	88.92023993764677	15.952704556112108	0.0006593274890019273	91.38042906525119	65.44929962960188	86.05684121435418
4.815961934950709	5.687683575167631	97.70900996492882	23.13478272448234	89.5154068554571	15.930714482506271	0.0006593274890019273	87.17247950072785	65.17387948148297	85.85495746573325
4.855716009249821	5.687756350253072	97.4297635074134	23.130314249845977	90.08332220258727	15.93454475016112	0.0006593274890019273	83.20434957936081	64.89964995765158	85.62789497964306
4.89367108627359	5.68828716297155	97.15169197777344	23.125838268874396	90.62553758864112	15.962482261659943	0.0006593274890019273	79.46192314883163	64.62660050788274	85.37755529514017
4.929929386808863	5.689245432749497	96.87479033095292	23.121359863829376	91.14351331057358	16.012917513130862	0.0006593274890019273	75.93192007309915	64.35472102507285	85.10572155399183
4.964587118307492	5.690602429995417	96.59905356438863	23.11688374217287	91.638623760554	16.08433842081086	0.0006593274890019273	72.60184664782821	64.08400181857806	84.81406560887048
4.997734830945217	5.692331165784406	96.32447671627799	23.11241425993957	92.11216251252151	16.175324514968153	0.0006593274890019273	69.45994896295451	63.81443358915956	84.50415470775602
5.029457752563401	5.69440628809601	96.0510548639489	23.107955443705038	92.565347107067	16.28454147873677	0.0006593274890019273	66.49516903229652	63.546007405432455	84.17745778044926
5.059836103781762	5.69680398420537	95.77878312232806	23.103511011235426	92.99932355304358	16.410736010808357	0.0006593274890019273	63.69710352139647	63.27871468172864	83.83535135150065
5.088945394462922	5.699501888861082	95.50765664250181	23.099084390897552	93.41517056277443	16.55273099268796	0.0006593274890019273	61.055964918851686	63.012547157289134	83.47912510182137
5.116856702519452	5.702478997942224	95.23767061036398	23.094678739895443	93.81390353501058	16.709420944326997	0.0006593274890019273	58.5625450213128	62.74749687671456	83.10998709765887
5.143636936231896	5.705715587231848	94.96882024534375	23.090296961411262	94.19647830233122	16.87976774904401	0.0006593274890019273	56.208180579030724	62.48355617158876	82.72906870896863
5.1693490810184475	5.709193136014807	94.70110079921105	23.085941720713425	94.5637946564248	17.06279663235769	0.0006593274890019273	53.9847209786716	62.22071764321065	82.33742923492876
5.194052431540037	5.712894255225589	94.4345075549547	23.081615460290866	94.91669966387607	17.257592380293527	0.0006593274890019273	51.884497847590765	61.95897414637055	81.93606025326183
5.217802810024827	5.716802619871858	94.16903582572526	23.077320414072314	95.25599078508736	17.463295782728817	0.0006593274890019273	49.90029646373882	61.69831877410419	81.52588971002073
5.240652771662034	5.720902905469587	93.90468095384524	23.07305862078744	95.58241880847605	17.679100287872394	0.0006593274890019273	48.02532885979085	61.43874484337052	81.10778576589064
5.262651797868614	5.725180728240617	93.64143830987513	23.068831936523303	95.89669061142719	17.904248854768746	0.0006593274890019273	46.25320851623593	61.1802458815881	80.68256041413217
5.2838464780711485	5.729622588873023	93.37930329173824	23.064642046519044	96.19947175717768	18.138030993316406	0.0006593274890019273	44.57792655922305	60.922815613990664	80.250972882299
5.304280680678233	5.734215819634817	93.11827132389624	23.06049047624379	96.4913889372789	18.379779980779233	0.0006593274890019273	42.99382937469393	60.6664479517484	79.81373283044651
5.32399571395751	5.73894853461914	92.8583378565759	23.056378601805424	96.77303226984	18.628870243112043	0.0006593274890019273	41.49559754519855	60.41113698080832	79.37150335931214
5.34303047737177	5.743809582949007	92.59949836504035	23.052307659727173	97.04495746147228	18.884714892052404	0.0006593274890019273	40.078226036759254	60.15687695140981	78.92490383890632
5.36142160391896	5.748788504772297	92.34174834890594	23.048278756128337	97.30768784071786	19.14676340906768	0.0006593274890019273	38.737005564369234	59.90366226824058	78.47451256779985
5.379203594021555	5.753875489877839	92.08508333149878	23.044292875345484	97.56171627075491	19.414499467254064	0.0006593274890019273	37.46750506466392	59.65148748119037	78.02086927338019
5.396408941492583	5.759061338768802	91.82949885924997	23.04035088802933	97.80750694891245	19.687438882567996	0.0006593274890019273	36.26555520665764	59.40034727666676	77.56447746302442
5.413068252070111	5.764337426040745	91.57499050112767	23.036453558750043	98.04549710002	19.96512768635442	0.0006593274890019273	35.127232876099015	59.15023646943821	77.10580663546283
5.429210354923557	5.769695665939174	91.3215538481018	23.03260155313778	98.27609856935493	20.247140312587522	0.0006593274890019273	34.04884658059738	58.90114999497353	76.64529435992836
5.44486240750576	5.7751284799804665	91.06918451264224	23.028795444583533	98.49969932052926	20.533077893708214	0.0006593274890019273	33.026922726506335	58.65308290225365	76.18334823015121
5.460049994226249	5.780628766488685	90.81787812824511	23.02503572053175	98.71666484510767	20.822566657298633	0.0006593274890019273	32.0581927052793	58.40603034701877	75.72034770215119
5.474797219283199	5.786189871943373	90.56763034898913	23.021322788387437	98.9273394887784	21.11525641807169	0.0006593274890019273	31.139580745053017	58.15998758543028	75.25664582220116
5.489126793980142	5.791805564037332	90.3184368491162	23.01765698105925	99.13204769873471	21.41081915985901	0.0006593274890019273	30.268192484754707	57.914949968120155	74.79257085109387
5.503060118852882	5.7974700063431515	90.07029332263902	23.0140385621604	99.33109519691672	21.708947702270542	0.0006593274890019273	29.4413042280626	57.67091293460885	74.32842779086039
5.516617360931837	5.803177734487737	89.82319548297022	23.01046773088893	99.52477008375895	22.009354446722405	0.0006593274890019273	28.65635283462553	57.42787200806461	73.8644998200576
5.529817526439934	5.8089236337415615	89.57713906257409	23.006944626607414	99.71334387673176	22.311770196923682	0.0006593274890019273	27.910926209198283	57.18582279038536	73.40104964329049
5.542678529217917	5.814702917932117	89.3321198126382	23.003469333141457	99.89707248784579	22.615943049058153	0.0006593274890019273	27.20275435045553	56.944760957581025	72.9383207604649
5.555217255058696	5.820511109625157	89.08813350276517	23.000041882809118	100.07619714271407	22.92163734869187	0.0006593274890019273	26.52970093568167	56.704682255444624	72.47653865919605
5.567449622224852	5.826344021488748	88.84517592068121	22.996662260199447	100.25094524508772	23.22863270993355	0.0006593274890019273	25.889755405425298	56.46558249549024	72.01591193553276
5.579390638404605	5.832197738760771	88.60324287196248	22.993330405717153	100.42153119051277	23.53672309267155	0.0006593274890019273	25.281025514652157	56.22745755114249	71.556633347817
5.591054454295772	5.838068602761132	88.36233017977722	22.990046218906052	100.58815713181517	23.845715934795845	0.0006593274890019273	24.701730325571607	55.990303354162286	71.09888080724396
5.602454414006301	5.843953195390195	88.12243368464189	22.98680956156373	100.75101369910843	24.15543133632542	0.0006593274890019273	24.150193617424915	55.75411589129503	70.64281830867483
5.613603102459875	5.849848324554819	87.88354924419286	22.98362026066005	100.91028067701663	24.465701292358307	0.0006593274890019273	23.62483768853003	55.51889120113	70.18859680525956
5.624512389995212	5.85575101046362	87.64567273296971	22.980478111071978	101.06612764180716	24.776368971768907	0.0006593274890019273	23.124177525876433	55.28462537115489	69.73635503041562
5.635193474334271	5.861658472737003	87.40880004221071	22.977382878146383	101.21871456093658	25.087288038789055	0.0006593274890019273	22.64681531930887	55.0513145349938	69.28622027046683
5.645656920089399	5.867568118279146	87.17292707966128	22.974334300102214	101.3681923574384	25.398322014691292	0.0006593274890019273	22.191435298010262	54.818954869818874	68.83830909115132
5.655912695915833	5.873477529879055	86.93804976939204	22.971332090278924	101.51470344067317	25.70934367784438	0.0006593274890019273	21.756798875357774	54.58754259392471	68.39272801999128
5.665970209447531	5.879384455497829	86.70416405162656	22.968375939240428	101.65838220541171	26.02023449988515	0.0006593274890019273	21.34174008406545	54.357073964456674	67.94957418712774
5.675838340184423	5.885286798189903	86.47126588258014	22.96546551674578	101.79935550165303	26.330884115257476	0.0006593274890019273	20.94516127958371	54.127545275283246	67.50893592779174
5.685525470438965	5.891182606624937	86.23935123430533	22.962600473593643	101.93774307671792	26.641189822364485	0.0006593274890019273	20.5660290976327	53.89895285500114	67.07089334843309
5.695039514447434	5.897070066177487	86.00841609454804	22.959780443347586	102.07365799112462	26.951056114603976	0.0006593274890019273	20.20337065204083	53.67129306506976	66.63551885850279
5.704387945751734	5.902947490551824	85.77845646660909	22.957005043949245	102.20720700975747	27.260394239569102	0.0006593274890019273	19.856269959044646	53.44456229806317	66.20287766986878
5.713577822957168	5.908813313909015	85.54946836921492	22.954273879226275	102.33849096983509	27.56912178468438	0.0006593274890019273	19.523864574220276	53.218756976036026	65.7730282658608
5.722615813971034	5.914666083463843	85.32144783639431	22.951586540302124	102.46760512717604	27.87716228757008	0.0006593274890019273	19.20534242831648	52.993873548993655	65.34602284191187
5.731508218816339	5.9205044525223	85.09439091736124	22.94894260691382	102.59463948210899	28.184444869594145	0.0006593274890019273	18.899938849631667	52.76990849345994	64.92190771957377
6.111467821809111	5.927157152239378	84.86829367744788	22.946343381010507	102.67594248573431	28.53458695996661	0.0006593274890019273	0.0004213942630340155	52.546856583270284	64.45931143855427
8.074130589780143	5.9352898936628256	84.64315223823472	22.9438063978191	102.67594089916024	28.962625982253332	0.0006593274890019273	0.0004213942630340155	52.32469644752003	63.92582520781135
11.709205532380143	5.943355469795305	84.4189627945985	22.941335970167593	102.67593931258615	29.387129989225908	0.0006593274890019273	0.0004213942630340155	52.103419984461425	63.39902501861225
16.998974961257492	5.9513547211118585	84.19572155774962	22.93893085690589	102.67593772601208	29.808143216412898	0.0006593274890019273	0.0004213942630340155	51.8830246515401	62.878806789699496
23.917656103652806	5.959288475011482	83.97342474983944	22.936589838606267	102.675936139438	30.22570921112991	0.0006593274890019273	0.0004213942630340155	51.66350789544175	62.36506817973705
32.43152676349768	5.967157546035729	83.75206860400425	22.934311717188823	102.67593455286392	30.639870843985058	0.0006593274890019273	0.0004213942630340155	51.44486715250985	61.85770855765249
42.49908969303286	5.9749627360835	83.53164936440996	22.932095315553404	102.67593296628984	31.050670320183485	0.0006593274890019273	0.0004213942630340155	51.22709984915768	61.35662897349307
54.07127484643077	5.982704834622243	83.31216328629279	22.9299394772178	102.67593137971575	31.4581491906437	0.0006593274890019273	0.0004213942630340155	51.010203402269894	60.861732129775675
67.09167855668966	5.990384618895494	83.09360663600049	22.927843065962193	102.67592979314168	31.86234836292005	0.0006593274890019273	0.0004213942630340155	50.79417521959855	60.372922353332655
81.49683844529419	5.998002854126939	82.87597569102967	22.92580496547968	102.67592820656759	32.26330811194346	0.0006593274890019273	0.0004213942630340155	50.579012700149136	59.89010556763478
89.42903323421524	6.0055608940072185	86.87972476492467	22.924179712182138	96.11053464905615	32.661099684589765	1274.6548450575476	0.0004213942630340155	54.576392268205616	59.43094090874405
93.96239469710378	6.013064565965401	91.74972478932304	22.92371421406433	88.16687839994361	33.05602978765198	1106.3355643026366	0.0004213942630340155	59.4371363026529	59.032482404944396
97.80565272141608	6.020521320801788	95.8989996688792	22.92429839431922	81.31254256125428	33.44849056851445	953.3271366807155	0.0004213942630340155	63.57754618219507	58.688853675869645
101.0672327642307	6.027937576898298	99.42273335969587	22.925775847461523	75.40420156908144	33.8388198367518	822.2503126796936	0.0004213942630340155	67.09277196829726	58.39191352815938
103.83390492356104	6.035318795594588	102.4125549267985	22.928012435303287	70.30341291651897	34.227305031293405	710.675608793543	0.0004213942630340155	70.07439370408655	58.134681985432984
106.18050031886776	6.042669621121792	104.94860978688423	22.930893951176945	65.88899532424652	34.61419058535673	615.9458764040444	0.0004213942630340155	72.60251081407861	57.91121650275566
108.17056994665651	6.049994003020816	107.09950947792368	22.93432340212955	62.05718428546754	34.999684369515926	535.5308447786997	0.0004213942630340155	74.74569468642076	57.71646995543472
109.857617425026	6.057295300966993	108.92327974204802	22.938218434240824	58.72023373377167	35.383963208788444	467.1694519012665	0.0004213942630340155	76.56193743294082	57.546156663689295
111.2864897041552	6.06457637351732	110.46867072470499	22.942509036880406	55.80444757138821	35.76717755354247	408.91010013737275	0.0004213942630340155	78.09996176429553	57.396633168152164
112.49471641663061	6.071839652794194	111.77651445210375	22.94713556242969	53.24812876658746	36.14945541022009	359.10159267571225	0.0004213942630340155	79.40057773420519	57.264795481772595
113.51370908535743	6.079087207167579	112.88098489782483	22.952047050306756	50.999670958802994	36.530905640398245	316.36270417858486	0.0004213942630340155	80.49794196359042	57.14799215695683
114.36979446871499	6.086320793839614	113.8107050010102	22.957199823906446	49.015879846324005	36.91162072840009	279.54534426469525	0.0004213942630340155	81.42066384940448	57.04395150333939
115.08508468220421	6.093541903001265	114.58968999943792	22.962556322912892	47.2605419475376	37.2916791053291	247.69795179545378	0.0004213942630340155	82.19274818016423	56.95072099557909
115.67820071542302	6.100751794982428	115.23813692222019	22.968084134092788	45.703226511989435	37.67114710433761	220.03250701373264	0.0004213942630340155	82.83438402008674	56.866616955515816
116.16486898136718	6.107951531585577	115.77307849234748	22.97375518725867	44.31829320532693	38.05008060976657	195.89585492215457	0.0004213942630340155	83.36259810887059	56.79018278365259
116.5584115628471	6.115142002589431	116.20892144694992	22.979545087641643	43.08407533268745	38.42852645207468	174.74566836090645	0.0004213942630340155	83.79179277376028	56.72015425260841
116.87014811783764	6.122323948235494	116.55788842276054	22.98543256046442	41.982209569763214	38.806523591341126	156.13045795086293	0.0004213942630340155	84.13418748732099	56.65543061144427
117.10972552922495	6.129497978366087	116.83038027566259	22.991398987646672	40.9970865890857	39.18410412453023	139.67323719350546	0.0004213942630340155	84.40018092616309	56.59505046402721
117.28538821450883	6.136664588762815	117.03527328186065	22.997428020153	40.11540062513424	39.56129414541062	125.05807673641829	0.0004213942630340155	84.59864796577557	56.53817156950716
117.40420039567312	6.143824175136851	117.18016316962371	23.00350525250366	39.325779814327134	39.93811448088621	112.01922343705974	0.0004213942630340155	84.73718355001945	56.48405386833855
117.47222905235401	6.150977045142409	117.27156585728474	23.00961794845224	38.6184822931806	40.31458132328406	100.33220794697664	0.0004213942630340155	84.8223033022275	56.43204516548958
117.49469487324606	6.158123428719743	117.31508290876296	23.01575480886636	37.98514587399986	40.69070677472274	89.80659265388597	0.0004213942630340155	84.85960888213178	56.38156900732894
117.4760971528372	6.165263487020796	117.3155381962996	23.021905774497686	37.41858143228686	41.06649931688343	80.28008868112857	0.0004213942630340155	84.85392457265606	56.3321143738425
117.42031718299128	6.17239732012729	117.27709103812295	23.02806185766286	36.91260199878935	41.44196421722525	71.61368284649558	0.0004213942630340155	84.80941035974004	56.283226876776695
117.33070416004523	6.179524973735365	117.203330027301	23.03421499793669	36.46188115055147	41.81710388080814	63.687676784453906	0.0004213942630340155	84.72965571792787	56.23450121006469
117.2101465833687	6.186646444951855	117.09735097976852	23.04035793783024	36.061835494106674	42.19191815536025	56.39841221244429	0.0004213942630340155	84.6177575268839	56.18557464391766
117.06113164612658	6.193761687323176	116.96182175713425	23.04648411513071	35.7085270576774	42.56640459595605	49.65555490851885	0.0004213942630340155	84.47638487225842	56.13612139037505
116.88579463149742	6.2008706151978545	116.79903618920031	23.052587569148944	35.398582216848	42.9405586946235	43.37983156091376	0.0004213942630340155	84.30783295414247	56.085847697552595
116.68595993144206	6.2079731075073505	116.61095889299287	23.058662858580572	35.12912442971055	43.31437407933381	37.50112963696285	0.0004213942630340155	84.11406789861445	56.03448755365921
116.46317504523225	6.215069011035794	116.39926243384555	23.064704989058967	34.89771859222401	43.68784268609403	31.956916105738035	0.0004213942630340155	83.89676391695205	55.981798901156246
116.21873848746192	6.2221581432379764	116.16535800600384	23.070709348779065	34.70232523214372	44.060954907261504	26.690851141413276	0.0004213942630340155	83.6573339892457	55.92756027705195
115.95372260848745	6.2292402946547725	115.91042055716689	23.076671650814216	34.54126314589094	44.433699718671846	21.651636072662644	0.0004213942630340155	83.39695499635937	55.87156780796972
115.66899183766265	6.236315230967152	115.63540911710915	23.082587880943247	34.413179332240965	44.80606478774449	16.791970689132373	0.0004213942630340155	83.11658806004523	55.81363249880216
115.3652170121302	6.243382694722307	115.3410829090198	23.088454249961075	34.317025354165764	45.17803656433156	12.06766196757097	0.0004213942630340155	82.81699466971871	55.75357776193583
115.04288607976105	6.250442406759642	115.02801370829074	23.094267149569536	34.252039433557776	45.549600355770266	7.436796147538063	0.0004213942630340155	82.49874906059938	55.6912371404923
114.61777781795111	6.25749406682835	114.68856545292117	23.100022643104353	34.230217820304524	45.92074035938658	0.0005675492556814888	0.0004213942630340155	82.15423434113397	55.62642881379766
113.3174072000973	6.264537346553147	114.3365874484252	23.10571597264097	34.23021684572134	46.29143929227058	0.0005675492556814888	0.0004213942630340155	81.79727692193978	55.55893130438863
110.93809593996696	6.27157190526132	113.98613870726763	23.111347297482123	34.23021587113814	46.66167922427973	0.0005675492556814888	0.0004213942630340155	81.44190759459573	55.48876961103778
107.52617525107686	6.2785974093657995	113.63721242716717	23.116917527697634	34.230214896554955	47.03144259819967	0.0005675492556814888	0.0004213942630340155	81.08811866214468	55.416005916589334
103.14808383135524	6.285613533085472	113.2898018387878	23.122427558405718	34.23021392197176	47.400712267656175	0.0005675492556814888	0.0004213942630340155	80.73590247543065	55.34070126600993
97.8890741236977	6.2926199583022715	112.94390020553539	23.12787827002667	34.23021294738857	47.76947148959297	0.0005675492556814888	0.0004213942630340155	80.38525143264286	55.26291558621756
91.85155224678877	6.299616374420771	112.59950082335453	23.133270528532194	34.23021197280538	48.13770391688243	0.0005675492556814888	0.0004213942630340155	80.03615797886404	55.18270770556861
85.1530838804885	6.3066024782302	112.25659702052953	23.138605185690444	34.230210998222184	48.505393591062884	0.0005675492556814888	0.0004213942630340155	79.68861460562725	55.10013537300977
77.9241049538835	6.313577973768915	111.915182157484	23.14388307930695	34.230210023638996	48.87252493520578	0.0005675492556814888	0.0004213942630340155	79.34261385047552	55.01525527689924
70.30538180999201	6.3205425721911705	111.57524962658617	23.149105033461314	34.2302090490558	49.23908274690344	0.0005675492556814888	0.0004213942630340155	78.99814829653121	54.92812306350467
62.445269980976256	6.32749599163628	111.23679285195234	23.154271858739957	34.23020807447261	49.60505219138283	0.0005675492556814888	0.0004213942630340155	78.65521057206767	54.8387933551815
54.49682546725375	6.334437957099988	110.89980528925562	23.159384352464816	34.23020709988942	49.97041879473591	0.0005675492556814888	0.0004213942630340155	78.31379335009005	54.74731976823899
46.614824253165985	6.341368200308168	110.56428042553301	23.16444329891817	34.230206125306225	50.33516843727174	0.0005675492556814888	0.0004213942630340155	77.97388934791842	54.65375493049758
38.95274858461229	6.348286459592642	110.23021177899773	23.16944946956358	34.23020515072303	50.69928734698091	0.0005675492556814888	0.0004213942630340155	77.63549132678	54.55815049854459
31.659798282207984	6.3551924797692365	109.89759289885022	23.17440362326312	34.230204176139836	51.06276209311743	0.0005675492556814888	0.0004213942630340155	77.2985920914037	54.460557174691864
24.87798500189961	6.362086012017928	109.56641736509268	23.179306506490803	34.23020320155665	51.425579579890645	0.0005675492556814888	0.0004213942630340155	76.96318448962204	54.36102472364152
18.739367603872797	6.368966813765086	109.2366787883453	23.184158853542428	34.230202226973454	51.787727040267384	0.0005675492556814888	0.0004213942630340155	76.62926141197833	54.25960198886471
13.363479646448496	6.375834648567794	108.90837080966305	23.188961386741795	34.23020125239026	52.14919202988364	0.0005675492556814888	0.0004213942630340155	76.29681579133802	54.156336908697625
8.855003564237048	6.382689286000176	108.58148710035503	23.193714816643432	34.23020027780707	52.5099624210616	0.0005675492556814888	0.0004213942630340155	75.96584060250602	54.05127653216045
5.3489528265687385	6.387245043911338	108.25602136078032	23.198417030688127	34.35057342521891	52.74973915322804	0.0005675492556814888	103.82961786770065	75.63633166675812	54.05859933883732
3.1034012524668984	6.365838621375816	107.93196709727184	23.2029229969962	35.841249155187064	51.623085335568994	0.0005675492556814888	326.24413302433237	75.30842724578355	55.354218781017224
1.7347269614700331	6.32231583703803	107.60931681328837	23.206951671816068	38.50851185416307	49.332412475685516	0.0005675492556814888	458.75928369024024	74.98240034079019	57.73179173889974
1.469577965887323	6.268985553916741	107.28806205691829	23.210334739840054	41.70974069524835	46.525555469301906	0.0005675492556814888	479.9411549363824	74.65841049608555	60.56745929616328
1.6872604016517345	6.2177470338291485	106.96819399638	23.21304575054567	44.81948977759709	43.82879125416549	0.0005675492556814888	453.0490593511821	74.33647529524332	63.26493583582388
1.892763225096804	6.1701425205583345	106.64970391784533	23.215128636299212	47.75524439824094	41.3232905557016	0.0005675492556814888	427.73832567959374	74.0165421971513	65.74930578704156
2.0868024885111978	6.125951507077836	106.33258334046874	23.216628364262977	50.52723387558942	38.99744774093854	0.0005675492556814888	403.9152979901046	73.69855786048429	68.03384285925483
2.2700518379721477	6.08496662735737	106.01682400592006	23.217587112799166	53.14508172503156	36.840348808282414	0.0005675492556814888	381.49187507196297	73.38247194922192	70.13102427208739
2.443145028421909	6.0469928758212435	105.70241786586827	23.2180444388132	55.61784158859958	34.841730306380995	0.0005675492556814888	360.3851808733741	73.06823695314824	72.05257814959569
2.6066782895323852	6.0118468731312165	105.38935707021544	23.21803743513935	57.95403103303496	32.99194069111645	0.0005675492556814888	340.51725449332383	72.75580801903749	73.80952810040448
2.761212551205552	5.979356175546858	105.0776339560327	23.217600878559267	60.16166334265162	31.281903976150208	0.0005675492556814888	321.81475856757135	72.44514279188913	75.41223515061816
2.9072755370240637	5.949358625281849	104.76724103715672	23.21676736900889	62.24827742577322	29.703085541149687	0.0005675492556814888	304.20870495921923	72.13620126561607	76.87043718634975
3.0453637334951535	5.921701739420901	104.45817099440971	23.21556746049754	64.2209659467888	28.24745996952089	0.0005675492556814888	287.6341967260155	71.82894564262638	78.19328605382968
3.1759442424891517	5.896242135099446	104.15041666640184	23.214029784233404	66.08640178956018	26.90748079470747	0.0005675492556814888	272.0301853944702	71.52334020176438	79.38938245669569
3.2994565237661755	5.8728449888054675	103.84397104088623	23.21218116441593	67.85086295066053	25.676052042392808	0.0005675492556814888	257.33924263737	71.21935117412153	80.46680878052095
3.4163140341144915	5.851383527778257	103.53882724662883	23.210046727130667	69.52025595563647	24.546501462013293	0.0005675492556814888	243.5073454998173	70.91694662624514	81.43315996761825
3.5269057692227954	5.831738551602995	103.23497854576665	23.207650002755518	71.10013788575509	23.512555347525776	0.0005675492556814888	230.48367437146064	70.61609635030999	82.29557255762388
3.631597714112015	5.813797982192553	102.93241832662135	23.20501302226736	72.59573709845823	22.568314852239403	0.0005675492556814888	218.22042294149455	70.31677176083178	83.060752003738
3.730734207516695	5.797456440482791	102.63114009694517	23.202156407809085	74.01197271852509	21.70823370962035	0.0005675492556814888	206.67261943005036	70.01894579754048	83.73499836631233
3.824639225326051	5.782614848254934	102.33113747756897	23.199099457858175	75.35347297294446	20.92709727657527	0.0005675492556814888	195.7979584263291	69.72259283404217	84.32423048015978
3.913617587866239	5.769180053600242	102.03240419643268	23.195860227316267	76.62459243780428	20.22000282106513	0.0005675492556814888	185.55664270684105	69.42768859193201	84.8340086857989
3.9979560955365927	5.757064478625955	101.73493408297254	23.192455602820907	77.82942826166648	19.582340980313194	0.0005675492556814888	175.911234442377	69.13421006003105	85.26955620974516
4.077924597110128	5.74618578806422	101.43872106284421	23.18890137356741	78.97183542700269	19.009778319169236	0.0005675492556814888	166.82651522884998	68.84213541843938	85.63577927515725
4.1537769946780685	5.73646657754824	101.14375915296344	23.18521229790659	80.0554411065447	18.498240923591375	0.0005675492556814888	158.26935442045797	68.55144396712207	85.93728601791526
4.225752188950866	5.727834080403194	100.85004245684216	23.1814021659661	81.08365816758467	18.043898968588948	0.0005675492556814888	150.20858527867364	68.26211605875801	86.17840427814296
4.294074968503954	5.720219891837588	100.55756516020669	23.17748385853518	82.05969787548591	17.64315220197806	0.0005675492556814888	142.6148884668042	67.97413303559979	86.36319833487723
4.358956846228144	5.713559709523183	100.26632152687607	23.173469402430275	82.98658184297435	17.29261629069362	0.0005675492556814888	135.4606824629447	67.68747717010505	86.49548464535225
4.420596846153752	5.707793089579282	99.97630589489073	23.1693700225533	83.86715327048304	16.989109977856756	0.0005675492556814888	128.72002047599386	67.40213160911865	86.57884664869843
4.479182243657241	5.702863217027457	99.68751267287061	23.165196190843243	84.70408752053288	16.7296430014449	0.0005675492556814888	122.36849347046247	67.11808032138407	86.61664869078687
4.534889261748671	5.698716689878748	99.39993633659431	23.160957672301446	85.49990206469617	16.51140473046021	0.0005675492556814888	116.38313894644853	66.83530804819594	86.61204912113253
4.58788372603541	5.695303316047719	99.11357142578132	23.15666356826366	86.25696584022101	16.33175347619551	0.0005675492556814888	110.74235513467164	66.55380025700313	86.56801261079468
4.638321680866838	5.692575922315485	98.82841254106992	23.152322357086245	86.97750805209856	16.18820643765689	0.0005675492556814888	105.42582027830554	66.27354309778758	86.48732173853564
4.686349968888375	5.6904901746501055	98.54445434117437	23.14794193239514	87.66362645240622	16.07843024474219	0.0005675492556814888	100.41441670961395	65.9945233620546	86.37258788724931
4.732106776200617	5.689004409202391	98.2616915402154	23.143529639044292	88.31729512829538	16.00023206328349	0.0005675492556814888	95.69015943361822	65.716728444282	86.22626149209272
4.775722145213701	5.6880794733284095	97.98011890520864	23.139092306922976	88.9403718284823	15.951551227810794	0.0005675492556814888	91.23612894491171	65.44014630567378	86.05064167972589
4.817318457136053	5.687678576036472	97.69973125370568	23.1346362827415	89.53460485594448	15.930451370340377	0.0005675492556814888	87.03640802348274	65.16476544008347	85.84788533524892
4.8570108857695695	5.687767147339557	97.42052345157683	23.130167459906897	90.101639550709	15.935113017871164	0.0005675492556814888	83.07602229043955	64.89057484198541	85.62001562836457
4.894907824433255	5.688312705947561	97.1424904109258	23.125691306610157	90.64302438876165	15.963826628818778	0.0005675492556814888	79.34088428487148	64.61756397636238	85.36893003312741
4.93111128756536	5.689284734817961	96.86562708813213	23.121212892228552	91.1602167192203	16.014986043050342	0.0005675492556814888	75.81774085870084	64.34572275040223	85.09640787052707
4.965717288465354	5.69065456411143	96.58992848200889	23.116736912140436	91.65458816064879	16.087082321653966	0.0005675492556814888	72.49412369804838	64.07504148689412	84.80411740144795
4.998816194626234	5.692395261101844	96.31538963207402	23.112267711049512	92.12742967723278	16.178697952728395	0.0005675492556814888	69.35830278100178	63.8055108992255	84.49362249738101
5.0304930620247506	5.694481526616343	96.04200561692262	23.10780930490961	92.57995635435445	16.288501400859918	0.0005675492556814888	66.39924259260003	63.537122067876716	84.16638891466081
5.060827949635929	5.696889597612025	95.76977155270013	23.10336540153468	93.013311891657	16.415241979580074	0.0005675492556814888	63.60656093105051	63.26986641832825	83.82379019613042
5.089896215217077	5.699597155565079	95.49868259166466	23.09893941996361	93.42857282853053	16.557745029740754	0.0005675492556814888	60.97049016824103	63.0037357002999	83.46711321992417
5.1177687935898675	5.702583240290651	95.22873392083827	23.094534508661862	93.8267525195704	16.71490738371824	0.0005675492556814888	58.481840803519134	62.738721968239375	83.09756341855822
5.144512458432443	5.705828168879538	94.95992076073732	23.090153562627503	94.20880487446433	16.885693098922857	0.0005675492556814888	56.131967178150404	62.4748175629833	82.71626968739577
5.1701900685155	5.70931345946158	94.69223836418053	23.085799239463842	94.57562787565087	17.069129445346075	0.0005675492556814888	53.9127352280488	62.21201509452709	82.32428900011075
5.194860799316786	5.713021759505731	94.42568201516889	23.08147397448112	94.92806688709781	17.264303131880347	0.0005675492556814888	51.816492152335265	61.95030742583555	81.92261074876707
5.218580360916371	5.716936778376715	94.16024702783211	23.077179994887313	95.26691776709187	17.470356756668945	0.0005675492556814888	49.83603787947518	61.689687657628994	81.51216082552753
5.241401203022458	5.721043223884372	93.89592874543905	23.072919333124855	95.59292979717884	17.6864854675983	0.0005675492556814888	47.964598219632244	61.43014911408547	81.09380546202186
5.2633727078199435	5.725326742610927	93.63272253946654	23.068693839399355	95.90680843714291	17.91193382162753	0.0005675492556814888	46.1957996125392	61.171685329407815	80.668354839419
5.284541371347997	5.729773863796778	93.37062380872621	23.06450519344744	96.20921791611511	18.145992831409124	0.0005675492556814888	44.52364537831892	60.91429003520779	80.23656648253095
5.304950974166996	5.734371946548946	93.10962797854135	23.060354915594456	96.50078367067223	18.387997186786393	0.0005675492556814888	42.94249337163581	60.65795714864904	79.79914845227316
5.324642741903657	5.73910913018923	92.8497304999753	23.05624437714121	96.78209463833882	18.637322641538194	0.0005675492556814888	41.44703496199816	60.402680761310904	79.35676234759666
5.343655496253068	5.743974287562564	92.59092684910448	23.052174810118434	97.05370541475898	18.89338355592417	0.0005675492556814888	40.03227526439035	60.14845512872804	78.91002612779118
5.362025797015806	5.748956981125982	92.33321252633647	23.04814731644743	97.3161382827981	19.155630585577768	0.0005675492556814888	38.69351454445835	59.895274660567345	78.45951676607014
5.37978807572886	5.754047421644847	92.07658305576771	23.04416287654419	97.56988512155601	19.4235485076233	0.0005675492556814888	37.4263307250395	59.64313391140016	78.00577274496479
5.396974761412836	5.7592364293340585	91.82103398458081	23.040222357401806	97.81540920275566	19.696654175476535	0.0005675492556814888	36.226562925563066	59.39202757203437	77.54929640338509
5.413616398859136	5.764515397312854	91.56656088247621	23.036326520179397	98.05314688055995	19.974494595413145	0.0005675492556814888	35.090295978812634	59.141950461373504	77.09055614332483
5.429741759862644	5.769876257247202	91.31315934113935	23.032476027324563	98.28350918061007	20.25664511827355	0.0005675492556814888	34.01384587189656	58.89289751877668	76.62998850386572
5.445377947898069	5.775311447025204	91.06082497373939	23.028671449262607	98.50688329540185	20.5427077381684	0.0005675492556814888	32.99374604615427	58.64486379688246	76.16800011186774
5.46055049659798	5.780813880354438	90.80955341445637	23.024913270676304	98.72363399111487	20.832309492338638	0.0005675492556814888	32.026734509086616	58.39784445486978	75.70496951609088
5.47528346237917	5.786376918173519	90.55934031803855	23.021201896399393	98.93410493084615	21.125100956500777	0.0005675492556814888	31.109741712875724	58.15183475213433	75.24124891129135
5.489599511564391	5.791994341770303	90.3101813593841	23.01753765694681	99.13861991920645	21.420754830015678	0.0005675492556814888	30.23987915403189	57.90683004235203	74.77716575882299
5.50352000234462	5.7976603274994645	90.06207223314969	23.01392081370473	99.33748407320971	21.71896460523472	0.0005675492556814888	29.41442864892532	57.66282576790859	74.3130243102609
5.517065061899625	5.803369423001006	89.81500865337904	23.010351563801514	99.53098492399549	22.01944331584216	0.0005675492556814888	28.630832243578944	57.41981745466764	73.849107040023
5.530253658983892	5.809116524824113	89.56898635315711	23.00683004468009	99.71939345377076	22.321922359163562	0.0005675492556814888	27.886682717462772	57.17780070706235	73.38567599279642
5.54310367216814	5.814896857397658	89.32400108428119	23.003356338384293	99.90296507068858	22.626150389350176	0.0005675492556814888	27.17971465639261	56.93677120348938	72.92297404932928
5.555631954039274	5.820705953253069	89.08004861695383	22.999930475579458	100.08194052599049	22.93189227647707	0.0005675492556814888	26.50779605482032	56.69672469198985	72.46122611631698
5.567854391619506	5.826539634418851	88.83712473949159	22.996552439324507	100.25654677713666	23.238928127307716	0.0005675492556814888	25.868920413375303	56.45765698619414	72.00064024528037
5.579785963206157	5.832393994924067	88.59522525805252	22.99322216860903	100.4269977998031	23.54705236442436	0.0005675492556814888	25.261199305231866	56.2195639615199	71.54140868424572
5.591440791833852	5.838265384348322	88.35434599637789	22.989939561668677	100.59349535162733	23.856072860437763	0.0005675492556814888	24.682855384887787	55.98244155160545	71.08370886601534
5.602832195560468	5.844150392355648	88.11448279554979	22.98670447909233	100.75622969057896	24.16581012398126	0.0005675492556814888	24.13221581295893	55.74628574496697	70.62770433683171
5.613972734777904	5.850045834149927	87.8756315137634	22.983516746734406	100.91538025082806	24.47609653420642	0.0005675492556814888	23.607706070643108	55.51109258186471	70.17354562922142
5.624874256731858	5.855948736794845	87.6377880261083	22.98037615844444	101.07111627874168	24.786775620781082	0.0005675492556814888	23.10784413973956	55.276858151360585	69.72137108247722
5.6355479374316415	5.861856326341835	87.40094822436834	22.977282478626222	101.22359743159573	25.097701386412112	0.0005675492556814888	22.631235024460157	55.04357858856443	69.27130761421687
5.646004321051955	5.867766015734844	87.16510801682703	22.974235444632935	101.37297434045738	25.40873767025472	0.0005675492556814888	22.176565601729692	54.811250072049454	68.82347144490198
5.656253356994019	5.873675393439631	86.93026332808768	22.97123476900965	101.5193891396297	25.71975754945401	0.0005675492556814888	21.742599778002056	54.5798688214346	68.3779687784986
5.666304434771683	5.879582212746405	86.69641009890087	22.968280141594104	101.6629759650249	26.030642776126335	0.0005675492556814888	21.328173930913067	54.34943109511598	67.93489644238251
5.676166416836322	5.88548438171037	86.46354428600365	22.965371231483278	101.80386142309118	26.341283247913978	0.0005675492556814888	20.932192620845623	54.11993318814353	67.49434248864293
5.685847669453932	5.891379953695107	86.23166186196548	22.962507688873366	101.94216503191419	26.651576510268537	0.0005675492556814888	20.55362455755825	53.8913714302311	67.05638675891048
5.695356091747559	5.897267118483568	86.00075881504452	22.9596891467806	102.07799963610886	26.961427288608604	0.0005675492556814888	20.19149880704167	53.66374218389558	66.6211014148491
5.704699143018532	5.903144193921659	85.7708311490489	22.95691522265043	102.21147179712274	27.27074704850814	0.0005675492556814888	19.844901223753578	53.43704184271249	66.18855143643607
5.713883868457235	5.909009618059762	85.54187488320994	22.95418551986252	102.34268216053279	27.579453582092484	0.0005675492556814888	19.512971093693498	53.21126682968751	65.75879509013531
5.722916923344619	5.9148619417612585	85.31388605205512	22.95149962913806	102.47172580178113	27.887470619013374	0.0005675492556814888	19.19489797510477	52.986413595725075	65.33188436883746
5.731804595831918	5.920699821750389	85.08686070529448	22.94885712985545	102.5986925515997	28.194727460546567	0.0005675492556814888	18.8899187252879	52.762478618202074	64.90786540525075
6.149813138498482	5.927430301585987	84.86079490902102	22.946259635230216	102.67579953631106	28.5489632413676	0.0005675492556814888	0.00035548995828410475	52.53945636106809	64.44146668220914
8.16841957740648	5.935560804719841	84.63568478787926	22.943724884893793	102.67579812226818	28.976884458938912	0.0005675492556814888	0.00035548995828410475	52.317325252479925	63.90820400869554
11.858976131614725	5.943624170664842	84.41152653785731	22.941256648486387	102.67579670822529	29.40127214025475	0.0005675492556814888	0.00035548995828410475	52.09607773390254	63.38162389107515
17.203494700132207	5.9516212394581185	84.18831637052142	22.938853685585887	102.67579529418241	29.822170497795643	0.0005675492556814888	0.00035548995828410475	51.87571126241015	62.861622306386394
24.17592567459172	5.9595528380680864	83.96605050838016	22.936514777480024	102.67579388013952	30.239623056215045	0.0005675492556814888	0.00035548995828410475	51.656223284330906	62.34809697059485
32.74228488740006	5.967419780612905	83.74472518492887	22.934238726792024	102.67579246609664	30.653672663837032	0.0005675492556814888	0.00035548995828410475	51.43761123566493	61.84094730895391
42.86081926726133	5.975222868575159	83.52433664469366	22.93202435711272	102.67579105205377	31.06436150395569	0.0005675492556814888	0.00035548995828410475	51.21987254249537	61.340074426875994
54.48221034191321	5.982962891012934	83.30488114327264	22.92987051263898	102.67578963801088	31.471731105943903	0.0005675492556814888	0.00035548995828410475	51.00300462139029	60.845381081300324
67.549814620878	5.9906406247672495	83.08635494737638	22.927776057818356	102.67578822396801	31.875822356170982	0.0005675492556814888	0.00035548995828410475	50.78700487979784	60.35677165255334
81.9999396772994	5.998256834665984	82.86875433486584	22.92573987699981	102.67578680992511	32.27667550873596	0.0005675492556814888	0.00035548995828410475	50.57187071643259	59.87415211668906
89.59371155668629	6.005812952178633	87.05395841504959	22.92414731261188	95.82768471758396	32.67436590413854	1269.8771864361827	0.00035548995828410475	54.75031048147416	59.41671802166051
94.10084354614149	6.013314958486916	91.89911829334238	22.923719532321556	87.92152740028835	33.06920834141658	1100.8632420173835	0.00035548995828410475	59.58622630840342	59.020228691730026
97.92318624936271	6.020770278428647	96.02595551921016	22.92433586387196	81.10111928351702	33.46159360150771	948.6159806941114	0.00035548995828410475	63.70421123287186	58.67827927216374
101.16693631219431	6.028185296086991	99.53047508425635	22.92584064778111	75.22183848892617	33.85185768878897	818.2312295868145	0.00035548995828410475	67.20023396853756	58.38276758470426
103.91846425259726	6.0355654434027874	102.50394385473633	22.928100453445964	70.14578468723236	34.240286494883456	707.2608145482936	0.00035548995828410475	70.16551237653671	58.12675050215699
106.25220983552339	6.042915339579899	105.0261154941767	22.931001691639356	65.75236723010494	34.627123135784124	613.047786291176	0.00035548995828410475	72.67975429394885	57.90431760297107
108.231367518187	6.050238912903892	107.16523010780871	22.93444789756635	61.93838324441167	35.012574363362766	533.0693208069753	0.00035548995828410475	74.81115989046084	57.71044923312101
109.90912982984496	6.0575395050017065	108.97898224470538	22.93835716404153	58.616588152369424	35.396816052721455	465.07440818761205	0.00035548995828410475	76.61739030006315	57.54088295198918
111.33007884031774	6.064819959086513	110.51583650076735	22.942659856044827	55.713718515866006	35.779997846658596	407.12178539301755	0.00035548995828410475	78.14688287896399	57.39199484791407
112.53152180302219	6.072082694208634	111.81638341479267	22.947296640935292	53.16844328831566	36.162247063612284	357.5698097325752	0.00035548995828410475	79.44020636113453	57.26069733633122
113.54468502185173	6.079329767571631	112.91459498794411	22.952216822141526	50.92946220209681	36.54367197745424	315.04563257162874	0.00035548995828410475	80.53131553473254	57.144352728493196
114.39574160632439	6.086562926810442	113.83892625348894	22.957376944562192	48.953835372390834	36.924364568970645	278.4082920355455	0.00035548995828410475	81.44865200491634	57.04070088758572
115.10667639364425	6.0937836538929036	114.61325325285341	22.96273963407457	47.20556016894728	37.30440283646864	246.71218601323483	0.00035548995828410475	82.21608145586653	56.94779900908157
115.69600491235282	6.100993202058015	115.25765769083544	22.96827263434652	45.654380464931165	37.6838527398955	219.1742263765156	0.00035548995828410475	82.85367770108617	56.86397161442344
116.17936606537613	6.108192626973699	115.78907666239053	22.973948007784475	44.274800662047696	38.06276984072099	195.14531711061494	0.00035548995828410475	83.37837191078393	56.78776904053712
116.5700091462967	6.115382813094348	116.22183746121533	22.979741472012133	43.045274248382846	38.44120068917624	174.08645815849806	0.00035548995828410475	83.80448701517228	56.71793294588761
116.87919310318351	6.122564496025711	116.56809655305308	22.985631847816702	41.94753795422057	38.81918400135317	155.54889068301944	0.00035548995828410475	84.14417635253075	56.65336758954815
117.11651400098935	6.129738281561323	116.83819950755856	22.99160059862325	40.966066006182146	39.19675166112228	139.15786233321379	0.00035548995828410475	84.40778334225021	56.59311585309494
117.29017357813207	6.136904661935929	117.04097624499028	22.997631445117012	40.087622661840655	39.57392957557519	124.59928218870793	0.00035548995828410475	84.60413652681905	56.53633915905251
117.40720005979792	6.14406402974429	117.18398347853517	23.003710041624508	39.300894964044716	39.950738407594166	111.60890624917971	0.00035548995828410475	84.74079185320366	56.48230059400951
117.47362993537178	6.151216689894317	117.27370415614043	23.00982370333239	38.596190807580165	40.32719420496397	99.96350523346372	0.00035548995828410475	84.82423198882981	56.43035067190263
117.49465797179228	6.15836286989906	117.31571185732932	23.015961175440925	37.96519022238839	40.70330894205578	89.47367284927662	0.00035548995828410475	84.86003062064654	56.379915277091996
117.47476129313618	6.16550272875892	117.31480659633036	23.022112436987367	37.400740065679	41.07909098731156	79.97796402069714	0.00035548995828410475	84.85298818297649	56.330485411420995
117.41780216446196	6.172636364642648	117.27512724970961	23.028268533401025	36.896684191602745	41.45454550750781	71.33807299395532	0.00035548995828410475	84.80724422785232	56.281608437917484
117.327113345028	6.179763821540174	117.20024480716056	23.03442143292317	36.447722719251104	41.829674817903886	63.43488455149906	0.00035548995828410475	84.72637063297091	56.23288056914839
117.20556905965302	6.18688509503152	117.09323983985433	23.040563902890675	36.04929524351637	42.20447868586944	56.16522551713566	0.00035548995828410475	84.61344903888534	56.18394039295616
117.0556440253484	6.1940001372919005	116.95676692676163	23.046689402581038	35.697483828676056	42.57895459431049	49.439164911173975	0.00035548995828410475	84.47113525367274	56.13446326445529
116.87946253899149	6.201108861433592	116.79310824730662	23.05279198988173	35.38893243439975	42.953097970188935	43.17776146023783	0.00035548995828410475	84.30171283176088	56.08415642240555
116.67883925352093	6.2082111452686375	116.6042181225747	23.05886623950356	35.12078007242292	43.32690238255979	37.31118109091618	0.00035548995828410475	84.10713760785495	56.032754711744914
116.45531295039953	6.215306834562661	116.39175994358875	23.064907170827297	34.89060551522048	43.70035971382413	31.777119023200356	0.00035548995828410475	83.88907462351392	55.980016813230336
116.21017426090327	6.222395745838663	116.15713665309413	23.070910183771623	34.69638179190511	44.07346030729796	26.51941952236929	0.00035548995828410475	83.64892861209785	55.925721896646515
115.9444883352552	6.229477668779818	115.90151569825555	23.07687100131179	34.53643908640173	44.44619309367453	21.486934117628564	0.00035548995828410475	83.38786895902527	55.869666626597024
115.65911294061664	6.236552368271984	115.62584921055941	23.082785617471867	34.40943489759659	44.81854569852534	16.632480646418806	0.00035548995828410475	83.10684989330046	55.811662459992746
115.35471266099368	6.243619586119491	115.33088998555453	23.088650249768772	34.31433060197549	45.19050453260468	11.911953337390857	0.00035548995828410475	82.80662648281964	55.7515331824626
115.03176949612615	6.2506790424614564	115.01720372216721	23.09446129520798	34.25037373115692	45.56205486639234	7.283502597285984	0.00035548995828410475	82.48776689317239	55.689112637324584
114.59208258338943	6.2577304362755966	114.67675160744393	23.10021476219799	34.23018774511297	45.93318085661026	0.0005802018048552085	0.00035548995828410475	82.1422523405643	55.624216296118036
113.25521721197028	6.264773438264639	114.32482498996302	23.105905999095956	34.23018624670101	46.30386517182299	0.0005802018048552085	0.00035548995828410475	81.78534829427798	55.55662804156416
110.8406217237827	6.271807707874214	113.97442740720861	23.111535262142432	34.23018474828905	46.67408988811643	0.0005802018048552085	0.00035548995828410475	81.43003208090386	55.4863777134092
107.39531444216094	6.2788329117821675	113.6255520580078	23.117103460900296	34.23018324987709	47.04383746221923	0.0005802018048552085	0.00035548995828410475	81.07629600509678	55.41352745590479
102.98638421858965	6.285848724467461	113.27819217412586	23.122611489989442	34.23018175146513	47.41309076144522	0.0005802018048552085	0.00035548995828410475	80.7241324192973	55.338138276097396
97.69968403168792	6.29285482806733	112.9323410200635	23.128060229340278	34.23018025305318	47.781833056175195	0.0005802018048552085	0.00035548995828410475	80.37353372327615	55.260270063645706
91.63815922672418	6.299850912236979	112.58799189285328	23.133450544442937	34.23017875464122	48.15004801247245	0.0005802018048552085	0.00035548995828410475	80.02449236368247	55.179981610296274
84.91984288720097	6.306836674011671	112.24513812186034	23.138783286592187	34.23017725622926	48.51771968482468	0.0005802018048552085	0.00035548995828410475	79.67700083360043	55.0973306290241
77.67555743579196	6.313811817671275	111.90377306858304	23.14405929312817	34.23017575781731	48.884832509014366	0.0005802018048552085	0.00035548995828410475	79.33105167211012	55.01237377284311
70.04636725048137	6.32077605460712	111.56389012645755	23.149279387673015	34.230174259405345	49.2513712951115	0.0005802018048552085	0.00035548995828410475	78.9866374638563	54.92516665329308
62.180831679570026	6.327729103191233	111.22548272066165	23.154444380363415	34.23017276099339	49.617321220591116	0.0005802018048552085	0.00035548995828410475	78.64375083862048	54.83576385860745
54.23211231495416	6.3346706886477895	110.88854430792347	23.1595550680792	34.23017126258143	49.98266782356774	0.0005802018048552085	0.00035548995828410475	78.30238447090194	54.74421897156888
46.354990440331484	6.341600542926877	110.55306837632867	23.164612234668038	34.23016976416947	50.347396996151325	0.0005802018048552085	0.00035548995828410475	77.9625310795011	54.650584587056365
38.702853174258884	6.348518404580401	110.21904844513277	23.16961665116625	34.23016826575751	50.71149497791572	0.0005802018048552085	0.00035548995828410475	77.62418342711177	54.55491232929086
31.424706800189185	6.355424018640202	109.88647806457229	23.174569076015896	34.23016676734556	51.07494834948416	0.0005802018048552085	0.00035548995828410475	77.28733431991603	54.45725286878297
24.66227467998502	6.3623171364982785	109.55535081567925	23.179470255278094	34.2301652689336	51.43774402622506	0.0005802018048552085	0.00035548995828410475	76.95197660718625	54.357655938989055
18.54723810355038	6.369197515789097	109.2256603100977	23.184320922842737	34.23016377052164	51.79986925205765	0.0005802018048552085	0.00035548995828410475	76.61810318089265	54.25617035268035
13.198671486415636	6.376064920273993	108.89740018989974	23.189121800634616	34.23016227210968	52.16131159336799	0.0005802018048552085	0.00035548995828410475	76.28570697531399	54.152844018029434
8.720725053667291	6.382919119727537	108.57056412740639	23.193873598815976	34.230160773697726	52.52205893302813	0.0005802018048552085	0.00035548995828410475	75.95478096665657	54.04772395442028
5.256195087345784	6.387016837687693	108.2451458235181	23.19857330243732	34.37464519141263	52.737728299352185	0.0005802018048552085	113.08257995695975	75.62532187732562	54.077823237479436
3.044161690425906	6.364683919516661	107.92113876418114	23.20306741806129	35.91437672762598	51.562311553508394	0.0005802018048552085	332.05262783184423	75.29747639333267	55.41917492722969
1.7054676892515415	6.320617992241067	107.59853541389958	23.207076542912652	38.61075710300066	49.24305222321391	0.0005802018048552085	461.5154352217212	74.97151583930783	57.822927533577484
1.4769985978935545	6.26721795359894	107.27732729825465	23.21043686584621	41.81628767753601	46.43252387362827	0.0005802018048552085	479.0223404933071	74.6475952419241	60.660945612361616
1.694264894413864	6.216103760742341	106.95750558325099	23.213126172126447	44.92009191354044	43.742303196965175	0.0005802018048552085	452.18429155561626	74.32572795521364	63.351120569203424
1.899376051281597	6.168616036102468	106.63906156260175	23.215188894089486	47.85025129736519	41.242949268550795	0.0005802018048552085	426.92440340485564	74.00586094661854	65.828642899349
2.0930466713560323	6.124534721841556	106.32198676307307	23.216669903519083	50.6169744412857	38.92288009692386	0.0005802018048552085	403.14920997132094	73.6879409775983	68.10675908387432
2.2759490372515274	6.083652874438231	106.00627293351808	23.217611289119635	53.22986538264991	36.77120391780148	0.0005802018048552085	380.7707886414389	73.3719178087804	70.19792073406822
2.448715621317793	6.045775885728062	105.69191203238698	23.218052523519468	55.697959440739425	34.777678196213685	0.0005802018048552085	359.70643136379556	73.05774402082537	72.11383188956833
2.611941446695493	6.010720750179476	105.37889621598441	23.21803062033544	58.02975694613514	32.932671062077546	0.0005802018048552085	339.87833527116686	72.74537484595658	73.8654935077964
2.766186308305074	5.978315375654749	105.06721782742848	23.217580281890474	60.233254969129156	31.227125034460354	0.0005802018048552085	321.2133116577361	72.43476800951848	75.4632453117844
2.9119768620666004	5.948397935079827	104.75686938626782	23.216734038138096	62.31597716572239	29.652522898938134	0.0005802018048552085	303.64251222409126	72.12588358096731	76.91680515291155
3.0498085901528706	5.920816256600143	104.4478435787227	23.21552237731529	64.28500185266911	28.200855610533743	0.0005802018048552085	287.10117156749584	71.81868383373944	78.23530603575537
3.1801476496413956	5.89542724993593	104.14013324850475	23.21397386881527	66.14698841679089	26.864592101890967	0.0005802018048552085	271.5283649522221	71.51313311346208	79.42733094396515
3.3034326115184793	5.8720963667775745	103.83373138819123	23.212115278744932	67.90820215789208	25.63665088303015	0.0005802018048552085	256.8667804486782	71.20919771401778	80.50094559836596
3.420076096502865	5.8506970932134745	103.52863113111037	23.20997167859849	69.57453765766903	24.510373327024844	0.0005802018048552085	243.0625045938295	70.90684576098941	81.4637292692489
3.5304663138162184	5.8311104722875315	103.22482574371563	23.207566547456853	71.15154076214552	23.479498541448887	0.0005802018048552085	230.06482076989982	70.60604710205419	82.32280375846435
3.6349685086408914	5.813224654904237	102.92230861841409	23.204921868095852	72.64442925964083	22.538139731801806	0.0005802018048552085	217.8260195491031	70.30677320390994	83.08486065957901
3.7339263237211	5.796934477387055	102.62107326682617	23.20205821736782	74.05811233221525	21.680761967739574	0.0005802018048552085	206.301220289364	70.00899705534717	83.7561869990366
3.827663080211094	5.782141064105736	102.32111331344659	23.19899485119726	75.39720885350087	20.90216126872283	0.0005802018048552085	195.44820331223278	69.71269307609666	84.34268935457438
3.91648298251952	5.768751453697779	102.02242248968739	23.1957497845078	76.6660646007641	20.197444931461945	0.0005802018048552085	185.2272520405945	69.41783703111687	84.84991654049922
4.000672251683226	5.756678247476737	101.72499462827578	23.192339866383108	77.8687684459599	19.562013025091286	0.0005802018048552085	175.6010045021196	69.12440594999221	85.28308094531684
4.08050019146592	5.7458392787246355	101.42882365798869	23.188780850741924	79.00916758571267	18.99154098550702	0.0005802018048552085	166.53431364864008	68.83237805114399	85.6470786008626
4.156220191220402	5.73615730161452	101.13390359870402	23.185087462796936	80.09088186791955	18.481963242869387	0.0005802018048552085	157.99411596218042	68.54173267056547	85.9465080591189
4.228070669316735	5.727559698582757	100.84022855674569	23.181273461551285	81.11731726929574	18.02945782014502	0.0005802018048552085	149.9493078493708	68.2524501948043	86.18568814842465
4.296275960555964	5.719978205089087	100.54779272051093	23.177351698561193	82.0916785727133	17.63043184679396	0.0005802018048552085	142.37062937608087	67.96451199795334	86.36867467360342
4.361047150970304	5.71334865070878	100.25659035635728	23.173334173191574	83.01698129291816	17.28150793204094	0.0005802018048552085	135.23055489661616	67.67790038240041	86.49927612413785
4.422582863080225	5.70761071560334	99.96661580473894	23.169232084569884	83.89606289448847	16.97951134754411	0.0005802018048552085	128.50319017508005	67.39259852312232	86.5810684483254
4.481069994538293	5.702707701460383	99.67786347657194	23.165055880433556	84.73159334388943	16.721457971599015	0.0005802018048552085	122.1641756149776	67.10859041530729	86.61740894865682
4.536684412975867	5.698586316027993	99.39032784982167	23.16081530305929	85.52608503585476	16.504542948841603	0.0005802018048552085	116.19059522798113	66.82586082511168	86.61144935156317
4.5895916096939295	5.695196470423901	99.10400346629055	23.156519432450317	86.2819021318271	16.326130022310444	0.0005802018048552085	110.56089099576567	66.54439524335304	86.56614810131902
4.639947314514048	5.692491088500077	98.8188849286027	23.152176726936393	87.00126934354307	16.18374150000393	0.0005802018048552085	105.25478232137147	66.26417984198186	86.48428192181404
4.687898074194308	5.69042592751636	98.53496689736687	23.147795061346994	87.68628019611822	16.075048816650412	0.0005802018048552085	100.25319025497377	65.98520143315308	86.36845669152999
4.733581796531244	5.6889594094644345	98.25224408851129	23.143381762899324	88.33890480093157	15.997863656022762	0.0005802018048552085	95.5381662160877	65.70744743074997	86.22111767174279
4.777128262144276	5.688052462422317	97.97071127077974	23.138943644934436	88.96099716683204	15.950129601174469	0.0005802018048552085	91.09282495057268	65.4309058142164	86.04455912560418
4.818659605906615	5.68766837132981	97.69036326337472	23.134487038632418	89.5543020777226	15.929914280516197	0.0005802018048552085	86.90128146508808	65.15556509455271	85.84093336512878
4.8582907698714966	5.6877726376105056	97.41119493374683	23.130017822830332	90.12046156293519	15.935401979500185	0.0005802018048552085	82.94859169666957	64.88141428235132	85.61225926098969
4.896129929341331	5.688332847129268	97.13320119551285	23.12554145205253	90.66102098393283	15.964886691013993	0.0005802018048552085	79.22069670156228	64.60844285774435	85.36043024616146
4.932278893614386	5.6893185460083915	96.8563770065024	23.12106298285606	91.17743475926218	16.016765579388913	0.0005802018048552085	75.70437016216918	64.33664074216153	85.08722184238161
4.966833483013552	5.690701123804539	96.58071736691932	23.116587098598036	91.67107175067883	16.089532831817696	0.0005802018048552085	72.38716900186725	64.06599827177725	84.79429873967311
4.999883883534803	5.692453703630972	96.30621731761616	23.11211813271442	92.14322032955386	16.18177387531418	0.0005802018048552085	69.2573869323855	63.79650617255615	84.4832214541707
5.031514980426098	5.694551038818332	96.03287193847078	23.107660090597506	92.59509314228663	16.292159937806833	0.0005802018048552085	66.30401076199203	63.52815553679919	84.15545258895696
5.061806671988203	5.696969415712887	95.76067634686146	23.103216670158403	93.02783159317386	16.41944293225709	0.0005802018048552085	63.516679295237	63.26093780110039	83.81236272227414
5.090834164805874	5.69968656223712	95.48962569623373	23.098791281155144	93.44251006199774	16.562450644058806	0.0005802018048552085	60.8856446658931	62.99484472562687	83.45523594589953
5.118668251494442	5.702681561875816	95.21971517475313	23.094387063358745	93.84013987183442	16.720082203990206	0.0005802018048552085	58.401735960905995	62.729868374644624	83.08527507414479
5.145375571907351	5.705934772794129	94.95094000403881	23.09000690362036	94.22167302059026	16.891303831269845	0.0005802018048552085	56.056325011446404	62.46600109822153	82.70360654130982
5.17101885890212	5.709427751746839	94.68329543797388	23.08565345191272	94.5880056919441	17.075144828780882	0.0005802018048552085	53.84129420724049	62.20323551503062	82.3112850082924
5.195657169534106	5.713143182508944	94.4167767615877	23.081329136403895	94.93998155811533	17.270693816260092	0.0005802018048552085	51.749006220252376	61.94156449619094	81.90929769474589
5.219346102510269	5.717064808569336	94.15137929000349	23.077036177618776	95.27839488634623	17.47709518785963	0.0005802018048552085	49.772275528675166	61.68098115008408	81.49856845247037
5.24213800273417	5.721177369829275	93.88709836745268	23.072776601743882	95.6039934609734	17.69354578048802	0.0005802018048552085	47.904341632278985	61.42147880809214	81.07996159572883
5.26408215373928	5.725466543058551	93.62392936634419	23.06855225312849	95.91748133247498	17.919291739923626	0.0005802018048552085	46.13884385469566	61.16305101119284	80.6542855034953
5.285224958763925	5.729918885875093	93.3618676863938	23.06436480603246	96.21952140425562	18.153625572373187	0.0005802018048552085	44.46979763388535	60.90569149736613	80.22229600786686
5.305610111057656	5.734521784065299	93.1009087538023	23.06021577566	96.51073786559463	18.395883371857757	0.0005802018048552085	42.891572223532854	60.649394189762305	79.78469957973351
5.325278754066031	5.739263402043973	92.8410480204859	23.056106528522534	96.79171847999999	18.645442212840564	0.0005802018048552085	41.398869720562715	60.39415318559171	79.34215632392642
5.344269632157913	5.744132636247895	92.58228096335021	23.052038292174938	97.06301673845545	18.901717697257546	0.0005802018048552085	39.98670533176679	60.139962745683434	78.89528279635049
5.362619232412759	5.749119071302255	92.32460308361	23.048012164359704	97.32515388495324	19.164161647487017	0.0005802018048552085	38.65038881171821	59.88681728468047	78.44465465287081
5.380361917979499	5.754212938801253	92.06800990614815	23.044029121593027	97.57862082162097	19.432259936907915	0.0005802018048552085	37.38550700494383	59.63471136183099	77.99080913958701
5.397530053518196	5.759405078544115	91.81249697891379	23.040090027226956	97.8238799007452	19.70553044969016	0.0005802018048552085	36.1879074253605	59.38363967234168	77.53424743414047
5.414154123219261	5.764686902072985	91.55805987235587	23.036195639020594	98.06136661076043	19.983521161735993	0.0005802018048552085	35.05368280814096	59.1335970392563	77.07543684737874
5.430262841860936	5.770050358369607	91.30469417889158	23.032346616251004	98.29149116278435	20.265808335242397	0.0005802018048552085	33.979156573635684	58.88457840582845	76.61481289406827
5.445883259283141	5.775487901593551	91.05239551240503	23.028543526389054	98.51463998310156	20.551994820713112	0.0005802018048552085	32.96086915380953	58.636578828358786	76.15278123977347
5.461040858624759	5.780992460754205	90.80115950777625	23.02478685136324	98.73117711655325	20.84170846074755	0.0005802018048552085	31.995565135713132	58.3895934694736	75.68971953045008
5.475759648773027	5.786557411177199	90.55098182043923	23.02107699344152	98.9414455472428	21.134600588273564	0.0005802018048552085	31.080181163185816	58.143617591813616	75.22597911321436
5.490062251341526	5.792176547667167	90.30185812596417	23.017414280752078	99.1457684410785	21.430344614061358	0.0005802018048552085	30.211834555332672	57.898646552107415	74.7618866542439
5.503969982480969	5.797844059272273	90.05378411966679	23.013798972463405	99.3444503144991	21.728634698540592	0.0005802018048552085	29.38781260189896	57.65467579561169	74.29774565955496
5.51750292982748	5.803554505556111	89.80675551623814	23.010231263643867	99.53777813373499	22.0291845029531	0.0005802018048552085	28.60556249563158	57.41170085089202	73.83383790438623
5.530680024892056	5.809302794282511	89.56076804939936	23.006711289821105	99.72602234894319	22.33172601486885	0.0005802018048552085	27.862681861813964	57.16971732492793	73.37042477692817
5.5435191111738895	5.815084160425764	89.31581747157298	23.003239131259946	99.90943786725511	22.63600844346114	0.0005802018048552085	27.156909847955912	56.92872089851555	72.90774854170745
5.556037008271245	5.820894146421051	89.07189955357715	22.999814816977185	100.0882649686459	22.941797180055204	0.0005802018048552085	26.48611873774911	56.6887073219556	72.44603352780503
5.568249572164073	5.826728583601289	88.82901008433439	22.996438328504688	100.26273016711488	23.248872821120365	0.0005802018048552085	25.84830606649007	56.44967241100723	71.98548724516833
5.580171751914121	5.832583574743903	88.58714487060007	22.993109603417267	100.433047020687	23.557030249679002	0.0005802018048552085	25.24158720574668	56.211612043096146	71.5263014336665
5.59181764303043	5.838455477650765	88.34629973670434	22.98982853864174	100.5994168937771	23.866077771092776	0.0005802018048552085	24.66418838480203	55.974522153754634	71.06865304954701
5.603200537677101	5.844340889706279	88.10647052431027	22.98659499355901	100.76202967444385	24.175836300330367	0.0005802018048552085	24.114440125686272	55.73839873328423	70.61270519263483
5.614332971898984	5.8502366333591675	87.86765309218592	22.9834087929108	100.92106444904216	24.486138597850804	0.0005802018048552085	23.59077106878694	55.50323782362741	70.15860797758
5.6252267700409115	5.856139742473512	87.6298433159878	22.980269729522686	101.076690136784	24.796828551237347	0.0005802018048552085	23.09170216602854	55.26903551543379	69.70649935245712
5.635893086535877	5.8620474494944546	87.39303708805966	22.977177566855165	101.22906608671207	25.10776049970803	0.0005802018048552085	22.615841218626255	55.0357879453134	69.25650586803401
5.646342445228649	5.867957173377178	87.15723031723803	22.974132041393723	101.37834263946594	25.41879859879873	0.0005802018048552085	22.161877737621467	54.80349129325734	68.80874340082566
5.656584776390904	5.8738665082303445	86.92241892867408	22.971132864888393	101.52466165606958	25.729816222649585	0.0005802018048552085	21.728578106712593	54.572141780224776	68.36331783290089
5.666629451540809	5.87977321263938	86.6885988636604	22.96817972645017	101.66815701535396	26.04069540207254	0.0005802018048552085	21.314781032625692	54.34173566587801	67.92032569053796
5.676485316176273	5.885675199635391	86.45576607947083	22.965272294511614	101.80895508157487	26.35132629659943	0.0005802018048552085	20.91939326868035	54.11226924646582	67.47985474380958
5.686160720589836	5.891570527257801	86.2239165492066	22.962410218662747	101.94717514462576	26.661606697778872	0.0005802018048552085	20.541385589564996	53.883738852837716	67.04198457024576
5.695663548867179	5.897457389678918	85.99304626165282	22.95959313136907	102.08292983430209	26.971441562048213	0.0005802018048552085	20.179789003942506	53.65614084858612	66.606787084506
5.705001246167335	5.903334108860162	85.76315122114076	22.95682064957812	102.21632551001859	27.280742571587332	0.0005802018048552085	19.833691192051248	53.42947162830556	66.17432703589627
5.714180844382378	5.909199126709483	85.53422744741857	22.954092376221112	102.34746262737636	27.589427721551612	0.0005802018048552085	19.502233155479015	53.20372761596507	65.74466247557989
5.7232089862745505	5.915050997709661	85.30627097552892	22.951407901616143	102.47643608297882	27.89742093208728	0.0005802018048552085	19.184606066279535	52.978905263385535	65.31784519532265
5.732091948188593	5.920888381987157	85.07927785569191	22.948766804779403	102.60333553889373	28.20465168353449	0.0005802018048552085	18.88004830262498	52.755001048814414	64.89392113961085
6.190038997115822	5.927696694562266	84.85324415482374	22.946171038821934	102.67624280363304	28.562983924329483	0.0005802018048552085	0.0004396936419604934	52.53200909780574	64.42371721298177
8.264581806269089	5.935824952386307	84.62816600067427	22.94363849082688	102.67624186670375	28.990786967700043	0.0005802018048552085	0.0004396936419604934	52.30990769445802	63.8906769220271
12.0106066796061	5.943886100976512	84.40403959028302	22.94117241554646	102.67624092977445	29.415057946131874	0.0005802018048552085	0.0004396936419604934	52.08868979514582	63.36431572849591
17.409855190930312	5.951880979935509	84.18086113558631	22.93877157328006	102.67623999284517	29.83584104923698	0.0005802018048552085	0.0004396936419604934	51.8683528565926	62.844529667225984
24.436011001124033	5.959810415804479	83.95862685946395	22.936434746024446	102.67623905591587	30.253179779182776	0.0005802018048552085	0.0004396936419604934	51.64889432478947	62.33121651099677
33.054828113460054	5.96767522228148	83.73733299578403	22.93416073709966	102.67623811898657	30.667116962182853	0.0005802018048552085	0.0004396936419604934	51.43031163541309	61.82427574090741
43.224297803514254	5.9754762004360105	83.51697578944697	22.931948370781342	102.67623718205728	31.0776947597897	0.0005802018048552085	0.0004396936419604934	51.212602214236696	61.32360851726491
54.89485336303198	5.983214138919966	83.29755149642625	22.929796491939346	102.67623624512798	31.484954679997838	0.0005802018048552085	0.0004396936419604934	50.99576347753139	60.82911765096736
68.00961169848803	5.990889814174948	83.0790563838092	22.9277039656826	102.6762353081987	31.888937588154825	0.0005802018048552085	0.0004396936419604934	50.779792832461226	60.34070757538099
82.50465057718051	5.9985039906360855	82.86148672983477	22.925669677010042	102.6762343712694	32.289683717688405	0.0005802018048552085	0.0004396936419604934	50.56468767746932	59.858284318696285
89.75721843554588	6.0060581842121525	87.22749800525631	22.924111075792112	95.54639050259125	32.68727285327076	1264.860810690634	0.0004396936419604934	54.92353984976416	59.40264457899685
94.23857706984091	6.013558524149366	92.04774399327461	22.92372081165604	87.67785291146608	33.08202758680832	1095.4171338289982	0.0004396936419604934	59.73455407347113	59.008114375332276
98.04011579410896	6.021012407257132	96.1522576012482	22.924369113353457	80.89120111858209	33.47433722405913	943.929691976232	0.0004396936419604934	63.83022803183058	58.667835304814865
101.26613357818039	6.028426183487807	99.63766640852236	22.925901072214142	75.04082496310717	33.86453597304201	814.2341803748532	0.0004396936419604934	67.30715103423925	58.373744436315484
104.00260143759616	6.035805255541006	102.5948725963091	22.928183962295048	69.98937023664806	34.25290818636829	703.8650161893557	0.0004396936419604934	70.25617628145069	58.118935337700826
106.32356870334624	6.043154217730684	105.10323818309823	22.93110480872378	65.61683684204935	34.63969567003555	610.1658556698333	0.0004396936419604934	72.75662013410577	57.89752954965367
108.29187467035867	6.050476977204529	107.2306330137531	22.934567671965677	61.82058180250749	35.02510406339573	530.6214238486149	0.0004396936419604934	74.87631271635424	57.70453473805639
109.96040236843524	6.057776857640531	109.03442194796416	22.93849108899895	58.51385976787585	35.40930829686958	462.99080578136494	0.0004396936419604934	76.67258568758956	57.53571156791964
111.37347052718233	6.065056686991729	110.5627855589265	22.942805798201405	55.62383765247462	35.79245721009057	405.3430796737434	0.0004396936419604934	78.19359257557348	57.38745556048226
112.56816532397302	6.072318871306678	111.85607431974232	22.947452780039313	53.08954824103356	36.17467743719317	356.0460976611682	0.0004396936419604934	79.47966221527201	57.256695436630395
113.57552900200771	6.079565456681569	112.94805949318014	22.95238160038687	50.85999548768761	36.55607666745057	313.7353499596138	0.0004396936419604934	80.56454879520238	57.14080718526392
114.42158199150212	6.086798181233761	113.8670292570101	22.957549024344033	48.89249233091	36.93674638072384	277.27696279184227	0.0004396936419604934	81.47652717830898	57.037542155512554
115.12818267500779	6.094018518749783	114.63672133139168	22.96291786289972	47.15124566402369	37.316764144724935	245.73126735388848	0.0004396936419604934	82.23932481885377	56.944967207495694
115.71374176635034	6.101227715413022	115.27710282651364	22.968456015725007	45.60617287646958	37.696195548053346	218.3200654641768	0.0004396936419604934	82.87290100877061	56.861415015597956
116.19381119738398	6.108426820786787	115.80501580824173	22.97413567707404	44.231922197331144	38.075095830883036	194.39829011693436	0.0004396936419604934	83.39409194727267	56.78544281436122
116.58156793515502	6.115616714026577	116.23470861577843	22.979932676341683	43.007066556183396	38.45351126455625	173.4302552341102	0.0004396936419604934	83.81714165612402	56.71579811575362
116.88821057203774	6.122798126124034	116.57827194830513	22.985825929360594	41.91344212472415	38.83148032231717	154.9699074121241	0.0004396936419604934	84.15413774345713	56.651390161826335
117.12328466713151	6.129971658842463	116.8459964184246	22.991796980626425	40.935606184912906	39.20903467591864	138.64471989927117	0.0004396936419604934	84.4153687003969	56.591266089196566
117.29494951489059	6.137137800885629	117.04666586342317	22.99782962017937	40.060392603951215	39.58620004661157	124.1424212795225	0.0004396936419604934	84.60961700922489	56.53459096468551
117.41019754969003	6.144296941745536	117.18779820459395	23.003909561843567	39.27654699332573	39.96299693397514	111.20026809385864	0.0004396936419604934	84.74439984306379	56.480631004900005
117.47503495107803	6.151449383595616	117.27584360257192	23.01002417197715	38.57442672923931	40.33944124187408	99.59626979888866	0.0004396936419604934	84.82616709640148	56.428739419075136
117.49463068553476	6.158595351531888	117.31634780664852	23.016162239890264	37.94575382619991	40.71554481746735	89.14203498895274	0.0004396936419604934	84.86046463748278	56.37834441791719
117.473439839718	6.165735002412031	117.3140870975235	23.022313782715358	37.38341093522074	41.09131591642217	79.67696664308994	0.0004396936419604934	84.8520691764547	56.32893901516503
117.41530573553703	6.172868432499482	117.27318001599812	23.028469878830794	36.881272574049476	41.466759605235374	71.06345531529675	0.0004396936419604934	84.80509993729221	56.28007231656425
117.32354477755159	6.179995684084625	117.19718003517505	23.03462252500305	36.43406527306375	41.841878109716596	63.182966734112625	0.0004396936419604934	84.7231112875963	56.23134204591994
117.20101698244594	6.187116751226422	117.08915255387589	23.040764513272165	36.03725150654269	42.21667111717952	55.93280983085957	0.0004396936419604934	84.60916970120084	56.18238810228598
117.05018464580927	6.194231584733892	116.95173892873883	23.046889324298885	35.68693328420911	42.591136038625336	49.2234540810491	0.0004396936419604934	84.46591776890166	56.13288697824839
116.87316112980344	6.201340096487415	116.78720973844091	23.052991034453264	35.3797720754177	42.96526823617916	42.97629122709884	0.0004396936419604934	84.29562744908897	56.082546898291184
116.67175138116457	6.208442163183392	116.59750905010337	23.059064234378088	35.112922382729955	43.339061220177975	37.12176107643102	0.0004396936419604934	84.10024432707064	56.03110355973361
116.44748549388557	6.215537629572161	116.38429111478867	23.06510395712736	34.883976803912155	43.71250681958686	31.597785094298516	0.0004396936419604934	83.88142430904271	55.97831637775905
116.20164624477192	6.222626311247728	116.14895065153159	23.0711056142769	34.69092082818922	44.085595328827196	26.34839216599636	0.0004396936419604934	83.64056390943531	55.923965151457736
115.93529160265527	6.229707997037905	115.89264762975975	23.077064938643367	34.5320959933308	44.458315633573406	21.322581993594937	0.0004396936419604934	83.3788250410338	55.86784708027224
115.64927268668451	6.236782451035443	115.61632730072589	23.082977932440667	34.406170271902994	44.83065531765427	16.473288525151812	0.0004396936419604934	83.09715505816834	55.80977407026035
115.34424784334577	6.243849414303412	115.32073604574015	23.088840819856234	34.31211483459858	45.20260075281057	11.756494348651335	0.0004396936419604934	82.79630262064208	55.74957027764017
115.02069312927713	6.250908606281971	115.00643349732657	23.09465000315085	34.249186508557045	45.57413717273471	7.13041152111862	0.0004396936419604934	82.47682983450616	55.68706984344306
114.5652210169609	6.257959725165647	114.66499985477343	23.100401433010838	34.2306022525746	45.94524869292819	0.0006632466720523266	0.0004396936419604934	82.13033774626952	55.62208539225924
113.19189361404045	6.265002440758759	114.31312463709459	23.1060905741758	34.230600761889804	46.315917934670935	0.0006632466720523266	0.0004396936419604934	81.77348708874078	55.55440667085167
110.74206920414554	6.272036412644524	113.96277822546259	23.111717772277096	34.230599271205	46.68612698129016	0.0006632466720523266	0.0004396936419604934	81.41822400517461	55.484067981628236
107.26345210490598	6.279061307765139	113.61395381981254	23.11728393637165	34.230597780520206	47.05585830342779	0.0006632466720523266	0.0004396936419604934	81.06454080183669	55.41113143032514
102.82377979285998	6.286076800859072	113.26664465301137	23.12278996058197	34.23059628983541	47.42509478205585	0.0006632466720523266	0.0004396936419604934	80.71242983276333	55.3356579861446
97.50950387070317	6.293082574318313	112.92084399065449	23.12823672434953	34.23059479915061	47.79381970096326	0.0006632466720523266	0.0004396936419604934	80.36188349930582	55.257707501560574
91.42410664881663	6.3000783180481505	112.57654513086234	23.13362509268382	34.230593308465814	48.16201673937578	0.0006632466720523266	0.0004396936419604934	80.01289424967864	55.17733873178307
84.68608606880456	6.3070637293293474	112.23374140408136	23.138955916407102	34.23059181778102	48.5296699647019	0.0006632466720523266	0.0004396936419604934	79.66545457851669	55.09460935388754
77.42664823981339	6.314038512682759	111.89242617288448	23.144230032395054	34.230590327096216	48.8967638254078	0.0006632466720523266	0.0004396936419604934	79.31955702643602	55.00957598561444
69.78715260711976	6.321002379736273	111.55259283177601	23.149448263813188	34.23058883641142	49.26328314401378	0.0006632466720523266	0.0004396936419604934	78.9751941796031	54.922294203845325
61.9163591755655	6.327955049094122	111.2142348069952	23.15461142034933	34.230587345726626	49.62921311021637	0.0006632466720523266	0.0004396936419604934	78.63235866930673	54.83281856276001
53.96753191535273	6.334896246208412	110.87734555632518	23.159720298442057	34.23058585504183	49.99453927412643	0.0006632466720523266	0.0004396936419604934	78.29104317153951	54.74120261168183
46.09545420623949	6.341825703252954	110.54191856890075	23.16477568150525	34.230584364357036	50.3592475396286	0.0006632466720523266	0.0004396936419604934	77.95124040658183	54.647498912614545
38.45341500240753	6.348743158999255	110.20794736501946	23.169778340148813	34.23058287367223	50.723324157854975	0.0006632466720523266	0.0004396936419604934	77.61294313859294	54.55175905747761
31.19022391512461	6.3556483586946975	109.87542549595402	23.17472903239559	34.23058138298744	51.086755720773	0.0006632466720523266	0.0004396936419604934	77.2761441752075	54.45403368504431
24.44731303361514	6.362541053942837	109.54434654376644	23.1796285038946	34.23057989230264	51.4495291548856	0.0006632466720523266	0.0004396936419604934	76.94083636713705	54.354372497587995
18.355983607240955	6.3694210025857805	109.21470412112444	23.184477488130618	34.23057840161785	51.81163171504052	0.0006632466720523266	0.0004396936419604934	76.60701260777775	54.25282427724165
13.034848230123982	6.37628796858865	108.88649187111808	23.189276706630157	34.230576910933046	52.17305097834946	0.0006632466720523266	0.0004396936419604934	76.27466583282177	54.149436902075074
8.587523126197443	6.383141721926031	108.55970346707981	23.194026869163945	34.23057542024825	52.53377483821161	0.0006632466720523266	0.0004396936419604934	75.94378901987558	54.0442573618955
5.165007995876761	6.386742831458643	108.23433261031188	23.19872388736848	34.40120641762488	52.72330691887541	0.0006632466720523266	122.17388879877208	75.61437996301684	54.09905279549169
2.9858110069066885	6.363498147067078	107.91037276517058	23.203205823341506	35.98922867722421	51.49990247721407	0.0006632466720523266	337.76911925662273	75.28659375431992	55.48538381372112
1.6774500075202063	6.318902254133537	107.58781635747506	23.207195210969896	38.71403896031815	49.152750217553965	0.0006632466720523266	464.1456299019168	74.96069974701062	57.914647841817825
1.4844733047837555	6.265447938525709	107.26665489095312	23.21053277451834	41.92305703617086	46.339365185562976	0.0006632466720523266	478.097868614779	74.63684841959505	60.75424179963138
1.7013208654815037	6.21445874271737	106.94687953000795	23.213200435505886	45.02087933185298	43.655723300913564	0.0006632466720523266	451.3141929641703	74.31504899650851	63.43708463942555
1.9060379071365883	6.167088432661827	106.62848157599826	23.215243059115124	47.94540849835419	41.16254908746392	0.0006632466720523266	426.1054577931075	73.99524802084093	65.90773132266463
2.099337574495754	6.123117402374389	106.31145256332637	23.21670542122623	50.706832317770846	38.84828433549347	0.0006632466720523266	402.3783880284471	73.67739235738482	68.179400942592
2.2818907785370546	6.082339133349151	105.99578424805156	23.217629520394024	53.31473523264657	36.70205964995468	0.0006632466720523266	380.0452407217933	73.36143186392914	70.26451935224354
2.454328701322385	6.04455941719155	105.68146859542554	23.218054744509004	55.77813412957986	34.713653536396706	0.0006632466720523266	359.02347682750013	73.04731921249102	72.17476636587264
2.6172451522380973	6.0095956243891155	105.3684977681739	23.218018027540662	58.10551199980432	32.87345391521593	0.0006632466720523266	339.23545245568545	72.73500972119031	73.9211201575771
2.771198784429592	5.977276016486366	105.0568641154783	23.217553996951086	60.30484960253995	31.17242192033436	0.0006632466720523266	320.608128446261	72.4244611961344	75.51389902323592
2.916715179736438	5.947439099084863	104.74656016261446	23.216695112333618	62.38365524978061	29.602057846571093	0.0006632466720523266	303.07279717542616	72.11563378271487	76.9628006624375
3.0542888099496235	5.919933013239567	104.4375786012132	23.215471795799047	64.34899282425468	28.154369117871312	0.0006632466720523266	286.56482556957803	71.8084898257621	78.2769391279739
3.1843848817054745	5.894614962980787	104.12991228010011	23.213912554597727	66.20750813505256	26.821840156882885	0.0006632466720523266	271.0234133681149	71.5029937380258	79.46487958084685
3.3074410719092433	5.8713506768211525	103.82355419668662	23.212044096438074	67.96545370939211	25.597404043217907	0.0006632466720523266	256.3913657317746	71.19911187649501	80.53467098084573
3.423869160189495	5.85001390122946	103.51849748887196	23.209891437935454	69.62871211339571	24.4744158541814	0.0006632466720523266	242.6148793445801	70.8968124260838	81.49387683529946
3.5340565645406232	5.830485924159171	103.21473542743419	23.207478006602944	71.20281788984039	23.446627587324112	0.0006632466720523266	229.64334120243842	70.5960652902502	82.34960412218841
3.6383677858479477	5.812655126863961	102.91226140887237	23.2048257367639	72.69297819423075	22.50816457178673	0.0006632466720523266	217.42913934218492	70.29684198813166	83.10853049499671
3.7371457667212544	5.796416562315265	102.61106894868043	23.201955159748977	74.10409220670655	21.65350327975014	0.0006632466720523266	205.92748479998477	69.99911555781526	83.77692987168533
3.8307131696849814	5.781671558654724	102.31115167502159	23.198885488714513	75.44076939190265	20.877450455511102	0.0006632466720523266	195.09624413755787	69.70286046537578	84.36069650298927
3.9193735795308062	5.768327346189197	102.01250332278326	23.19563469840332	76.70734667541443	20.175123483641286	0.0006632466720523266	184.89578190642277	69.40805251934071	84.86536761070599
4.0034126343945635	5.7562967065120745	101.71511772798678	23.192219600152434	77.90790460203954	19.541931921687492	0.0006632466720523266	175.28881245233478	69.1146687902533	85.29614468201777
4.083099089705691	5.745497642462855	101.41898882253287	23.188655912424863	79.04628253505564	18.97356012962328	0.0006632466720523266	166.24026051630014	68.82268753503739	85.6579134981002
4.1586858190344955	5.7358530676752055	101.12411062926233	23.184958327134126	80.12609295403857	18.465950930273316	0.0006632466720523266	157.71713010465467	68.53208812587593	85.95526297294572
4.2304107555507695	5.727290514560636	100.8304772573114	23.181140572009458	81.15073490427105	18.015290240032833	0.0006632466720523266	149.68838114157037	68.24285098333475	86.19250287244084
4.2984977775981426	5.7197418596395	100.53808289774862	23.177215469235843	82.12340664780496	17.617992612604603	0.0006632466720523266	142.1248134447194	67.95495751348528	86.37368047981695
4.363157541757053	5.713143065172481	100.24692181946875	23.173194990593807	83.04711756436082	17.270687640656256	0.0006632466720523266	134.99895758212648	67.66839004877687	86.50259627106611
4.424588266545204	5.707433936114398	99.95698836533883	23.169090309309574	83.92469934704867	16.97020716391505	0.0006632466720523266	128.28497219750315	67.38313179244383	86.58281865975849
4.482976469569411	5.7025578915172135	99.66827694857027	23.164911848803072	84.75881653310879	16.713573237747443	0.0006632466720523266	121.95854743536398	67.09916676623419	86.61769786429261
4.538497660988427	5.6984617494939815	99.38078204931233	23.160669328525028	85.55197641052331	16.497986815472057	0.0006632466720523266	115.99681409113904	66.81647976126425	86.61037895155201
4.5913169958218845	5.695095524956916	99.0944982114478	23.156371807052164	86.30653833671555	16.32081710299493	0.0006632466720523266	110.3782581540868	66.53505629181149	86.56381410476209
4.641589887526519	5.692412239377659	98.8094200395835	23.1520277226023	87.02472250392461	16.17959154619191	0.0006632466720523266	105.08264042569769	66.25488255187692	86.48077416123179
4.689462585189473	5.690367741840419	98.5255421962189	23.14764493112608	87.70861818482396	16.07198641265294	0.0006632466720523266	100.09092090567817	65.9759453743436	86.36385946428288
4.735072716553209	5.688920540700157	98.24285939908773	23.143230742123322	88.36019149002018	15.995817931586576	0.0006632466720523266	95.38518765527847	65.69823219257873	86.21551007115808
4.778549798781128	5.688031645253405	97.96136641865668	23.138791952311237	88.98129266470474	15.949033960704849	0.0006632466720523266	90.9485898878113	65.42173100433624	86.03801535289153
4.820015718931662	5.687664416810526	97.68105807577605	23.134334877276025	89.57366295256952	15.92970614792178	0.0006632466720523266	86.76527502847	65.14643033782384	85.8335230232748
4.859585185961292	5.687784428604359	97.40192923947181	23.12986538122928	90.1389410529928	15.936022558123488	0.0006632466720523266	82.82032950489032	64.87231921980239	85.60404763124578
4.8973661558785615	5.688359334031675	97.12397482486878	23.125388904977438	90.67866919466809	15.966280738508567	0.0006632466720523266	79.09972305589498	64.59938714559962	85.35147854728795
4.93346023166066	5.6893587427269425	96.84718979124189	23.120910492211966	91.19429884869804	16.018881196154197	0.0006632466720523266	75.59025634721193	64.32762405092754	85.07758747425109
4.967963039473695	5.69075410399022	96.57156914018044	23.116434814222913	91.68719610316998	16.092321262642503	0.0006632466720523266	72.2795116922362	64.05702028538623	84.78403551163443
5.00096458264494	5.692518597119182	96.29710791386711	23.111966193132734	92.15864671990205	16.18518932206153	0.0006632466720523266	69.15580668800781	63.78756658755872	84.47237980067747
5.0325495745741335	5.694627028277102	96.02380119345683	23.107508623729398	92.6098608903191	16.296159383004714	0.0006632466720523266	66.20815061088052	63.5192540616037	84.14407977261463
5.062797751916149	5.697055733482876	95.75164409755614	23.1030657939878	93.04197770949075	16.423985972782287	0.0006632466720523266	63.42620339725635	63.2520741552573	83.80050302524593
5.0917841692182355	5.6997824873559555	95.48063178079168	23.09864110435835	93.45606938523484	16.56749933452332	0.0006632466720523266	60.80023705435564	62.98601863915449	83.44293085011958
5.119579476054652	5.702786417292312	95.21075943246656	23.09423768589241	93.85314519718364	16.72560091012101	0.0006632466720523266	58.32109936434969	62.72107958739881	83.07256343000476
5.146250177699998	5.706047922748239	94.94202227529678	23.089858417273927	94.23415522068859	16.897259092011897	0.0006632466720523266	55.9801797454077	62.45724935930372	82.69052472628418
5.171858880356814	5.709548599316665	94.67441556422439	23.085505940825122	94.59999383007168	17.081505227192203	0.0006632466720523266	53.76937713656867	62.19452058223427	82.29786707542277
5.196464521887831	5.713271167300989	94.40793458530051	23.08118267754959	94.95150299480049	17.2774298579461	0.0006632466720523266	51.681069781899375	61.93288613547942	81.89557551243001
5.220122588865675	5.717199404534013	94.14257465463716	23.07689084126702	95.28947538019827	17.484179186	0.0006632466720523266	49.70808680741741	61.67233913509941	81.48457183665018
5.242885320699514	5.721318083206288	93.87833111742182	23.072632451890197	95.61465726353883	17.700951747698674	0.0006632466720523266	47.84368149126093	61.412872919691715	81.06571843419529
5.26480190170505	5.725612910434918	93.61519934698987	23.068409347902076	95.92775127790361	17.92699528604759	0.0006632466720523266	46.08150611357039	61.154481037013234	80.63982187335789
5.285918641785794	5.730070472365337	93.35317474395488	23.064223198077496	96.22941899334282	18.16160380870124	0.0006632466720523266	44.4155882985379	60.89715723141402	80.20763628560792
5.306279146375145	5.734678181604639	93.09225273538902	23.060075512492755	96.52028334461926	18.4041148212961	0.0006632466720523266	42.84030876353305	60.64089543203168	79.7698665444057
5.325924476287938	5.739424227784879	92.83242877405479	23.055967652866418	96.80093091480202	18.653906725519242	0.0006632466720523266	41.35038039027776	60.38568974170443	79.32717125407686
5.344893298109371	5.744297531061602	92.57369833768108	23.05190084227313	97.07191408367963	18.910396371662564	0.0006632466720523266	39.94082853580674	60.1315344265543	78.88016556057636
5.363222025708546	5.749287698365178	92.31605692828397	23.047876174269653	97.33375304938214	19.173036756061304	0.0006632466720523266	38.60697250624682	59.878423906201384	78.42942379522356
5.380944953355992	5.7543849822562665	92.05950007152654	23.043894621464975	97.58693773005994	19.441314855592285	0.0006632466720523266	37.3444081306111	59.62635274457189	77.97548196043532
5.398094380905681	5.7595802422423175	91.80402331611916	23.03995704356534	97.83192955219835	19.71474959170023	0.0006632466720523266	36.14899137424729	59.375315641270745	77.51884006615104
5.414700731595512	5.764864908383307	91.54962223325353	23.036064194930944	98.06916313348165	19.992889914910158	0.0006632466720523266	35.01682291936305	59.1253074234751	77.05996432738172
5.430792662869876	5.7702309470612825	91.29629241607175	23.032216731671326	98.29904786597257	20.275313003224692	0.0006632466720523266	33.94423365972428	58.87632303832324	76.5992892305021
5.44639717061636	5.775670828792104	91.0440294791672	23.02841521830554	98.52196940520805	20.561622568004793	0.0006632466720523266	32.927771058157994	58.628357545769575	76.13721947567166
5.4615396872086315	5.781177497957738	90.7928290581133	23.024660134013136	98.73829107081193	20.851447260932876	0.0006632466720523266	31.964186315494278	58.381406111875876	75.67413180276982
5.476244173744148	5.78674434433825	90.54268680902436	23.020951878502032	98.94835516417645	21.14443917569665	0.0006632466720523266	31.050422299993745	58.13546400251676	75.21037670818893
5.490533206833663	5.792365176333099	90.29359840813648	23.01729077751679	99.15248420831237	21.440272438583484	0.0006632466720523266	30.183602190527253	57.89052657746422	74.7462800591845
5.504428060281515	5.798034195766032	90.04555955141899	23.013677088010184	99.35098211471026	21.738641882422034	0.0006632466720523266	29.361018789035302	57.64658928483858	74.2821446122075
5.517948781873807	5.803745974206622	89.79856595420479	23.01011100299218	99.54413528031444	22.03926180034781	0.0006632466720523266	28.580124473865027	57.40364765590028	73.81825143927783
5.53111426562827	5.809495430698357	89.5526133508452	23.006592656080166	99.73221361966391	22.34186477359704	0.0006632466720523266	27.838521747592317	57.16169730016417	73.35486126909034
5.543942319783925	5.815277810807147	89.30769749438277	23.003122125768755	99.91547153617326	22.646200568796502	0.0006632466720523266	27.133954342905806	56.92073390081185	72.89221574808022
5.556449730759511	5.821088666919034	89.06381415624527	22.999699439434504	100.0941488358245	22.952035101001076	0.0006632466720523266	26.464298856535812	56.68075321038945	72.43053862577344
5.568652323310234	5.826923839716036	88.82095912595547	22.996324577090768	100.26847158654911	23.259149458738015	0.0006632466720523266	25.82755688116373	56.44175104677063	71.97003686873646
5.580565017111907	5.832779440758821	88.5791282108606	22.992997474907945	100.43865292657301	23.567338987305632	0.0006632466720523266	25.22184760527493	56.20372328937337	71.51090170745614
5.5922018800000854	5.838651836105838	88.3383172358741	22.98971802851425	100.60489382497555	23.87641242662235	0.0006632466720523266	24.64540085115888	55.96666587560811	71.05330962042044
5.603576178069028	5.844537630905098	88.09852204323462	22.986486096090637	100.76738379738902	24.186191100267603	0.0006632466720523266	24.09655052419061	55.730574797548364	70.59742325927684
5.614700422829147	5.850433654897065	87.85973849227842	22.98330150127312	100.92630157967642	24.49650815247639	0.0006632466720523266	23.57372844737544	55.49544609880716	70.14339231880274
5.625586415531789	5.8563369487949535	87.62196245922344	22.980164035869624	101.08181576114275	24.80720783131261	0.0006632466720523266	23.07545856690002	55.261275871610074	69.69135435373333
5.636245288876873	5.862244751475389	87.38518983696763	22.97707346240577	101.23408538035824	25.118144814493466	0.0006632466720523266	22.600351500435174	55.02806025405322	69.24143554651884
5.646687546267508	5.868154487928682	87.1494165348965	22.974029516510505	101.38326048593873	25.429183575193086	0.0006632466720523266	22.14709940670104	54.79579542753041	68.79375142909102
5.656923098741085	5.874063757928356	86.91463847870354	22.971031909150135	101.52948266413267	25.740197785702225	0.0006632466720523266	21.714471159310758	54.56447761432422	68.34840756108888
5.666961299706979	5.879970325379758	86.68085161021813	22.96808032871939	101.67288553507403	26.051069756828653	0.0006632466720523266	21.301307807861487	54.334103075347514	67.90550016698162
5.676810977620531	5.885872108307303	86.4480518872458	22.965174442998208	101.81359521955335	26.361689910909977	0.0006632466720523266	20.906518309260825	54.10466810803099	67.46511673454516
5.686480466723415	5.8917671694401585	86.2162352834153	22.96231390098276	101.95173077816597	26.671956286323447	0.0006632466720523266	20.529075512258032	53.876169044343314	67.02733657712999
5.695977635972859	5.897653707358347	85.98539778803327	22.959498334598937	102.08740462458661	26.98177407149123	0.0006632466720523266	20.168012379132353	53.648602248935916	66.59223136202945
5.705309916277394	5.903530048162618	85.75553540594886	22.95672736030608	102.2207229146514	27.291055166452857	0.0006632466720523266	19.822418429105944	53.42196411740743	66.15986560717299
5.714484326112629	5.909394637645469	85.52664415742426	22.954000580595782	102.35178591229763	27.59971777081347	0.0006632466720523266	19.491436393867552	53.19625107467858	65.73029714751564
5.723507495610471	5.915246033934284	85.2987200780115	22.951317585392	102.48068833369535	27.907685996540586	0.0006632466720523266	19.174259072964905	52.97145957347201	65.30357757288583
5.732385689231643	5.921082900572452	85.07175921843655	22.94867795335972	102.60751967114068	28.21488950381261	0.0006632466720523266	18.870126374664554	52.747586092890515	64.87975263936339
6.232124397659636	5.927968872404626	84.84575764648385	22.946084005054765	102.67623354489201	28.577309073927065	0.0006632466720523266	0.0005370347533586034	52.524624392643254	64.4057566325067
8.362589029210897	5.936094856783164	84.62071149301848	22.943553717986397	102.6762327032922	29.00499246227121	0.0006632466720523266	0.0005370347533586034	52.302552669692155	63.87294306016128
12.164055979395052	5.944153760427547	84.39661695605419	22.941089861485317	102.67623186169239	29.429145285659793	0.0006632466720523266	0.0005370347533586034	52.08136436583667	63.346805052888335
17.617996551471627	5.95214642249663	84.17347024789267	22.93869119658843	102.67623102009257	29.849811710348337	0.0006632466720523266	0.0005370347533586034	51.86105693742884	62.82723870458976
24.697827912410105	5.960073669095223	83.95126759178106	22.936356506017297	102.67623017849276	30.267035215537483	0.0006632466720523266	0.0005370347533586034	51.641627830103026	62.31414184610342
33.36904244067976	5.9679363134923245	83.73000522195595	22.934084593804258	102.67622933689294	30.68085860485858	0.0006632466720523266	0.0005370347533586034	51.42307447919277	61.807414015596464
43.589376013436066	5.975735156335532	83.50967938368771	22.931874284924966	102.67622849529313	31.091324017659012	0.0006632466720523266	0.0005370347533586034	51.20539431014193	61.30695642947156
55.309014018950414	5.983470985861895	83.29028633332122	22.929724424937227	102.67622765369332	31.49847294009914	0.0006632466720523266	0.0005370347533586034	50.98858473890564	60.81267195376648
68.47083413635688	5.991144578105085	83.07182233831661	22.927633879626047	102.6762268120935	31.90234621605653	0.0006632466720523266	0.0005370347533586034	50.772643172345326	60.32446507604804
83.00805541707997	5.998756697099139	82.85595529123094	22.925601535877792	102.67362991624627	32.302984057848796	76.05084875257492	0.0005370347533586034	50.559235284783014	59.84224193893283
89.9195676049968	6.006308950043748	87.40026744021942	22.924078216942124	95.26589670689447	32.70047105493363	1259.6508682167525	0.0005370347533586034	55.09599722881909	59.38846334491889
94.37554849102634	6.013807607833931	92.1955568445026	22.92372531031715	87.43505087727117	33.09513725441692	1089.9966090899327	0.0005370347533586034	59.88206739938612	58.99588512416093
98.15639161003233	6.021260037482972	96.27785809432443	22.924405444017406	80.68198776553675	33.48737039384018	939.2675436820225	0.0005370347533586034	63.95554156717211	58.65727032672157
101.36477223124676	6.028672554971433	99.7442568402562	22.925964463800998	74.86036430239915	33.877502893232794	810.2584813233645	0.0005370347533586034	67.41346544556347	58.36459544147815
104.08626191076613	6.036050533905538	102.68528819935847	22.92827034552188	69.83337617579572	34.265817573975156	700.4876415319104	0.0005370347533586034	70.34632520342913	58.11099058081698
106.39452024552122	6.043398543837377	105.17992273776031	22.931210725645133	65.4816136270154	34.65255493880884	607.2995397085415	0.0005370347533586034	72.833045920274	57.890609090387755
108.3520328961473	6.050720470885456	107.29566114175174	22.934690187068814	61.70299194614703	35.03791952028663	528.1866630258746	0.0005370347533586034	74.94108877712803	57.69848580916814
110.01137493660643	6.0580196208699135	109.08954007147011	22.93862770842713	58.411262769666756	35.42208530894228	460.91821839624293	0.0005370347533586034	76.72745744814604	57.53040437786111
111.41660316805346	6.06529880655948	110.60945760134072	22.942954399340678	55.53402106025616	35.8052003452352	403.57356918446015	0.0005370347533586034	78.240023155688	57.382779639060246
112.60458408346943	6.072560421063749	111.89552550893312	22.947611551564506	53.01066135898198	36.18739058230203	354.53007309623746	0.0005370347533586034	79.51887620495805	57.252556525038194
113.60617698516462	6.0798064994234275	112.98131553510336	22.952548991898944	50.79048999675931	36.56876312754822	312.4315108587016	0.0005370347533586034	80.597571400403	57.137124623776074
114.44725056816478	6.087038770281128	113.89495003382588	22.95772370438314	48.83107116986582	36.949408962163965	276.15105299751576	0.0005370347533586034	81.5042178936548	57.034246705100934
115.14953750987617	6.094258699277319	114.66002927111323	22.963098684071873	47.096819979019436	37.32940522512135	244.75490520954304	0.0005370347533586034	82.26240577548975	56.94199923972792
115.73134439256675	6.101467525568836	115.29640646899848	22.968641985773704	45.557826258037174	37.708817135201315	217.46974761220923	0.0005370347533586034	82.8919805221798	56.85872301024342
116.20813672310128	6.108666292638224	115.82082924861398	22.97432593487299	44.18888117679008	38.087699612537556	193.6545230717222	0.0005370347533586034	83.40968394584864	56.78298211173842
116.59301954304102	6.1158558743616664	116.24746748027361	22.980126471940146	42.96867636957165	38.46609865061347	172.77681721178598	0.0005370347533586034	83.82968164504275	56.713529878924085
116.89713148126516	6.123036997132751	116.58834648621807	22.986022607357853	41.87914685887549	38.84405248067057	154.39328335160874	0.0005370347533586034	84.16399588708542	56.64928051125542
117.1299678542703	6.130210258697588	116.85370224887009	22.991995966278907	40.9049324864566	39.22159256303036	138.1335885281709	0.0005370347533586034	84.42286056146762	56.58928537906624
117.29964578059361	6.137376144239574	117.05227278475364	22.998030407752562	40.032936332062725	39.59874443366128	123.68728374804907	0.0005370347533586034	84.61501235229588	56.53271317564943
117.41312209618543	6.144535040156469	117.19153744233047	23.004111704810096	39.25196224414237	39.975528429287216	110.79311275553643	0.0005370347533586034	84.74792987776425	56.47883323268113
117.47637281236808	6.151687245893985	117.27791377706814	23.010227274736383	38.55241680465047	40.35196031020916	99.23030347801783	0.0005370347533586034	84.82803044144826	56.42700144211977
117.49454127263756	6.158832984136475	117.31691985242531	23.016365950744643	37.926063794518676	40.728051796656	88.81149593417234	0.0005370347533586034	84.86083223720566	56.37664833040829
117.47206059768862	6.165972409602939	117.31330834254969	23.02251778788685	37.36582146658422	41.10381103173308	79.3769133974902	0.0005370347533586034	84.85108837790646	56.32726891419536
117.41275528073288	6.173105616654543	117.27117755242794	23.028673897340795	36.86559485143201	41.47924298181753	70.7896499804816	0.0005370347533586034	84.80289785936786	56.278414034312306
117.31992544970986	6.180232645884257	117.19406352329102	23.03482630427014	36.420136763000855	41.8543497833814	62.93174903741634	0.0005370347533586034	84.71979762377279	56.22968291929409
117.19641697683628	6.187353489831353	117.08501655215491	23.04096782530806	36.02493244873006	42.22913104375489	55.700998168681615	0.0005370347533586034	84.60483904874886	56.18071677383516
117.04467978573689	6.1944680979393905	116.94666483227152	23.047091962403485	35.676103775142735	42.60358410207255	49.008262560690966	0.0005370347533586034	84.46065156673409	56.13119322320447
116.86681634125539	6.201576380856976	116.78126739082278	23.053192810326475	35.37032964733501	42.97770425562964	42.77526104430591	0.0005370347533586034	84.28949558931717	56.08082147347498
116.66462193812262	6.208678214164541	116.59075807989416	23.059264975579683	35.104780000484766	43.3514849560278	36.932714942220656	0.0005370347533586034	84.09330649133133	56.02933807075731
116.43961799864827	6.2157734415964025	116.37678204503857	23.065303504826876	34.87706120614779	43.724917978757276	31.418762632846956	0.0005370347533586034	83.87373107805509	55.97650316152389
116.19307948000225	6.2228618778164195	116.14072580800887	23.07130382124462	34.68517117441949	44.097993569284476	26.177621824690664	0.0005370347533586034	83.6321576714209	55.92209717141013
115.92605717888662	6.229943310795572	115.88374188330808	23.077261667440492	34.52746276312458	44.47070056818725	21.158433617270354	0.0005370347533586034	83.36974073439828	55.86591783224619
115.6393955934341	6.237017503831742	115.60676865845844	23.083173053772494	34.40261439438512	44.843026517459386	16.31425331583061	0.0005370347533586034	83.08742076315909	55.8077774970377
115.33374683560261	6.244084197244739	115.31054611447657	23.089034211056603	34.30960701284713	45.214957749722295	11.60114639102925	0.0005370347533586034	82.78594002337266	55.74750069059337
115.0095810288648	6.251143109773468	114.99562782688331	23.094841546769786	34.24770672790353	45.58647946176082	6.977386818747542	0.0005370347533586034	82.46585457097105	55.684921849816014
114.53711664104632	6.258193938813489	114.65323461986233	23.100590951217313	34.23069051571443	45.95757572702508	0.0007351074398912927	0.0005370347533586034	82.11840685493458	55.61985062019102
113.12735850808431	6.265236353292862	114.30141082393247	23.10627801536637	34.230689194936346	46.32822912067633	0.0007351074398912927	0.0005370347533586034	81.76160958938677	55.55208310367525
110.64235988818066	6.272270012947012	113.95111560535508	23.11190316688263	34.230687874158264	46.69842173405263	0.0007351074398912927	0.0005370347533586034	81.4063996391935	55.48165769678084
107.13051001621116	6.279294584978922	113.60234216517205	23.117467314323193	34.23068655338018	47.068136051521556	0.0007351074398912927	0.0005370347533586034	81.05276931222383	55.408636467213555
102.66019348203287	6.286309744383069	113.25508373735036	23.12297135131923	34.2306852326021	47.437354967529274	0.0007351074398912927	0.0005370347533586034	80.70071096410236	55.333080346807904
97.31845859861254	6.293315173802756	112.90933358857883	23.12841615682919	34.230683911824016	47.806061779091735	0.0007351074398912927	0.0005370347533586034	80.35021699775356	55.25504915132163
91.2093223676435	6.300310563389977	112.56508501806445	23.13380259538775	34.23068259104593	48.174240178419154	0.0007351074398912927	0.0005370347533586034	80.00127986295023	55.17460159988856
84.45174497934538	6.3072956106676665	112.2223313573336	23.139131517350414	34.230681270267844	48.541874245666	0.0007351074398912927	0.0005370347533586034	79.65389205587086	55.09179533413718
77.1773133666145	6.314270020394406	111.88106597003245	23.14440375913399	34.23067994948976	48.90894844181017	0.0007351074398912927	0.0005370347533586034	79.30804611866057	55.00668693697916
69.52767892317796	6.321233504431427	111.5412822517322	23.14962014345293	34.23067862871168	49.27544760165338	0.0007351074398912927	0.0005370347533586034	78.96373463900069	54.91933195107498
61.65179910830946	6.328185781612012	111.20297362973244	23.154781479551627	34.2306773079336	49.64135692694735	0.0007351074398912927	0.0005370347533586034	78.62095024968087	54.82978489698058
53.703036958093584	6.335126577613097	110.86613356287019	23.159888563432744	34.23067598715551	50.00666197963601	0.0007351074398912927	0.0005370347533586034	78.27968562818049	54.73809929098218
45.836174598561975	6.342055624829171	110.5307555413276	23.16494217808164	34.230674666377425	50.37134867521888	0.0007351074398912927	0.0005370347533586034	77.93993349625285	54.64432766262322
38.204399369856134	6.348972662248341	110.19683308644372	23.16994309368694	34.23067334559934	50.73540327622783	0.0007351074398912927	0.0005370347533586034	77.60168661951715	54.54852157192976
30.95632107692141	6.3558774353305845	109.86435975052632	23.174892067857364	34.23067202482126	51.0988123858196	0.0007351074398912927	0.0005370347533586034	77.26493780705424	54.45073162633869
24.233077636968194	6.362769695888122	109.53332911666602	23.179789845834815	34.23067070404318	51.46156294147949	0.0007351074398912927	0.0005370347533586034	76.92967991100859	54.35100749733434
18.16558724520487	6.369649201967852	109.20373479855344	23.184637160703836	34.230669383265095	51.82364220883369	0.0007351074398912927	0.0005370347533586034	76.59590582619663	54.24939793679881
12.871998559561852	6.376515717735899	108.87557044029501	23.189434733597498	34.230668062487005	52.18503777557296	0.0007351074398912927	0.0005370347533586034	76.26360848971748	54.145950793079635
8.455391250810557	6.383369013364102	108.54882971623404	23.19418327389974	34.23066674170892	52.54573754547842	0.0007351074398912927	0.0005370347533586034	75.93278088057257	54.04071302678158
5.07533726299197	6.386435523517779	108.22350632790629	23.198877434919307	34.42944911703136	52.70713281672452	0.0007351074398912927	131.11031525781667	75.60342204888858	54.122095570075864
2.928347812609338	6.3622933095721095	107.8995937168782	23.20334688233133	36.06502231617228	51.43648997747876	0.0007351074398912927	343.395038901513	75.27569544365892	55.55267863796041
1.6506970378245185	6.317180601413659	107.57708427058174	23.207316362856726	38.81757559900693	49.062136916507704	0.0007351074398912927	466.64884556414984	74.94986817138161	58.006788072152844
1.4919668313265315	6.263686862121604	107.25596947154138	23.210631169117363	42.02929933120273	46.24667695376794	0.0007351074398912927	477.172492284743	74.62608613016305	60.84721534978746
1.7083952504787936	6.212822734009873	106.9362404831473	23.213277251122527	45.12113389052075	43.569617579466275	0.0007351074398912927	450.44323755834364	74.30435452297819	63.522725855632316
1.912717792786808	6.165569903318628	106.61788861447413	23.21529984269273	48.04002735206382	41.08262649045342	0.0007351074398912927	425.2857002584178	73.98461953271533	65.98649696870463
2.1056461436392877	6.121709216290193	106.30090540755963	23.216743623743493	50.796146649956384	38.774169278430506	0.0007351074398912927	401.6067964703263	73.66682812756038	68.25172037266454
2.2878498412129704	6.0810345797833145	105.9852826256677	23.217650502623986	53.39905661529471	36.63339893596321	0.0007351074398912927	379.31896306227014	73.35093026251803	70.33079614203297
2.4599587761816455	6.0433521855025285	105.67101224085035	23.218059782434835	55.85775568627578	34.65011502644815	0.0007351074398912927	358.339830137324	73.03687870101282	72.2353798466149
2.622565543127399	6.008479780268293	105.35808642225251	23.21800831744914	58.180709499786545	32.81472527727784	0.0007351074398912927	338.59191291932507	72.7246288471085	73.97642685904187
2.7762276524434824	5.97624597959877	105.04649752511722	23.217530660223673	60.37588249001631	31.118209452566113	0.0007351074398912927	320.0023219207645	72.41413858771746	75.56423403124468
2.9214696109946727	5.946489622036975	104.73623808044549	23.216659199952314	62.45076761217616	29.552085370366406	0.0007351074398912927	302.502490309466	72.10536814420412	77.00847889576649
3.0587848793297265	5.9190591618029105	104.42730078527661	23.21542429258236	64.41241430267694	28.108376936994578	0.0007351074398912927	286.02791745255416	71.79827993282795	78.31825653897187
3.1886377128025702	5.89381209748671	104.11967849354765	23.213854383184913	66.26745478086042	26.77958407824716	0.0007351074398912927	270.5179276736497	71.49283843349511	79.50211428490972
3.311464893453107	5.870614434655505	103.81336420750142	23.21197612103706	68.0221287901538	25.558654455552187	0.0007351074398912927	255.91544332547556	71.18901006633105	80.56808431907737
3.4276773591316685	5.849340180360985	103.50835106960619	23.20981446784863	69.68230687127611	24.43895686110372	0.0007351074398912927	242.1667713281673	70.8867630756057	81.52371437438184
3.537661735950981	5.82987086765844	103.20463235496135	23.207392799540067	71.25351225440915	23.41425619254873	0.0007351074398912927	229.22140237598157	70.58606742057947	82.3760965940809
3.6417817798563177	5.812095108339603	102.90220146415531	23.20473300195796	72.74094145305682	22.478689912609976	0.0007351074398912927	217.03182205356427	70.28689467285099	83.13189468091733
3.7403797326720216	5.795908172215411	102.60105191655298	23.20185556088616	74.1494836361383	21.62674590607351	0.0007351074398912927	205.5533331595746	69.98921791982652	83.797369433537
3.8337775977015807	5.781211591372513	102.30117734398284	23.198779646691428	75.48373885084628	20.85324165118416	0.0007351074398912927	194.7438885723289	69.69301167394288	84.37840276594528
3.922278339635241	5.767912787927268	102.00257148480452	23.195523193921197	76.74803516418429	20.15330462775024	0.0007351074398912927	184.5639340344384	69.39825178730806	84.88052029969593
4.00616701324805	5.755924723885501	101.70522817833097	23.192102976152707	77.94644478722441	19.52235388870982	0.0007351074398912927	174.97626026898078	69.10491537143473	85.30891261335995
4.0857118251724485	5.745165571777927	101.40914135958258	23.188534676379568	79.08279924328724	18.956082725153312	0.0007351074398912927	165.9458638657836	68.81298072175883	85.66845523008155
4.161165132705251	5.735558404841457	101.11430505436054	23.184832953200324	80.16070363661301	18.450442360075936	0.0007351074398912927	157.43981641885628	68.52242724666624	85.96372741794298
4.2327643833327295	5.72703090560312	100.82071337461062	23.181011503054773	81.1835500741484	18.00162661068976	0.0007351074398912927	149.42714143227477	68.23323540075368	86.1990298725822
4.300732998545161	5.719515091757346	100.5283605140684	23.177083118746655	82.15453029146886	17.606057460912197	0.0007351074398912927	141.8786985264542	67.94538662207692	86.37840134946504
4.365281205178597	5.712947058331656	100.23724074416357	23.17305974446882	83.07664752908937	17.260371491139022	0.0007351074398912927	134.76707452054154	67.6588632731478	86.50563430685771
4.426606817431776	5.707266735163151	99.94734841017207	23.168952527541087	83.95272770413479	16.96140711384929	0.0007351074398912927	128.06648097837314	67.37364858545942	86.5842896188964
4.484895972547687	5.702417658757831	99.65867792759705	23.16477186706037	84.78542992007637	16.706192566200876	0.0007351074398912927	121.7526578262501	67.0897266073214	86.61771041512652
4.540323822852031	5.698346757696676	99.37122377876896	23.16052745964283	85.57725635299556	16.491934615613776	0.0007351074398912927	115.80278268970024	66.80708215481586	86.60903509730714
4.593055186713278	5.695004150792404	99.0849805096478	23.156228342429223	86.33056155101337	16.31600793644155	0.0007351074398912927	110.19538561314825	66.52570076568657	86.56120958184044
4.643245160924799	5.692342957220358	98.79994272681968	23.151882933520493	87.04756118260654	16.17594511686019	0.0007351074398912927	104.91026883479158	66.24556865598656	86.47699881500631
4.6910396967211625	5.690319117936945	98.51610509467163	23.147499069991124	87.73034026541174	16.06942725983845	0.0007351074398912927	99.92843132681388	65.96667267932122	86.35899760270843
4.7365761416064975	5.688891227709239	98.2334623327387	23.143084043625766	88.3808609066308	15.994275142590743	0.0007351074398912927	95.23199781550974	65.68900028853523	86.20964079582593
4.779983749072782	5.688020377110849	97.95200921320763	23.138644634517757	89.00096958472058	15.94844090057023	0.0007351074398912927	90.80415200904231	65.41253949968986	86.03121287034489
4.821384158143377	5.6876700038829755	97.67174055857288	23.134187142658774	89.5924040000148	15.930000204366348	0.0007351074398912927	86.62907377919547	65.13727885819708	85.82585693878947
4.860891844397979	5.687805753146612	97.39265123943292	23.129717417630143	90.15679951793769	15.937144902452475	0.0007351074398912927	82.69188008009891	64.86320740698815	85.59558322417617
4.898614544285823	5.688395345904942	97.11473617241798	23.12524088651635	90.69569523062117	15.968176100259349	0.0007351074398912927	78.97856936714757	64.59031465658781	85.34227703057006
4.9346536542773505	5.6894084553545	96.8379903182444	23.120762580144326	91.21053965907156	16.021497650236082	0.0007351074398912927	75.47596931295058	64.31859055698546	85.06770623949093
4.969104606301325	5.690816590556072	96.56240867988372	23.11628715774493	91.70269611655691	16.095610029266208	0.0007351074398912927	72.17168763071035	64.04802547119576	84.7735283594425
5.00205722090558	5.692592987018568	96.28798630084559	23.111818930132795	92.17344775376056	16.189104579923825	0.0007351074398912927	69.05406581653432	63.778610150411325	84.46129715571091
5.033596039501877	5.694712503773872	96.01471826355845	23.107361881495066	92.62400230513623	16.30065809336092	0.0007351074398912927	66.1121356324351	63.51033571064145	84.13246888605921
5.063800636961547	5.697151526548933	95.74259968785375	23.102919689873882	93.0554965545601	16.429027713100975	0.0007351074398912927	63.33557816397417	63.24319361075771	83.78840816624705
5.092745915595779	5.699887876714618	95.47162572953648	23.098495746411256	93.46900053504912	16.57304614287386	0.0007351074398912927	60.71468531711947	62.97717563186086	83.43039348483144
5.120502381734481	5.702900725634087	95.20179157904495	23.094093173437575	93.8655214798877	16.73161713863539	0.0007351074398912927	58.240323595196244	62.71227385789095	83.0596223901739
5.14713640592126	5.706170514095046	94.93309246018885	23.089714841471498	94.24600753969885	16.903711268159554	0.0007351074398912927	55.90390002261419	62.4484806574019	82.67721636882207
5.172710467648639	5.709678876538804	94.66552362896526	23.085363385192956	94.61135127866142	17.088361923094133	0.0007351074398912927	53.697330094251946	62.18578866643878	82.28422543270719
5.197283385558143	5.713408569799214	94.39908037244473	23.08104121845089	94.96239296308289	17.28466156837893	0.0007351074398912927	51.61300762934262	61.9241907724483	81.88163243258323
5.220910534003623	5.717343406072575	94.13375800772432	23.076750548365652	95.29992365516117	17.4917582143453	0.0007351074398912927	49.64377641213083	61.663680099159706	81.4703571146533
5.243644046819292	5.721468189857155	93.86955188094497	23.07249338858229	95.62468812395645	17.708852097744206	0.0007351074398912927	47.78290350902179	61.40424999237728	81.05125993625629
5.2655330089996895	5.725768658643018	93.60645736636538	23.068271571721716	95.93738758367641	17.935192560158054	0.0007351074398912927	46.02405416956836	61.14589400662975	80.6251456539345
5.286623636966292	5.730231427142453	93.34446986549437	23.06408676107491	96.23868226891359	18.17007511275988	0.0007351074398912927	44.36126822285158	60.88860589263356	80.19276669662239
5.306959448190779	5.734843934822177	93.08358480627292	23.05994046159138	96.52919385783483	18.41283867485061	0.0007351074398912927	42.788937868375285	60.632379585509874	79.75482633845974
5.326581420761883	5.739594396554923	92.82379764230744	23.05583403020115	96.80950775170774	18.662862976574136	0.0007351074398912927	41.30178678453956	60.377209193718215	79.31198168231097
5.345528143468014	5.744471756213011	92.56510385214678	23.05176868550826	97.0801752189382	18.919566116473515	0.0007351074398912927	39.89485047973523	60.12308898866054	78.86484646476205
5.363835956966981	5.749465643026311	92.307498938605	23.04774551689401	97.34171541178058	19.182402264541903	0.0007351074398912927	38.56345781116849	59.8700133949205	78.41399369338448
5.381539086599922	5.754566330531843	92.05097842812354	23.043765493066996	97.59461726367975	19.45085950167519	0.0007351074398912927	37.30321359842763	59.61797698109372	77.95995812675713
5.39866976736536	5.759764697954836	91.79553787017055	23.039829470094357	97.83934127461455	19.724457787095815	0.0007351074398912927	36.109982264183124	59.3669744511732	77.50323860697576
5.415258361492264	5.765052193884897	91.54117283667779	23.03593819894351	98.0763211907132	20.00274704657275	0.0007351074398912927	34.97987244449881	59.117000636460716	77.04430025293009
5.43133346899189	5.770420802129578	91.28787892151021	23.03209233255956	98.305965583565	20.285305375240167	0.0007351074398912927	33.90922251900431	58.86805048797407	76.58357652149866
5.4469220316929	5.775863009588587	91.03565173996797	23.028292432512206	98.52865933643658	20.571737346766916	0.0007351074398912927	32.89458699480414	58.620119069316495	76.12147114618057
5.462049431119359	5.781371776037178	90.78448692831645	23.02453897523586	98.74476504252885	20.861672423008535	0.0007351074398912927	31.932723697017263	58.373201549979996	75.65835995993375
5.476739580553922	5.786940505712313	90.53438014334621	23.02083235788598	98.95462432016545	21.154763458542003	0.0007351074398912927	31.020581721074652	58.12729319906146	75.19459260868298
5.491015011629033	5.792563020595345	90.28532706195725	23.017172903834314	99.1585590498099	21.450685294491063	0.0007351074398912927	30.15529010186674	57.88238937936356	74.73049416194813
5.5048969557877605	5.798233535285005	90.03732338077042	23.01356086782591	99.35687253779173	21.749133436052112	0.0007351074398912927	29.334147154959982	57.63848554186015	74.26636662704485
5.51840542093163	5.803946633362479	89.7903648157574	23.00999644081888	99.54985061127556	22.04982280855073	0.0007351074398912927	28.55461044832046	57.3955772204969	73.80249037281962
5.5315592635622775	5.809697245152933	89.54444710189772	23.006479754527568	99.73776264885625	22.352486586995674	0.0007351074398912927	27.814287364301105	57.153660027314885	73.33912546873134
5.544376256612792	5.815480626823142	89.29956599285138	23.003010885681903	99.92086254957789	22.656875095954014	0.0007351074398912927	27.110926226270422	56.9127296478731	72.87651294293771
5.556873153252582	5.821292340726785	89.05571726065389	22.999589860022013	100.09938964443202	22.962754775093167	0.0007351074398912927	26.44240795265585	56.672781836957334	72.41487596476102
5.569065746936983	5.827128236913471	88.81289669542664	22.996216656046045	100.27356955420917	23.26990720597137	0.0007351074398912927	25.806738202884404	56.43381241455085	71.95442095662831
5.580968927901398	5.832984435739306	88.57110010510594	22.99289120852455	100.44361499655797	23.578128196804773	0.0007351074398912927	25.202039989026275	56.195817262056636	71.4953386392619
5.592596736299026	5.838857311517381	88.33032331518673	22.989613411794622	100.60972654509551	23.887226921966597	0.0007351074398912927	24.626546727071005	55.958792318753964	71.03780501386169
5.603962412181001	5.8447434771464195	88.0905621684807	22.986383122847002	100.77209334340945	24.19702511296865	0.0007351074398912927	24.078595701777335	55.72273357847611	70.58198228502863
5.615078442517625	5.850639769655853	87.85181252489048	22.983200164219436	100.93089377678979	24.507356297675642	0.0007351074398912927	23.55662191905828	55.4876370864974	70.12801972817883
5.625956605445332	5.856543236610235	87.61407026119295	22.98006432670846	101.08629610432845	24.818065084748376	0.0007351074398912927	23.059152321725797	55.25349893661063	69.67605450491095
5.636608011918621	5.862451123317094	87.37733127083881	22.97697537191161	101.23845905394685	25.12900649037259	0.0007351074398912927	22.584800345082964	55.02031526838977	69.2262124297255
5.647043144877704	5.868360860804156	87.14159146375998	22.97393303460734	101.38753238193377	25.44004530548109	0.0007351074398912927	22.132260797880804	54.78808226462275	68.77860869015886
5.657271896081246	5.874270054519339	86.90684676619057	22.97093702498261	101.53365739912724	25.751055501017042	0.0007351074398912927	21.70030504904483	54.55679614890949	68.33334852316327
5.667303600778646	5.880176473699595	86.67309312049542	22.96798703071973	101.67696746623294	26.061919668398925	0.0007351074398912927	21.287776497330434	54.326453183408226	67.89052785100641
5.677147070335279	5.886078041373229	86.44032648501009	22.965082718949972	101.81758845989911	26.372528493327025	0.0007351074398912927	20.893586309030567	54.09704966672602	67.45023387883676
5.686810622922597	5.891972824961151	86.20854283388765	22.962223738081377	101.95563921114653	26.68278026111237	0.0007351074398912927	20.516709409090854	53.86858193194174	67.0125456560109
5.6963021123846405	5.897859027442295	85.97773815695568	22.959409719508177	102.09123191774715	26.992580391698922	0.0007351074398912927	20.15618071100095	53.64104634475734	66.57753460329377
5.705628955392826	5.903734979048649	85.74790845957934	22.956640279209214	102.22447253214979	27.301841002559687	0.0007351074398912927	19.81109157081789	53.414439301765945	66.14526500802789
5.714798156999336	5.909599129455556	85.51904976253257	22.953915019242697	102.35546112652852	27.61048049766001	0.0007351074398912927	19.480586450857434	53.18875722883157	65.71579448935665
5.723816334688772	5.915450040436444	85.29115810187518	22.9512335291439	102.48429223637761	27.918423180864657	0.0007351074398912927	19.16385978000267	52.9639965795715	65.2891744353724
5.732689741021464	5.921286378952954	85.06422952883734	22.948595387232015	102.61105518398749	28.225598892259868	0.0007351074398912927	18.860152998384397	52.74015383393682	64.86545041395257
6.276105148277765	5.928250031503883	84.83826011212508	22.946003309992385	102.67557284584986	28.59210692125606	0.0007351074398912927	0.00043910887018446784	52.51722235741728	64.38766392442483
8.462489026519261	5.936373750489187	84.61324598572912	22.943475308533944	102.67557087208745	29.01967107837729	0.0007351074398912927	0.00043910887018446784	52.29518031656146	63.855077902237554
12.319393375779308	5.94443041734447	84.3891833485695	22.94101369531792	102.67556889832503	29.44370617602375	0.0007351074398912927	0.00043910887018446784	52.07402161003093	63.32916389867218
17.82801927261578	5.952420870783034	84.16606841331277	22.938617232121775	102.67556692456262	29.864256357000848	0.0007351074398912927	0.00043910887018446784	51.8537436938028	62.80981806693654
24.96151720311132	5.960345936471599	83.94389740357232	22.936284702394865	102.67556495080021	30.28136507745163	0.0007351074398912927	0.00043910887018446784	51.63434401315055	62.296938296162914
33.685117915275406	5.968206427248384	83.72266655395256	22.934014910884784	102.6755629770378	30.69507511833502	0.0007351074398912927	0.00043910887018446784	51.41582000306106	61.79042418181966
43.95630190158968	5.976003143337404	83.50237211009336	22.9318066832701	102.67556100327539	31.105428596704503	0.0007351074398912927	0.00043910887018446784	51.19816908864538	61.290176996634436
55.72500663157293	5.983736872559206	83.28301032871023	22.92965886579941	102.67555902951297	31.512466976799352	0.0007351074398912927	0.00043910887018446784	50.981388685539144	60.79609966200967
68.93387056758883	5.99140839053791	83.0645774776355	22.9275703249366	102.67555705575056	31.9162310809417	0.0007351074398912927	0.00043910887018446784	50.76547620029769	60.30809671993389
83.47268570238334	5.999018460911231	82.876026107588	22.925540039172148	102.63058314390742	32.31676110059016	298.33060158739477	0.00043910887018446784	50.57932741358804	59.8260789130453
90.08096218307472	6.006568789383073	87.57238602358805	22.9240532381519	94.98569263684061	32.71414680963447	1254.2888839330465	0.00043910887018446784	55.2677971910534	59.374222438440924
94.51191754461665	6.014065781709212	92.34271239842593	22.92373755082572	87.19255197161536	33.108725353115446	1084.6033772850667	0.00043910887018446784	60.02891701357244	58.983588455825014
98.27217836142775	6.02151677366816	96.4029182265082	22.924449401347875	80.47289866794537	33.500882824639035	934.6308716494718	0.00043910887018446784	64.08030820874222	58.64663138398539
101.46302093294679	6.028928047437556	99.85041203448205	22.92603539215956	74.67986662758639	33.89094986513357	806.3052534220793	0.00043910887018446784	67.51933796638906	58.35536723609988
104.16961735155603	6.036304947685001	102.77535986662782	22.928364197806562	69.67720464201128	34.279207772893855	697.1295466538081	0.00043910887018446784	70.43612342197666	58.10296250607789
106.4652386793052	6.043652019334341	105.25634110503056	22.93132406288836	65.34609296620017	34.66589575443805	604.4495913270258	0.00043910887018446784	72.90919864485187	57.88360217770061
108.41201832023268	6.0509731275880245	107.36048860628313	22.934820089754314	61.58500317956098	35.05121724147405	525.7656611644836	0.00043910887018446784	75.0056572021239	57.6923481083141
110.0622250564596	6.058271560503017	109.14451241145412	22.938771696063203	58.3081815270282	35.43534528963154	458.8571266924438	0.00043910887018446784	76.78217636266493	57.52500677800902
111.45965543783946	6.065550115742377	110.65602965781855	22.9431103604211	55.443648660061925	35.818427144334684	401.8136942001568	0.00043910887018446784	78.2863466041884	57.378012233936104
112.64095751232973	6.072811173541767	111.9349149105197	22.947777683966184	52.931158628264036	36.200588081144694	353.022105094734	0.00043910887018446784	79.55802118418447	57.248325521220714
113.63680885549972	6.080056757940019	113.01454164462271	22.95272375283285	50.72031823494561	36.581934628421145	311.13440962820124	0.00043910887018446784	80.63055677823274	57.1333497446414
114.47292740181796	6.087288588149021	113.9228674658407	22.957905768675356	48.76894130248151	36.962557271000136	275.03077217832015	0.00043910887018446784	81.53189790136197	57.030859026316904
115.17092101706159	6.094508121699374	114.68335607065454	22.963286909515958	47.04164979721236	37.34253272101876	243.78327739321068	0.00043910887018446784	82.28549816480835	56.93893939082935
115.74899276905793	6.101716590750974	115.31574754486523	22.968835384389372	45.50870485619592	37.72192582899763	216.62341628603724	0.00043910887018446784	82.9110899805142	56.85593968191995
116.22252228235928	6.108915032729771	115.83669567723261	22.974523649053666	44.14503966119756	38.100791196302794	192.91410675302092	0.00043910887018446784	83.42532138540749	56.78043081619468
116.60454318237672	6.116104316252293	116.26029236395135	22.98032775462568	42.929463801257555	38.47917453959338	172.12621340236188	0.00043910887018446784	83.84228004922657	56.711171918669265
116.90613445834884	6.12328516312996	116.59849796908696	22.98622680551346	41.84401051469856	38.85711384894423	153.8190488206172	0.00043910887018446784	84.17392331693897	56.64708211917518
117.13674153908727	6.130458167104483	116.86149417780804	22.992202507088457	40.873401698912346	39.23464037391916	137.62448482929977	0.00043910887018446784	84.43043080910071	56.58721699919893
117.30443958239432	6.137623809849021	117.05797346902257	22.99823878704115	40.00460921730027	39.61177946573696	123.2338608755553	0.00043910887018446784	84.62049369459156	56.530748859606526
117.41615004595234	6.144782474675076	117.19537684668724	23.00432147730058	39.2264948098204	39.98855129868717	110.38740382222915	0.00043910887018446784	84.75155226485626	56.47695013127539
117.47781897794586	6.151934458306747	117.28008944763728	23.010438045817217	38.52951398224032	40.36497148982773	98.86556934396967	0.00043910887018446784	84.8299914189814	56.42517937552375
117.4945641783918	6.159079981021217	117.31760181298807	23.01657736948598	37.90547203461898	40.7410516326946	88.48198689156318	0.00043910887018446784	84.8613018398217	56.374869423238266
117.47079698452106	6.1662191954021	117.3126431345564	23.02272954109035	37.34732263433861	41.11679975800424	79.07772917201699	0.00043910887018446784	84.85021316713106	56.32551728441275
117.41032313099541	6.1733521939103735	117.26929159277601	23.028885704447	36.84900115688359	41.49222073212395	70.51657329938136	0.00043910887018446784	84.80080427976877	56.276675526831134
117.31642654842244	6.180479015442769	117.19106588757485	23.03503791297924	36.405286563288946	41.86731660224999	62.681134613504284	0.00043910887018446784	84.71659478502481	56.22794487682317
117.19193903544569	6.187599651019222	117.08100128926648	23.04117900779502	36.01168676115668	42.24208689574753	55.46967727929667	0.00043910887018446784	84.60062103939194	56.17896783878952
117.03929820960047	6.194714048717456	116.941712889819	23.047302512029162	35.66434338054597	42.616528879865136	48.79346408043843	0.00043910887018446784	84.45549937903104	56.129423165584974
116.86059569465537	6.201822117953394	116.77544821661483	23.053402538762885	35.35995268480517	42.99063778701978	42.574543209976284	0.00043910887018446784	84.28347872041036	56.07902104047455
116.65761714573719	6.208923733190021	116.58413095246078	23.05947371028099	35.09569997314669	43.364407010000114	36.74390082790963	0.00043910887018446784	84.08648427363178	56.027498854548405
116.43187537342222	6.216018737143704	116.369397171247	23.06551108678865	34.869205340565	43.737828270720314	31.239905277306182	0.00043910887018446784	83.8661537769038	55.97461748224683
116.18463752118619	6.2231069435458455	116.1326252286945	23.071510103002538	34.67847907149036	44.110891765569846	26.006950435537334	0.00043910887018446784	83.62386739090938	55.92015797283424
115.91694725513797	6.2301881395079395	115.87496020683928	23.077466511266916	34.52188531074127	44.4835862898906	20.99432833904167	0.00043910887018446784	83.36077215126905	55.86391858794874
115.62964245013488	6.237262087530042	115.59733365005609	23.08337633003479	34.39811289970353	44.855899343685486	16.155204229077484	0.00043910887018446784	83.07780171658736	55.805712125237015
115.32336900873788	6.244328527185426	115.30047915282249	23.089235796705676	34.30615253717768	45.22781722028458	11.44573214737035	0.00043910887018446784	82.77569197217176	55.74536347601236
114.99859112870472	6.251387176508273	114.9849442444684	23.095041323930946	34.24527959949354	45.59932507938186	6.824246307831311	0.00043910887018446784	82.4549929346674	55.68270737113333
114.50791899625295	6.258437732077723	114.64161300825586	23.100788739229518	34.229796004529206	45.970406951458166	0.0009100504510333783	0.00043910887018446784	82.10661104693176	55.617550357589764
113.06174235487165	6.265479861969856	114.28984049705758	23.10647376948272	34.22979286422082	46.34104536683361	0.0009100504510333783	0.00043910887018446784	81.74986699358699	55.54969537564305
110.54160453217649	6.272513226085799	113.9395963352868	23.112096917211023	34.22978972391243	46.711222425567435	0.0009100504510333783	0.00043910887018446784	81.39470999807891	55.479184556261124
106.99657914239889	6.2795374918862406	113.59087372508777	23.117659090477176	34.229786583604046	47.080920625590686	0.0009100504510333783	0.00043910887018446784	81.04113236987016	55.406079929546806
102.4956968995143	6.286552334618643	113.2436659015231	23.123161182426387	34.229783443295666	47.45012287466449	0.0009100504510333783	0.00043910887018446784	80.68912646616367	55.33044239038711
97.12660140156744	6.29355743717466	112.89796613237002	23.128604071539385	34.22978030298728	47.818812482875884	0.0009100504510333783	0.00043910887018446784	80.33868469144701	55.25233171823631
90.99384248670727	6.300552489950071	112.5537677179176	23.13398862188123	34.22977716267889	48.186973155265946	0.0009100504510333783	0.00043910887018446784	79.98979949704157	55.17180659655787
84.21684038957297	6.307537190707113	112.21106399076791	23.139315683345757	34.229774022370506	48.55458898458394	0.0009100504510333783	0.00043910887018446784	79.64246338066012	55.088924631932095
76.92756030009372	6.314511244439274	111.86984831563589	23.144586091895953	34.22977088206213	48.921644444171335	0.0009100504510333783	0.00043910887018446784	79.29666888596729	55.003742372833806
69.26794270929014	6.3214743632383685	111.53011408915498	23.14980066980012	34.22976774175374	49.28812438096578	0.0009100504510333783	0.00043910887018446784	78.95240860214984	54.91631532808751
61.38713937404728	6.3284262661640085	111.1918547396808	23.154960225864084	34.22976460144535	49.65401400863106	0.0009100504510333783	0.00043910887018446784	78.60967516348902	54.82669798500372
53.43860904322945	6.335366679115284	110.85506372710005	23.160065555659358	34.22976146113697	50.01929890080343	0.0009100504510333783	0.00043910887018446784	78.26846124894207	54.73494382720363
45.57712935258038	6.34229533470474	110.51973454263795	23.16511744174746	34.22975832082858	50.38396498445907	0.0009100504510333783	0.00043910887018446784	77.92875958172631	54.64110535213592
37.955782605136136	6.349211972134507	110.18586070867067	23.170116653900358	34.2297551805202	50.74799853339411	0.0009100504510333783	0.00043910887018446784	77.59056292891177	54.54523408829247
30.72297511286636	6.3561163370746305	109.85343577853638	23.175063949317163	34.229752040211814	51.11138616182168	0.0009100504510333783	0.00043910887018446784	77.25386410101646	54.4473806121267
24.01954705496902	6.363008181543486	109.52245333635122	23.179960072837112	34.22974889990343	51.47411481807725	0.0009100504510333783	0.00043910887018446784	76.91865595161016	54.347594564681266
17.976030609108086	6.3698872637903365	109.19290699682361	23.1848057571489	34.22974575959504	51.836171778437794	0.0009100504510333783	0.00043910887018446784	76.58493137692015	54.245924667928094
12.710107424916199	6.376753348179889	108.8647904050729	23.189601722996446	34.229742619286654	52.19754464104585	0.0009100504510333783	0.00043910887018446784	76.25268331544484	54.14241874082778
8.324316975382311	6.383606205078892	108.53809723644879	23.194348679381132	34.229739478978274	52.558221319940735	0.0009100504510333783	0.00043910887018446784	75.9219047475718	54.037123715111846
4.987128613326842	6.386100712013105	108.21282119252291	23.199039822637054	34.45864700994453	52.68951115858351	0.0009100504510333783	139.89775155084365	75.59259617753007	54.146955531197094
2.8717693777396103	6.36107483543262	107.88895569087201	23.203496500915698	36.14105017417106	51.372359759610646	0.0009100504510333783	348.93108745151835	75.264929331293	55.621083274153634
1.6252306581057574	6.315458551991683	107.56649308086878	23.20744593125759	38.92065423314888	48.971502736403444	0.0009100504510333783	469.0233310708099	74.9391688119865	58.099368963294964
1.4993348255657517	6.261939062179142	107.24542482448125	23.210738007670066	42.13436332746481	46.15468748311176	0.0009100504510333783	476.2609653435562	74.61545590500045	60.93994727454605
1.7153503319475694	6.211198273192594	106.92574208462227	23.21336258148701	45.22029913291935	43.484119641714514	0.0009100504510333783	449.5853358067197	74.29379191929593	63.608215414720846
1.9192842433194617	6.164061302097517	106.60743617806192	23.215365193053085	48.133640723946385	41.003226426184135	0.0009100504510333783	424.47824756002274	73.97412273952904	66.06519454777825
2.111846806956592	6.120309440814038	106.2904986543926	23.216790427656626	50.8845344901911	38.700496884948414	0.0009100504510333783	400.8468050679618	73.6563954358635	68.32404934212929
2.2937062082170634	6.079737015407378	105.97492128400857	23.217680104695628	53.48252593676927	36.56510607407157	0.0009100504510333783	378.60362240124863	73.34056005919382	70.39715446441225
2.465491065191417	6.042150611888062	105.66069604569222	23.218073443657822	55.93659532211718	34.58687430989706	0.0009100504510333783	357.66649635188173	73.02656946310744	72.29614158848791
2.627792775349769	6.007368347961069	105.34781511494388	23.218007220223807	58.25519118152221	32.7562288400553	0.0009100504510333783	337.9580989433472	72.71437913644645	74.03194361313673
2.781167722969288	5.975219187997072	105.03627085300879	23.21751591307957	60.44626186180105	31.06416778931862	0.0009100504510333783	319.4056881849956	72.40394704583682	75.61483625412468
2.926139355586941	5.945542298665866	104.72605579655819	23.21663184198915	62.51728518491037	29.50222624557089	0.0009100504510333783	301.9408359901096	72.0952334875931	77.0544771661643
3.0632001372446935	5.918186442820138	104.41716264798971	23.215385297646264	64.4752963514497	28.06244435895363	0.0009100504510333783	285.49917223976155	71.78820094844582	78.35994274130631
3.192813385880524	5.893009409346691	104.10958426630513	23.21380466379577	66.32691418910441	26.737337334035377	0.0009100504510333783	270.02014402883384	71.48281397455952	79.53976272245386
3.3154150017044404	5.869877476861355	103.8033136585361	23.21191653208202	68.07836584373179	25.519867203228188	0.0009100504510333783	255.4467891979085	71.17903904835663	80.60195276103322
3.431415093032168	5.8486649092381615	103.49834397168014	23.209745810056102	69.73551000555646	24.40341627569172	0.0009100504510333783	241.7255233028165	70.87684447267794	81.55404504089688
3.5411995056381533	5.829253481090427	103.19466848512263	23.20731582274699	71.30385875707056	23.381762162653015	0.0009100504510333783	228.80593922744438	70.57620026185121	82.40311708282805
3.6451312613890856	5.811532031415305	102.89228060350784	23.20464840818114	72.78859812494102	22.44905428501505	0.0009100504510333783	216.64061868483904	70.27707803924747	83.1558188382917
3.7435519115573506	5.795396043724947	102.59117385004147	23.201764007211366	74.19460741305909	21.59979177499622	0.0009100504510333783	205.18495489897674	69.97945094094747	83.81839817432095
3.8367828098304892	5.780747251107266	102.29134186019007	23.198681747989678	75.52647738838964	20.8288026898551	0.0009100504510333783	194.39698580989474	69.68329352514937	84.39672484412054
3.925126309805262	5.767493264729166	101.99277837576084	23.195419525404088	76.78852738802925	20.131224459428775	0.0009100504510333783	184.2372371746075	69.38858168698205	84.89631303374613
4.008866891403824	5.755547224404697	101.69547723933454	23.191994075775582	77.98482141086583	19.502485494983034	0.0009100504510333783	174.66857498230442	69.09529257840141	85.32234256854433
4.088272220473658	5.744827469904865	101.399432389032	23.188421047099833	79.11918325472061	18.93828788972874	0.0009100504510333783	165.65606662533781	68.8034045328657	85.67967885974844
4.163594145584148	5.735257231763091	101.10463785359589	23.184715065101702	80.19521075629905	18.43459114542486	0.0009100504510333783	157.1668503001114	68.51289699450443	85.97289166693055
4.2350696356461945	5.726764340450592	100.8110877477647	23.180889795344527	81.21628918575685	17.987596865819658	0.0009100504510333783	149.17001216265695	68.2237504515164	86.20627274469666
4.3029216619377335	5.719280952809017	100.51877626792698	23.176958001633572	82.18560384706456	17.593734358368323	0.0009100504510333783	141.63647076934546	67.93594637354558	86.38385244122784
4.367360027782014	5.7127432947325065	100.22769768803369	23.172931600930315	83.10615193055426	17.249647091183544	0.0009100504510333783	134.5388683772664	67.64946715279703	86.50941530989056
4.4285821489780375	5.70709141913662	99.93784635575867	23.16882171498459	83.98075366192603	16.952179954557895	0.0009100504510333783	127.85146869807527	67.364296048676	86.58651479239845
4.486773787960384	5.702268978290053	99.64921668888634	23.164638718883246	84.81206279024526	16.698367278422825	0.0009100504510333783	121.550060715184	67.0804171357309	86.61848702965972
4.5421097444640655	5.698223009647045	99.36180317191946	23.160392286700862	85.60257645458358	16.485421560369797	0.0009100504510333783	115.61186820051508	66.79781525470845	86.6084638526908
4.594754505156671	5.694903734416332	99.07560035288766	23.156091434416567	86.35464446447794	16.310722864016476	0.0009100504510333783	110.01546460818322	66.5164759665373	86.55938500001179
4.644862854776433	5.692264368078178	98.79060284035015	23.15174456026679	87.07047803047453	16.17180884621889	0.0009100504510333783	104.74069301239167	66.23638550906449	86.47400960943045
4.692580451005763	5.690260942157508	98.50680530057623	23.147359482682468	87.75215797660783	16.06636537670993	0.0009100504510333783	99.76859079739157	65.95753075638027	86.35492702624805
4.738044365203835	5.6888521365936215	98.22420245489776	23.142943475952755	88.40164246515171	15.992217715452755	0.0009100504510333783	95.08131882119584	65.6798991805831	86.20456696795685
4.781383591073064	5.687999122062505	97.94278907721846	23.138503303753463	89.02077426328357	15.947322213814992	0.0009100504510333783	90.66209478116106	65.40347881583259	86.0252090845481
4.822719523216952	5.687665411643828	97.66255999167424	23.134045250671104	89.61128757962481	15.929758507568907	0.0009100504510333783	86.49513052490481	65.12825822455329	85.81899195136378
4.862166407288952	5.687816721305046	97.38351007043426	23.12957515183588	90.1748144949391	15.937722173948755	0.0009100504510333783	82.56557308382648	64.8542264656663	85.58792152654172
4.899831763417224	5.688420838679525	97.1056342316328	23.125098420776077	90.71289101105728	15.969517825237123	0.0009100504510333783	78.85944920844707	64.58137306472653	85.33387910482763
4.9358167845577645	5.689447499625537	96.82892743742777	23.1206200756042	91.22696274163641	16.02355261186933	0.0009100504510333783	75.36361318899434	64.30968798585111	85.05862879893333
4.970216711192333	5.6908682721265365	96.5533846921736	23.11614476362932	91.7183902649874	16.098330111921936	0.0009100504510333783	72.0656977756374	64.03916160533286	84.76382457513921
5.003121183771759	5.692656447097719	96.27900104070696	23.111676784489134	92.1884541589792	16.19244458408947	0.0009100504510333783	68.95406801481309	63.7697846868434	84.45101686957092
5.03461457426902	5.694786935675514	96.00577156673188	23.107220111892772	92.6383597375115	16.30457556186812	0.0009100504510333783	66.01777782286645	63.50154835812213	84.121658810863
5.064776298124846	5.697236172591409	95.73369139130646	23.102778414059987	93.06924150688043	16.433482767967853	0.0009100504510333783	63.24652912887337	63.2344440890676	83.7771120734291
5.09368110767645	5.699982025291951	95.46275567141635	23.09835507292943	93.48216735761764	16.57800133115431	0.0009100504510333783	60.630633443767245	62.968463671143894	83.41865238187397
5.121399368146424	5.703003708470193	95.19295959863744	23.093953202207906	93.8781425071887	16.73703728790387	0.0009100504510333783	58.160975714593995	62.70359919803274	83.04747468688585
5.147997317312336	5.706281703660969	94.92429839787641	23.089575664335392	94.25811320955886	16.909563350576292	0.0009100504510333783	55.82898031708042	62.4398430474454	82.66469803372131
5.173537309765287	5.7097976836178255	94.65676732618947	23.085225086426362	94.62297024460102	17.094614927252973	0.0009100504510333783	53.626579067470956	62.177187864034295	82.27137014042698
5.198078046651869	5.713534441194155	94.39036167166971	23.080903875247103	94.97355220012362	17.291286378638727	0.0009100504510333783	51.54618113644576	61.91562654333519	81.86847170264748
5.221674791789254	5.717475822452085	94.12507675240398	23.076614231288385	95.31064855922912	17.498727497477162	0.0009100504510333783	49.58064474850026	61.6551522166815	81.45692044181523
5.2443795749890825	5.7216066637399	93.86090791549066	23.072358161989225	95.63500260494095	17.71614019683579	0.0009100504510333783	47.723250557298854	61.39575823702664	81.03757491246652
5.266241383377997	5.7259127324933	93.59785053611643	23.068137494164233	95.94731415335403	17.942775394383165	0.0009100504510333783	45.96767659374737	61.13743816562021	80.61123808354692
5.287306341306552	5.730380671576824	93.33590001669005	23.063953885674096	96.24824212376195	18.177930082989697	0.0009100504510333783	44.307974709244306	60.88018575949623	80.17866070486374
5.3076178796075	5.734997946929274	93.07505178602615	23.059808836389827	96.53840695663264	18.42094457522388	0.0009100504510333783	42.73854841439441	60.62399495971616	79.74054447302792
5.3272168948456535	5.739752798313634	92.81530129858004	23.05570369849375	96.81839288860625	18.67119991124286	0.0009100504510333783	41.254132029015146	60.3688598803249	79.29754500900607
5.34614189911195	5.744634193000127	92.55664403372631	23.051639686153887	97.08875009241049	18.928115421058287	0.0009100504510333783	39.8497710710348	60.114774797975734	78.85027465768816
5.364429160913147	5.749631782211036	92.29907549508307	23.04761788460866	97.34999668957045	19.191146432158796	0.0009100504510333783	38.52080381200609	59.8617341421893	78.39930511988132
5.3821128377079255	5.754735860156529	92.04259120987413	23.04363925869852	97.60262064378158	19.4597821135005	0.0009100504510333783	37.26284392707747	59.60973248620247	77.94516992709967
5.399225100603651	5.759937325501615	91.78718672833213	23.039704660878858	97.84708154229195	19.7335434474524	0.0009100504510333783	36.071764172013516	59.35876453837577	77.4883667688623
5.415796251707129	5.765227645111357	91.53285762313426	23.035814838747	98.08381227234162	20.011981321649312	0.0009100504510333783	34.94368102263988	59.10882513411828	77.02935968178251
5.43185483447053	5.770598819968201	91.27959948887448	23.031970442106093	98.31322059753307	20.29467473516741	0.0009100504510333783	33.87494023198408	58.85990922831102	76.56858110689485
5.447427737494615	5.776043353118182	91.027407941565	23.028172029596565	98.53569064073429	20.58122911148223	0.0009100504510333783	32.86210324457382	58.612011888191304	76.10643382391937
5.462540292208452	5.7815542195157335	90.77627861816872	23.02442007492324	98.75158427950338	20.871274711353355	0.0009100504510333783	31.90193441294531	58.36512828667139	75.64329277037548
5.477216364756901	5.787124837664335	90.52620717615946	23.020714972700038	98.96124245876695	21.164465140227108	0.0009100504510333783	30.99138897296041	58.11925369606654	75.17950675178531
5.49147844242586	5.792749042950641	90.27718929310706	23.017057043934294	99.16498642546635	21.460475944769573	0.0009100504510333783	30.12760173469525	57.8743834822076	74.71540004918276
5.505347714935001	5.798421062569614	90.02922066628882	23.013446541172655	99.36311888988266	21.759003293136548	0.0009100504510333783	29.30787644567835	57.630513098917596	74.2512739301523
5.518844150922758	5.804135491940002	89.78229701232218	23.00988365333016	99.55592511827919	22.059762733683307	0.0009100504510333783	28.52967578394148	57.387638082825625	73.78740806950813
5.531986569918615	5.8098872725184565	89.5364140668205	23.006368510222178	99.74367396107715	22.36248802728617	0.0009100504510333783	27.790611942201224	57.14575404850057	73.32406188518623
5.544792710073343	5.815671670928423	89.29156758406732	23.002901186817166	99.9266188204304	22.666930048863364	0.0009100504510333783	27.08843776772511	56.90485668388164	72.86147579443745
5.5572792918269025	5.8214842593479075	89.04775333671171	22.999481707222284	100.10499855976697	22.97285575515202	0.0009100504510333783	26.421038434317644	56.66494174599669	72.39987239371897
5.569462077824985	5.827320897059731	88.8049671154793	22.99611004842242	100.27903835973957	23.280047213669054	0.0009100504510333783	25.78642360569176	56.426005056942245	71.93945756813474
5.581355929300833	5.833177713096904	88.56320472890195	22.99278614378725	100.44895052368025	23.58830068930973	0.0009100504510333783	25.18272006182425	56.18804250011373	71.4804215345176
5.5929748591134025	5.839051089923963	88.32246200306152	22.989509886358807	100.61493523528839	23.897425785470748	0.0009100504510333783	24.608164763273244	55.951050016668624	71.0229398217424
5.604332081632863	5.844937648094899	88.08273478134929	22.986281131932426	100.77718127128067	24.207244636572653	0.0009100504510333783	24.061098328420883	55.715023602211694	70.56717419187665
5.615440059664637	5.850834231828389	87.8440189242393	22.983099701943722	100.9358666717346	24.51759114886157	0.0009100504510333783	23.53995889859231	55.479959303687444	70.11327350576687
5.626310548601189	5.856737895441624	87.60631030907392	22.979965386174126	101.0911593708282	24.82831028640025	0.0009100504510333783	23.04327636626072	55.2458532164661	69.66137453662546
5.636954637971405	5.862645890590015	87.36960482986171	22.976877945286386	101.24321779040271	25.139257399473454	0.0009100504510333783	22.56966694407819	55.01270148161135	69.21160273481891
5.647382790552598	5.868555654261551	87.13389839708694	22.973837113200876	101.39219139870546	25.45029759271225	0.0009100504510333783	22.117828053112603	54.780500283318666	68.76407294696646
5.657604879130444	5.874464797499376	86.89918693752989	22.97084259931844	101.53822123553185	25.761305131545104	0.0009100504510333783	21.68653351911035	54.54924584651766	68.31889009095364
5.667630221089899	5.880371094795805	86.66546639409613	22.967894090601924	101.6814404063812	26.072162883988774	0.0009100504510333783	21.274629052807835	54.3189344346242	67.87614979030629
5.67746761097338	5.8862724741154135	86.43273272565668	22.964991253525408	101.82197454757379	26.38276179554707	0.0009100504510333783	20.88102799642045	54.08956234743564	67.43593897049999
5.687125351113281	5.892167007514093	86.20098190689512	22.962133735898284	101.95994226385808	26.693000395477608	0.0009100504510333783	20.50470732229848	53.86112591915777	66.99833641920978
5.696611280445733	5.898052902320793	85.97020992816495	22.95932116857127	102.09545554003597	27.002784332672334	0.0009100504510333783	20.144703869723187	53.6336215165598	66.5634133125242
5.70593280161295	5.90392849284879	85.74041279535204	22.956553167031423	102.22862012813907	27.312025939409022	0.0009100504510333783	19.800110805801236	53.40704553724537	66.13123370913189
5.7150969064609685	5.9097922326031345	85.51158652974817	22.953829332893303	102.35953591168219	27.620643821216614	0.0009100504510333783	19.470074296433797	53.181394408038045	65.70185501450865
5.724110200036316	5.915642686952506	85.28372716792552	22.951149255293075	102.48829724847286	27.92856247118352	0.0009100504510333783	19.153790373836127	52.95666458346476	65.27532841702877
5.732978923176536	5.921478526235556	85.05683076162394	22.948512512191975	102.61499329333316	28.23571190713353	0.0009100504510333783	18.85050198811915	52.73285254434253	64.85169929782133
6.321937848299672	5.9285198294841726	84.8308933805348	22.94592224397051	102.6753184263859	28.606306814955488	0.0009100504510333783	0.0006082025900968224	52.50995123409535	64.37012072431722
8.564223527928139	5.936641318468842	84.60591116177885	22.943396438463314	102.67531641361954	29.033753603622262	0.0009100504510333783	0.0006082025900968224	52.28793884562352	63.8377559997239
12.476534366619328	5.944695783142184	84.38188030512458	22.940936980204953	102.67531440085318	29.457672796956064	0.0009100504510333783	0.0006082025900968224	52.06680970550784	63.31205985313871
18.03980138454017	5.952684061785247	84.15879702360843	22.93854263169055	102.67531238808682	29.878108515012006	0.0009100504510333783	0.0006082025900968224	51.84656126937835	62.79292849526552
25.22690873907381	5.960606979639714	83.93665754121517	22.93621217707476	102.67531037532046	30.295104191562856	0.0009100504510333783	0.0006082025900968224	51.627190982175286	62.28025987175292
34.002825881435136	5.96846534912587	83.71545809292195	22.933944421798305	102.6753083625541	30.708702585571064	0.0009100504510333783	0.0006082025900968224	51.40869627856575	61.77395363362232
44.32477830773308	5.976259970056776	83.4951949247427	22.931738192220923	102.67530634978776	31.118945792460913	0.0009100504510333783	0.0006082025900968224	51.19107458335431	61.273911108207834
56.142456036723885	5.983991629848879	83.27586429376842	22.929592335260637	102.6753043370214	31.525875255203157	0.0009100504510333783	0.0006082025900968224	50.97432331188326	60.7800352705884
69.3982588311683	5.99166110372895	83.05746246820785	22.927505718039217	102.67530232425504	31.929531775206947	0.0009100504510333783	0.0006082025900968224	50.758439870427026	60.29223071551381
83.89179144443361	5.999269154997916	82.92525910990325	22.92547771370907	102.54285572250555	32.32995552620513	483.26710379085614	0.0006082025900968224	50.62852434749838	59.81042793555816
90.2413063227319	6.006817595096143	87.74369981151246	22.924028295462424	94.70731801576851	32.727241847164414	1248.8041921354024	0.0006082025900968224	55.43879392819284	59.36053501831454
94.64754381520402	6.0143129571896585	92.48907344752566	22.923749529845438	86.95187387484087	33.12173458892844	1079.2361203648582	0.0006082025900968224	60.17497396973993	58.971828632789396
98.38733089597184	6.021762544658664	96.52729579979562	22.92449282419881	80.26546321524611	33.51381813992869	930.0184846137961	0.0006082025900968224	64.20439418722155	58.63651397700788
101.56073076276449	6.029172606059919	99.95598571515556	22.926105539263716	74.50087164954154	33.90382137157368	802.3734603301522	0.0006082025900968224	67.62463091406289	58.34664666019045
104.2525161122379	6.036548457290556	102.86493805336326	22.928457045347173	69.52240443397677	34.292024067923045	693.7899659630058	0.0006082025900968224	70.52543014771983	58.09542940283142
106.53557014088541	6.043894618794134	105.33234132755909	22.931436192130995	65.2118314343947	34.67866414705872	601.6153431888448	0.0006082025900968224	72.98493526489746	57.87707866684393
108.47167562090789	6.051214934985349	107.4249616826419	22.934948598568834	61.468178864484216	35.06394394659638	523.3579056586715	0.0006082025900968224	75.06987333739742	57.686683179175034
110.11279658260959	6.058512676268494	109.19918404226382	22.9389141188213	58.206185317708716	35.44803559307775	456.80720669855003	0.0006082025900968224	76.83659672998175	57.52007212764113
111.50247061937522	6.065790625295946	110.70234614976418	22.943264598309966	55.35429479974767	35.831085541890964	400.06317133119325	0.0006082025900968224	78.33241671801737	57.37369865070187
112.67712882618618	6.073051149511196	111.97408669232107	22.947941945722253	52.852618848682994	36.21321839532516	351.52200345822814	0.0006082025900968224	79.5969508449082	57.24453981055367
113.66726810636843	6.08029626202181	113.0475820948349	22.952896504989056	50.65106289614972	36.59454010641015	309.8439422924433	0.0006082025900968224	80.66335887210083	57.1300121483633
114.4984566081979	6.087527672670299	113.95062622777532	22.95808569409769	48.707688853789534	36.97514066685703	273.91612673697557	0.0006082025900968224	81.5594216902962	57.02790107137055
115.1921780582745	6.094746830930894	114.7065470860763	22.963472872969948	46.987324235769115	37.355096364783094	242.81642262477416	0.0006082025900968224	82.30845729850851	56.93630210195398
115.76653273690029	6.101954962013542	115.33497230850757	22.96902640397746	45.46040043706202	37.73447168492241	215.78115072204147	0.0006082025900968224	82.93008573306317	56.85357209819703
116.2368149248793	6.109153097329204	115.85246242911309	22.97471887250967	44.10199177497615	38.11332091206251	192.17718440876837	0.0006082025900968224	83.44086183293673	56.77828875902456
116.6159871979075	6.116342100271775	116.27303185349923	22.980526439608393	42.891025059629065	38.491689487987315	171.47860872979638	0.0006082025900968224	83.85479582224553	56.70921696683223
116.91506932699248	6.123522688103716	116.60857636806163	22.986428303185164	41.80963116862596	38.8696151633526	153.24741599106946	0.0006082025900968224	84.18378050386791	56.64528075407408
117.14345708407264	6.130695450592258	116.86922368718378	22.992406248389656	40.842613560024034	39.24712897853898	137.11763497007513	0.0006082025900968224	84.43794155568195	56.58553988987165
117.30918395026848	6.137860865927567	117.06362100899541	22.998444271180496	39.97701249210253	39.62425610144999	122.78240716216374	0.0006082025900968224	84.62592488803803	56.52917026264828
117.41913618683462	6.145019314359708	117.19917121040015	23.004528262066657	39.20174726714173	40.00101654524686	109.98342474286551	0.0006082025900968224	84.75513268296675	56.47544738534924
117.47923001029481	6.152171089914029	117.2822271904557	23.0106457393921	38.50732204105807	40.377425784947995	98.50234644517386	0.0006082025900968224	84.83191761583113	56.42373247390536
117.49455788380186	6.159316410481672	117.31825210765967	23.016785623499338	37.88558342216678	40.753495288508084	88.1538245967111	0.0006082025900968224	84.86174299816321	56.373460650884816
117.46950940269794	6.1664554265304155	117.31195179991303	23.022938044700506	37.32952029820521	41.12923297528404	78.77973791806382	0.0006082025900968224	84.8493151249618	56.32413090850609
117.4078716607687	6.173588228639352	117.26738442146427	23.029094179274587	36.83309824128431	41.5046436125966	70.244556177813	0.0006082025900968224	84.79869285647597	56.27529753176343
117.31291247649087	6.1807148540260775	117.18805141398765	23.03524610874981	36.39112223444147	41.87972915926633	62.43146777720049	0.0006082025900968224	84.71337854814081	56.22656273618819
117.18744963542136	6.187835292207279	117.07697309107267	23.041386698572403	35.99912274013672	42.254489063540085	55.23920869993484	0.0006082025900968224	84.59639360528895	56.17757031825746
117.03390849015793	6.194949489910036	116.93675150230216	23.047509492941842	35.653261063441775	42.62892052157997	48.57943045349686	0.0006082025900968224	84.45034132670614	56.12800015159154
116.85436986691579	6.202057355331926	116.76962272332729	23.053608623142082	35.3502507539032	43.00301870167939	42.374508319850705	0.0006082025900968224	84.2774591818208	56.07756339050865
116.65060984473752	6.209158761832106	116.5775003052815	23.05967872714236	35.08729241866824	43.376776938530924	36.55570625360681	0.0006082025900968224	84.07966225363111	56.02599826551342
116.42413261477971	6.216253551121923	116.36201128617378	23.065714878600485	34.86201982266438	43.750186901152915	31.061600828557488	0.0006082025900968224	83.8585792490744	55.973066373928944
116.17619756476061	6.223341536012674	116.12452587976999	23.07171252369205	34.672455589124944	44.123238737508245	25.83677902090657	0.0006082025900968224	83.61558219169379	55.918549383969385
115.90784122128636	6.230422502768124	115.86618175936037	23.07766742442286	34.51697511472607	44.495921198321334	20.830667488584222	0.0006082025900968224	83.35181071350975	55.86224608273726
115.61989487055156	6.237496213101703	115.58790364156415	23.08357560727084	34.39427763778839	44.86822174219393	15.99655101928586	0.0006082025900968224	83.06819165099057	55.80396970845732
115.3129982099904	6.2445624058508855	115.29041874763548	23.0894333161531	34.30336359206175	45.24012662372983	11.290667703031522	0.0006082025900968224	82.76545452243673	55.74354551511142
114.98760951446322	6.2516207983553675	114.97426857008745	23.095236968832552	34.2435176076575	45.611620966071	6.671408713467589	0.0006082025900968224	82.44414331462484	55.680808523860115
114.477531454396	6.258671086373315	114.63002161329099	23.100982327663477	34.22953375326861	45.98268875648928	0.0010320375801436397	0.0006082025900968224	82.09484958645376	55.61556206450888
112.9949849486974	6.265712937166445	114.2783000126421	23.10666526442879	34.22953092707397	46.35331248244348	0.0010320375801436397	0.0006082025900968224	81.73815843134977	55.547616363118046
110.43977871212576	6.2727460108234405	113.92810653484256	23.112286349406023	34.22952810087932	46.72347425386432	0.0010320375801436397	0.0006082025900968224	81.38305407728114	55.47701692912989
106.86166920480836	6.279769975069231	113.57943438313535	23.117846490152633	34.229525274684676	47.09315658259009	0.0010320375801436397	0.0006082025900968224	81.02952883531127	55.403825754170775
102.33033135032109	6.286784505410665	113.23227679367567	23.123346579317086	34.22952244849004	47.462342390033996	0.0010320375801436397	0.0006082025900968224	80.67757506422929	55.32810369532175
96.93400177505048	6.2937892849940456	112.88662703532633	23.128787494891828	34.22951962229539	47.831014999685614	0.0010320375801436397	0.0006082025900968224	80.32718517009347	55.24991049488985
90.7777606326484	6.300784004465134	112.54247840945527	23.134170100461894	34.22951679610075	48.199158129742926	0.0010320375801436397	0.0006082025900968224	79.97835160578099	55.169304799838756
83.98148539047592	6.307768361831569	112.19982424973664	23.139495245449258	34.22951396990611	48.566755885871075	0.0010320375801436397	0.0006082025900968224	79.63106687054544	55.086344180885206
76.6775165336961	6.314742062327731	111.85865792195102	23.144763765353034	34.22951114371146	48.93379275409012	0.0010320375801436397	0.0006082025900968224	79.285323509578	55.00108515126587
69.00808056628006	6.321704818281897	111.51897282379132	23.149976481985515	34.229508317516824	49.300253593783076	0.0010320375801436397	0.0006082025900968224	78.9411141135778	54.91358318518171
61.12252048314543	6.328656348985809	111.18076238466537	23.15513420370426	34.22950549132218	49.66612363083104	0.0010320375801436397	0.0006082025900968224	78.5984313183236	54.82389273592347
53.174387753451114	6.3355963805663995	110.84402006550623	23.160237725640112	34.229502665127534	50.03138845086214	0.0010320375801436397	0.0006082025900968224	78.25726780425676	54.7320672536863
45.31845209008109	6.342524645859868	110.50873935857905	23.165287829921375	34.22949983893289	50.39603399262362	0.0010320375801436397	0.0006082025900968224	77.91761629606471	54.638159203076114
37.70768788979047	6.349440884287866	110.17491378729358	23.17028528589416	34.22949701273824	50.76004654146563	0.0010320375801436397	0.0006082025900968224	77.57946956227403	54.542220080315325
30.490295560750468	6.356344841735911	109.84253690601557	23.175230850338924	34.229494186543604	51.12341272294174	0.0010320375801436397	0.0006082025900968224	77.24282041484611	54.44430043015135
23.806815358657325	6.363236270433878	109.51160229988209	23.18012526768335	34.22949136034896	51.48611949651889	0.0010320375801436397	0.0006082025900968224	76.90766170878034	54.34444986247438
17.787390945769047	6.370114928838602	109.18210358461683	23.184969270211553	34.22948853415432	51.8481541493991	0.0010320375801436397	0.0006082025900968224	76.57398634172098	54.242717068648204
12.549234738902763	6.376980581518529	108.85403440634808	23.189763578269716	34.229485707959675	52.20950429044789	0.0010320375801436397	0.0006082025900968224	76.24178725357038	54.13914983755997
8.194346618286273	6.383832999040362	108.52738844142874	23.194508900468215	34.22948288176503	52.57015784422859	0.0010320375801436397	0.0006082025900968224	75.91105742610746	54.03379507139335
4.900358738327934	6.385719017923181	108.2021593912402	23.199196765076973	34.49044442856986	52.66942199595592	0.0010320375801436397	148.53662038989935	75.5817990281062	54.17388735769024
2.816083938448208	6.3598235472547096	107.87834064819747	23.203640317531338	36.21894867454234	51.30650248708898	0.0010320375801436397	354.3745533110247	75.25419194677177	55.69083851383203
1.6010764067010157	6.313717419303719	107.55592452399881	23.20756948315202	39.02488801095377	48.879864173878985	0.0010320375801436397	471.264693690645	74.92849804475647	58.19260319241559
1.506673200627445	6.260185842246049	107.23490246072332	23.210838790093757	42.239865114808914	46.062412749791	0.0010320375801436397	475.35185659223487	74.60485396270334	61.032647392386046
1.7222769142135763	6.209568092070127	106.91526562135435	23.213441866949154	45.31991816603936	43.398320635268774	0.0010320375801436397	448.7297102160295	74.28325723992452	63.693688743952045
1.9258232503021218	6.162546699616424	106.59700533039091	23.215424506423055	48.227722967304295	40.923510506126526	0.0010320375801436397	423.6729373618047	73.96365351693316	66.14389034033223
2.1180210218435516	6.1189034013153405	106.28011314495993	23.216831199414624	50.97340541789615	38.6264948060695	0.0010320375801436397	400.0888303775534	73.64598996561325	68.39638990496488
2.2995370649419025	6.078432941340567	105.96458084256643	23.21770367659389	53.56649174787258	36.49647059687089	0.0010320375801436397	377.89018007024094	73.33021673250671	70.46353676266673
2.4709987284595445	6.0409422989755015	105.65040040870524	23.21808107404517	56.0159440838389	34.523278893446395	0.0010320375801436397	356.99494948197014	73.01628676113697	72.35693875348413
2.632996215909297	6.006249961838607	105.33756402521531	23.218000089052882	58.330193904549645	32.69736641255722	0.0010320375801436397	337.3259670233055	72.70415562491178	74.08750636071441
2.7860847884185582	5.974185242240434	105.02606405932733	23.21749512661616	60.51717351182481	31.009749591600762	0.0010320375801436397	318.8106378125621	72.39378136997041	75.66549421878702
2.9307868369869716	5.944587634119355	104.71589305336754	23.216598437241647	62.58434563423072	29.45198074312288	0.0010320375801436397	301.38067214361274	72.08512436739029	77.10054015611531
3.0675938317828835	5.917306208151284	104.40704371507712	23.215340246531575	64.53873127417232	28.016116218487557	0.0010320375801436397	284.97183006721446	71.77814717419633	78.40170191901521
3.1969681557984413	5.892199042760726	104.09950890850861	23.213748877056005	66.386935902966	26.6946864610898	0.0010320375801436397	269.5236811266029	71.4728144026465	79.57749171476472
3.3193448297386414	5.869132688898219	103.79328164546926	23.21185086296853	68.13517410211172	25.480667836747315	0.0010320375801436397	254.9793783463322	71.16909259730531	80.63590870351611
3.435133134567188	5.847981666590206	103.48835507747356	23.209671057794132	69.78929274251952	24.367456136325597	0.0010320375801436397	241.28544563267627	70.86695011943974	81.58446956019704
3.5447181377788186	5.828627991376521	103.18472248818014	23.20723273579488	71.35479278839996	23.34884165139481	0.0010320375801436397	228.3915777901447	70.56635703830783	82.43023722091854
3.648462129106685	5.810960728863311	102.88237728627833	23.204557687294294	72.83684980736949	22.41898572964688	0.0010320375801436397	216.250452406037	70.26728502892537	83.17984792154981
3.746705971090836	5.7948755757063815	102.58131299880351	23.201666308323144	74.24033326428592	21.57239872138741	0.0010320375801436397	204.8175528919289	69.9697072759277	83.83953663083874
3.839770369516676	5.780274465470081	102.28152326484982	23.198577684920803	75.56982467036936	20.80391923526636	0.0010320375801436397	194.05100202571492	69.67359838316189	84.41516097253675
3.9279570684900746	5.767065197881451	101.98300182966226	23.19530967241077	76.82963465570361	20.10869462533848	0.0010320375801436397	183.9114053695121	69.37893428867334	84.91222372646646
4.011549974596789	5.755161090098999	101.68574253907967	23.191878969947073	78.02381902865667	19.482162636788335	0.0010320375801436397	174.36170398059545	69.08569218476227	85.3358939924044
4.090816214345117	5.7444806486920665	101.3897393343147	23.188301190612258	79.15619388220422	18.92003414168663	0.0010320375801436397	165.3670358650694	68.793850442816	85.69102709601016
4.166007128911242	5.7349472610832155	101.09498624704212	23.184590927334984	80.23034980457744	18.41827689911552	0.0010320375801436397	156.89460564757175	68.50338854262108	85.98218331258899
4.23735920990069	5.726488905300279	100.80147739478514	23.18076181487554	81.24966524728384	17.973100278961	0.0010320375801436397	148.91356197033338	68.21428700589699	86.21364547876364
4.305094979561288	5.719037876971716	100.50920697657725	23.176826588108433	82.21731909957809	17.580940893247146	0.0010320375801436397	141.39488217141732	67.9265273338004	86.38943555683655
4.369423818810932	5.712530532520994	100.21816926888306	23.172797136826652	83.13630251743017	17.23844908005123	0.0010320375801436397	134.31126380138056	67.64009194815927	86.51333021528355
4.430542746103166	5.706907047621263	99.9283586217667	23.168684557269533	84.00943005017635	16.942476190591705	0.0010320375801436397	127.63702258218412	67.35496413622391	86.58887548241414
4.488637150078679	5.702111189995279	99.63976945528674	23.164499200570916	84.83935010696939	16.690062631329422	0.0010320375801436397	121.34799642203451	67.07112799871757	86.6194005287823
4.543881478799251	5.6980901056919455	99.35239625611156	23.16025071831447	85.62855480297756	16.47842661536448	0.0010320375801436397	115.42145511964395	66.7885684009943	86.6080306311267
4.596439888117334	5.69479411804718	99.06623357433365	23.155948105366456	86.37938922180732	16.304953581429473	0.0010320375801436397	109.8360154233591	66.50727092711215	86.55769936596424
4.646466851538197	5.692176538596977	98.78127602047891	23.15159974014343	87.09406012781965	16.16718624194508	0.0010320375801436397	104.57156113625247	66.22722183666134	86.47116007732305
4.694107733952022	5.6901934892048205	98.49751826269292	23.147213422473467	87.77464416230286	16.06281522130529	0.0010320375801436397	99.60916795565439	65.94840802417029	86.35099666343284
4.739499331300866	5.68880373476216	98.21495502409823	23.142796409188875	88.42309555300065	15.98967025063893	0.0010320375801436397	94.93103277650378	65.67081698094664	86.1996337213363
4.782770378205359	5.687968525833399	97.93358108030992	23.13835544758543	89.04125336592197	15.945711885967304	0.0010320375801436397	90.52040719317846	65.39443675920525	86.01934608760213
4.824042025500072	5.687651450640315	97.65339125709947	23.133896806878305	89.63084832727502	15.929023717910285	0.0010320375801436397	86.3615349443988	65.11925593834367	85.81226781189997
4.86342828951239	5.68781829581611	97.37438042820132	23.12942630777718	90.19350924173669	15.937805042952112	0.0010320375801436397	82.4395930607465	64.84526359323685	85.58040059805411
4.90103647463299	5.688436915448693	97.09654351324858	23.124949350283778	90.73076902917384	15.97036397098278	0.0010320375801436397	78.74063651194474	64.57244926443511	85.32562174175476
4.936967570835478	5.689477107898342	96.81987547583557	23.120470939822514	91.2440704034951	16.025110942016966	0.0010320375801436397	75.25154613666093	64.30080293015193	85.04969159620912
4.971316627645017	5.690910499924326	96.5443713216944	23.115995711804338	91.73477121505994	16.100552627595007	0.0010320375801436397	71.95997965830531	64.03031497992939	84.75426059400117
5.004173105891293	5.692710437705676	96.27002609698403	23.1115279547129	92.20414947572102	16.195286195034516	0.0010320375801436397	68.85432561181281	63.76097618989053	84.44087585036179
5.03562120857798	5.694851884342811	95.99683488667945	23.107071631801873	92.65340808553083	16.307993912778528	0.0010320375801436397	65.9236600068577	63.492777699477806	84.1109873729535
5.0657401921467	5.697311323442961	95.72479281306029	23.102630401488796	93.0836792793697	16.437438075944314	0.0010320375801436397	63.15770556000059	63.22571098959149	83.76595390229213
5.094604659344101	5.700066668414379	95.45389503428848	23.098207636526038	93.49602881076113	16.582456232334692	0.0010320375801436397	60.546793337402306	62.959767862037545	83.40704840558342
5.122284834672028	5.703097177164979	95.18413674307294	23.093806442014277	93.89145988687439	16.74195669289261	0.0010320375801436397	58.08182667966957	62.69494042021742	83.03546324246528
5.148846823494597	5.706383371872172	94.91551316541305	23.089429672330077	94.27091687005394	16.914914309060627	0.0010320375801436397	55.75424726813193	62.43122105098019	82.65231502289573
5.174352855817967	5.709906963508341	94.6480195594196	23.08507994703547	94.6352887603878	17.100366500437957	0.0010320375801436397	53.55600319941188	62.16860240756818	82.25864917635691
5.198861515595957	5.713650780857354	94.38165121420457	23.080759665826267	94.98541247150195	17.29740951880706	0.0010320375801436397	51.47951895651415	61.907077393590306	81.8554442484462
5.222427956408167	5.71759870375904	94.11640344883969	23.076471022575753	95.32207591167636	17.505194934685306	0.0010320375801436397	49.51766716546186	61.646639147967186	81.44361594083597
5.245104104351738	5.721735600320653	93.852271611377	23.072216018529712	95.64602088229881	17.722926332664944	0.0010320375801436397	47.66374202726602	61.387281030784905	81.02402091045346
5.266938848929638	5.726047267852285	93.58925107792706	23.067996474705133	95.95794580484024	17.949856202750784	0.0010320375801436397	45.91143432263915	61.1289966100011	80.59746034264298
5.287978222664548	5.730520377299753	93.32733725179457	23.063814043541115	96.25850828676752	18.185283015775422	0.0010320375801436397	44.25480789389502	60.871779648954735	80.16468331206865
5.308265569992172	5.735142421003274	93.06652556266387	23.059670219838928	96.548327534305	18.42854847385547	0.0010320375801436397	42.688277531484694	60.615624094634846	79.72638994178331
5.327841706168948	5.739901663553521	92.8068114658353	23.05556635104029	96.82798662254466	18.679034923868485	0.0010320375801436397	41.206588168831864	60.36052406666086	79.28323437433907
5.346745066779025	5.744787095563721	92.54819044150535	23.051503646882757	97.09803463126006	18.936162924405323	0.0010320375801436397	39.80479530884408	60.10647384692792	78.83582756595231
5.365011848361244	5.749788390195962	92.290657994092	23.047483188467027	97.3589886538632	19.199388957681176	0.0010320375801436397	38.47824661384627	59.85346786988438	78.38473991355379
5.382676140677593	5.754895862280011	92.03420965159856	23.043505936770863	97.6113356869539	19.46820327789426	0.0010320375801436397	37.22256459061625	59.60150071340008	77.93050372454313
5.399770051141987	5.760100429863403	91.77884096501792	23.039572740644246	97.8555344078738	19.74212788754647	0.0010320375801436397	36.0336303025161	59.35056709019246	77.47361553904284
5.416323821891801	5.765393578043282	91.52454750776897	23.035684344317875	98.09201684715686	20.02071463385588	0.0010320375801436397	34.90756804552255	59.10066183977073	77.01453831373036
5.43236593996271	5.7707673249367195	91.27132487517076	23.03184139445578	98.32118996245556	20.303543417721045	0.0010320375801436397	33.8407309277754	58.85177992087242	76.55370347595351
5.44792324088015	5.776214189692617	91.01916868394433	23.02804444677279	98.54343711841899	20.590220510136657	0.0010320375801436397	32.82968731162114	58.603916404361996	76.09151285400918
5.463021006116149	5.78172716240562	90.76807457174638	23.024293972246898	98.75911947893326	20.88037696871576	0.0010320375801436397	31.871208059321535	58.357066466565534	75.62834049206461
5.477683054796084	5.78729967581281	90.51803819673034	23.020590362952056	98.96857731721805	21.173667148041574	0.0010320375801436397	30.96225453204709	58.11122538301145	75.16453435696285
5.4919318299664805	5.792925578676633	90.2690552371322	23.016933937532077	99.1721312482237	21.469767298769117	0.0010320375801436397	30.09996730138974	57.8663885225542	74.70041794277282
5.505788479734303	5.798599110757582	90.02112139088295	23.013324946336475	99.37008338776403	21.76837425039798	0.0010320375801436397	29.28165553270233	57.622551341861936	74.2362917789453
5.519272933588648	5.804314879280334	89.77423237524114	23.009763576238726	99.56271844282611	22.069204172648075	0.0010320375801436397	28.50478699954297	57.37970938024112	73.77243484792027
5.532403974209412	5.81006783679851	89.52838392645162	23.006249955157468	99.75030473740846	22.37199141044681	0.0010320375801436397	27.766978689284187	57.13785825478377	73.30910591794846
5.545199305040939	5.815853260372241	89.28357179941712	23.00278415629887	99.93309517785885	22.676487388011616	0.0010320375801436397	27.065987963504618	56.89699365580583	72.84654479633208
5.557675613881671	5.821666731980026	89.03979176739712	22.999366202137207	100.11132816129788	22.982459577895064	0.0010320375801436397	26.399704240209935	56.65711134257395	72.38497350785961
5.569848632659356	5.827504120112864	88.79703962171796	22.99599606814456	100.28522842955051	23.289690532254916	0.0010320375801436397	25.766141175725178	56.418207139294	71.92459740158544
5.5817331936856345	5.833361562459033	88.55531117150363	22.992673686289486	100.45500787278306	23.597976971526997	0.0010320375801436397	25.163429307714317	56.18027693135063	71.46560619152329
5.593343282592446	5.839235449616967	88.31460224341969	22.98939894831794	100.6208662857375	23.907128927207744	0.0010320375801436397	24.589809132826556	55.943316661777374	71.0081749350492
5.604692088129187	5.845122409780531	88.07490868143327	22.986171708828433	100.78299207911952	24.21696893581639	0.0010320375801436397	24.04362459550893	55.70732232794813	70.55246495239564
5.615792049000033	5.851019294341098	87.83622634658707	22.98299178815334	100.94156294870304	24.527331281109383	0.0010320375801436397	23.523316964481022	55.47228997847596	70.09862469061268
5.62665489792086	5.856923164350799	87.59855111678446	22.979858975058228	101.09674650471484	24.838061281619947	0.0010320375801436397	23.027419073368428	55.238215710304814	69.64679053537209
5.637291703073317	5.862831277791683	87.36187888658964	22.976773029271108	101.24870086403567	25.149014620613837	0.0010320375801436397	22.554549902211047	55.00509566598574	69.1970875739717
5.647712907115872	5.868741077601445	87.12620556703514	22.973733683852092	101.39757520750074	25.46005671586447	0.0010320375801436397	22.10340947893181	54.772926031119994	68.74963031253283
5.657928363907805	5.874650180407018	86.89152708544434	22.970740647414008	101.54351030452835	25.771062126684125	0.0010320375801436397	21.672774080295785	54.541703031965575	68.30452335035002
5.667947373025017	5.880556365941889	86.65783938526006	22.96779360619897	101.68663900620281	26.081913996940468	0.0010320375801436397	21.261491722061663	54.31142293319388	67.86186201285469
5.677778712237634	5.886457567094119	86.42513842588548	22.964892226022386	101.82708670924019	26.392503531268382	0.0010320375801436397	20.868477916023007	54.08208203579069	67.42173294641378
5.687430668080409	5.892351860544639	86.19342018253134	22.96203615409296	101.96497179270841	26.702729502348372	0.0010320375801436397	20.49271167679752	53.85367667508739	66.98421467741655
5.696911064615666	5.8982374579646955	85.96268064607352	22.95922502071545	102.10040602892636	27.012497787614485	0.0010320375801436397	20.133231765277433	53.626203218919414	66.5493781375382
5.706227290489102	5.9041126977415	85.73291582291617	22.956458440882656	102.23349496997545	27.321720933762087	0.0010320375801436397	19.789133155614266	53.3996580659009	66.11728715705829
5.715386324378418	5.909976037200915	85.504121734864	22.95373601576342	102.36433831125139	27.63031774741553	0.0010320375801436397	19.459563712624252	53.17403764381215	65.68799892812577
5.724394758935041	5.915826045296192	85.27629441900008	22.95105733409319	102.49303023348887	27.938212910324825	0.0010320375801436397	19.14372106648958	52.9493384080899	65.26156443985043
5.733258823316218	5.921661395732554	85.04942992756946	22.948421973473614	102.61965972464854	28.245336617501785	0.0010320375801436397	18.840849672008066	52.725556840414214	64.83802888705354
6.369604077743469	5.928780177001936	84.82352433130656	22.94583352522627	102.67580146809918	28.620009315890307	0.0010320375801436397	0.0005442652609963999	52.50268543520909	64.35266741121724
8.66776669643849	5.936899476711646	84.59857377044796	22.943309897714386	102.67579821556093	29.047340879559204	0.0010320375801436397	0.0005442652609963999	52.28070246779719	63.82052105013756
12.635440827069733	5.944951779559995	84.37457444554882	22.940852577035926	102.6757949630227	29.4711462926302	0.0010320375801436397	0.0005442652609963999	52.05960266318574	63.295039873797144
18.253287569630057	5.952937923401725	84.15152257001357	22.93846032639364	102.67579171048443	29.8914696527213	0.0010320375801436397	0.0005442652609963999	51.83938347666582	62.77612014959632
25.493924980727314	5.960858733059331	83.92941436819663	22.936131930637607	102.6757884579462	30.308354371542663	0.0010320375801436397	0.0005442652609963999	51.62004235285254	62.263659878914396
34.32206152855247	5.968715020540915	83.7082460754459	22.93386619589197	102.67578520540795	30.721843186362943	0.0010320375801436397	0.0005442652609963999	51.401576726100956	61.75755876755333
44.69466811500526	5.976507585254237	83.48801393814752	22.93166194918812	102.6757819528697	31.131978171274596	0.0010320375801436397	0.0005442652609963999	51.18398402091679	61.257718196694675
56.56118779559559	5.984237214217199	83.2687142137659	22.929518038104135	102.67577870033145	31.53880074827261	0.0010320375801436397	0.0005442652609963999	50.96726165235628	60.76404119434734
69.86378220402169	5.991904682264681	83.05034317088453	22.927433330410466	102.6757754477932	31.942351698140087	0.0010320375801436397	0.0005442652609963999	50.75140702642045	60.276432407289654
84.27220722084506	5.999510752498091	82.99855739297466	22.925408086157365	102.41845932233913	32.342671184109	636.8260070077844	0.0005442652609963999	50.701745815186136	59.794866682964134
90.40043945860502	6.00705734928633	87.91400110175387	22.923996772231146	94.43119553828087	32.73986048875314	1243.2202714981522	0.0005442652609963999	55.60878675600993	59.34697114724155
94.7822220715905	6.014551125396278	92.63444003616277	22.923754682179766	86.71342518678676	33.13426975769779	1073.892110786456	0.0005442652609963999	60.32004526345529	58.960177839175316
98.50163392148583	6.021999350855592	96.65078040557357	22.924529196676076	80.0601042288763	33.52628162397741	925.4278510287227	0.0005442652609963999	64.32759601686297	58.62649229102503
101.65767761491038	6.0294082407642025	100.06075808256365	22.926168435959294	74.32381482852193	33.91622319811483	798.4608592459565	0.0005442652609963999	67.72913138383589	58.33800975975518
104.3347261484565	6.036783082400067	102.95379465892685	22.92854246342776	69.36942201687198	34.304372757897184	690.4668378374099	0.0005442652609963999	70.61402414720389	58.08796905138514
106.60527567515062	6.044128371859211	105.40768789830295	22.931540731036037	65.07928516496486	34.69096693995742	598.7949814964237	0.0005442652609963999	73.06002711304005	57.87061795884181
108.53075961906853	6.0514479328832085	107.48883830682942	22.935069371706696	61.352983529905295	35.07620699385203	520.9617491921343	0.0005442652609963999	75.13350193125943	57.68107194117484
110.16283870433621	6.058745018321886	109.25330707483494	22.93904867376665	58.10574597118861	35.46026412220343	454.76690782319776	0.0005442652609963999	76.89047744617518	57.5151827722389
111.54479301329457	6.066022395900774	110.74815394219326	22.943410847446547	55.266437746899214	35.84328399477651	398.3206286232298	0.0005442652609963999	78.37798712050494	57.36942257728942
112.71283784045464	6.073282420342852	112.01278302594041	22.948098107289184	52.775525901119316	36.2253905443596	350.02850032967996	0.0005442652609963999	79.63541409046952	57.24078434731737
113.69729050448483	6.080527093885852	113.08017482050542	22.953061053607247	50.58321279540555	36.60668915188588	308.558935062271	0.0005442652609963999	80.69572232225292	57.126697986070354
114.52357020780248	6.087758117055744	113.97796042470311	22.958257319545258	48.64780696776545	36.987269318722284	272.80598462226317	0.0005442652609963999	81.58653004506694	57.024960124476564
115.21303734041851	6.094976931316161	114.72933291774704	22.96365044595	46.93434028750792	37.36720691137594	241.85330440831075	0.0005442652609963999	82.33102043093439	56.93367573169288
115.78368993756817	6.102184754966986	115.35380815963117	22.96920894772182	45.41341339259557	37.746566050892994	214.94198204105737	0.0005442652609963999	82.948701808292	56.85120963774261
116.25073742734034	6.109382613439135	115.86785397016318	22.974905539210834	44.060240915399994	38.125400707321894	191.44282166113695	0.0005442652609963999	83.45603635823508	56.77614628858571
116.6270717658046	6.116571364934747	116.28540770326117	22.980716490825813	42.8538662211218	38.50375604919619	170.83312434427273	0.0005442652609963999	83.86695729783888	56.70725629455385
116.92365381990122	6.12375172219475	116.61830093180798	22.986621093516	41.77651727406156	38.88166958919644	152.67753711917916	0.0005442652609963999	84.1932932517876	56.64346856606301
117.1498299878858	6.130924271036526	116.87660769397203	22.992601211819213	40.81307864623162	39.25917215981615	136.61224002943422	0.0005442652609963999	84.4451162496527	56.58384703913516
117.31359227104453	6.1380894861893704	117.06893015240887	22.998640909634087	39.95065861880793	39.63628874680801	122.3321523903785	0.0005442652609963999	84.63102718839717	56.5275711722363
117.4217919220615	6.14524774486206	117.20263325504845	23.004726135772348	39.17823375627884	40.0130392032654	109.58042657908676	0.0005442652609963999	84.7583903385981	56.473919545515095
117.48031550603552	6.152399338399555	117.28403782357621	23.010844458736237	38.48635662190278	40.38943886313356	98.13993430221623	0.0005442652609963999	84.83352631221474	56.42225601683495
117.49423021270634	6.159544482323847	117.31857977442075	23.01698484211513	37.86691491929173	40.765499069675236	87.82631221535507	0.0005442652609963999	84.86187118992498	56.37201798956505
117.46790405404457	6.166683325002516	117.31094169715678	23.02313745357784	37.31293259704955	41.14122763171053	78.48227151646476	0.0005442652609963999	84.8481080275231	56.32270642876722
117.40510554066127	6.1738159551472584	117.2651618142574	23.02929350171728	36.81840528111826	41.51662921827578	69.9729562745089	0.0005442652609963999	84.79627576101728	56.273877328502415
117.3090864451489	6.1809424083100675	117.18472438548636	23.035445096037922	36.37816386123859	41.89170570052889	62.182122903837325	0.0005442652609963999	84.70985957030703	56.225134386394245
117.18265059949636	6.188062672517098	117.07263483056785	23.041585126212055	35.98776125990795	42.26645644826734	55.00897753681639	0.0005442652609963999	84.59186597241015	56.17612268474928
117.02821114753681	6.195176693156723	116.93148220826609	23.047707157405256	35.643378379545254	42.64087858719501	48.36556270792402	0.0005442652609963999	84.4448852802994	56.126523212427664
116.84783816442952	6.202284377219466	116.76349118527482	23.05380533901701	35.341745991566206	43.014967222076116	42.17458264991227	0.0005442652609963999	84.27114355913872	56.0760480898786
116.64329815636438	6.209385596971359	116.57056521922101	23.05987432462339	35.08007995361617	43.388715630070465	36.36756164424494	0.0005442652609963999	84.07254580299082	56.02443638260313
116.4160867555954	6.216480193128912	116.35432233895582	23.065909201265164	34.856027660671344	43.762115427836456	30.883301392365844	0.0005442652609963999	83.85071171426131	55.97145040681391
116.16745558683257	6.223567977592967	116.11612464260399	23.071905426513606	34.66762403534702	44.13515671541831	25.66656518686322	0.0005442652609963999	83.6070052056782	55.91687244603317
115.89843408026104	6.230648735788809	115.85710241205511	23.0778587719784	34.51325570053556	44.507828199410035	20.66692717554399	0.0005442652609963999	83.34255852302984	55.86050180948076
115.60984692682398	6.237722228652074	115.5781735529963	23.083765272109112	34.39163226654836	44.880117297476595	15.837779986408739	0.0005442652609963999	83.05829169749138	55.80215217285305
115.30232763799866	6.2447881942929095	115.28005892438921	23.08962117729071	34.30176388619897	45.252010225941575	11.135449877291851	0.0005442652609963999	82.75492789131506	55.74164914989096
114.97632857482269	6.251846349364613	114.96329399010396	23.09542291035067	34.2429444317119	45.623492071820756	6.518385431928522	0.0005442652609963999	82.43300506961326	55.6788280493039
114.44563287378261	6.258896388797419	114.61815394285361	23.101166166331605	34.23042560829096	45.99454677881045	0.0011572404554615445	0.0005442652609963999	82.08282213225664	55.61348887671069
112.9267391473264	6.265937979077732	114.26648440610839	23.106846970966608	34.23042152088135	46.365156793563784	0.0011572404554615445	0.0005442652609963999	81.72618506501092	55.54544959444517
110.33651365877573	6.272970780503341	113.91634276053892	23.112465955417285	34.230417433471736	46.735304237016905	0.0011572404554615445	0.0005442652609963999	81.3711345360487	55.474758745698495
106.72539486966406	6.279994461071089	113.56772221051308	23.1180240267214	34.23041334606213	47.104971635319465	0.0011572404554615445	0.0005442652609963999	81.0176628580747	55.40147828251684
102.16370055613002	6.287008696554786	113.22061599330338	23.123522077016567	34.23040925865252	47.47414192393503	0.0011572404554615445	0.0005442652609963999	80.66576239150298	55.32566902309047
96.74025852303647	6.294013170362789	112.87501737888368	23.12896098379303	34.23040517124291	47.84279844014576	0.0011572404554615445	0.0005442652609963999	80.31542554400183	55.247390671513365
90.5606769127117	6.301007573398133	112.53091966972559	23.134341610142144	34.2304010838333	48.21092491569018	0.0011572404554615445	0.0005442652609963999	79.96664477004254	55.16670183720201
83.74528771608145	6.307991603921005	112.18831620060027	23.139664805000585	34.230396996423686	48.578505469525574	0.0011572404554615445	0.0005442652609963999	79.61941257045792	55.083660053980495
76.42680360260009	6.3149649674137045	111.84720033837864	23.144931403390395	34.23039290901408	48.945524600720255	0.0011572404554615445	0.0005442652609963999	79.2737214920034	54.99832179883601
68.74773373348297	6.32192737644788	111.50756548183683	23.150142226654893	34.230388821604464	49.31196718146631	0.0011572404554615445	0.0005442652609963999	78.92956412692726	54.910742510352115
60.85760862331289	6.328878550554157	111.16940506146005	23.1552980826906	34.23038473419486	49.67781845021775	0.0011572404554615445	0.0005442652609963999	78.58693311254355	54.82097660682355
52.9100685147093	6.335818216093973	110.83271253925153	23.16039976617514	34.23038064678524	50.043064004944874	0.0011572404554615445	0.0005442652609963999	78.24582113081395	54.72907750405983
45.05987149608843	6.342746106133701	110.49748140854044	23.1654480587913	34.230376559375635	50.407689796509516	0.0011572404554615445	0.0005442652609963999	77.90622090793245	54.63509763288136
37.45988011065073	6.349661960320932	110.16370519379392	23.170443729447193	34.23037247196603	50.77168212215325	0.0011572404554615445	0.0005442652609963999	77.56812521391805	54.53908845631467
30.258084892422247	6.356565524762953	109.83137745042869	23.17538753449274	34.230368384556414	51.135027619101734	0.0011572404554615445	0.0005442652609963999	77.2315268622107	54.44110048649081
23.594722038763678	6.363456551907304	109.50049176462676	23.180280217932335	34.23036429714681	51.49771325827813	0.0011572404554615445	0.0005442652609963999	76.89641870927504	54.34118330125319
17.599543269333115	6.370334800424473	109.17104175315022	23.18512251163401	34.2303602097372	51.85972633812908	0.0011572404554615445	0.0005442652609963999	76.56279365420697	54.23938556047848
12.389288529809349	6.377200035092595	108.84302106315968	23.1899151355349	34.230356122327585	52.22105447855655	0.0011572404554615445	0.0005442652609963999	76.23064463834726	54.1357550221168
8.065414292563835	6.384052026684183	108.51642337203405	23.19465879784326	34.23035203491798	52.58168561495594	0.0011572404554615445	0.0005442652609963999	75.89996464490017	54.030338557955375
4.814949548823597	6.385293395670301	108.19124238073381	23.19934313383785	34.525276922378715	52.64702082475161	0.0011572404554615445	157.03495572856502	75.57075773143227	54.2024869083791
2.761278521400207	6.358541804989893	107.86747145537157	23.203773228169748	36.29918171147413	51.23904236788803	0.0011572404554615445	359.72689940286324	75.24321180359382	55.761571158994464
1.578251541752109	6.3119595500353185	107.54510287039713	23.207681936095778	39.1307386782132	48.78734473869991	0.0011572404554615445	473.3713718722156	74.91758576277498	58.28611930302472
1.5141617521962016	6.258429698040692	107.22412804869133	23.210928455474694	42.34625575880972	45.96998410740379	0.0011572404554615445	474.4273656283437	74.59401157007565	61.12493787170215
1.729346699182419	6.207936821518745	106.90453815390038	23.21351008176347	45.42032643004139	43.31246429045919	0.0011572404554615445	447.8595832775273	74.27248310592422	63.77866301223848
1.9324988851294882	6.161032723376645	106.58632451839638	23.21547281429747	48.32250051499952	40.84382754613817	0.0011572404554615445	422.8539548686104	73.95294581247312	66.22200454604342
2.1243256652034073	6.117499591768718	106.26947870693577	23.21686104814092	51.062883087484074	38.552610093089385	0.0011572404554615445	399.3179637004258	73.63534696486428	68.46807281861219
2.305492504182162	6.077132595760923	105.95399250422342	23.21771642388099	53.65098078718058	36.42803135583702	0.0011572404554615445	377.1645802017709	73.31963680672813	70.52919140600542
2.476625460928063	6.0397391142907155	105.63985790254944	23.218077992928706	56.095737312122026	34.45995338372084	0.0011572404554615445	356.31193638016	73.00576837287414	72.41694393190161
2.638313525464857	6.005138010887255	105.32706709016801	23.217982372983425	58.4055668055048	32.638842678275566	0.0011572404554615445	336.68301958613455	72.69369732253867	74.14221810481061
2.7911108173990065	5.973158951438788	105.0156124403676	23.21746389424435	60.588385261706925	30.955734286250962	0.0011572404554615445	318.20538444787286	72.3833817825573	75.71524714028013
2.935538653895669	5.943641762457629	104.70548650119666	23.216554736917605	62.6516400688021	29.40219802408468	0.0011572404554615445	300.8108819000907	72.07478219987846	77.14564872300085
3.072087494961978	5.91643582743585	104.39668198580178	23.215285060536544	64.60233779832079	27.97030670714899	0.0011572404554615445	284.435404291282	71.76786120285867	78.44246165503674
3.201218773345425	5.891399519022521	104.0891917633446	23.2136831255834	66.44707034665576	26.652606264342147	0.0011572404554615445	269.0186456116043	71.46258347081871	79.61418032804609
3.3233666158583532	5.868399664907801	103.78300885046193	23.21177540786714	68.19203952541187	25.44208762672534	0.0011572404554615445	254.50387594883955	71.1589156113712	80.66878714796891
3.438939462571995	5.847311045413361	103.4781264032355	23.20958670608777	69.84308019274961	24.33216028491272	0.0011572404554615445	240.8377293280314	70.85682604505678	81.61378303372247
3.548321589927581	5.828015920911261	103.17453770964417	23.207140242991116	71.40568201211514	23.316627416381085	0.0011572404554615445	227.97000414226267	70.55628489685849	82.45621610399496
3.6518745435198228	5.810403587284534	102.87223618246566	23.20445776049824	72.88500992057573	22.389662488658626	0.0011572404554615445	215.85347542036584	70.25726389417821	83.20270866068746
3.7499384858780074	5.79436995777587	102.57121535260544	23.201559609165272	74.2859233828355	21.545787251360526	0.0011572404554615445	204.443718233681	69.95973627089751	83.85948256947218
3.842833464291135	5.779817169657744	102.27146886282273	23.198464832310528	75.61299450302305	20.77985103461707	0.0011572404554615445	193.69894158055567	69.66367667715703	84.43238313264135
3.930860603402146	5.766653214256729	101.9729904618346	23.195191245124576	76.87052506175178	20.087011276668868	0.0011572404554615445	183.57983212935295	69.36906109452013	84.92690154339446
4.014303227026344	5.754791588948908	101.6757739987721	23.191755509060595	78.06256254209747	19.462715207836254	0.0011572404554615445	174.04940723615115	69.07586675619825	85.34819600558639
4.0934279134515865	5.74415096980448	101.37981341796761	23.188173201789414	79.1929152053152	18.902682621287383	0.0011572404554615445	165.0728766791841	68.78407207203327	85.70111159924878
4.168485488158859	5.734654903658469	101.08510275405715	23.184458882982273	80.26516627256196	18.402889666234163	0.0011572404554615445	156.61751259385574	68.49365655795809	85.9901989661924
4.2397119576201225	5.726231518472446	100.79163612737406	23.18062615616536	81.28268726486573	17.95955360381189	0.0011572404554615445	148.65252712912707	68.2046007696685	86.21973188464781
4.307329387726852	5.718813250883741	100.4994077396205	23.17668772688348	82.2486505521047	17.569118467564316	0.0011572404554615445	141.1489573595838	67.91688624025564	86.39372379998899
4.371546730065404	5.712336589943798	100.20841186979693	23.17265545738754	83.16604115694118	17.228241575988395	0.0011572404554615445	134.07955703173423	67.6304954215654	86.5159433721891
4.4325605991674255	5.706741836074221	99.91864287037824	23.168540418054775	84.03766785839863	16.933780846010613	0.0011572404554615445	127.41869473457432	67.34541162906447	86.58992909902976
4.490556003706337	5.701972874318274	99.63009516371676	23.164352935739988	84.86617363752593	16.682782858855532	0.0011572404554615445	121.14225810508853	67.06161898999594	86.61900307108766
4.545707034320085	5.697976961055517	99.34276323866357	23.160102639236833	85.65404550343662	16.472471634499875	0.0011572404554615445	115.22756371743796	66.7791023946366	86.60628390906791
4.598177510602727	5.694704523390343	99.05664164739038	23.155798502018808	86.40362373604579	16.30023807317496	0.0011572404554615445	109.65327232265648	66.49784745046976	86.5546989314253
4.648121589754983	5.692108970441111	98.77172500240468	23.15144888242626	87.11711058107802	16.163630023215344	0.0011572404554615445	104.39930911250752	66.21784043909936	86.46699559925938
4.69568433909138	5.690146515847775	98.48800797374172	23.147061561446016	87.79657842874084	16.060342939355547	0.0011572404554615445	99.44678871953421	65.93906827574335	86.34575227991415
4.741002274566046	5.688776010826494	98.20548528632872	23.142643778228155	88.44397750695036	15.988211096130284	0.0011572404554615445	94.77794466993956	65.66151847115738	86.19338837008516
4.784203867383326	5.687958787130086	97.9241517175031	23.138202263477538	89.06114311862578	15.945199322635084	0.0011572404554615445	90.3760630185707	65.38517909583301	86.01217381737483
4.8254100206196595	5.687658509315822	97.64400209468349	23.13374327084902	89.6498024505734	15.929395227147536	0.0011572404554615445	86.22541991351102	65.11003874634092	85.80423807666206
4.864734517501046	5.68784103581036	97.36503129317963	23.12927260645586	90.21158097745035	15.939001884754784	0.0011572404554615445	82.3112228748262	64.8360865136955	85.57157853227707
4.90228444312911	5.688474288215058	97.08723423413271	23.12479565661107	90.74800848642269	15.9723309586863	0.0011572404554615445	78.61955555248966	64.56331195361355	85.31606841980266
4.938160581201647	5.689528128371623	96.81060588258198	23.120317413904957	91.2605247446018	16.02779623008441	0.0011572404554615445	75.13732576089235	64.29170505855905	85.03946427666874
4.972457787163203	5.690974242742599	96.53514124564525	23.115842501714493	91.75048482976689	16.103907512767396	0.0011572404554615445	71.85221660183439	64.02125623146695	84.74341294859671
5.005265339213448	5.6927860336632525	96.26083537081108	23.111375197239976	92.21916414477039	16.19926492964385	0.0011572404554615445	68.75264048887522	63.751956261048136	84.42945817883839
5.036667268525249	5.694938517045241	95.9876833443326	23.106919453159087	92.66776313493897	16.312553528695876	0.0011572404554615445	65.82769589589394	63.4837962985755	84.0990468056944
5.0667426699368745	5.697408226139513	95.71568028971772	23.10247891798271	93.09741172653362	16.442538217868087	0.0011572404554615445	63.0671266641586	63.21676783606201	83.75353459216211
5.095565994142551	5.700173121040447	95.44482136631024	23.09805695518094	93.50917350090043	16.588059002127817	0.0011572404554615445	60.46128373368438	62.95086268575692	83.39419170702679
5.123207322584156	5.7032125035577685	95.17510176795767	23.09365666115944	93.90404962149478	16.748026503039437	0.0011572404554615445	58.00108914125602	62.68607296087561	83.02220788008563
5.14973262606171	5.706506937140443	94.9065167217569	23.08928088215407	94.28298252831699	16.921417744232837	0.0011572404554615445	55.678002151768055	62.42239105748699	82.6386972506836
5.175204007979053	5.710038171567886	94.63906148687808	23.084932230105	94.64685941285046	17.107272187782463	0.0011572404554615445	53.48398740277805	62.15980963749722	82.24470292685791
5.199679933141679	5.71378907212404	94.3727313534561	23.080613097571266	94.99651548660226	17.304688006527424	0.0011572404554615445	51.41148494213087	61.89832161265865	81.84120127236343
5.223215442999792	5.7177435529767715	94.10752164155281	23.07632567174563	95.33273705600388	17.51281857772382	0.0011572404554615445	49.45338204159271	61.63792012954722	81.42910593844496
5.24586235817199	5.721886514503591	93.84342770017729	23.072071947625194	95.6562644156067	17.730869184398564	0.0011572404554615445	47.60298667705497	61.37859855544034	81.0092716560823
5.2676694689621435	5.7262037843422045	93.58044490636775	23.06785374038549	95.96779456975175	17.9580939127466	0.0011572404554615445	45.85400258190087	61.12035046505128	80.58249780216644
5.288682714526386	5.730682061962096	93.31856866432834	23.063672697001714	96.26798379209808	18.19379273484618	0.0011572404554615445	44.200505787465744	60.86316962806961	80.14953175198299
5.308945351462053	5.735308866517591	93.05779440461632	23.059530307168643	96.55745003403618	18.437308764082744	0.0011572404554615445	42.63692254944855	60.6070499974519	79.71107203255471
5.328498112403626	5.740072487800606	92.79811758338005	23.055427913558265	96.83677519034435	18.688025673715114	0.0011572404554615445	41.15800858359283	60.35198569842407	79.26777128788514
5.347379355192583	5.744961940117322	92.5395336816408	23.051366721452833	97.10650723018661	18.94536526933173	0.0011572404554615445	39.75882953636861	60.0979710181508	78.82023906677782
5.365625203187409	5.749966918912827	92.28203820461914	23.047347807791166	97.36716220154126	19.208785205937286	0.0011572404554615445	38.43474261643659	59.84500039603504	78.3690444439191
5.38326967726779	5.755077759971822	92.02562668110168	23.0433721296651	97.61922611697527	19.477776840621267	0.0011572404554615445	37.18137931429813	59.59306841460651	77.91471848466608
5.400344820044769	5.760285401036633	91.77029466284299	23.03944053230018	97.86315672807496	19.7518632124534	0.0011572404554615445	35.99462914308133	59.34216979096002	77.45775656317952
5.416880812721644	5.76558134570418	91.51603772400718	23.0355537565503	98.09938519488747	20.030597142324265	0.0011572404554615445	34.87062434214842	59.092299368718585	76.99862054230806
5.432906084972148	5.77095762948844	91.26285146064063	23.031712445930623	98.32831765560897	20.31355944675902	0.0011572404554615445	33.80572549552399	58.84345211048818	76.53774082211122
5.448447418340652	5.776406787891591	91.0107314901758	23.027917153222475	98.55033670373044	20.600357257451147	0.0011572404554615445	32.79650799898874	58.59562309077093	76.0755182665464
5.4635300435245915	5.781921826371995	90.75967345096548	23.024168346674195	98.76580277778673	20.890622440630356	0.0011572404554615445	31.839749328635175	58.3488074893118	75.61232601511212
5.478177731878375	5.787496192103776	90.50967300184513	23.020466415820533	98.97505546855507	21.18401011072408	0.0011572404554615445	30.93241706643491	58.10300058485403	75.14851118583998
5.492412881478187	5.79312374742271	90.26072582171894	23.01681167694317	99.17841474855237	21.480197232773207	0.0011572404554615445	30.07165763834707	57.85819774927636	74.68439647602524
5.506256598086208	5.7987987448531335	90.01282760917432	23.013204378195006	99.37618212866695	21.77888130805871	0.0011572404554615445	29.254785720587446	57.61439444209427	74.22028166709575
5.519728771330798	5.804515803617973	89.76597408211427	23.009644704409116	99.56864174644683	22.07977913778712	0.0011572404554615445	28.479274272612336	57.3715862052937	73.75644503955925
5.532848146407689	5.810269887536811	89.52016097741571	23.00613278161291	99.75606139040241	22.382625659831213	0.0011572404554615445	27.74274515680707	57.129768658484984	73.29314470380696
5.5456323915024415	5.816056284250209	89.27538405060471	23.002668681260587	99.93869346318459	22.687172855273204	0.0011572404554615445	27.042960318671557	56.88893749435456	72.83061985052107
5.558098161205079	5.821870585685943	89.03163907555304	22.999252424202115	100.11677588750797	22.993188720311817	0.0011572404554615445	26.37781349198124	56.64908847440127	72.36909192581084
5.570261156193593	5.827708669681459	88.78892184419041	22.99588398440698	100.29053295877246	23.300456299023196	0.0011572404554615445	25.745322392681494	56.4102174249327	71.90876573627827
5.582136179384863	5.833566682700783	88.54722816623523	22.992563292456055	100.46017614721917	23.60877277372449	0.0011572404554615445	25.143621375486873	56.17232023331169	71.44983048776572
5.593737188750059	5.839441023584882	88.30655386893919	22.98929023881458	100.62590485243626	23.917948609729688	0.0011572404554615445	24.570954527377147	55.93539284443489	70.99246076148708
5.605077346991215	5.8453283282742925	88.06689479684816	22.98606467689942	100.7879071130242	24.22780675127761	0.0011572404554615445	24.02566917220263	55.69943125743302	70.5368174312585
5.616169068275944	5.851225455443	87.82824681157602	22.982886425953616	100.94636027423464	24.53818186542008	0.0011572404554615445	23.506209760600367	55.46443152257639	70.08304852553307
5.6270240622146375	5.857129472986356	87.59060579159052	22.979755273740555	101.10143161621596	24.848919630859875	0.0011572404554615445	23.011112121066677	55.23038973837236	69.63129003771213
5.637653375257117	5.863037645307996	87.3539676320134	22.976670979069485	101.25327894539424	25.159876068840916	0.0011572404554615445	22.53899804898264	54.99730204884536	69.18166668807665
5.648067429625992	5.868947421369592	87.11832824442914	22.97363327416015	101.40205115066388	25.470916914188077	0.0011572404554615445	22.0885702182548	54.76516464098615	68.73429263953012
5.658276059924112	5.8748564234605976	86.88368355670679	22.970641866855697	101.54788872635132	25.781917024241004	0.0011572404554615445	21.658607397543367	54.53397374236549	68.28927216975728
5.668288547595216	5.88076243663259	86.65002951282959	22.967696442695722	101.69092426450993	26.092759822766954	0.0011572404554615445	21.247959947632282	54.303725618895214	67.84670030315878
5.678113653351015	5.88666339876292	86.41736207273584	22.964796666856998	101.8312829181642	26.403336776994838	0.0011572404554615445	20.855545585085345	54.07441657273252	67.40666340470608
5.687759647675423	5.892557391213475	86.1856772121665	22.961942185969214	101.96908283708433	26.713546905971416	0.0011572404554615445	20.480345397699995	53.8460429403158	66.96923973778915
5.697234339516274	5.898442630050179	85.95497092252302	22.959132629813055	102.1044355776679	27.02329631842951	0.0011572404554615445	20.121400097285395	53.618601090528045	66.53449998814598
5.706545103275204	5.904317457789027	85.72523921073109	22.95636761290793	102.23744648850976	27.332497778368875	0.0011572404554615445	19.777806495277165	53.392087422976346	66.10250775594734
5.715698904205279	5.910180335634577	85.49647809911234	22.95364673599666	102.36821507322514	27.641070296555714	0.0011572404554615445	19.44871418682454	53.166498366382065	65.67332001810627
5.724702322315215	5.916029836180233	85.26868362526302	22.950969587433658	102.49683533193851	27.948938746327077	0.0011572404554615445	19.133322430396543	52.94183037707435	65.24698756267341
5.73356157487605	5.921864636540656	85.04185184193783	22.948335744482954	102.62339608280757	28.25603350213884	0.0011572404554615445	18.830877210355453	52.71807993757886	64.82355539711698
6.419186511058581	5.929060885688573	84.81597882098521	22.945749278115713	102.67534873994109	28.634783457292354	0.0011572404554615445	0.0005202543989871846	52.49523906473916	64.3344196213593
8.773230845067243	5.937177891159059	84.59106070574894	22.943227959871162	102.67534449242348	29.061994271528455	0.0011572404554615445	0.0005202543989871846	52.27328617352986	63.80250343560753
12.79627663199525	5.945227928702358	84.36709369751766	22.94077290565794	102.67534024490588	29.485680458017853	0.0011572404554615445	0.0005202543989871846	52.052216359140566	63.277248847781436
18.46871502597612	5.953211835722585	84.1440740100659	22.938382879427735	102.67533599738829	29.90588609066137	0.0011572404554615445	0.0005202543989871846	51.832027076484344	62.75855218525981
25.76289793967952	5.961130436599151	83.92199786811959	22.936056666766653	102.67533174987068	30.32265455784906	0.0011572404554615445	0.0005202543989871846	51.61271576981246	62.24631150837736
34.64327279772576	5.968984542904476	83.70086150739985	22.933793074522175	102.67532750235308	30.73602857391876	0.0011572404554615445	0.0005202543989871846	51.39427987313057	61.74042658088727
45.06655583019659	5.976774953617914	83.4806611746674	22.931590930436553	102.67532325483548	31.14605019041553	0.0011572404554615445	0.0005202543989871846	51.176716810608774	61.24079884093432
56.98194303506665	5.984502455336126	83.26139312776264	22.92944908278648	102.67531900731788	31.552760807163516	0.0011572404554615445	0.0005202543989871846	50.96002399698135	60.74733137252002
70.33135780625064	5.99216782247978	83.04305363564634	22.92736640002895	102.67531475980029	31.956201183145264	0.0011572404554615445	0.0005202543989871846	50.74419883794065	60.2599288774611
84.6205975165784	5.999771818182674	83.09186950706818	22.925344682110374	102.26176449501418	32.356411483297485	764.3651189978574	0.0005202543989871846	50.79493495504689	59.7786431963873
90.55874982036654	6.007316487106858	88.08362183470842	22.92397225073097	94.15489342169764	32.753499321412406	1237.565107071805	0.0005202543989871846	55.778093397182275	59.33278818120776
94.91632916690038	6.0148085939493106	92.77917975242086	22.92376682205825	86.4747183087165	33.14782073417304	1068.575821482518	0.0005202543989871846	60.46448396243692	58.94791140544936
98.61547905484929	6.0222553746192755	96.7737557221045	22.924572565410013	79.85430853349332	33.539756558908046	920.8627806151503	0.0005202543989871846	64.45028259151066	58.61585953953925
101.7542656852016	6.029663010907404	100.16512640663302	22.92623836056898	74.14616119589641	33.92963215302013	794.5707535270503	0.0005202543989871846	67.83322160285753	58.32876748308105
104.4166623587864	6.037036761603519	103.04233852271324	22.928634960905818	69.2157036873147	34.31772429492092	687.163032279344	0.0005202543989871846	70.70229896387885	58.07990996511728
106.67477936180119	6.044381098566307	105.48279953339232	22.931652417479	64.9458842789456	34.70426834559387	595.9910284471893	0.0005202543989871846	73.13487736119014	57.86356594563741
108.58970227530057	6.051699824954348	107.55254566460249	22.935197374254642	61.23683324712274	35.08946447128014	518.5794195917916	0.0005202543989871846	75.1969543815839	57.67487746501733
110.21279018433303	6.058996176135146	109.30731597276828	22.93919055115645	58.00426730907536	35.473482954480076	452.73822002512526	0.0005202543989871846	76.94423694771561	57.50971875106795
111.58706722442072	6.066272904964123	110.79389377521332	22.9435645210286	55.17747058498797	35.85646868232097	396.58783884643816	0.0005202543989871846	78.42348228960473	57.36458080322643
112.74853422542368	6.073532353487325	112.05145006397434	22.948261802423357	52.69726343538091	36.2385449203842	348.5431949674161	0.0005202543989871846	79.67384058038944	57.23647244680418
113.72733007306287	6.080776513105288	113.1127706542268	22.953233250498254	50.514143254364335	36.619816479224376	307.28082366081185	0.0005202543989871846	80.72808124124525	57.12283686965098
114.54872602804608	6.0880070750510695	114.00532492609491	22.958436712282356	48.586663609141155	37.000372371107616	271.7016652183473	0.0005202543989871846	81.61366089202772	57.021481861566926
115.23395992463398	6.095225472793845	114.75217193064447	22.96383590849617	46.880059377396634	37.380288041779984	240.89511123753329	0.0005202543989871846	82.35362876461826	56.93052178511863
115.80092824032613	6.102432917733426	115.37271647614187	22.96939950570161	45.36509933724464	37.759627249126474	214.10699633489864	0.0005202543989871846	82.96738220602742	56.84832939841134
116.26475609001727	6.109630429325635	115.88333427079029	22.975100346493967	44.01713752208173	38.138443648716425	190.71202385626964	0.0005202543989871846	83.4712913416123	56.77349585841893
116.63826526799966	6.1168188605816765	116.29788610990131	22.98091481005834	42.815333104643216	38.51678213587652	170.19069329196233	0.0005202543989871846	83.87921287409397	56.70479747383534
116.9323580798638	6.12399891971838	116.62813976183809	22.986822279893474	41.74201051597972	38.894679985176715	152.1102732556369	0.0005202543989871846	84.20291165862652	56.64116800875665
117.15633187764189	6.131171188597867	116.8841159190585	22.99280469952135	40.7821349415525	39.27216782093919	136.10909353446849	0.0005202543989871846	84.4524064067229	56.58167554617618
117.31813743052886	6.13833613848092	117.07437198356267	22.99884620044583	39.92288226938737	39.649270446363026	121.88383772586266	0.0005202543989871846	84.63625327656288	56.52550309824736
117.42459119086067	6.145494143525487	117.20623520053795	23.004932789503695	39.15328598392802	40.02600755397173	109.17910940412281	0.0005202543989871846	84.76177885332676	56.47193229891238
117.48155023031725	6.152645492385044	117.28599450268044	23.011052085124724	38.463946770928644	40.40239433605375	97.77897806118197	0.0005202543989871846	84.83527187380724	56.42032963698638
117.49405662008398	6.159790398200084	117.31905871798885	23.017193093953406	37.84679319727271	40.77844201052953	87.50006529033129	0.0005202543989871846	84.86214134135192	56.37013478766833
117.46645689435017	6.166929007224604	117.31008731750825	23.02334602085564	37.294884076491655	41.15415827497787	78.18590266371767	0.0005202543989871846	84.84704720224728	56.32085068155419
117.40250109014234	6.174061406288702	117.2630986978589	23.02950210660551	36.80224492871004	41.52954769940401	69.70231038446693	0.0005202543989871846	84.79400857410438	56.27203501584275
117.30542501238992	6.181187629263888	117.18156002636587	23.03565348857317	36.36373241562301	41.90461206651911	61.933607254753696	0.0005202543989871846	84.70649355069057	56.22329296546621
117.17801860815295	6.188307662670327	117.06846190317853	23.041793080564872	35.97492180805038	42.279350666857994	54.77946672994444	0.0005202543989871846	84.587493834943	56.1742708947295
117.02268287008451	6.195421450541848	116.92638045816459	23.047914468635657	35.63201351279504	42.653760554832814	48.15232020271272	0.0005202543989871846	84.43958681589636	56.12465090469257
116.84147716118909	6.20252889864571	116.75752900136693	23.054011820236717	35.331755444736416	43.02783677082551	41.97519415381558	0.0005202543989871846	84.26498720671601	56.0741460795524
116.63615846400758	6.209629878138327	116.5638009389665	23.060079804497647	35.07137864921199	43.40157253359487	36.17987676327179	0.0005202543989871846	84.06558995455896	56.02249631796832
116.40821388037807	6.216724228724705	116.34680532640334	23.066113521797703	34.848544097983584	43.77495940656214	30.70539123010788	0.0005202543989871846	83.84300579301879	55.969464653652224
116.15888729900723	6.223811761378422	116.10789617514064	23.072108441066607	34.66129897007945	44.1479874409682	25.496676176046385	0.0005202543989871846	83.59859055296727	55.91483398441155
115.88920107214855	6.230892260669316	115.8481963993306	23.078060343486438	34.508041079724336	44.520645298383734	20.50345065174114	0.0005202543989871846	83.33346911760812	55.85840414085805
115.5999733176334	6.237965486738246	115.56861711183511	23.083965271451607	34.3874903828215	44.89292035464318	15.679217141908087	0.0005202543989871846	83.04855473092084	55.79998923567035
115.29183136690838	6.245031176950935	115.26987282394198	23.08981948179172	34.29866673016307	45.264798786889905	10.980385725975493	0.0005202543989871846	82.74456421372199	55.73941524204193
114.9652216787531	6.252089047257201	114.95249298072768	23.095619402378322	34.24087322232423	45.63626564511446	6.3654632554873745	0.0005202543989871846	82.42202951930992	55.676517756058864
114.4127087248072	6.259138791727047	114.60648085806956	23.101360658947595	34.229786038198434	46.00730482773801	0.0011030698855736985	0.0005202543989871846	82.07097824263589	55.611093361029766
112.85751028536744	6.266180076086779	114.25486183043964	23.1070394396123	34.229782151898235	46.37789874140814	0.0011030698855736985	0.0005202543989871846	81.71439360361929	55.542968176278364
110.2323288450872	6.2732125608366385	113.90477046941842	23.112656429698312	34.229778265598036	46.748029517716525	0.0011030698855736985	0.0005202543989871846	81.35939524922085	55.47219344308598
106.58828353137554	6.280235914226792	113.55619998045974	23.118212535757333	34.22977437929784	47.11767969614567	0.0011030698855736985	0.0005202543989871846	81.00597549371415	55.398831076529554
101.99633326570248	6.287249812279734	113.20914360191504	23.123708649449174	34.22977049299764	47.48683222524791	0.0011030698855736985	0.0005202543989871846	80.65412669906691	55.322941858474465
96.54589500045226	6.294253938647951	112.86359460483051	23.129145647794367	34.22976660669744	47.855470455154034	0.0011030698855736985	0.0005202543989871846	80.30384127448635	55.24458545732311
90.34310255366964	6.301247984474108	112.51954629274391	23.134524393422517	34.22976272039724	48.22357813021487	0.0011030698855736985	0.0005202543989871846	79.95511167596862	55.163820447422864
83.50873988061976	6.3082316482536305	112.17699200148553	23.139845734816387	34.22975883409704	48.59113938176871	0.0011030698855736985	0.0005202543989871846	79.6079304058566	55.08070432814026
76.17588913975976	6.315204635699725	111.83592509897929	23.145110506551802	34.229754947796835	48.95813872103688	0.0011030698855736985	0.0005202543989871846	79.26229001240185	54.99529354260611
68.48733918802058	6.322166659610697	111.49633898504784	23.150319529533416	34.229751061496636	49.32456103214065	0.0011030698855736985	0.0005202543989871846	78.91818308933492	54.9076434961384
60.592805145168725	6.32911743973965	111.15822709121649	23.15547361122654	34.22974717519644	49.690391565243466	0.0011030698855736985	0.0005202543989871846	78.57560227543824	54.81780857434682
52.64601319940073	6.336056702666389	110.82158288052267	23.160573545884873	34.22974328889624	50.055615929808674	0.0011030698855736985	0.0005202543989871846	78.2345402541287	54.72584216092656
44.80170688035813	6.342984181671637	110.48639984732277	23.165620114774473	34.22973940259603	50.420220087979615	0.0011030698855736985	0.0005202543989871846	77.89498975304139	54.631796655144235
37.212634069214054	6.349899616613358	110.15267151710565	23.170614086393787	34.22973551629583	50.78419034807022	0.0011030698855736985	0.0005202543989871846	77.55694354362379	54.535723489023844
30.026572335294322	6.356802753805321	109.82039144630362	23.175556216689984	34.229731629995634	51.147513358173505	0.0011030698855736985	0.0005202543989871846	77.22039444073134	54.437673144235525
23.38345184852664	6.363693345897729	109.4895532221078	23.18044724927156	34.229727743695435	51.510176099879146	0.0011030698855736985	0.0005202543989871846	76.88533530223094	54.33769516869391
17.412630297663686	6.3705711517599655	109.16015046228375	23.18528791561732	34.229723857395236	51.87216588210212	0.0011030698855736985	0.0005202543989871846	76.55175902860837	54.2358381928701
12.230373582384505	6.377435936365375	108.83217681498954	23.19007893528178	34.22971997109504	52.23347033501841	0.0011030698855736985	0.0005202543989871846	76.21965856258174	54.13214994582265
7.937592271865872	6.384287470678046	108.5056259585957	23.194821016097052	34.22971608479484	52.5940774041064	0.0011030698855736985	0.0005202543989871846	75.88902688872038	54.026677270952504
4.730899021495288	6.384848729608784	108.18049159332	23.199501663121904	34.56047781727709	52.62361734782938	0.0011030698855736985	165.39546158639365	75.55987018981766	54.232646675658266
2.7073755291854416	6.357254316952528	107.8567670578048	23.203918074014947	36.37909243256106	51.17127983960543	0.0011030698855736985	364.98836955175295	75.23238421535832	55.833187853123285
1.5567903230539168	6.310209694346314	107.5344445896546	23.207806235973187	39.235547789836886	48.6952470708573	0.0011030698855736985	475.342427904284	74.90682470427207	58.37982708134594
1.5214995581455284	6.256693200432683	107.21351559318506	23.21103004771407	42.4509923129625	45.878589496455675	0.0011030698855736985	473.5198550037598	74.5833189076549	61.216842364071475
1.7362735146494919	6.206323067886456	106.89397123314583	23.21359032668524	45.51919169159055	43.227529888759484	0.0011030698855736985	447.0054460987407	74.26185719207565	63.86336293994124
1.939038877968256	6.159534269777991	106.57580284969387	23.215533231979354	48.41583973900146	40.76496156726133	0.0011030698855736985	422.0500299560178	73.94238484801771	66.2999481100702
2.130501571926606	6.116109437832625	106.25900201509074	23.21690306449344	51.15102108126361	38.47944409645258	0.0011030698855736985	398.5612773656462	73.62484925209233	68.53968133304285
2.3113257148537323	6.075844158341063	105.94356052112371	23.217741376296438	53.734223123079694	36.3602188600546	0.0011030698855736985	376.4523351237774	73.30920074333983	70.59486089777089
2.482136099018943	6.038546202682909	105.62947036676829	23.21808713559399	56.17437146829699	34.397168562256994	0.0011030698855736985	355.64150114144087	72.99539244628096	72.4770466455561
2.6435205229727914	6.004034803517223	105.31672374659028	23.21797688187684	58.479863239066255	32.580779132484096	0.0011030698855736985	336.05191882948753	72.68338010450366	74.19710391798287
2.7960319855094315	5.972139973934206	105.0053130398388	23.21744487183482	60.65859841816111	30.902103891272642	0.0011030698855736985	317.6112896175218	72.37312192415489	75.76524489503288
2.9401907494479684	5.94270186702248	104.69523080019187	23.216523216584	62.71800933156879	29.352729843287072	0.0011030698855736985	300.2516025324955	72.06457842675358	77.19106747807805
3.0764862829772635	5.915570173447401	104.38646974611633	23.21524201072424	64.66508838198727	27.924745970914504	0.0011030698855736985	283.9088798220581	71.75771231076978	78.48359186384391
3.2053790858442315	5.890603554780198	104.07902275180132	23.213629453713253	66.50641413722968	26.610713409482745	0.0011030698855736985	268.52293766864096	71.4524883214444	79.65129494665486
3.3273024071885917	5.8676691104654095	103.77288283863689	23.211711964011677	68.24817587072054	25.403637392914927	0.0011030698855736985	254.03716110272612	71.14887312836771	80.70214267731548
3.4426638614489082	5.846641876432074	103.46804316719984	23.20951428642801	69.89619664586792	24.296940864844647	0.0011030698855736985	240.3982922733609	70.84683521035036	81.64362049979884
3.5518469483875723	5.8274043534706665	103.16449702972159	23.207059593067516	71.45595503070598	23.284439656349527	0.0011030698855736985	227.55623128335375	70.54634474715898	82.48276197984458
3.6552124829791413	5.809846063592476	102.86223784300422	23.20436957826854	72.93260552487125	22.36031913644474	0.0011030698855736985	215.46384883637776	70.24737351769951	83.22617573380523
3.7530999404525853	5.79386313272852	102.56125914176316	23.20146454787965	74.33099777449188	21.519112248868126	0.0011030698855736985	204.07681000263779	69.94989480427421	83.88007075755858
3.845828721549646	5.7793578981965075	102.26155457236594	23.198363503215585	75.65569464730703	20.755678852446433	0.0011030698855736985	193.35340843973054	69.6538833025445	84.450280250956
3.933699342691483	5.76623853947874	101.96311788694861	23.195084220005413	76.91098923504757	20.065186288353416	0.0011030698855736985	183.25441045377005	69.35931503686871	84.94228402633564
4.01699455552441	5.7544187309231	101.66594293788205	23.191643322631315	78.10092084694652	19.443091101214478	0.0011030698855736985	173.7429083149134	69.0661672806886	85.3612295854127
4.095980400098706	5.743817315046049	101.37002367257259	23.18805635394226	79.22929005515076	18.885121844527553	0.0011030698855736985	164.78418226977863	68.77441848166623	85.71195194481268
4.170907195560435	5.734357995233262	101.07535412857156	23.184337840901428	80.29967284746117	18.387262907012477	0.0011030698855736985	156.3455707423271	68.4840481912868	85.99899228341035
4.2420104720675935	5.725969046685391	100.78192842897982	23.180501356315318	81.31543394042058	17.945739299229775	0.0011030698855736985	148.39634823682408	68.19503699866641	86.22661548149851
4.30951184742957	5.718583044522649	100.48974077812787	23.176559576878198	82.27973930273451	17.55700234329599	0.0011030698855736985	140.90761048435232	67.90736646831229	86.39882661777949
4.373619851699969	5.712136608045436	100.19878545751406	23.172524337747408	83.19556793516878	17.21771621291636	0.0011030698855736985	133.8521664095911	67.6210190816027	86.51938648510065
4.434530702857758	5.706570160177527	99.90905682198778	23.16840668385902	84.06572295170864	16.924745272500097	0.0011030698855736985	127.20443650702128	67.33597818176447	86.59182618407661
4.492429036540769	5.70182770117166	99.62054929616048	23.164216918181587	84.89284200432307	16.67514216692814	0.0011030698855736985	120.94035723813347	67.05222792213385	86.61946085049831
4.547488592450104	5.697856595764432	99.33325737103365	23.159964647082937	85.67940708874214	16.466136619179313	0.0011030698855736985	115.03729110647727	66.76975321751492	86.6054025659272
4.599872860047023	5.694607372966709	99.04717560082734	23.15565882298489	86.42775376869812	16.295124892983342	0.0011030698855736985	109.47394206701296	66.4885396984448	86.55257250091107
4.649735685963024	5.692033537737778	98.76229860000134	23.151307784467654	87.14007985321243	16.159659880934356	0.0011030698855736985	104.23027595251985	66.20857366819652	86.46371233649592
4.697221845334324	5.69009139385696	98.4786210404531	23.146919293971365	87.81845355851671	16.05744178194391	0.0011030698855736985	99.28744562730796	65.92984206235626	86.34139500572222
4.74246757924041	5.688739877315681	98.19613764888715	23.142500573240394	88.46482118574652	15.986309332402959	0.0011030698855736985	94.62772058257148	65.65233241082433	86.18803479623773
4.785601100307851	5.687940399590403	97.91484320433834	23.138058336647923	89.08101434385281	15.944231557388273	0.0011030698855736985	90.2344207032995	65.37603280208548	86.0058968528782
4.8267430683532355	5.687656700214223	97.6347325358485	23.133598822525954	89.66875674450117	15.929300011273547	0.0011030698855736985	86.09185396114304	65.10093184962254	85.7971061155886
4.866007037749277	5.687854708124724	97.3558005202792	23.129127822613025	90.22967059301605	15.939721480247279	0.0011030698855736985	82.18525781258894	64.82701866034472	85.56365572441715
4.903499878308019	5.688502411230803	97.07804208025789	23.12465070973953	90.76528260099806	15.973811117409324	0.0011030698855736985	78.50074406732271	64.55428280490777	85.30741492543851
4.939322171186251	5.68956973373133	96.8014521822476	23.120172463850974	91.27702964211568	16.029985985858104	0.0011030698855736985	75.02524702955218	64.28271428981623	85.03013650598433
4.973568581270601	5.691028420733192	96.52602583473161	23.11569769646644	91.7662640718921	16.10675898595612	0.0011030698855736985	71.74647472130343	64.012303531202	84.7334637866645
5.00632820748019	5.692851929722143	96.2517580865098	23.111230673668324	92.23425873202909	16.202733143269363	0.0011030698855736985	68.65286299923959	63.74304133018034	84.41893719731115
5.037684912335681	5.695015328468	95.97864402509315	23.106775337713174	92.6822116585361	16.316596235156556	0.0011030698855736985	65.73353238827617	63.47491884967984	84.0880004622608
5.0677176320080894	5.697495198987047	95.70667877520032	23.102335327344825	93.11125051099907	16.447115736159045	0.0011030698855736985	62.97824747294013	63.20792759266938	83.74200641789112
5.096500667911101	5.700269547231904	95.4358574973399	23.09791399688058	93.52243673818495	16.5931340648357	0.0011030698855736985	60.3773787071246	62.942059381695145	83.38222248243586
5.124103961050372	5.703317718131718	95.16617538648117	23.093514434151533	93.91676949731739	16.75356411219435	0.0011030698855736985	57.921866483178995	62.67730633964957	83.00983580099287
5.150593350103227	5.706620315680765	94.89762767080265	23.089139477361968	94.29518934092962	16.927385035828415	0.0011030698855736985	55.60318733279812	62.413660871696514	82.62595808406228
5.1760308141604385	5.71015912778601	94.63020961051805	23.084791730929943	94.65858168460406	17.113638304525523	0.0011030698855736985	53.41332213760155	62.151115648290755	82.23163015719878
5.200474701061644	5.7139170555846235	94.36391649677101	23.080473580371205	95.007780068907	17.31142397813673	0.0011030698855736985	51.34472622734229	61.889663589220596	81.82782623933126
5.223979942209748	5.717878046956456	94.09874365059726	23.07618720628553	95.34356922816563	17.51989720823323	0.0011030698855736985	49.39030124971517	61.629297848613724	81.41545796645593
5.246598254704417	5.722027033970695	93.83468642194961	23.07193459750153	95.66668797808948	17.73826494582475	0.0011030698855736985	47.543368701672165	61.370011800845624	80.99537817654402
5.2683783314404025	5.726349874066355	93.57174018877986	23.067717563422885	95.9778319314607	17.96578284559632	0.0011030698855736985	45.79764503763964	61.1117990273016	80.56838446782875
5.289366019926369	5.730833294731836	93.30990035617803	23.063537745626544	96.27765605268878	18.201752354305842	0.0011030698855736985	44.147218255591085	60.85465330394284	80.13522254473756
5.3096044905379784	5.735464841462165	93.04916235556121	23.05939662876036	96.56677706142607	18.44551797169158	0.0011030698855736985	42.586525867463074	60.59856858962083	79.69658936491194
5.329134394785401	5.740232828813637	92.78952164391295	23.055295550778958	96.84577569353209	18.696464674400605	0.0011030698855736985	41.110334177868005	60.34353901510301	79.25313609826829
5.347994014172634	5.745126294376813	92.53097370306648	23.0512357125562	97.11519882763542	18.95401549351514	0.0011030698855736985	39.713718795462285	60.08955887276398	78.80547090897144
5.366219400224839	5.750134955488791	92.27351403903369	23.047218186912787	97.37556148552407	19.2176292362508	0.0011030698855736985	38.392046301439464	59.83662260690632	78.35416157120203
5.383844506230803	5.755249168515214	92.0171381813699	23.043243927095357	97.6273487141807	19.486798342904677	0.0011030698855736985	37.14095700348545	59.584724804664454	77.89973792900925
5.4009013112207365	5.760459890540141	91.7618416825817	23.03931377474186	97.87101735689404	19.761046870532404	0.0011030698855736985	35.956348706984755	59.33386018746414	77.44269421008818
5.417419936561996	5.765758643345435	91.50762011756574	23.035428467358606	98.10699771891203	20.03992859712679	0.0011030698855736985	34.8343614533882	59.08402360300036	76.98349120066077
5.433428755623678	5.771137479539369	91.2544690830843	23.031588645339085	98.33569513407892	20.323025238912802	0.0011030698855736985	33.77136316661337	58.83521001770903	76.52255828998794
5.44895449697509	5.776588950690339	91.00238419726978	23.02779485855553	98.5574914390991	20.609944773174416	0.0011030698855736985	32.763936146569236	58.587414509694085	76.0602953932617
5.4640223414678095	5.782106077356978	90.75136109915987	23.024047572546543	98.77274636042365	20.900319860892264	0.0011030698855736985	31.808864363961174	58.34063226208838	75.59707475948035
5.478656013547363	5.7876823209073205	90.50139544826092	23.020347174323796	98.981798818703	21.193806363541825	0.0011030698855736985	30.903121511039966	58.094858556822714	75.13324267082598
5.49287786714062	5.793311557019709	90.25248292413471	23.01669397782085	99.18496815574952	21.490081948404356	0.0011030698855736985	30.04385976295315	57.85008876877554	74.66912104005925
5.506708966460727	5.798988050759066	90.00461922601389	23.013088229006936	99.38255528889391	21.788844776791624	0.0011030698855736985	29.228399204878187	57.606318360285606	74.20500891239553
5.520169162041977	5.804706433131984	89.75780007243443	23.00953011068635	99.57484379719747	22.08981227010307	0.0011030698855736985	28.45421788404493	57.363542875995336	73.74118387772029
5.5332771622979555	5.810461679029088	89.5120212008957	23.0060197470032	99.76210094371145	22.39271994889805	0.0011030698855736985	27.71894244815759	57.121757938015705	73.27790339870764
5.54605060078951	5.816249086497281	89.26727836753552	23.00255720766369	99.94457863644794	22.69732034196083	0.0011030698855736985	27.02033934582142	56.8809592413883	72.81540605832238
5.558506099522591	5.822064257242147	89.02356734682776	22.999142511897393	100.12251433263482	23.00338196011166	0.0011030698855736985	26.35630654699989	56.641142549829944	72.35391273276431
5.57065932851399	5.827903078286907	88.78088393129478	22.99577563217331	100.29613188965482	23.310688330888517	0.0011030698855736985	25.724865752335948	56.402303691737224	71.8936276943222
5.582525061825424	5.833761704725523	88.53922393123905	22.992456497684046	100.46564236553243	23.6190370908157	0.0011030698855736985	25.124155065054236	56.16443855644136	71.43473964792817
5.5941172302671465	5.839636543507701	88.29858317448803	22.98918499761145	100.63124477184276	23.9282391319829	0.0011030698855736985	24.552422099099648	55.92754309069442	70.97742270518958
5.6054489709718265	5.845524238193307	88.05895750615609	22.98596098418715	100.7931267819096	24.23811779964638	0.0011030698855736985	24.008017497192288	55.691613295377415	70.52183729969433
5.616532674038396	5.851421654614452	87.82034278841743	22.982784275561144	100.95146539714632	24.548508137601377	0.0011030698855736985	23.489388832649823	55.4566452224107	70.06813104733682
5.627380026425383	5.8573258673893	87.58273490029401	22.979654658490503	101.1064275741033	24.859256178382893	0.0011030698855736985	22.995074871435925	55.22263497185903	69.61643955506231
5.6380020532700605	5.863234147233033	87.34612973745494	22.976571890859834	101.25817081474153	25.170218275421472	0.0011030698855736985	22.523700171341506	54.98957868921591	69.16688718134209
5.648409156725301	5.869143949037477	87.110523212026	22.97353570403957	101.40684372124498	25.481260475655358	0.0011030698855736985	22.073970006261803	54.75747256285994	68.71958775010668
5.65861115250121	5.875052900661222	86.87591125241174	22.970545805094616	101.55258651804368	25.792257929536675	0.0011030698855736985	21.64466559104543	54.52631282167302	68.27464522167173
5.668617304259845	5.880958792384365	86.64228980312548	22.967601878853095	101.69553154316704	26.103094336017847	0.0011030698855736985	21.23463958749616	54.296095732806016	67.83215432343862
5.6784363559756725	5.886859566992782	86.40965482463031	22.964703589842756	101.835803710536	26.41366142067138	0.0011030698855736985	20.84281187675512	54.066817599587615	67.39220114250077
5.688076562374861	5.8927533104569925	86.1780022931871	22.961850584102464	101.97352094481012	26.72385844510354	0.0011030698855736985	20.468165583257402	53.83847475956475	66.95486368227569
5.697545717566197	5.898638243170462	85.94732820071282	22.959042490876353	102.10879459040063	27.033591745812416	0.0011030698855736985	20.109743335470604	53.611063582670354	66.52021238529672
5.70685118197679	5.904512711712425	85.71762855464368	22.95627892419802	102.24172979626624	27.342774300652643	0.0011030698855736985	19.766643748607766	53.384580469505885	66.08831062428189
5.715999907701177	5.910375181101313	85.48889937780903	22.953559484372114	102.37242587804322	27.651325321120392	0.0011030698855736985	19.43801811505773	53.15902184973669	65.65921516354219
5.724998462364939	5.916224227507699	85.26113670830694	22.95088375935986	102.50097665895409	27.959169868824915	0.0011030698855736985	19.123067289320264	52.93438418058515	65.23297659261021
5.733853051578486	5.922058531402939	85.03433659939182	22.948251326073702	102.62747079057621	28.26623849489024	0.0011030698855736985	18.821038757489585	52.71066394542652	64.80963973354027
6.47062063259444	5.929332228012213	84.80849512408653	22.945666762872285	102.67523946731893	28.64906463222047	0.0011030698855736985	0.0005566724897779719	52.48785265590172	64.31672674300559
8.880528217775177	5.937447001357968	84.58360842880573	22.94314764789633	102.67523582385996	29.07615796620756	0.0011030698855736985	0.0005566724897779719	52.26592892306254	63.785032326920046
12.958914052508545	5.945494834654191	84.35967271551148	22.94069475575133	102.67523218040101	29.499728139693012	0.0011030698855736985	0.0005566724897779719	52.04488818339264	63.25999605485882
18.68589959784823	5.953476564871079	84.13668419833826	22.938306851109978	102.67522853694204	29.919819203739742	0.0011030698855736985	0.0005566724897779719	51.82472789144466	62.74151431194687
26.033570935375906	5.961393015961371	83.91463910237346	22.935982720266956	102.67522489348308	30.33647452428143	0.0011030698855736985	0.0005566724897779719	51.60544549112351	62.229485215281166
34.966114821297715	5.969244999077943	83.69353366370126	22.933721170766102	102.67522125002412	30.749736793574698	0.0011030698855736985	0.0005566724897779719	51.387038416102214	61.723808584409866
45.43999324515393	5.977033312787628	83.47336412944647	22.931521031034016	102.67521760656516	31.159648041452872	0.0011030698855736985	0.0005566724897779719	51.16950409023126	61.224385912321196
57.40415563631908	5.984758743281441	83.25412675781523	22.92938115001993	102.67521396310619	31.566249646390432	0.0011030698855736985	0.0005566724897779719	50.95283992793869	60.73112033692616
70.80028768818117	5.992422064581178	83.03581781813537	22.927300396841794	102.67521031964723	31.969582346376573	0.0011030698855736985	0.0005566724897779719	50.7370433346236	60.24391661303259
84.94139342823073	6.000024040273235	83.20179444448627	22.92528289313722	102.07968549960316	32.36968633016913	869.8005604829805	0.0005566724897779719	50.904702147054216	59.76294264320083
90.71606101271678	6.00756684227751	88.25235722978313	22.923949701917167	93.88036752356444	32.76667590934144	1231.852960077572	0.0005566724897779719	55.9465144988675	59.319142981984506
95.04965735956006	6.015057339167941	92.92308983426695	22.923780631222737	86.23770739481512	33.16091258778524	1063.2848312573208	0.0005566724897779719	60.608093017009466	58.93616460274146
98.72865004645146	6.022502732151994	96.89600998282349	22.924617325972378	79.65004574770866	33.55277537641957	916.3211004247462	0.0005566724897779719	64.57224816052933	58.605729691020755
101.85027149522385	6.029909169893279	100.2688711592511	22.926309425316607	73.96989395828071	33.94258788911875	790.7012365971397	0.0005566724897779719	67.93668835721934	58.32001277116802
104.4980952259434	6.037281882859989	103.13034348349984	22.92872836968032	69.06324453331989	34.330625413682455	683.876939832547	0.0005566724897779719	70.79003504373132	58.07232434101829
106.74384651447949	6.044625318819949	105.55744449431847	22.93176480622803	64.81363414472267	34.71712204315404	593.2020786912661	0.0005566724897779719	73.2092611657582	57.85697437040586
108.64826459012978	6.051943260476004	107.61584732072703	22.935325887186895	61.121742329678376	35.10227686715695	516.2097033121373	0.0005566724897779719	75.26000143067806	57.66913133554626
110.2624083897773	6.059238925823238	109.36097037661196	22.939332761620648	57.90377141718969	35.48625925385346	450.7200751934348	0.0005566724897779719	76.99764233032991	57.5046917898721
111.62904763950883	6.066515052941693	110.83932201059874	22.943718362878755	55.08942219186666	35.86921331271946	394.8638830658037	0.0005566724897779719	78.46866631508905	57.360165496854826
112.78396987902377	6.0737739712824075	112.08984145543756	22.948425511741384	52.619866260455005	36.251261646441264	347.0652804038452	0.0005566724897779719	79.71199195977587	57.232577022950395
113.75713668472066	6.081017661479814	113.14512100795092	22.95340531671961	50.44589428907949	36.63250849893626	306.00890699561523	0.0005566724897779719	80.7601953006293	57.11938276199165
114.57367226062225	6.088247805536058	114.03246932378369	22.958615837483556	48.526303365288236	37.01304239663338	270.6025370300224	0.0005566724897779719	81.64057234161616	57.018401597376574
115.2546926958502	6.095465828980319	114.77481224194055	22.96402097359241	46.82653013687653	37.392938367383906	239.94129556557826	0.0005566724897779719	82.37603918996744	56.92775723060628
115.81799349306242	6.1026729363604755	115.39144420706951	22.96958954240723	45.31751047759248	37.77225980844475	213.2757116072139	0.0005566724897779719	82.98588289886378	56.8458303023395
116.27861595870421	6.109870141200115	115.89864937658292	22.97529451404869	43.97473697089935	38.151060063162646	189.98435967139451	0.0005566724897779719	83.4863820983368	56.771218642430156
116.64931218306063	6.117058291357913	116.31021244142472	22.981112375875558	42.77748390823419	38.52938375567832	169.55093942870306	0.0005566724897779719	83.89131743068707	56.702704225883586
116.94092618549585	6.124238090561291	116.63783775030463	22.987022603429534	41.70817160352699	38.90726792427712	151.54528620636432	0.0005566724897779719	84.21239036614207	56.63922564341361
117.16270660648918	6.131410116748627	116.89149295194473	22.993007218789383	40.751845398269104	39.28474298676854	135.60789588298405	0.0005566724897779719	84.45956659995468	56.579855102039346
117.32256320004456	6.138574837741046	117.07969094276214	22.999050420701696	39.89574840089069	39.661833565316925	121.43719725195739	0.0005566724897779719	84.64135780644679	56.523779148034166
117.4272778154528	6.145732624672173	117.20972147281705	23.005138273719332	39.12897070151647	40.03855919327102	108.77923992861817	0.0005566724897779719	84.76505309291115	56.470282452359406
117.48267816355293	6.152883763528596	117.28784175995402	23.01125844593487	38.44216084484719	40.414934922556455	97.4192704102025	0.0005566724897779719	84.83690949502834	56.41873412031516
117.49378134959984	6.160028465092162	117.31943368318434	23.017399986819754	37.82728805032932	40.79097184695461	87.17490181850805	0.0005566724897779719	84.86230907820739	56.36857608638134
117.46491251506178	6.1671668735246685	117.30913371444208	23.02355313823926	37.2774458159494	41.166677553928665	77.89046892060533	0.0005566724897779719	84.84588879860485	56.31931323573103
117.39980333286638	6.174299073794683	117.26094051984239	23.029709172976162	36.78668941221279	41.54205651550837	69.43247512276152	0.0005566724897779719	84.79164805076392	56.27050495907539
117.30167370952093	6.18142509811215	117.17830425548948	23.03586025611495	36.349901150318786	41.917110426954025	61.685795626476896	0.0005566724897779719	84.70303792352668	56.22175790014121
117.17329976946115	6.188544931509179	117.06420076901095	23.041999325462164	35.96267854846314	42.291838500481845	54.55056883587011	0.0005566724897779719	84.58303537280237	56.172719697650635
117.01707040216563	6.195658516682013	116.92119331741311	23.048119987843318	35.62124143359419	42.666237720104625	47.9396109870279	0.0005566724897779719	84.43420491972954	56.1230735580666
116.83503428932362	6.20276575819084	116.751483901298	23.054216428654733	35.32235479317814	43.040303062674504	41.77626262358137	0.0005566724897779719	84.25874997269706	56.07253352319633
116.62893894767805	6.209866526097923	116.55695591184393	23.06028333248341	35.06326480580555	43.414027689363024	35.99258652782853	0.0005566724897779719	84.05855546842287	56.02084031927626
116.40026295810304	6.216960659111505	116.33920946416426	23.06631581295953	34.84164597057249	43.78740311113053	30.52781558014709	0.0005566724897779719	83.83522320479435	55.96775769240305
116.15024251154263	6.224047967292034	116.09959050761283	23.072309350290965	34.655557686527764	44.16041933115834	25.327070575659903	0.0005566724897779719	83.59010095541025	55.91306914994827
115.87989288576307	6.231128234367482	115.83921461047836	23.07825973515788	34.50340892684	44.53306496670819	20.340206253102778	0.0005566724897779719	83.32430626279411	55.85657503952177
115.59002565396189	6.238201219696934	115.5589861079783	23.084163017830175	34.38392997088814	44.905327352468824	15.520841602538631	0.0005566724897779719	83.03874559894948	55.79808990666378
115.28126196985221	6.245266659914219	115.25961317666716	23.090015461516614	34.29615034870924	45.27719262706278	10.825465203255503	0.0005566724897779719	82.73412945623734	55.737440080121715
114.95404239740662	6.252324270277704	114.94161925147988	23.095813499070434	34.239382377086365	45.64864580408835	6.212641574109696	0.0005566724897779719	82.41098378483903	55.67446143963861
114.37850563011892	6.2593737439931045	114.594757589846	23.101552685046993	34.229692758538405	46.01967073647786	0.001187535832538258	0.0005566724897779719	82.05908673133565	55.608947052696756
112.78703253612528	6.266414746072637	114.24318986922486	23.107229378250796	34.229688551847964	46.390249793295354	0.001187535832538258	0.0005566724897779719	81.70255538021297	55.540731608910384
110.12694910396894	6.273446937240458	113.8931495869645	23.112844311597676	34.22968434515753	46.76036511791754	0.001187535832538258	0.0005566724897779719	81.34761005525564	55.46986871786331
106.45005411155125	6.28046998601051	113.54462994962468	23.118398391134473	34.22968013846709	47.129999263709735	0.001187535832538258	0.0005566724897779719	80.99424307234484	55.396420256200514
101.82794616411614	6.287483568664205	113.19762419665722	23.123892508024667	34.229675931776654	47.499135192851654	0.001187535832538258	0.0005566724897779719	80.6424467950418	55.320446968025365
96.35062947374223	6.294487369108247	112.85212560020005	23.12932753880092	34.22967172508621	47.867756268853846	0.001187535832538258	0.0005566724897779719	80.29221363413022	55.24200848463594
90.1247612608099	6.301481078734837	112.50812746487685	23.134704345613237	34.22966751839578	48.23584624920064	0.001187535832538258	0.0005566724897779719	79.94353604716862	55.16116334392229
83.27157482632632	6.308464396284355	112.16562312759737	23.140023776472894	34.22966331170534	48.603389278122656	0.001187535832538258	0.0005566724897779719	79.59640653804773	55.077969009429296
75.92451886320363	6.3154370277104706	111.82460595735796	23.14528666549224	34.2296591050149	48.97036987949716	0.001187535832538258	0.0005566724897779719	79.25081765655196	54.99248188909075
68.2266588331842	6.322398686047528	111.48506935504729	23.150493833120315	34.22965489832446	49.33677294986862	0.001187535832538258	0.0005566724897779719	78.90676199793046	54.904757353641514
60.32789114711234	6.32934909128033	111.14700675325024	23.155646086374517	34.22965069163403	49.702583751595014	0.001187535832538258	0.0005566724897779719	78.56423220247012	54.81484975471159
52.38202440636819	6.336287970216112	110.81041161605712	23.160744219068256	34.229646484943586	50.06778790610989	0.001187535832538258	0.0005566724897779719	78.22322095507806	54.722812442609296
44.54378406219466	6.343215056358832	110.47527743887133	23.165789012034736	34.22964227825315	50.43237138730566	0.001187535832538258	0.0005566724897779719	77.88372098486622	54.628697783797286
36.965799810338005	6.350130089785572	110.14159774822201	23.170781233346894	34.22963807156271	50.796320515028796	0.001187535832538258	0.0005566724897779719	77.54572506474499	54.53255717806819
29.795633363716117	6.357032817025171	109.80936610157558	23.1757216385336	34.22963386487228	51.15962194869191	0.001187535832538258	0.0005566724897779719	77.20922601101928	54.4344410754236
23.172905306873364	6.363922990938923	109.47857608715117	23.180610970792134	34.229629658181835	51.522262680994665	0.001187535832538258	0.0005566724897779719	76.8742166829924	54.334398992662784
17.226576136176003	6.370800370603399	109.14922132373619	23.185449961197055	34.229625451491394	51.88423003175654	0.001187535832538258	0.0005566724897779719	76.54068998257333	54.232479529685044
12.072434662249965	6.377664721195288	108.82129546050436	23.190239328905474	34.22962124480096	52.24551164185595	0.001187535832538258	0.0005566724897779719	76.20863885389046	54.128730385511375
7.810844103314138	6.3845158138782505	108.49479217683606	23.19497978135881	34.22961703811052	52.606095467275075	0.001187535832538258	0.0005566724897779719	75.87805628291079	54.0231983740302
4.648146870742952	6.384362101716585	108.16970517190255	23.19965644346946	34.598058411325134	52.59800535350312	0.001187535832538258	173.62208059348052	75.5489508267789	54.264717087646
2.6543668783537373	6.355938081702063	107.84602775578591	23.2040588297727	36.46069675518011	51.102004300107275	0.001187535832538258	370.1576778309499	75.22152587426406	55.90603740353387
1.5367106458363438	6.308445241911369	107.52375212973095	23.20792624533552	39.34131080843094	48.60238115322863	0.001187535832538258	477.17401710361986	74.8960338167613	58.474050171209605
1.528806464442466	6.2549539543700625	107.2028696801841	23.21112732172096	42.556058915494	45.78705023000193	0.001187535832538258	472.6153064888769	74.57259716413427	61.30866836754666
1.743170709422605	6.204706192369649	106.88337157350853	23.213666262027154	45.61840527235313	43.14243117734857	0.001187535832538258	446.15410579082163	74.25120290566943	63.94800348287705
1.9455504542413875	6.15803234351159	106.56524915767636	23.215589344908736	48.509544484050025	40.68591281639811	0.001187535832538258	421.24874642313745	73.93179622032638	66.37785006985915
2.13665019579503	6.1147154817321026	106.2484940124516	23.2169407773723	51.2395407919592	38.40607798589879	0.001187535832538258	397.80708608982457	73.61432458590689	68.61126478201179
2.3171327101166335	6.074551609267064	105.93309793670247	23.217762023228236	53.817862425124964	36.29218996142303	0.001187535832538258	375.74244741116024	73.29873843660043	70.66052069806057
2.487621526793852	6.037348888733433	105.61905293608926	23.21809196772062	56.25341694908523	34.334152038600365	0.001187535832538258	354.9732936900753	72.98499098639523	72.53715394936137
2.6487032565737745	6.0029269207902605	105.30635121149	23.217967072359553	58.55458451736984	32.52246951527547	0.001187535832538258	335.4229239177658	72.67303806300383	74.25200757846653
2.800929780888117	5.971116064667914	104.99498514811552	23.217421520539006	60.72924915043187	30.848213929888843	0.001187535832538258	317.019185874097	72.36283795167256	75.81527279355657
2.9448203114707554	5.941756799028037	104.68494730527657	23.216487354486173	62.78482815875528	29.3029894225269	0.001187535832538258	299.6942062518454	72.0543512482932	77.23652777290872
3.080863327764539	5.914699120764446	104.3762304067628	23.215194604056233	64.72829982009505	27.878901092864194	0.001187535832538258	283.3841367961079	71.74754072126345	78.52477416459121
3.2095183993869916	5.889801979487975	104.06882733179476	23.213571407858023	66.56622941470151	26.56852523620779	0.001187535832538258	268.0289155062155	71.44237118157301	79.68847141850426
3.331217900498514	5.866932745570073	103.7627311065205	23.211644127167848	68.30479371629468	25.364881345791915	0.001187535832538258	253.57204200327308	71.1388093606308	80.73556907989064
3.446368622450273	5.845966709765503	103.45793489601724	23.209437453057056	69.94980402989124	24.261405777130364	0.001187535832538258	239.9603662276402	70.83682379536884	81.67353716457959
3.5553532907495824	5.826786612539111	103.1544319967747	23.206974507136845	71.50672786273852	23.251926975741302	0.001187535832538258	227.1438896750701	70.53638472019686	82.5093947298886
3.6585319920091313	5.80928220133763	102.85221582962589	23.2042769362985	72.98070930930349	22.330642175663325	0.001187535832538258	215.07557842896708	70.23746396539599	83.24973674804536
3.7562435162707133	5.79334981413254	102.55127993310319	23.20136500180924	74.3765882273261	21.492095480658612	0.001187535832538258	203.7111872822999	69.9400348615702	83.90075938383684
3.8488066196992143	5.778891987683107	102.25161795719	23.198257663097113	75.69891827630468	20.73115724647791	0.001187535832538258	193.00909429450647	69.6440721497927	84.46828377070216
3.936521212364602	5.765817089054558	101.95322365744916	23.194972656540134	76.95198388581022	20.043004687080593	0.001187535832538258	182.93014516511283	69.3495518971142	84.95777837428062
4.019669475550738	5.754038969013474	101.6560908895004	23.19152656955592	78.13981621704073	19.423103632286747	0.001187535832538258	173.43750684239092	69.05645141710967	85.37438002712399
4.098516912748117	5.743476636009412	101.36021360383211	23.187934910269576	79.26620817700329	18.86719136891499	0.001187535832538258	164.49652982224663	68.76474919517158	85.72291371301013
4.173313338321679	5.7340539495038705	101.06558584092002	23.18421217302616	80.3347285423399	18.37126050020231	0.001187535832538258	156.0746186143363	68.47442481825675	86.00791117611651
4.244293807571329	5.725699331492029	100.77220172664231	23.180371899996135	81.34873524590633	17.931543762736986	0.001187535832538258	148.14110988818726	68.18545890882791	86.23362842520727
4.311679491572815	5.718345495165676	100.48005546796787	23.176426739099863	82.31138787449898	17.544499745560504	0.001187535832538258	140.6671578554033	67.89783306274192	86.40406219671138
4.3756785001559235	5.71192918967503	100.18914134890262	23.17238849847535	83.22565942568625	17.206799456579123	0.001187535832538258	133.6256264480278	67.61152979084498	86.52296544001788
4.436486656026835	5.706390960055776	99.89945372668072	23.168268197689976	84.09434736669927	16.915313687144724	0.001187535832538258	126.99098789901136	67.32653246406201	86.59386188171194
4.494288222948902	5.701674921416632	99.61098702818349	23.164076115890815	84.9200840370145	16.667101127189753	0.001187535832538258	120.73922734289015	67.04282526176853	86.62005972371112
4.549256590760642	5.697728546524612	99.32373574657356	23.159821837078997	85.70534643432508	16.459397185504493	0.001187535832538258	114.84775307251415	66.76039312324745	86.60466452772135
4.601554919801607	5.694502465989925	99.03769443813034	23.1555142926798	86.45246542062458	16.28960347315258	0.001187535832538258	109.29531211494908	66.47922170204585	86.55059133449568
4.651336747050851	5.691950280334842	98.75285771927734	23.151161801562292	87.16363438132807	16.155277912358727	0.001187535832538258	104.06191082451627	66.19929732306831	86.46057606137455
4.698746556357759	5.690028383207846	98.46922026378569	23.14677210766741	87.84091737142674	16.05412543199051	0.001187535832538258	99.12874018112593	65.92060694223319	86.33718622298018
4.743920314826564	5.688695795102882	98.1867768001481	23.14235241538206	88.48625677812396	15.983989215939795	0.001187535832538258	94.47810552374908	65.64313810854833	86.18283101396085
4.786985977348027	5.687914006964979	97.90552210910926	23.137909422792312	89.10148052843059	15.942842471839638	0.001187535832538258	90.09336045781244	65.3668789284594	85.9997707913687
4.828063961215758	5.687646833080605	97.6254510213449	23.133449352945014	89.68830886939816	15.928780688451566	0.001187535832538258	85.95884468260203	65.0918180323346	85.79012599322253
4.86726759265625	5.687860272684886	97.34655841528098	23.128977983239928	90.24836074711948	15.940014351834725	0.001187535832538258	82.0598254989808	64.81794454295452	85.55588552775414
4.90470352683943	5.688522379799317	97.0688392150431	23.124500673056914	90.7831598068792	15.974862094699555	0.001187535832538258	78.38244279210598	64.54524804589379	85.29891466288188
4.940472142962012	5.689603140805548	96.79228838853055	23.12002238972451	91.29414003720179	16.03174425292217	0.001187535832538258	74.91365728047077	64.27371856168205	85.02096244595032
4.974667915937846	5.691074359279014	96.51690094560426	23.115547732932196	91.7826510797137	16.10917680415729	0.001187535832538258	71.6412018302341	64.00334651963217	84.72366868266124
5.007379766014243	5.692909547672807	96.24267193638622	23.11108095767446	92.24996322366223	16.205765666988444	0.001187535832538258	68.55353566197354	63.73412273324465	84.40857050008479
5.038691387623884	5.695083825445351	95.96959644965884	23.106625995813967	92.69727210379997	16.320201339227612	0.001187535832538258	65.63980127826386	63.46603837709006	84.0771085184329
5.068681558745487	5.697573823236439	95.69766961136344	23.1021864763489	93.12570311982286	16.45125385454805	0.001187535832538258	62.889783945212415	63.19908496508374	83.7306326556251
5.097424431972474	5.700357592719549	95.42688658318566	23.097765744464347	93.53631559449411	16.597768037869628	0.001187535832538258	60.293873570824694	62.93325433006057	83.37040758724187
5.124989808304611	5.703414521815076	95.15724256122911	23.093366879435596	93.9301066849532	16.758659042897385	0.001187535832538258	57.843028847163744	62.668538604583716	82.99761788102809
5.1514433946638745	5.7067252549539	94.88873277476641	23.08899271145003	94.30801506151411	16.932908155467054	0.001187535832538258	55.528743525119786	62.40493020290994	82.61337282480856
5.1768470461860385	5.710271618064618	94.6213524850676	23.084645837417828	94.6709243689736	17.119558845504848	0.001187535832538258	53.34301468397517	62.142421804041064	82.21871096766259
5.201258994135026	5.714036548021717	94.35509698429637	23.08032863582794	95.01966648253057	17.31771305377321	0.001187535832538258	51.27831288478633	61.88100633579621	81.81460439031315
5.224734060270851	5.718004026296498	94.08996159447611	23.076043280704805	95.35502457018521	17.526527699814313	0.001187535832538258	49.327554098681944	61.62067695985097	81.40196272041736
5.247323858501032	5.722159016553416	93.82594166651488	23.071791754721083	95.6777359734735	17.74521139754683	0.001187535832538258	47.48407330135561	61.361427057677815	80.98163690838533
5.269076984595835	5.7264874059493565	93.56303257929056	23.06757586151851	95.98849491768499	17.973021365754256	0.001187535832538258	45.74159963146936	61.10325021733675	80.55442277845957
5.290039194708249	5.730975949905888	93.30122973879163	23.063397237286303	96.28795506214803	18.209260521361173	0.001187535832538258	44.09423301588118	60.84614022106258	80.12106436902273
5.310253573250003	5.735612220183495	93.04052857730737	23.059257361633783	96.57673189845882	18.453274746498376	0.001187535832538258	42.5364221894664	60.59009103360576	79.68225707251631
5.329760690819751	5.740384556041482	92.7809245526692	23.05515756780371	96.85540500659808	18.704450317971357	0.001187535832538258	41.06294401829028	60.335096791282304	79.23865058811347
5.348598752798905	5.745282018292682	92.52241314753516	23.051099052267357	97.12452017772884	18.962211489087142	0.001187535832538258	39.66888404549488	60.08115179168381	78.79085169873571
5.366803739127083	5.750294346093871	92.26498986871941	23.047082883735406	97.38459141098853	19.22601821546554	0.001187535832538258	38.34961819279601	59.82825048401535	78.33942688207875
5.38440953576848	5.75541191631336	92.0086502465598	23.043110011618797	97.63610279157992	19.495364016491244	0.001187535832538258	37.10079555060511	59.576387460020335	77.8849047652739
5.4014480583793985	5.760625705317132	91.75338983432641	23.03918127397353	97.87951025745018	19.769773964058178	0.001187535832538258	35.918322189890496	59.32555744546134	77.42777843282195
5.417949368660625	5.765927253023749	91.49920420766058	23.03529740496157	98.1152432614677	20.048802790722238	0.001187535832538258	34.79834593242956	59.07575529211417	76.96850759689313
5.433941783855085	5.771308629084629	91.24608896405294	23.03145904185874	98.34370633567426	20.33203310971594	0.001187535832538258	33.73724201907166	58.82697597025307	76.50752063870739
5.449451979724703	5.776762401086519	90.994039722348	23.02766673163157	98.5652805623831	20.619073741394367	0.001187535832538258	32.731599632298845	58.579214561592636	76.04521652725445
5.4645050874041265	5.7822816046524155	90.74305212228079	23.023920937109853	98.78032495780343	20.909558139599426	0.001187535832538258	31.77820922094612	58.332466252664986	75.58196662287389
5.479124784546249	5.787859715312245	90.49312182404051	23.020222042782382	98.98917777411945	21.20314291116943	0.001187535832538258	30.874050572716886	58.086726328600314	75.11811637350877
5.493333381067605	5.793490622047748	90.24424450785904	23.016570360236422	99.19215772442455	21.499506423564284	0.001187535832538258	30.016281594131456	57.84199016728742	74.65398690943574
5.507151899797687	5.7991686024170495	89.99641587362525	23.01296613326124	99.3895651348543	21.798347495632786	0.001187535832538258	29.2022277580534	57.598253233895605	74.18987654221148
5.520600152336609	5.804888299164589	89.74963164052102	23.00940954263582	99.58168302826748	22.099384166555954	0.001187535832538258	28.429372178915205	57.355511075733105	73.7260621735635
5.53369681042323	5.8106446982225055	89.50388754667979	23.00590071062103	99.76877814379063	22.402352538025223	0.001187535832538258	27.695346276044724	57.11375931742329	73.26280061992821
5.546459473089703	5.816433108017984	89.25917934886286	23.002439705174464	99.95110189616881	22.707005685155664	0.001187535832538258	26.997920988945275	56.87299365637502	72.80032985782591
5.558904729868437	5.822249140003778	89.01550282215803	22.999026543905806	100.12889127872215	23.013112631776384	0.001187535832538258	26.33499850965124	56.63320985853453	72.33887019510345
5.571048220210518	5.828088690362853	88.77285375969225	22.99566119778316	100.30236971218045	23.32045738751721	0.001187535832538258	25.704604511350745	56.39440375439967	71.87862537101735
5.582904689390566	5.833947922801539	88.5312279723639	22.99234359460872	100.471747843324	23.628838042184917	0.001187535832538258	25.104880837214537	56.156571235283984	71.41978359036085
5.594488041119786	5.8398232523625735	88.29062128858808	22.98907362227849	100.63722429659856	23.938065913818264	0.001187535832538258	24.534078620395963	55.919708249809354	70.96251849579771
5.605811387042358	5.845711330203518	88.05102955405877	22.985851131837773	100.79898638120675	24.24796474755222	0.001187535832538258	23.990551812233175	55.683810800619135	70.50699008171466
5.616887093290854	5.851609029286205	87.81244863152256	22.982675940343984	100.95721075618526	24.558369962430497	0.001187535832538258	23.47275109565231	55.44887494129535	70.05334555289092
5.627726824275963	5.857513430922667	87.57487440056667	22.97954783354854	101.11206405597252	24.869127943296927	0.001187535832538258	22.979218160787706	55.214896773470564	69.60172013129562
5.638341583885805	5.863421812123224	87.33830275741929	22.976466568409446	101.26370347897027	25.180095374905182	0.001187535832538258	22.508580319859146	54.98187244412097	69.15223781431291
5.648741754255631	5.869331633696915	87.10272961475879	22.973431875445208	101.41227734139635	25.491138615625744	0.001187535832538258	22.059545440245685	54.749798143026894	68.70501208741659
5.65893713226626	5.875240529054936	86.86815090153665	22.97044346094074	101.55792559869106	25.80213310815317	0.001187535832538258	21.630897174984828	54.518670100394495	68.26014659429198
5.668936963860561	5.881146293689628	86.63456256280743	22.967501009010952	101.70078033575248	26.112962825768573	0.001187535832538258	21.221490479024062	54.2884845846266	67.81773576606808
5.678749976317845	5.8870468752854	86.40196055957041	22.964604183531563	101.84096622799942	26.42351975186184	0.001187535832538258	20.83024739287278	54.059237900237754	67.37786541231006
5.688384408636168	5.892940364415223	86.17034086861779	22.961752629946876	101.97860097540402	26.73370339027352	0.001187535832538258	20.456153074022755	53.830926385898486	66.94061327658457
5.697848040121196	5.898824985791933	85.93969948239284	22.95894597696122	102.11379571090441	27.04342030483723	0.001187535832538258	20.09825206319101	53.60354641260579	66.50604955846623
5.707148217279683	5.904699090044094	85.710032408854	22.95618383812046	102.24665538459709	27.35258368652992	0.001187535832538258	19.75564477255837	53.37709438196898	66.0742374038201
5.7162918791152295	5.910561145985948	85.48133567134781	22.953465813290094	102.3772791251049	27.66111294662751	0.001187535832538258	19.42748418318914	53.15156672460788	65.64523336520911
5.72528558092435	5.916409733351231	85.25360530848653	22.95079149003641	102.50576057952091	27.96893333427394	0.001187535832538258	19.112972738805286	52.926959898652186	65.21908783426076
5.734135516689615	5.92224353596062	85.02683737403471	22.948160444917143	102.63218823331042	28.2759755768734	0.001187535832538258	18.811359423217752	52.70327038834028	64.795845447828
6.52391168173872	5.929594621484713	84.801027942274	22.94557779150136	102.67577503327257	28.662874814983535	0.001187535832538258	0.0006171511744471361	52.480489172427184	64.29915850083387
8.989665305650448	5.9377071753390025	84.5761731626705	22.9430608580867	102.67577122986299	29.089851333630335	0.001187535832538258	0.0006171511744471361	52.258595114354506	63.76768413738641
13.12336211756226	5.945752816806081	84.35226923782368	22.94061010678055	102.6757674264534	29.51330614768707	0.001187535832538258	0.0006171511744471361	52.037583963116305	63.242864498725034
18.90485398054145	5.9537323824265735	84.12931238223938	22.938224302968617	102.6757636230438	29.933283285607736	0.001187535832538258	0.0006171511744471361	51.817453172924324	62.724596027103864
26.305961298009976	5.96164669573083	83.90729882137778	22.935902233646303	102.67575981963422	30.349826091094908	0.001187535832538258	0.0006171511744471361	51.59820018735618	62.21277689577532
35.290610366693464	5.969496567456385	83.68622479169733	22.93364270704608	102.67575601622463	30.762977234545197	0.001187535832538258	0.0006171511744471361	51.379822439771104	61.70730697948632
45.81500920258431	5.977282795761662	83.4660865406985	22.9314445522713	102.67575221281504	31.17277872429655	0.001187535832538258	0.0006171511744471361	51.16231735371917	61.20808782548371
57.82786098670845	5.985006166436082	83.24688032696427	22.929306618936295	102.67574840940544	31.57927191768712	0.001187535832538258	0.0006171511744471361	50.9456823433407	60.71502262501231
71.27061408766188	5.992667453106552	83.02860242020044	22.927227776812625	102.67574460599586	31.982497531922416	0.001187535832538258	0.0006171511744471361	50.72991481375969	60.22801618530517
85.23886703615635	6.000267420397523	83.325406717714	22.925215358634247	101.87699297519718	32.38249581039451	956.7313255218384	0.0006171511744471361	51.02813508890134	59.74739691183768
90.87239692109377	6.007808374184299	88.42020165367502	22.92392173106109	93.60785722709302	32.779388114961755	1226.098800010038	0.0006171511744471361	56.114051818975355	59.30566784384096
95.18221128044289	6.015297278848063	93.06617532780879	22.923788795943928	86.00261492924326	33.173540992001975	1058.0191426177084	0.0006171511744471361	60.75088476233957	58.924575854794746
98.84115104686241	6.02274130043127	97.01754785916431	22.924656244629993	79.44753861400618	33.56533160164448	911.8027601497053	0.0006171511744471361	64.69350460532306	58.5957472099377
101.94569862707374	6.030146554639466	100.37199652131852	22.926374475058225	73.79523629996437	33.95508182312853	786.8522191782625	0.0006171511744471361	68.03954296033899	58.31139602093933
104.57902772182064	6.037518243772017	103.21781321497377	22.92881561179804	68.91226821090225	34.343065461683786	680.6084197240978	0.0006171511744471361	70.87724311694123	58.064868401302554
106.81247957631209	6.044860791638948	105.63162594449342	22.931870895145547	64.68275889878713	34.72951534941694	590.4279822100033	0.0006171511744471361	73.28318867200325	57.85050517533141
108.70644854883386	6.052177960601399	107.6787459571147	22.935447982835115	61.00793535366022	35.114629505335415	513.8524621602596	0.0006171511744471361	75.32265266894109	57.663501111687175
110.31169499456894	6.059472951378956	109.41427250612985	22.93946845064484	57.804483284690015	35.49857638836468	448.71241052021327	0.0006171511744471361	77.05070265018405	57.49977496329551
111.67073546070114	6.066748487358399	110.88444049118225	22.943865590350907	55.002517840699554	35.881499334651146	393.14865106012064	0.0006171511744471361	78.51354780522027	57.355855149626954
112.81914566562962	6.074006885465263	112.12795868117911	22.94858252321068	52.543559913274706	36.263520287644006	345.5946585259254	0.0006171511744471361	79.7498764051575	57.22878188727217
113.78671091057251	6.081250115626825	113.17722702994712	22.953570609625398	50.37869165734096	36.644742927726256	304.74310661338194	0.0006171511744471361	80.79207227576954	57.11602469992997
114.59840923299001	6.08847985066447	114.05939445665152	22.958788120689544	48.466952181384485	37.02525529812869	269.5085544699181	0.0006171511744471361	81.66727179237661	57.01541350125494
115.27523570780556	6.095697508210191	114.79725441212788	22.96419913379114	46.77397865275756	37.4051320110613	238.99181413951337	0.0006171511744471361	82.39825876081447	56.92508127904907
115.83488548978977	6.1029042859966545	115.40999165329026	22.969772616252154	45.27087301516273	37.78443610508574	212.44808455041547	0.0006171511744471361	83.00421061580585	56.84341651277638
116.29231659923167	6.110101191646867	115.91379934169139	22.97548166502175	43.93326556018938	38.163220612991616	189.25979507081962	0.0006171511744471361	83.50131504657583	56.769023668745625
116.66021179695	6.117289067894425	116.32238652597017	22.981302875051654	42.74054499689309	38.54152988917887	168.91380179059294	0.0006171511744471361	83.9032770967244	56.70069035786306
116.9493572432326	6.12446861400124	116.6473944986715	22.987215813441242	41.675226971322395	38.91940073690606	150.98253858124733	0.0006171511744471361	84.22173521479998	56.63735997200176
117.1689530784715	6.131640404002926	116.89873818015242	22.993202580418846	40.72243650270695	39.29686336857373	135.10861546025345	0.0006171511744471361	84.46660239494301	56.57810882079763
117.32686827510327	6.138804902299375	117.08488621246205	22.999247441630953	39.869483539368346	39.67394222628158	120.99219762130853	0.0006171511744471361	84.64634607867309	56.522126966580146
117.42985026793063	6.145962477016271	117.21309105762106	23.00533651905659	39.10551446360001	40.050656685065576	108.38077145548543	0.0006171511744471361	84.76821810235907	56.46870210201756
117.48369760195509	6.153113411487847	117.28957838541908	23.01145753020497	38.42122542685645	40.42702165725379	97.06077456869178	0.0006171511744471361	84.83844396727888	56.4172059358579
117.4934024919286	6.160257914150346	117.31970327224228	23.017599567164368	37.80862607965361	40.80304811317469	86.8507761438595	0.0006171511744471361	84.86237894718286	56.36708265070315
117.46326884011609	6.167396127085069	117.30807930313718	23.023752908619258	37.26084443510046	41.178743530791735	77.59593479015089	0.0006171511744471361	84.84463712027664	56.31783907671185
117.39701001633668	6.1745281334096305	117.2586855131114	23.029908859205854	36.77196536396045	41.55411228471605	69.16341791334015	0.0006171511744471361	84.78919825739003	56.269036289813386
117.29783010341835	6.18165396368205	117.17495512725982	23.03605961158842	36.336896706018216	41.929155983264465	61.43865437994965	0.0006171511744471361	84.69949652262541	56.220282395320744
117.1684914658819	6.1887736014550905	117.05984930731104	23.042198127456494	35.9512581265468	42.30387376079292	54.32224558613121	0.0006171511744471361	84.57849419147087	56.17122630007229
117.01137094756153	6.195886988095446	116.91591849234194	23.048318034303232	35.611288790084565	42.67826253133793	47.727393910518195	0.0006171511744471361	84.42874297209376	56.12155231039153
116.82850659721115	6.202994026963579	116.74535341910642	23.054413535379325	35.313770688298	43.05231720860805	41.57775535306685	0.0006171511744471361	84.25243501369894	56.07097542078943
116.62163647624251	6.210094587034325	116.5500275038845	23.06047933064838	35.055965072889926	43.42603089654204	35.805652479706886	0.0006171511744471361	84.05144528267003	56.01923718070476
116.39223070002866	6.217188506025409	116.33153195069913	23.066510546919183	34.835559926793586	43.799395053967494	30.35054096546237	0.0006171511744471361	83.82736667043835	55.96610204469065
116.14151776208404	6.224275593089901	116.09120467421614	23.07250267561234	34.650626828211294	44.172399636309166	25.157710234641517	0.0006171511744471361	83.58153892076159	55.9113541261241
115.87050590372033	6.231355631119248	115.8301539159414	23.07845151684646	34.499585881185865	44.54503321680109	20.177160190154492	0.0006171511744471361	83.31507225458509	55.85479428636254
115.58000015395363	6.238428378695685	115.54927725071406	23.084353128711815	34.38117766320046	44.91728308924516	15.362617920471852	0.0006171511744471361	83.0288663892231	55.79623750080834
115.27061550413438	6.24549357172571	115.24927653222402	23.090203780745007	34.29444136645171	45.28913535398332	10.670652255874325	0.0006171511744471361	82.72362550047733	55.735510450966714
114.94278663412304	6.252550924780455	114.93066919362235	23.095999910732434	34.238698512228254	45.6605749884437	6.0598865510249444	0.0006171511744471361	82.3998695438016	55.67244929760065
114.34302597933385	6.25960013018939	114.58298020426646	23.101737000368846	34.230372631936156	46.031585799440236	0.0012051631871271443	0.0006171511744471361	82.04714890608474	55.60684350897478
112.7153185174371	6.266640852290406	114.2314637026746	23.107411586997245	34.23036871098475	46.402150120546345	0.0012051631871271443	0.0006171511744471361	81.69067077412839	55.538536735343826
110.02039679281235	6.273672752043314	113.88147441149057	23.113024444704852	34.23036479003334	46.7722501075415	0.0012051631871271443	0.0006171511744471361	81.3357784099651	55.46758463307874
106.31073794967908	6.280695498228015	113.53300553838002	23.118576479029922	34.230360869081935	47.1418683277889	0.0012051631871271443	0.0006171511744471361	80.98246413108723	55.394049040097265
101.65857857129876	6.287708767387021	113.18605032389364	23.12406858063599	34.23035694813053	47.51098775721026	0.0012051631871271443	0.0006171511744471361	80.63072030265165	55.317990662450214
96.15450802975752	6.2947122436833425	112.84060204126185	23.12950162556423	34.23035302717912	47.87959177280614	0.0012051631871271443	0.0006171511744471361	80.28053933702286	55.239469094046285
89.90570449435319	6.301705618760803	112.49665399619377	23.13487647548152	34.23034910622771	48.247664145304036	0.0012051631871271443	0.0006171511744471361	79.9319136933249	55.15854283603773
83.03384786986688	6.308688591606795	112.15419952667769	23.1401939779242	34.230345185276306	48.61518903193518	0.0012051631871271443	0.0006171511744471361	79.58483587699878	55.07526931587203
75.67275037951194	6.315660868417456	111.81323200278221	23.14545496653772	34.2303412643249	48.98215096933842	0.0012051631871271443	0.0006171511744471361	79.23929843936507	54.989704906015035
67.96575096930948	6.322622162465151	111.4737448264617	23.150660261312158	34.23033734337349	49.348534866585474	0.0012051631871271443	0.0006171511744471361	78.89529397719444	54.90190494235223
60.06292400955684	6.329572193968325	111.13573143135989	23.15581066881373	34.230333422422085	49.71432599833146	0.0012051631871271443	0.0006171511744471361	78.55281513228088	54.81192374227208
52.11815708262461	6.336510689963557	110.79918528261975	23.160906982412296	34.23032950147067	50.079509998080546	0.0012051631871271443	0.0006171511744471361	78.2118545910247	54.71981462243885
44.286154282492625	6.343437384179918	110.4640998766911	23.165949982505044	34.23032558051926	50.44407285157321	0.0012051631871271443	0.0006171511744471361	77.8724050840173	54.625629916258276
36.71942386980894	6.350352016915456	110.13046874114295	23.17094043673628	34.230321659567856	50.80800089028575	0.0012051631871271443	0.0006171511744471361	77.53445938563469	54.5294209910431
29.565308719455608	6.357254334915899	109.7982854344753	23.1758791002135	34.230317738616456	51.17128078504586	0.0012051631871271443	0.0006171511744471361	77.19801031363382	54.43123826488203
22.96311660294504	6.364144091255416	109.46754354593484	23.180766715719756	34.23031381766505	51.53389953975734	0.0012051631871271443	0.0006171511744471361	76.86305072875686	54.33113122321885
17.041408103242777	6.371021045219524	109.13823669533006	23.185604013922383	34.23030989671364	51.8958444852367	0.0012051631871271443	0.0006171511744471361	76.5295735343383	54.22914843514495
11.915492558876336	6.377884962189974	108.81035853285043	23.190391713578173	34.230305975762235	52.25710327315509	0.0012051631871271443	0.0006171511744471361	76.1975716759197	54.125337569411954
7.685184179120746	6.384735613531706	108.48390273888496	23.195130521735017	34.23030205481083	52.61766387008839	0.0012051631871271443	0.0006171511744471361	75.86703814086749	54.01974541016752
4.566662898938701	6.383832694524882	108.15886301120037	23.199802921170416	34.63823366234212	52.57014181709753	0.0012051631871271443	181.71766421044256	75.53798412178563	54.29851133227868
2.602260191058444	6.35459216826854	107.83523263024428	23.204190977373752	36.54421577340706	51.03116675097427	0.0012051631871271443	375.2338823728341	75.2106204120457	55.97994045526259
1.5180386796942793	6.30666549118664	107.51300376139693	23.20803748203048	39.4482369013552	48.50871006245327	0.0012051631871271443	478.8633658010607	74.88519588759056	58.56859954219375
1.5362652957767886	6.253211746673106	107.19216777392178	23.211215832680526	42.6616391292142	45.695355088056665	0.0012051631871271443	471.6953297414562	74.56182828467121	61.40020430037293
1.750212866870674	6.203088210964299	106.87271583631926	23.2137334965351	45.718033001984	43.05727426127734	0.0012051631871271443	445.28821906118696	74.24050133710922	64.03226427854186
1.9522004302008196	6.156531047780901	106.55463930448312	23.21563683778403	48.60356962098608	40.606897251624844	0.0012051631871271443	420.4337464098326	73.92116014640557	66.45528950015823
2.142931032249717	6.11332378049024	106.23792976575305	23.21696996809935	51.3282925073989	38.33283055211638	0.0012051631871271443	397.03995947587686	73.60375229306686	68.68230938045735
2.3230660846575186	6.073262834063608	105.92257902614548	23.21777426167961	53.90165039893892	36.22435968755679	0.0012051631871271443	375.02035959243346	73.28822830784947	70.72557138080208
2.4932278335325084	6.036156768743298	105.6085790980666	23.218088519538934	56.33253252572449	34.271408881224694	0.0012051631871271443	354.2935781729035	72.97454149553589	72.59658753978364
2.6540016822673054	6.001825559190267	105.29592218876238	23.217949124019793	58.62930179336445	32.46450311527569	0.0012051631871271443	334.7830723441207	72.66264776920346	74.30617824147812
2.8059383765440646	5.9700999164166495	104.9846006894559	23.21739018410927	60.799825997318145	30.79473244298004	0.0012051631871271443	316.41683863908304	72.35250549435719	75.86451338463294
2.9495560596894914	5.9408206499689795	104.6746071651368	23.216443672104006	62.851507185109966	29.25371841941846	0.0012051631871271443	299.1271436797733	72.04407534234738	77.2811511067532
3.0853422060887086	5.913838067968822	104.365934344958	23.21513955213849	64.79130927652736	27.833582524673318	0.0012051631871271443	282.85027083983584	71.73732015251379	78.56507420848506
3.2137554399170414	5.889011412756664	104.0585751132092	23.213505901061705	66.62578404550354	26.526916460875587	0.0012051631871271443	267.52628193578687	71.43220480254169	79.72472441525383
3.3352272459606245	5.866208330036965	103.75252250082913	23.211569022114237	68.36109556041187	25.32675421247034	0.0012051631871271443	253.0987930594586	71.1286960865411	80.7680346038653
3.450163578928579	5.845304369536336	103.44776967742517	23.209353551833328	70.00304317423979	24.2265457650688	0.0012051631871271443	239.51476371260023	70.82676260039035	81.70245911485138
3.5589463772698506	5.826182515307817	103.14430994377129	23.206882560587662	71.55708315054368	23.22013238462046	0.0012051631871271443	226.7242984556212	70.52637463391508	82.53500226399404
3.661934987215272	5.808732743905127	102.84213672475425	23.204177647123732	73.02834900690684	22.30172336342622	0.0012051631871271443	214.68046032081003	70.22750406949082	83.27224516093203
3.759467502333298	5.792851608784826	102.54124356274325	23.20125902747706	74.42167065145006	21.465874146568257	0.0012051631871271443	203.3390952969773	69.93012428669209	83.92037093461347
3.8518620236197356	5.778441849377798	102.24162411135453	23.198145618583432	75.74159238411346	20.707465756724698	0.0012051631871271443	192.65866722763081	69.63421007262512	84.4851884602834
3.9394178448134323	5.765412023373043	101.94327212959219	23.194855116903575	76.99238982973769	20.021685440684916	0.0012051631871271443	182.60010250778555	69.33973753761266	84.97215467652839
4.02241656736947	5.753676160838126	101.64618147633692	23.191404072357052	78.17808586625253	19.40400846516302	0.0012051631871271443	173.12664399869016	69.04668403590735	85.38639557594814
4.101123149320897	5.7431534388622865	101.35034610516882	23.187807957848104	79.30246560841577	18.850180992750378	0.0012051631871271443	164.20371360596343	68.75502809113773	85.73272594929267
4.175786891942069	5.73376787550762	101.05576005949645	23.18408123464447	80.36909050300395	18.356203974083698	0.0012051631871271443	155.79878300837953	68.46474932619887	86.01566795684433
4.2466423678486604	5.7254480419394245	100.76241746798064	23.180237413852158	81.38131158738382	17.91831799681031	0.0012051631871271443	147.88125206090092	68.17582839733309	86.23946859563846
4.313910294066353	5.718126791639219	100.47031254023236	23.176289114221845	82.34228196192228	17.532989033641567	0.0012051631871271443	140.42233440911107	67.8882469321455	86.40811612913313
4.377798353263781	5.711741005708287	100.1794395627678	23.172248116500295	83.25496852188553	17.196895037276736	0.0012051631871271443	133.3949498962752	67.60198747132415	86.52535553960215
4.438501966260751	5.706231353295786	99.88979289520694	23.16812541453453	84.12216299327082	16.906913331355653	0.0012051631871271443	126.77362335532808	67.31703341384402	86.59470306193883
4.496205018764324	5.701542066234716	99.60136696670008	23.163931263325892	84.94649231475044	16.66010874919404	0.0012051631871271443	120.5343893988637	67.03336896544259	86.61945985456057
4.551080544994248	5.697620727059408	99.31415627256925	23.159675224211682	85.73042840374934	16.453722476809386	0.0012051631871271443	114.65470285834051	66.7509790901765	86.60272485761551
4.603291370727389	5.694418069619233	99.02815537115	23.155366207343175	86.47629734279421	16.285161558905465	0.0012051631871271443	109.11335454100897	66.46984946487638	86.54740688619887
4.652990718235009	5.691887791520285	98.74335888082491	23.151012511625318	87.18628802147451	16.151989027381873	0.0012051631871271443	103.89039198035209	66.18996643632623	86.45623600525339
4.700322775296647	5.689986377717243	98.45976147723317	23.14662186226372	87.86246026521219	16.051914616695424	0.0012051631871271443	98.96704489388408	65.91131698100672	86.33177422732581
4.745423230440354	5.688672934587787	98.17735789065016	23.142201446062607	88.50675248155085	15.982786030934598	0.0012051631871271443	94.32565506656786	65.63388866725234	86.1764255737429
4.788419776462283	5.687909033852341	97.89614290352254	23.1377579446106	89.12098885329272	15.94258072906901	0.0012051631871271443	89.94961039083026	65.35766961967188	85.99244553791476
4.829432584141491	5.687658565744164	97.61611134815294	23.133297565482383	89.70688610585283	15.929398197059731	0.0012051631871271443	85.82328281209178	65.08264848569846	85.78194998691279
4.868574747782488	5.687887600923114	97.33725810452252	23.128826071565086	90.26605987215278	15.941452680162335	0.0012051631871271443	81.93196996588705	64.80881440414842	85.54692353210045
4.905952704368301	5.688564260579434	97.0595780982455	23.124348808628433	90.80003068052152	15.977066346284447	0.0012051631871271443	78.26184027293789	64.53615697566502	85.28922740245169
4.94166662786129	5.689658594250384	96.78306629864697	23.11987073124126	91.31022958756424	16.034662855281812	0.0012051631871271443	74.79988129073392	64.26466623493512	85.01060684954567
4.975810800077524	5.691142464907115	96.50771771695484	23.115396427129514	91.79800347636758	16.11276131089925	0.0012051631871271443	71.53385113478356	63.99433262457546	84.71269811112185
5.008473959553673	5.692989440871101	96.23352740460278	23.11093014007046	92.26462004031256	16.209970572161698	0.0012051631871271443	68.45223278356731	63.72514697059043	84.39703495996996
5.039739629750402	5.695174694143054	95.96049045163308	23.106475791412773	92.7112724716944	16.324983902264474	0.0012051631871271443	65.54419109108974	63.457100459301	84.06505486348776
5.069686427849689	5.69767490475376	95.68860198519754	23.102037000306414	93.13908387311278	16.45657393440692	0.0012051631871271443	62.799532342231714	63.1901846156591	83.71810477763458
5.098388355163604	5.700468170821158	95.41785716814655	23.097617102710203	93.54911140616872	16.603587937954156	0.0012051631871271443	60.20866621757992	62.9243912828699	83.35744659445406
5.125915070348621	5.703533923942718	95.14825119770529	23.093219169256717	93.9423501945261	16.764943365404704	0.0012051631871271443	57.762570011234274	62.65971260324139	82.98426226570182
5.152332146439103	5.706852849608668	94.87977930422728	23.08884602204218	94.3197369958187	16.939623663612625	0.0012051631871271443	55.45275496878115	62.39614100018402	82.59965862167749
5.1777013126099725	5.71040681235334	94.61243675002522	23.084500250402044	94.68215365540256	17.1266743343848	0.0012051631871271443	53.271234626161274	62.13366916129987	82.20467190243707
5.202080681578992	5.714178785362211	94.34621882827007	23.08018422573294	95.03043035495998	17.325199229588524	0.0012051631871271443	51.21049503014639	61.87229002249144	81.80027201853821
5.225524963536854	5.71815278425869	94.08112086195877	23.075900115420346	95.36534866864373	17.53435706624531	0.0012051631871271443	49.26346672400809	61.61199675303165	81.38736655808468
5.248085667434417	5.722313804813412	93.8171382029411	23.071649895927198	95.6876444386089	17.75335814807282	0.0012051631871271443	47.423498389724145	61.35278274153013	80.9668045556912
5.269811290339834	5.726647764354577	93.55426623100722	23.06743536509101	95.99801048011487	17.981461281818337	0.0012051631871271443	45.68433205329887	61.09464158274999	80.53938003682362
5.290747495512243	5.731141446678699	93.29250035302971	23.063258153672646	96.297099125435	18.217970877824794	0.0012051631871271443	44.04007976847024	60.83756706522592	80.10583534969915
5.3109372799621335	5.735782450222725	93.03183600215588	23.05911973620803	96.5855246175763	18.46223422224719	0.0012051631871271443	42.485201677883715	60.5815531596279	79.66686429926706
5.330421132080757	5.740559139316604	92.77226863705026	23.055021441201742	96.86386536212807	18.713638911398682	0.0012051631871271443	41.01448537540917	60.32659400783215	79.22311509425886
5.349237179901084	5.745460598341861	92.51379374118108	23.050964460699873	97.13266604527557	18.97161043904383	0.0012051631871271443	39.62302649590235	60.07268391265519	78.77519311790243
5.367421330552304	5.750476588621586	92.25640682215084	23.046949859279668	97.3924396260073	19.235609927450387	0.0012051631871271443	38.30621045875273	59.81981732821404	78.32366353290595
5.385007401458867	5.755597507870891	92.000103411066	23.04297858249269	97.64366921038676	19.50513199320328	0.0012051631871271443	37.05969529302699	59.567988850870854	77.86905373109187
5.402027243791755	5.760814352050181	91.74487906194456	23.03905146479533	97.88680981514231	19.77970273948166	0.0012051631871271443	35.87939547766704	59.31719321072707	77.41185563725952
5.418510858619132	5.766118679482467	91.49072935115923	23.035169236996463	98.12229002696198	20.058877867496747	0.0012051631871271443	34.76146673815812	59.06742526363479	76.95252787570165
5.434486506114463	5.771502577123565	91.23764987691412	23.031332533246076	98.35051356260956	20.342240901238718	0.0012051631871271443	33.70229175273469	58.81867998369994	76.49149780612748
5.449980808325574	5.776958628828939	90.98563625875161	23.027541897598493	98.57186073705401	20.629401517311063	0.0012051631871271443	32.69846670216108	58.57095245623993	76.02916343847947
5.465018845864372	5.782479885505465	90.73468413708939	23.023797790174058	98.78668984475112	20.91999397397031	0.0012051631871271443	31.746788615933845	58.32423787117227	75.5658952334316
5.479624248853755	5.788059837043693	90.4847891727851	23.02010059294182	98.99533845888516	21.213675633877056	0.0012051631871271443	30.844243470818384	58.07853151680895	75.1020377949082
5.493819282468249	5.793692385926198	90.23594704672604	23.01645061514546	99.19812465337795	21.510125575061526	0.0012051631871271443	29.98799499761944	57.833828774031815	74.63791146096492
5.507624927404515	5.799371822407587	89.98815345944462	23.012848098395033	99.39534815246745	21.80904328460832	0.0012051631871271443	29.17537415213176	57.59012511082722	74.17381379937402
5.521060955596713	5.805092801168574	89.74140413075338	23.009293221445315	99.58729141235601	22.110147429923423	0.0012051631871271443	28.403869209010622	57.34741607715306	73.71002101383895
5.534146001479776	5.81085031934976	89.49569479940608	23.005786104681157	99.77422063925691	22.413174702617457	0.0012051631871271443	27.671116438822963	57.10569730012397	73.24678926657158
5.546897629003644	5.816639695902489	89.25102122277407	23.002326814323055	99.95638674674073	22.717878731708417	0.0012051631871271443	26.974891341708993	56.864964479491334	72.78435592103017
5.559332394660372	5.822456552175154	89.00737917654507	22.998915366370678	100.13402625612257	23.02402906184871	0.0012051631871271443	26.31310040330276	56.62521338340688	72.322940709778
5.571465906803608	5.82829679364846	88.76476445443696	22.9955517303027	100.30736214388307	23.331410192022652	0.0012051631871271443	25.68377333630967	56.386439844444666	71.86274683271381
5.583312881457806	5.834156592758188	88.52317286793019	22.992235832546246	100.47660463894303	23.63982067148209	0.0012051631871271443	25.08505578186286	56.14863975587149	71.4039619894047
5.5948871948125385	5.840032372745038	88.28260024601386	22.988967559728827	100.64195197258208	23.949072249737327	0.0012051631871271443	24.515202445074515	55.91180906814803	70.94675934919132
5.6062019325968855	5.8459207924708325	88.04304243494846	22.985746761725792	100.80359108378704	24.258989077410728	0.0012051631871271443	23.972570639219242	55.67594378565067	70.49129846274981
5.617269436529281	5.85181873214069	87.80449529803958	22.982573254516225	100.96169828282126	24.569406954771672	0.0012051631871271443	23.455614212965536	55.44103996359548	70.03772611877847
5.6281013480265205	5.857723279873907	87.56695471542722	22.97944682285959	101.11643987563897	24.880172624940986	0.0012051631871271443	22.962877836563248	55.20709370515662	69.58617714928586
5.63870864934704	5.863631719069402	87.33041658388525	22.976367222804697	101.26797275164641	25.191143108914382	0.0012051631871271443	22.492991624060654	54.974101158762345	69.13677518676653
5.649101702289818	5.869541516528025	87.09487681663208	22.97333418403903	101.41644493654323	25.502185080420844	0.0012051631871271443	22.044666075645214	54.742058515561226	68.68963337555208
5.659290284578227	5.875450311291527	86.86033134315329	22.970347412087083	101.56199611209192	25.81317427849989	0.0012051631871271443	21.616687323154522	54.510962007051404	68.24485503977961
5.669283624110353	5.881355904142003	86.62677610903228	22.967406590369702	101.704758105408	26.123994954840786	0.0012051631871271443	21.207912654989634	54.28080790285617	67.80253431138674
5.679090431188842	5.887256247726582	86.39420707579204	22.96451138213201	101.84485534938642	26.434539354029155	0.0012051631871271443	20.81726630559856	54.05159250864205	67.36275672027315
5.688718928839976	5.893149437273483	86.16262022074348	22.961661432247094	101.98240531583119	26.744707224918663	0.0012051631871271443	20.44373549517528	53.82331216416734	66.92559974868242
5.698176881331261	5.8990337018653705	85.93201153684433	22.95885636890282	102.11751892284956	27.05440536133379	0.0012051631871271443	20.086366705235456	53.5959632414579	66.49113335187424
5.707471620997283	5.9049073962361645	85.70237703256291	22.956095805178904	102.25030091807844	27.36354717032296	0.0012051631871271443	19.744262175712766	53.369542143097114	66.05942044713875
5.716610073482422	5.910768993057373	85.47371273175199	22.953379340521625	102.3808502392947	27.672052266176042	0.0012051631871271443	19.41657660931968	53.14404530062841	65.63051737321423
5.725598781499026	5.916617075683625	85.24601467352596	22.950706562122523	102.50926035381762	27.979846088610326	0.0012051631871271443	19.10251407028436	52.91946917305663	65.20447432194666
5.734443927197492	5.922450331327218	85.01927891214757	22.948077046207665	102.63561957808142	28.28685954353627	0.0012051631871271443	18.801325064797147	52.695810245448314	64.78133574402415
