6.0,6.0,6.0,200.0,0.0,0.0,0.0
6.35901934956589,6.021555464590413,6.001161528038411,199.97577057625287,10.226272489241127,0.0,0.018381581844929367
7.428580278057359,6.158106999793996,6.002360796327467,199.8211805177914,38.49937856327144,0.0,0.14032922710844334
9.194888109272465,6.505362486291321,6.003687650109757,199.42709160140672,81.50105892275171,0.0,0.4519853100503082
11.633691122364404,7.13982989572659,6.005278841849456,198.70554550894053,136.1779895530151,0.0,1.0221527308186027
14.708230147423205,8.120149992133816,6.007307913190747,197.58836920706761,199.63926336492636,0.0,1.903504662732428
18.368371070500885,9.48797032004065,6.0099756675442695,196.0262921307549,269.10361798045005,0.0,3.1333805122025713
22.550851722151165,11.26862515955632,6.013501061910869,193.9882780162059,341.88631250396645,0.0,4.734406696443683
27.180558707189217,13.471829486464072,6.018112471182791,191.4608368169472,415.4167902394734,0.0,6.715129702744939
32.17270834680533,16.092542941078932,6.02403937689897,188.44713984249273,487.27858697106996,0.0,9.07080192640011
37.43575362896508,19.112108653713022,6.031504603936295,184.96581828194397,555.2629105064362,0.0,11.784414633567078
42.87478917011632,22.499720722639733,6.040717271955048,181.04938248798885,617.4273523054052,0.0,14.828026363536909
48.39518937736854,26.21422449864107,6.05186664404988,176.7422553202025,672.1515807415362,0.0,18.164390348460387
53.90619930431632,30.206208215018627,6.065117044514847,172.09846450771957,718.1827721873436,0.0,21.74884344329927
59.32420781576939,34.42030613281737,6.0806039840062915,167.17908271833943,754.6650055447911,0.0,25.531384522277524
64.57546930100257,38.79760536215446,6.098431578523206,162.0495362416408,781.1488044247159,0.0,29.458845111627735
69.59809979998738,43.27803321922014,6.118671284879881,156.7769211853715,797.5792816689748,0.0,33.477041300877815
74.34324888173383,47.80260044546774,6.141361907024621,151.4274685682579,804.2636744762559,0.0,37.532794655347566
78.77543034843077,52.3153873390225,6.166510762118317,146.0642871646487,801.8211799393957,0.0,41.57572047320309
82.87207246960992,56.76518274639096,6.194095839465592,140.74548769564066,791.1196593621872,0.0,45.55970240958125
86.62241262229004,61.106716571647105,6.224068744416892,135.5227577107752,773.2047937429568,0.0,49.444000193061804
90.02590511036853,65.30146085057206,6.256358196383641,130.4404178960941,749.2275609034103,0.0,53.19396816271655
93.0903312514059,69.31800824709525,6.290873845958513,125.53495238483765,720.3754958020651,0.0,56.78139281704707
95.82979798974085,73.13206629107748,6.327510189417164,120.83497220923093,687.8122170594642,0.0,60.18448409622016
98.26278902443981,76.72612801353559,6.366150386400015,116.36154548818023,652.6283509801398,0.0,63.38757521769207
100.41039666623595,80.08889334826112,6.406669823962729,112.12881203888881,615.8054847441405,0.0,66.38059820554919
102.29482023099034,83.21452057707262,6.4489393126190215,108.14479408725094,578.1933466557866,0.0,69.15840663754358
103.93817427722625,86.1017841601592,6.492827842884425,104.41231759758197,540.4992124221742,0.0,71.72001445031813
105.36161262451783,88.75320628019801,6.53820487033477,100.92996849212267,503.28767710078586,0.0,74.06781148810825
106.58474519886046,91.17421650900174,6.5849421305845,97.69302226296578,466.98844839412993,0.0,76.20680481055199
107.62530571602751,93.3723793628673,6.632915011340646,94.6943017419184,431.9096838620967,0.0,78.14392156052315
108.49901870207765,95.35671503983818,6.682003526396981,91.92493395346,398.2545449596941,0.0,79.88739613824664
109.2196128197468,97.13712573887828,6.7320929466062385,89.37499143338118,366.13898513455683,0.0,81.44625280328215
109.79893174184811,98.72392950714396,6.7830741466332904,87.03401516708172,335.6092354671949,0.0,82.82988540472107
110.24710159088126,100.12749588996476,6.834843725099706,84.89142498350195,306.6579195082172,0.0,84.0477290296877
110.57272321415861,101.35797269676135,6.887303951099219,82.93682889796548,279.2381596179813,0.0,85.10901389469277
110.78306673266766,102.42509059134927,6.940362583389392,81.16024591402751,253.27539389260392,0.0,86.02258946375254
110.88425388253499,103.3380314650151,6.993932601002397,79.5522577251804,228.67689035754194,0.0,86.79680610826728
110.88142015338974,104.1053471167072,7.047931876433624,78.10410420116317,205.33912448796926,0.0,87.43944214035685
110.77885350138384,104.73491615036117,7.10228281554037,76.8077360550982,183.1532887752883,0.0,87.95766530603775
110.58010961868399,105.23392879650788,7.156911982145969,75.65583612442904,162.00924569331494,0.0,88.3580194491906
110.28810565679517,105.6088912707457,7.211749720233563,74.64181860171483,141.79823572406627,0.0,88.6464287784778
109.9051952530842,105.865643093923,7.266729782527932,73.75981354842412,122.4146260347686,0.0,88.82821380572237
109.43322800505446,106.00938240258921,7.3217889711165824,73.00464224729325,103.75694574523804,0.0,88.90811447188105
108.87359643032246,106.04469562350872,7.376866793422344,72.37178745442661,85.72840972978075,0.0,88.89031719077501
108.22692479184245,105.9755883448544,7.431905135161804,71.85736211230525,68.22655358783388,0.0,88.77848295560814
107.12377852957445,105.78322687444714,7.486844735313109,71.48330016432764,40.62710859633986,0.0,88.55569786443694
105.35844040390641,105.38539881020453,7.541596781977723,71.3434785556996,0.0044854804778493565,0.0,88.14797670087957
102.8147453830573,104.86770340423645,7.596057710628022,71.34230934131847,0.0044854804778493565,0.0,87.63252920965449
99.33534528357681,104.35304210892696,7.650206953363004,71.34114012693931,0.0044854804778493565,0.0,87.12009594957702
94.9880537232384,103.84139718141851,7.704046332856914,71.33997091256317,0.0044854804778493565,0.0,86.61065929404201
89.85759932725583,103.33275098260975,7.757577661124889,71.33880169819149,0.0044854804778493565,0.0,86.10420171952103
84.04397438723885,102.82708597654842,7.810802739585022,71.3376324838265,0.0044854804778493565,0.0,85.60070580495973
77.66048604094593,102.3243847298277,7.863723359119941,71.33646326947155,0.0044854804778493565,0.0,85.10015423117842
70.83154795779201,101.8246299109861,7.916341300137813,71.33529405513168,0.0044854804778493565,0.0,84.60252978027646
63.69025557403369,101.3278042899104,7.968658332632757,71.3341248408145,0.0044854804778493565,0.0,84.10781533504
56.375792142721174,100.83389073724179,8.020676216244599,71.33295562653123,0.0044854804778493565,0.0,83.61599387835311
49.0307161655909,100.34287222378524,8.072396700317968,71.33178641229824,0.0044854804778493565,0.0,83.1270484926124
41.79818309475091,99.85473181992224,8.12382152396086,71.33061719813857,0.0044854804778493565,0.0,82.64096235914523
34.81915549050622,99.36945269502694,8.17495241610304,71.32944798408333,0.0044854804778493565,0.0,82.15771875763112
28.22965608290133,98.88701811688654,8.225791095554797,71.32827877017239,0.0044854804778493565,0.0,81.67730106552648
22.158117428600782,98.40741145112679,8.27633927106708,71.32710955645354,0.0044854804778493565,0.0,81.19969275749312
16.72288016317494,97.93061616064328,8.326598641393927,71.32594034297868,0.0044854804778493565,0.0,80.7248774048295
12.02988944747902,97.45661580503973,8.3765708953579,71.3247711297969,0.0044854804778493565,0.0,80.25283867490575
8.171817397747303,96.98539391782572,8.425316119261133,71.33395957508269,0.0044854804778493565,42.24960500001809,79.78440850214317
5.3595834387014785,96.51659050925377,8.301922285147407,73.23394479403977,0.0044854804778493565,490.38750473870755,79.47323737142271
3.513132812165482,96.04900924017511,7.968423561098558,77.44370278477433,0.0044854804778493565,742.5440340698996,79.35245095189906
2.618734799456303,95.58182726449033,7.535097195628539,82.75111362960664,0.0044854804778493565,819.3871875264274,79.32195906824485
2.653911454637159,95.11479587624287,7.1070671596485315,88.00009468624467,0.0044854804778493565,742.1839512496181,79.28683138093956
2.7948080311198495,94.64811339125458,6.732798354576745,92.65730794220937,0.0044854804778493565,656.32093324054,79.20358447953603
2.9196245838385986,94.18205314629022,6.407192973223533,96.77852040604274,0.0044854804778493565,581.2484898118809,79.07705723246161
3.0303814020599726,93.7168532917871,6.124104462357414,100.43107505329692,0.0044854804778493565,515.6054805472997,78.91300162500357
3.1288439353411537,93.25272021553354,5.878161773180786,103.67382020254465,0.0044854804778493565,458.2024890543327,78.71644237480685
3.2165549445696047,92.78983255924237,5.6646715213253875,106.5581812167014,0.0044854804778493565,408.00015779035886,78.49176869455711
3.2948625967394,92.32834472833183,5.47953249061621,109.12909699556961,0.0044854804778493565,364.09025622719764,78.2428144775816
3.3649450152137343,91.86838995885275,5.31916092327956,111.42583831792246,0.0044854804778493565,325.6791375087014,77.97292836696549
3.4278317326593455,91.41008299743339,5.180425235747445,113.48272293931788,0.0044854804778493565,292.07328226241503,77.68503498450725
3.4844224374203057,90.95352244306572,5.060588970898958,115.32974047122505,0.0044854804778493565,262.6666662441748,77.38168843481299
3.5355033547984656,90.49879279339565,4.957260947606665,116.99309842370567,0.0044854804778493565,236.92972171576716,77.06511905912
3.581761561627268,90.04596623279873,4.8683516995560625,118.49569935787488,0.0044854804778493565,214.3996914858675,76.73727429048239
3.6237974948803857,89.59510419481833,4.792035409865898,119.8575578395223,0.0044854804778493565,194.67219991198812,76.39985435450788
3.6621358821607712,89.14625872743355,4.72671664814378,121.09616478874746,0.0044854804778493565,177.3938873282389,76.05434346594564
3.6972352931700807,88.69947368603303,4.67100130408851,122.22680586227384,0.0044854804778493565,162.25597373414334,75.70203708938105
3.7294964861394027,88.25478577583154,4.623671188191084,123.26283966780697,0.0044854804778493565,148.98863450635346,75.34406576060134
3.7592697012523337,87.81222546272483,4.583661836883022,124.21594087813682,0.0044854804778493565,137.3560856861894,74.98141590254718
3.786861033910767,87.37181776918078,4.550043117849993,125.0963126733309,0.0044854804778493565,127.15228932094753,74.61494801502242
3.8125380039329917,86.93358296967146,4.522002282234114,125.9128723806708,0.0044854804778493565,118.19720063126549,74.2454125694955
3.8365344221275137,86.49753719832061,4.498829155018608,126.67341369377927,0.0044854804778493565,110.33348864626294,73.87346389852544
3.8590546428876267,86.06369297984176,4.4799031938357965,127.3847484257724,0.0044854804778493565,103.42367057244495,73.49967233281602
3.8802772802680523,85.63205969344521,4.464682180472928,128.0528303784808,0.0044854804778493565,97.34760769856578,73.12453480698257
3.900358455232244,85.20264397817097,4.452692339090125,128.68286358402582,0.0044854804778493565,92.00031722407041,72.7484841272232
3.9194346332191525,84.77545008703765,4.4435197011524785,129.27939689037845,0.0044854804778493565,87.29006015331588,72.37189706971228
3.937625103715889,84.3504801964654,4.436802559787363,129.84640661378108,0.0044854804778493565,83.136670426346,71.99510145723605
3.955034147001809,83.92773467661539,4.432224876122038,130.38736876355034,0.0044854804778493565,79.47009485114455,71.61838234297822
3.971752927531334,83.5072123275774,4.4295105174970475,130.90532215483736,0.0044854804778493565,76.22911724206581,71.2419874141003
3.98786114844352,83.0889105857143,4.428418222603661,131.40292355894715,0.0044854804778493565,73.36024352447886,70.86613171354966
4.003428497335284,82.67282570392864,4.428737201834579,131.88249589577939,0.0044854804778493565,70.81672749768029,70.49100176610992
4.018515909633042,82.2589529091419,4.430283292707615,132.3460703462163,0.0044854804778493565,68.55771951023685,70.1167591838565
4.033176672575035,81.84728653986126,4.432895600332825,132.7954231515338,0.0044854804778493565,66.54752254078404,69.7435438166967
4.047457389913352,81.43782016634664,4.436433561728625,133.2321077701354,0.0044854804778493565,64.75494213370968,69.37147650538863
4.061398824907614,81.03054669557324,4.440774380512922,133.65748297734197,0.0044854804778493565,63.152718348728996,69.0006614871911
4.075036636965391,80.62545846290817,4.445810785241742,134.07273742007249,0.0044854804778493565,61.71702937725072,68.63118849796993
4.088402025347169,80.22254731217748,4.451449070563038,134.4789110736762,0.0044854804778493565,60.42705778385251,68.26313460905679
4.101522291660845,79.82180466558867,4.457607385504948,134.8769139917492,0.0044854804778493565,59.2646114719079,67.89656583232497
4.114421331391495,79.42322158478869,4.464214237719329,135.26754269046017,0.0044854804778493565,58.21379246921348,67.531538522725
4.1271200634195155,79.026788824176,4.471207186435032,135.65149446582163,0.0044854804778493565,57.26070750051252,67.1681006038331
4.139636805350674,78.63249687744432,4.47853170031278,136.02937990469204,0.0044854804778493565,56.39321507496365,66.80629263874204
4.1519876014946115,78.2403360182119,4.4861401593971815,136.40173381739217,0.0044854804778493565,55.60070448172795,66.4461487658065
4.164186509465773,77.85029633548324,4.493990982986193,136.76902479106965,0.0044854804778493565,54.87390266805761,66.08769751629357
4.176245850627071,77.46236776459477,4.502047867531923,137.1316635378212,0.0044854804778493565,54.2047054821521,65.73096252883788
4.188176428937988,77.0765401142152,4.510279120690919,137.49001018962923,0.0044854804778493565,53.586030206855405,65.37596317372052
4.199987722193289,76.69280308989782,4.518657079393438,137.8443806729858,0.0044854804778493565,53.01168669808256,65.0227150983497
4.211688049135619,76.31114631462059,4.527157601331627,138.19505227931222,0.0044854804778493565,52.47626478075131,64.67123070388384
4.223284715485783,75.93155934669379,4.535759620603888,138.5422685326354,0.0044854804778493565,51.975035851126854,64.32151956168498
4.234784141550536,75.55403169536798,4.544444759421274,138.88624344318066,0.0044854804778493565,51.503866893259406,63.97358877719408
4.246191973732079,75.17855283443228,4.553196988802998,139.22716522435488,0.0044854804778493565,51.05914534331808,63.6274433078615
4.257513181970272,74.80511221405686,4.56200233208043,139.56519954082046,0.0044854804778493565,50.63771343322049,63.28308624092942
4.268752144892343,74.43369927110157,4.5708486058087425,139.90049234681885,0.0044854804778493565,50.23681081762398,62.94051903613179
4.279912724220913,74.06430343808408,4.579725193366739,140.23317236643794,0.0044854804778493565,49.8540244392266,62.59974173773788
4.2909983297955545,73.69691415097721,4.588622847120863,140.56335326099742,0.0044854804778493565,49.48724471917265,62.26075315980744
4.302011976392088,73.33152085598303,4.597533515549582,140.89113552302553,0.0044854804778493565,49.13462727457037,61.923551048037474
4.312956333374446,72.96811301541348,4.606450192179148,141.21660813132078,0.0044854804778493565,48.79455946580578,61.588132221153785
4.323833768083341,72.60668011278993,4.61536678357887,141.53984999724128,0.0044854804778493565,48.465631164312505,61.2544926944285
4.3346463837519345,72.2472116572609,4.624277994011369,141.86093122856002,0.0044854804778493565,48.14660920833314,60.92262778757863
4.3453960526389785,71.8896971874238,4.633179224636502,142.17991423390316,0.0044854804778493565,47.83641508138524,60.592532219016434
4.356084444982803,71.53412627462644,4.64206648543286,142.4968546878829,0.0044854804778493565,47.534105406846365,60.26420018817358
4.366713054303391,71.18048852581377,4.650936318232348,142.8118023744999,0.0044854804778493565,47.23885490336925,59.93762544740421
4.377283219513302,70.82877358597779,4.65978572946577,143.12480192417408,0.0044854804778493565,46.94994149066187,59.61280136478144
4.38779614423999,70.47897114026064,4.668612131394254,143.43589345782195,0.0044854804778493565,46.66673327433658,59.28972097893683
4.398252913711378,70.13107091575495,4.677413290755923,143.74511314970897,0.0044854804778493565,46.38867717275986,58.96837704694652
4.408654509512082,69.78506268303992,4.686187283892264,144.0524937193238,0.0044854804778493565,46.11528897874364,58.64876208614177
4.419001822478939,69.44093625748634,4.694932457536712,144.35806486122925,0.0044854804778493565,45.84614467505435,58.33086841061029
4.429295663970566,69.09868150036046,4.703647394551064,144.66185362071417,0.0044854804778493565,45.580872845555106,58.01468816305879
4.4395367757161095,68.75828831975168,4.712330883985507,144.9638847220849,0.0044854804778493565,45.31914804375289,57.7002133426217
4.449725838422397,68.41974667134696,4.720981894916753,145.26418085557083,0.0044854804778493565,45.0606849979619,57.387435829128066
4.459863479296169,68.0830465590712,4.729599553587652,145.56276292806493,0.0044854804778493565,44.80523354753354,57.07634740427347
4.469950278618223,67.74817803561092,4.738183123431711,145.85965028226227,0.0044854804778493565,44.5525742179197,56.76693977008759
4.479986775489117,67.4151312028358,4.746731987618601,146.15486088818318,0.0044854804778493565,44.302514353972484,56.45920456503893
4.489973472850905,67.08389621213168,4.755245633802537,146.44841151056463,0.0044854804778493565,44.05488474105198,56.153133378074884
4.499910841876276,66.75446326465585,4.7637236407956545,146.74031785516488,0.0044854804778493565,43.809536652398755,55.84871776085779
4.509799325804876,66.42682261152507,4.772165666923473,147.03059469664058,0.0044854804778493565,43.56633926899271,55.545949238424775
4.519639343296555,66.10096455394465,4.7805714398502674,147.31925599032206,0.0044854804778493565,43.3251774249044,55.244819318470476
4.529431291362495,65.77687944328657,4.788940747688864,147.60631496991732,0.0044854804778493565,43.08594963707399,54.94531949942652
4.539175547927458,65.45455768112267,4.797273431232811,147.89178423292054,0.0044854804778493565,42.84856638363353,54.64744127748962
4.54887247406968,65.13398971921963,4.805569377169348,148.1756758152749,0.0044854804778493565,42.612948599416335,54.35117615273135
4.558522415979104,64.8151660595,4.813828512149396,148.45800125664724,0.0044854804778493565,42.379026361252,54.0565156344054
4.568125706669443,64.49807725397406,4.8220507976064475,148.73877165749678,0.0044854804778493565,42.146737739103855,53.76345124555391
4.577682667475165,64.18271390464625,4.830236225229888,149.01799772897456,0.0044854804778493565,41.916027792125504,53.4719745270013
4.587193609360492,63.869066663399956,4.838384813010163,149.29568983655685,0.0044854804778493565,41.68684769135338,53.18207704081321
4.5966588340641605,63.5571262318628,4.84649660178363,149.57185803820371,0.0044854804778493565,41.45915395305853,52.89375037328815
4.608838616475875,63.24688336251128,4.8545809903958705,149.84640939631345,0.0044854804778493565,40.77446723655273,52.60697772589537
4.945094038446633,62.93834627719888,4.874062276258541,149.99366734555403,0.0044854804778493565,-0.18435783162518268,52.31147434587844
5.8265446279152755,62.631597802115365,4.906965007527727,149.99126825998292,0.0044854804778493565,-0.18435783162518268,52.00549093416749
7.253577912339486,62.326650456263664,4.939682713729939,149.98886917438762,0.0044854804778493565,-0.18435783162518268,51.701296850653755
9.219362698491489,62.02349370703156,4.972216476875847,149.9864700887463,0.0044854804778493565,-0.18435783162518268,51.39888163171314
11.714387172614197,61.72211708339594,5.004567372645209,149.98407100304095,0.0044854804778493565,-0.18435783162518268,51.09823487491068
14.726523039065764,61.42251017556141,5.036736470422769,149.98167191725813,0.0044854804778493565,-0.18435783162518268,50.79934623864274
18.241098269147276,61.124662634601755,5.0687248333345245,149.9792728313897,0.0044854804778493565,-0.18435783162518268,50.502205441781214
22.240977252233286,60.82856417210405,5.100533518284398,149.97687374543264,0.0044854804778493565,-0.18435783162518268,50.20680226331997
26.706649463585443,60.53420455981535,5.132163575991173,149.97447465938856,0.0044854804778493565,-0.18435783162518268,49.913126542023186
31.616327617419042,60.24157362929174,5.163616051025571,149.97207557326269,0.0044854804778493565,-0.18435783162518268,49.621168176075884
36.94605572340099,59.950661271549734,5.1948919818472685,149.96967648706283,0.0044854804778493565,-0.18435783162518268,49.3309171227364
42.66982703529759,59.66145743671957,5.225992400841717,149.96727740079817,0.0044854804778493565,-0.18435783162518268,49.04236339799102
48.75971160472031,59.37395213370046,5.256918334356603,149.96487831447854,0.0044854804778493565,-0.18435783162518268,48.75549707621041
55.18599297938395,59.08813542981773,5.287670802737915,149.96247922811338,0.0044854804778493565,-0.18435783162518268,48.47030828980836
61.86395194004751,58.92125721371875,5.318260266213212,149.82747270529507,89.17714001141479,-0.18435783162518268,48.29241814546948
68.32700704501669,59.691688586045146,5.3489743902206035,148.63193508261693,261.68098364123915,-0.18435783162518268,48.9588387469808
74.41110353085142,61.35765317443933,5.3803477577777805,146.41719324674088,395.56386256796594,-0.18435783162518268,50.431452116526366
80.05940338023761,63.701467850123294,5.412808344045902,143.424521406407,495.699871078379,-0.18435783162518268,52.51376176407088
85.23745695543494,66.53469904430233,5.446673040349335,139.86336368978527,566.7551889014013,-0.18435783162518268,55.03572223004761
89.93083533719356,69.69671309846532,5.482163302661772,135.91280011528264,613.1602626813127,-0.18435783162518268,57.852418996902664
94.14197518048906,73.05301220005971,5.519419945763394,131.7232642485015,639.0646217371471,-0.18435783162518268,60.84255600397593
97.88661451299774,76.49329540570616,5.558516946303376,127.41858241231955,648.2876288281675,-0.18435783162518268,63.90669638637686
101.19016398971056,79.92925384994255,5.5994741049024555,123.0983258178809,644.2753300287087,-0.18435783162518268,66.96526476925602
104.0842963713971,83.29215910322972,5.642268437024137,118.84041042046626,630.0701856511577,-0.18435783162518268,69.95636435531374
106.60395861691764,86.5303334664425,5.686844203656626,114.70384514921676,608.2971853314365,-0.18435783162518268,72.8334888741776
108.78492797028385,89.6066024406175,5.733121545293914,110.73151564252716,581.1669879475769,-0.18435783162518268,75.5632197317418
110.66195641605866,92.49582595084445,5.781003737073561,106.95289415853293,550.4945043927075,-0.18435783162518268,78.12299535138673
112.26748463196918,95.18259035416948,5.830383132090931,103.3865822297229,517.7298655965537,-0.18435783162518268,80.49902654748246
113.63086130045086,97.65912230800326,5.881145899148464,100.04261587639621,483.99798140835117,-0.18435783162518268,82.68441285931563
114.77797713528398,99.92346234156844,5.933175688175684,96.9244891513065,450.1427968146955,-0.18435783162518268,84.67749381778094
115.73121328880332,101.97791377418346,5.986356370981863,94.03087671372188,416.77273099789977,-0.18435783162518268,86.48044910531917
116.50960725665311,103.82776374069458,6.040574008122493,91.35705743515571,384.3044615579028,-0.18435783162518268,88.09814455462462
117.12915162716378,105.48025874105122,6.095718186670753,88.89605731286014,353.0030214759466,-0.18435783162518268,89.53720801513539
117.60315783580091,106.94380763805025,6.151682861192154,86.63954083165413,323.0169735601741,-0.18435783162518268,90.8053105753482
117.9426350272358,108.22738001391352,6.208366813801306,84.57848576036632,294.40812273329686,-0.18435783162518268,91.9106241272515
118.15665075292146,109.34006647307477,6.265673831080807,82.70367806357788,267.17577042014045,-0.18435783162518268,92.86142508332387
118.25265411781204,110.29076887639869,6.323512677618867,81.0060622280415,241.2758937143245,-0.18435783162518268,93.66581533210264
118.23675257908808,111.08799164846778,6.381796929194207,79.47697892041298,216.6358572400317,-0.18435783162518268,94.33153437701463
118.11394096257762,111.73970937920356,6.4404447139282235,78.10831744474567,193.16536511564317,-0.18435783162518268,94.86584029175368
117.88828584775155,112.25329029567786,6.499378397352098,76.89260568360538,170.764367413857,-0.18435783162518268,95.27544105968971
117.56307089581556,112.63545936024194,6.558524237318201,75.8230555931591,149.3285822817773,-0.18435783162518268,95.56646163983075
117.1409095883369,112.8922884869121,6.617812026842805,74.89357818738932,128.75320873609925,-0.18435783162518268,95.74443547451912
116.62383175949677,113.02920453203433,6.677174737016657,74.09877843662679,108.93530671122193,-0.18435783162518268,95.81431200993077
116.0133496780128,113.05100828245351,6.736548167737316,73.43393765286342,89.77522414268519,-0.18435783162518268,95.7804741171894
115.30366388685238,112.96184778734768,6.795870609992893,72.89504733965832,70.97152144834664,-0.18435783162518268,95.64671437124089
114.04433463583143,112.73450262796675,6.855077612769895,72.51357553134574,39.69937040293479,-0.18435783162518268,95.38856793628652
112.09268422658526,112.28155948339885,6.914069706761902,72.38939344291282,0.0075355850036307945,-0.18435783162518268,94.92737368475376
109.27665972226158,111.72397634654604,6.972741849566242,72.38697400880481,0.0075355850036307945,-0.18435783162518268,94.37219741421448
105.46962954147881,111.1696611783402,7.031078282863185,72.38455457469763,0.0075355850036307945,-0.18435783162518268,93.82026770057102
100.74580533701034,110.6185948683709,7.089080969812584,72.38213514059176,0.0075355850036307945,-0.18435783162518268,93.27156555862494
95.19726414882257,110.07075841798125,7.146751862093913,72.37971570648784,0.0075355850036307945,-0.18435783162518268,92.72607211419931
88.93215328877359,109.52613293961423,7.2040928999732605,72.37729627238686,0.0075355850036307945,-0.18435783162518268,92.18376860348951
82.07258208963894,108.98469965616277,7.261106012369871,72.37487683829042,0.0075355850036307945,-0.18435783162518268,91.64463637241782
74.75224162039238,108.44643990032372,7.317793116922183,72.37245740420097,0.0075355850036307945,-0.18435783162518268,91.10865687599173
67.11379877168234,107.911335113955,7.374156120053333,72.37003797012231,0.0075355850036307945,-0.18435783162518268,90.57581167766607
59.306115514081924,107.37936684743683,7.43019691703609,72.36761853606014,0.0075355850036307945,-0.18435783162518268,90.04608244870875
51.48134754230935,106.85051675903618,7.48591739205721,72.36519910202294,0.0075355850036307945,-0.18435783162518268,89.51945096757038
43.79197887698873,106.32476661427489,7.541319418281259,72.36277966802307,0.0075355850036307945,-0.18435783162518268,88.99589911925742
36.387850260525695,105.80209828530144,7.596404857914086,72.36036023407752,0.0075355850036307945,-0.18435783162518268,88.47540889470912
29.4132393418454,105.28249375026692,7.651175562266315,72.35794080020865,0.0075355850036307945,-0.18435783162518268,87.95796239017805
23.00404972071446,104.76593509270535,7.705633371817392,72.3555213664437,0.0075355850036307945,-0.18435783162518268,87.44354180661416
17.285164008198684,104.25240450091952,7.75978011628087,72.35310193281286,0.0075355850036307945,-0.18435783162518268,86.93212944905264
12.36801340822943,103.74188426737223,7.813617614671415,72.35068249934531,0.0075355850036307945,-0.18435783162518268,86.42370772600515
8.34841367081839,103.23435678808326,7.867147675373502,72.34826306606301,0.0075355850036307945,-0.18435783162518268,85.9182591488548
5.391283769016946,102.72962500338592,7.8070438116207,73.59265767432805,0.0075355850036307945,402.44043969363827,85.51770212039816
3.509011483379429,102.22661313281215,7.525213344018505,77.27410142383887,0.0075355850036307945,669.1786216161933,85.31844826128736
2.6642627646428605,101.72444768090554,7.139452486242638,82.09782301216623,0.0075355850036307945,745.6744773596445,85.21358792365473
2.7300677840050573,101.22287468935662,6.760071925551989,86.85069185235194,0.0075355850036307945,671.4747596008381,85.10351331870005
2.8577785075961106,100.72207964133241,6.429264541021276,91.06837667859546,0.0075355850036307945,595.052953830545,84.95037994560553
2.9711765501295817,100.22230367624525,6.141724229660313,94.80897213625286,0.0075355850036307945,528.2277737648068,84.7591853200491
3.0720586652995703,99.72375606126103,5.891984785859936,98.1323700151275,0.0075355850036307945,469.78872618641327,84.53504248056687
3.1619949720117058,99.22661783003144,5.675269676449165,101.09090761207374,0.0075355850036307945,418.67803574926324,84.28241770357566
3.2423575469949246,98.73104535464486,5.487405029480332,103.7303208180561,0.0075355850036307945,373.9713776739222,84.00521210982865
3.3143454100912213,98.23717346687597,5.324743600592354,106.09057696114101,0.0075355850036307945,334.86104125987754,83.70683297512382
3.3790063573331297,97.74511818559645,5.184098331990436,108.2066025757463,0.0075355850036307945,300.64121753590763,83.39025604420577
3.437256039500801,97.25497910003455,5.062684293810961,110.10891935454376,0.0075355850036307945,270.69514306138467,83.058079982923
3.4898946336766428,96.76684145230313,4.958067950326557,111.824199866947,0.0075355850036307945,244.48386570134477,82.71257396050098
3.5376214114716222,96.28077795713739,4.8681228268690475,113.37575316665507,0.0075355850036307945,221.53642774259797,82.35571922865444
3.5810474692849885,95.79685039199705,4.79099076993799,114.7839491336433,0.0075355850036307945,201.44128753519487,81.98924545491502
3.62070685248039,95.31511098650464,4.725048094842851,116.06658928003388,0.0075355850036307945,183.83882340343922,81.61466247199726
3.6570662761063457,94.83560363653665,4.668876004254021,117.23923077411173,0.0075355850036307945,168.4147832843094,81.23328802152828
3.690533619224944,94.35836496508986,4.621234738832902,118.31546958461466,0.0075355850036307945,154.89456077769086,80.84627199750388
3.721465347573752,93.88342524925473,4.581040989091566,119.30718790279693,0.0075355850036307945,143.03819334600158,80.45461763107575
3.750172999765406,93.410809230188,4.547348157036215,120.22477034908238,0.0075355850036307945,132.63599155483544,80.05920000255969
3.7769288551715494,92.94053682084639,4.519329108057743,121.07729290252904,0.0075355850036307945,123.50471974073437,79.66078221787085
3.801970886732114,92.47262372438009,4.496261098892919,121.87268799447155,0.0075355850036307945,115.4842585365048,79.26002954404838
3.8255070889057223,92.00708197445776,4.477512607117045,122.61788877353469,0.0075355850036307945,108.4346884615928,78.85752176135657
3.84771925959516,91.54392040737302,4.4625318222655785,123.31895516981533,0.0075355850036307945,102.23374145477759,78.45376395696492
3.868766304935919,91.08314507453859,4.450836588948993,123.98118405450055,0.0075355850036307945,96.77457392855645,78.04919595682142
3.888787127144731,90.62475960289002,4.442005618773349,124.60920550148529,0.0075355850036307945,91.96382078115018,77.64420056752918
3.9079031480304045,90.16876550977064,4.435670810990502,125.20706690440002,0.0075355850036307945,87.71989491973387,77.23911077835982
3.9262205141328024,89.7151624780409,4.431510541997559,125.77830648124329,0.0075355850036307945,83.97150132051446,76.8342160545956
3.9438320236566407,89.26394859643058,4.42924380145281,126.32601750550832,0.0075355850036307945,80.65633855908821,76.42976783684149
3.96081881029924,88.81512056951935,4.428625068196693,126.8529044337746,0.0075355850036307945,77.7199641593077,76.02598434648418
3.9772518146431537,88.36867390117726,4.429439832641873,127.36133195212905,0.0075355850036307945,75.1148030928582,75.62305478483665
3.993193069915083,87.9246030548144,4.43150068407213,127.85336783479632,0.0075355850036307945,72.79928136925254,75.22114300246312
4.008696825531123,87.48290159336523,4.434643891579542,128.3308203956472,0.0075355850036307945,70.73706893448879,74.8203907055279
4.023810528893674,87.043562301565,4.438726416361231,128.79527121476238,0.0075355850036307945,68.89641808768637,74.42092025757886
4.03857568332337,86.6065772927524,4.4436233009540755,129.24810373616336,0.0075355850036307945,67.24958536488647,74.02283712780682
4.053028597753167,86.17193810215086,4.4492253878519,129.6905282576155,0.0075355850036307945,65.77232635956712,73.62623203038258
4.067201041840176,85.7396357683348,4.455437325949295,130.12360376768925,0.0075355850036307945,64.4434542779747,73.23118279384656
4.081120818427993,85.30966090437163,4.462175828499058,130.54825702783762,0.0075355850036307945,63.24445418830961,72.83775599460829
4.09481226378681,84.88200375994212,4.4693681508516,130.96529924706692,0.0075355850036307945,62.15914593727531,72.44600838431678
4.108296684743051,84.45665427557806,4.476950760247998,131.37544065292442,0.0075355850036307945,61.17338959398035,72.05598813710776
4.121592740660736,84.03360213001122,4.4848681734366735,131.77930322421062,0.0075355850036307945,60.27482805582461,71.66773593945275
4.134716777232207,83.61283678150387,4.493071940940581,132.17743181733675,0.0075355850036307945,59.4526621279108,71.28128594246824
4.147683118158084,83.1943475039195,4.501519759473093,132.57030388899008,0.0075355850036307945,58.697453979030634,70.8966665940372
4.160504320029258,82.77812341819816,4.510174696334946,132.95833799220011,0.0075355850036307945,58.00095539415851,70.51390136590675
4.173191395053443,82.3641535198163,4.519004511664429,133.34190120055743,0.0075355850036307945,57.355957695056404,70.1330093890122
4.185754005683107,81.95242670273787,4.527981066195341,133.72131559581086,0.0075355850036307945,56.75616059528103,69.75400600860597
4.198200634689755,81.5429317802997,4.537079803734862,134.0968639370108,0.0075355850036307945,56.1960576007764,69.37690326930931
4.21053873378236,81.13565750341802,4.546279298934394,134.4687946144565,0.0075355850036307945,55.67083586861493,69.00171033892838
4.222774853476807,80.73059257645441,4.555560862115885,134.83732597867774,0.0075355850036307945,55.17628869980707,68.62843387876016
4.234914756581816,80.32772567103702,4.564908193955321,135.20265012329884,0.0075355850036307945,54.70873907223028,68.25707836713994
4.246963517368303,79.92704543809452,4.574307083733263,135.56493619068405,0.0075355850036307945,54.26497282082546,67.88764638212903
4.258925608228396,79.52854051832938,4.58374514565589,135.92433326057153,0.0075355850036307945,53.842180247934714,67.52013884849893
4.270804975402445,79.13219955132689,4.593211588443469,136.2809728743067,0.0075355850036307945,53.43790510021072,67.1545552535154
4.282605105153221,78.73801118347275,4.602697013989117,136.63497124064935,0.0075355850036307945,53.049999982710574,66.79089383546003
4.294329081592525,78.3459640748294,4.612193241420272,136.9864311633267,0.0075355850036307945,52.676587398041264,66.42915174832832
4.305979637213331,77.95604690510314,4.621693153358001,137.33544372543875,0.0075355850036307945,52.31602570088462,66.06932520571063
4.317559197047775,77.56824837881649,4.631190561573579,137.6820897613908,0.0075355850036307945,51.9668793477641,65.71140960648188
4.329069917255139,77.18255722978655,4.6406800895951354,138.02644114315984,0.0075355850036307945,51.62789290015384,65.35539964459612
4.340513718842575,76.7989622249972,4.650157070125886,138.3685619043183,0.0075355850036307945,51.29796830739809,65.00128940499087
4.351892317132607,76.41745216794159,4.659617455405278,138.70850922228482,0.0075355850036307945,50.97614505565102,64.64907244735423
4.363207247514023,76.03801590150229,4.669057738880141,139.04633427668657,0.0075355850036307945,50.66158282125222,64.29874187928587
4.37445988794504,75.66064231042736,4.678474886758906,139.38208299946518,0.0075355850036307945,50.35354631257123,63.950290420190896
4.3856514786184775,75.28532032345362,4.687866278202055,139.7157967303824,0.0075355850036307945,50.05139202421806,63.60371045707501
4.396783139146985,74.91203891512204,4.69722965305918,140.04751278986095,0.0075355850036307945,49.754556662350346,63.25899409326381
4.407855883581194,74.54078710732414,4.706563066200588,140.37726497958985,0.0075355850036307945,49.462547030247265,62.9161331909385
4.41887063353419,74.17155397061329,4.715864847611427,140.70508402000652,0.0075355850036307945,49.17493118991877,62.57511940826874
4.42982822965123,73.8043286253116,4.725133567521337,141.0309979326207,0.0075355850036307945,48.89133073876242,62.23594423182426
4.440729441633425,73.43910024243735,4.734368005934302,141.35503237413744,0.0075355850036307945,48.6114140605903,61.89859900486121
4.451574976997866,73.07585804447669,4.743567126003581,141.6772109284611,0.0075355850036307945,48.33489042809695,61.56307495200379
4.4623654887335755,72.71459130601887,4.7527300507665915,141.99755536189386,0.0075355850036307945,48.06150484934826,61.2293632007762
4.473101581992585,72.35528935427294,4.76185604281584,142.31608584617135,0.0075355850036307945,47.79103356442392,60.897454800382505
4.48378381993787,71.99794156948047,4.770944486535489,142.63282115339436,0.0075355850036307945,47.52328011018808,60.56734073808166
4.494412728854517,71.64253738523843,4.779994872579853,142.94777882640048,0.0075355850036307945,47.258071881512045,60.23901195346163
4.504988802617046,71.28906628874279,4.789006784310968,143.26097532767528,0.0075355850036307945,46.99525712631512,59.912459350877334
4.515512506594145,70.93751782096405,4.7979798859480915,143.57242616950984,0.0075355850036307945,46.73470231969228,59.587673810284755
4.525984281061756,70.58788157676253,4.806913912213117,143.88214602777057,0.0075355850036307945,46.47628986930203,59.26464619667359
4.536404544186567,70.24014720495221,4.815808659283197,144.1901488413485,0.0075355850036307945,46.21991611022185,58.94336736827514
4.546773694634069,69.89430440831882,4.824663976885619,144.49644789909507,0.0075355850036307945,45.965489552751485,58.62382818370066
4.55709211384857,69.55034294359912,4.833479761390853,144.8010559158221,0.0075355850036307945,45.71292935125152,58.30601950814493
4.567360168046518,69.20825262142546,4.842255949777808,145.1039850987464,0.0075355850036307945,45.46216396613099,57.98993221877329
4.577578209959342,68.86802330624123,4.8509925143612636,145.40524720558386,0.0075355850036307945,45.21312999461589,57.67555720939526
4.587746580357347,68.52964491619021,4.859689458185318,145.70485359534632,0.0075355850036307945,44.965771149005015,57.36288539451508
4.597865609382325,68.19310742298391,4.868346810998807,146.002815272762,0.0075355850036307945,44.720037363805616,57.051907712837824
4.607935617713003,67.8584008517494,4.876964625739285,146.29914292712368,0.0075355850036307945,44.47588401548948,56.74261513030001
4.6179569175843955,67.52551528086072,4.885542975461396,146.5938469662669,0.0075355850036307945,44.23327124066071,56.4349986426849
4.6389787992287,67.19444086152335,4.894156131314735,146.88612153667688,0.0075355850036307945,42.163029192219305,56.128982466259046
5.0317074716121395,66.86519220552749,4.9169561633447705,147.02027735345217,0.0075355850036307945,-0.3680979822050324,55.81183015214249
5.972221375342348,66.53785762297997,4.95208693122185,147.01663216860456,0.0075355850036307945,-0.3680979822050324,55.48529345748471
7.460251576382565,66.21244515372946,4.987020245664606,147.01298698373662,0.0075355850036307945,-0.3680979822050324,55.16066628240481
9.488649870194372,65.88894355766975,5.021757261358134,147.0093417988307,0.0075355850036307945,-0.3680979822050324,54.837937460424214
12.047581478698053,65.56734166042146,5.0562991262322345,147.00569661387203,0.0075355850036307945,-0.3680979822050324,54.51709589036357
15.124590611639078,65.24762835294689,5.0906469815,147.00205142884988,0.0075355850036307945,-0.3680979822050324,54.19813053596095
18.70467431711593,64.9297925911675,5.124801961696689,146.99840624375776,0.0075355850036307945,-0.3680979822050324,53.88103042549222
22.770363862263707,64.61382339558406,5.158765194718834,146.99476105859347,0.0075355850036307945,-0.3680979822050324,53.56578465139364
27.301814800318102,64.2997098508995,5.192537801863545,146.99111587335838,0.0075355850036307945,-0.3680979822050324,53.252382369886696
32.276906637053195,63.98744110564426,5.226120897867848,146.98747068805682,0.0075355850036307945,-0.3680979822050324,52.94081280060501
37.67135246138737,63.67700637180377,5.259515590947929,146.9838255026953,0.0075355850036307945,-0.3680979822050324,52.63106522622361
43.45881849213484,63.36839492444844,5.292722982838142,146.98018031728142,0.0075355850036307945,-0.3680979822050324,52.323128992090226
49.61105322955497,63.0615961013654,5.32574416882968,146.97653513182303,0.0075355850036307945,-0.3680979822050324,52.01699350585883
56.098025734196035,62.75659930269237,5.35858023780887,146.97288994632802,0.0075355850036307945,-0.3680979822050324,51.71264823712522
62.8870029082202,62.45571997882645,5.391232297811489,146.96661611338521,13.076781237731636,-0.3680979822050324,51.4121781790077
69.60533946875111,62.820850304945104,5.423833156160172,146.20831459510455,205.59827643632823,-0.3680979822050324,51.71176294218653
75.9187579494551,64.18926705215904,5.456901391303771,144.3111582763115,355.4469079706154,-0.3680979822050324,52.91478828581617
81.76894884809626,66.32077053979872,5.490917612859861,141.54128609029996,468.13449942949177,-0.3680979822050324,54.80442511954782
87.1214333424735,69.00808409685159,5.526240041363391,138.12898024942967,548.8973492617888,-0.3680979822050324,57.19361498252792
91.96289022171236,72.0749966798987,5.563122057126379,134.27057204933195,602.6715129991584,-0.3680979822050324,59.923380916440244
96.29768148731348,75.3743081686029,5.601728675949254,130.1305824521829,634.0497822124432,-0.3680979822050324,62.860961537377065
100.14398455482645,78.78551428608147,5.642151823408635,125.84417010951724,647.2346324298923,-0.3680979822050324,65.89771161789757
103.52989710211408,82.21224228164583,5.684424266310706,121.51987579474508,645.9978948197322,-0.3680979822050324,68.94677934043888
106.48981036186659,85.57950083772977,5.728532081364079,117.24259285292145,633.654192117005,-0.3680979822050324,71.94061750295162
109.06126031646087,88.83083817433427,5.774425585149396,113.07665831305823,613.0516383331031,-0.3680979822050324,74.82841340581446
111.28237664881206,91.92551315333179,5.82202870461331,109.0689464648263,586.5802583481052,-0.3680979822050324,77.57353185526685
113.18996754589841,94.83577908112943,5.871246823799831,105.25185184750154,556.1962606641705,-0.3680979822050324,80.15106106965393
114.81821242248708,97.54436354825255,5.92197319290128,101.64606653167482,523.4587914704433,-0.3680979822050324,82.5455364907172
116.19788836447408,100.04220488414447,5.974094025153659,98.2630818594791,489.5750858109436,-0.3680979822050324,84.74889696188669
117.35602998652297,102.32648102918647,6.027492433358254,95.10737251746941,455.449891391195,-0.3680979822050324,86.75870539089203
118.31591404160778,104.39894329489951,6.08205137078305,92.17824703767924,421.73549431583774,-0.3680979822050324,88.57664498336662
119.09726537983168,106.26454792167821,6.137655742368745,89.47137091411497,388.879428212402,-0.3680979822050324,90.20728450998968
119.71659498785199,107.930363743971,6.194193843974804,86.97998510939581,357.1678189054001,-0.3680979822050324,91.6570929244449
120.18759938652731,109.40472486629281,6.251558272667806,84.69585351768748,326.7631638597925,-0.3680979822050324,92.93367518839749
120.52157001780114,110.69659256935577,6.309646432514316,82.60997844705305,297.7360740219834,-0.3680979822050324,94.04519695648308
120.72777891444096,111.8150898154182,6.36836074034534,80.71312436499953,270.0910666801294,-0.3680979822050324,94.99996502638398
120.81382151313684,112.76917365219505,6.427608616318859,78.99618818587129,243.78688089408215,-0.3680979822050324,95.80613221571902
120.78590844451436,113.56741449919149,6.487302326054638,77.45045041381006,218.75200790991522,-0.3680979822050324,96.47149866312373
120.64910565793093,114.21785586214678,6.547358725360639,76.06773647344288,194.896218746361,-0.3680979822050324,97.0033856748425
120.40752683677175,114.7279327898469,6.607698945397931,74.84051231686982,172.1188659670318,-0.3680979822050324,97.40856254603294
120.06448440938892,115.10443190617484,6.668248045518283,73.76193340623362,150.3146709194758,-0.3680979822050324,97.69321086636282
119.62260623906666,115.35347985143775,6.7289346527369505,72.8258617408193,129.37761005754294,-0.3680979822050324,97.86291443159062
119.0839248679984,115.4805503319525,6.789690600550441,72.02686186402728,109.20340568052589,-0.3680979822050324,97.92266591993283
118.4499454480625,115.4904826914429,6.850450575218857,71.36018376858826,89.6910216718934,-0.3680979822050324,97.87688394171713
117.69984900785192,115.38720824991022,6.911151764896492,70.82207599320321,70.09044920109173,-0.3680979822050324,97.72916681392272
116.33422949702822,115.1348903809321,6.971726592380868,70.45377727495486,36.35412996763276,-0.3680979822050324,97.44729016788314
114.26913754403691,114.64902577454144,7.032068685929096,70.35194644326504,0.010683629666479342,-0.3680979822050324,96.95522072591888
111.28653742329874,114.07952482674324,7.09207845408313,70.34828025668641,0.010683629666479342,-0.3680979822050324,96.38810262087954
107.29840511488972,113.51336214155607,7.151745291622681,70.34461407010849,0.010683629666479342,-0.3680979822050324,95.82430090613343
102.38249398104328,112.9505181975049,7.211071203935214,70.3409478835317,0.010683629666479342,-0.3680979822050324,95.26379618811076
96.63463403290102,112.39097358727203,7.270058184680901,70.3372816969566,0.010683629666479342,-0.3680979822050324,94.70656918665128
90.16686312880623,111.8347090170295,7.32870821586107,70.33361551038408,0.010683629666479342,-0.3680979822050324,94.15260073434119
83.10524242158026,111.28170530577512,7.387023267886198,70.32994932381555,0.010683629666479342,-0.3680979822050324,93.60187177585381
75.58739865322579,110.73194338467253,7.445005299643399,70.32628313725323,0.010683629666479342,-0.3680979822050324,93.05436336729404
67.75984121794703,110.18540429639474,7.502656258563381,70.32261695070052,0.010683629666479342,-0.3680979822050324,92.51005667554686
59.775106303799234,109.64206919447147,7.559978080686823,70.3189507641627,0.010683629666479342,-0.3680979822050324,91.96893297762944
51.78878379534375,109.10191934264014,7.616972690730178,70.31528457764752,0.010683629666479342,-0.3680979822050324,91.43097366004702
43.95648491109905,108.56493611420034,7.6736420021509355,70.31161839116648,0.010683629666479342,-0.3680979822050324,90.89616021815281
36.430809720977,108.03110099137224,7.72998791721253,70.30795220473536,0.010683629666479342,-0.3680979822050324,90.36447425551145
29.35837372970805,107.50039556465913,7.786012327049228,70.30428601837504,0.010683629666479342,-0.3680979822050324,89.83589748326607
22.876951652178885,106.9728015322145,7.841717111731536,70.30061983211098,0.010683629666479342,-0.3680979822050324,89.31041171950926
17.112794448407143,106.44830069921439,7.897104140332782,70.29695364597144,0.010683629666479342,-0.3680979822050324,88.78799888865774
12.178172910582605,105.92687497723536,7.952175270997351,70.29328745998343,0.010683629666479342,-0.3680979822050324,88.26864102083054
8.169198425929208,105.40850638363825,8.006932351010454,70.28962127416705,0.010683629666479342,-0.3680979822050324,87.75232025123084
5.265077854369953,104.89293304554302,7.922516326509744,71.81370060704158,0.010683629666479342,442.53632647805426,87.36389890507193
3.4454704883060607,104.37901482342072,7.621512670661383,75.71837360451006,0.010683629666479342,695.6348237639774,87.17209264658959
2.6951921887702004,103.86592279026705,7.225860072025424,80.6632513791076,0.010683629666479342,754.7369861639618,87.0663000203201
2.798408110304187,103.35345535758823,6.8453562791217335,85.44078649211356,0.010683629666479342,674.11491267435,86.94742252444932
2.9266304314367386,102.84182076553277,6.514112115806665,89.67552456974032,0.010683629666479342,597.5350441830814,86.784917290772
3.040510381241392,102.33126066646128,6.22621930405445,93.43218360310381,0.010683629666479342,530.5707961736044,86.58432479711368
3.1418482702361477,101.82198445138202,5.976200847279693,96.77077394280403,0.010683629666479342,472.0092841286871,86.35076791518038
3.232217326436408,101.31417322358914,5.759270783612472,99.74373652268774,0.010683629666479342,420.7906430674413,86.08872147845324
3.312992344446077,100.80798337766065,5.571247002810063,102.39689782955173,0.010683629666479342,375.98872218209647,85.80209404983385
3.385374720101048,100.30354972686513,5.408475062430957,104.77030439125915,0.010683629666479342,336.7942150930846,85.49429937320518
3.450414326673858,99.8009882359514,5.2677616155735745,106.89895198356122,0.010683629666479342,302.4999184380536,85.16831881041438
3.5090286311169234,99.30039840910734,5.146316237557953,108.81342283820513,0.010683629666479342,272.4878502782735,84.82675590098208
3.5620193985487756,98.8018653765933,5.041700591916341,110.540442459142,0.010683629666479342,246.21799368269734,84.47188403835699
3.6100872892572435,98.30546171806601,4.951784009745105,112.10336618929963,0.010683629666479342,223.218460452748,84.10568813115204
3.6538446141055245,97.81124905581352,4.874704673290395,113.52260439078485,0.010683629666479342,203.0768958189171,83.72990100823381
3.6938264806821373,97.31927944692977,4.808835696721835,114.8159939832154,0.010683629666479342,185.43296754472274,83.34603523079541
3.7305005332229766,96.8295965997959,4.752755486251398,115.99912310778866,0.010683629666479342,169.97180262617786,82.95541089088108
3.7642754637191076,96.34223693703395,4.705221839703324,117.08561483087463,0.010683629666479342,156.4182520354783,82.55917990272314
3.795508449240896,95.85723052430323,4.665149313755542,118.0873750548206,0.010683629666479342,144.53187904055116,82.15834722936786
3.8245116509500194,95.37460188186486,4.631589446594057,119.01480915168469,0.010683629666479342,134.1025798121178,81.75378943124323
3.851557893179411,94.8943706937055,4.603713475733455,119.87701126590065,0.010683629666479342,124.94675654712059,81.34627087454034
3.8768856260260445,94.41655242714435,4.580797236206411,120.68192973403737,0.010683629666479342,116.90397340150936,80.93645789465246
3.900703261850566,93.94115887421778,4.562207964040776,121.43651163478631,0.010683629666479342,109.83403431981836,80.52493117266833
3.923192964673418,93.46819862471017,4.54739276464785,122.14682910216571,0.010683629666479342,103.6144295338578,80.1121965503655
3.944513961491549,92.99767747945539,4.535868536072022,122.81818970274391,0.010683629666479342,98.13810421820062,79.69869448070749
3.9648054358315328,92.52959881144449,4.52721316355238,123.45523288740999,0.010683629666479342,93.31150865826605,79.28480828599334
3.9841890562453046,92.06396388132497,4.521057825004063,124.06201427456477,0.010683629666479342,89.05289441458804,78.87087137409003
4.0027711858051624,91.60077211304582,4.517080267262598,124.64207929995423,0.010683629666479342,85.29082544770455,78.45717354419891
4.020644812844049,91.14002133467704,4.514998930617067,125.19852757467864,0.010683629666479342,81.96287708363938,78.04396649702348
4.037891238109564,90.68170798879713,4.514567814609617,125.73406912366003,0.010683629666479342,79.01449912148303,77.63146864971364
4.05458154906326,90.22582731628856,4.51557199158108,126.25107352895155,0.010683629666479342,76.39802237444961,77.21986934329789
4.0707779081795,89.77237351689641,4.517823686241253,126.75161287303315,0.010683629666479342,74.07179054844434,76.8093325192494
4.086534678710256,89.32133988948166,4.52115884985257,127.23749926430484,0.010683629666479342,71.99940164521087,76.3999999321615
4.101899408421564,88.87271895453192,4.525434166625377,127.7103176283017,0.010683629666479342,70.14904507213429,75.99199395705875
4.116913689220319,88.42650256116735,4.53052443779577,128.17145436192064,0.010683629666479342,68.49292238408147,75.5854200424854
4.13161390832944,87.98268198059922,4.536320295736524,128.62212237259243,0.010683629666479342,67.00674110602837,75.18036885406161
4.1460319046939365,87.54124798774949,4.542726206463189,129.0633829584841,0.010683629666479342,65.66927241639891,74.77691814755899
4.160195542574215,87.10219093252618,4.549658724150645,129.49616492827607,0.010683629666479342,64.46196463427084,74.37513440561997
4.174129212774519,86.66550080205926,4.557044965865728,129.92128130877614,0.010683629666479342,63.36860547007745,73.97507426794108
4.187854270636208,86.23116727503808,4.564821278732892,130.33944394469643,0.010683629666479342,62.37502688766677,73.57678578097725
4.201389418773853,85.79917976914703,4.57293207525498,130.75127625652235,0.010683629666479342,61.46884720175139,73.180309489937
4.214751041525478,85.36952748247023,4.5813288155741985,131.15732438885462,0.010683629666479342,60.6392457130283,72.7856793929662
4.2279534972088655,84.9421994296266,4.589969118134898,131.55806695228597,0.010683629666479342,59.87676577592607,72.39292377490683
4.241009373507204,84.51718447330038,4.598815982548643,131.95392353625607,0.010683629666479342,59.17314271183995,72.00206593582433
4.253929710635783,84.0944713517481,4.607837110505779,132.34526214794118,0.010683629666479342,58.521153433279544,71.6131248275802
4.266724196354548,83.67404870279012,4.617004312363702,132.7324057126729,0.010683629666479342,57.914485039819745,71.22611561005095
4.279401336378532,83.25590508473026,4.626292988602598,133.11563775428584,0.010683629666479342,57.34761999231964,70.84105013713173
4.291968603290016,82.84002899459142,4.635681676703172,133.4952073588563,0.010683629666479342,56.815735773849504,70.45793738138309
4.304432566664704,82.42640888400616,4.645151655192522,133.8713335122413,0.010683629666479342,56.314617209642094,70.07678380506219
4.316799006781987,82.01503317305814,4.654686597645681,134.24420889042085,0.010683629666479342,55.84057984897113,69.69759368430296
4.3290730139903735,81.60589026233338,4.664272270340258,134.61400317167892,0.010683629666479342,55.390403013353435,69.32036939235617
4.341259075537862,81.19896854340719,4.67389626805679,134.98086593094942,0.010683629666479342,54.96127129154458,68.94511164705497
4.353361151448716,80.79425640796468,4.683547783212215,135.34492916904162,0.010683629666479342,54.550723415657316,68.57181972701936
4.365382740828558,80.39174225572727,4.693217404121082,135.70630952281005,0.010683629666479342,54.156607587179984,68.20049166054375
4.377326939805369,79.99141450133598,4.702896938709644,136.0651101965214,0.010683629666479342,53.77704243915764,67.8311243906145
4.389196492161631,79.59326158032376,4.712579260471614,136.42142264959253,0.010683629666479342,53.41038292346213,67.46371391906868
4.400993833579708,79.19727195429137,4.722258173859526,136.7753280714362,0.010683629666479342,53.05519050178846,67.0982554325264
4.412721130306237,78.80343411538834,4.731928296659642,137.12689867027444,0.010683629666479342,52.71020709740734,66.73474341239596
4.424380312939623,78.41173659018604,4.741584957207694,137.47619879938824,0.010683629666479342,52.37433233320683,66.37317173096172
4.435973105955925,78.02216794302055,4.751224104573115,137.82328594131386,0.010683629666479342,52.04660364141567,66.01353373531076
4.447501053510783,77.63471677887198,4.760842230075595,138.16821156790684,0.010683629666479342,51.72617888270928,65.65582232063264
4.458965541987205,77.24937174583897,4.770436298704262,138.51102189193497,0.010683629666479342,51.41232115810771,65.30002999423321
4.470367819699745,76.86612153726001,4.780003689190112,138.85175852388457,0.010683629666479342,51.104385537017166,64.94614893143456
4.481709014113856,76.48495489352598,4.789542141639983,139.19045904593827,0.010683629666479342,50.80180745966907,64.59417102438448
4.492990146893869,76.10586060362317,4.799049711778087,139.5271575135749,0.010683629666479342,50.50409260271039,64.24408792467044
4.504212147053558,75.7288275064414,4.808524730961451,139.86188489392137,0.010683629666479342,50.21080802334985,63.89589108052013
4.515375862448666,75.35384449187636,4.81796577124082,140.19466944883695,0.010683629666479342,49.921574420754375,63.54957176927135
4.52648206982057,74.98090050175297,4.827371614830469,140.52553706970212,0.010683629666479342,49.63605937374025,63.20512112570849
4.537531483573866,74.60998453059238,4.836741227430672,140.8545115700045,0.010683629666479342,49.3539714315872,62.86253016678729
4.5485247634476,74.24108562624248,4.846073734916762,141.18161494104692,0.010683629666479342,49.07505495034318,62.52178981320374
4.559462521219733,73.87419289038931,4.855368402970051,141.50686757542937,0.010683629666479342,48.79908558056687,62.18289090820534
4.570345326566783,73.50929547896482,4.864624619279433,141.83028846237036,0.010683629666479342,48.52586632432077,61.845824233993035
4.5811737121852465,73.1463826024641,4.873841877989357,142.15189535842114,0.010683629666479342,48.255224089596894,61.51058052601788
4.591948178267908,72.78544352618374,4.883019766110745,142.47170493667602,0.010683629666479342,47.9870066794176,61.17715048543812
4.602669196416448,72.42646757039154,4.892157951647203,142.7897329171922,0.010683629666479342,47.72108016077208,60.84552478996923
4.61333721306142,72.06944411043635,4.9012561732201325,143.10599418098965,0.010683629666479342,47.457326565467405,60.51569410332966
4.6239526524517895,71.71436257680591,4.910314231003594,143.4205028697021,0.010683629666479342,47.19564188101895,60.18764908345964
4.634515919268314,71.36121245513935,4.919331978803709,143.73327247268946,0.010683629666479342,46.93593429498831,59.86138038966817
4.645027400908199,71.00998328620032,4.928309317138193,144.04431590319348,0.010683629666479342,46.67812266079326,59.53687868884354
4.6554874694825275,70.66066466581604,4.937246187189813,144.35364556491842,0.010683629666479342,46.422135157048096,59.214134660845566
4.665896483562674,70.31324624478653,4.946142565523539,144.66127341024512,0.010683629666479342,46.167908116018545,58.8931390031833
4.676254789707387,69.96771772876811,4.954998459471022,144.96721099113327,0.010683629666479342,45.91538499985504,58.57388243506819
4.686562723798165,69.62406887813478,4.963813903098179,145.27146950363453,0.010683629666479342,45.66451550596075,58.256355700921915
4.69682061220717,69.28228950782017,4.9725889536823695,145.5740598268226,0.010683629666479342,45.415254785202286,57.940549573407765
4.707028772818731,68.94236948714286,4.981323688634808,145.87499255684347,0.010683629666479342,45.16756275872658,57.626454856045896
4.742483596824525,68.60429884105908,4.990272124935032,146.1714847787008,0.010683629666479342,40.74771039117857,57.313833718184696
5.198212884575617,68.2681007358384,5.016098363864482,146.28020519697472,0.010683629666479342,-0.5516997541207961,56.987694326478646
6.21262839959679,67.93386342198531,5.052051487789961,146.27531418272926,0.010683629666479342,-0.5516997541207961,56.654198093664476
7.784363365795783,67.60158918779227,5.087802949918625,146.27042316846325,0.010683629666479342,-0.5516997541207961,56.32265207837911
9.905841972804097,67.27126655358859,5.123353929543718,146.2655321541605,0.010683629666479342,-0.5516997541207961,55.99304487615064
12.566758065428019,66.94288410683161,5.158705599059341,146.26064113980766,0.010683629666479342,-0.5516997541207961,55.66536514919823
15.754142775873595,66.61643050171313,5.193859123999993,146.25575012539534,0.010683629666479342,-0.5516997541207961,55.339601626042
19.452440382204063,66.29189445876887,5.228815663080353,146.25085911091796,0.010683629666479342,-0.5516997541207961,55.015743101115405
23.643592017580392,65.96926476449076,5.263576368235273,146.24596809637399,0.010683629666479342,-0.5516997541207961,54.69377843437974
28.307128403726797,65.6485302709416,5.298142384659937,146.24107708176518,0.010683629666479342,-0.5516997541207961,54.37369655094097
33.42027245795514,65.32967989537242,5.332514850849995,146.23618606709604,0.010683629666479342,-0.5516997541207961,54.05548644066877
38.958052079841394,65.01270261984205,5.366694898641589,146.23129505237276,0.010683629666479342,-0.5516997541207961,53.73913715781778
44.893423026597105,64.69758749083896,5.400683653251118,146.22640403760252,0.010683629666479342,-0.5516997541207961,53.42463782065113
51.19740153399476,64.38432361890527,5.434482233314645,146.22151302279272,0.010683629666479342,-0.5516997541207961,53.111977611066095
57.83920617981468,64.07290017826261,5.468091750926929,146.21662200795058,0.010683629666479342,-0.5516997541207961,52.80114577422201
64.78058537649076,63.77582999720022,5.5015136287714625,146.1975758475608,30.45783740255391,-0.5516997541207961,52.50341384670058
71.60023323794653,64.23754378776013,5.534913785442429,145.32134273295438,223.12260037337998,-0.5516997541207961,52.88929065142808
77.99928650632614,65.70151703836825,5.568833476212368,143.30684155343616,372.67057385559104,-0.5516997541207961,54.17763585791161
83.9206929061369,67.92526234090074,5.603752066980446,140.42281005526394,484.7210042925522,-0.5516997541207961,56.14956048054493
89.3315326537248,70.69983334216896,5.64002545718489,136.9014427237203,564.6080301550089,-0.5516997541207961,58.616503931375874
94.22018367051444,73.84789879148728,5.677903948854076,132.94037054976786,617.3531415069098,-0.5516997541207961,61.418482829581016
98.59271057189765,77.2216063763949,5.717549001043122,128.7048905968811,647.6204876771226,-0.5516997541207961,64.42215143505592
102.46889185887949,80.70018017236914,5.75904873625002,124.33051031229266,659.6692936816376,-0.5516997541207961,67.51862321895314
105.87825344024355,84.18726925148322,5.80243205592974,119.92578832855516,657.3140091177414,-0.5516997541207961,70.62106950615394
108.85640249776287,87.60811624470595,5.847681246919076,115.57539531746913,643.8990143128326,-0.5516997541207961,73.66215727335391
111.44186649696061,90.90664371790331,5.894743007136568,111.34328510250205,622.2911244080402,-0.5516997541207961,76.59141432951465
113.67355086920041,94.04256547863933,5.943537875763947,107.27585515010753,594.8900855791076,-0.5516997541207961,79.37261839389951
115.58884662706406,96.98862334628218,5.993968110449153,103.40498237027217,563.6549642870535,-0.5516997541207961,81.98130060319339
117.22235359365847,99.72803232768646,6.045924104542039,99.7508394784019,530.1428761758889,-0.5516997541207961,84.40243808667984
118.60513975123496,102.25219348916714,6.099289476336306,96.32442346833012,495.55584900126007,-0.5516997541207961,86.62838890563926
119.7644325184429,104.55870850730865,6.153944987680181,93.12975606518587,460.7916325227111,-0.5516997541207961,88.6570998301043
120.72363084702488,106.64970634378562,6.209771461223433,90.16574249312946,426.4947718938151,-0.5516997541207961,90.4905962105478
121.50253355150768,108.53047297856907,6.266651865634531,87.42769693944044,393.1050499799,-0.5516997541207961,92.13374562471981
122.11769439273127,110.20836076162746,6.324472728907313,84.90855944072217,360.90129741343486,-0.5516997541207961,93.59327403836319
122.58283363360661,111.69194485586576,6.383125024270783,82.59983935737306,330.0394263158124,-0.5516997541207961,94.87700504578065
122.90925549549893,112.99038990633296,6.44250465398796,80.49232571559446,300.58427233297937,-0.5516997541207961,95.99328886569832
123.1062387298885,114.11298954633368,6.502512635832699,78.57660551423983,272.53538450056374,-0.5516997541207961,96.95058731390961
123.18138205081888,115.06884355805765,6.563055077056423,76.8434288196691,245.84727590504406,-0.5516997541207961,97.75718298044909
123.14089701944438,115.86664140561933,6.6240430024032015,75.28395526524817,220.44485857793006,-0.5516997541207961,98.42098436925401
122.98984833222877,116.51452557516784,6.685392086876458,73.88991141659085,196.23486616512102,-0.5516997541207961,98.94940302189707
122.73234589857564,117.02001302701034,6.7470223307577175,72.65368310545328,173.11405469984194,-0.5516997541207961,99.34928304650951
122.37169530131236,117.38995764281405,6.808857703778035,71.56836177850992,150.97489997482495,-0.5516997541207961,99.62686760699773
121.91051390066109,117.63054058098834,6.870825777107763,70.62775944388419,129.7094081056087,-0.5516997541207961,99.78779056573931
121.35081955424224,117.74727882683273,6.932857355623952,69.82640305454002,109.21154492009981,-0.5516997541207961,99.83708451770934
120.6940981310098,117.74504493505997,6.994886118371926,69.15951615415331,89.3786835771222,-0.5516997541207961,99.77919890044615
119.89599601191935,117.62720577394657,7.056848231547203,68.62399635342058,68.76474870331485,-0.5516997541207961,99.61722443654517
118.4252129393872,117.3486454287598,7.118672571724177,68.27160699366972,32.636881424407974,-0.5516997541207961,99.3105802329369
116.24307796742255,116.83252950892991,7.180246236765304,68.19041285974573,0.01372841598579087,-0.5516997541207961,98.79014783157436
113.09502425466337,116.25224573860916,7.241476889459177,68.18550153268473,0.01372841598579087,-0.5516997541207961,98.21221557602834
108.92899152807131,115.67536388690701,7.302358072330614,68.18059020562437,0.01372841598579087,-0.5516997541207961,97.63766294970846
103.8262119352524,115.10186406010114,7.36289182900707,68.17567887856497,0.01372841598579087,-0.5516997541207961,97.06647018923655
97.88616611753963,114.53172648080346,7.423080191165101,68.1707675515071,0.01372841598579087,-0.5516997541207961,96.49861764680668
91.22464272933281,113.96493148727978,7.482925178600132,68.16585622445152,0.01372841598579087,-0.5516997541207961,95.93408578950923
83.9714803220973,113.40145953277312,7.542428799295761,68.1609448973996,0.01372841598579087,-0.5516997541207961,95.37285519865895
76.26803563432932,112.84129118483122,7.601593049492559,68.1560335703533,0.01372841598579087,-0.5516997541207961,94.81490656912722
68.26442765844153,112.28440712463765,7.660419913756318,68.15112224331585,0.01372841598579087,-0.5516997541207961,94.26022070867775
60.11661122382955,111.7307881463467,7.718911365045744,68.14621091629216,0.01372841598579087,-0.5516997541207961,93.70877853730653
51.9833371585193,111.18041515642196,7.77706936477955,68.14129958928959,0.01372841598579087,-0.5516997541207961,93.16056108658552
44.02305830766488,110.63326917297871,7.834895862903009,68.13638826231897,0.01372841598579087,-0.5516997541207961,92.61554949901017
36.390841758355926,110.08933132513005,7.892392797954148,68.13147693539537,0.01372841598579087,-0.5516997541207961,92.0737250273507
29.23534753923954,109.54858285233712,7.9495620971299,68.12656560853864,0.01372841598579087,-0.5516997541207961,91.53506903400728
22.695932865519215,109.01100510376449,8.006405676352767,68.12165428177308,0.01372841598579087,-0.5516997541207961,90.99956299036897
16.899938799439767,108.47657953764015,8.062925440338617,68.11674295512556,0.01372841598579087,-0.5516997541207961,90.46718847617632
11.960213305895413,107.94528772062176,8.11912328266608,68.11183162862164,0.01372841598579087,-0.5516997541207961,89.9379271788878
7.97355903960725,107.4171112690713,8.174423507532095,68.11327372964402,0.01372841598579087,32.9255841943575,89.412281181535
5.134209872526367,106.8916984853432,8.059762243776312,69.981169268628,0.01372841598579087,487.0381136652118,89.04224343323429
3.3849109853252037,106.36785516722853,7.737324110391493,74.13283687746892,0.01372841598579087,724.8461182179368,88.86080598695385
2.7366601139788096,105.84480316844139,7.330465755071242,79.21223273675949,0.01372841598579087,765.0760831389617,88.75613569496437
2.8667306888616317,105.32239597735519,6.947249882382665,84.03083265439962,0.01372841598579087,679.5262207937295,88.63074677691114
2.995982020085134,104.80086223581151,6.613904419300017,88.29987106839141,0.01372841598579087,602.4246339927057,88.46121645339544
3.11079321206307,104.28044514319993,6.324202243631824,92.08757150753097,0.01372841598579087,535.0036183016853,88.25337384295864
3.212976736181597,103.76135531511777,6.072629381878363,95.45434968469021,0.01372841598579087,476.04209957302146,88.01237623307564
3.3041164480176928,103.24377488947347,5.8543675611545565,98.45300078576844,0.01372841598579087,424.47305639637233,87.74272849833515
3.385596429871371,102.72786112964454,5.665206437434623,101.12966088743278,0.01372841598579087,379.36408438410456,87.44836542018159
3.4586261944452343,102.21374957299523,5.501466897326886,103.5246470797699,0.01372841598579087,339.90041252050565,87.13272362091763
3.5242627087591734,101.70155678211282,5.359934036311348,105.67319159677628,0.01372841598579087,305.3700622155941,86.79880442226151
3.5834296394681644,101.19138274888464,5.2377985926305675,107.60608332695107,0.01372841598579087,275.15087873396664,86.44922877344271
3.63693417013868,100.68331299521498,5.132605770045057,109.3502283891767,0.01372841598579087,248.69919877463,86.08628524936562
3.6854816968121575,100.17742040865505,5.042210517253516,110.92913998483456,0.01372841598579087,225.53994778046146,85.71197199314054
3.7296886695367424,99.67376684639008,4.964738449387063,112.3633664488631,0.01372841598579087,205.25798659862284,85.32803336697839
3.7700938137770827,99.17240453680861,4.898551699757711,113.67086529675092,0.01372841598579087,187.49054987034168,84.93599197905625
3.807167936101266,98.67337730419219,4.842219079846483,114.86733008076831,0.01372841598579087,171.92063841444116,84.53717666973499
3.8413224927564396,98.17672163884109,4.79449000399167,115.96647600915458,0.01372841598579087,158.27124524611125,84.13274696690823
3.872917077210488,97.68246763213656,4.754271703812161,116.98028953084061,0.01372841598579087,146.30031005718615,83.72371445594746
3.902265963046041,97.19063979358,4.720609317323716,117.91924643191587,0.01372841598579087,135.79631025318798,83.31096145350638
3.9296438213861546,96.70125776469938,4.692668490068924,118.7925024164845,0.01372841598579087,126.57440823737183,82.89525732533764
3.955290716995065,96.21433694283486,4.669720171338178,119.60805964335695,0.01372841598579087,118.47308476409725,82.47727274535995
3.979416474058345,95.72988902617361,4.651127328542898,120.37291225205523,0.01372841598579087,111.35119703767222,82.05759215571364
4.002204491165478,95.24792248996958,4.636333337741548,121.09317352889828,0.01372841598579087,105.08540796959397,81.63672465477298
4.023815074984974,94.7684430026304,4.624851838850354,121.77418702950604,0.01372841598579087,99.56793976781496,81.21511351144918
4.044388353355127,94.29145378925837,4.616257870750004,122.42062368182448,0.01372841598579087,94.7046109394006,80.79314447909499
4.064046820852495,93.81695594927476,4.610180124813097,123.03656663840809,0.01372841598579087,90.4131209503577,80.371153060457
4.0828975632057185,93.34494873392124,4.606294175749251,123.62558542354725,0.01372841598579087,86.6215512975162,79.94943085601454
4.101034201072449,92.87542978870026,4.604316566466763,124.19080072583225,0.01372841598579087,83.26705568931712,79.52823111134794
4.118538588585297,92.40839536517822,4.603999639205691,124.73494101635194,0.01372841598579087,80.29471547700088,79.107773564589
4.135482297605841,91.94384050601703,4.605127018790679,125.26039202382678,0.01372841598579087,77.65653948774627,78.68824868225776
4.151927914722317,91.48175920661177,4.607509665730295,125.76923996786576,0.01372841598579087,75.31059004160807,78.26982136064845
4.167930174615799,91.02214455628643,4.610982427269421,126.26330933783879,0.01372841598579087,73.2202192325542,77.85263416019262
4.183536950439051,90.56498886162662,4.615401023571575,126.74419590550532,0.01372841598579087,71.35340156237723,77.43681013172103
4.198790119247727,90.11028375420345,4.620639414133949,127.2132955727207,0.01372841598579087,69.68215077133351,77.02245528611108
4.213726318247642,89.65802028465812,4.626587496463921,127.67182957967914,0.01372841598579087,68.18201024301656,76.60966075231217
4.228377605633094,89.20818900486798,4.633149095098039,128.1208665328572,0.01372841598579087,66.83160770113496,76.1985046630637
4.24277203805323,88.76078003969829,4.640240204333013,128.56134165389327,0.01372841598579087,65.61226608694923,75.78905380266175
4.256934175224947,88.31578314965378,4.647787452659742,128.9940736000172,0.01372841598579087,64.50766352945959,75.38136504679441
4.270885520883674,87.87318778557808,4.655726760929657,129.41977916240987,0.01372841598579087,63.50353621466687,74.9754866206799
4.284644908103838,87.43298313640504,4.664002169811601,129.83908611021883,0.01372841598579087,62.587418741640015,74.57145919843079
4.298228836007478,86.99515817083841,4.672564815181045,130.25254441417871,0.01372841598579087,61.7484172359508,74.16931686367616
4.31165176399401,86.55970167372614,4.681372032778099,130.66063605427,0.01372841598579087,60.97701108771517,73.76908794894568
4.324926368850378,86.12660227779942,4.690386575825398,131.0637835900575,0.01372841598579087,60.26487970288158,73.37079576911182
4.33806376942471,85.69584849136058,4.699575931354522,131.46235764981225,0.01372841598579087,59.60475111202527,72.9744592622564
4.351073722955734,85.26742872243217,4.708911722787593,131.85668347482525,0.01372841598579087,58.99026967904522,72.58009354964108
4.363964796633958,84.84133129981333,4.718369187891874,132.2470466381137,0.01372841598579087,58.415880500067104,72.18771042498823
4.376744517519416,84.41754449143407,4.727926722598063,132.6336980416788,0.01372841598579087,57.87672838686926,71.79731878199092
4.389419503546578,83.99605652034846,4.737565482372779,133.0168582833367,0.01372841598579087,57.36856959480812,71.4089249878451
4.401995578002521,83.57685557866544,4.74726903388396,133.39672147265674,0.01372841598579087,56.88769468736193,71.02253320961466
4.414477869563396,83.15992983967664,4.757023050614168,133.77345856551113,0.01372841598579087,56.43086113226543,70.63814569937986
4.4268708997112105,82.74526746840995,4.766815046877133,134.1472202779672,0.01372841598579087,55.99523440147207,70.25576304336974
4.439178659123035,82.3328566308072,4.776634145392491,134.51813963259445,0.01372841598579087,55.57833650207665,69.87538437962223
4.451404674423916,81.92268550169975,4.786470874184945,134.88633418356162,0.01372841598579087,55.17800100068829,69.49700758814343
4.463552066519211,81.5147422717341,4.79631698910814,135.2519079610479,0.01372841598579087,54.792333722021844,69.1206294570349
4.475623601568721,81.10901515337991,4.806165318760414,135.61495317038055,0.01372841598579087,54.4196784058331,68.74624582762222
4.487621735530931,80.70549238613702,4.816009628967353,135.97555167684314,0.01372841598579087,54.05858669663917,68.37385172123352
4.499548653088581,80.3041622410419,4.8258445043625855,136.33377630319433,0.01372841598579087,53.70779191958813,68.00344144994344
4.511406301664404,79.90501302456298,4.83566524490961,136.68969196352606,0.01372841598579087,53.366186164807075,67.63500871330598
4.523196421146492,79.5080330819618,4.845467775479667,137.0433566541088,0.01372841598579087,53.03280026282156,67.26854668284392
4.534920569864553,79.11321080018742,4.855248566838485,137.39482231926698,0.01372841598579087,52.70678628630143,66.90404807583954
4.5465801472900385,78.72053461036366,4.865004566602463,137.74413560804982,0.01372841598579087,52.38740225940451,66.54150521977701
4.558176413873495,78.32999298992048,4.874733138906574,138.09133853547658,0.01372841598579087,52.07399879620174,66.1809101086158
4.569710508380282,77.9415744644147,4.884432011684852,138.43646906039342,0.01372841598579087,51.766007424805686,65.82225445192594
4.581183463040261,77.55526760907932,4.894099230603038,138.77956159046346,0.01372841598579087,51.462930384529386,65.4655297177861
4.592596216787278,77.17106105013629,4.903733118804145,139.1206474234825,0.01372841598579087,51.16433171023443,65.1107271702313
4.603949626829386,76.78894346590235,4.913332241733536,139.45975513305325,0.01372841598579087,50.86982944147255,64.7578379019385
4.6152444787604265,76.40890358771458,4.922895376402679,139.79691090563836,0.01372841598579087,50.579088814514385,64.40685286275058
4.626481495396998,76.03093020069858,4.93242148453158,140.13213883512546,0.01372841598579087,50.291816313261265,64.05776288456445
4.637661344501592,75.6550121443991,4.941909689080536,140.4654611802654,0.01372841598579087,50.00775447068151,63.710558703041784
4.648784645532419,75.2811383132911,4.951359253743608,140.79689858966637,0.01372841598579087,49.726677326082886,63.365230976543764
4.6598519755427334,74.90929765718624,4.9607695650301356,141.12647029843802,0.01372841598579087,49.44838645547936,63.021770302640086
4.670863874336935,74.53947918154837,4.970140116607784,141.45419430006163,0.01372841598579087,49.172707502749134,62.68016723249839
4.6818208489772095,74.1716719477295,4.979470495621804,141.78008749661115,0.01372841598579087,48.89948714840292,62.34041228342212
4.692723377722643,73.8058650731368,4.9887603707411525,142.10416583005755,0.01372841598579087,48.62859046075238,62.00249594977004
4.70357191347242,73.4420477313394,4.998009481713633,142.42644439704148,0.01372841598579087,48.35989858123433,61.666408712462236
4.714366886775628,73.08020915212268,5.007217630239641,142.74693754920065,0.01372841598579087,48.093306701732786,61.33214104725096
4.725108708462395,72.72033862149708,5.016384671998171,143.0656589808739,0.01372841598579087,47.82872229705978,60.999683431912295
4.735797771944068,72.36242548166729,5.025510509679704,143.38262180577422,0.01372841598579087,47.56606358040346,60.66902635249508
4.746434455224232,72.00645913096697,5.034595086898924,143.69783862402255,0.01372841598579087,47.305258153613615,60.34016030874614
4.757019122657024,71.65242902376373,5.0436383828762805,144.01132158075808,0.01372841598579087,47.04624182774339,60.01307581881605
4.767552126484604,71.30032467033807,5.052640407791387,144.3230824173877,0.01372841598579087,46.788957592367346,59.68776342333624
4.778033808181673,70.9501356367401,5.061601198723463,144.63313251640287,0.01372841598579087,46.53335471490626,59.36421368894714
4.7884644996313455,70.60185154462661,5.070520816104803,144.94148294057558,0.01372841598579087,46.27938795355627,59.042417211346546
4.7988445241536715,70.25546207108181,5.079399340622496,145.24814446724233,0.01372841598579087,46.027016869490424,58.72236461791918
4.854973326575649,69.91095727452831,5.088848560794817,145.54639865663887,0.01372841598579087,38.244965411256715,58.4034957914618
5.376081935642496,69.56837032093931,5.117634482683752,145.62978196082844,0.01372841598579087,-0.7354021668268549,58.068934299460366
6.467051969906855,69.22778666027982,5.154352805198313,145.62364513465587,0.01372841598579087,-0.7354021668268549,57.72903126899288
8.125407687398083,68.88920379201252,5.1908655917901845,145.6175083084625,0.01372841598579087,-0.7354021668268549,57.39111592169206
10.343131638423483,68.55261001592915,5.2271740444063814,145.61137148223347,0.01372841598579087,-0.7354021668268549,57.05517663399466
13.109431061736037,68.21799370023899,5.263279357962352,145.60523465595676,0.01372841598579087,-0.7354021668268549,56.72120185030962
16.410807597610535,67.88534328116828,5.299182720382382,145.59909782962401,0.01372841598579087,-0.7354021668268549,56.38918008262067
20.23113523869108,67.55464726256193,5.334885312640226,145.59296100323053,0.01372841598579087,-0.7354021668268549,56.05909991009105
24.551746470048187,67.22589421548838,5.370388308799919,145.58682417677537,0.01372841598579087,-0.7354021668268549,55.7309499786707
29.351527772152114,66.89907277784715,5.405692876056697,145.5806873502607,0.01372841598579087,-0.7354021668268549,55.40471900070579
34.607025270773704,66.57417165397851,5.440800174777893,145.57455052369096,0.01372841598579087,-0.7354021668268549,55.08039575455031
40.292560782409566,66.25117961427586,5.475711358543669,145.56841369707226,0.01372841598579087,-0.7354021668268549,54.757969084180125
46.38035812230591,65.93008549480027,5.5104275741874655,145.56227687041135,0.01372841598579087,-0.7354021668268549,54.4374278988093
52.840679300532365,65.61087819689708,5.544949961836115,145.5561400437152,0.01372841598579087,-0.7354021668268549,54.118761172508464
59.641970077523176,65.29354668681448,5.579279654949535,145.5500032169904,0.01372841598579087,-0.7354021668268549,53.80195794382566
66.73385545389392,65.01457708818926,5.61341935161266,145.50260739161422,52.113096852153475,-0.7354021668268549,53.519886163708414
73.64603622815504,65.59557931194641,5.647580001882388,144.48321291792766,243.96708647777152,-0.7354021668268549,54.0125448960021
80.12238832341868,67.17259379583757,5.682323293375643,142.33191553684316,392.43195673576935,-0.7354021668268549,55.40198706875566
86.10730694315437,69.50181299566196,5.718124761758816,139.318986880965,503.2108211919133,-0.7354021668268549,57.46813783524194
91.56955297635882,72.37345090618894,5.755335890620526,135.67761881672902,581.7141917924862,-0.7354021668268549,60.02168414247061
96.4992632629133,75.60976099140936,5.79420222875605,131.6059638930775,633.0294435644711,-0.7354021668268549,62.90227276088813
100.90421281932461,79.0628303034446,5.834880357989199,127.26944134105139,661.874393610456,-0.7354021668268549,65.97650771778963
104.80574849855942,82.6121009941294,5.877453572754305,122.80336529029972,672.5491843889845,-0.7354021668268549,69.1357032991214
108.23476297307629,86.16164335947384,5.921946127031158,118.31586951255345,668.8969182166765,-0.7354021668268549,72.29341449770352
111.22800019352478,89.63725450441025,5.968335932186181,113.89104625420838,654.2796207213281,-0.7354021668268549,75.38281175818996
113.82489170983493,92.98348419149782,6.016565638288193,109.59218513281562,631.5724975808436,-0.7354021668268549,78.35399157831979
116.06503062438216,96.1606970569751,6.066552089879725,105.46498881945777,603.1764114054309,-0.7354021668268549,81.17132133799936
117.98630747938988,99.14227231022727,6.1181942052282094,101.54065070658784,571.0462510689758,-0.7354021668268549,83.810909407605
119.62366748884274,101.91202325523922,6.171379378527774,97.83870042456748,536.7314683896531,-0.7354021668268549,86.25827462478604
121.00840460651025,104.46189449856999,6.225988542909568,94.36955030354228,501.4244678283849,-0.7354021668268549,88.50626714578385
122.16788471947241,106.78996894562903,6.2819000565852425,91.13670472007148,466.0126124660988,-0.7354021668268549,90.55326944555136
123.12558479436447,108.89879301566224,6.338992585273679,88.1386208974995,431.1301613145917,-0.7354021668268549,92.40168490564446
123.9013425575978,110.79400910448312,6.397147153045337,85.37023166378198,397.2072759071338,-0.7354021668268549,94.05670395105689
124.5117273100546,112.48327021571323,6.456248523529475,82.82415672490474,364.51414706980336,-0.7354021668268549,95.52532499619612
124.97046225229506,113.97540293579925,6.516186057018781,80.49163907496352,333.19915704846653,-0.7354021668268549,96.81559959615583
125.28884869129082,115.27978094364931,6.576854169166247,78.36324788460917,303.3207188147436,-0.7354021668268549,97.93606762774245
125.47616034814617,116.40587104193933,6.638152496045767,76.42938967000505,274.8729814119182,-0.7354021668268549,98.89534815996683
125.53999043378631,117.36291616766195,6.699985850105461,74.68066697542017,247.80595314097764,-0.7354021668268549,99.70185391764385
125.48654484543152,118.1597239380645,6.762264033149617,73.10811937351785,222.04079400110126,-0.7354021668268549,100.36360095072223
125.32088201296396,118.80453414108092,6.824901556581873,71.70337627849283,197.4810992028425,-0.7354021668268549,100.88808950832828
125.04710418503659,119.30494353339571,6.887817305950642,70.45874561425896,174.02097456342602,-0.7354021668268549,101.28223659148556
124.66850700775221,119.6678709309863,6.9509341762834564,69.36725727345892,151.55062705634984,-0.7354021668268549,101.55234483168044
124.18769480636756,119.89954962257515,7.01417869652304,68.42267582146634,129.9600880917413,-0.7354021668268549,101.70409599448027
123.6066686163854,120.00553750782105,7.077480655235907,67.61949315743507,109.14157390729866,-0.7354021668268549,101.74256045023843
122.92689316779943,119.99073806139864,7.140772735281641,66.95290884352717,88.99088011874842,-0.7354021668268549,101.67221638977935
122.07168710869173,119.85745291971118,7.203990044732686,66.42103584180987,67.1145828375727,-0.7354021668268549,101.49519582060823
120.49482851738883,119.55088000711756,7.2670573524568685,66.08662804020967,28.621171577940164,-0.7354021668268549,101.16219527920353
118.18858757795716,119.0065567597336,7.329855712270884,66.02383654392156,0.016759334854229563,-0.7354021668268549,100.61524754241124
114.87189012257673,118.4155479330073,7.392301367973837,66.01767949750341,0.016759334854229563,-0.7354021668268549,100.02655847658178
110.5253115639221,117.82800434338182,7.454391049319445,66.01152245108585,0.016759334854229563,-0.7354021668268549,99.4413119435975
105.23361387398218,117.24390572686134,7.516126837972388,66.00536540466913,0.016759334854229563,-0.7354021668268549,98.85948781223273
99.09996763792779,116.66323193794963,7.577510803424027,65.99920835825378,0.016759334854229563,-0.7354021668268549,98.28106606898514
92.24393914048366,116.08596294895702,7.638545003063472,65.99305131184053,0.016759334854229563,-0.7354021668268549,97.70602681738735
84.79915817784399,115.51207884931102,7.699231482248212,65.98689426543056,0.016759334854229563,-0.7354021668268549,97.13435027732228
76.91071208895545,114.94155984487153,7.759572274374196,65.98073721902574,0.016759334854229563,-0.7354021668268549,96.566016784343
68.73231683183958,114.37438625724937,7.819569400945376,65.97458017262905,0.016759334854229563,-0.7354021668268549,96.00100678899626
60.42332027273572,113.81053852312887,7.879224871642708,65.9684231262451,0.016759334854229563,-0.7354021668268549,95.43930085614993
52.14559612502924,113.24999719359421,7.938540684392521,65.96226607988088,0.016759334854229563,-0.7354021668268549,94.88087966432451
44.06038911034257,112.69274293345958,7.997518825434357,65.95610903354661,0.016759334854229563,-0.7354021668268549,94.3257240050287
36.325172880520206,112.13875652060315,8.05616126938844,65.94995198725667,0.016759334854229563,-0.7354021668268549,93.7738147820984
29.090582032387243,111.58801884530541,8.1144699793231,65.94379494103,0.016759334854229563,-0.7354021668268549,93.22513301103994
22.49747820811065,111.04051090959224,8.172446906822664,65.93763789488983,0.016759334854229563,-0.7354021668268549,92.67965981837719
16.674207930071706,110.4962138265833,8.230093992056482,65.93148084886171,0.016759334854229563,-0.7354021668268549,92.13737644100215
11.734106818036826,109.95510881984599,8.287413163849493,65.92532380296977,0.016759334854229563,-0.7354021668268549,91.59826422552958
7.778139050605554,109.41717592012033,8.339823570007642,65.96957869745118,0.016759334854229563,92.87842807967661,91.066432075504
5.005197174196024,108.88195668071565,8.194867013998028,68.18180374621701,0.016759334854229563,530.8738603963307,90.71485273853416
3.330554315897914,108.34822330446286,7.8515670827959445,72.57412689674389,0.016759334854229563,752.7622271623361,90.54329974241513
2.790600027138442,107.81525040564318,7.434543156004681,77.77655465925237,0.016759334854229563,773.2484997403718,90.43884987514497
2.9354978977013273,107.28294645778101,7.048883763628014,82.63321662861831,0.016759334854229563,684.8201681671144,90.30674632908463
3.0657561933398365,106.75155678203694,6.713499366467747,86.93582052311032,0.016759334854229563,607.2109316173197,90.13017366311595
3.1814792162109673,106.22132599106597,6.422042201348604,90.75391532535643,0.016759334854229563,539.3454458689416,89.91507095456346
3.284491267003101,105.69246588497977,6.1689623267185665,94.1483110583026,0.016759334854229563,479.9946705485807,89.6666289616827
3.3763865391158108,105.16515960144464,5.949410040255017,97.17214750193465,0.016759334854229563,428.084623035872,89.3893817745539
3.4585581493561954,104.63956524234078,5.759147534500875,99.87186188315587,0.016759334854229563,382.676815953452,89.08728967185918
3.532223506043326,104.1158190428145,5.59447169827272,102.28803447926859,0.016759334854229563,342.95116271757246,88.76381152416586
3.5984464766034976,103.59403814045754,5.4521466576594655,104.45612753781604,0.016759334854229563,308.19103977200274,88.42196806255764
3.6581567584414914,103.07432299506274,5.329344827837607,106.40713097229091,0.016759334854229563,277.7702334120284,88.0643971650672
3.712166805930321,102.55675950304001,5.223595401954689,108.16812659512702,0.016759334854229563,251.1415334334046,87.69340216796697
3.7611866218463015,102.04142084501622,5.1327393387998885,109.762781165535,0.016759334854229563,227.82676583827575,87.3109940819215
3.8058366826769907,101.52836910028108,5.0548900293565815,111.21177723310024,0.016759334854229563,207.40808304261094,86.91892848198164
3.8466592332377902,101.0176566574948,4.988398925773267,112.53318962500312,0.016759334854229563,189.5203529352594,86.51873774338308
3.884128156329729,100.509327447362,4.931825506680435,113.74281443461186,0.016759334854229563,173.84450815446553,86.11175921033677
3.918657597215203,100.00341801973352,4.883911031767867,114.8544565040072,0.016759334854229563,160.1017344381262,85.69915981091572
3.950609500007318,99.4999584847634,4.843555607558664,115.88018063696046,0.016759334854229563,148.04839218790784,85.28195756640909
3.9803001932487962,98.99897333527325,4.809798146630292,116.83053111823065,0.016759334854229563,137.471578742934,84.86104038694674
4.008006144637355,98.50048216531094,4.78179885523725,117.71472353774357,0.016759334854229563,128.18525052933538,84.43718249576592
4.033968989720349,98.00450029800021,4.758823930345184,118.54081241374656,0.016759334854229563,120.02683445016037,84.01105878129735
4.058399926156702,97.51103933412624,4.740232187330955,119.31583766820617,0.016759334854229563,112.85426679173177,83.58325733850347
4.081483553587935,97.020107631457,4.725463374770456,120.04595262250889,0.016759334854229563,106.54340570977851,83.15429042791773
4.10338122906178,96.53171072353958,4.714027963466478,120.73653584491502,0.016759334854229563,100.98577016347701,82.72460405201241
4.1242339991276005,96.04585168560763,4.705498223722413,121.39228888707244,0.016759334854229563,96.08656411183154,82.29458632333734
4.144165162011875,95.56253145427308,4.699500428333082,122.01732168986591,0.016759334854229563,91.76294998289993,81.86457477686285
4.163282506543867,95.0817491068325,4.695708039269094,122.61522721427293,0.016759334854229563,87.94253996690645,81.43486275972948
4.181680268613568,94.60350210528436,4.693835753949217,123.18914665662827,0.016759334854229563,84.56207765198002,81.00570501480182
4.1994408407988155,94.12778650950904,4.693634302652716,123.74182643619469,0.016759334854229563,81.56628598835876,80.57732255973848
4.216636266302463,93.65459716350234,4.694885902305776,124.27566799306845,0.016759334854229563,78.90686059659839,80.1499069504581
4.233329544411606,93.183927858063,4.697400283832003,124.79277130348707,0.016759334854229563,76.54159008278371,79.72362400666796
4.249575771257788,92.71577147290448,4.701011220704559,125.29497290516932,0.016759334854229563,74.43358733718439,79.2986170673233
4.265423136657051,92.25012010078741,4.705573495466929,125.78387912531713,0.016759334854229563,72.55061781437428,78.87500983532249
4.280913795187192,91.78696515594162,4.710960248966983,126.26089511652418,0.016759334854229563,70.86451255936566,78.45290886326184
4.296084627368809,91.32629746875949,4.717060664020152,126.72725022947725,0.016759334854229563,69.35065528796369,78.032405725535
4.310967904814934,90.86810736849334,4.723777941309183,127.18402018461089,0.016759334854229563,67.9875341784545,77.61357891634879
4.325591871464844,90.41238475547055,4.731027530651125,127.63214644656767,0.016759334854229563,66.75635021046674,77.19649550823505
4.3399812514890765,89.95911916414904,4.738735585413654,128.07245315436563,0.016759334854229563,65.64067491685691,76.78121260127512
4.354157693117046,89.508299818169,4.7468376119276385,128.50566191565187,0.016759334854229563,64.62615131453389,76.36777858944126
4.368140156471398,89.0599156784108,4.755277289294628,128.9324047345145,0.016759334854229563,63.700232566648516,75.95623426712892
4.381945252473369,88.61395548494222,4.764005438091781,129.3532353083282,0.016759334854229563,62.85195361585406,75.5466137960413
4.395587538992197,88.1704077936252,4.77297911918892,129.76863889940083,0.016759334854229563,62.071731628915245,75.13894555004521
4.409079779632729,87.72926100805738,4.782160846262386,130.17904096122743,0.016759334854229563,61.35119161774687,74.73325285339402
4.422433169874935,87.29050340743618,4.79151789766137,130.58481467647374,0.016759334854229563,60.68301406055345,74.32955462577085
4.435657534684271,86.8541231708607,4.801021715092176,130.98628754398825,0.016759334854229563,60.06080174747564,73.92786594590793
4.448761501192211,86.42010839852094,4.810647378167159,131.38374713482048,0.016759334854229563,59.47896342532732,73.52819854405539
4.46175264959215,85.98844713016743,4.820373145247084,131.7774461220838,0.016759334854229563,58.93261212200276,73.13056123227612
4.4746376449991,85.55912736120423,4.830180052213103,132.1676066762788,0.016759334854229563,58.41747629852592,72.73496028041056
4.487422352674802,85.13213705670603,4.8400515618598074,132.55442430613056,0.016759334854229563,57.92982221037178,72.34139974456691
4.50011193871694,84.70746416362093,4.849973257522837,132.93807121489553,0.016759334854229563,57.466386063866366,71.94988175412573
4.512710958046332,84.2850966213882,4.859932575360297,133.318699233268,0.016759334854229563,57.02431473189105,71.56040676249353
4.525223431294606,83.86502237117155,4.869918570411298,133.69644238230268,0.016759334854229563,56.60111394902641,71.17297376617893
4.5376529119927005,83.44722936388241,4.8799217121702,134.07141911303154,0.016759334854229563,56.19460304250833,70.7875804961883
4.550002545283888,83.03170556714626,4.889933705952772,134.44373426356412,0.016759334854229563,55.80287537442025,70.40422358523308
4.562275119230557,82.61843897134573,4.89994733680029,134.81348076931383,0.016759334854229563,55.42426377457669,70.02289871380097
4.574473109649162,82.20741759485712,4.909956333078092,135.18074115749653,0.016759334854229563,55.05731033445845,69.64360073775774
4.5865987192898565,81.79862948858208,4.919955247283923,135.54558885311798,0.016759334854229563,54.7007400119971,69.26632379980956
4.598653912074261,81.39206273986406,4.929939351894778,135.90808932023282,0.016759334854229563,54.353437566421995,68.89106142686317
4.610640443014858,80.98770547586717,4.939904548354978,136.26830105925794,0.016759334854229563,54.01442740303971,68.51780661506257
4.622559884360822,80.58554586648535,4.949847287547524,136.62627647849988,0.016759334854229563,53.682855960820895,68.14655190405715
4.634413648446365,80.18557212684149,4.959764500299956,136.98206265576653,0.016759334854229563,53.35797632198728,67.77728944186083
4.6462030076576,79.78777251942883,4.969653536658747,137.33570200392916,0.016759334854229563,53.03913476326514,67.41001104148869
4.657929111881468,79.39213535593906,4.979512112825943,137.6872328525533,0.016759334854229563,52.72575900383915,67.04470823040884
4.669593003754377,78.99864899881796,4.98933826479138,138.0366899561868,0.016759334854229563,52.417347935946815,66.68137229371679
4.6811956319881505,78.60730186258253,4.999130307815704,138.38410493855795,0.016759334854229563,52.113462651059166,66.31999431182365
4.69273786301585,78.21808241492995,5.0088868010260805,138.7295066807699,0.016759334854229563,51.81371859819323,65.96056519335103
4.704220491169438,77.83097917766518,5.018606516479521,139.07292166055555,0.016759334854229563,51.51777873152371,65.60307570383762
4.715644247574486,77.44598072747007,5.028288412130179,139.41437424876838,0.016759334854229563,51.22534752248106,65.24751649078588
4.727009807923814,77.06307569653418,5.037931608208104,139.75388696850337,0.016759334854229563,50.93616572727024,64.89387810551068
4.738317799271454,76.68225277306514,5.047535366579007,140.09148072156276,0.016759334854229563,50.65000581450431,64.54215102219388
4.749568805970568,76.30350070169385,5.057099072708975,140.4271749863862,0.016759334854229563,50.366667969671155,64.19232565449754
4.760763374863283,75.92680828378806,5.066622219905464,140.76098799104582,0.016759334854229563,50.08597660365841,63.84439237004352
4.771902019816848,75.55216437768608,5.076104395547386,141.09293686445093,0.016759334854229563,49.8077773017437,63.49834150302946
4.782985225688544,75.17955789886088,5.0855452690533385,141.42303776851216,0.016759334854229563,49.53193415747974,63.15416336521605
4.794013451791441,74.80897782002374,5.094944581368684,141.75130601366632,0.016759334854229563,49.25832744291521,62.81184825549153
4.804987134923959,74.44041317117501,5.104302135779851,142.07775615986196,0.016759334854229563,48.9868515727183,62.47138646819278
4.815906692018249,74.07385303960922,5.113617789888401,142.40240210483873,0.016759334854229563,48.717413325123815,62.13276830034045
4.826772522455498,73.70928656988022,5.122891448598543,142.72525716130397,0.016759334854229563,48.44993028730219,61.79598405792523
4.83758501009016,73.34670296373166,5.1321230579902295,143.04633412440757,0.016759334854229563,48.18432949683681,61.461024061364874
4.848344525019834,72.9860914799976,5.141312599966106,143.36564533073732,0.016759334854229563,47.92054625456852,61.12787865023721
4.85905142513288,72.62744143447702,5.15046008757467,143.68320270990662,0.016759334854229563,47.65852308718703,60.79653818738052
4.869706057461795,72.27074219978569,5.159565560924327,143.99901782966677,0.016759334854229563,47.39820884067698,60.46699306244109
4.880308759366866,71.91598320518862,5.1686290836137925,144.31310193536197,0.016759334854229563,47.139557888109884,60.139233694938106
4.890859859571485,71.56315393641592,5.177650739613678,144.62546598444004,0.016759334854229563,46.88252943735585,59.8132505369071
4.974209186017954,71.21224474475741,5.187844177790935,144.9227707423229,0.016759334854229563,34.68776030919364,59.48794151845879
5.562898903288072,70.86329996755643,5.219470937985672,144.982089165714,0.016759334854229563,-0.9190386343134935,59.14509294364851
6.732563651226949,70.5163997888702,5.256951346451096,144.97470706005868,0.016759334854229563,-0.9190386343134935,58.798812792480774
8.479643312520892,70.1715379406189,5.294222362813181,144.96732495438246,0.016759334854229563,-0.9190386343134935,58.45455761657282
10.79566874436706,69.82870250307822,5.331285211567853,144.9599428486717,0.016759334854229563,-0.9190386343134935,58.11231557428488
13.66935076264636,69.48788162622527,5.368141110047665,144.95256074291555,0.016759334854229563,-0.9190386343134935,57.77207489322472
17.08665193011875,69.14906352933026,5.404791268463075,144.94517863710666,0.016759334854229563,-0.9190386343134935,57.4338238698426
21.03086665372193,68.81223650055108,5.441236889943893,144.9377965312412,0.016759334854229563,-0.9190386343134935,57.09755086902869
25.482709817526167,68.47738889653083,5.4774791705808985,144.9304144253187,0.016759334854229563,-0.9190386343134935,56.76324432371299
30.42041511109985,68.14450914199762,5.5135192994675455,144.92303231934162,0.016759334854229563,-0.9190386343134935,56.43089273446731
35.819843771145095,67.81358572936732,5.549358458741579,144.91565021331442,0.016759334854229563,-0.9190386343134935,56.10048466910972
41.65460392902129,67.48460721834844,5.584997823626479,144.90826810724295,0.016759334854229563,-0.9190386343134935,55.77200876231142
47.896180390456315,67.1575622355493,5.620438562472608,144.9008860011336,0.016759334854229563,-0.9190386343134935,55.445453715205645
54.51407444213047,66.83243947408744,5.6556818367980055,144.8935038949929,0.016759334854229563,-0.9190386343134935,55.120808294999115
61.47595313130595,66.50922769320105,5.690728801328753,144.8861217888269,0.016759334854229563,-0.9190386343134935,54.79806133458563
68.71269763164659,66.26177775611842,5.725585110808344,144.79522600507536,74.28715378438687,-0.9190386343134935,54.543740048816375
75.71482464725892,66.96460846140278,5.760511426254866,143.62974303032584,265.1750149198238,-0.9190386343134935,55.14546438142574
82.26590863484577,68.65635464352239,5.796084635304461,141.33966973712344,412.42776984735866,-0.9190386343134935,56.63752077100104
88.31187600926567,71.09204215536599,5.832776021249169,138.19664279548667,521.8302840812295,-0.9190386343134935,58.79878720816991
93.82322871518525,74.06118475461825,5.870932309996068,134.43469767425407,598.8670481360391,-0.9190386343134935,61.43932408192121
98.79190049031479,77.38574453198852,5.910794027430952,130.2523714261803,648.6887179815149,-0.9190386343134935,64.39852018939324
103.22739486335999,80.91785545692345,5.952512671856321,125.81508618446314,676.064068140658,-0.9190386343134935,67.54302640549064
107.15262885691587,84.53726874827086,5.996166557682603,121.25786161328976,685.3314563027756,-0.9190386343134935,70.7644399414183
110.59985148252382,88.14855081742596,6.041775184805061,116.6883231689358,680.3600521692694,-0.9190386343134935,73.9767670237527
113.60692482014628,91.6781130864897,6.0893120193059405,112.18991781752241,664.5271484026063,-0.9190386343134935,77.11373554079906
116.21416126865573,95.0711788117102,6.13871562253971,107.8252191045901,640.7142341732242,-0.9190386343134935,80.1260524248939
118.46181673681411,98.28879799680529,6.189899125558547,103.63919608436376,611.3214884218518,-0.9190386343134935,82.97870584960994
120.38825701103671,101.30501193039663,6.2427581044965175,99.66233076322624,578.298138354358,-0.9190386343134935,85.64840366403509
122.02875044954523,104.10424893768655,6.297176962867271,95.91349069504865,543.184791031934,-0.9190386343134935,88.1212214732943
123.41479757252644,106.67900767334164,6.353033964471829,92.40249149824659,507.16332116731394,-0.9190386343134935,90.39051098087005
124.57388645532777,109.02785810327484,6.410205084106737,89.13231338857643,471.1100351069982,-0.9190386343134935,92.45509560218251
125.52955883946836,111.1537665539864,6.468566852978885,86.10096257381709,435.6484302757999,-0.9190386343134935,94.3177589365951
126.30168085117275,113.06273194649198,6.527998373624413,83.30299014532332,401.19872501338295,-0.9190386343134935,95.98401433408934
126.90682912342156,114.76270651173154,6.588382667967757,80.73069684096414,368.0222648361314,-0.9190386343134935,97.46113135233688
127.35872344031448,116.26276589449486,6.6496075049542185,78.37506172372883,336.25978123828355,-0.9190386343134935,98.75738735696338
127.66865727244864,117.57248992817598,6.71156583375558,76.2264371409925,305.9632026199333,-0.9190386343134935,99.8815092706916
127.84589545734642,118.70151548026409,6.774155927218808,74.27505243117577,277.12125534572374,-0.9190386343134935,100.84227060220819
127.89802262428586,119.6592254995938,6.83728131973878,72.51136598375182,249.6794448836373,-0.9190386343134935,101.648211364522
127.8312364763993,120.45454268827538,6.900850605220744,70.92630061237838,223.55519550707032,-0.9190386343134935,102.30745237583567
127.65058702837108,121.0958012046879,6.964777144860624,69.51139174493186,198.64898771012116,-0.9190386343134935,102.82757993991784
127.36016698253417,121.59067483622073,7.0289787213018275,68.25887239258482,174.8523037638093,-0.9190386343134935,103.21558144843152
126.96326034434686,121.94614474096805,7.0933771652267055,67.16171370918495,152.05310873977209,-0.9190386343134935,103.47781665580183
126.46245682761155,122.16849391486183,7.157897972333739,66.21363545664587,130.1394849977221,-0.9190386343134935,103.6200130397165
125.85973916164572,122.26331890710783,7.222469922577637,65.40909695486313,109.00192284407295,-0.9190386343134935,103.6472766986
125.15654952406615,122.23555199230441,7.287024709129863,64.74327610865447,88.53466176423316,-0.9190386343134935,103.56411266076476
124.23485461685489,122.08576773237652,7.351496308319309,64.2162499234266,65.14352418417472,-0.9190386343134935,103.37109803035145
122.55093126615184,121.74938275679584,7.415804790540292,63.901876833537145,24.30912212414551,-0.9190386343134935,103.01012159932162
120.11305048790156,121.17907914529053,7.4798259213146645,63.854992668143765,0.019856585699388404,-0.9190386343134935,102.43866653362689
116.62436864995958,120.57735554593768,7.543485523836616,63.847589899788446,0.019856585699388404,-0.9190386343134935,101.83923087370232
112.09438820100779,119.97916044203157,7.606782653643938,63.84018713143364,0.019856585699388404,-0.9190386343134935,101.24330059049971
106.6114560584702,119.38447319965461,7.669719430402401,63.832784363079604,0.019856585699388404,-0.9190386343134935,100.65085518529534
100.28247724289085,118.79327330555215,7.732297961382238,63.82538159472678,0.019856585699388404,-0.9190386343134935,100.06187427923788
93.23082867696682,118.20554036642642,7.794520341530554,63.817978826375835,0.019856585699388404,-0.9190386343134935,99.47633761264734
85.5939522967605,117.62125410823508,7.856388653543215,63.81057605802788,0.019856585699388404,-0.9190386343134935,98.8942250443181
77.52067443338991,117.04039437549368,7.917904967936237,63.80317328968464,0.019856585699388404,-0.9190386343134935,98.31551655082625
69.16830375290354,116.46294113058171,7.979071343116649,63.79577052134889,0.019856585699388404,-0.9190386343134935,97.74019222584074
60.69956435318334,115.88887445305306,8.039889825452754,63.788367753024964,0.019856585699388404,-0.9190386343134935,97.16823227943863
52.27942382709714,115.31817453895005,8.100362449343786,63.78096498471946,0.019856585699388404,-0.9190386343134935,96.5996170374244
44.07187815136338,114.7508217001212,8.160491237289056,63.773562216442095,0.019856585699388404,-0.9190386343134935,96.03432694065323
36.23675611760998,114.1867963635433,8.220278199956693,63.76615944820656,0.019856585699388404,-0.9190386343134935,95.47234254435811
28.926605685250504,113.62607907064778,8.279725336252282,63.758756680030956,0.019856585699388404,-0.9190386343134935,94.91364451748107
22.28372315247711,113.06865047665147,8.338834633388071,63.75135391193742,0.019856585699388404,-0.9190386343134935,94.35821364200818
16.43738355326739,112.5144913498933,8.397608066953184,63.74395114395028,0.019856585699388404,-0.9190386343134935,93.80603081230849
11.501327581811752,111.9635825711765,8.456047600985318,63.736548376092266,0.019856585699388404,-0.9190386343134935,93.25707703447695
7.584088604653236,111.41589930788003,8.501741188761525,63.865706184772,0.019856585699388404,152.02260602575143,92.72251196085831
4.878790496564166,110.87086392922029,8.326985882693828,66.41680972154008,0.019856585699388404,573.7776186126483,92.38893497596328
3.28328236044222,110.32723399920313,7.963560439556185,71.04169660911188,0.019856585699388404,779.1226130267002,92.22659725747592
2.856652938878421,109.78433881201089,7.537568964640526,76.3539795868497,0.019856585699388404,779.2268163847244,92.12128726385606
3.004629716095299,109.24214086981414,7.149672887005946,81.24642530765074,0.019856585699388404,689.9125528261492,91.98228524115011
3.1358572128044724,108.7008986723197,6.812363639593175,85.58133590449827,0.019856585699388404,611.8209743891597,91.79857052878693
3.252459041562426,108.16085814336832,6.519251153961045,89.42872423630511,0.019856585699388404,543.5331342408133,91.5761214981917
3.3562707346987706,107.62223219315241,6.264751339245509,92.84977471405831,0.019856585699388404,483.812428515501,91.3201606728387
3.4488963011764824,107.08520489408245,6.043984652968713,95.89795430319047,0.019856585699388404,431.5782653064173,91.03524986794267
3.5317374359395197,106.54993512975805,5.852687213015556,98.6199861685001,0.019856585699388404,385.88638177038615,90.72537355712045
3.6060190441293356,106.01655978351684,5.687133123972101,101.05670048136902,0.019856585699388404,345.9116444815088,90.39401172122926
3.672811545096763,105.48519652464935,5.544066602990519,103.24377788682499,0.019856585699388404,310.9330197400084,90.04420350633976
3.7330503624792426,104.95594624303965,5.420642668845027,105.21239917278271,0.019856585699388404,280.3204400686809,89.67860285038867
3.7875529553571514,104.42889517658774,5.314375313822922,106.98981297525481,0.019856585699388404,253.52332766867983,89.29952709176594
3.837033700713571,103.90411677017408,5.223092214395329,108.59983186034404,0.019856585699388404,230.0605657880123,88.90899944525465
3.88211689828304,103.38167330003458,5.14489515571697,110.0632658192018,0.019856585699388404,209.51173533004226,88.50878611903612
3.92334813467386,102.86161729314436,5.078125449082479,111.39830107210517,0.019856585699388404,191.50945707582483,88.10042874885848
3.9612042137626045,102.34399276747196,5.021333712413899,112.62083108160702,0.019856585699388404,175.73270003293877,87.68527274016905
3.9961018342439085,101.82883631570391,4.973253463327189,113.74474580419587,0.019856585699388404,161.90093402160443,87.26449203447281
4.028405172397881,101.31617805218826,4.932778043772198,114.78218444920971,0.019856585699388404,149.7690199867786,86.8391107510475
4.058432508195945,100.80604244035432,4.898940455925506,115.7437563490306,0.019856585699388404,139.12274496265397,86.41002209822888
4.086462015440192,100.29844901568771,4.870895742044328,116.63873396372995,0.019856585699388404,129.77492035841786,85.9780048987452
4.11273682140408,99.7934130174386,4.847905587328329,117.4752215357581,0.019856585699388404,121.56197249510483,85.54373803011947
4.1374694281362085,99.29094594057794,4.8293248653284255,118.26030246673717,0.019856585699388404,114.3409632897675,85.10781304318056
4.160845575961564,98.7910560180631,4.814589880825453,119.00016810083538,0.019856585699388404,107.98698681838142,84.67074518853794
4.18302761955409,98.29374864220635,4.803208096021185,119.70023026051977,0.019856585699388404,102.39089433558428,84.23298305187674
4.204157478075983,97.79902673282876,4.794749152902851,120.36521958453227,0.019856585699388404,97.4573063122151,83.79491697358783
4.224359213120597,97.30689105891418,4.7888370282523205,120.99927145931994,0.019856585699388404,93.10287527969325,83.3568864061054
4.243741281416312,96.81734051962927,4.785143178402325,121.60600110916381,0.019856585699388404,89.25476783874441,82.91918634297357
4.2623985033243885,96.33037238983732,4.7833805488704835,122.18856921277414,0.019856585699388404,85.84933818209456,82.48207293675593
4.280413782987048,95.845982534585,4.783298339755721,122.74973924155955,0.019856585699388404,82.8309689691943,82.04576840812616
4.297859611458262,95.36416559647702,4.784677431547997,123.29192756398686,0.019856585699388404,80.15105843937489,81.61046533556605
4.314799380196742,94.8849151593596,4.787326388031754,123.81724722868063,0.019856585699388404,77.76713531359152,81.1763304038159
4.331288528846365,94.40822389130199,4.791077963475333,124.32754622377065,0.019856585699388404,75.6420853625887,80.74350767936309
4.347375548210773,93.93408366948785,4.795786050484221,124.82444090937891,0.019856585699388404,73.74347555334036,80.31212147263831
4.363102856691265,93.46248568929938,4.8013230129227615,125.30934523221565,0.019856585699388404,72.04296346302033,79.88227883906308
4.378507566152171,92.99342055958861,4.807577355322993,125.78349625442553,0.019856585699388404,70.51578120291344,79.4540717645113
4.39362215116387,92.52687838587887,4.814451686328486,126.2479764616879,0.019856585699388404,69.14028445188512,79.0275790750007
4.408475033813549,92.06284884301932,4.821860939076869,126.70373325690923,0.019856585699388404,67.89755838500828,78.60286810540663
4.423091094735954,91.60132123862381,4.829730816104955,127.15159599458093,0.019856585699388404,66.77107331929535,78.17999615760023
4.437492119672361,91.14228456845639,4.837996430450069,127.59229086607904,0.019856585699388404,65.74638380408686,77.7590117745786
4.451697189691758,90.68572756478041,4.846601118194895,128.0264539070364,0.019856585699388404,64.81086567499928,77.33995585380174
4.465723022181908,90.23163873855893,4.855495400826062,128.45464236371188,0.019856585699388404,63.95348628184311,76.92286262002322
4.479584268821341,89.78000641628216,4.864636078505534,128.87734462538995,0.019856585699388404,63.164603705190856,76.50776047534059
4.493293775959642,89.3308187721008,4.87398543773848,129.29498890372335,0.019856585699388404,62.435791304307116,76.09467274195694
4.506862812148712,88.88406385585691,4.883510559005045,129.70795081710892,0.019856585699388404,61.759684400565355,75.68361831118939
4.520301266969328,88.43972961753077,4.893182711744275,130.1165600182395,0.019856585699388404,61.129846303676686,75.27461221055255
4.533617824774454,87.9978039285558,4.902976825669613,130.52110598554725,0.019856585699388404,60.540651240388534,74.8676660992536
4.546820116513852,87.55827460039735,4.912871028785764,130.92184308402457,0.019856585699388404,59.987182053190324,74.46278870113096
4.559914852405352,87.12112940074013,4.922846243691668,131.31899498759935,0.019856585699388404,59.46514080560095,74.05998618292855
4.572907937869165,86.6863560675869,4.932885834816061,131.71275854361224,0.019856585699388404,58.97077066570849,73.65926248480315
4.5858045748368435,86.25394232153194,4.9429753001598185,132.10330714978193,0.019856585699388404,58.500787645066424,73.26061960909124
4.598609350280049,85.82387587643969,4.95310200192996,132.4907937051643,0.019856585699388404,58.05232094956699,72.86405787260122
4.611326313571515,85.39614444873028,4.963254931158641,132.87535318885082,0.019856585699388404,57.622860855781504,72.46957612703396
4.623959044087128,84.97073576544774,4.973424502019492,133.25710491337153,0.019856585699388404,57.210213163333464,72.07717195155202
4.636510710280378,84.54763757126484,4.983602372094591,133.63615449384324,0.019856585699388404,56.81245939365415,71.68684182101185
4.648984121304998,84.1268376345589,4.993781285318055,134.01259556872418,0.019856585699388404,56.427922010141465,71.29858125292989
4.661381772125933,83.70832375267612,5.003954934735306,134.3865113035132,0.019856585699388404,56.055134026207774,70.9123849358654
4.673705882940202,83.29208375648702,5.014117842578016,134.7579757047781,0.019856585699388404,55.692812447628626,70.52824684156505
4.68595843362547,82.8781055143224,5.024265255470106,135.12705476844172,0.019856585699388404,55.339835065446685,70.14616032291794
4.6981411938436795,82.46637693536883,5.034393052855839,135.49380748323617,0.019856585699388404,54.99522017671554,69.76611819951174
4.710255749347895,82.05688597259129,5.044497666981863,135.85828670759756,0.019856585699388404,54.658108863698956,69.38811283235397
4.722303524971362,81.64962062524374,5.054576012975507,136.2205399359682,0.019856585699388404,54.327749508744205,69.01213618912624
4.734285804717359,81.24456894101904,5.064625427745566,136.5806099684581,0.019856585699388404,54.00348426277068,68.63817990116554
4.746203749315616,80.84171901788436,5.074643616592499,136.93853549605907,0.019856585699388404,53.68473722090022,68.26623531321668
4.758058411564901,80.4410590056421,5.084628606555389,137.29435161206416,0.019856585699388404,53.37100408985184,67.89629352686825
4.769850749741089,80.04257710725105,5.094578705645733,137.64809025900328,0.019856585699388404,53.061843158895826,67.52834543846913
4.781581639314755,79.64626157993787,5.104492467225352,137.9997806192299,0.019856585699388404,52.756867409906405,67.1623817722219
4.7932518831915845,79.25210073612642,5.114368658879439,138.34944945626776,0.019856585699388404,52.455737622801784,66.79839310906229
4.804862220661925,78.86008294420748,5.124206235217594,138.69712141312928,0.019856585699388404,52.15815635079056,66.43636991185619
4.816413335222372,78.47019662916922,5.134004314107301,139.0428192730353,0.019856585699388404,51.86386265568744,66.07630254737909
4.827905861411649,78.08243027310688,5.143762155906767,139.38656418727754,0.019856585699388404,51.572627507406224,65.71818130548408
4.839340390785172,77.69677241562631,5.153479145318737,139.72837587437084,0.019856585699388404,51.28424976383562,65.3619964158136
4.850717477136937,77.31321165415541,5.163154775534608,140.06827279411613,0.019856585699388404,50.998552657875194,65.00773806236454
4.862037641063684,76.93173664417533,5.172788634379851,140.40627229973904,0.019856585699388404,50.715380727647236,64.65539639617803
4.873301373954324,76.55233609938172,5.1823803922083,140.74239077087103,0.019856585699388404,50.43459713397205,64.30496154639091
4.884509141477126,76.1749987917849,5.191929791324619,141.07664372978874,0.019856585699388404,50.156081316248795,63.95642362985505
4.895661386628019,75.79971355175711,5.201436636742159,141.40904594302438,0.019856585699388404,49.87972694404773,63.60977275950639
4.906758532395386,75.42646926803377,5.210900788107725,141.7396115101917,0.019856585699388404,49.6054401271065,63.26499905164097
4.917800984089709,75.05525488767434,5.220322152646028,142.0683539416413,0.019856585699388404,49.33313785112917,62.92209263223608
4.928789131380367,74.68605941598877,5.229700678995154,142.39528622635368,0.019856585699388404,49.06274661090078,62.58104364243751
4.939723350076507,74.31887191643351,5.239036351820662,142.7204208913014,0.019856585699388404,48.79420121582342,62.24184224331814
4.950604003684276,73.95368151048132,5.248329187110045,143.04377005335743,0.019856585699388404,48.52744374612073,61.90447861999985
4.961431444768643,73.59047737746863,5.257579228061728,143.36534546468863,0.019856585699388404,48.26242264070248,61.56894298521958
4.97220601614442,73.22924875442322,5.266786541493583,143.68515855245658,0.019856585699388404,47.9990919000787,61.23522558240966
4.98292805191806,72.86998493587483,5.275951214705416,144.00322045354443,0.019856585699388404,47.73741038980826,60.903316688353804
5.100316606223816,72.5126769753724,5.287200582274408,144.29614059695268,0.019856585699388404,30.045424850384983,60.57129172554909
5.758789718469973,72.1573811812088,5.3214792464380976,144.3334647258056,0.019856585699388404,-1.1027052233955283,60.22033241116076
7.009244600168933,71.80417028570766,5.359721203402568,144.3248366972191,0.019856585699388404,-1.1027052233955283,59.86768084980049
8.847084248933376,71.45303522506993,5.397749915536005,144.31620866861167,0.019856585699388404,-1.1027052233955283,59.51709152239924
11.263378097127223,71.10396386025194,5.43556662986313,144.30758063997095,0.019856585699388404,-1.1027052233955283,59.168552369436085
14.246331140176126,70.75694412319403,5.473172586113622,144.29895261128715,0.019856585699388404,-1.1027052233955283,58.82205140191161
17.7813578019298,70.41196401640482,5.510569016764234,144.29032458255375,0.019856585699388404,-1.1027052233955283,58.47757670093564
21.85116423238601,70.06901161254852,5.547757147081069,144.28169655376774,0.019856585699388404,-1.1027052233955283,58.13511641731727
26.435839492395186,69.72807505403472,5.584738195162013,144.27306852492904,0.019856585699388404,-1.1027052233955283,57.794658771157174
31.512956759202147,69.38914255261125,5.62151337197918,144.26444049604038,0.019856585699388404,-1.1027052233955283,57.456192051442464
37.057685204262505,69.05220238895939,5.658083881421266,144.25581246710613,0.019856585699388404,-1.1027052233955283,57.11970461564391
43.0429126815102,68.71724291229137,5.694450920335714,144.2471844381319,0.019856585699388404,-1.1027052233955283,56.78518488931534
49.439379012750024,68.38425253995031,5.730615678570548,144.23855640912376,0.019856585699388404,-1.1027052233955283,56.45262136569557
56.21581943473997,68.05321975701246,5.766579339015831,144.2299283800878,0.019856585699388404,-1.1027052233955283,56.122002605312666
63.33911762917499,67.72413311589132,5.802343077644745,144.22130035102944,0.019856585699388404,-1.1027052233955283,55.79331723559029
70.71446364161105,67.52184292905643,5.837917933915491,144.07147003491949,96.7659578185429,-1.1027052233955283,55.579033070052176
77.80419425582524,68.34788675761257,5.873617277213456,142.7582529245099,286.5747424488305,-1.1027052233955283,56.29106379493213
84.4276809543517,70.15513354897197,5.910028345334785,140.32844749307748,432.5215004581788,-1.1027052233955283,57.88641995943358
90.53245795988674,72.69755508732257,5.947617863615812,137.05493164578834,540.4717602862356,-1.1027052233955283,60.14303404900848
96.09082343764778,75.76406920300805,5.986727554195378,133.17246929082688,615.9825017776601,-1.1027052233955283,62.870434089066556
101.0965426502763,79.17644063304843,6.027592728343582,128.87987785138932,664.2658620724956,-1.1027052233955283,65.90783577848165
105.56086409810734,82.78693255245823,6.070359657440443,124.3424909545291,690.1395783016674,-1.1027052233955283,69.12201110251
109.50827659214418,86.4756750804051,6.115101574111297,119.69495600670804,697.9781562783761,-1.1027052233955283,72.40490320218079
112.97237601481244,90.1477881066143,6.161833157184845,115.04432606542092,691.6748079026331,-1.1027052233955283,75.6710212764999
115.992125732711,93.73034286560423,6.210523388565177,110.473351834717,674.620203843543,-1.1027052233955283,78.85469167917391
118.60869809201789,97.16927081319919,6.261106723865459,106.04385175776991,649.7004316875849,-1.1027052233955283,81.9072630590417
120.86298954398082,100.42633262569287,6.313492579951198,101.80003268484728,619.3135452212426,-1.1027052233955283,84.79436718135383
122.7938194794998,103.47624911141769,6.367573201729978,97.77164540854997,585.4019257344427,-1.1027052233955283,87.49332707622285
124.43675967818837,106.30407473565838,6.4232300206668675,93.97688263699052,549.4964009341188,-1.1027052233955283,89.9907851164592
125.823500111131,108.9028684407268,6.480338654532871,90.42495596987547,512.767608055804,-1.1027052233955283,92.28060015300062
126.98163675403207,111.27168988415487,6.53877272036604,87.11831820677519,476.08028401381654,-1.1027052233955283,94.36203888899475
127.93476455535586,113.41392538594854,6.5984066412025095,84.05452415268547,440.0468114887107,-1.1027052233955283,96.23826519558554
128.70276888804636,115.3359287824785,6.6591176239208965,81.22774469684269,405.0772370433157,-1.1027052233955283,97.91511387411721
129.30222658204576,117.04594887320216,6.720786973412443,78.62996434205625,371.42392523777573,-1.1027052233955283,99.40012320798269
129.74684847543455,118.55330712477345,6.783300890305268,76.25190162409794,339.21988732744035,-1.1027052233955283,100.70179343684487
130.04791589870823,119.8677860377893,6.846550878459219,74.0836957748349,308.51054240014525,-1.1027052233955283,101.829035368575
130.2146814056368,120.9991890209303,6.910433866729618,72.11540272504952,279.27919788284225,-1.1027052233955283,102.79077375977246
130.25471829028842,121.95703560612408,6.974852128779712,70.33734039336782,251.46687687069806,-1.1027052233955283,103.59567280707182
130.174213760135,122.75036031895944,7.039713066098488,68.74031834949567,224.9872969965357,-1.1027052233955283,104.25195514479717
129.9782074240474,123.38758862739107,7.104928903420947,67.31578134255915,199.737856469936,-1.1027052233955283,104.76729036143475
129.6707806601125,123.87646849744051,7.170416332609953,66.05589056046252,175.60744656560408,-1.1027052233955283,105.14873365892934
129.25520420185546,124.22404077972391,7.236096130618494,64.95356129552664,152.4818213110909,-1.1027052233955283,105.40269951805851
128.73405162408204,124.43663571627775,7.301892769115763,64.0024711858891,130.24714230546104,-1.1027052233955283,105.53495890311719
128.1092858992839,124.51988621603405,7.367734027357913,63.197049472639016,108.79219935355212,-1.1027052233955283,105.55065157057008
127.38232526297075,124.47875121725218,7.433550615529228,62.532454743516084,88.0096984326487,-1.1027052233955283,105.45430745561997
126.38464576861398,124.31126266041602,7.499275264005416,62.0116508716405,62.85249145146166,-1.1027052233955283,105.24421413494085
124.59267213203051,123.94327535253113,7.564822753811576,61.71935933381798,19.70148473760829,-1.1027052233955283,104.8536509112179
122.01530183055503,123.34944876246308,7.63006460052018,61.6856282589255,0.02285533378782898,-1.1027052233955283,104.25990422885927
118.35137119366883,122.73702265044889,7.694936848957498,61.67698022481159,0.02285533378782898,-1.1027052233955283,103.6497341918386
113.6352239179902,122.12818822031372,7.75944013371039,61.66833219069814,0.02285533378782898,-1.1027052233955283,103.04313230397419
107.95884518986279,121.52292446863888,7.823576612402503,61.65968415658537,0.02285533378782898,-1.1027052233955283,102.4400776994621
101.43291690669724,120.92121051482901,7.887348430040011,61.651036122473684,0.02285533378782898,-1.1027052233955283,101.84054963451725
94.18465737475897,120.32302560039412,7.950757719085298,61.64238808836369,0.02285533378782898,-1.1027052233955283,101.24452748665989
86.35533913557201,119.72834908823518,8.013806599530142,61.633740054256414,0.02285533378782898,-1.1027052233955283,100.65199075400649
78.09753335481555,119.137160461934,8.076497178968436,61.625092020153474,0.02285533378782898,-1.1027052233955283,100.06291905456418
69.57213452984931,118.54943932504726,8.138831552668307,61.61644398605742,0.02285533378782898,-1.1027052233955283,99.47729212552981
60.94522354729764,117.96516540040443,8.200811803643665,61.60779595197236,0.02285533378782898,-1.1027052233955283,98.89508982259304
52.38483026889211,117.38431852940934,8.262440002725187,61.59914791790453,0.02285533378782898,-1.1027052233955283,98.31629211924323
44.0576587841133,116.80687867134621,8.323718208630698,61.59049988386316,0.02285533378782898,-1.1027052233955283,97.74087910608065
36.125839211330465,116.23282590268948,8.384648468035179,61.58185184986129,0.02285533378782898,-1.1027052233955283,97.16883099013178
28.743769458307483,115.66214041641781,8.445232815640727,61.57320381591621,0.02285533378782898,-1.1027052233955283,96.6001280941682
22.055108722311527,115.09480252133334,8.505473274246958,61.564555782049055,0.02285533378782898,-1.1027052233955283,96.03475085602996
16.18998187649604,114.53079264138624,8.565371854822422,61.555907748282955,0.02285533378782898,-1.1027052233955283,95.47267982795265
11.262450683917697,113.97009131500494,8.624930556577524,61.54725971463932,0.02285533378782898,-1.1027052233955283,94.91389567589826
7.391538693374669,113.41266340799196,8.660070968652223,61.803513904473384,0.02285533378782898,210.31868913328057,94.38005900947373
4.7554766512329065,112.85780404850482,8.45605389599544,64.68759797205674,0.02285533378782898,615.6573962974451,94.06399354328293
3.243862036524045,112.30427319139797,8.073306433876818,69.53621511603065,0.02285533378782898,803.7998006458192,93.91014329496794
2.92512857183942,111.75145682682506,7.639562750548034,74.94498331675297,0.02285533378782898,784.6293097884607,93.8028792752512
3.074110283258754,111.19936966692299,7.249566925909381,79.87170107060581,0.02285533378782898,694.7975993621305,93.65685971137299
3.2062681637513246,110.64828036406794,6.910449899976391,84.23762446023323,0.02285533378782898,616.2496605412048,93.4659023622167
3.3237148455883805,110.09843606563568,6.615784367999715,88.11317456134348,0.02285533378782898,547.5621704889172,93.23602024771486
3.428296479202409,109.55005071554503,6.359953956854088,91.55988972168613,0.02285533378782898,487.4913752789759,92.97246590574508
3.521626352986229,109.00330925426533,6.138050915403967,94.63154622102186,0.02285533378782898,434.95043498998655,92.67982734676221
3.605114271526183,108.45837128887996,5.94578671253884,97.37513754556204,0.02285533378782898,388.9896270058079,92.36211190247239
3.6799922273972556,107.91537430006535,5.779413914410481,99.83173011447282,0.02285533378782898,348.7790469225703,92.02281949587086
3.747336834134685,107.37443644440941,5.635657917856553,102.03721104559555,0.02285533378782898,313.5934919573452,91.66500666727316
3.8080889290009536,106.8356590031236,5.511657296526909,104.02294158101293,0.02285533378782898,282.79925150802745,91.29134252259064
3.863070702614694,106.29912852176031,5.40491167310985,105.81632807467936,0.02285533378782898,255.84256425289544,90.90415762296212
3.913000667459512,105.76491867991955,5.313236168144626,107.44132094271515,0.02285533378782898,232.23953153455633,90.50548670628014
3.9585067379255756,105.23309192501077,5.234721595699864,108.91885066479264,0.02285533378782898,211.56730329942002,90.09710601879777
4.000137660138277,104.7037008998378,5.167699680877224,110.26720877842521,0.02285533378782898,193.45637604353092,89.6805659368232
4.038372999769448,104.17678969001811,5.110712665572826,111.50238080600764,0.02285533378782898,177.58386247093696,89.25721947271803
4.073631869759991,103.65239491396814,5.0624867488617005,112.6383371789038,0.02285533378782898,163.66761027066033,88.82824718444755
4.1062805569302245,103.13054667531667,5.02190887821849,113.6872874577919,0.02285533378782898,151.46106288508753,88.39467894242077
4.136639186397366,102.61126939510258,4.988006468823552,114.65990247991363,0.02285533378782898,140.74876865807582,87.95741295011395
4.16498754519301,102.09458253892511,4.959929681539125,115.56550847965686,0.02285533378782898,131.34245656139854,87.5172323649477
4.1915701711582996,101.58050125229909,4.936935936746545,116.41225671839459,0.02285533378782898,123.0776070184215,87.07481982217753
4.216600799811393,101.06903691579693,4.918376381962083,117.20727171340043,0.02285533378782898,115.81045536216365,86.6307701263585
4.240266250187201,100.56019763009758,4.903684066737256,117.95678076583991,0.02285533378782898,109.4153733453929,86.18560134156935
4.262729820430219,100.05398863978586,4.892363609447836,118.66622714719807,0.02285533378782898,103.78258100665494,85.73976448241285
4.284134254991371,99.55041270362982,4.883982167750704,119.34036900584083,0.02285533378782898,98.81614721360968,85.29365198232243
4.304604337476457,99.04947041808893,4.878161548234211,119.98336579529648,0.02285533378782898,94.43224246334874,84.8476050934343
4.324249156375059,98.5511604999542,4.874571311538193,120.59885379855258,0.02285533378782898,90.55761211424786,84.40192035282153
4.343164084940195,98.05548003327584,4.872922747352413,121.1900121240445,0.02285533378782898,87.12824223909764,83.956855232881
4.361432511282266,97.56242468508525,4.872963609547156,121.75962037545328,0.02285533378782898,84.08819379787921,83.51263307880282
4.379127350190915,97.07198889384797,4.8744735155355645,122.310109045768,0.02285533378782898,81.38858389450908,83.06944742306666
4.396312364222651,96.58416603408826,4.877259926066396,122.84360355353967,0.02285533378782898,78.98669556102851,82.62746575556034
4.413043318117751,96.09894856019224,4.881154632218467,123.36196272344479,0.02285533378782898,76.84519985386119,82.18683281800217
4.429368987574097,95.61632813201638,4.886010685606823,123.86681241207997,0.02285533378782898,74.93147609253319,81.74767348268173
4.445332040752674,95.13629572459736,4.891699715883761,124.35957489147827,0.02285533378782898,73.21701785893126,81.31009526796333
4.460969808571239,94.65884172396909,4.898109586672568,124.8414945255652,0.02285533378782898,71.67691393730975,80.87419053637905
4.476314957816957,94.18395601084032,4.905142347236284,125.31366020724639,0.02285533378782898,70.2893947403147,80.44003841535746
4.491396079338618,93.71162803366438,4.912712442570781,125.77702496481493,0.02285533378782898,69.03543595912627,80.00770647558097
4.506238202032236,93.24184687243968,4.920745149318596,126.23242309480469,0.02285533378782898,67.89841221816513,79.57725219755032
4.520863241982123,92.77460129441076,4.92917520901335,126.68058513335954,0.02285533378782898,66.8637944256492,79.14872425307719
4.5352903949384045,92.30987980269201,4.937945633758961,127.12215093881701,0.02285533378782898,65.91888530721045,78.72216362505391
4.549536479279805,91.84767067870715,4.947006662588798,127.55768112380129,0.02285533378782898,65.0525883052901,78.29760458590418
4.563616235708595,91.38796201922491,4.956314849494572,127.98766704505482,0.02285533378782898,64.25520563479425,77.87507555254427
4.577542589136508,90.93074176867334,4.96583226651312,128.41253953296876,0.02285533378782898,63.518261816574174,77.4545998334347
4.591326877531689,90.47599774732787,4.97552580735508,128.83267651981473,0.02285533378782898,62.83434947437851,77.03619628133653
4.6049790518949765,90.0237176758948,4.985366578890784,129.2484097056209,0.02285533378782898,62.19699458645612,76.61987986366962
4.618507851007899,89.57388919694505,4.995329369409063,129.660030383105,0.02285533378782898,61.60053873735692,76.20566216086826
4.63192095413526,89.12649989359511,5.005392183963059,130.06779452776075,0.02285533378782898,61.04003622513814,75.79355180181831
4.645225114463604,88.68153730578386,5.015535838339186,130.47192724580648,0.02285533378782898,60.511164149777585,75.3835548443148
4.658426275705987,88.2389889444481,5.025743604253139,130.87262666101103,0.02285533378782898,60.01014384504856,74.97567510747582
4.671529673996815,87.79884230386207,5.036000899310018,131.27006731118828,0.02285533378782898,59.533672222733585,74.56991446217451
4.684539926932598,87.36108487237345,5.046295016080998,131.66440311622225,0.02285533378782898,59.07886177860966,74.16627308478611
4.697461111380319,86.92570414173812,5.056614885361466,132.05576997167933,0.02285533378782898,58.643188167411374,73.7647496788786
4.710296831470523,86.4926876152302,5.066950869298231,132.44428801524492,0.02285533378782898,58.224444391848884,73.36534166889099
4.72305027801343,86.06202281468305,5.077294580617382,132.83006360726003,0.02285533378782898,57.82070077123369,72.96804536933439
4.735724280420176,85.63369728659582,5.0876387246599,133.21319106142974,0.02285533378782898,57.43026996054059,72.5728561326035
4.748321352074743,85.20769860742352,5.097976961347527,133.59375415722056,0.02285533378782898,57.05167638272907,72.17976847809766
4.760843729982846,84.78401438815436,5.1083037845643915,133.97182746149025,0.02285533378782898,56.683629517535266,71.78877620500975
4.773293409419806,84.36263227826436,5.1186144167572145,134.34747748341675,0.02285533378782898,56.325000560191654,71.39987249084362
4.785672174208366,83.94353996912764,5.128904716834033,134.7207636837587,0.02285533378782898,55.97480202491489,71.01304997746065
4.797981623177738,83.52672519695192,5.139171099683687,135.09173935682392,0.02285533378782898,55.63216992164218,70.62830084622918
4.810223193285709,83.11217574529913,5.149410465849932,135.46045240120594,0.02285533378782898,55.29634818136815,70.24561688365206
4.822398179824768,82.69987944724342,5.159620140079047,135.8269459933217,0.02285533378782898,54.966675046392204,69.86498953867331
4.834507754080135,82.28982418721294,5.169797817621444,136.19125917601258,0.02285533378782898,54.64257117757868,69.48640997271434
4.846552978761181,81.88199790255554,5.179941517308966,136.55342737292506,0.02285533378782898,54.32352926200642,69.10986910335713
4.858534821487131,81.47638858486307,5.190049540553069,136.913482838034,0.02285533378782898,54.00910493171452,68.73535764247589
4.870454166572525,81.07298428108538,5.200120435516878,137.2714550484915,0.02285533378782898,53.69890882813338,68.36286612951812
4.882311825326934,80.67177309446065,5.210152965808333,137.62737104795082,0.02285533378782898,53.39259966765791,67.99238496054713
4.894108545056386,80.27274318528531,5.220146083124073,137.98125574661367,0.02285533378782898,53.08987818205631,67.62390441358072
4.905845016930274,79.87588277154417,5.230098903345577,138.33313218346066,0.02285533378782898,52.79048182334311,67.25741467069398
4.917521882856878,79.48118012941877,5.24001068565203,138.6830217554353,0.02285533378782898,52.49418013666942,66.89290583729448
4.92913974149258,79.08862359368919,5.249880814269312,139.03094441775124,0.02285533378782898,52.20077071695173,66.53036795892646
4.940699153494047,78.69820155804317,5.259708782522511,139.37691885896496,0.02285533378782898,51.91007567559343,66.16979103591667
4.952200646108901,78.30990247530465,5.269494178901351,139.72096265399816,0.02285533378782898,51.62193855294448,65.81116503613381
4.963644717188321,77.92371485759176,5.2792366748845625,140.06309239789107,0.02285533378782898,51.33622162026368,65.4544799060998
4.975031838694492,77.5396272764136,5.288936014301285,140.40332382271754,0.02285533378782898,51.05280352204314,65.09972558066148
4.986362459766645,77.15762836271387,5.298592004035573,140.7416718997862,0.02285533378782898,50.77157721575408,64.74689199140414
4.997637009401359,76.77770680686794,5.30820450590457,141.07815092898406,0.02285533378782898,50.49244817149034,64.39596907396576
5.008855898795786,76.39985135863968,5.317773429562241,141.4127746168839,0.02285533378782898,50.215332798720745,64.04694677439133
5.020019523396328,76.02405082710355,5.3272987262993,141.74555614503342,0.02285533378782898,49.94015707149757,63.6998150546482
5.031128264689904,75.65029408053591,5.336780383626246,142.07650822966448,0.02285533378782898,49.66685532708343,63.35456389740831
5.042182491770306,75.27857004628042,5.346218420540704,142.40564317390454,0.02285533378782898,49.395369216117906,63.0111833101906
5.053182562707974,74.90886771059047,5.3556128833927445,142.73297291343616,0.02285533378782898,49.12564678520554,62.66966332894404
5.064128825748029,74.54117611845199,5.364963842272719,143.05850905643092,0.02285533378782898,48.85764167521828,62.32999402114209
5.07502162035818,74.17548437338922,5.374271387855681,143.3822629184805,0.02285533378782898,48.591312420714104,61.99216548845072
5.233654230526308,73.81178484307613,5.386966355666031,143.66650393312537,0.02285533378782898,24.26625094445517,61.6530800120856
5.964138080595391,73.45014614662706,5.423638105357025,143.6846716007808,0.02285533378782898,-1.2864908770116061,61.29425043840649
7.2974858230721455,73.09063173299324,5.462640883785056,143.67479751209717,0.02285533378782898,-1.2864908770116061,60.935234607139925
9.228133729241081,72.73323061662092,5.5014265689719055,143.6649234233928,0.02285533378782898,-1.2864908770116061,60.57831822677674
11.746680026079552,72.3779304393929,5.539996430445923,143.65504933465633,0.02285533378782898,-1.2864908770116061,60.22348902015889
14.840814409170452,72.02471891545716,5.578351730308889,143.64517524587902,0.02285533378782898,-1.2864908770116061,59.87073478192262
18.495393996545953,71.67358383080382,5.616493723278974,143.6353011570552,0.02285533378782898,-1.2864908770116061,59.52004337807872
22.692527883288406,71.32451304284477,5.654423656733856,143.62542706818243,0.02285533378782898,-1.2864908770116061,59.17140274559496
27.411670937136915,70.97749447999642,5.69214277075392,143.61555297926117,0.02285533378782898,-1.2864908770116061,58.82480089198128
32.629727933141524,70.63251614126511,5.729652298165469,143.60567889029414,0.02285533378782898,-1.2864908770116061,58.48022589487729
38.32116861251985,70.28956609583469,5.76695346458382,143.5958048012857,0.02285533378782898,-1.2864908770116061,58.13766590164205
44.45815375098231,69.94863248265703,5.80404748845616,143.58593071224132,0.02285533378782898,-1.2864908770116061,57.79710912894644
51.010671984680855,69.6097035100447,5.840935581104064,143.57605662316658,0.02285533378782898,-1.2864908770116061,57.4585438623679
57.94668692880149,69.2727674552657,5.877618946765668,143.56618253406705,0.02285533378782898,-1.2864908770116061,57.121958455987325
65.23229398530196,68.93781266414057,5.914098782637408,143.5563084449479,0.02285533378782898,-1.2864908770116061,56.78734133198858
72.73958813502723,68.79481670373212,5.950394742620213,143.33154351224485,119.56139584017409,-1.2864908770116061,56.625825745472504
79.91454695347035,69.74551908536134,5.986874584441196,141.86887675311067,308.1753214145784,-1.2864908770116061,57.449458321298444
86.60808977712021,71.66908192249706,6.024131590150649,139.29832887648166,452.72026364656534,-1.2864908770116061,59.14884161029378
92.76943320568574,74.31854020987191,6.062627615094205,135.89388992950728,559.1411196566288,-1.2864908770116061,61.5010685308252
98.37272429607685,77.48232373214748,6.10269912737072,131.89093310643256,633.0656855735062,-1.2864908770116061,64.31523216087713
103.41359180038135,80.9820964377454,6.144576029409082,127.48844921882322,679.7656221143553,-1.2864908770116061,67.43046227161418
107.90504306897445,84.67033468155678,6.188399220895525,122.85159008910382,704.1055048999051,-1.2864908770116061,70.71372774159931
111.87313800638213,88.4276183175221,6.234236750265623,118.11455194953025,710.4938203115348,-1.2864908770116061,74.0573815487649
115.35280796673896,92.1596785624555,6.282098408055017,113.38375082921053,702.8457240256224,-1.2864908770116061,77.37648804110954
118.38409926148435,95.79429208322625,6.331948653011542,108.74119004835613,684.5633264836847,-1.2864908770116061,80.60601317189581
121.00902220984551,99.27813313618,6.383717817895946,104.24789403692826,658.5355992881952,-1.2864908770116061,83.69797849390295
123.26909085121771,102.57369814572544,6.437311604511177,99.94727911551269,627.1570156205635,-1.2864908770116061,86.61868195542436
125.20355616594142,105.65640460416856,6.492618937124664,95.86834535086196,592.3619236030494,-1.2864908770116061,89.34607722135968
126.84827349649149,108.51194396588178,6.549518293313332,92.02859814618898,555.6704410569359,-1.2864908770116061,91.86738318972284
128.23510518049383,111.1339414687171,6.607882667509102,88.43663804396994,518.2412679753743,-1.2864908770116061,94.17697125098239
129.39174094106798,113.52194891487308,6.66758334392705,85.09438738135458,480.92706862869505,-1.2864908770116061,96.27455358350184
130.34181755464508,115.67977258317744,6.7284926629714015,81.9989493188211,444.3287671867005,-1.2864908770116061,98.163674275951
131.10523069475656,117.61411954770641,6.790485960886905,79.14411616397115,408.8460181783347,-1.2864908770116061,99.85048804709697
131.69855045460054,119.33353249482914,6.853442849326248,76.52155895302802,374.72207635599307,-1.2864908770116061,101.34279946875638
132.13547337913093,120.84757548905014,6.917247982751671,74.12173909401697,342.08216839995725,-1.2864908770116061,102.6493287301565
132.42726451243823,122.16623024899582,6.981791440016126,71.9345863775077,310.9651829606547,-1.2864908770116061,103.77916739866079
132.58316085563487,123.29946325612116,7.046968824380756,69.94998704358342,281.3490145731623,-1.2864908770116061,104.74138833750699
132.61072172087782,124.25692726196526,7.112681165294539,68.15812215906631,253.17022568044325,-1.2864908770116061,105.54477688191139
132.51612160401507,125.04776542411653,7.17883468654629,66.54969149420445,226.33885683581877,-1.2864908770116061,106.19765459385563
132.30438778540443,125.68049152982665,7.245340489429189,65.11605235517845,200.74925631523377,-1.2864908770116061,106.70777164086985
131.97958859457682,126.16292494023591,7.312114186460777,63.84929712620683,176.2877564941581,-1.2864908770116061,107.08224851720881
131.54497990410007,126.50216361367657,7.379075510828108,62.74228804931655,152.83793053125106,-1.2864908770116061,107.32755209237266
131.00311765556776,126.70458263719468,7.446147918768186,61.78866325753851,130.28404674612963,-1.2864908770116061,107.44949464636959
130.35594364030646,126.7758490443683,7.51325819616563,60.98282435819865,108.51321900996277,-1.2864908770116061,107.453247573518
129.60485078275,126.72094635019694,7.580336076360992,60.319912912601325,87.41664154803237,-1.2864908770116061,107.34336383026742
128.52142883037737,126.53437777383347,7.6473128765290985,59.806895794180555,60.239360673253266,-1.2864908770116061,107.11495323821966
126.62043419904884,126.13298584402291,7.714097505472369,59.53874294862593,14.796948722448029,-1.2864908770116061,106.69318122074647
123.8953976702187,125.51831350863158,7.780558559997168,59.5151562799721,0.025776633544609535,-1.2864908770116061,106.07955620222614
120.05299456749083,124.89519376226741,7.846642567543863,59.50526270247322,0.025776633544609535,-1.2864908770116061,105.45866058551233
115.14796061911939,124.27572883242993,7.912351125756015,59.49536912497474,0.025776633544609535,-1.2864908770116061,104.8413958389438
109.27597171456088,123.65989734650188,7.977686430184064,59.48547554747686,0.025776633544609535,-1.2864908770116061,104.22774072993698
102.55152811309092,123.04767805684854,8.042650663539181,59.47558196997995,0.025776633544609535,-1.2864908770116061,103.61767415007222
95.10571924506546,122.43904984008688,8.107245995768265,59.46568839248459,0.025776633544609535,-1.2864908770116061,103.01117511436753
87.08366568898707,121.83399169635864,8.17147458412846,59.45579481499168,0.025776633544609535,-1.2864908770116061,102.40822276055682
78.64168824456596,121.23248274860785,8.235338573261117,59.44590123750273,0.025776633544609535,-1.2864908770116061,101.80879634837218
69.9442593322984,120.6345022418624,8.298840095265232,59.43600766002018,0.025776633544609535,-1.2864908770116061,101.21287525883065
61.16079618475234,120.04002954251949,8.361981269770299,59.42611408254784,0.025776633544609535,-1.2864908770116061,100.62043899352473
52.462358373071744,119.44904413763534,8.42476420400853,59.416220505091616,0.025776633544609535,-1.2864908770116061,100.03146717391746
44.01831407789877,118.86152563421874,8.487190992886548,59.40632692766032,0.025776633544609535,-1.2864908770116061,99.44593954064139
35.99304013880443,118.2774537585288,8.54926371905667,59.39643335026634,0.025776633544609535,-1.2864908770116061,98.86383595280167
28.542720307561368,117.69680835537712,8.610984452988117,59.38653977292623,0.025776633544609535,-1.2864908770116061,98.28513638728325
21.812304349734205,117.11956938743502,8.67235525303863,59.37664619566012,0.025776633544609535,-1.2864908770116061,97.70982093806222
15.932687860127896,116.54571693454598,8.733378165527196,59.36675261849002,0.025776633544609535,-1.2864908770116061,97.13786981552097
11.01816936128648,115.97523119304422,8.794055224808034,59.356859041436046,0.025776633544609535,-1.2864908770116061,96.56926334576744
7.2007236609928915,115.40805909725327,8.81480398405581,59.782432346608026,0.025776633544609535,267.7258910680626,96.03961358389195
4.635821424127297,114.84336495236228,8.582102670950617,62.99315636663027,0.025776633544609535,656.4239239447975,95.74052960873227
3.21311793488823,114.27992613228803,8.180901863892139,68.05595630309578,0.025776633544609535,826.6722498915628,95.59437790273479
2.993947184639636,113.71718736471823,7.740553788033025,73.54858513703823,0.025776633544609535,789.8072412064776,95.48412468439955
3.1439142068815684,113.1552129245383,7.348587866360495,78.5081465849777,0.025776633544609535,699.4829628040682,95.33097252300422
3.276965088105849,112.59427908530185,7.0077760799778686,82.90383666566208,0.025776633544609535,620.5037304529181,95.13267303336885
3.3952239331776344,112.03463413348929,6.711656241682595,86.80645887459661,0.025776633544609535,551.4384954750764,94.89527168727989
3.5005469186497087,111.47649297299542,6.454581497550977,90.27788576354084,0.025776633544609535,491.0367527911285,94.6240493476369
3.5945560950475715,110.92004134792855,6.23161746197462,93.37218568334464,0.025776633544609535,438.2057630454264,94.32361874391442
3.6786689245658,110.36543953258867,6.038452330428235,96.13660737382729,0.025776633544609535,391.99064845132517,93.99800877595503
3.7541240922079986,109.8128255558477,5.871318332662232,98.61244033510897,0.025776633544609535,351.5569997999592,93.65073818170602
3.822004060523104,109.2623180186733,5.726923095580429,100.83576665215419,0.025776633544609535,316.17567781714246,93.28487991077445
3.8832547787749654,108.71401855612635,5.602389665569453,102.8381179670913,0.025776633544609535,285.20953202333754,92.90311737638037
3.938702905549861,108.16801398868641,5.495204097779195,104.64704956612958,0.025776633544609535,258.10179517914605,92.50779361035235
3.9890708585134043,107.62437820210192,5.403169657686966,106.28664203812285,0.025776633544609535,234.3659419198519,92.10095421653818
4.034989965449869,107.0831737900138,5.324366800720933,107.77793964254704,0.025776633544609535,213.57682685276998,91.6843849050395
4.077011956131291,106.5444534892835,5.257118200967016,109.13933337180347,0.025776633544609535,195.36294069688125,91.25964429096939
4.115619004341949,106.00826143417784,5.199958191952687,110.38689568536839,0.025776633544609535,179.39964340938508,90.82809255517408
4.1512325029745964,105.47463425226486,5.151606062867838,111.53467301300087,0.025776633544609535,165.40325103980325,90.3909164889853
4.184220732037698,104.94360202199105,5.110942723809974,112.59494135498367,0.025776633544609535,153.12586860297702,89.94915137920388
4.214905559246999,104.41518910939095,5.076990315008318,113.578429635176,0.025776633544609535,142.35087485115196,89.50370013196076
4.243568295253351,103.8894148991787,5.048894388606189,114.49451487527392,0.025776633544609535,132.88897669973977,89.05534998380622
4.270454810160194,103.36629443354629,5.025908338440557,115.35139274539353,0.025776633544609535,124.57476143766164,88.60478710442946
4.2957800045284396,102.84583897031341,5.00737979420518,116.15622659756662,0.025776633544609535,117.26368392039288,88.15260935700698
4.319731716308417,102.32805647060383,4.992738732165253,116.91527769680572,0.025776633544609535,110.8294338670773,87.69933744861862
4.342474134863893,101.81295202493956,4.981487085858576,117.63401902190463,0.025776633544609535,105.16163530672026,87.24542467384471
4.3641507842747815,101.30052822552268,4.973189667540831,118.3172347088621,0.025776633544609535,100.16383626861627,86.79126542903339
4.384887130259536,100.79078549149429,4.967466235007794,118.96910694829455,0.025776633544609535,95.75175209898649,86.33720265233356
4.404792858202413,100.28372235310313,4.963984559290554,119.59329191967859,0.025776633544609535,91.851730405636,85.88353432502241
4.423963863779915,99.77933569996856,4.962454366950798,120.19298614556541,0.025776633544609535,88.39940966942874,85.43051915255732
4.44248399244569,99.27762099796803,4.962622046634177,120.77098447441095,0.025776633544609535,85.33854708903189,84.97838152884079
4.4604265594586145,98.77857247870764,4.96426602346083,121.32973074817859,0.025776633544609535,82.61999430798943,84.52731587413042
4.477855678141309,98.28218330503519,4.967192716996857,121.87136207762296,0.025776633544609535,80.20080236688128,84.07749042561697
4.494827420563274,97.78844571561868,4.971233009180536,122.39774753172799,0.025776633544609535,78.04343957717053,83.62905054972357
4.511390831790424,97.29735115123134,4.976239157865982,122.91052194602455,0.025776633544609535,76.1151080702235,83.18212163646747
4.527588816175464,96.80889036505182,4.982082099763881,123.4111154656031,0.025776633544609535,74.38714657237048,82.73681162861263
4.543458911832793,96.3230535189964,4.988649093651895,123.90077936094389,0.025776633544609535,72.83450852748908,82.29321323168928
4.559033967404886,95.83983026784547,4.995841660925366,124.38060858679627,0.025776633544609535,71.43530606105642,81.85140584514343
4.574342733447319,95.3592098327049,5.003573785975007,124.85156149501275,0.025776633544609535,70.17041147892937,81.41145724979957
4.589410379204356,94.881181065148,5.011770343611097,125.31447706040235,0.025776633544609535,69.02310904211001,80.97342508238108
4.604258944188088,94.40573250321361,5.02036572488937,125.77008993336811,0.025776633544609535,67.97879067453876,80.53735812395392
4.618907732786406,93.93285242028901,5.029302636307639,126.21904359350647,0.025776633544609535,67.02469006120283,80.1032974257698
4.633373659087491,93.4625288677747,5.038531050500255,126.6619018437569,0.025776633544609535,66.14965029313068,79.67127729302348
4.647671548201631,92.99474971231628,5.048007289316996,127.09915885446233,0.025776633544609535,65.34392082690398,79.24132614444993
4.661814399568748,92.52950266828903,5.057693222584373,127.53124794028705,0.025776633544609535,64.59898006028695,78.81346726342638
4.675813617047658,92.06677532613446,5.067555567954552,127.95854922985826,0.025776633544609535,63.90738029217188,78.38771945426762
4.689679209977925,91.60655517707225,5.077565279088387,128.38139636782827,0.025776633544609535,63.262612242773734,77.96409761567523
4.703419968876512,91.14882963464527,5.087697011028078,128.80008237142948,0.025776633544609535,62.658986666298475,77.54261324179397
4.717043618969348,90.69358605349758,5.097928653020986,129.2148647481929,0.025776633544609535,62.091530899651495,77.12327486000832
4.7305569543542205,90.24081174573456,5.108240920284783,129.62596996804507,0.025776633544609535,61.55589846281343,76.70608841346028
4.743965955238589,89.7904939951706,5.118616997277719,130.03359737123495,0.025776633544609535,61.04829006424946,76.29105759526351
4.757275890387626,89.3426200697312,5.129042225975977,130.43792258326857,0.025776633544609535,60.565384572461205,75.87818414050751
4.77049140664841,88.8971772322423,5.13950383347989,130.83910049904884,0.025776633544609535,60.10427869632502,75.4674680813775
4.783616607180749,88.45415274981096,5.149990693987179,131.23726789056974,0.025776633544609535,59.6624342754925,75.05890797004405
4.796655119819453,88.01353390197517,5.16049312079735,131.63254568565864,0.025776633544609535,59.23763222074653,74.65250107338866
4.809610156813084,87.57530798777813,5.171002684558458,132.02504095926798,0.025776633544609535,58.82793226533597,74.2482435431187
4.822484567027136,87.13946233190337,5.1815120544453945,132.41484867358145,0.025776633544609535,58.43163779416044,73.84613056437705
4.835280881562363,86.70598428998919,5.192014859376612,132.8020531986246,0.025776633544609535,58.04726511016929,73.44615648555998
4.848001353619002,86.27486125322618,5.202505566741153,133.1867296410725,0.025776633544609535,57.67351657816364,73.04831493171395
4.860647993332834,85.84608065232867,5.212979376426843,133.56894500545164,0.025776633544609535,57.30925715681797,72.65259890358355
4.873222598217448,85.41962996095933,5.223432128219204,133.94875920888225,0.025776633544609535,56.953493891454094,72.25900086412119
4.885726779767048,84.99549669867599,5.233860220884193,134.3262259678384,0.025776633544609535,56.605357994030776,71.86751281404018
4.898161986704168,84.57366843346128,5.244260541460688,134.70139357307178,0.025776633544609535,56.2640891839391,71.47812635779445
4.910529525295589,84.15413278388836,5.254630403474643,135.07430556680904,0.025776633544609535,55.92902200437422,71.09083276119225
4.922830577106347,83.73687742096804,5.264967492949309,135.445001334552,0.025776633544609535,55.599573865039105,70.70562300169985
4.9350662145150155,83.32189006971855,5.275269821227955,135.81351662225384,0.025776633544609535,55.275234593382045,70.32248781235776
4.947237414272728,82.90915851049303,5.285535683749576,136.1798839882864,0.025776633544609535,54.95555730404713,69.94141772011568
4.959345069352727,82.49867058009491,5.295763624026578,136.5441331984251,0.025776633544609535,54.64015042022813,69.56240307928982
4.971389999306104,82.09041417270909,5.305952402168093,136.90629157104027,0.025776633544609535,54.32867070159923,69.18543410075927
4.983372959312184,81.68437724067192,5.316100967375463,137.26638427877685,0.025776633544609535,54.020817151829746,68.81050087743843
4.995294648088254,81.28054779510032,5.326208433908736,137.62443461221199,0.025776633544609535,53.71632569471232,68.43759340649567
5.007155714802525,80.87891390639871,5.336274060086244,137.98046421028673,0.025776633544609535,53.41496452193464,68.06670160872926
5.018956765116062,80.47946370465885,5.346297229934623,138.3344932617041,0.025776633544609535,53.1165300277581,67.69781534545913
5.030698366463604,80.08218537996645,5.356277437154862,138.68654068095617,0.025776633544609535,52.82084325655788,67.3309244332481
5.042381052669247,79.68706718262672,5.366214271112177,139.03662426218042,0.025776633544609535,52.527746798520575,66.96601865672676
5.054005327980942,79.29409742331916,5.376107404594393,139.38476081364257,0.025776633544609535,52.237102076958934,66.60308777976155
5.065571670597086,78.90326447319079,5.385956583115687,139.7309662752903,0.025776633544609535,51.948786977835866,66.24212155517478
5.077080535749326,78.51455676389573,5.395761615570742,140.0752558215126,0.025776633544609535,51.66269377832441,65.88310973320021
5.088532358397501,78.12796278758847,5.405522366068909,140.41764395097175,0.025776633544609535,51.37872733667631,65.52604206883352
5.099927555585707,77.74347109687629,5.415238746799526,140.75814456513856,0.025776633544609535,51.09680351043169,65.1709083282169
5.111266528502193,77.36107030473671,5.42491071179827,141.09677103695566,0.025776633544609535,50.816847774162504,64.81769829418089
5.122549664280461,76.98074908440461,5.4345382515008875,141.43353627087401,0.025776633544609535,50.538794011575575,64.466401771049
5.133777337574225,76.60249616923254,5.444121387984935,141.76845275535186,0.025776633544609535,50.26258345997792,64.11700858879874
5.144949911934736,76.22630035252857,5.453660170812736,142.10153260876518,0.025776633544609535,49.988163787882115,63.769508606660494
5.156067741015406,75.85215048737416,5.463154673399699,142.4327876195621,0.025776633544609535,49.715488288954596,63.42389171622531
5.167131169625524,75.48003548642491,5.472604989841715,142.76222928138665,0.025776633544609535,49.44451517762855,63.08014784412353
5.374433182107908,75.10994987347014,5.487207046647345,143.03270859043087,0.025776633544609535,17.325734814875133,62.73359104195934
6.179165611510279,74.7419742830935,5.525933753977726,143.0354324142837,0.025776633544609535,-1.4703160967334579,62.367201241643365
7.597480573446955,74.37616158880397,5.565696792859237,143.02431251822327,0.025776633544609535,-1.4703160967334579,62.00182636433268
9.622945234220301,74.0124996234243,5.605238893248142,143.0131926221424,0.025776633544609535,-1.4703160967334579,61.63858812432162
12.245677036854397,73.65097580994379,5.644561347158006,143.00207272603072,0.025776633544609535,-1.4703160967334579,61.27747402699376
15.452841146449531,73.29157764489688,5.683665439044429,142.9909528298803,0.025776633544609535,-1.4703160967334579,60.91847165079856
19.228728510582002,72.9342926979329,5.722552445848826,142.97983293368637,0.025776633544609535,-1.4703160967334579,60.56156864682421
23.55484272731928,72.57910861138832,5.76122363704236,142.96871303744703,0.025776633544609535,-1.4703160967334579,60.20675273837286
28.40999650876709,72.22601309986199,5.799680274669941,142.957593141163,0.025776633544609535,-1.4703160967334579,59.85401172053814
33.77041879422185,71.87499394979328,5.837923613394174,142.94647324483716,0.025776633544609535,-1.4703160967334579,59.50333345978558
39.609873032309125,71.52603901904243,5.875954900539177,142.9353533484738,0.025776633544609535,-1.4703160967334579,59.15470589353507
45.899786666007884,71.17913623647358,5.913775376134168,142.92423345207803,0.025776633544609535,-1.4703160967334579,58.808117029745986
52.609391531228816,70.83427360154022,5.951386272956652,142.91311355565517,0.025776633544609535,-1.4703160967334579,58.46355494650475
59.70587467497925,70.49143918387267,5.988788816575283,142.90199365921038,0.025776633544609535,-1.4703160967334579,58.12100779161468
67.15453896516762,70.15062112286805,6.025984225392311,142.89087376274827,0.025776633544609535,-1.4703160967334579,57.78046378218823
74.78662384610499,70.0813188352106,6.063004806534052,142.57486414717036,142.61091732136637,-1.4703160967334579,57.68468607998936
82.04441655260216,71.15778309494603,6.1002728175771175,140.9614166043337,329.9239947123725,-1.4703160967334579,58.62090758273793
88.80566256416061,73.19819087523396,6.13838386798651,138.24943945024336,472.9797928460675,-1.4703160967334579,60.42478717664524
95.0213323839127,75.95475010929839,6.177794659425703,134.7139140020578,577.8014199014951,-1.4703160967334579,62.87267732257656
100.66747167405869,79.21550364398347,6.218836180103314,130.59071097254824,650.0859308894447,-1.4703160967334579,65.77332744272614
105.74160197072746,82.80210510880256,6.261732750278336,126.07889423751574,695.1626563134167,-1.4703160967334579,68.96586304092673
110.25850111212135,86.5673225414812,6.306619770900084,121.34334650388799,717.9409840666498,-1.4703160967334579,72.31752072688661
114.24579766605943,90.39225149030307,6.353560018703467,116.51773925802038,722.8613086805173,-1.4703160967334579,75.72112281731637
117.73974584338515,94.18328805368391,6.402558341086684,111.70779158732302,713.8587244710113,-1.4703160967334579,79.09233710592555
120.78145582576053,97.86895622186897,6.453574644848173,106.99471240803584,694.3449342083373,-1.4703160967334579,82.36680691113467
123.41375360931131,101.39670446719646,6.506535131077427,102.43869673443233,667.2101658860571,-1.4703160967334579,85.49725499983447
125.67874786497356,104.72978736385281,6.561341792328134,98.08234497959121,634.8439375874908,-1.4703160967334579,88.45066567980224
127.61609936917398,107.84433404816212,6.617880248169331,93.95388940420686,599.1714505278702,-1.4703160967334579,91.20563671388032
129.2619275258822,110.7266820279884,6.676026044715802,90.07013761713031,561.7012470134272,-1.4703160967334579,93.74997167121218
130.6482503737184,113.37102742471578,6.7356495791419295,86.43907363227932,523.5794457482839,-1.4703160967334579,96.0785585916264
131.80283765500602,115.77741552681664,6.796619830475322,83.06208750437635,485.6461816976218,-1.4703160967334579,98.19155631246066
132.7493569883445,117.95007167995306,6.8588070841903805,79.93583145260487,448.4906146474234,-1.4703160967334579,100.0928883113615
133.50770574198168,119.89605386517947,6.922084832673334,77.05372154212488,412.5018169368846,-1.4703160967334579,101.78902710064261
134.09444061736983,121.62419548143373,6.9863310195726,74.40711865200402,377.91382803613624,-1.4703160967334579,103.2880406580422
134.52323873675067,123.14429959756254,7.051428776540775,71.98623086626687,344.84404350260377,-1.4703160967334579,104.59886586391536
134.8053448738075,124.46654342450829,7.117266778758058,69.78078250956638,313.3248137223782,-1.4703160967334579,105.73077166939916
134.94997732393986,125.6010528405511,7.183739323186079,67.78049407286811,283.328636183922,-1.4703160967334579,106.69297571532108
134.9646788496526,126.55761029644236,7.2507462123748905,65.97541355877239,254.78764154643525,-1.4703160967334579,107.49438128834902
134.85560907034716,127.34546427021989,7.318192507851647,64.35613451029778,227.6082280330543,-1.4703160967334579,108.14340588083493
134.62778104637349,127.97321378486573,7.385988201150904,62.913930124594486,201.6817301094762,-1.4703160967334579,108.64787744903778
134.28524835210416,128.44874673942135,7.454047837498563,61.640827078260735,176.8919561190676,-1.4703160967334579,109.01497919459317
133.83125041934696,128.77921555594745,7.522290116861183,60.529637434735776,153.12033059961786,-1.4703160967334579,109.25122798425267
133.26832406675896,128.9710377172473,7.590637489193128,59.57396248895389,130.24925766790898,-1.4703160967334579,109.36247519896115
132.59838848265437,129.02991210694697,7.65901575486287,58.76817869836435,108.16420110236886,-1.4703160967334579,109.35392181462645
131.822809913861,128.9608446973789,7.727353677019142,58.107412919595426,86.75486619073676,-1.4703160967334579,109.23014189357617
130.6436311673408,128.75364316016788,7.795580927797779,57.603956090216585,57.30110551898556,-1.4703160967334579,108.9820165164311
128.63268784433498,128.31703885260606,7.863599989867792,57.3620144671268,9.593956782544629,-1.4703160967334579,108.5274095342029
125.75152251787374,127.68443202251251,7.931278177149591,57.34530531716105,0.028816302374335512,-1.4703160967334579,107.89653079725079
121.72752292288095,127.0506350988341,7.998572349001366,57.334165142673626,0.028816302374335512,-1.4703160967334579,107.26492586376287
116.63100243823332,126.42055603060051,8.065484595702513,57.323024968186544,0.028816302374335512,-1.4703160967334579,106.63701442630686
110.56137774171461,125.79417307655594,8.13201715067273,57.3118847937,0.028816302374335512,-1.4703160967334579,106.012774886076
103.63700623967239,125.17146462258265,8.19817223427102,57.300744619214335,0.028816302374335512,-1.4703160967334579,105.39218577056877
95.99287522907665,124.55240918095791,8.263952053871966,57.28960444473005,0.028816302374335512,-1.4703160967334579,104.77522573285061
87.7779675191484,123.93698538961434,8.329358803941542,57.27846427024802,0.028816302374335512,-1.4703160967334579,104.16187355081945
79.15235492861983,123.32517201140492,8.394394666112392,57.26732409576963,0.028816302374335512,-1.4703160967334579,103.5521081264755
70.28407636832235,122.71694793337224,8.459061809258529,57.256183921297136,0.028816302374335512,-1.4703160967334579,102.94590848519593
61.34586140790176,122.11229216602192,8.523362389569467,57.24504374683417,0.028816302374335512,-1.4703160967334579,102.34325377501322
52.51176323045801,121.51118384259966,8.587298550623757,57.23390357238631,0.028816302374335512,-1.4703160967334579,101.74412326589774
43.953766645255996,120.91360221837294,8.650872423461927,57.22276339796191,0.028816302374335512,-1.4703160967334579,101.14849634904489
35.83843733081636,120.31952666991666,8.714086126659023,57.21162322357285,0.028816302374335512,-1.4703160967334579,100.55635253616619
28.32367773014627,119.72893669440315,8.776941766397123,57.200483049234876,0.028816302374335512,-1.4703160967334579,99.96767145878435
21.55565308611404,119.14181190889761,8.839441436538173,57.18934287496726,0.028816302374335512,-1.4703160967334579,99.38243286753284
15.665948180888494,118.55813204965877,8.901587218697902,57.17820270079085,0.028816302374335512,-1.4703160967334579,98.80061663145926
10.769011965276386,117.97787697144524,8.963381182321037,57.167062526724564,0.028816302374335512,-1.4703160967334579,98.22220273733285
7.011802054473807,117.40096582361757,8.965898554286936,57.804186221617336,0.028816302374335512,324.2111504331413,97.70020372793076
4.520358164813275,116.82643304920578,8.70512807602257,61.33478870974908,0.028816302374335512,695.9879312491695,97.41754365875157
3.1918571519004506,116.25308643233704,8.286407893180813,66.60149759020838,0.028816302374335512,847.6159485110152,97.27824923112237
3.063221542239526,115.6804314326573,7.840526186141006,72.16620170942272,0.028816302374335512,794.7394778645355,97.16404772366171
3.2141278289611845,115.10857857149585,7.446728791715595,77.15707197335301,0.028816302374335512,703.9534099233584,97.00364605935768
3.3480314271987206,114.53780969593438,7.104343340842556,81.58118595447922,0.028816302374335512,624.5697806549307,96.79790389239383
3.467067187635731,113.96837414118329,6.806874975499986,85.50970534225459,0.028816302374335512,555.150305275002,96.55289707252898
3.5731006778604506,113.40048769219243,6.54864829357262,89.0048157229536,0.028816302374335512,494.4381554996557,96.27393297549753
3.6677621555689615,112.83433682779625,6.3247039637617695,92.12085901977898,0.028816302374335512,441.3350664964297,95.96564746628424
3.752476255616173,112.27008242934382,6.130708383847303,94.90532306122768,0.028816302374335512,394.881332086151,95.63208962918567
3.828487931667397,111.7078630213772,5.962874736716222,97.39970630281017,0.028816302374335512,354.23832380576806,95.27679580803523
3.8968851249806518,111.14779760339547,5.817894006183567,99.64027345312705,0.028816302374335512,318.67321541478435,94.90285430525103
3.958618573233898,110.58998812429502,5.692874696050714,101.6587157681103,0.028816302374335512,287.54563460043545,94.51296191821584
4.014519120217074,110.03452164456756,5.585290154376423,103.48272804075785,0.028816302374335512,260.29599874085886,94.10947334281525
4.06531284168683,109.48147222564917,5.492932543465733,105.13651279629153,0.028816302374335512,236.43532226078537,93.69444434403226
4.111634262902934,108.93090258084418,5.4138726171344445,106.64122087670357,0.028816302374335512,215.53630991955475,93.26966947996458
4.154037908605025,108.38286551790489,5.346424572587265,108.01533643998211,0.028816302374335512,197.22557379467762,92.83671506642082
4.193008395813761,107.83740519955225,5.2891153366820305,109.27501338681616,0.028816302374335512,181.17683219235022,92.39694798255698
4.228969253297649,107.29455824490714,5.24065772712566,110.43436934282288,0.028816302374335512,167.10496660230802,91.95156084225952
4.262290628352907,106.75435469190398,5.199926999729607,111.50574255121016,0.028816302374335512,154.7608284437573,91.50159398978337
4.2932960212761,106.21681883822544,5.165940354530121,112.49991635519764,0.028816302374335512,143.926701006645,91.04795472030546
4.3222681701985035,105.68196997608462,5.13783902747467,113.42631535916207,0.028816302374335512,134.41233392700389,90.5914340755065
4.349454193474882,105.149823034248,5.114872641472351,114.29317684159682,0.028816302374335512,126.05147796388874,90.13272152012294
4.375070083295736,104.62038913900201,5.096385531760571,115.1077005421864,0.028816302374335512,118.69885695845151,89.67241776681153
4.399304632374408,104.09367610428939,5.081804796502793,115.87617955137695,0.028816302374335512,112.22752181904472,89.211045982941
4.422322865233925,103.56968885995259,5.070629854957384,116.60411468660404,0.028816302374335512,106.52653833489202,88.74906158345198
4.44426903659463,103.04842982589246,5.06242332301818,117.29631443854706,0.028816302374335512,101.49896670157568,88.28686078817059
4.465269251478377,102.52989923896614,5.056803039923491,117.95698230793572,0.028816302374335512,97.06009595517135,87.82478809945607
4.4854337547545455,102.01409543858739,5.053435100898914,118.58979312375048,0.028816302374335512,93.13590115504903,87.36314283639693
4.504858931832043,101.50101511623932,5.052027768822556,119.19795973295591,0.028816302374335512,89.66169521274195,86.90218484458326
4.5236290569398845,100.99065353345316,5.052326154012729,119.78429127652002,0.028816302374335512,86.58095080979952,86.44213948546813
4.541817820841286,100.48300471223138,5.0541075652296445,120.35124411321745,0.028816302374335512,83.84427094572142,85.98320199620672
4.559489665808528,99.97806160139257,5.057177447208897,120.9009663187915,0.028816302374335512,81.4084893643925,85.52554129939634
4.576700952175124,99.47581622187548,5.061365830728203,121.43533657102627,0.028816302374335512,79.23588447318076,85.06930333211898
4.593500977713936,98.9762597936573,5.066524230544817,121.95599812901766,0.028816302374335512,77.29349243615113,84.61461395493315
4.6099328684091345,98.47938284660654,5.072522934698971,122.46438852557162,0.028816302374335512,75.5525069293139,84.16158149381029
4.6260343568473,97.98517531729689,5.07924863580752,122.96176551357439,0.028816302374335512,73.98775462438148,83.71029896132411
4.641838462405948,97.49362663355393,5.086602361201351,123.44922973894326,0.028816302374335512,72.57723684691615,83.26084599755991
4.657374085628954,97.00472578828293,5.094497664203582,123.92774455314093,0.028816302374335512,71.30172906012463,82.81329056610525
4.672666527615328,96.51846140392986,5.1028590436022965,124.39815332613452,0.028816302374335512,70.14443087885269,82.36769043602122
4.687737943881839,96.03482178875751,5.111620562528168,124.86119457514964,0.028816302374335512,69.09066023875101,81.92409447679628
4.702607740966416,95.55379498597065,5.120724641579448,125.31751518478411,0.028816302374335512,68.12758614987338,81.48254378987768
4.717292922996359,95.07536881659135,5.13012100421084,125.76768195928122,0.028816302374335512,67.24399516678702,81.04307269739823
4.731808394533877,94.59953091687402,5.139765755176161,126.21219171738144,0.028816302374335512,66.43008732142658,80.60570960611523
4.746167225215147,94.12626877094954,5.149620575238387,126.65148011362419,0.028816302374335512,65.67729780159128,80.17047776230602
4.760380881003126,93.65556973929985,5.159652017478433,127.08592934677468,0.028816302374335512,64.97814112694176,79.73739591137699
4.774459426266189,93.18742108358992,5.169830892384712,127.51587489577892,0.028816302374335512,64.32607498415074,79.30647887420793
4.788411700363297,92.72180998831703,5.180131730522602,127.94161140593582,0.028816302374335512,63.71538124095415,78.8777380507374
4.8022454719520145,92.25872357967862,5.190532312996142,128.36339783249778,0.028816302374335512,63.14106197176452,78.45118185996853
4.815967573829919,91.7981489420102,5.201013261149097,128.78146193538416,0.028816302374335512,62.598748600946436,78.02681612441637
4.829584020765333,91.34007313210051,5.2115576780315545,129.1960042068726,0.028816302374335512,62.08462250879418,77.60464440600767
4.843100112463517,90.88448319165136,5.222150835101195,129.60720130380554,0.028816302374335512,61.59534565404437,77.18466829955693
4.856520523543664,90.43136615811665,5.232779898452292,130.01520904682295,0.028816302374335512,61.12799994921041,76.76688768917197
4.869849382165408,89.980709074126,5.243433689585478,130.42016504124626,0.028816302374335512,60.68003428445874,76.35130097226624
4.883090338736894,89.53249899567075,5.254102476360552,130.82219096734738,0.028816302374335512,60.24921823506528,75.93790525526461
4.896246625955714,89.08672299920943,5.264777790324331,131.22139458171313,0.028816302374335512,59.83360160923331,75.52669652457396
4.909321111276177,88.64336818782924,5.275452267085963,131.61787146615416,0.028816302374335512,59.43147909943725,75.11766979594032
4.922316342758415,88.20242169658268,5.286119506832023,132.01170655600862,0.028816302374335512,59.041359393416634,74.71081924491855
4.935234589134308,87.76387069710361,5.296773952440433,132.40297547567303,0.028816302374335512,58.661938182179185,74.30613832083836
4.948077874819805,87.32770240159437,5.30741078297293,132.79174570567946,0.028816302374335512,58.292074573355585,73.90361984634893
4.960848010511248,86.8939040662629,5.318025820605844,133.17807760257313,0.028816302374335512,57.93077048027729,73.50325610436165
4.973546619922807,86.46246299427997,5.328615449303789,133.5620252901602,0.028816302374335512,57.57715261135205,73.10503891398109
4.986175163151863,86.03336653831727,5.3391765437547285,133.94363743835382,0.028816302374335512,57.230456731677016,72.70895969681425
4.998734957097774,85.60660210271925,5.349706407271812,134.32295794379996,0.028816302374335512,56.890013910217,72.31500953487131
5.011227193305774,85.1821571453553,5.360202717530705,134.7000265246737,0.028816302374335512,56.55523850204426,71.9231792211196
5.023652953560828,84.76001917919311,5.370663479153861,135.07487924047436,0.028816302374335512,56.225617646739714,71.53345930361789
5.036013223515326,84.34017577362813,5.38108698227788,135.4475489462823,0.028816302374335512,55.90070209167231,71.1458401240408
5.048308904598668,83.92261455560039,5.391471766349151,135.81806568974474,0.028816302374335512,55.58009817300659,70.76031185130154
5.060540824425478,83.50732321052608,5.401816588488103,136.18645705801657,0.028816302374335512,55.26346080837669,70.37686451089178
5.072709745891876,83.09428948306676,5.4121203958457125,136.5527484809692,0.028816302374335512,54.95048737359186,69.99548801047872
5.084816375125319,82.68350117775766,5.422382301448572,136.91696349618508,0.028816302374335512,54.64091235184179,69.61617216223229
5.096861368432615,82.27494615951264,5.432601563092382,137.27912398055858,0.028816302374335512,54.33450265794181,69.23890670229497
5.108845338372536,81.86861235402182,5.44277756489928,137.63925035271615,0.028816302374335512,54.03105355245251,68.86368130775509
5.120768859063438,81.46448774805546,5.4529098012029,137.9973617499371,0.028816302374335512,53.73038507125397,68.49048561143839
5.13263247082241,81.06256038968652,5.4629978624675175,138.35347618279187,0.028816302374335512,53.43233890554396,68.11930921479409
5.144436684220268,80.66281838844185,5.473041422984614,138.70761067030838,0.028816302374335512,53.13677567543295,67.7501416991154
5.156181983626112,80.26524991539169,5.483040230122637,139.05978135812418,0.028816302374335512,52.84357254747917,67.38297263530482
5.167868830305804,79.86984320318554,5.492994094933981,139.41000362176868,0.028816302374335512,52.552621152771536,67.0177915923687
5.179497665130662,79.47658654604086,5.502902883947959,139.75829215695347,0.028816302374335512,52.2638257676423,66.65458814480091
5.191068910945546,79.08546829969134,5.512766512000136,140.10466105850804,0.028816302374335512,51.97710172387584,66.29335187899609
5.202582974639273,78.69647688129983,5.522584935967254,140.44912388939383,0.028816302374335512,51.69237401945968,65.9340723988157
5.21404024895494,78.30960076934076,5.532358149293511,140.79169374104822,0.028816302374335512,51.40957610457708,65.57673933041303
5.225441114072951,77.92482850345564,5.542086177208337,141.13238328615242,0.028816302374335512,51.128648820732174,65.22134232641162
5.2367859389954114,77.54214868428615,5.551769072548415,141.47120482477743,0.028816302374335512,50.84953947368851,64.86787106951864
5.248075082756954,77.16154997328694,5.561406912107734,141.80817032474536,0.028816302374335512,50.57220102333857,64.5163152756446
5.25930889548389,76.78302109252147,5.570999793449025,142.14329145693412,0.028816302374335512,50.29659137575223,64.16666469659197
5.523021832783618,76.40655984800912,5.588050896545823,142.39403572034018,0.028816302374335512,9.184164591973682,63.81215773420366
6.4042741153913605,76.0322578523455,5.628415500243705,142.38589152229952,0.028816302374335512,-1.6542656292176892,63.43859288735218
7.909642177148847,75.66015675231709,5.668937932329628,142.3735241999076,0.028816302374335512,-1.6542656292176892,63.06686864162428
10.031950325155606,75.29024375588082,5.709235586523399,142.36115687749555,0.028816302374335512,-1.6542656292176892,62.69731816299945
12.760825533288964,74.92250606746559,5.749309777289656,142.3487895550539,0.028816302374335512,-1.6542656292176892,62.3299287397338
16.082899060295514,74.55693096632362,5.789161811403857,142.33642223257573,0.028816302374335512,-1.6542656292176892,61.96468773441911
19.98188664271602,74.19350580609273,5.828792987996918,142.32405491005684,0.028816302374335512,-1.6542656292176892,61.601582583548044
24.438677734999313,73.83221801436136,5.868204598599935,142.3116875874958,0.028816302374335512,-1.6542656292176892,61.24060079708219
29.431434698644715,73.47305509223635,5.907397927188954,142.29932026489374,0.028816302374335512,-1.6542656292176892,60.881729958022255
34.9357029439004,73.1160046139136,5.946374250229697,142.28695294225355,0.028816302374335512,-1.6542656292176892,60.52495772198099
40.92453247839034,72.76105422625133,5.985134836722084,142.27458561957934,0.028816302374335512,-1.6542656292176892,60.17027181675865
47.36861084671225,72.4081916483457,6.023680948244504,142.26221829687603,0.028816302374335512,-1.6542656292176892,59.8176600419208
54.236407135178794,72.05740467110887,6.062013838997743,142.24985097414856,0.028816302374335512,-1.6542656292176892,59.46711026837853
61.49432651922997,71.70868115684954,6.100134755848492,142.2374836514017,0.028816302374335512,-1.6542656292176892,59.11861043797148
69.10687470135424,71.36200903885559,6.138044938372501,142.2251163286396,0.028816302374335512,-1.6542656292176892,58.772148563052895
76.85618725545024,71.38131846548542,6.175794267793953,141.80095924490567,165.9339590971124,-1.6542656292176892,58.75554470410412
84.19438974223684,72.58475037293277,6.21385815716264,140.03528359857282,351.8361920207687,-1.6542656292176892,59.805434467561085
91.02097154865473,74.74261365094374,6.252831447747264,137.18109709012793,493.3126052192039,-1.6542656292176892,61.71435303223217
97.28872649711215,77.60640473294191,6.293165394115563,133.514244949557,596.4631195707391,-1.6542656292176892,64.25801677546501
102.9756460139849,80.9638851014601,6.335185271823759,129.27097867047968,667.0522788281949,-1.6542656292176892,67.24492678462583
108.0811710162121,84.63679181783739,6.379109640831015,124.65033121403184,710.4650483127808,-1.6542656292176892,70.51428891681377
112.62185887544301,88.47826539976151,6.425068273021444,119.8168263045012,731.6534539021208,-1.6542656292176892,73.93368042050051
116.62690208662518,92.36998455621949,6.473118583664114,114.90353543277263,735.0876103222904,-1.6542656292176892,77.39645381254907
120.13386319094027,96.21906473048134,6.523260420573822,110.01541982198833,724.720459934251,-1.6542656292176892,80.81892944922537
123.1848956909217,99.95481960733888,6.575449108577932,105.23284643523243,703.9713911544123,-1.6542656292176892,84.1374662133803
125.82361791405796,103.52550348526191,6.629606707226384,100.61514526018479,675.7302230439474,-1.6542656292176892,87.30551657250926
128.09270953379286,106.89515151291427,6.685631504642991,96.20407540949329,642.3801230204302,-1.6542656292176892,90.29077139196364
130.03221896470322,110.04061936691,6.743405830632414,92.0270843407328,605.8360225372797,-1.6542656292176892,93.0724859391392
131.67851003845254,112.94889958096235,6.802802321221408,88.100271494513,567.594021532382,-1.6542656292176892,95.63905651825806
133.06373985706028,115.61476366419842,6.863688801307827,84.43099899164396,528.7870167600511,-1.6542656292176892,97.98589185385104
134.21574458090262,118.03875167693751,6.925931971228604,81.02012286025862,490.24216276746563,-1.6542656292176892,100.11359857653291
135.15821186328284,120.22550711870954,6.989400088071171,77.8638451179263,452.5365551235164,-1.6542656292176892,102.02647870652211
135.91103235671437,122.18243656031595,7.053964825978078,74.95520792407343,416.0484993346247,-1.6542656292176892,103.73132043900684
136.49074290629042,123.91866098187697,7.119502484683631,72.28526527408675,381.00271858178945,-1.6542656292176892,105.23645231487534
136.9109962547957,125.4442189285411,7.185894695273435,69.84397567000677,347.5087340055032,-1.6542656292176892,106.5510247071572
137.18301307122854,126.76947945863374,7.253028749516315,67.62086186646873,315.59235198979576,-1.6542656292176892,107.68448064878633
137.31598991780578,127.90472426091927,7.320797656343788,65.60548245692226,285.22068991201354,-1.6542656292176892,108.64617931078327
137.3174505426911,128.8598620580771,7.389100007747665,63.787756072829595,256.3214758171324,-1.6542656292176892,109.44513882890264
137.19353760737835,129.64424342962505,7.457839717508673,62.15817350774763,228.7975000680611,-1.6542656292176892,110.08986971281752
136.9492481275758,130.26654963989776,7.52692568021299,60.70792709253031,202.53711876703582,-1.6542656292176892,110.5882749983373
136.5886192692741,130.734734352549,7.596271385023385,59.4289808064584,177.42165016668642,-1.6542656292176892,110.94759808590435
136.11487248622313,131.05600188695857,7.665794508450749,58.3140993270129,153.33040136913826,-1.6542656292176892,111.17440351864376
135.5305240181834,131.23680974314,7.735416502576757,57.35684970628015,130.14394024551038,-1.6542656292176892,111.27457962802568
134.8374690553208,131.28288644387794,7.805062189406593,56.55158567145632,107.74610520129565,-1.6542656292176892,111.253354973311
134.03704496096594,131.19925835629508,7.874659367879815,55.8934216393577,86.02510824279432,-1.6542656292176892,111.11532285916908
132.75206315698205,130.96972277425633,7.944135765257324,55.4014616680467,54.04198355177305,-1.6542656292176892,110.84595136362162
130.6302009494497,130.49611482970317,8.013386942700414,55.18778088565324,4.094978829417141,-1.6542656292176892,110.35689775764173
127.58410850737738,129.8487118005832,8.082280866042915,55.174418343920884,0.03176212318632427,-1.6542656292176892,109.71159385394458
123.3754229813547,129.20424839922376,8.150784121531395,55.16203136921116,0.03176212318632427,-1.6542656292176892,109.06929021656677
118.08485141328256,128.56356582975607,8.218898982470654,55.14964439450175,0.03176212318632427,-1.6542656292176892,108.4307426390457
111.81560064151651,127.92664198265086,8.286627720112135,55.137257419792824,0.03176212318632427,-1.6542656292176892,107.79592915671402
104.6899232953158,127.29345487767084,8.353972592425345,55.12487044508469,0.03176212318632427,-1.6542656292176892,107.16482793334943
96.84673058949514,126.66398266311452,8.420935844175453,55.11248347037781,0.03176212318632427,-1.6542656292176892,106.53741726042338
88.43888109854434,126.03820361506416,8.487519707000407,55.10009649567297,0.03176212318632427,-1.6542656292176892,105.91367555635424
79.63019843145375,125.4160961366387,8.553726399487452,55.08770952097148,0.03176212318632427,-1.6542656292176892,105.29358136576505
70.59227600057993,124.79763875725035,8.619558127249165,55.075322546275466,0.03176212318632427,-1.6542656292176892,104.67711335874563
61.5011312165956,124.18281013186554,8.685017082998854,55.06293557158831,0.03176212318632427,-1.6542656292176892,104.06425033011853
52.533774368390304,123.57158904027017,8.75010544662535,55.05054859691533,0.03176212318632427,-1.6542656292176892,103.45497119870996
43.86475910906819,122.96395438633903,8.814825385267241,55.03816162226449,0.03176212318632427,-1.6542656292176892,102.84925500662456
35.66278184430652,122.35988519730908,8.879179053386713,55.02577464764709,0.03176212318632427,-1.6542656292176892,102.24708091852425
28.087396423193404,121.75936062305807,8.943168592843238,55.01338767307821,0.03176212318632427,-1.6542656292176892,101.6484282209119
21.285908442452737,121.1623599353876,9.006796132967741,55.00100069857621,0.03176212318632427,-1.6542656292176892,101.05327632141864
15.390510406534197,120.56886252731178,9.07006379063771,54.988613724160906,0.03176212318632427,-1.6542656292176892,100.46160474809537
10.515715537143741,119.9788479123523,9.132973670353525,54.976226749850014,0.03176212318632427,-1.6542656292176892,99.873393148709
6.825097039328337,119.39219535302573,9.113425980582335,55.86707391956945,0.03176212318632427,379.7324712666541,99.36249652690924
4.409733875411875,118.80781502383924,8.825242391052388,59.710348368517906,0.03176212318632427,734.2602792477409,99.09566128339758
3.180964373482632,118.22455600631014,8.390001117120269,65.16999026371747,0.03176212318632427,866.5128628305956,98.96232063093053
3.1326898904321734,117.64198631870698,7.939552719942757,70.7961315718,0.03176212318632427,799.4817560594212,98.84330110744668
3.284499880894856,117.06025871836474,7.5440312343573614,75.81712529376443,0.03176212318632427,708.2577223014096,98.67555651699777
3.419225095876754,116.47965900152244,7.200165931287529,80.26862649970273,0.03176212318632427,628.4905148761223,98.46229093644469
3.539010569275413,115.90043748206689,6.901430993950509,84.22213631953304,0.03176212318632427,558.7349920035105,98.20960898801229
3.6457307680890727,115.32281076481614,6.642123968099116,87.74013698653005,0.03176212318632427,497.7283334760026,97.92284315734493
3.741023727582992,114.74696600989199,6.417261884056413,90.87722967620238,0.03176212318632427,444.3670384698997,97.60665121903604
3.8263208798699333,114.17306465902463,6.22249048428478,93.6811287923088,0.03176212318632427,397.686825376805,97.2651013706242
3.9028731192355695,113.60124569167378,6.0540049030588925,96.19353081103836,0.03176212318632427,356.8450675282188,96.9017466257896
3.971773578991485,113.03162847028726,5.908480353413398,98.45087350944391,0.03176212318632427,321.105444877985,96.51968982184141
4.0339775347387175,112.46431522653175,5.783011558819396,100.48499940756,0.03176212318632427,289.8245320711139,96.12164042562254
4.0903197965817935,111.89939323379251,5.675059826330557,102.32373550887091,0.03176212318632427,262.44007859912927,95.70996417256683
4.141529907094225,111.33693670552405,5.582406797129849,103.99139989916037,0.03176212318632427,238.46076756360708,95.28672644309908
4.188245421868032,110.77700845403855,5.503114032037256,105.50924443149583,0.03176212318632427,217.4572665025414,94.85373016649156
4.231023514553775,110.21966133995663,5.435487695823664,106.89584156089606,0.03176212318632427,199.05440726932,94.41254894260891
4.270351117778005,109.66493953873207,5.378047697051381,108.16742237491293,0.03176212318632427,182.92435251990256,93.96455598486683
4.306653784655949,109.11287964732801,5.329500721319509,109.33817197738786,0.03176212318632427,168.78062433493437,93.51094941161132
4.340303432312691,108.56351165121262,5.288716666711471,110.42048760582398,0.03176212318632427,156.37288620747225,93.05277434661242
4.371625108461686,108.01685976929741,5.2547080522133855,111.42520418400385,0.03176212318632427,145.4823833496266,92.59094223124433
4.400902904294497,107.4729431922166,5.226612024024956,112.36179141831369,0.03176212318632427,135.9179582627543,92.12624770013278
4.4283851213854515,106.931776727405,5.203674632005561,113.23852602789873,0.03176212318632427,127.51256899436413,91.65938332767003
4.4542887867267495,106.39337136273326,5.185237089848973,114.06264224583332,0.03176212318632427,120.12024666138429,91.19095251401542
4.478803598135725,105.85773475897535,5.170723768713913,114.84046333269646,0.03176212318632427,113.61343682071332,90.72148074530885
4.50209537190008,105.3248716800878,5.159631705612903,115.5775164980793,0.03176212318632427,107.88067625982073,90.25142543321157
4.524309055460093,104.79478436914647,5.151521435453223,116.27863332332564,0.03176212318632427,102.8245628898734,89.78118451301059
4.54557136000398,104.26747287679768,5.146008979734356,116.9480375147104,0.03176212318632427,98.35998176274954,89.31110395691026
4.565993060929207,103.74293534821408,5.14275884597493,117.58942158548334,0.03176212318632427,94.41255489864291,88.84148433937364
4.5856710080726595,103.22116827379173,5.141477910352668,118.20601386354161,0.03176212318632427,90.91728668769268,88.372586574111
4.604689882326097,102.7021667081625,5.141910072128759,118.80063704527795,0.03176212318632427,87.81738019147018,87.90463692722203
4.623123730633576,102.1859244615195,5.143831582486149,119.37575936216149,0.03176212318632427,85.06320278312445,87.43783139781497
4.6410373073307785,101.6724342667497,5.147046962695835,119.93353929204883,0.03176212318632427,82.61138228520774,86.97233954590418
4.658487246258718,101.16168792542508,5.1513854372598695,120.47586462964087,0.03176212318632427,80.42401714122651,86.50830783731848
4.675523085001765,100.65367643532085,5.1566978170601905,121.00438662775026,0.03176212318632427,78.46798623410847,86.04586256655632
4.692188159906381,100.1483901017913,5.162853775739265,121.52054983125939,0.03176212318632427,76.71434577985464,85.58511241083552
4.7085203881832545,99.64581863504006,5.169739469701347,122.02561814719131,0.03176212318632427,75.13780231072639,85.12615066186724
4.724552951338669,99.14595123506446,5.177255458382189,122.52069762575572,0.03176212318632427,73.71625214830127,84.66905717601325
4.740314892383692,98.64877666583017,5.185314886904495,123.00675636732159,0.03176212318632427,72.43037897785256,84.21390007835733
4.7558316376992,98.1542833200342,5.193841898015815,123.48464191791828,0.03176212318632427,71.26330219382521,83.76073725173681
4.771125453062375,97.66245927564421,5.202770244381938,123.95509647011859,0.03176212318632427,70.20026961098742,83.3096176378651
4.786215842141008,97.17329234525258,5.2120420759583865,124.4187701461823,0.03176212318632427,69.22838894396114,82.86058237425293
4.8011198947140565,96.68677011915125,5.221606880351662,124.87623260540808,0.03176212318632427,68.33639316400374,82.41366578764384
4.815852590961106,96.20288000291976,5.2314205568686205,125.32798318711555,0.03176212318632427,67.51443545899362,81.96889626206735
4.830427067363193,95.72160925022003,5.241444607387503,125.77445977400606,0.03176212318632427,66.75391006179802,81.5262969973285
4.844854849058217,95.24294499140173,5.251645429312076,126.21604653734303,0.03176212318632427,66.0472956833947,81.085886671757
4.859146052883106,94.76687425844744,5.261993697729782,126.65308070502418,0.03176212318632427,65.38801869886977,80.64768002129442
4.873309564800957,94.29338400672032,5.272463825519669,127.08585847581959,0.03176212318632427,64.7703335942147,80.21168834547598
4.887353194944836,93.82246113391685,5.28303349157573,127.51464018749829,0.03176212318632427,64.18921849625097,79.7779199495291
4.901283813102149,93.35409249657818,5.2936832285520214,127.93965483297404,0.03176212318632427,63.64028388275385,79.34638053064943
4.915107467107257,92.88826492446864,5.304396062620118,128.36110400672575,0.03176212318632427,63.11969280992528,78.91707351549707
4.928829486298676,92.42496523309006,5.315157198676872,128.77916535337093,0.03176212318632427,62.624091204154546,78.49000035506748
4.94245457192515,91.96418023456769,5.3259537452683485,129.19399558120122,0.03176212318632427,62.15054694832856,78.06516078231493
4.955986876147132,91.50589674711377,5.336774474219201,129.6057330955655,0.03176212318632427,61.69649665314756,77.64255303722818
4.969430071072545,91.05010160324785,5.347609610588989,130.01450030006146,0.03176212318632427,61.25969914388407,77.22217406346495
4.982787409084075,90.59678165693136,5.358450649129248,130.42040560744564,0.03176212318632427,60.838194815346654,76.80401968013318
4.996061775556697,90.14592378975371,5.3692901938979425,130.82354519688425,0.03176212318632427,60.43027011469986,76.38808473185586
5.0092557349255005,89.69751491628959,5.380121818109671,131.2240045495472,0.03176212318632427,60.034426505195356,75.97436321985825
5.02237157094273,89.25154198873234,5.39093994166862,131.6218597905099,0.03176212318632427,59.6493533454905,75.5628484164729
5.03541132185716,88.8079920008954,5.401739724153375,132.0171788613985,0.03176212318632427,59.2739041905534,75.15353296515465
5.048376811156401,88.36685199166119,5.412516971304107,132.41002254513387,0.03176212318632427,58.9070760824774,74.74640896783352
5.061269674431929,87.92810904794776,5.423268053308653,132.80044536143222,0.03176212318632427,58.547991453989766,74.34146806120334
5.0740913828559755,87.49175030725449,5.433989833398888,133.18849634936856,0.03176212318632427,58.19588231503064,73.93870148334291
5.086843263697771,87.05776295983952,5.44467960545662,133.57421975125106,0.03176212318632427,57.850076434363245,73.53810013188864
5.099526518252624,86.6261342505764,5.455335039492335,133.9576556102571,0.03176212318632427,57.509985264517105,73.13965461482525
5.112142237510235,86.19685148053027,5.465954134003506,134.33884029271061,0.03176212318632427,57.17509339012093,72.74335529482629
5.124691415847487,85.76990200828926,5.476535174344549,134.71780694450837,0.03176212318632427,56.844949307429886,72.3491923279582
5.137174962994926,85.34527325108212,5.487076696349946,135.09458589000238,0.03176212318632427,56.5191573671004,71.95715569745902
5.149593714494711,84.92295268570973,5.497577454547784,135.46920498059848,0.03176212318632427,56.197370733454356,71.56723524321417
5.161948440840365,84.50292784931364,5.508036394384577,135.84168989941483,0.03176212318632427,55.879285231989265,71.17942068747142
5.174239855464638,84.08518634000286,5.518452627955269,136.21206442754374,0.03176212318632427,55.564633973071395,70.79370165727047
5.186468621720762,83.66971581735696,5.528825412796208,136.58035067676013,0.03176212318632427,55.25318265388654,70.41006770400165
5.1986353589841245,83.25650400282117,5.53915413335464,136.9465692929111,0.03176212318632427,54.9447254530776,70.02850832045591
5.210740647985319,82.84553868000737,5.549438284797054,137.31073963368362,0.03176212318632427,54.63908144329421,69.64901295568312
5.222785035471506,82.43680769491331,5.559677458861274,137.67287992398383,0.03176212318632427,54.33609145631347,69.2715710279355
5.234769038280874,82.03029895607044,5.569871331494482,138.03300739175202,0.03176212318632427,54.035615343634184,68.89617193593763
5.246693146904191,81.62600043462945,5.580019652051811,138.3911383866812,0.03176212318632427,53.737529582650666,68.52280506869448
5.258557828598173,81.223900164392,5.590122233858643,138.74728848399604,0.03176212318632427,53.44172518480731,68.15145981402253
5.27036353010721,80.82398624179534,5.6001789459645535,139.10147257517693,0.03176212318632427,53.148105867635074,67.78212556596469
5.282110680042844,80.42624682585583,5.610189705938549,139.45370494727598,0.03176212318632427,52.856586457377944,67.41479173123038
5.293799690964166,80.03067013807772,5.620154473574214,139.8039993522638,0.03176212318632427,52.567091493118035,67.0494477347841
5.305430961196885,79.63724446233037,5.6300732453899895,140.15236906766475,0.03176212318632427,52.27955400697745,66.68608302468976
5.317004876424006,79.24595814469942,5.639946049824241,140.49882694957984,0.03176212318632427,51.99391445818293,66.32468707630524
5.328521811076938,78.85679959331448,5.64977294303746,140.84338547905696,0.03176212318632427,51.71011980158163,65.96524939590903
5.339982129552201,78.46975727815732,5.659554005244997,141.18605680264756,0.03176212318632427,51.428122673645646,65.60775952383126
5.351386187275724,78.0848197308526,5.66928933751339,141.5268527678836,0.03176212318632427,51.147880681142496,65.25220703715131
