20.950000000000003	2.7909540443808005	100.0	0.0	400.0	20.0	-0.0	-0.0	0.0	-29.961626040763523
22.627159255673835	0.7789244229278663	99.79291853476579	0.03284019961807479	400.0	8.754728454559531	-0.0	-0.0	91.83644277863674	-29.01720382762329
27.650463361967283	0.6374432664464986	99.3035189155451	0.07225253215538462	400.0	7.931707956505918	-0.0	-0.0	92.85321552587239	-27.837227262080354
35.99543117115296	0.648835683356912	99.04460233437936	0.1112372393524911	400.0	7.964247532040018	-0.0	-0.0	92.4884184537598	-26.5049407296517
47.6213933577449	0.6745600804839076	98.58055983889449	0.1496491056980255	400.0	8.0777308635196	-0.0	-0.0	92.11441355104043	-25.07438418991591
62.47169062106438	0.7025928879763176	98.30246294056334	0.18746477347742063	400.0	8.206979447727997	-0.0	-0.0	91.73393093198399	-23.603050007659803
80.47394981518939	0.7316594352537198	97.86249382586082	0.22468076982735102	400.0	8.34757420508169	-0.0	-0.0	91.36221654339487	-22.1495061457592
101.4758026230728	0.7616018229405448	100.65811075115131	0.26131325032290564	399.74349642973743	8.50116002469256	271.2789495573393	-0.0	90.98756930199116	-20.770530991585037
124.25579317330963	0.7924650985871715	112.60826830563771	0.2974880590456117	395.7953781413318	8.669980078936172	1023.8541097688053	-0.0	91.67391688658932	-19.517915798796007
147.21869706723191	0.8243826665019514	112.80561388126888	0.33409251516649446	386.2408823652204	8.855957954453133	1759.879963729536	-0.0	96.05015143247736	-18.432550015982766
169.89280530716843	0.8575517817298557	120.70496033379528	0.3722025312160015	373.2551512829833	9.060324149461586	2104.0213990365173	-0.0	102.54556051441573	-17.545268320586977
191.90302359666623	0.8922202363824121	129.25730339990255	0.4123586709885434	358.30127379853417	9.283392905105869	2374.471481763622	-0.0	110.1706254494344	-16.878864090441116
212.58061058836853	0.9286711142886841	138.70872713299283	0.45497682274186646	341.74911926395293	9.524474095257894	2578.462625477401	-0.0	118.72960147006299	-16.444626553434226
231.38497457151982	0.9672519737717332	148.75084120364602	0.5003744394003784	324.03514602910514	9.781679825144888	2727.0995587086004	-0.0	127.94764571924216	-16.119975259375973
247.83028265198928	1.0079909358271084	159.11287145760494	0.5487454347076504	305.49414439537287	10.053272905514056	2825.6976143059946	-0.0	137.64274658923313	-15.781419793195932
261.5549777416018	1.0508946238864532	169.62720238381797	0.6002078514862974	286.45853177039675	10.339297492576355	2876.36920130232	-0.0	147.62089681747668	-15.428413723757519
272.3236977934117	1.0960112001684699	180.09899925418904	0.654820989180805	267.23932302974225	10.640074667789799	2881.010737315993	-0.0	157.70379823686898	-15.060721762264007
280.04757586853833	1.1433737383864566	190.35294882091637	0.7125870758527613	248.13755660031651	10.955824922576378	2841.21742115699	-0.0	167.72900273046127	-14.678409445779295
284.79338969704753	1.1929935918044328	200.21615754250445	0.7734547529085272	229.4441918430533	11.286623945362885	2758.9764214122742	-0.0	177.53280400112106	-14.281823261142412
286.782316727916	1.2448593022767824	209.56213583831575	0.8373214488575251	211.43532664022936	11.632395348511883	2636.2504205905825	-0.0	186.9562829640822	-13.871576695926255
286.3847986982504	1.2989364025178283	218.22934435011905	0.9040358388333786	194.369747922319	11.992909350118856	2476.6895024067553	-0.0	195.84817581528483	-13.448535921867254
284.10012398408986	1.3551676153849312	226.10972258576686	0.9734008915745812	178.4804970655984	12.367784102566208	2284.5428702147547	-0.0	204.08358333409	-13.013802489336278
280.5245180356623	1.4134734212627245	233.13054301414232	1.045179671056955	163.96548847342285	12.75648947508483	2065.2984655823475	-0.0	211.55842885177992	-12.568681640091201
276.31313577520615	1.4737530230122822	239.23831166652795	1.1191033122488356	150.9804031407891	13.158353486748547	1826.672978335487	-0.0	218.17344787982185	-12.11463934672587
272.1164310987314	1.5358857370817005	244.41110069608735	1.1948792807195914	139.62258452087667	13.57257158054467	1579.0755954791928	-0.0	223.85076756293	-11.653258082767767
268.49687834568	1.5997328818978414	248.69851894206113	1.2721995064717813	129.9119943533514	13.998219212652277	1334.8604220388352	-0.0	228.58842157342102	-11.18619355168108
265.8525880330532	1.6651401798156704	252.1989286053292	1.3507582338186284	121.78177607176282	14.434267865437803	1108.525754547526	-0.0	232.41918101355202	-10.715080597410644
264.32089138973174	1.7319407934914157	255.05922012198147	1.430269240496191	115.06247802855485	14.879605289942772	912.9898214643604	-0.0	235.40702042046829	-10.241442882797298
263.78204705129514	1.799959057652661	257.3802849076974	1.5104798881373003	109.51072994061208	15.333060384351073	759.0511135119937	-0.0	237.69378038825838	-9.76661974395241
263.9004908238385	1.8690149066802997	259.2342149226451	1.591187228686885	104.8430190926212	15.793432711201998	648.0469358830461	-0.0	239.43879883441906	-9.29168262487487
264.28337617489177	1.9389290368548289	260.70256446337197	1.6722409079699112	100.80344730269027	16.259526912365526	567.6909846358158	-0.0	240.79558536041853	-8.817421266183908
264.6692831538741	2.0095286158069188	261.8027087967508	1.7535345314079065	97.22541590826862	16.730190772046125	507.92882586155775	-0.0	241.87544034806706	-8.344390536556196
264.94702387964907	2.080653150635903	262.6463239821791	1.834989226405784	94.02033453681373	17.20435433757269	455.04174618631924	-0.0	242.7365914080364	-7.872997959414363
265.120334992466	2.152159800893462	263.294460426383	1.9165389921400533	91.15145813603694	17.68106533928975	405.374778381028	-0.0	243.4035310257721	-7.403581375946025
265.2125831548321	2.2239271287692475	263.7648460470476	1.9981237844382618	88.59397646726357	18.159514191794983	360.96584284472345	-0.0	243.89106910099986	-6.936445592262268
265.22050856143267	2.2958562759341397	264.07789923340937	2.0796886391382934	86.31840387446869	18.63904183956093	320.6787169771277	-0.0	244.21560051839847	-6.471867146160137
265.13446408413097	2.3678690892387038	264.2404867426592	2.161184181951287	84.29750691630505	19.11912726159136	283.65112503295376	-0.0	244.39383174310817	-6.01009178025146
264.95831142467046	2.439903725779274	264.2436644337034	2.242566047430739	82.51202632204647	19.599358171861827	253.61038856292433	-0.0	244.43902995404562	-5.551337656543184
264.6827754552996	2.511909219672128	264.1571572063505	2.32379362835887	80.94164341151325	20.07939479781419	217.49860322635467	-0.0	244.36089615233476	-5.095802066168716
264.32713858693717	2.583840736360323	263.93263297158853	2.4048292424268483	79.57737751643658	20.558938242402153	188.42904601302084	-0.0	244.16765278990783	-4.643665911747671
263.89097485336	2.6556566105013886	263.58120659093385	2.4856378402177164	78.40641263346868	21.037710736675923	166.9704872675166	-0.0	243.86690564159892	-4.1950953256489
263.36152578088894	2.7273172353712853	263.1581933149324	2.5661867331050146	77.41445109641252	21.51544823580857	135.2772040518538	-0.0	243.4651586173237	-3.7502431762890205
262.8567489818532	2.798785099453119	262.4959903787447	2.64644482678584	76.6269604894762	21.991900663020797	180.1895509727552	-0.0	242.96130904119588	-3.309253165115818
262.1340035788686	2.870025082019601	262.04837438051004	2.726378909773561	75.96673402263514	22.466833880130675	87.78740144388861	-0.0	242.36179126228757	-2.8722793507160467
261.2746787628498	2.941004430009964	261.1237029937429	2.8059679188060382	75.4522802142272	22.940029533399763	116.56680153295868	-0.0	241.70582452735553	-2.4394111830342977
260.4030830110465	3.011692318553075	260.40061478831916	2.885188527718131	75.11518661005336	23.41128212368717	14.904363302685741	-0.0	240.95035040295244	-2.010749587473507
258.78957461451193	3.0820592003086418	259.10040167796194	2.9640068304599074	75.01462737510757	23.88039466872428	-0.0	-0.0	240.08702519053708	-1.5864504667715413
255.0667114139982	3.1520739403544478	259.12756553121795	3.042384864088121	75.01462737510757	24.347159602362986	-0.0	-0.0	239.0937724771541	-1.1666902213377786
248.95502147811962	3.221693926048087	257.3461629197577	3.120310050028538	75.01462737510757	24.81129284032058	-0.0	-0.0	238.16040312371777	-0.7515108917893788
240.573501296637	3.2908857933429023	257.1097985713048	3.197793995795659	75.01462737510757	25.272571955619348	-0.0	-0.0	237.18512907653252	-0.34082758935906826
230.0853416549013	3.359654723581381	255.57448370885172	3.2748311745030794	75.01462737510757	25.73103149054254	-0.0	-0.0	236.25017560137462	0.06535435405609372
217.69475025888397	3.4279999551410185	255.13732649116866	3.3514318916531383	75.01462737510757	26.18666636760679	-0.0	-0.0	235.29065394525824	0.46711260865584087
203.64297574810345	3.4959164898239607	253.79027848376606	3.427592009683485	75.01462737510757	26.63944326549307	-0.0	-0.0	234.35708003208475	0.8644487270052438
188.20361051013737	3.5634149268166637	253.20475674208424	3.503320373663505	75.01462737510757	27.089432845444424	-0.0	-0.0	233.41066682418776	1.2574323208084113
171.6772637523783	3.6304943797064833	251.99884446119142	3.578614198571336	75.01462737510757	27.536629198043222	-0.0	-0.0	232.48059065702813	1.64607164950032
154.38570854796583	3.697154784634376	251.30687719790353	3.653480970489932	75.01462737510757	27.981031897562506	-0.0	-0.0	231.54537547084846	2.030428797986124
136.66561681471924	3.763404219207462	250.204705978126	3.72791910974629	75.01462737510757	28.422694794716413	-0.0	-0.0	230.62027677392183	2.4105179708917777
118.86200420896564	3.8292413966218404	249.4390378572989	3.8019349228479915	75.01462737510757	28.86160931081227	-0.0	-0.0	229.6949006189537	2.7863946707958642
101.32151256420372	3.894668750646407	248.4119525900955	3.8755278406088567	75.01462737510757	29.297791670976046	-0.0	-0.0	228.7757819376026	3.158078032681361
84.38566066759422	3.9596919275741658	247.59728460075826	3.948703191567099	75.01462737510757	29.731279517161106	-0.0	-0.0	227.8593011368455	3.5256180398596695
68.38419478374651	4.024310203626028	246.62396661473753	4.021461217497113	75.01462737510757	30.162068024173518	-0.0	-0.0	226.94681065730006	3.889037716604145
53.6286683931512	4.088527161179993	245.7784801555788	4.0938064628152375	75.01462737510757	30.59018107453329	-0.0	-0.0	226.038579075205	4.248382550450753
40.40637614973853	4.1523466457677465	244.8432948237132	4.165739796978887	75.01462737510757	31.015644305118307	-0.0	-0.0	225.1331169447175	4.603678498197579
28.974760165275175	4.215768844300381	243.98006323455596	4.237265152989163	75.01462737510757	31.438458962002542	-0.0	-0.0	224.23270091299764	4.954967464686759
19.556397531975538	4.278797622725609	243.07192529501077	4.308383869619976	75.01462737510757	31.858650818170727	-0.0	-0.0	223.3344911923704	5.302277512710649
12.334666677805894	4.3414356855830665	242.20012650168397	4.379099413322987	75.01462737510757	32.27623790388711	-0.0	-0.0	222.44160094965176	5.645647731536071
7.450176931881139	4.4036840937359525	241.31133132571276	4.4494134624425925	75.01462737510757	32.691227291573014	-0.0	-0.0	221.55074945307177	5.985107613438285
4.998030817420998	4.465546527859269	240.43717158313476	4.519329133705415	75.01462737510757	33.10364351906179	-0.0	-0.0	220.66519551404969	6.320694051991515
4.7007313687553784	4.527025085467635	239.56250322429747	4.588848342188257	75.01462737510757	33.513500569784235	-0.0	-0.0	219.7817296969755	6.652437433624774
4.7007313687553784	4.588121493488278	238.6901281305386	4.657973946689414	75.01462737510757	33.92080995658852	-0.0	-0.0	218.9033856131448	6.980372944578403
4.7007313687553784	4.648839059727534	237.8262106988247	4.726708019415288	75.01462737510757	34.32559373151689	-0.0	-0.0	218.02728298416756	7.304531452093024
4.701346662531134	4.707403310901749	236.95818864912883	4.795053230161766	75.02693325062268	34.71602207267833	-0.0	19.456117885216457	217.15605927858792	7.624946803150034
4.713250734787597	4.74769492479315	236.10290176641826	4.863011750703095	75.26501469575194	34.984632831954336	-0.0	46.397864986947624	216.2872692806712	7.9416500482593
4.731101107255816	4.788081685168001	235.24073092689605	4.930586111871343	75.6220221451163	35.253877901120006	-0.0	59.67651229346069	215.42310368845307	8.254673963828713
4.752564652922203	4.827769643289563	234.39277045926252	4.99777854292326	76.05129305844405	35.51846428859709	-0.0	68.55882071593703	214.56156048919388	8.564049567391052
4.776540635898575	4.866414905762616	233.5374026131642	5.064591472424988	76.53081271797151	35.776099371750774	-0.0	74.94759413418504	213.70439801676514	8.869808763222865
4.802359729717736	4.904044182069075	232.69602036350005	5.131027156533614	77.04719459435472	36.02696121379384	-0.0	79.71999919693111	212.85002663947986	9.171982380071473
4.829571275724982	4.940761008789755	231.8478619483209	5.197087948035301	77.59142551449965	36.27174005859837	-0.0	83.3628113522349	211.99982217997263	9.470601594723739
4.857852396742439	4.976674044320053	231.0126673752868	5.262776108990464	78.15704793484879	36.51116029546702	-0.0	86.17629008956487	211.1525466192609	9.765696941684357
4.88696188146837	5.0118801174164975	230.1718372091405	5.328093934034026	78.7392376293674	36.74586744944332	-0.0	88.35943496174015	210.30925550366766	10.057298968202229
4.9167140447680895	5.046461714743191	229.3427039956482	5.393043677785134	79.33428089536179	36.97641143162127	-0.0	90.05125969937248	209.46899815142385	10.34543784928565
4.9469628048145395	5.080488745262131	228.50924611361273	5.457627588717664	79.93925609629079	37.20325830174754	-0.0	91.35300366148049	208.6325751683446	10.63014357084283
4.977591348851453	5.1140198618539925	227.6860533959544	5.521847904177956	80.55182697702905	37.426799079026615	-0.0	92.34057646917049	207.7992639409551	10.91144590155481
5.008505065644124	5.1471043615156	226.85984161425657	5.585706834887853	81.17010131288248	37.647362410104	-0.0	93.07231592674185	206.96966177402666	11.189374315247141
5.0396265971941565	5.179784078206909	226.0426314137792	5.649206595968614	81.79253194388313	37.86522718804606	-0.0	93.59403059649176	206.14322551007658	11.46395815306371
5.070892219480307	5.212094215721877	225.22356970291878	5.71234936483384	82.41784438960615	38.08062810481252	-0.0	93.94213519554532	205.32039485556658	11.735226405053067
5.102249118561799	5.244064659212273	224.4123695227428	5.775137331121518	83.04498237123597	38.293764394748486	-0.0	94.14601048719283	204.50076570519508	12.003207972465027
5.133653342823316	5.275720964860944	223.60028078734877	5.837572642123773	83.67306685646632	38.50480643240629	-0.0	94.22964701914002	203.6846576496988	12.267931383179397
5.165068191441807	5.307084772909364	222.79513565310071	5.8996574603885445	84.30136382883613	38.713898486062426	-0.0	94.21271857728283	202.87176922222847	12.529425094820096
5.1964629386901064	5.338174643028888	221.98986639751726	5.961393904985552	84.92925877380213	38.92116428685926	-0.0	94.11153766236033	202.06233250498946	12.787717187852062
5.227811832285272	5.369006529589812	221.19082289773348	6.022784110772134	85.55623664570544	39.12671019726541	-0.0	93.93970716120924	201.2561212158356	13.042835677776106
5.259093266102236	5.399594022925514	220.39224602553534	6.083830169495927	86.18186532204471	39.33062681950343	-0.0	93.7085764562395	200.45330276030373	13.294808207059019
5.290289108405391	5.429948888578416	219.59932052824104	6.144534188410623	86.80578216810781	39.532992590522774	-0.0	93.4277060663166	199.6537078705992	13.543662354139572
5.321384158769707	5.460081274105066	218.8073117948154	6.204898232480137	87.42768317539414	39.73387516070044	-0.0	93.10515403810884	198.85745491010604	13.789425330921652
5.352365684064796	5.489999888164751	218.0205128291192	6.264924381614012	88.04731368129592	39.93333258776501	-0.0	92.7477102480012	198.06441699340306	14.032124284685853
5.3832230394850455	5.51971233354895	217.2349614421831	6.324614674241202	88.66446078970091	40.131415556993005	-0.0	92.36114377266044	197.27467533761535	14.271786002612192
5.413947353405787	5.549225192725367	216.4542815688473	6.383971163578836	89.27894706811573	40.32816795150245	-0.0	91.95033962674512	196.488136334092	14.50843720872947
5.444531253454712	5.578544175094036	215.67513796340694	6.442995861673239	89.89062506909423	40.52362783396024	-0.0	91.51943838583017	195.70484987380178	14.74210427075175
5.4749686437404135	5.60767430550288	214.9005447664062	6.50169079541344	90.49937287480827	40.71782870335254	-0.0	91.07197077122119	194.92475268229418	14.972813495788783
5.50525451433534	5.636619954020563	214.12771280279642	6.560057951015018	91.1050902867068	40.910799693470416	-0.0	90.61092638488134	194.14786888933256	15.200590839383882
5.535384773978617	5.665384980693467	213.35913470491704	6.6180993293528605	91.70769547957234	41.10256653795645	-0.0	90.13885355205132	193.3741608058392	15.425462197727137
5.565356117309501	5.693972800124043	212.59261204728335	6.675816890780617	92.30712234619001	41.29315200082696	-0.0	89.65792031889244	192.6036217038605	15.647453118341325
5.595165905089368	5.72238642826656	211.830010893942	6.733212610597689	92.90331810178735	41.48257618844374	-0.0	89.16996522694474	191.83624547876042	15.866589093099192
5.624812063789778	5.750628545108464	211.06970568153244	6.790288424277213	93.49624127579555	41.67085696738976	-0.0	88.67654753325627	191.07200019581677	16.082895270929296
5.654293000522368	5.778701596615661	210.31295444596407	6.847046281436254	94.08586001044736	41.858010644104404	-0.0	88.17900688843577	190.31090705079714	16.29639674304309
5.683607533113982	5.806607717310035	209.55902076078422	6.903488092867561	94.67215066227963	42.04405144873357	-0.0	87.678455234187	189.55289185761123	16.507118265003744
5.712754821894051	5.834348913196485	208.808006742826	6.959615782293719	95.25509643788102	42.22899275464324	-0.0	87.175860801039	188.79802673961916	16.71508453042763
5.74173432394808	5.861926973210299	208.0602199682355	7.015431237813745	95.8346864789616	42.412846488068666	-0.0	86.67202881488763	188.04619972993206	16.920319916103555
5.770545743069742	5.889343547082939	207.31487423911847	7.070936356258983	96.41091486139483	42.5956236472196	-0.0	86.1676432939002	187.29751043066125	17.122848716881357
5.799188994721601	5.916600129731967	206.573542697568	7.1261330043624955	96.98377989443202	42.77733419821312	-0.0	85.66327064820655	186.55180531422502	17.322694941828765
5.827664168155671	5.943698183335434	205.83376625415673	7.181023050463356	97.55328336311342	42.9579878889029	-0.0	85.15941491541143	185.8092367838627	17.519882482662197
5.855971504145391	5.970639011919386	205.09846286970858	7.2356083420781365	98.1194300829078	43.13759341279591	-0.0	84.65647781401431	185.0696193290102	17.714434996059186
5.884111367871686	5.997423869761343	204.36439738392758	7.289890719297192	98.6822273574337	43.31615913174229	-0.0	84.15480597151652	184.3331121771793	17.90637597581772
5.912084230976034	6.02405391868687	203.6351767041797	7.343872010097758	99.24168461952067	43.4936927912458	-0.0	83.65467997624074	183.59952621980335	18.095728728499644
5.939890650572818	6.050530296781029	202.906796057239	7.397554026610872	99.79781301145636	43.6702019785402	-0.0	83.15634604775036	182.8690269589041	18.28251635542446
5.967531258255986	6.076854078801673	202.1833988518614	7.450938577741642	100.35062516511971	43.84569385867782	-0.0	82.66000413806815	182.14143051981534	18.466761819394268
5.995006746076932	6.1030262999924645	201.4607559840602	7.504027448403645	100.90013492153864	44.0201753332831	-0.0	82.16582087292008	181.4168842688725	18.648487836991002
6.022317857008019	6.129047940732872	200.74316402362803	7.556822427871009	101.44635714016037	44.193652938219145	-0.0	81.6739262727297	180.69522246686057	18.8277170281574
6.049465374322883	6.154919977189458	200.02627565171136	7.60932527531093	101.98930748645765	44.36613318126305	-0.0	81.18443618798467	179.97657762250273	19.00447173628578
6.076450115004228	6.180643353916358	199.31429765734867	7.661537759683266	102.52900230008456	44.53762235944239	-0.0	80.69744377617023	179.26080703402098	19.178774238640024
6.103272923729152	6.206218984148339	198.60314044825253	7.713461615137201	103.06545847458304	44.70812656098892	-0.0	80.21302123844447	178.54801247444445	19.350646512986433
6.129934667770701	6.231647754377378	197.89679772935676	7.765098590260036	103.59869335541403	44.87765169584919	-0.0	79.73122294883787	177.83807781668725	19.520110497322886
6.156436231707801	6.256930530391046	197.19144289449417	7.816450394932225	104.12872463415601	45.04620353594031	-0.0	79.25208935859577	177.13107716371584	19.687187811425176
6.182778508809125	6.282068251427762	196.4905162503551	7.867518758636385	104.65557017618251	45.21378834285175	-0.0	78.77568732587983	176.42694539475238	19.851900064383145
6.208962411841924	6.307061679835934	195.79080669249927	7.9183053643787265	105.17924823683848	45.38041119890623	-0.0	78.30200667687677	175.72568946833843	20.014268507862205
6.2349888541169	6.3319116901092025	195.09533373278452	7.9688119240539	105.699777082338	45.54607793406135	-0.0	77.83108151322895	175.02729765659794	20.174314433637157
6.260858756593286	6.356619106406465	194.40141141619804	8.019040097742447	106.2171751318657	45.71079404270977	-0.0	77.3629230531249	174.33174157951055	20.332058749657293
6.2865730429374125	6.381184757088575	193.7111892811774	8.068991574527427	106.73146085874824	45.87456504725717	-0.0	76.8975430976027	173.63904452928338	20.487522406418872
6.312132639494371	6.405609444482147	193.02298246586855	8.118667994998699	107.24265278988742	46.03739629654765	-0.0	76.43494169380907	172.94914214083892	20.640725989762398
6.337538473193934	6.42989396426337	192.33805399388032	8.16807102469223	107.75076946387867	46.19929309508914	-0.0	75.97511560925565	172.26208593678973	20.791690108526325
6.362791468982402	6.454039128957188	191.65556383427872	8.217202285449478	108.25582937964803	46.360260859714586	-0.0	75.51806901943485	171.5777868744171	20.940435033832753
6.387892552078698	6.478045712028961	190.97578814046867	8.266063419330775	108.75785104157396	46.52030474685974	-0.0	75.06378951859159	170.8963282008989	21.08698103668824
6.41284264406024	6.501914506577546	190.29889779352823	8.314656030024592	109.2568528812048	46.67943004385031	-0.0	74.61227383836813	170.21759012704945	21.231348080045944
6.437642664275224	6.525646287518064	189.62428349514144	8.362981735852673	109.75285328550446	46.83764191678709	-0.0	74.16351159888198	169.54167844600104	21.373556099082112
6.4622935295546995	6.5492418086445205	188.953103811471	8.41104212314286	110.24587059109398	46.99494539096347	-0.0	73.71748397167266	168.8684476290269	21.513624756125918
6.486795820032156	6.57271226539713	188.2836101605956	8.458838754671076	110.7359164006431	47.15136415958323	-0.0	73.27876797074919	168.19803335551998	21.651492508778734
6.511629573461366	6.605237905588267	187.6179285551408	8.50639170171244	111.2325914692273	47.263225309937745	-0.0	76.4886969292284	167.53026280545103	21.621340603349797
6.5380238279077885	6.645686529734753	186.953439238942	8.553789047465038	111.76047655815576	47.23294640800255	-0.0	82.02998759103471	166.8652144119984	21.27771298607598
6.56633712229522	6.6897432760202875	186.2932144554875	8.60113042522939	112.32674244590439	47.051981399784246	-0.0	87.82303005372063	166.2026234642001	20.64300751483525
6.596545972498704	6.735697948923004	185.63392342153847	8.648505424765006	112.93091944997407	46.74194789577538	-0.0	93.25769955622314	165.54255729338055	19.75609394729028
6.628451663994288	6.7820224238286695	184.9790497536248	8.695988521023233	113.56903327988576	46.33437327206734	-0.0	97.9702632927402	164.8847687698942	18.670500093286684
6.661755953650392	6.82701952785916	184.3249002385961	8.743634729818766	114.23511907300784	45.863857316086886	-0.0	101.63155704823183	164.22935369551632	17.45162435915582
6.6960798562588835	6.869357920902537	183.6752325348589	8.791476337094952	114.92159712517767	45.36724537743621	-0.0	104.06670476299499	163.5761208696587	16.173121560346704
6.730999499417038	6.908068954727476	183.0262787925409	8.839520871734171	115.61998998834076	44.880214018424184	-0.0	105.19905397341917	162.92518634463983	14.912688963757228
6.766073878147973	6.942412615621485	182.38178457714073	8.88775055775878	116.32147756295944	44.434311622913576	-0.0	104.98176552189695	162.27642084629852	13.747541249188163
6.800857219770236	6.971930662389191	181.73802296902565	8.936123184856346	117.01714439540473	44.05626952248256	-0.0	103.40256362240089	161.62997386645353	12.749893755543223
6.834898053720429	6.996666395231123	181.09857450444724	8.984574473472978	117.69796107440857	43.76904810052025	-0.0	100.55108823090065	160.9857833095588	11.982772004931682
6.867763519824897	7.0166247420416585	180.4599761056786	9.033021632835592	118.35527039649793	43.58908471134947	-0.0	96.45634447016742	160.34400685579726	11.496427938617131
6.899052609413971	7.031609938649213	179.8255934736348	9.08136803580835	118.98105218827942	43.52601943761685	-0.0	91.02105842717181	159.70464407218418	11.32558191804875
6.928375195532915	7.04187817054825	179.19218127137046	9.129508548921224	119.5675039106583	43.58683859745779	-0.0	84.22550646008854	159.06785565286918	11.487628631855623
6.955646562690112	7.049130311966407	178.56272004914598	9.177335372893523	120.10667053998509	43.781697658684976	-0.0	76.4377807747481	158.43366216403058	11.981863321784523
7.489364357422006	7.090015652783815	177.93440062627315	9.224743864465838	120.25446281789434	44.3130698862448	-0.0	-0.0	157.8022038077533	12.789707020102124
9.015689584547811	7.106415466964688	177.30983140219342	9.271638242431532	120.25467144836973	44.848171410324625	-0.0	-0.0	157.17354378213193	13.875851612383874
11.534550106378322	7.116603448776017	176.68670960601193	9.31793667469387	120.25467144836973	45.47444368683449	-0.0	-0.0	156.5477472754333	15.190203965991516
15.03368157132964	7.123483743577519	176.0669677492625	9.363575727765513	120.25467144836973	46.187341357338646	-0.0	-0.0	155.92487669160033	16.670490968544033
19.496030909848898	7.128611263156318	175.44894015412348	9.408513773879642	120.25467144836973	46.96785337725225	-0.0	-0.0	155.30495680052368	18.24538139173457
24.899850795663614	7.1340890825630465	174.83379626249115	9.452733422989231	120.25467144836973	47.79336151541937	-0.0	-0.0	154.68801892402223	19.837988620873357
31.218805631701102	7.141324881685816	174.22110356935727	9.496242662607226	120.25467144836973	48.63073673082503	-0.0	-0.0	154.07399646321082	21.36962345125653
38.42209989701584	7.152609139626641	173.61052656014436	9.539074860791397	120.25467144836973	49.44761582870174	-0.0	-0.0	153.46294099153053	22.763671801562317
46.47462822922093	7.16975394978981	173.002822493868	9.581287402705492	120.25467144836973	50.206899948160206	-0.0	-0.0	152.8546865131052	23.949465029940242
55.33714651099718	7.194402089703851	172.3969231981361	9.622959182056084	120.25467144836973	50.87256908337105	-0.0	-0.0	152.24927038247392	24.86599889057233
64.96646312688642	7.227619804395996	171.79421375256632	9.664186850708637	120.25467144836973	51.41172067199646	-0.0	-0.0	151.64647001391236	25.46533561611146
75.31564945827438	7.269753644344129	171.19297820358096	9.705080167038517	120.25467144836973	51.79835762896086	-0.0	-0.0	151.04630787417364	25.71563921918868
86.33426859071751	7.308949679378169	170.59524440523612	9.745734810997437	120.25467144836973	52.05966452918779	-0.0	-0.0	150.44854543793582	25.79403567400419
97.96862111899937	7.344354624896876	169.99839149576033	9.786170207330262	120.25467144836973	52.2956974993125	-0.0	-0.0	149.85326694252137	25.870869925584277
110.16200685198572	7.37901540945333	169.40560087734653	9.826387628085145	120.25467144836973	52.52676939635553	-0.0	-0.0	149.26032738823835	25.946156558913355
122.85500114185308	7.413399005508159	168.81341206726574	9.866388354134678	120.25467144836973	52.7559933700544	-0.0	-0.0	148.66986329130768	26.019910423133375
135.98574449100136	7.4475620507788	168.22534637740762	9.906173664971599	120.25467144836973	52.983747005192	-0.0	-0.0	148.08171685120087	26.092146281930354
149.4902440252397	7.481512273023384	167.63779330044244	9.945744821991292	120.25467144836973	53.21008182015589	-0.0	-0.0	147.49601761881036	26.162878726727715
163.30268536401678	7.51525165111742	167.0543330393276	9.985103090584062	120.25467144836973	53.43501100744947	-0.0	-0.0	146.91262514856632	26.232122293072738
175.6909047644516	7.548781577525872	174.1193206699197	10.024257094856237	119.12887334192467	53.658543850172485	376.0885115340168	-0.0	146.47302771747883	26.299930144268146
182.95004030398027	7.582103359242294	174.49009810249981	10.063478606844399	114.8539351138288	53.88068906161529	872.5793935987953	-0.0	147.77762139395003	26.36773770249791
185.54414766666548	7.615218288403039	174.4721202625095	10.103422870937697	108.40257354426163	54.10145525602026	998.2396838305112	-0.0	150.75839189495193	26.438984493260197
186.67812326871152	7.648128249126875	177.30705128504815	10.144350961790025	101.98502019156545	54.32085499417917	918.3662006681776	-0.0	153.81092631325023	26.51502168285679
187.42290940217134	7.6808650735013995	179.86382434082907	10.186193148535157	96.17284095328647	54.53910049000933	824.8137095858705	-0.0	156.52679247730532	26.59545779417384
187.9974421733908	7.713584249427033	182.07136474086658	10.228833902845544	90.98915892423432	54.75722832951355	730.3060789334694	-0.0	158.8839822961707	26.679663272114187
188.56354917524132	7.746532456053262	183.99364159574824	10.272154616819199	86.42156552331167	54.976883040355084	641.3202648867232	-0.0	160.8819694604015	26.766995714568825
189.17372379236124	7.779892408370694	185.64367136697894	10.3160416140052	82.41009426430966	55.199282722471295	563.653012308466	-0.0	162.55026394264615	26.856842001967944
189.79994968198326	7.813714507868023	187.03040687680829	10.36039441120215	78.87153080378796	55.424763385786825	499.2583023503446	-0.0	163.93634065203733	26.94866150282971
190.38513396351146	7.8479549939332935	188.18306055588764	10.405128646144243	75.72536556276728	55.65303329288862	445.1815435147155	-0.0	165.0883217103143	27.04200104860579
190.8922774330207	7.882534044702736	189.12189942492293	10.450174261729508	72.91187413300749	55.883560298018246	399.16665783704786	-0.0	166.04412939419802	27.136484934626832
191.30744432893582	7.917372351826419	189.89106682148264	10.495471600375174	70.38904011069438	56.11581567884279	357.0349782175213	-0.0	166.8294643027353	27.231794010008308
191.6382146188752	7.952406221126949	190.50037928677068	10.540968043255381	68.12872817763152	56.349374807512994	320.008093474847	-0.0	167.4622463869893	27.32764774233831
191.8861197759654	7.987589174150836	190.97747092632508	10.586616291147271	66.10495617822195	56.58392782767224	285.96922293776356	-0.0	167.95731764552875	27.42379499414417
192.0534446606415	8.02288675003632	191.32489881166222	10.632373738137947	64.29580749484386	56.81924500024214	256.06469184199375	-0.0	168.32824970035244	27.520010582256376
192.14006588073127	8.058269867686878	191.55509724477213	10.678201995403834	62.68179337342871	57.055132451245846	229.44972703475347	-0.0	168.58684143971573	27.616092641309127
192.1482266049173	8.09371034133114	191.6817220768187	10.724066216021809	61.24698169330017	57.29140227554094	204.90341024218273	-0.0	168.74270108857564	27.711858956703136
192.07925913311954	8.129179663673352	191.72413917722395	10.769934438465421	59.977504522168815	57.52786442448901	178.7758261919183	-0.0	168.80374586124668	27.807143415620022
191.93993266031646	8.16465005697844	191.67455176403027	10.815777149757128	58.86319927453559	57.7643337131896	154.54540001487263	-0.0	168.77687193613838	27.90179362983974
191.73853451497772	8.200095981050133	191.51696283382978	10.861566987169185	57.89605184780149	58.00063987366756	141.21420361746257	-0.0	168.6680923475689	27.99566929791608
191.4553764502349	8.235494764748559	191.3065377984421	10.90727847774424	57.06131845423391	58.23663176499039	115.73883817177386	-0.0	168.48321249495794	28.088640774734884
191.0749232287845	8.270826100504642	191.03830710185954	10.95288847691035	56.34720479332901	58.47217400336428	57.406022534636435	-0.0	168.23001334125544	28.180591319985293
190.70928899343656	8.306071001357918	190.6102550806946	10.998375614046061	55.78017984775918	58.70714000905278	94.40896221639287	-0.0	167.9059559848969	28.27141411194978
190.38540720499282	8.341211003404654	190.22754823530494	11.043712178500552	55.36256486875511	58.941406689364364	119.1944095665109	-0.0	167.4886535905129	28.360969589023266
189.82509763174167	8.376227985598966	189.6991168143567	11.088876364753087	55.010751971867855	59.17485323732644	106.48132965288963	-0.0	167.03120547999714	28.44914998358424
189.09560863584352	8.41110443426195	189.12712878985266	11.133858173878846	54.74187527004652	59.40736289507967	-0.0	-0.0	166.53672307302332	28.53591002929334
187.87842582656182	8.445823655149997	188.18087845202803	11.17863961800514	54.6683188993843	59.63882436766666	-0.0	-0.0	165.96193447372613	28.621162726920346
185.1348746241577	8.480368301458908	188.30287989545374	11.223186371384006	54.6683188993843	59.869122009726055	-0.0	-0.0	165.27617809078544	28.704735773278735
180.66092682701742	8.514715941322436	186.96966648537253	11.267490649254372	54.6683188993843	60.098106275482905	-0.0	-0.0	164.64714511945797	28.78659726283999
174.54369157988165	8.548851783919925	186.90415740937462	11.311558824634833	54.6683188993843	60.32567855946617	-0.0	-0.0	163.97546404653744	28.86678954514582
166.90227334143214	8.582779441122266	185.75022928687963	11.35538734389242	54.6683188993843	60.55186294081511	-0.0	-0.0	163.34342449966894	28.94530280458265
157.88545288371668	8.616497349309746	185.53393099697158	11.398982366957693	54.6683188993843	60.77664899539831	-0.0	-0.0	162.68400794202816	29.02217813070314
147.6687904845842	8.650003956250014	184.5236644349657	11.442340782522873	54.6683188993843	61.00002637500009	-0.0	-0.0	162.0513090474281	29.09740784019293
136.45120771488055	8.683304575090036	184.1903695146186	11.485468147827433	54.6683188993843	61.22203050060024	-0.0	-0.0	161.40203692225245	29.171029704922905
124.45111437405534	8.716398015919745	183.29205514344275	11.528361995125053	54.6683188993843	61.44265343946497	-0.0	-0.0	160.7704379050245	29.243039243914666
111.90215598394407	8.749285003141024	182.8709274193651	11.57102716629552	54.6683188993843	61.66190002094016	-0.0	-0.0	160.12971321291698	29.313470314048296
99.048664638328	8.78196929699632	182.05793018141077	11.613461882354482	54.6683188993843	61.879795313308804	-0.0	-0.0	159.50049954245446	29.382321883291734
86.1409017816434	8.814449920243083	181.57293505904505	11.655670275761032	54.6683188993843	62.096332801620555	-0.0	-0.0	158.86714899803923	29.44962392235909
73.43018554140073	8.846728615365343	180.82367197305794	11.69765121368186	54.6683188993843	62.31152410243563	-0.0	-0.0	158.2412345174744	29.515378630866028
61.163997486659284	8.878807851574088	180.29383743704463	11.739408188089435	54.6683188993843	62.525385677160585	-0.0	-0.0	157.6144114605166	29.579612455186897
49.5811640854781	8.910687192163243	179.59157039408532	11.780940627782444	54.6683188993843	62.73791461442162	-0.0	-0.0	156.99242217211932	29.64233038738118
38.90720667985747	8.942368734777789	179.03150219713032	11.822251478257458	54.6683188993843	62.9491248985186	-0.0	-0.0	156.37152842020882	29.70355584437744
29.34995051558854	8.973854083755732	178.36340664123333	11.863340631576023	54.6683188993843	63.159027225038216	-0.0	-0.0	155.753881235041	29.76329609757555
21.095478320562023	9.00514339007556	177.784049446089	11.90421058663369	54.6683188993843	63.367622600503736	-0.0	-0.0	155.13850073029863	29.821572060995116
14.304507216612636	9.036238724508577	177.14071273076186	11.94486160181838	54.6683188993843	63.57492483005718	-0.0	-0.0	154.52545543151825	29.87839277907611
9.106824142709133	9.069325875206706	176.55004497977703	11.985295822110597	54.65220128269081	63.79550583471138	-0.0	-0.0	153.91530281045996	29.933777152184696
5.784775849869305	8.912980710791736	175.92462125549213	12.025497443098118	56.69227904336138	62.75320473861157	-0.0	442.1682980581624	153.30701947831062	30.214911388950032
4.164624285107681	8.762614731700413	175.3282980752686	12.065312498454551	60.0233190943952	61.75076487800276	-0.0	536.0731320557353	152.70202883870127	31.001288833082484
4.130468405252611	8.648080559392357	174.71599117684292	12.104666258908175	63.6093681050522	60.98720372928238	-0.0	531.3668785629512	152.0989231438174	31.791050728661855
4.3049308056733375	8.553252044329723	174.11795599390268	12.143591605556797	67.09861611346675	60.35501362886482	-0.0	515.2864032904653	151.49926825401567	32.43101039510108
4.474067443832334	8.464143302967775	173.5154297322548	12.182137980515702	70.48134887664669	59.760955353118504	-0.0	499.3793559969866	150.90139739947531	32.9246634501035
4.637914143208766	8.379020054636612	172.9183244780196	12.220352036405652	73.75828286417531	59.193467030910746	-0.0	483.5484665100701	150.30684099218016	33.28562538302033
4.79649447718184	8.297683820888876	172.32337523940575	12.258274225935285	76.92988954363679	58.65122547259251	-0.0	467.7866329660241	149.71402791952704	33.53601285106349
4.949831877675728	8.220095630383156	171.72889133181243	12.295936185981256	79.99663755351456	58.13397086922104	-0.0	452.09676458056435	149.12435525214633	33.71059833183887
5.097951030309383	8.146231312715244	171.14006408469382	12.3333566044457	82.95902060618765	57.6415420847683	-0.0	436.4831241300932	148.5364552792808	33.849090557268234
5.240878135131718	8.07606746234766	170.54930512757608	12.370543577137681	85.81756270263435	57.17378308231774	-0.0	420.9505112848735	147.95153923766182	33.975929968663685
5.37864107146073	8.009579460218324	169.9657067342907	12.407499998093252	88.57282142921459	56.73052973478883	-0.0	405.50419146705457	147.36847501194632	34.09907591427942
5.511269552986845	7.9467409448143025	169.37926350525086	12.444227544718085	91.22539105973689	56.311606298762015	-0.0	390.1499224518904	146.78826374799522	34.22032195891267
5.6387953100098915	7.8875242107973556	168.80037021628604	12.480727479936942	93.77590620019782	55.91682807198237	-0.0	374.8940601012725	146.20998808161937	34.34003265259803
5.761252297723225	7.83189961281325	168.21858006145715	12.517001092094128	96.22504595446449	55.545997418755	-0.0	359.743599238578	145.63444609184316	34.45828691974565
5.87867692021214	7.779835368654992	167.64408275916261	12.553049587835973	98.57353840424278	55.19890245769995	-0.0	344.70625614815617	145.06091251337983	34.57510759768765
5.9911082933012985	7.731297670800401	167.06708292288056	12.588874210284184	100.82216586602597	54.875317805336	-0.0	329.79059430749976	144.4900081331155	34.690506874566815
6.098588541103343	7.686250090725322	166.49685525489332	12.62447616632755	102.97177082206686	54.57500060483548	-0.0	315.0061060541108	143.92116862407647	34.80449461163684
6.201163125383261	7.644653485602095	165.92464843928124	12.659856673941448	105.02326250766522	54.29768990401397	-0.0	300.3633591396879	143.3548714516711	34.91708029348439
6.298881226009705	7.606466026074817	165.3586218056988	12.6950169368887	106.9776245201941	54.04310684049878	-0.0	285.8741856202996	142.79067883348606	35.02827322674907
6.391796197031528	7.571641299858926	164.79117945177885	12.72995815378826	108.83592394063055	53.81094199905951	-0.0	271.55168739433816	142.22895787352277	35.13808265598189
6.4799660232258605	7.540130203727085	164.22933815741675	12.76468152123987	110.5993204645172	53.60086802484724	-0.0	257.4106860278465	141.66936699301897	35.24651779062954
6.563453923889536	7.511878471317167	163.66661558057777	12.799188221727697	112.26907847779071	53.412523142114445	-0.0	243.46772725399748	141.1121880071901	35.35358774648951
6.6423289679567095	7.486827616401842	163.10895546950195	12.833479442656381	113.84657935913418	53.24551744267895	-0.0	229.74151894644731	140.55715594531262	35.459301644602405
6.716666855208423	7.464912189228648	162.55085634647975	12.867556352093716	115.33333710416845	53.099414594857656	-0.0	216.25293842226523	140.0044859446854	35.563668485752444
6.786550678802507	7.446062812988297	161.9973633947965	12.901420127128036	116.73101357605013	52.97375208658865	-0.0	203.0258810758172	139.45397156126455	35.666697297432734
6.852071990532629	7.430200017899608	161.44384142997882	12.935071922647104	118.04143981065258	52.86800011933072	-0.0	190.08682676723342	138.9057753709388	35.768396972522176
6.913331721789667	7.417239862903383	160.89452936752056	12.96851290456665	119.26663443579332	52.78159908602255	-0.0	177.4662188125032	138.35973751537506	35.86877644120588
6.970441583096595	7.407084704333394	160.34547848062283	13.001744215247772	120.4088316619319	52.71389802888929	-0.0	165.19744270811188	137.81598109271877	35.96784449234142
7.023525104768575	7.399632058986485	159.80034220671834	13.034767009406801	121.4705020953715	52.66421372657656	-0.0	153.31889850445484	137.27438057813646	36.065609959214555
7.072719247271604	7.394765532077659	159.25572881091097	13.067582417204198	122.45438494543208	52.63177021385106	-0.0	141.8728050063803	136.735027697707	36.162081527892106
7.118175860709114	7.392353874069232	158.7147638838531	13.100191581854446	123.36351721418227	52.61569249379488	-0.0	130.9050260112552	136.19782521618595	36.25726793495623
7.160062765398472	7.392258649722221	158.17453477542676	13.132595621750271	124.20125530796943	52.615057664814806	-0.0	120.46677039845606	135.6628397880343	36.35117776641406
7.19856524830406	7.394324413549247	157.63770761636272	13.16479566868435	124.9713049660812	52.62882942366165	-0.0	110.61169842211173	135.12999874369856	36.44381966086435
7.233886921123883	7.398377848613227	157.10178394379523	13.196792829382057	125.67773842247765	52.65585232408818	-0.0	101.39370280290579	134.59934683496522	36.535202107578286
7.26624937893142	7.404238071187536	156.56906901108232	13.228588224261538	126.3249875786284	52.694920474583576	-0.0	92.86707309917374	134.07083046649478	36.62533364827588
7.295891324490402	7.4117142051125375	156.03745789209563	13.260182948440496	126.91782648980802	52.74476136741692	-0.0	85.08190194679175	133.5444731312853	36.714222673179414
7.323066618949951	7.420599814530326	155.5088481972744	13.29157811124529	127.461332378999	52.80399876353551	-0.0	78.07576271656562	133.02024393240123	36.80187763059494
7.348039600490996	7.43068769897616	154.9814672248432	13.322774796338733	127.9607920098199	52.87125132650774	-0.0	71.87145577573058	132.49814849868685	36.888306815324526
7.371078810650622	7.4417794696549455	154.4568897463422	13.353774101839315	128.42157621301243	52.945196464366305	-0.0	66.47398880592483	131.97817264176336	36.97351857936445
7.392450357147112	7.453679483379979	153.93378119527623	13.384577100172283	128.84900714294224	53.02452988919986	-0.0	61.86129961093749	131.4602995535586	37.05752112305218
7.412409025022956	7.466213545154273	153.4131874875947	13.415184878163181	129.2481805004591	53.10809030102848	-0.0	57.98950343128713	130.9445407115494	37.1403227038688
7.4311912596841925	7.479224879822091	152.89426233962894	13.445598497730737	129.62382519368384	53.194832532147274	-0.0	54.791434171945724	130.43085895559128	37.22193143162121
7.449008531394314	7.492585059659997	152.37758118344766	13.47581903395954	129.98017062788628	53.28390039773331	-0.0	52.18747950040471	129.91928431559273	37.30235546699795
7.466044425175807	7.50618492126946	151.86300350744546	13.505847538531986	130.32088850351613	53.3745661417964	-0.0	50.08773308758676	129.40974946881892	37.381602831747465
7.482452586420263	7.5199452344244495	151.35012654346286	13.535685074364208	130.64905172840525	53.46630156282966	-0.0	48.407545902076706	128.90232468959806	37.45968158716355
7.49835896842791	7.533800786921952	150.83969827181372	13.565332684236347	130.9671793685582	53.55867191281301	-0.0	47.064993953867884	128.39691238035374	37.53659967322371
7.513863998120273	7.547704061050801	150.3306675931457	13.594791418063345	131.27727996240546	53.65136040700534	-0.0	45.98917191207077	127.89359935386469	37.612365049924065
7.529046359306055	7.5616193514050885	149.82450100305635	13.624062310296186	131.5809271861211	53.744129009367256	-0.0	45.119973472837664	127.3922698061865	37.68698557949387
7.543966593787698	7.575521740005401	149.31927794666757	13.653146397152057	131.87933187575396	53.83681160003601	-0.0	44.409420606515766	126.89303229179575	37.76046911537692
7.55867087437542	7.589392344753052	148.81712781097357	13.68204470555789	132.1734174875084	53.929282298353684	-0.0	43.818853232392826	126.39576082094709	37.83282344630518
7.573194010689287	7.603217743749449	148.31580574794947	13.710758258543438	132.46388021378573	54.021451624996324	-0.0	43.31839466393132	125.90056111467067	37.90405632389845
7.587562072975583	7.616988375358553	147.81764037522245	13.739288074633683	132.75124145951165	54.11325583572369	-0.0	42.88524103856285	125.40731312989102	37.97417545938094
7.601794492641504	7.630697481679034	147.32020830269872	13.767635164249487	133.03588985283008	54.20464987786023	-0.0	42.50219776488743	124.91611591006898	38.04318850468516
7.615905717695746	7.64434026473146	146.82596626252916	13.79580053771595	133.31811435391492	54.2956017648764	-0.0	42.156365945514644	124.42685968421557	38.11110309502357
7.6299064780108985	7.65791337280402	146.3323597098468	13.82378519280032	133.59812956021796	54.386089152026805	-0.0	41.83815154341922	123.93963331086918	38.177926783628
7.6438047449868085	7.671414545361467	145.84202298267897	13.851590131676057	133.87609489973616	54.476096969076444	-0.0	41.54049257551156	123.45433437514916	38.24366713047774
7.657606460621391	7.684842266524345	145.35229113676752	13.879216339689911	134.1521292124278	54.565615110162305	-0.0	41.25818547797081	122.97104147140611	38.308331591069724
7.671316072992615	7.698195603275715	144.86578033494422	13.906664811162699	134.4263214598523	54.65463735517143	-0.0	40.98744493980763	122.48967091300652	38.37192765139814
7.684936946589819	7.711473948353824	144.379831393815	13.933936518707515	134.69873893179638	54.74315965569216	-0.0	40.72545408280022	122.01028205730687	38.434462668952
7.698471645483041	7.724677021445054	143.89711501342435	13.961032448581957	134.9694329096608	54.83118014296703	-0.0	40.47018652818204	121.53280393952895	38.49594405619887
7.711922154129593	7.737804748549306	143.4150802410188	13.987953561981278	135.23844308259186	54.91869832366204	-0.0	40.22017094981132	121.05728055078359	38.556379078238706
7.725290033382487	7.750857224834595	142.93601366443914	14.01470083635394	135.50580066764974	55.00571483223064	-0.0	39.974360104406344	120.58366953813444	38.61577506949621
7.738576544984472	7.763834582033823	142.45778275432747	14.041275221367897	135.77153089968942	55.092230546892154	-0.0	39.731943264638424	120.11198226717316	38.674139204204074
7.751782724524475	7.776737070712593	141.98239464776273	14.067677685820277	136.0356544904895	55.178247138083954	-0.0	39.49236175208308	119.64220013400805	38.73147874081919
7.764909446283422	7.789564998606371	141.50803886578652	14.093909169179426	136.29818892566843	55.26376665737581	-0.0	39.255216470990554	119.17431591436929	38.78780076822591
7.7779574693596265	7.802318695957879	141.0362014455523	14.119970629965678	136.55914938719252	55.34879130638586	-0.0	39.02020838476912	118.70833413420057	38.84311246057845
7.790927468011656	7.814998521852888	140.56567385000199	14.145862998686034	136.8185493602331	55.43332347901926	-0.0	38.78712241294791	118.24422331174692	38.89742082941311
7.803820056034351	7.827604842005621	140.0974072783639	14.171587223019491	137.07640112068702	55.517365613370806	-0.0	38.555792343101174	117.78200686430337	38.95073296182392
7.816635799266416	7.84013806409475	139.63072391318	14.197144224940267	137.33271598532832	55.600920427298334	-0.0	38.32612101127406	117.32163512751701	39.00305579418672
7.829375253049126	7.852645270594912	139.1659010270387	14.222534972930319	137.58750506098252	55.684022618124786	-0.0	38.13628320394617	116.86315719091303	39.053906558665894
7.843086757006944	7.875839121200594	138.70300775033465	14.247789569132996	137.86173514013888	55.703765663003104	-0.0	45.24403565226153	116.40648223754177	38.85578432141759
7.8597631301420225	7.90727634729336	138.24169437650588	14.27302363961781	138.19526260284044	55.54109459599739	-0.0	54.493816823182605	115.95158624540727	38.281295945194756
7.879419378423413	7.943438376051889	137.7825773885717	14.298348523595456	138.58838756846825	55.1994506249279	-0.0	63.254939346897906	115.49826260070124	37.40239395403595
7.901771323232397	7.981575086703134	137.32471301987894	14.323849412688014	139.03542646464794	54.70266303564378	-0.0	70.62389975724246	115.04652638196708	36.311397090896904
7.9263491218328745	8.019976841131264	136.86926243149253	14.34957790509976	139.52698243665748	54.09142538226284	-0.0	76.49661728566394	114.5962156505048	35.12054756306846
7.952619806795444	8.056951459583468	136.41488218362565	14.375547523815227	140.05239613590888	53.41078399579465	-0.0	80.75102661422632	114.14739373260439	33.949385271829065
7.980013595652757	8.090948174114883	135.96312338583164	14.401733598192445	140.60027191305514	52.70582434711962	-0.0	83.267107274619	113.69997109515144	32.91091147758864
8.007940332115606	8.120703084859823	135.5122078979572	14.428077500612558	141.1588066423121	52.01870652017235	-0.0	83.95041421287674	113.25409865445495	32.0991339772865
8.035792079019673	8.145535049824197	135.0640809019784	14.454494455321992	141.71584158039346	51.387968835608035	-0.0	82.81869158156707	112.80974107399766	31.57970678536466
8.062955360124736	8.165133430830299	134.61649438210208	14.480883739589718	142.2591072024947	50.84610660861939	-0.0	79.91326184744096	112.36708203235547	31.384673961350497
8.088845390732285	8.17913601942178	134.17207480034207	14.507139891724403	142.7769078146457	50.41711990333065	-0.0	75.12099768435864	111.92611441385228	31.511486536730157
8.112859062746638	8.187741992630972	133.72793715777698	14.533163617513301	143.25718125493276	50.12056749418921	-0.0	68.41186386710169	111.48702718323206	31.925556072155477
8.134321497042487	8.192126815238844	133.2869630120973	14.558871546593403	143.68642994084973	49.97453605179049	-0.0	60.106841434834024	111.04979452171013	32.564482466958744
8.152627270673882	8.192177846366118	132.84633361518726	14.584204802468628	144.05254541347765	49.98378118535705	-0.0	49.71831635086523	110.61456367241479	33.33969711025611
8.16889633540422	8.187852989478412	132.40877385195137	14.609139540906423	144.34778704308425	50.14780965447381	-0.0	34.420791385977246	110.1812826856822	34.11727724946978
8.83331526234646	8.198324010871088	131.97167037253428	14.633705822836587	144.37786458130088	50.568737474860434	-0.0	-0.0	109.74998632036147	34.793204215982215
10.6983428660161	8.191070385119314	131.53744381150375	14.657862962978866	144.37786458130088	51.05309077277596	-0.0	-0.0	109.32062481284983	35.78932266232303
13.756394099589283	8.177956269027941	131.10381129369333	14.68150762384529	144.37786458130088	51.648318371778856	-0.0	-0.0	108.89333894210495	37.07669260045445
17.9925655046203	8.161344160304902	130.67284436971556	14.704557358343463	144.37786458130088	52.341658489749356	-0.0	-0.0	108.46816919519866	38.58160313819537
23.386212036379913	8.14394269716109	130.24275375966502	14.726955832437945	144.37786458130088	53.11501583381922	-0.0	-0.0	108.04515171081529	40.21787778448735
29.911047677788964	8.126664271441493	129.81506423172976	14.748676234537621	144.37786458130088	53.93204576450104	-0.0	-0.0	107.62434541076067	41.89108394188002
37.53527354471616	8.112204750737183	129.3883991729252	14.769723168950073	144.37786458130088	54.7603323254282	-0.0	-0.0	107.20572291665877	43.50316523638132
46.22173285831561	8.102758505113233	128.9638950110051	14.790133078394655	144.37786458130088	55.55983565879885	-0.0	-0.0	106.78927242660814	44.957338252009315
55.92809202914465	8.100413651428099	128.5406966292257	14.809972963278145	144.37786458130088	56.288539989913936	-0.0	-0.0	106.37489109161112	46.163081013924284
66.60704697054531	8.106888995161608	128.11934665903573	14.829337577982251	144.37786458130088	56.90534116976827	-0.0	-0.0	105.96253795827973	47.04101994584508
78.20655363581855	8.123427891058276	127.6995201243627	14.848345004414085	144.37786458130088	57.37465970905359	-0.0	-0.0	105.55204454621934	47.52749076691933
90.67008165566541	8.150257614632883	127.28129854766898	14.867130950222458	144.37786458130088	57.668384097552554	-0.0	-0.0	105.14334132584929	47.57914234454201
103.93688983978431	8.17340674423707	126.86486195970447	14.885812506754364	144.37786458130088	57.82271162824714	-0.0	-0.0	104.73623867404716	47.42740654234949
117.94232219997586	8.192283547286362	126.44977574922585	14.904411274927023	144.37786458130088	57.94855698190907	-0.0	-0.0	104.33075883386475	47.276033831164696
132.12338512871236	8.210606047401399	131.4050415820352	14.922928165845335	143.838923094119	58.070706982676	254.26545026987688	-0.0	103.9473319410912	47.12502606477203
143.7035482484477	8.228760415729699	135.9797377635944	14.941505117492506	140.28888442403004	58.19173610486466	833.7523275150712	-0.0	104.8042373536635	46.975127314267986
151.15528901583767	8.246796259846784	135.6790027724066	14.960820183495395	133.32960690807454	58.31197506564523	1180.1973402396723	-0.0	108.04881250572194	46.82989200292701
156.06218348281718	8.264723549479058	139.48484404801724	14.98140843454626	125.24666648836161	58.431490329860395	1221.458369790798	-0.0	112.09732453363479	46.69210314898481
159.42770296878314	8.282605782121284	143.45240547807524	15.003369106318422	117.15791824858276	58.55070521414189	1199.0732980780247	-0.0	116.18337924168648	46.56224202014874
161.54323416288892	8.300631291585756	147.14729896146943	15.026683444699925	109.34461504517537	58.67087527723838	1138.2592710484523	-0.0	120.14212303252908	46.4401684298481
162.78078115597276	8.31903176426346	150.57759948969252	15.051282563868499	102.04376253093102	58.79354509508973	1047.9915791480494	-0.0	123.82672743969378	46.32547977672956
163.49521385940227	8.337958874274733	153.64507597806474	15.077058361535386	95.4049895156051	58.919725828498215	941.5478794625252	-0.0	127.14340491220551	46.21756975443704
163.9882786790588	8.357454347030956	156.3400890587976	15.103879947801047	89.49982994225928	59.04969564687304	829.6608137205883	-0.0	130.0427114389673	46.115715653139766
164.47491914539117	8.377487127412682	158.67943502640978	15.131607176887853	84.33004591518251	59.18324751608454	722.2143523278427	-0.0	132.5154535722224	46.01915000035616
165.0608371407055	8.397994381989983	160.68408682154185	15.160103150425025	79.83887968095331	59.31996254659989	627.6205292409804	-0.0	134.58824174431265	45.92712642647403
165.7411261892539	8.418906033145447	162.40603504417348	15.189244337745976	75.92798105232791	59.45937355430298	547.8669574424406	-0.0	136.31280349494372	45.83897267115027
166.45529447619467	8.440156602987159	163.8517989808203	15.218926384402033	72.49286684851646	59.60104401991439	484.0605278099979	-0.0	137.75126163327627	45.754120673202756
167.12879268138	8.461689984651855	165.05726370777978	15.24906463338085	69.44197302394268	59.74459989767904	431.7842141903973	-0.0	138.95933131453717	45.67210874741129
167.72123954937902	8.48346018705763	166.04698387613672	15.27959029480471	66.71284010364333	59.8897345803842	388.1790960263148	-0.0	139.97727534818333	45.59256091249259
168.22135504472294	8.505429732925847	166.87224207518727	15.310445222375385	64.26406573573367	60.03619821950565	348.4539672011356	-0.0	140.83039610119252	45.51515902150809
168.63721671529206	8.527567057111515	167.55566029299715	15.341578066110896	62.06765089585434	60.183780380743436	311.993714690764	-0.0	141.53580649323496	45.439622267785374
168.97669179644188	8.549844077557232	168.0997359926255	15.37294262553201	60.099745239433595	60.33229385038155	280.9377552830404	-0.0	142.10817042252413	45.36569834858518
169.23241938191123	8.572234679522534	168.5445317084624	15.404497411979264	58.334885652703754	60.48156453015024	248.81698215836423	-0.0	142.56126066573032	45.293161019065046
169.4133592391999	8.594714237667036	168.86265940658544	15.436205222126326	56.75665238562539	60.631428251113576	222.6274577299536	-0.0	142.9070332840246	45.22180771593562
169.52086988665832	8.617259797312311	169.07537051414585	15.468032404583486	55.34864861408422	60.78173198208207	200.2372181341983	-0.0	143.15501344860198	45.151455582848314
169.55659537857582	8.63985036788618	169.2042562723172	15.499948154423171	54.09695035396079	60.93233578590787	178.07447757406536	-0.0	143.31300058438288	45.08193766419793
169.52695606231376	8.66246694664998	169.2426801945412	15.531924097893635	52.99114945972998	61.08311297766654	159.9525807842108	-0.0	143.3879135218419	45.013100642309695
169.42721075465963	8.685092210406918	169.2054186562503	15.563934079717773	52.01912320765408	61.23394806937945	141.28442538666616	-0.0	143.38641617529555	44.94480364974187
169.306309341072	8.707710064506292	168.91367543221298	15.595954066429961	51.18645790754597	61.38473376337529	187.98151982924014	-0.0	143.31405188830715	44.876917695771766
169.08447729859537	8.730305288158888	168.71775813148813	15.627961944287618	50.46148553997708	61.53536858772593	181.67202602396546	-0.0	143.17600637368065	44.80932454464556
168.8049132262798	8.752863246331648	168.72931729631173	15.659934190555857	49.850804983266784	61.68575497554432	82.48414209486971	-0.0	142.96093479026194	44.74189917052436
168.44609134269265	8.775369577742065	168.39276500466943	15.691849909569369	49.34287933432119	61.8357971849471	69.27748856656328	-0.0	142.69742479407995	44.67453102786617
168.03760025557182	8.797810340946404	167.9183199601212	15.72369409295844	48.94204852865287	61.985402272976025	103.61093856613162	-0.0	142.3832444425308	44.60714102987656
167.61483237457986	8.820173212193122	167.59723964327995	15.755447014017282	48.65508420168808	62.13448808128748	39.79127815228132	-0.0	141.99938340177403	44.53962572446926
167.12632401702552	8.84244814898681	167.15186942682064	15.787087027845674	48.46541819435997	62.28298765991207	-0.0	-0.0	141.55904324285518	44.471872158846296
166.0238374680616	8.864625802182582	166.24569079490368	15.818599486942869	48.40397341384549	62.43083868121722	-0.0	-0.0	141.07468673089554	44.403804705772515
163.56161091789767	8.886696105686564	166.4088523455514	15.849960966466732	48.40397341384549	62.57797403791042	-0.0	-0.0	140.49841748531614	44.335302004844515
159.57253136285507	8.908648762207916	165.23187665672086	15.88116264697057	48.40397341384549	62.724325081386105	-0.0	-0.0	139.96894723988498	44.26632016230624
154.13426741331924	8.930468631420297	165.20712195458407	15.912211222885611	48.40397341384549	62.86979087613531	-0.0	-0.0	139.40486017528366	44.19689676046993
147.35270374720682	8.95215314554696	164.20518483847175	15.94310199175424	48.40397341384549	63.01435430364641	-0.0	-0.0	138.87249120167522	44.1270094935544
139.3598795025997	8.973706382194603	164.0343563054745	15.97384096655089	48.40397341384549	63.15804254796403	-0.0	-0.0	138.31879862726072	44.05669231234626
130.3114174349652	8.995124057054777	163.16832884881921	16.00442425890883	48.40397341384549	63.300827047031845	-0.0	-0.0	137.78572476281073	43.985927101286244
120.38349389406564	9.01640866010366	162.88744401202234	16.034857004784755	48.40397341384549	63.44272440069108	-0.0	-0.0	137.24048192848122	43.91474314263455
109.76940861604196	9.037562795069896	162.12447527236753	16.065136180544883	48.40397341384549	63.583751967132635	-0.0	-0.0	136.70830205939706	43.84312678628951
98.67582111787844	9.058583969117473	161.76311472701352	16.095266055487116	48.40397341384549	63.72389312744982	-0.0	-0.0	136.17008425913448	43.77110269552743
87.31872697280964	9.079475140792905	161.07659202146496	16.1252444156791	48.40397341384549	63.86316760528604	-0.0	-0.0	135.63994143189524	43.69866140265831
75.91925230983317	9.100237372749497	160.65821651860662	16.15507475008679	48.40397341384549	64.00158248499665	-0.0	-0.0	135.10772474544646	43.62582340315304
64.69934841971133	9.120869537347813	160.02757639564527	16.184755549326876	48.40397341384549	64.13913024898542	-0.0	-0.0	134.5804048642225	43.55258286328035
53.877470294825244	9.141374312377398	159.570117743072	16.21428963843028	48.40397341384549	64.27582874918265	-0.0	-0.0	134.05347599557265	43.478956721520376
43.66432324303428	9.161751973006655	158.97964409560691	16.243676090541797	48.40397341384549	64.41167982004437	-0.0	-0.0	133.52950677586975	43.404942139645684
34.25876039028641	9.182002414395534	158.49660217318313	16.272917190116008	48.40397341384549	64.54668276263689	-0.0	-0.0	133.00737188424304	43.330553147589924
25.843910948868956	9.202127784589807	157.9346931943001	16.302012472901488	48.40397341384549	64.68085189726538	-0.0	-0.0	132.48709181138432	43.25578927434248
18.583614635112355	9.22212809396588	157.43590159556953	16.33091975280393	48.40397341384549	64.81418729310587	-0.0	-0.0	131.96943754615617	43.64361051702055
12.619231659534925	9.242003889976322	156.8941495034844	16.35939884942624	48.40397341384549	64.94669259984215	-0.0	-0.0	131.45328306171294	44.72269402383096
8.12268961857209	9.215745595206474	156.38661147634807	16.38731106578661	48.77826882928861	64.7716373013765	-0.0	261.3732934705629	130.9404499736198	46.070465892476186
5.269459653983853	9.036732199394864	155.85910769246522	16.414595115162488	51.40546522027554	63.578214662632426	-0.0	485.2365753817288	130.4291132694696	47.539551070968564
3.87185423654499	8.880365646779072	155.34767519198982	16.441231443694555	54.94446929725228	62.53577097852715	-0.0	559.4925943563777	129.9212814588497	49.017011959760566
3.883550572655672	8.753373223510081	154.83033717560602	16.467236343373337	58.67101145311344	61.68915482340055	-0.0	551.6918666052642	129.4149263937928	50.388443120291086
4.064680989663939	8.643433249682804	154.31826235811158	16.492657644075933	62.29361979327878	60.95622166455203	-0.0	534.9504801859505	128.91197268292248	51.5962597689755
4.240256950336178	8.539093586540886	153.80837977756957	16.517549008168515	65.80513900672355	60.26062391027258	-0.0	518.3409011092934	128.41047029391984	52.64251212673174
4.410305268260103	8.438953641101802	153.29779348862385	16.541963219038234	69.20610536520206	59.593024274012016	-0.0	501.7873287585152	127.91214203862883	53.53192298184025
4.574843170360922	8.342852800840372	152.79359077741762	16.565950977314017	72.49686340721844	58.95235200560248	-0.0	485.2840424998185	127.41527787838946	54.27009496386788
4.733887712573848	8.250760060284136	152.28580852898182	16.589561260740556	75.67775425147696	58.33840040189424	-0.0	468.8331491393212	126.92134072214107	54.86388907222711
4.887456878248001	8.16265658021224	151.7862332742396	16.612840279115154	78.74913756496001	57.7510438680816	-0.0	452.4378204491363	126.42889946340864	55.32199196975959
5.035569775034811	8.07852377724956	151.2820158625051	16.635831176664233	81.71139550069621	57.190158514997066	-0.0	436.1016224900129	125.93914834198172	55.655770167155175
5.178246766306025	7.998342507801064	150.7863763879894	16.658572656878015	84.5649353261205	56.65561671867376	-0.0	419.8285171870057	125.45093080449496	55.88042475033838
5.315509601727266	7.922092258088419	150.28617859548328	16.681097787112108	87.31019203454531	56.14728172058946	-0.0	403.62286360236345	124.96519310655842	56.0160756700089
5.447381559500265	7.8497512564096175	149.7941388054429	16.70343222650926	89.9476311900053	55.665008376064115	-0.0	387.48949154375083	124.48103273579437	56.08729649979277
5.5738876197438065	7.781296584061323	149.29812390509684	16.725593460380228	92.47775239487613	55.208643893742156	-0.0	371.4337898870333	123.99918676638384	56.11902094829915
5.695054656432418	7.7167034981944695	148.80951500535465	16.747591619463975	94.90109312864834	54.778023321296466	-0.0	355.46174563534714	123.51897117947041	56.13043250962861
5.810911656017694	7.655945559976816	148.31773409467058	16.769431944971707	97.21823312035387	54.37297039984544	-0.0	339.58006272077444	123.04095181970526	56.132577098003274
5.921489977159063	7.598994467206922	147.83249401561687	16.791117127485023	99.42979954318126	53.99329644804615	-0.0	323.79627951536315	122.56461721586055	56.130562036223985
6.0268236442826835	7.545819547793921	147.34490808482877	16.81264874854937	101.53647288565367	53.63879698529281	-0.0	308.1188796056684	122.09039144287543	56.12647338426054
6.126949691908376	7.496387698231216	146.86303786230593	16.834027954774516	103.53899383816751	53.309251321541446	-0.0	292.55747366146284	121.6178932226006	56.121117863385486
6.221908570241006	7.450662988551852	146.37958944531215	16.855255710697133	105.43817140482012	53.004419923679016	-0.0	277.1229892023176	121.14743536488147	56.1148025546791
6.3117446196020515	7.4086059177047465	145.90113589543756	16.876332928084462	107.23489239204102	52.72403945136498	-0.0	261.82786546015006	120.67873373876404	56.10764576930013
6.396506625602154	7.37017331656261	145.4216329139115	16.8972604747809	108.93013251204307	52.4678221104174	-0.0	246.6863761642068	120.21202175215483	56.09969521698756
6.476248491749203	7.335317220808305	144.9466436977289	16.9180392235462	110.52496983498405	52.235448138722035	-0.0	231.71490147634844	119.74707982906102	56.09097248212845
6.551029989356125	7.303985812236773	144.47110594327165	16.938670020298343	112.02059978712249	52.026572081578486	-0.0	216.93256770259396	119.28408329785375	56.08148930216753
6.620917758455159	7.27611977779665	143.9995391925772	16.959153724826834	113.41835516910317	51.840798518644334	-0.0	202.3613752889696	118.8228681920898	56.071253883612336
6.6859863847329635	7.251653708583525	143.5278914729142	16.979491172670862	114.71972769465926	51.67769139055684	-0.0	188.02714628654056	118.3635600320888	56.06027296155914
6.746319770180744	7.230513901587669	143.059767155763	16.999683213703726	115.92639540361486	51.536759343917794	-0.0	173.96014834706483	117.90603800792411	56.048552840905906
6.802012755518343	7.212617338301038	142.59192005119755	17.01973067492298	117.04025511036686	51.41744892200692	-0.0	160.1960874176345	117.45039081786331	56.036099511292704
6.85317319574562	7.197866050050416	142.12727632204295	17.03963439690435	118.06346391491239	51.3191070003361	-0.0	146.77637205643745	116.99652891607236	56.02291895363773
6.899923931039247	7.186156832276942	141.66316447533438	17.059395198111666	118.99847862078492	51.24104554851295	-0.0	133.75184607083355	116.54451384645822	56.00901699524907
6.942406177142167	7.1773600837490035	141.20199217926756	17.07901391009196	119.84812354284333	51.18240055832669	-0.0	121.18011042628775	116.0942800658318	55.994399510653764
6.9807822982071235	7.171331590513378	140.74157439765344	17.098491343081136	120.61564596414246	51.14221060342252	-0.0	109.12988027639778	115.64586785949685	55.97907224670059
7.01523907190317	7.167915323745242	140.2838517191325	17.117828319741495	121.30478143806339	51.119435491634945	-0.0	97.68452149716201	115.19923343649701	55.96304100216509
7.045992979170458	7.166909859621672	139.8270368003878	17.13702564168998	121.91985958340915	51.112732397477814	-0.0	86.93276153557358	114.7543967279612	55.94631145263262
7.0732924454282085	7.1680977242870485	139.37277234191893	17.15608412312369	122.46584890856417	51.12065149524699	-0.0	76.97616467892838	114.3113296074565	55.9288893276995
7.097420262142426	7.17124210971132	138.91958588003658	17.175004557273724	122.94840524284851	51.141614064742136	-0.0	67.92544054370146	113.87003693602455	55.91078023469935
7.118695275697534	7.1760653172473505	138.46874136673026	17.19378774961982	123.37390551395067	51.173768781649	-0.0	59.880110194149935	113.43050782613643	55.89198983357263
7.137467260944231	7.182274458475107	138.01910803166942	17.212434485360316	123.74934521888461	51.215163056500714	-0.0	52.91927669271176	112.99273270894798	55.87252366577508
7.154106389348992	7.189578564248998	137.5716448813428	17.230945561173353	124.08212778697983	51.26385709499332	-0.0	47.085145547724224	112.55671294303751	55.85238732150369
7.168987045564439	7.197700706362657	137.12559433335406	17.24932175440452	124.37974091128878	51.31800470908438	-0.0	42.36276430886688	112.12242365008565	55.83158627759085
7.182467552156474	7.206392578000574	136.6814801860053	17.26756385286746	124.64935104312949	51.375950520003826	-0.0	38.66929163116669	111.68988393296063	55.810126054468846
7.194869531279681	7.215453577963966	136.23893318234443	17.28567262638984	124.89739062559362	51.43635718642644	-0.0	35.86785354280032	111.2590547116046	55.788012066407404
7.206463602185736	7.224736942670874	135.79813489304794	17.303648853850124	125.12927204371472	51.49824628447249	-0.0	33.794730067291574	110.82996698347152	55.76524976398003
7.217464877485115	7.234139693584198	135.35915669269235	17.3214932977025	125.3492975497023	51.56093129056132	-0.0	32.282750908072614	110.40256528137566	55.741844499934565
7.228035400404891	7.243598570357329	134.9216025104649	17.33920672756628	125.5607080080978	51.62399046904886	-0.0	31.188108663838246	109.976901382855	55.7178016535647
7.238293285190405	7.253070374822122	134.48609518452517	17.356789899371307	125.76586570380809	51.68713583214748	-0.0	30.39026327596221	109.55290354395424	55.69312652084185
7.2483216747727175	7.262529371893715	134.05176773144342	17.374243572996253	125.96643349545434	51.75019581262477	-0.0	29.799011226252578	109.13063472763366	55.66782440753108
7.25817799467908	7.271959348204733	133.61983825261572	17.391568498352317	126.16355989358159	51.81306232136489	-0.0	29.348502438000367	108.71000786207591	55.641900555768345
7.267901160769321	7.281351332132933	133.18867608223871	17.40876542489225	126.35802321538641	51.87567554755289	-0.0	28.993718461517584	108.29110620292374	55.61536019445654
7.277517445654756	7.290699241670025	132.7601561170956	17.425835097281922	126.55034891309512	51.93799494446684	-0.0	28.70300073083512	107.87382940242844	55.588208516235525
7.287044420265296	7.299999432117591	132.3322280046621	17.44277825424296	126.74088840530591	51.999996214117274	-0.0	28.45502136299384	107.45826073395499	55.56045067180601
7.296493793576697	7.309249812275975	131.9071968314439	17.459595636446487	126.92987587153392	52.06166541517317	-0.0	28.23563650256325	107.04430676764274	55.53209181115382
7.305873404460129	7.318449006522848	131.48232614870147	17.47628796993493	127.11746808920256	52.12299337681899	-0.0	28.035247973220784	106.63204916956789	55.50313699682039
7.315188487402964	7.327596368899112	131.06062422438788	17.49285599203207	127.30376974805928	52.183975792660746	-0.0	27.84766764936034	106.22139185300414	55.47359133985536
7.324442578703519	7.33669158274067	130.6391047798873	17.509300418240727	127.48885157407038	52.24461055160447	-0.0	27.66880467822787	105.81240816311124	55.44345982606973
7.333638099088411	7.345734542423387	130.22057029447814	17.52562197982405	127.6727619817682	52.30489694948925	-0.0	27.4959580381558	105.40502455097658	55.41274751357655
7.342776738595041	7.354725271595588	129.80232939799382	17.541821383610856	127.8555347719008	52.36483514397059	-0.0	27.327336360029562	104.99929180200368	55.3814593216041
7.351859704515895	7.363663911434988	129.3869017513337	17.557899353915513	128.03719409031788	52.42442607623325	-0.0	27.16179177527359	104.59515561015633	55.34960025090637
7.36088788737824	7.372550693195198	128.97200943782238	17.5738565894465	128.2177577475648	52.48367128796799	-0.0	26.99861780832197	104.19264175740956	55.31717515721918
7.369861983871466	7.381385807394034	128.55970671314682	17.589693807630276	128.39723967742933	52.54257204929356	-0.0	26.83726830660102	103.79172430424003	55.28418898456516
7.378782551514331	7.390169512394885	128.14812929092918	17.605411699391848	128.57565103028662	52.601130082632565	-0.0	26.677425944693493	103.39240596431073	55.25064652730633
7.387650055777344	7.398902120335192	127.73880650261168	17.621010974362797	128.75300111554688	52.65934746890128	-0.0	26.518937287634394	102.99468485501221	55.21655266807921
7.396464916786821	7.407583865014388	127.33049983549562	17.63649231660023	128.9292983357364	52.71722576676259	-0.0	26.36160587337117	102.59853614963903	55.1819121449598
7.405227509671099	7.4162150419208475	126.9242096286244	17.65185642770001	129.10455019342197	52.77476694613898	-0.0	26.205357574535636	102.20397987553366	55.14672977830351
7.413938184819509	7.424795949511895	126.51917680825196	17.66710398563162	129.27876369639017	52.83197299674597	-0.0	26.05014958256768	101.81097633017296	55.11101025414816
7.422597279475379	7.433326860898883	126.11590806148173	17.682235682949656	129.45194558950757	52.88884573932589	-0.0	25.89592321136615	101.41955761732558	55.074758325514615
7.431205116945161	7.441808068980968	125.71408904297279	17.697252192020912	129.6241023389032	52.945387126539785	-0.0	25.742659191270178	101.02967397895614	55.03797862928392
7.439762015025751	7.450239848750498	125.31375858167377	17.712154196715627	129.79524030051502	53.00159899166999	-0.0	25.590322541864907	100.64137040309892	55.000675853234256
7.448268281492545	7.45862250480717	124.91514876317224	17.72694236374653	129.9653656298509	53.05748336538114	-0.0	25.43892602222157	100.25458100320974	54.96285458503276
7.456737736042912	7.466953127909344	124.5178132724025	17.741617554416504	130.13475472085824	53.11240707060579	-0.0	25.26780543798693	99.8693629711781	54.923294317887816
7.46649284864786	7.485378010906384	124.12235949139453	17.75621522236933	130.3298569729572	53.10226013398141	-0.0	34.355823977278575	99.48562285269256	54.592307280612744
7.479597647253922	7.510796256126005	123.72796118431961	17.77086706736027	130.59195294507842	52.915627300815956	-0.0	44.157819856795506	99.103322768699	53.839013819589574
7.495787400303105	7.540142089960302	123.33561287676896	17.78569732871205	130.9157480060621	52.558325247082266	-0.0	52.651382731840755	98.72226597629204	52.74659531858053
7.5146045848396525	7.571578702986835	122.9441430080174	17.800800905890934	131.29209169679305	52.058427633079816	-0.0	59.673129498953564	98.34242860696186	51.41651631487484
7.535499235862531	7.60379946594214	122.55496262805599	17.816235917228457	131.70998471725062	51.45648443992062	-0.0	65.33578177366203	97.96363773821527	49.97166398857434
7.5579590826022205	7.634374928809364	122.1663974996779	17.832018672811127	132.1591816520444	50.789688256026125	-0.0	69.10854062955215	97.58597948978348	48.54370399170462
7.5813747523059165	7.662156958187473	121.78025145537333	17.848123221202258	132.62749504611833	50.10236882922804	-0.0	71.05552665062214	97.20937542073884	47.25842772054622
7.6051321689003935	7.686193810969304	121.39463850791522	17.86448551833762	133.10264337800785	49.43532933773433	-0.0	71.1783157240106	96.83395002094852	46.22228767871031
7.628620734596478	7.705734405955386	121.01151944686522	17.88101152155539	133.57241469192954	48.82372477573921	-0.0	69.42337113632406	96.45969688865819	45.512051065029006
7.651228804892931	7.72039983550979	120.62886035951162	17.897587954360645	134.0245760978586	48.29715321306918	-0.0	65.7509651149981	96.0867968993588	45.168720163524334
7.672380490510628	7.729890258221963	120.24868258021442	17.914094329051434	134.44760981021255	47.877952092569515	-0.0	59.95298559670266	95.71528845466429	45.196003352138426
7.691200182102522	7.736409857862459	119.86896312469207	17.930414760775037	134.82400364205043	47.59530452922477	-0.0	53.156417627564984	95.34532250308202	45.56270626513467
7.707270679651913	7.738289371210736	119.49177020941629	17.946448602484757	135.14541359303826	47.45021579137364	-0.0	44.030310269477354	94.97695253505049	46.20742096855736
7.719306940537219	7.7377828643826945	119.11498702845653	17.962119544898734	135.38613881074437	47.46001557707154	-0.0	33.98154264217861	94.61030229216875	47.04223282145062
7.730230377807212	7.734421373604364	118.74061463960719	17.97738483692501	135.54095968006237	47.62168671395467	-0.0	16.18447519451852	94.24535552859352	47.94511882653547
8.380492677127982	7.732596449120007	118.36682401654957	17.99227007913563	135.53995689057876	47.9544483463387	-0.0	-0.0	93.8821451559092	48.63395672081473
10.158672623334171	7.719305176547427	117.99525642606001	18.006781932974565	135.53995689057876	48.37392945719044	-0.0	-0.0	93.52061208296385	49.59597025494743
13.056054066656225	7.701641007009913	117.62441566313572	18.02080826985227	135.53995689057876	48.90182072689005	-0.0	-0.0	93.16084980893275	50.88603894435489
17.058516575275917	7.681084889171664	117.25563283640895	18.03425565067816	135.53995689057876	49.52173364500829	-0.0	-0.0	92.80293437445339	52.42351498896617
22.146554088267575	7.659299862765441	116.88769153250843	18.047059349659733	135.53995689057876	50.211268205586286	-0.0	-0.0	92.44693976713603	54.113257480219296
28.295369978677943	7.638143201691297	116.52165317277267	18.059187353080212	135.53995689057876	50.94221152520437	-0.0	-0.0	92.09289847504695	55.85026507275921
35.47499790025865	7.619754652342893	116.15665622943438	18.070642701507616	135.53995689057876	51.68200703968586	-0.0	-0.0	91.74077970687323	57.52483684181251
43.650447828902564	7.60610728483299	115.7932533205128	18.081464143000943	135.53995689057876	52.39294780348846	-0.0	-0.0	91.39059161329521	59.02808285717582
52.78187658705267	7.599152012420326	115.43116342597423	18.091724914042512	135.53995689057876	53.036207889089546	-0.0	-0.0	91.042216925942	60.25758799102998
62.82478202001766	7.600525815853034	115.07044804897227	18.10152973384535	135.53995689057876	53.57428237043422	-0.0	-0.0	90.69561137216887	61.123005157640215
73.73021987789856	7.611256432402146	114.71121633315919	18.11100997717611	135.53995689057876	53.97395579817885	-0.0	-0.0	90.35059532498039	61.55131741982408
85.44504234611048	7.63155079047291	114.3531112535336	18.120317266478477	135.53995689057876	54.210338603152735	-0.0	-0.0	90.00708595297192	61.49300548229924
97.91215706206378	7.647997366780821	113.99667291320665	18.12958062784701	135.53995689057876	54.319982445205476	-0.0	-0.0	89.66488107690436	61.21878101018927
111.07080535564154	7.660736314591005	113.64126853756542	18.13882187951154	135.53995689057876	54.404908763940035	-0.0	-0.0	89.32399498993036	60.9458802154504
123.62300504050215	7.673115970256744	121.58908270949236	18.148052445721742	134.19967929692703	54.48743980171163	427.84694668874425	-0.0	89.18124809831212	60.674356226647646
132.92995318556933	7.685709239138269	122.52287132124916	18.157588301519503	129.43305556297645	54.571394927588464	967.8002726744893	-0.0	90.96563306270568	60.40586184260523
138.8031000143843	7.698780775159739	123.85156262133424	18.16813286664285	122.14518572283129	54.65853850106493	1160.016536681485	-0.0	94.56987688431417	60.14407352990738
142.81444536800993	7.712475034332988	127.82152746124677	18.18001465270897	114.37111705903104	54.749833562219926	1161.6206831873665	-0.0	98.52895527192021	59.890679413014105
145.52052313470662	7.726840203056995	131.51085073712267	18.193261593256274	106.73452467365652	54.845601353713306	1122.884907629698	-0.0	102.44151178186769	59.64578177057345
147.21174282383035	7.741865539520973	134.97259176898194	18.207832120643836	99.47559471945408	54.94577026347315	1049.5349422179124	-0.0	106.16202913201286	59.409117683784686
148.23560581466148	7.757510558048188	138.12643121790734	18.223640272646897	92.78749081789131	55.05007038698792	953.8478462039284	-0.0	109.57069082418624	59.180192591133924
148.90504580133972	7.773720620900053	140.92411075866428	18.24056959311457	86.77853313407687	55.15813747266702	847.5164622830578	-0.0	112.59729890781215	58.95835449270574
149.46893236475375	7.790434912474093	143.36861709125745	18.25848786878644	81.48458330584332	55.26956608316062	740.9644894424209	-0.0	115.21307365613112	58.7428721283392
150.08047182269235	7.807591320385421	145.48015368582537	18.277260048537816	76.87682041166642	55.38394213590281	643.4505671129895	-0.0	117.4272240336538	58.53300320879332
150.78252293529698	7.825130000534686	147.30391583425939	18.29675961426999	72.87514472732722	55.50086667023124	559.5307311429674	-0.0	119.27969826762478	58.328054157921336
151.53985407466743	7.842996006506402	148.85434205300555	18.316876606970215	69.37816264707914	55.619973376709346	491.62595735942284	-0.0	120.82848291155341	58.12742197832654
152.2815619330076	7.861140878350567	150.15528284508633	18.337520687405743	66.28776182662273	55.74093918900378	437.45298937475957	-0.0	122.13247992849362	57.93060982982755
152.94982766121464	7.8795230701798635	151.24869154487374	18.35861908985821	63.52871820348528	55.86348713453243	391.2828267004335	-0.0	123.238334639292	57.73721572056333
153.52777193365745	7.898107314201477	152.15697880956643	18.380111671159153	61.054598495798054	55.98738209467651	351.2426243612697	-0.0	124.17650639818781	57.54690601679527
154.01969689242554	7.9168632990885754	152.91471584831098	18.401946230390337	58.83431683904806	56.11242199392384	315.3542356942602	-0.0	124.96599287493872	57.35939051929983
154.43309131602163	7.9357642020659975	153.54499264443578	18.424075968547584	56.84268641100605	56.238428013773316	282.71696171741553	-0.0	125.62143818809497	57.174408905652676
154.77055835891204	7.954785549137973	154.05520137159883	18.446458766117242	55.05659696184414	56.36523699425315	253.73633728378218	-0.0	126.15667424925171	56.99172678378559
155.03067746441414	7.973904621235734	154.4574492193432	18.469056920826134	53.454991182660166	56.492697474904894	227.13551474039517	-0.0	126.5843569244445	56.81113417889836
155.21678909223422	7.993100323686948	154.75804620914178	18.491836550366525	52.02143172076493	56.62066882457965	203.19168161693943	-0.0	126.91481962430308	56.632442269080244
155.33321036620714	8.012353253815762	154.96975456951753	18.514766820516115	50.7421986990371	56.74902169210508	180.8618857085832	-0.0	127.15625783426539	56.45547922255474
155.38433789673732	8.031645706870428	155.09858505491488	18.537819407787108	49.60563154523692	56.877638045802854	160.36756456347368	-0.0	127.31573791545449	56.28008728852204
155.372207729833	8.050961503204572	155.15063038013415	18.560968229725063	48.60110771942607	57.00641002136382	141.2160099737192	-0.0	127.39967589257033	56.10612130784217
155.29912635524175	8.070285722985881	155.13017975294832	18.58418920554411	47.71968958354344	57.13523815323921	123.3093435486898	-0.0	127.41363373903157	55.933447390258344
155.1597426404057	8.089604400857771	155.07293145549605	18.607459941976966	46.9515603865086	57.26402933905181	88.39121360106851	-0.0	127.36217917824068	55.76194120604832
155.0265615019559	8.108903993726448	155.05400833513823	18.630758452333136	46.31117425745799	57.39269329150966	-0.0	-0.0	127.23851527333373	55.591481203884534
154.80216492805218	8.128171793965683	154.74209239738744	18.654061836559748	45.76373830628743	57.52114529310455	73.5290946484903	-0.0	127.06259834201923	55.4219416965745
154.4954448768891	8.147396674713574	154.4143756617982	18.677356823898084	45.307402666249786	57.649311164757165	85.41796859081562	-0.0	126.84253220242448	55.25324819460214
154.15317033022686	8.166568136345278	154.07104712498585	18.700625218644873	44.951925890708836	57.77712090896852	85.97143986051618	-0.0	126.56375658830561	55.085300729940315
153.73093722283144	8.185675483759978	153.71014908983076	18.72384925516879	44.68157863307129	57.90450322506652	43.25427111929023	-0.0	126.2356835214373	54.918002135621904
153.25150847320174	8.204707602227302	153.25890613955696	18.74701327693663	44.50185391295592	58.03138401484868	-0.0	-0.0	125.86054251397043	54.75126682026031
152.23371449893872	8.223653968901408	152.5813850524448	18.770101008995344	44.45387842606127	58.157693126009384	-0.0	-0.0	125.42846579531606	54.5850063877578
149.94101938713987	8.24250516235978	152.6087345692901	18.793088173582024	44.45387842606127	58.2833677490652	-0.0	-0.0	124.92107127151735	54.419090883411926
146.25015390764466	8.261249000701653	151.65328455582886	18.81597011949789	44.45387842606127	58.40832667134436	-0.0	-0.0	124.45487226954916	54.25349417884187
141.2329803507265	8.27987664470856	151.56202143141087	18.838750054567623	44.45387842606127	58.532510964723734	-0.0	-0.0	123.95741606742831	54.08823137341221
134.9871846343665	8.298390888596868	150.7226675376506	18.861425655611843	44.45387842606127	58.65593925731246	-0.0	-0.0	123.48919453685671	53.923288573848914
127.63437432926891	8.316790799541545	150.533398559024	18.88400024380654	44.45387842606127	58.77860533027697	-0.0	-0.0	123.00043924645607	53.75868148873593
119.31771092192521	8.335075067093731	149.7893303213617	18.90647159223296	44.45387842606127	58.90050044729154	-0.0	-0.0	122.53177233640275	53.5943967027104
110.1991224162698	8.353247178578789	149.52237325776713	18.928842791505428	44.45387842606127	59.02164785719193	-0.0	-0.0	122.05028044219189	53.430448717203625
100.45615054546404	8.371306221249394	148.8540530818857	18.951111918037086	44.45387842606127	59.14204147499597	-0.0	-0.0	121.58237006848553	53.26682569060895
90.27849397953342	8.389252420877352	148.52772261870695	18.973281696640004	44.45387842606127	59.261682805849006	-0.0	-0.0	121.10704287266832	53.103540200953546
79.86431483371342	8.407088216000979	147.91816929027834	18.995350586483262	44.45387842606127	59.3805881066732	-0.0	-0.0	120.64078239013037	52.940582402986365
69.41638039088167	8.424812789896269	147.5479168513001	19.017320909296078	44.45387842606127	59.49875193264179	-0.0	-0.0	120.17079997696399	52.777962751923965
59.1381151599677	8.442427098551592	146.9830499399601	19.039191512817467	44.45387842606127	59.61618065701062	-0.0	-0.0	119.70683444514117	52.615673432905986
49.22964013797193	8.459932703238726	146.58144715405984	19.06096433349917	44.45387842606127	59.732884688258174	-0.0	-0.0	119.24159617993057	52.453722869854126
39.88387639236581	8.47732913222407	146.05004729342764	19.082638573684832	44.45387842606127	59.8488608814938	-0.0	-0.0	118.78037811019219	52.29210510208246
31.282788828362804	8.494617615244259	145.62697723543192	19.104215642371344	44.45387842606127	59.96411743496172	-0.0	-0.0	118.31945205579973	52.16323261061042
23.593843276030473	8.511799117124514	145.12033929172216	19.12555865481524	44.45387842606127	60.0786607808301	-0.0	-0.0	117.86136695833135	52.889916846620096
16.9667458788907	8.528873558541418	144.68329298120358	19.146433962530622	44.45387842606127	60.19249039027613	-0.0	-0.0	117.40483308934478	54.06634604135921
11.530528269081872	8.545842173928355	144.19487442916784	19.166735661170883	44.45387842606127	60.3056144928557	-0.0	-0.0	116.95072801217212	55.48424513767648
7.44607809292846	8.51664341628286	143.74941621161787	19.18640362262413	44.82812508936917	60.11095610855241	-0.0	258.67031663809064	116.49890127369146	57.04496044805294
4.872258770702453	8.342750485808615	143.27441609979013	19.20540475639889	47.36841065271427	58.95166990539077	-0.0	465.7313948985349	116.04917850169186	58.668412726590304
3.6309640738346727	8.192217917206417	142.82455524640002	19.223733139861466	50.75447641290694	57.94811944804278	-0.0	533.9273033014271	115.60205694287228	60.27112664897611
3.665155658338266	8.070162825659512	142.35950357588706	19.241411315342518	54.30311316676532	57.13441883773008	-0.0	524.7027234135325	115.15682207898732	61.757619947173815
3.8372736210406426	7.9642242135991435	141.90809914942676	19.258488271326723	57.74547242081285	56.42816142399429	-0.0	507.8724367741434	114.71423981679843	63.08046380434424
4.003806651494806	7.86377891182941	141.45055286813655	19.275017522210383	61.0761330298961	55.75852607886274	-0.0	491.1703027167998	114.27336986674327	64.24197381802988
4.1647811591766635	7.767552864820555	140.99954244090793	19.291051766183802	64.29562318353327	55.1170190988037	-0.0	474.5242160340642	113.83506176944414	65.24641373263627
4.3202145066043425	7.675399033235766	140.54784041804237	19.306641824725123	67.40429013208684	54.50266022157177	-0.0	457.92906974166203	113.3983592480835	66.09865306132998
4.4701240178084145	7.587287300786222	140.098539859914	19.321837099466403	70.40248035616828	53.915248671908145	-0.0	441.38725081963224	112.96408008255132	66.80437671512465
4.61452803401333	7.50319839288785	139.65158433479294	19.336684706178225	73.2905606802666	53.35465595258567	-0.0	424.90222102226943	112.53134421802892	67.37037259473972
4.753446131201514	7.423113423376338	139.20477252929305	19.35122950374839	76.06892262403028	52.820756155842254	-0.0	408.4779134309792	112.10087741023463	67.80494153287084
4.886899270601985	7.347012458013333	138.7619008445494	19.365513157262114	78.7379854120397	52.313416386755556	-0.0	392.11869913740315	111.67191508171658	68.11844793289842
5.014909947639308	7.274874201743028	138.3180599518187	19.37957364508788	81.29819895278615	51.83249467828686	-0.0	375.82943722050635	111.2450725444166	68.32399482309941
5.137502372467497	7.206676024379828	137.8788110351047	19.393444042958354	83.75004744934995	51.37784016253219	-0.0	359.6155631289067	110.8197127820118	68.43801021672375
5.254702676456752	7.142393629475553	137.43824728357652	19.407151602779564	86.09405352913504	50.949290863170354	-0.0	343.4831648911997	110.39634146297745	68.48013671082091
5.36653914063666	7.082001121584111	137.00236681274558	19.420716807926546	88.33078281273319	50.54667414389407	-0.0	327.4391146598336	109.97444845741227	68.4714791853514
5.473042482523832	7.025470340503835	136.5652359118698	19.434153530665615	90.46084965047663	50.16980227002557	-0.0	311.49115737649794	109.5544437627326	68.43116383431928
5.574246175394837	6.9727707066369335	136.13256213066248	19.447470150369558	92.48492350789674	49.818471377579556	-0.0	295.64807322665075	109.13593038674661	68.37329601232081
5.6701868206050845	6.923869165758866	135.69888480157877	19.46067139543024	94.4037364121017	49.49246110505911	-0.0	279.919893133931	108.7192345020579	68.30645593877331
5.760904596098206	6.878729931358188	135.26936612498818	19.473759896555695	96.21809192196413	49.19153287572125	-0.0	264.31814817327404	108.30404924912025	68.23517085065555
5.846443801517136	6.837313083503585	134.83917010220327	19.486737236471527	97.9288760303427	48.91542055669057	-0.0	248.85604297294665	107.89062863524255	68.16163232635522
5.926853486152474	6.799574490025269	134.41275564005267	19.49960449441707	99.53706972304947	48.663829933501795	-0.0	233.54884444597383	107.4787362630607	68.08685461484916
6.002188187108235	6.765466383408387	133.98599278061985	19.51236251845474	101.04376374216469	48.436442556055916	-0.0	218.4144850250539	107.06856592652186	68.01129785473368
6.072508908426926	6.734933598702188	133.56267178218735	19.525012054479983	102.45017816853851	48.23289065801459	-0.0	203.47369152350853	106.65993516706034	67.9351699004396
6.137884163507851	6.707916083244382	133.13929922465348	19.537553794227	103.75768327015702	48.05277388829588	-0.0	188.75114564826666	106.2529912124538	67.85856538195243
6.198391422484294	6.684344077363753	132.7190770193709	19.549988412454983	104.96782844968587	47.895627182425024	-0.0	174.27576116593553	105.84759232002834	67.78152859548224
6.254118660557289	6.664141182843049	132.2990244202757	19.56231656366847	106.08237321114576	47.76094121895366	-0.0	160.0825026130589	105.44385128139534	67.7040814411964
6.30516666578437	6.647213538759307	131.88193897678943	19.574538903835958	107.1033333156874	47.648090258395385	-0.0	146.21193371586875	105.04165487023306	67.62623596625892
6.351651075892516	6.633463275402749	131.46516403762186	19.586656073773888	108.03302151785032	47.55642183601833	-0.0	132.71496701348195	104.64109189958964	67.54799977446137
6.393706028232301	6.622767442232461	131.0511685467777	19.598668720739546	108.874120564646	47.48511628154974	-0.0	119.65090210696285	104.24207142627635	67.46937857558387
6.431487635967248	6.614983689198644	130.6376330701634	19.61057747706092	109.62975271934496	47.43322459465763	-0.0	107.09109826200428	103.84466183563943	67.39037714537396
6.465177963709628	6.609955242121987	130.22671814057438	19.62238298303952	110.30355927419257	47.39970161414658	-0.0	95.12402378354483	103.44879099865898	67.31099992007036
6.494991036991912	6.607484613255763	129.81639423665337	19.634085863550883	110.89982073983823	47.38323075503842	-0.0	83.85015513695048	103.05450985394545	67.23125108259515
6.521177470551473	6.607345693204389	129.40854879939081	19.64568675219116	111.42354941102946	47.38230462136259	-0.0	73.386060773196	102.66176173157656	67.15113478108778
6.5440286271946535	6.609286488182253	129.00141335284562	19.657186266800927	111.88057254389307	47.395243254548355	-0.0	63.86404553209074	102.27058289716314	67.07065504079408
6.56387998329719	6.613013087815683	128.59661546106662	19.668585034511942	112.2775996659438	47.42008725210456	-0.0	55.414971193764984	101.88093218880925	66.98981591363285
6.581108819599055	6.618197163710215	128.19260979321564	19.679883666150932	112.62217639198109	47.4546477580681	-0.0	48.14583582146526	101.49283251347492	66.90862135147317
6.596122757904617	6.624503649623222	127.79082104732295	19.691082782425706	112.92245515809233	47.496690997488145	-0.0	42.11657313235271	101.10625501497611	66.82707534723632
6.609334880466469	6.631650759049657	127.38998006361199	19.702182986959983	113.18669760932937	47.54433839366438	-0.0	37.34625029971909	100.72120459435153	66.74518179447331
6.621148484630773	6.639323826392305	126.9911812123018	19.713184894757738	113.42296969261544	47.5954921759487	-0.0	33.70398878613279	100.3376759902829	66.66294463834693
6.63191551281681	6.647325285059922	126.59345463654796	19.724089102182248	113.63831025633618	47.64883523373281	-0.0	31.03402592630399	99.95565398637642	66.58036771737964
6.6419263675990265	6.655504763795163	126.19759520059633	19.73489621757977	113.83852735198052	47.703365091967754	-0.0	29.131593884621438	99.57514774487731	66.49745492518626
6.65140321437169	6.663768064046736	125.80300183294227	19.745606831413554	114.02806428743379	47.758453760311575	-0.0	27.799336407374117	99.1961280542393	66.41421005320542
6.660506949454625	6.672058317785108	125.41005057135631	19.756221544759587	114.21013898909248	47.81372211856739	-0.0	26.869323040508615	98.81861947642074	66.33063694089152
6.6693491717358135	6.6803427285134935	125.01852312153419	19.76674094254193	114.38698343471627	47.86895152342329	-0.0	26.212540865108814	98.4425802921131	66.24673933480618
6.678004787672307	6.688603949796059	124.6283965596075	19.777165618423833	114.56009575344613	47.92402633197373	-0.0	25.73805806067129	98.06804790535212	66.16252101974429
6.6865233904290475	6.696830557679877	124.24011780633991	19.787496152195782	114.73046780858094	47.97887038453251	-0.0	25.381055005196853	97.6949563320689	66.07798569977513
6.694936884586648	6.7050183546112345	123.85275710892253	19.797733129336855	114.89873769173295	48.03345569740823	-0.0	25.101630953718445	97.32337528182651	65.9931371011472
6.7032660482040605	6.713163558975087	123.46750667894914	19.807877125490077	115.06532096408121	48.08775705983392	-0.0	24.87155851950533	96.95321731906563	65.9079788907171
6.7115241638077165	6.721264389772038	123.08297338024153	19.817928717747293	115.23048327615432	48.141762598480256	-0.0	24.673145781803164	96.5845600259651	65.82251473549228
6.719719762247857	6.729319813464398	122.7008229035725	19.8278884777047	115.39439524495714	48.19546542309599	-0.0	24.494962768573792	96.2173085400901	65.73674826589824
6.72785831275214	6.737329446953606	122.31909331725434	19.837756973674768	115.55716625504279	48.248862979690706	-0.0	24.329938092637924	95.85155025173646	65.65068308771671
6.735943372772961	6.74529308521655	121.93987590117194	19.847534773586645	115.7188674554592	48.30195390144367	-0.0	24.173477774708022	95.48718765095266	65.56432279712224
6.743977278073175	6.753210723507232	121.56101805762665	19.857222437440047	115.8795455614635	48.35473815671488	-0.0	24.022704669302954	95.12430180824384	65.47767094132317
6.751961599176823	6.7610824415370665	121.18470781726414	19.866820528780124	116.03923198353647	48.40721627691378	-0.0	23.875775328043186	94.76280339296461	65.39073107878089
6.759897417925686	6.768908421371143	120.80872528098682	19.87632960005672	116.1979483585137	48.45938947580762	-0.0	23.731576334940012	94.40276613152761	65.30350670234324
6.767785516176138	6.776688861305435	120.43523291526321	19.885750210228004	116.35571032352276	48.511259075369566	-0.0	23.58938470119664	94.04411308456392	65.21600133177455
6.7756264801776815	6.78442401609958	120.06208802105465	19.895082903709117	116.51252960355363	48.5628267739972	-0.0	23.448795174137356	93.68689924754057	65.12821840307406
6.783420787317617	6.79211408229145	119.69149389569253	19.904328235926286	116.66841574635232	48.614093881943	-0.0	23.30946022250539	93.33106411397324	65.04016140329153
6.7911688321297445	6.799759317470793	119.32119270824897	19.913486743133582	116.82337664259488	48.66506211647195	-0.0	23.171217788789335	92.97665228001901	64.95183371132686
6.798870959556226	6.807359997223423	118.95331483699032	19.922558976157074	116.97741919112451	48.71573331482282	-0.0	23.033993448810243	92.62361701320589	64.86323877559815
6.806527490470062	6.814916359644632	118.58589312450265	19.931545464672197	117.13054980940123	48.766109064297545	-0.0	22.89769253463342	92.27198331544353	64.77437992643254
6.814138725995161	6.82242864702758	118.22074023441522	19.94044675380931	117.28277451990321	48.81619098018387	-0.0	22.762250866867902	91.92172199854382	64.68526056845799
6.821704951515221	6.829897122513137	117.8562057068478	19.9492633675619	117.43409903030441	48.86598081675425	-0.0	22.627653156476025	91.57284338675372	64.59588398814525
6.8292264431378795	6.837322055370276	117.49370214719536	19.957995844932444	117.58452886275758	48.915480369135174	-0.0	22.49390505280861	91.22533633609662	64.50625354403041
6.836703476462801	6.844703678454517	117.13200666900082	19.966644704412026	117.734069529256	48.96469118969679	-0.0	22.36096206522191	90.87919177577683	64.41637248003012
6.844136321972426	6.8520422297731045	116.77216984892061	19.975210478853075	117.88272643944852	49.01361486515403	-0.0	22.228792984379282	90.53441407360417	64.32624410884435
6.851525238693317	6.859338001422643	116.41334724875541	19.983693681468505	118.03050477386634	49.06225334281762	-0.0	22.097458464331094	90.19097848104094	64.2358716329015
6.858870496349289	6.866591196200345	116.05608139460675	19.99209483895269	118.17740992698577	49.11060797466897	-0.0	21.96687826458303	89.84891176851288	64.14525831923406
6.866172352073908	6.873802084379848	115.70009354219184	20.000414459574625	118.32344704147816	49.158680562532325	-0.0	21.837084721208775	89.508166089355	64.0544073309656
6.873443780250326	6.881047558868195	115.34542397635961	20.008653068828504	118.4688756050065	49.2059742658214	-0.0	21.799912009382798	89.16878460541734	63.96022757987659
6.882085398660122	6.897405135103491	114.99227062083804	20.016852697609462	118.64170797320243	49.18887283469964	-0.0	30.9432307251615	88.8306824088648	63.53317423282687
6.893977201627159	6.91965855397559	114.64017897845473	20.025160014582916	118.87954403254317	49.008700876012185	-0.0	40.06350610938755	88.4938024027303	62.63942026038843
6.908750648986675	6.945598368748483	114.28977747623166	20.033712169414887	119.17501297973348	48.6750305607186	-0.0	47.98939971611454	88.15793908824749	61.37116859942017
6.9259200645790475	6.973870684801242	113.94023802636396	20.042613934380153	119.51840129158094	48.21569290925674	-0.0	54.74407514870596	87.8230386363538	59.83973282945454
6.945039230479995	7.002061720723756	113.5925882238614	20.051929817212457	119.90078460959988	47.65986597588561	-0.0	59.69845592839957	87.48897816593706	58.179511112332925
6.965541909948868	7.028981118887065	113.24565257050443	20.061678566499992	120.31083819897735	47.04794165472086	-0.0	62.967853374855245	87.15579018656983	56.53486428816438
6.9868509991652985	7.053511780048932	112.90070198743484	20.071832468008104	120.73701998330596	46.41959786232425	-0.0	64.54687293143735	86.82340904077931	55.04451070019193
7.008391198393583	7.07461705167712	112.55634518459728	20.082321617500718	121.16782396787166	45.81068460259536	-0.0	64.33596063028115	86.49196446406005	53.827021221320244
7.029569962233563	7.091804709134852	112.21406222576724	20.0930424319923	121.59139924467125	45.25405308685093	-0.0	62.36723243282955	86.16147425279071	52.9695208746077
7.049795593972953	7.104887879770532	111.87228846195872	20.10386912811629	121.99591187945906	44.777231053430995	-0.0	58.67936487683438	85.83211269550067	52.52085648486225
7.068453529560561	7.11390732370958	111.53271245156472	20.114666636324873	122.36907059121121	44.40200583220146	-0.0	53.29973859517255	85.50393451614026	52.489595495204085
7.085038989840863	7.118485612844679	111.19345375835121	20.125303421936586	122.70077979681726	44.14135384810784	-0.0	45.72104480147469	85.17713375399259	52.846277119301554
7.098366789602871	7.121038182218658	110.85648410322955	20.135663112349317	122.9673357920574	44.01806039528145	-0.0	37.6425562161596	84.85174544993846	53.52835842081323
7.110458660225586	7.117254382530627	110.51985115089607	20.14565440420259	123.20917320451171	44.01231549959821	-0.0	20.60904277410919	84.52790763841904	54.44484085397616
7.120637520288844	7.116507148838313	110.18540641738358	20.155220380494985	123.30988539990238	44.17574043668135	-0.0	-0.0	84.20563910071323	55.47863243750696
7.737520731608736	7.113175623788451	109.85138506221767	20.164378645923307	123.30982250637781	44.47212304945408	-0.0	-0.0	83.88497892810628	56.240767436352506
9.379611463647747	7.100144181204355	109.51941089314286	20.173166186081385	123.30982250637781	44.85077982997994	-0.0	-0.0	83.56583045516282	57.24172064340058
12.038903815331217	7.08338663061238	109.18798235160699	20.18146397927138	123.30982250637781	45.328646473354304	-0.0	-0.0	83.24830567831569	58.6023492399146
15.702437685591505	7.063958003884977	108.85850399078919	20.18916946297361	123.30982250637781	45.88899682609957	-0.0	-0.0	82.93248431411179	60.23426269788461
20.352358787293465	7.043523663370924	108.5296365076398	20.196211568238844	123.30982250637781	46.512217677526365	-0.0	-0.0	82.61844658525592	62.03308162843318
25.966005660370694	7.023812504768841	108.2025688680265	20.20255512730533	123.30982250637781	47.17282278882311	-0.0	-0.0	82.30620896641523	63.88351934232527
32.51602011278722	7.006567184515488	107.87623813486466	20.20820347185578	123.30982250637781	47.839926326940464	-0.0	-0.0	81.99578068734381	65.66505577164858
39.97048055110018	6.993724406394318	107.55158397756938	20.213199173259877	123.30982250637781	48.48016078121336	-0.0	-0.0	81.68713130593943	67.25800687920666
48.29305755082039	6.987006732130652	107.22778752848184	20.217622718360857	123.30982250637781	49.058052070891215	-0.0	-0.0	81.38017155571688	68.54977174119881
57.44319090840665	6.987870451433618	106.90546949254504	20.221589209171313	123.30982250637781	49.53955359853778	-0.0	-0.0	81.07481557002119	69.44100843044605
67.37628731202484	6.997247826077177	106.58418293843106	20.225243055116437	123.30982250637781	49.89482495478436	-0.0	-0.0	80.77090257427767	69.85144886822586
78.04393766772026	7.0152309144422675	106.26420484613783	20.228750899939364	123.30982250637781	50.101539429615116	-0.0	-0.0	80.46830345644479	69.7279800913078
89.39415302186143	7.0295029670182885	105.94538319436722	20.232251812362247	123.30982250637781	50.19668644678859	-0.0	-0.0	80.16684343112783	69.38027141518249
101.3716179300836	7.040941620257112	105.6277520874279	20.2357676410995	123.30982250637781	50.27294413504741	-0.0	-0.0	79.86650016258271	69.03446658076625
113.1059085547284	7.052550533638592	111.97317186985417	20.239302245065947	122.43022928007788	50.35033689092395	319.29030934038826	-0.0	79.65615610862427	68.69057589296476
122.03077136010398	7.064779514467388	114.12477953259051	20.243072878170356	118.51220986973979	50.43186342978259	843.5278682273708	-0.0	80.9723697948531	68.34973085629264
127.47092961425128	7.077722356659183	114.63405562678781	20.247728912359275	111.90996129425109	50.518149044394555	1074.8575063103535	-0.0	84.2080980537249	68.01532454807746
130.99861157649315	7.091388682185863	118.12258831718756	20.253650672671544	104.68728513949466	50.60925788123909	1076.4952825430785	-0.0	87.91261907709296	67.68931848069072
133.37762125602035	7.105754991614013	121.55968118498909	20.26087494700074	97.64359070544444	50.70503327742676	1031.3169282004505	-0.0	91.5447421035914	67.37186127323427
134.89514242294848	7.120780244357585	124.7191929475092	20.269352140369307	91.00024511387996	50.805201629050565	956.992922016425	-0.0	94.96979161617128	67.0626476044293
135.8725704616077	7.136412549674717	127.5884786076503	20.27899419179161	84.92352707347348	50.90941699783145	863.462950482628	-0.0	98.0831687241482	66.76117185439931
136.59164283584465	7.152593358029091	130.12721433193857	20.289686574887146	79.50025771785725	51.01728905352728	762.7572125857264	-0.0	100.82656412232919	66.46679216768602
137.25751013299734	7.169260993036115	132.34056629089807	20.301303059827482	74.74453131279141	51.12840662024077	665.2254849214171	-0.0	103.18383640124968	66.17880865501834
137.97310691156767	7.186353929221189	134.26967888410994	20.313718427035848	70.60856530504871	51.242359528141264	577.3287819528799	-0.0	105.17456221734656	65.89653043187471
138.7522384371492	7.203813708843659	135.92019779756492	20.326818680785227	67.00842934043628	51.358758058957726	504.8600375971394	-0.0	106.84485389304423	65.619329178218
139.5406545405552	7.221587197486131	137.32968093491402	20.340507185784027	63.8446232011046	51.47724798324087	446.0802893064283	-0.0	108.25143753667788	65.34667101160706
140.27787886202532	7.239627873559108	138.51497211960375	20.35470552541231	61.033357434266	51.597519157060724	398.32349518694065	-0.0	109.44624724658148	65.0781204845627
140.92798851663824	7.257896002719234	139.5117273081463	20.36935005050201	58.5157165917038	51.719306684794894	357.02031981985823	-0.0	110.4666134787188	64.81332194390706
141.48873025485003	7.276357830755711	140.3470078887808	20.384386922548487	56.25578485592349	51.84238553837141	320.5542277778123	-0.0	111.33566535993694	64.55197309234626
141.96951945225746	7.294984205470779	141.0477393789569	20.399768472176188	54.227645835432696	51.9665613698052	288.0281350789382	-0.0	112.06886329870169	64.2938055977556
142.374465859124	7.313749161876125	141.63646904946944	20.41545173345984	52.40739104239311	52.091661079174166	257.7202220798952	-0.0	112.67976423417673	64.0385772253878
142.70740856477755	7.332628898229225	142.1047057330052	20.431398159789047	50.77460125065913	52.217525988194836	232.90181377462756	-0.0	113.18143581964453	63.786070210360236
142.96552502497022	7.351601296836106	142.47734831431464	20.44757327456517	49.30961668352647	52.34400864557404	209.60893100963563	-0.0	113.58518155234637	63.53608929459102
143.14935349929132	7.37064586061765	142.77790466857365	20.463945945653546	47.99671015050266	52.47097240411767	182.8398062911633	-0.0	113.8999601347143	63.28845779953921
143.27349180318018	7.389743784744766	142.97753128837624	20.480487716736594	46.826938137595995	52.59829189829844	163.2067594566915	-0.0	114.1330296851665	63.04301401921466
143.34135101530916	7.408877927698022	143.09134538077126	20.497172377221457	45.78934118615238	52.72585285132015	150.00169035184553	-0.0	114.29063994521404	62.799608884420564
143.34050607772625	7.428032612564789	143.15488481457095	20.51397574098479	44.8697392779694	52.85355075043193	129.25135853822505	-0.0	114.37934932598284	62.55810473593852
143.28058183468892	7.447193151130606	143.13887705226492	20.53087586624115	44.06243178348716	52.98128767420404	112.93108703169385	-0.0	114.40501422982734	62.31837641810818
143.17144811247223	7.466344897921682	143.06532403633153	20.547852097103288	43.362881423261335	53.10896598614455	97.73007138370046	-0.0	114.36987823675926	62.080306179561155
143.010795954672	7.485475266735696	142.93735280589726	20.564884647721726	42.76397993530647	53.23650177823797	81.30118935001418	-0.0	114.2775760510581	61.843781455462086
142.74625110308224	7.504573772413235	142.9549318123614	20.581955059270882	42.24515998280488	53.36382514942157	-0.0	-0.0	114.1314893482808	61.60869723761783
142.58674740363685	7.523629977982465	142.4352862197478	20.599045911430686	41.862728756870794	53.490866519883106	116.75404297074095	-0.0	113.93292743657335	61.374954519605836
142.28949723498178	7.542632571153834	142.2756419655782	20.61613843422749	41.54264014876312	53.61755047435889	35.3125225143051	-0.0	113.67854823977716	61.14244772492332
141.90467655795493	7.561569693833364	141.90305142797408	20.633217620867715	41.297035354849235	53.74379795888909	12.09387027698934	-0.0	113.3889828343842	60.911091605801616
141.42806209705142	7.580430118006562	141.53245305519266	20.65027183607249	41.12453183276037	53.869534120043745	-0.0	-0.0	113.0610545860124	60.68081904088149
140.46999865963096	7.599204700096618	140.91133360289564	20.667285577915766	41.084383431826076	53.99469800064412	-0.0	-0.0	112.67576377479357	60.45154295273533
138.32223108494364	7.617886382755008	140.86945190831938	20.684236360658414	41.084383431826076	54.119242551700054	-0.0	-0.0	112.22671731624736	60.2231400662023
134.88606547138244	7.636467822366407	140.07077836814477	20.701119524911793	41.084383431826076	54.24311881577604	-0.0	-0.0	111.808605583077	59.995581417114984
130.22840502420487	7.654935540468498	139.93562795719774	20.71793760375288	41.084383431826076	54.36623693645665	-0.0	-0.0	111.36740537669665	59.76887582084245
124.43993583016061	7.673288917961028	139.22851537656268	20.734688521576867	41.084383431826076	54.488592786406855	-0.0	-0.0	110.94820193038251	59.54300794411501
117.63336117138702	7.691531384399114	139.017240207641	20.75137483500048	41.084383431826076	54.610209229327424	-0.0	-0.0	110.51404749680803	59.317986775613164
109.94120715771412	7.7096585431995805	138.38460844432393	20.76799460911188	41.084383431826076	54.73105695466387	-0.0	-0.0	110.0949720817323	59.093797740373894
101.51324240239447	7.727673475143274	138.11365008235134	20.784550172538466	41.084383431826076	54.85115650095516	-0.0	-0.0	109.66675416991535	58.870448671090536
92.51356198096904	7.7455779751368015	137.53990522202918	20.801039868568147	41.084383431826076	54.970519834245344	-0.0	-0.0	109.24872465713743	58.64792647889595
83.11739244948937	7.763369630835513	137.2237915911586	20.817465711694656	41.084383431826076	55.08913087223675	-0.0	-0.0	108.82560126157276	58.42623738318195
73.5076801293778	7.781051590733058	136.69547726162546	20.833826369141065	41.084383431826076	55.20701060488705	-0.0	-0.0	108.40929660280912	58.205370024858205
63.87152908607325	7.798624297769376	136.3463239503273	20.850123525691615	41.084383431826076	55.32416198512917	-0.0	-0.0	107.99064149483995	57.98532892510092
54.39655815511556	7.816086789063917	135.8525126882209	20.86635616661334	41.084383431826076	55.44057859375945	-0.0	-0.0	107.57654615029223	57.7661044256837
45.267247945503904	7.833441693406683	135.48008662774907	20.882525668783053	41.084383431826076	55.55627795604455	-0.0	-0.0	107.16190370653243	57.54769946215736
36.66134894528188	7.8506888614046435	135.01206474039182	20.898631302089704	41.084383431826076	55.67125907603096	-0.0	-0.0	106.75035502285	57.33010590266905
28.746420664667912	7.867828334216321	134.62395567654235	20.914607915821843	41.084383431826076	55.7855222281088	-0.0	-0.0	106.33943283441751	57.71364299493287
21.67656920066341	7.8848620862890915	134.1750596872079	20.93019864135839	41.084383431826076	55.89908057526061	-0.0	-0.0	105.93093631324183	58.75162412705505
15.58944674377109	7.9017898580670165	133.77701328905266	20.94526697493925	41.084383431826076	56.01193238711345	-0.0	-0.0	105.52412061169278	60.08812171923015
10.603571447351793	7.918612279886875	133.342225681986	20.959734961946005	41.084383431826076	56.1240818659125	-0.0	-0.0	105.11942738368087	61.61666466415279
6.875367543979712	7.885960157069158	132.93847098615703	20.973553511585564	41.49341161306178	55.90640104712772	-0.0	251.320588727009	104.7169259957903	63.2641412481157
4.53539434562679	7.722301109490326	132.5141411982803	20.986695427704912	43.93668399759771	54.81534072993551	-0.0	446.29774001385107	104.31633056836282	64.96111757071014
3.4260869269589893	7.579834359895243	132.1077097102554	20.999157958910825	47.17455448346081	53.86556239930162	-0.0	509.51861061056036	103.91814644403445	66.62955854982513
3.477717875714575	7.464883819152464	131.69121737989053	21.010965588739584	50.554357514291496	53.099225461016424	-0.0	499.19722702041133	103.52171576171021	68.17796931386049
3.641343271410873	7.365167690517204	131.28423063484144	21.022167713831433	53.82686542821745	52.43445127011469	-0.0	482.43033299549654	103.12769813183795	69.56260552833467
3.7994047570831313	7.2708020991618945	130.87376341298338	21.032817835266947	56.988095141662626	51.80534732774596	-0.0	465.7921573834436	102.73529169324824	70.78592974239896
3.9519296727363304	7.180621184358347	130.4676632809305	21.042968566277683	60.0385934547266	51.204141229055644	-0.0	449.2140018703513	102.3451898261508	71.85198766457403
4.098936851137893	7.094488202145513	130.06198126002	21.052670828888264	62.978737022757855	50.62992134763675	-0.0	432.69152919600384	101.95660350777256	72.76532581832484
4.240445289028696	7.012373032385701	129.65771639684814	21.061974173041488	65.80890578057392	50.082486882571345	-0.0	416.2276828369454	101.57018153504794	73.53114707129646
4.376475192134969	6.934255102936817	129.2560038297126	21.070926123601744	68.52950384269938	49.561700686245445	-0.0	399.8265179113505	101.185211737645	74.15551720355408
4.50704820698761	6.860113584469489	128.85415618040653	21.07957218311574	71.14096413975221	49.06742389646326	-0.0	383.49261543427065	100.8022582577534	74.6456510168513
4.6321876009038725	6.789926901650326	128.4559117543503	21.087955140616703	73.64375201807744	48.59951267766884	-0.0	367.23113470490676	100.42070969131107	75.01029039528005
4.7519184569671165	6.723671472264158	128.05684750787404	21.09611470420316	76.03836913934232	48.15780981509439	-0.0	351.04780793513737	100.04103568132612	75.2601816906551
4.8662678892348445	6.6613219069953375	127.6617827394449	21.104086609042163	78.32535778469689	47.74214604663558	-0.0	334.9490649487334	99.66273143549188	75.40858196422633
4.975265286896029	6.602852162433318	127.26561582669102	21.111901861363414	80.50530573792058	47.352347749555456	-0.0	318.9422827426313	99.28618201659123	75.471557384624
5.078942647781944	6.548232263312193	126.87349653698404	21.119585778069595	82.57885295563888	46.98821508874796	-0.0	303.03564306965694	98.91097593972096	75.46756512658663
5.177334892660624	6.497430704446221	126.4804403844411	21.127157514672472	84.54669785321246	46.64953802964148	-0.0	287.23855631965534	98.53742782926365	75.41574832736426
5.270480298358687	6.450412997620261	126.09115192727738	21.13463022875943	86.40960596717375	46.33608665080174	-0.0	271.5617677506323	98.16521949642386	75.33320837154896
5.358420980113733	6.407141261522637	125.70118816284709	21.142012176872406	88.16841960227465	46.047608410150914	-0.0	256.0176118708564	97.79459916329522	75.23279752428328
5.441203475154567	6.36757394967523	125.31470323510172	21.149308190814025	89.82406950309134	45.7838263311682	-0.0	240.6203537889957	97.42532590232713	75.12274230223632
5.518879444911383	6.3316650999156945	124.92782246464928	21.15652104451888	91.37758889822767	45.54443399943796	-0.0	225.38656445708878	97.057593221689	75.00770416073703
5.591506522523233	6.299363125168429	124.54411027990544	21.16365238700028	92.83013045046467	45.329087501122864	-0.0	210.3355359070947	96.69121748627694	74.89012556509428
5.659149317458964	6.270610878014753	124.16025432984442	21.17070328769624	94.18298634917927	45.13740585343169	-0.0	195.49001901564387	96.32634745559818	74.77123062696617
5.721880696654592	6.245342880465316	123.77932757395224	21.17767453313227	95.43761393309184	44.96895253643544	-0.0	180.87671626876195	95.96283969774382	74.65161907433105
5.7797832446631565	6.223486346246668	123.39847896326351	21.184566763392706	96.59566489326312	44.82324230831112	-0.0	166.5276068673584	95.60080907638272	74.5315817803574
5.832951180260652	6.204957527351432	123.02030607219868	21.191380556017705	97.65902360521304	44.69971684900955	-0.0	152.4808076223816	95.24014443469956	74.41125972737926
5.881492685140452	6.189658889924324	122.64243343267987	21.198116446643766	98.62985370280903	44.59772593282883	-0.0	138.7817992353177	94.88093170891585	74.2907217416659
5.925532593516337	6.177480304972533	122.26701017737149	21.20477496067186	99.51065187032673	44.51653536648355	-0.0	125.48598314557776	94.52308550196665	74.17000217232253
5.965215985902677	6.168291503017014	121.89205978462321	21.21135660549981	100.30431971805353	44.455276686780095	-0.0	112.65975243912985	94.16666965135107	74.04911885976725
6.000712448473842	6.161936194670309	121.51940610710584	21.217861890583965	101.01424896947684	44.41290796446873	-0.0	100.38169224155959	93.81161741553268	73.92808183731341
6.03222014033705	6.1582441733042925	121.14733793252421	21.224291312334433	101.644402806741	44.38829448869529	-0.0	88.74965949485468	93.45797658415206	73.80689735173385
6.059972435889971	6.1569989696840075	120.77743050624197	21.230645372514157	102.19944871779941	44.37999313122672	-0.0	77.87270614359859	93.1056949444058	73.68556991247974
6.084242048424458	6.157957486352059	120.40821566821559	21.236924560793103	102.68484096848915	44.38638324234706	-0.0	67.87646772243714	92.75480745141736	73.5641031243924
6.105344529240411	6.16084945261988	120.04103708177689	21.243129372974888	103.10689058480821	44.40566301746587	-0.0	58.89870721176149	92.40527424057285	73.44250022383171
6.123640554565123	6.165352917771377	119.67463801644982	21.249260292901436	103.47281109130245	44.43568611847584	-0.0	51.05901194099697	92.05711885868477	73.32076419206696
6.139526961805476	6.171139537412184	119.31018089154549	21.255317810861147	103.79053923610952	44.474263582747895	-0.0	44.449814121312734	91.71031102908232	73.19889795013265
6.153420816645244	6.177888312162286	118.94659133072194	21.26130240516976	104.06841633290487	44.51925541441524	-0.0	39.10522305031739	91.36486472875328	73.07690430878249
6.165735661705102	6.185296891482156	118.58483326691044	21.267214560775518	104.31471323410203	44.56864594321437	-0.0	34.9653665941866	91.02076033711948	72.9547860884376
6.176851578803089	6.193115880639683	118.22400260997891	21.273054750556355	104.53703157606178	44.62077253759789	-0.0	31.8828929802033	90.67800278816095	72.83254603119252
6.18709042484684	6.201168617431031	117.86491749662011	21.27882345421601	104.7418084969368	44.674457449540206	-0.0	29.662889888072744	90.33658059759277	72.71018690504219
6.19670490644967	6.209344620487445	117.5068712410696	21.28452113913747	104.9340981289934	44.72896413658297	-0.0	28.106620703331128	89.99648737581788	72.58771140538164
6.205883485039546	6.21756548672556	117.1504155802814	21.29014827994733	105.11766970079093	44.78376991150373	-0.0	27.020827251878227	89.65772668073883	72.46512225950922
6.214757866965285	6.225792443992581	116.79511530018056	21.29570533875215	105.29515733930569	44.83861629328387	-0.0	26.261398748086172	89.32027825585972	72.34242212263906
6.223417823485999	6.234001656558427	116.44128723781103	21.301192784759674	105.46835646971998	44.89334437705618	-0.0	25.71943947730537	88.98415614905555	72.21961368184685
6.231922661783674	6.242181014513679	116.08876223859505	21.306611075141532	105.63845323567348	44.94787343009119	-0.0	25.320881612323255	88.64932864884345	72.09669955518866
6.240311197971781	6.2503226661866575	115.73741987073757	21.311960673510598	105.80622395943563	45.002151107911054	-0.0	25.01433116095176	88.31582881793616	71.97368238938726
6.248608294360373	6.258423373418856	115.38768806025146	21.31724203278166	105.97216588720747	45.05615582279238	-0.0	24.767770209592697	87.98360139360628	71.85056476917636
6.256830008777968	6.2664805749705765	115.03889967957561	21.322455610107824	106.13660017555934	45.10987049980385	-0.0	24.55932383104347	87.65269714782583	71.72734929654594
6.2649865875158754	6.274493047655559	114.69190544964769	21.327601854884644	106.2997317503175	45.163286984370394	-0.0	24.375269408362065	87.32305118589227	71.60403852724879
6.273084600289658	6.282460131254511	114.34554913477315	21.332681217285227	106.46169200579315	45.216400875030075	-0.0	24.206831376768527	86.99472480530754	71.48063501590703
6.281128273969279	6.2903815860946475	114.00132361746577	21.33769414400126	106.62256547938557	45.269210573964315	-0.0	24.048534421779735	86.66763806399955	71.35714129368328
6.2891203646007074	6.298257358051718	113.65748395525374	21.342641077811347	106.78240729201414	45.321715720344784	-0.0	23.896905462593576	86.34186434576463	71.2335598659483
6.297062700731425	6.3060875122376014	113.31588058097564	21.34752246272671	106.9412540146285	45.37391674825068	-0.0	23.749751980515736	86.0173228500585	71.10989323936204
6.304956524443465	6.313872217210076	112.97454648594909	21.352338733998074	107.09913048886929	45.425814781400504	-0.0	23.60573654671983	85.6940791159053	70.98614386932414
6.312802721866656	6.321611623004513	112.63560843037025	21.35709033344861	107.2560544373331	45.47741082003009	-0.0	23.463936607399408	85.37205887879743	70.86231424109783
6.3206019421844335	6.32930595856961	112.29681211832666	21.361777689117474	107.41203884368866	45.528706390464066	-0.0	23.323829532766208	85.05132510781337	70.73840676217817
6.328354691914364	6.336955467691071	111.96034973158918	21.366401239581783	107.56709383828728	45.579703117940475	-0.0	23.185091892080212	84.73181248353009	70.61442389046762
6.336061385835038	6.344560415087197	111.62414134049654	21.370961406589654	107.72122771670075	45.63040276724798	-0.0	23.047544950817695	84.41356452779922	70.4903679903279
6.343722391011701	6.352121010714933	111.2902073759031	21.375458625361095	107.87444782023401	45.680806738099555	-0.0	22.91099586338459	84.09653566191847	70.36624149243589
6.351338032812669	6.359637510688432	110.95656937182844	21.37989331164662	108.02676065625337	45.73091673792288	-0.0	22.775367554337922	83.78075546100375	70.24204671992537
6.35890860963147	6.367110199390605	110.62503368190866	21.38426589656757	108.1781721926294	45.78073466260403	-0.0	22.640657233082013	83.46619433231045	70.1177860717889
6.3664344138488	6.374539303466374	110.2939706158718	21.38857679074958	108.32868827697598	45.830262023109164	-0.0	22.506790110951247	83.15286152286059	69.99346183472917
6.37391572560531	6.381925067970804	109.9648491997511	21.392826420624175	108.4783145121062	45.8795004531387	-0.0	22.373732318130433	82.8407448866806	69.86907637369619
6.381352815238297	6.389267757373489	109.63637057667276	21.397015192502714	108.62705630476593	45.92845171582326	-0.0	22.241490135543437	82.52983992528289	69.74463194297958
6.388745950210536	6.396567623748795	109.3096036755257	21.401143527458807	108.77491900421072	45.97711749165863	-0.0	22.11005644816799	82.22014977234667	69.62013086991045
6.396095396305333	6.403824906841848	108.98366958202756	21.405211827935016	108.92190792610666	46.02549937894565	-0.0	21.979408739367166	81.91165463058461	69.4955753791331
6.403401416391997	6.411039845488394	108.65927133195454	21.409220509470412	109.06802832783994	46.07359896992263	-0.0	21.84952673457235	81.60436950459666	69.37096775964343
6.410664267137809	6.418212703593837	108.33588512113002	21.413169970800762	109.21328534275618	46.12141802395892	-0.0	21.720434583629494	81.29826342685442	69.2463102072367
6.417884207094987	6.42534371840629	108.01381400535341	21.41706062197419	109.35768414189974	46.1689581227086	-0.0	21.592115620207466	80.99336496498157	69.12160497287765
6.4250608510050435	6.4324372645409325	107.69291906937802	21.4208928518011	109.50121702010087	46.216248430272884	-0.0	21.47151242910143	80.6896312112358	68.99684415738871
6.432220721604093	6.439545922798581	107.37313785693671	21.42466748325629	109.64441443208185	46.262165671077305	-0.0	21.39684730644977	80.38710105424408	68.8674250241906
6.440719649172208	6.4553550329804095	107.05483712754446	21.428431725313942	109.81439298344415	46.24603281589031	-0.0	30.244197592473622	80.08568773595682	68.36595608976234
6.45227733486064	6.4763661982889715	106.73732936630003	21.432345790832724	110.0455466972128	46.077756966182044	-0.0	38.80146858394295	79.78532593242747	67.3616627067715
6.466536005323997	6.500712600151063	106.42146955607177	21.43655749068478	110.33072010647993	45.767681192121834	-0.0	46.217282229612344	79.48579727255336	65.95345101259734
6.483032425480844	6.527149561101094	106.10625108469564	21.441179753459075	110.66064850961688	45.34182835986024	-0.0	52.51019878333762	79.18704294137575	64.26122979477827
6.50134154449888	6.553444621873115	105.79282405721082	21.44628218687551	111.02683088997759	44.82732116083673	-0.0	57.06524630534486	78.88893548037818	62.42952101112546
6.520919333113298	6.578568981589498	105.47989046264486	21.45188518168197	111.41838666226595	44.26199683596702	-0.0	60.02585301153597	78.59150294144757	60.61365631261391
6.541212070690168	6.601517097443584	105.16900404218207	21.457959084618214	111.82424141380335	43.68264857916261	-0.0	61.39270455101729	78.29467847690816	58.96329390630002
6.561676363977728	6.621325751024741	104.85828230721067	21.46442861158371	112.23352727955455	43.12227701684131	-0.0	61.0580599956982	77.99860484391712	57.60702659883566
6.581754044522399	6.637464704254764	104.54977183289694	21.47118180804992	112.63508089044798	42.61068284019336	-0.0	59.00776417788441	77.70330382676678	56.64031197101975
6.600861830055877	6.650039698327636	104.24141720454413	21.478082161923393	113.01723660111753	42.174786509607756	-0.0	55.44020893706098	77.40895847278811	56.11805558197102
6.618487577841256	6.6585153836071385	103.93522426129064	21.484982330931995	113.36975155682511	41.8313386069299	-0.0	50.017375584567304	77.1156439342461	56.05226513416737
6.6341418784954085	6.66283882527262	103.62923904191072	21.491737832999448	113.68283756990816	41.59394547430082	-0.0	42.3504329797903	76.82354834100941	56.4142198514406
6.646743144868932	6.666236551807301	103.32529841475368	21.498219530327866	113.93486289737864	41.4890946458855	-0.0	34.90469787361096	76.53273355339473	57.13959879236177
6.657916337518226	6.66310016258027	103.02169311485832	21.504324279465983	114.15832675036451	41.489359943675886	-0.0	17.999696285708854	76.2433520688432	58.13363566557121
6.671811986309313	6.658099256996699	102.71995961932721	21.509984805840006	114.28736991971728	41.620056190617674	-0.0	-0.0	75.95542762930137	59.268721415011186
7.266985071180786	6.658827398145637	102.418746562267	21.51520071051224	114.28736991971728	41.91903272126539	-0.0	-0.0	75.66901068477769	60.194723680981866
8.811607064638643	6.647863471408595	102.11919691428149	21.52002679451466	114.28736991971728	42.278845027020765	-0.0	-0.0	75.38399945419377	61.25457654092299
11.29815022828517	6.632805137865039	101.82031101849988	21.524350906639583	114.28736991971728	42.726519430806285	-0.0	-0.0	75.10050668500128	62.69736963062022
14.714496356805535	6.61551800223956	101.52295601341143	21.528064081234277	114.28736991971728	43.25152346120077	-0.0	-0.0	74.81859992091357	64.4283698590867
19.04399583622262	6.597280400227244	101.22635338746741	21.531090962721848	114.28736991971728	43.83405114913404	-0.0	-0.0	74.53836341021021	66.33537290663313
24.26554878604003	6.579651069251122	100.93119149579366	21.53339474887214	114.28736991971728	44.4500934642551	-0.0	-0.0	74.25983862652322	68.29464539881572
30.35370788982532	6.564387536222195	100.6368428987488	21.534979936378996	114.28736991971728	45.07179987977728	-0.0	-0.0	73.98302253384057	70.1770207266232
37.27880241308732	6.55321220505717	100.34380881471773	21.53589304182025	114.28736991971728	45.66774917631748	-0.0	-0.0	73.70787264326087	71.85441166362152
45.00708280404491	6.547757291987448	100.05171956047664	21.53622113100248	114.28736991971728	46.20530304744367	-0.0	-0.0	73.43429998867555	73.2065055229027
53.500885172572346	6.549363115404691	99.76080224245004	21.536088215497557	114.28736991971728	46.65294504927391	-0.0	-0.0	73.1622142706852	74.12737384413978
62.71881484573149	6.5588639432056315	99.4709183094623	21.53564952240868	114.28736991971728	46.98300693601233	-0.0	-0.0	72.8914476659646	74.53168496597279
72.6159481053298	6.576371534313135	99.18211160855812	21.535083810277882	114.28736991971728	47.17581022875424	-0.0	-0.0	72.62185342956414	74.36507376409817
83.14405112433313	6.590359741997137	98.8943963752648	21.534537132073012	114.28736991971728	47.26906494664758	-0.0	-0.0	72.3532563161624	73.97177234317573
94.25181503514496	6.6021257537752795	98.60770248094094	21.534030801221544	114.28736991971728	47.34750502516853	-0.0	-0.0	72.08562652696604	73.58074760762523
105.18637748889887	6.614262677205142	104.29361150330621	21.533567393657606	113.53266683036732	47.42841784803428	283.4588836204282	-0.0	71.88758061684668	73.19200118180122
113.51956170126138	6.627111131141737	106.73178935944925	21.533335087591478	109.96099791106448	47.51407420761158	781.6006082156613	-0.0	73.05877182004912	72.80650991785731
118.47878227025483	6.640719267918529	107.04469679133486	21.533941326479777	103.77176883581332	47.60479511945686	1014.4297378837024	-0.0	76.09274683027462	72.42744578006713
121.58439975297532	6.655077922729132	110.19981860641447	21.535765772430608	96.95872658885257	47.70051948486088	1012.2313486503351	-0.0	79.61155599673009	72.05676691624619
123.67384877272804	6.67015598151258	113.428559565544	21.538843210129308	90.36825116438612	47.80103987675054	960.2478995793548	-0.0	83.03228687566211	71.69461147473339
125.03816433995117	6.685908772441474	116.3614850295296	21.543115533962915	84.20859476297623	47.90605848294316	883.6861082635285	-0.0	86.22561089216128	71.34062959769184
125.97149335668969	6.702282088032915	119.00745523621846	21.548490916228502	78.61789629528049	48.01521392021943	791.6839210457736	-0.0	89.10343847340297	70.99429627231407
126.7229129642945	6.719215483211245	121.34155432902061	21.554855746840246	73.66017038824566	48.1281032214083	695.9326671271076	-0.0	91.62033127301066	70.6549749319125
127.45469645331666	6.736645516794298	123.38882394163537	21.562088747864294	69.32785617213403	48.24430344529532	604.9202642095206	-0.0	93.77186634965058	70.32199213176663
128.2381826657181	6.754508948128252	125.1507924166777	21.570073085599923	65.56318966071667	48.36339298752168	527.1291325791403	-0.0	95.58709574793129	69.99470131682023
129.05305797029598	6.772745657993362	126.67613235596676	21.578705295569264	62.27381263005833	48.48497105328908	462.51843778343596	-0.0	97.11543948795573	69.6725295216623
129.8465450378007	6.791300952785236	127.96498540451655	21.587899443087288	59.369993152326735	48.60867301856824	411.5098625738789	-0.0	98.4114119621822	69.35499881222833
130.56401863547077	6.810126917381802	129.0681585923242	21.597586197651296	56.77769657328219	48.734179449212014	366.9160719881193	-0.0	99.51995148670511	69.04172091728357
131.1926120940979	6.829182643775539	129.9875259414866	21.6077085290085	54.45296996024012	48.86121762517026	329.3292482228341	-0.0	100.47097606660058	68.73237416065272
131.73794940918995	6.848433445155461	130.7554899161068	21.618217154985892	52.36623624461177	48.98955630103641	297.3572840498177	-0.0	101.28274223526141	68.4266792184853
132.2056453985386	6.867849456677787	131.41370106244884	21.629067896932167	50.49247606491028	49.118996377851914	266.97376322042965	-0.0	101.96886581430266	68.12438502005797
132.59882593819282	6.887404165727771	131.9719808865861	21.640220942639395	48.8095596916699	49.24936110485181	237.5206404601608	-0.0	102.54237248035786	67.8252647333057
132.92447392525847	6.907073321465018	132.40455185727564	21.651640700234726	47.30001415903882	49.38048880976679	216.31686508096163	-0.0	103.01552405470247	67.5291148704297
133.17508706900472	6.926834401010834	132.76372047372723	21.663295299481675	45.94404763689743	49.512229340072224	192.4136002858781	-0.0	103.39839482768869	67.23575254641352
133.3621434787585	6.946666516930946	133.03268083470726	21.67515582186772	44.73092822849816	49.6444434462063	172.19650973411447	-0.0	103.6988395396223	66.94501132929807
133.48864724302464	6.9665504901977675	133.2262272720372	21.687195735172754	43.64886840432113	49.777003267985116	153.680829607569	-0.0	103.92354141023246	66.65673818648408
133.55743911065113	6.986468839589599	133.34829298277046	21.69939063916141	42.687768874662694	49.90979226393066	137.1974909000178	-0.0	104.07865449011129	66.37079207992228
133.5215079729039	7.006405592998537	133.5950720529213	21.71171804241954	41.82368671997199	50.04270395332358	-0.0	-0.0	104.16944940469108	66.08704273135596
133.54258256238072	7.026345987350298	133.34296762316663	21.724157230703778	41.0982550841721	50.175639915668654	134.03486311131064	-0.0	104.20129374602688	65.80536987567763
133.4367667443375	7.046276192039153	133.34610609320148	21.736688686457562	40.44810743636888	50.30850794692769	90.32972158841451	-0.0	104.17618685726808	65.52566015817145
133.29078516774499	7.066183109840053	133.21650971479266	21.749294326022138	39.893909703565114	50.44122073226702	81.76056974917003	-0.0	104.10042210959487	65.24780834998126
133.1384555439005	7.086053834557442	133.04954141664862	21.761957065858297	39.44048095334247	50.57369223038295	89.45541600523386	-0.0	103.97085148193037	64.97171501747752
132.94364759206115	7.105876638700885	132.91433983698238	21.77465733477928	39.073067084010454	50.705844258005904	51.358523704345444	-0.0	103.78489909235752	64.69726818966411
132.6273755029671	7.125641490616672	132.6032943218273	21.78738097255218	38.76584900240755	50.837609937444476	46.554337097458756	-0.0	103.56951723123105	64.42438491200762
132.2460245335156	7.145338545047406	132.25398185479543	21.800117821618056	38.53279267225331	50.968923633649375	-0.0	-0.0	103.31832462773458	64.1530036499725
131.85958071460237	7.1649571493409505	131.9291494987976	21.812852674587457	38.39160637076675	51.09971432893967	-0.0	-0.0	103.01488401256523	63.88303667635916
130.99439373174633	7.184486639706896	131.41535213100587	21.825567855761463	38.37112252715188	51.22991093137931	-0.0	-0.0	102.6555967577508	63.614383779169174
128.96140162062764	7.203917246884726	131.31048323317629	21.838242622682518	38.37112252715188	51.35944831256484	-0.0	-0.0	102.24581908222295	63.346929174478646
125.72849996138547	7.223239190895476	130.6253402691374	21.8508773751407	38.37112252715188	51.48826127263651	-0.0	-0.0	101.87046665179604	63.08066874182359
121.35863434733729	7.242443361118494	130.47837099463933	21.863471506098243	38.37112252715188	51.616289074123294	-0.0	-0.0	101.46803861771585	62.81559296985767
115.93688741098913	7.261529137543652	129.8437438631584	21.876025260059237	38.37112252715188	51.74352758362435	-0.0	-0.0	101.09153594353549	62.55169696992911
109.56882223891253	7.280497891318011	129.65210770421524	21.888538982567432	38.37112252715188	51.869985942120074	-0.0	-0.0	100.6957097261592	62.28897632118085
102.37842702585866	7.299347926963702	129.0672036080672	21.901012244076373	38.37112252715188	51.99565284642468	-0.0	-0.0	100.31893993518841	62.02742263253048
94.50570098633935	7.318081226576043	128.8340443285269	21.91344585728427	38.37112252715188	52.12054151050695	-0.0	-0.0	99.92885146161778	61.76703401410209
86.103928526693	7.336698792230849	128.29404865097877	21.92583908855442	38.37112252715188	52.24465861487233	-0.0	-0.0	99.55256740952353	61.5078005224731
77.33669475037931	7.3552000032283145	128.0251703828479	21.938192928372537	38.37112252715188	52.3680000215221	-0.0	-0.0	99.16749031339846	61.249721271904306
68.37470040550848	7.373586781005107	127.52361840075005	21.950506561749194	38.37112252715188	52.49057854003405	-0.0	-0.0	98.79230441632893	60.99278594121842
59.39243828859115	7.391859578291977	127.22570325260814	21.96278098875002	38.37112252715188	52.61239718861318	-0.0	-0.0	98.41165049758796	60.73699376030255
50.56479581591173	7.410018449221686	126.7558852349561	21.97501543714142	38.37112252715188	52.73345632814457	-0.0	-0.0	98.03804171443592	60.48233468509895
42.06364991155176	7.428065000990737	126.43540729886013	21.987210827534227	38.37112252715188	52.853766673271586	-0.0	-0.0	97.66134898121673	60.228807589899695
34.05452051061214	7.4459994704258055	125.99107861499722	21.99936611781635	38.37112252715188	52.973329802838705	-0.0	-0.0	97.2896807687203	60.00389519686334
26.69334783499071	7.4638223510026815	125.65385678490709	22.011347818309655	38.37112252715188	53.092149006684544	-0.0	-0.0	96.91667179802114	60.64810895691832
20.123456189111533	7.481534908812594	125.22962908597388	22.022909653831547	38.37112252715188	53.21023272541729	-0.0	-0.0	96.5475983373268	61.777620757494304
14.47276339147898	7.49913736984731	124.8805172758636	22.03393684801529	38.37112252715188	53.32758246564874	-0.0	-0.0	96.1786763996173	63.17973026000698
9.851290175258038	7.5166304663838375	124.47193933060413	22.044356711872116	38.37112252715188	53.44420310922558	-0.0	-0.0	95.81294998503067	64.76391923727157
6.412981468498673	7.480859176652362	124.1148823997647	22.054122401438132	38.81800543226247	53.20572784434908	-0.0	258.3454214024424	95.44824111461841	66.46202479714783
4.267039226170727	7.322512337790225	123.71842671444062	22.06320796780437	41.23974845524984	52.15008225193483	-0.0	436.99779115713915	95.08618426366753	68.20632678337586
3.266353261984982	7.186414862892328	123.3564498589662	22.071611623853947	44.395665441268925	51.242765752615526	-0.0	494.97863595988576	94.72565014306655	69.91917576742733
3.3336504918116296	7.076892555243312	122.96937826538664	22.079358707623815	47.67300983623259	50.51261703495541	-0.0	483.6864986377851	94.36736257507057	71.50951089345423
3.4921203996830608	6.981723216559586	122.60480939556537	22.086499046271012	50.84240799366121	49.878154777063905	-0.0	467.01196564411794	94.0108190760511	72.93567984231397
3.6450566978634944	6.891756059314601	122.22506505237426	22.09308613731841	53.901133957269884	49.27837372876401	-0.0	450.4649931911404	93.65618978623066	74.20027522375196
3.792487406941346	6.805929854512078	121.85963013339423	22.09917269384039	56.84974813882691	48.70619903008052	-0.0	433.98174267262755	93.30336074004089	75.30720434815889
3.934432771371618	6.724118077366586	121.48569469131823	22.10480971447952	59.68865542743235	48.160787182443904	-0.0	417.5587762515422	92.95221142788742	76.26081949821375
4.070913404948252	6.64629036755841	121.12059854316306	22.110046976956536	62.41826809896504	47.64193578372274	-0.0	401.19952662376716	92.60284233984899	77.0660498901215
4.201951292715519	6.572424900043044	120.7513940370721	22.114932267736485	65.03902585431038	47.1494993336203	-0.0	384.90856116481785	92.25498836577054	77.72857155787034
4.327570043947404	6.502499322878574	120.38751964126305	22.119511572850765	67.55140087894806	46.68332881919049	-0.0	368.69103587312526	91.90885232630228	78.25504215307262
4.4477950915296685	6.4364901646115165	120.02229420611516	22.123828317228725	69.95590183059336	46.243267764076776	-0.0	352.55275075882685	91.56411301727469	78.65340666592608
4.562653914068612	6.374372062338293	119.66017233570021	22.127923215687705	72.25307828137224	45.82914708225529	-0.0	336.5001995049261	91.22100981259541	78.9332895956309
4.672176288653227	6.316117735230586	119.298433203377	22.13183338088881	74.44352577306454	45.44078490153724	-0.0	320.54070008516067	90.8792180315176	79.1064366022988
4.776394590486074	6.261697797945606	118.93844481390465	22.13559179740732	76.52789180972148	45.07798531963738	-0.0	304.6825404683057	90.53897701537322	79.18708110413986
4.875344139955393	6.211080215362837	118.57984918699732	22.139226315251804	78.50688279910786	44.74053476908558	-0.0	288.9351219789059	90.19998961442286	79.19190975695655
4.969063616518794	6.1642298168642276	118.22217493525285	22.142759126294976	80.38127233037588	44.42819877909485	-0.0	273.30914276984885	89.862480791564	79.13914013193525
5.057595508370842	6.121109844801753	117.86655239603715	22.14620644804199	82.15191016741684	44.14073229867835	-0.0	257.8170786176352	89.52618819180826	79.04648706872632
5.140986756933862	6.081677330862423	117.51140983083754	22.14957918766917	83.81973513867725	43.87784887241615	-0.0	242.4730106022834	89.19132318493595	78.92878419266202
5.219289390540552	6.04588577594238	117.1585242562611	22.152884059675316	85.38578781081102	43.63923850628253	-0.0	227.2933656920374	88.85766311025144	78.79664163970894
5.292561345950243	6.013684362818284	116.80595174162632	22.15612502382957	86.85122691900486	43.42456241878856	-0.0	212.297405905613	88.52539251808534	78.65668821104619
5.360867490386286	5.985015638937028	116.45575063533153	22.159304359165578	88.21734980772571	43.233437592913525	-0.0	197.50761829464045	88.19432572551618	78.51267943245458
5.424280848507067	5.959814069099425	116.10577753761454	22.16242345027333	89.48561697014134	43.0654271273295	-0.0	182.95033830802925	87.86462156765249	78.36661591314004
5.482884019648355	5.938006888878323	115.75819725546872	22.165483190107178	90.6576803929671	42.92004592585548	-0.0	168.65698718663558	87.53612189262776	78.21952641162433
5.536771030313112	5.919510385174307	115.41085293320194	22.168484236996047	91.73542060626224	42.79673590116205	-0.0	154.6648301289751	87.20896064823604	78.07193035423913
5.586049503886334	5.904229069484138	115.06584185063231	22.17142711877056	92.72099007772667	42.69486046322759	-0.0	141.0185195279783	86.8830060038297	77.92408766071742
5.630843367110891	5.892052669200113	114.7211182511678	22.174312304934258	93.61686734221782	42.61368446133409	-0.0	127.77159848955627	86.55836797185361	77.77612818324734
5.67129617774712	5.882851380019088	114.37865497179581	22.177140230571116	94.4259235549424	42.55234253346059	-0.0	114.9878260599703	86.23493640447141	77.6281170650736
5.707574742251398	5.87647924989034	114.03652723306831	22.179911314277454	95.15149484502797	42.5098616659356	-0.0	102.74498395266734	85.91280241790757	77.48008743320193
5.739874171214828	5.87275725781226	113.69659224972169	22.182625966032187	95.79748342429654	42.48504838541507	-0.0	91.13283114410281	85.5918726789417	77.3320566234872
5.768422126181853	5.871484705822035	113.35703931186633	22.185284587800048	96.36844252363706	42.476564705480236	-0.0	80.25840284675124	85.27222337159435	77.18403417345635
5.793483929776092	5.87242814183812	113.01962490658988	22.187887580832776	96.86967859552183	42.482854278920804	-0.0	70.24253165907938	84.95377491975064	77.03602580657534
5.815366913587046	5.87530916121039	112.68260038688288	22.19043533878002	97.30733827174092	42.502061074735934	-0.0	61.207764837959665	84.63659180115793	76.88803533504338
5.834419080268872	5.879833626625137	112.34769412468681	22.19292825818835	97.68838160537743	42.532224177500915	-0.0	53.27672237728757	84.32060415703438	76.74006566707479
5.851024512671913	5.88568351420497	112.01320390402168	22.195366726510258	98.02049025343825	42.571223428033136	-0.0	46.542320481644495	84.00586628125244	76.59211921179515
5.865589337048863	5.892536287604936	111.68078436258018	22.197751136519415	98.31178674097725	42.616908584032906	-0.0	41.038815891233284	83.69231973380002	76.44419818371868
5.878519216680601	5.900089322791396	111.34878608270299	22.200081870120318	98.57038433361203	42.66726215194264	-0.0	36.71691206957162	83.38000926591015	76.2963046297956
5.890190451229199	5.908099287150254	111.01881631485362	22.202359316408163	98.80380902458398	42.720661914335025	-0.0	33.455974728976294	83.06888515817313	76.148440578659
5.900927280233124	5.9163865062732945	110.68932831966768	22.20458385190386	99.01854560466248	42.775910041821966	-0.0	31.083783996010755	82.75898013517218	76.00060796352825
5.910991809746174	5.924814774558484	110.36180403108744	22.206755862272118	99.21983619492347	42.832098497056556	-0.0	29.392776336530993	82.45025823340542	75.85280874981005
5.920580644380633	5.933305356775235	110.03478788691442	22.20887571886838	99.41161288761265	42.88870237850157	-0.0	28.200966732767313	82.14274181351726	75.70504481765109
5.929834627226369	5.941812221341114	109.70963608490909	22.21094380347475	99.59669254452737	42.94541480894076	-0.0	27.360548828039867	81.83640488169229	75.55731809529617
5.938850983712682	5.950309137392128	109.38513859765476	22.212960482587324	99.77701967425364	43.00206091594752	-0.0	26.760691414186873	81.53125351835702	75.40963042507944
5.947695500202372	5.958778470872567	109.06234274037357	22.214926134439008	99.95391000404744	43.05852313915045	-0.0	26.318922221230544	81.2272830874951	75.26198370713654
5.956411362278418	5.9672119763633225	108.74032049805524	22.216841120688407	100.12822724556835	43.11474650908882	-0.0	25.98150073237736	80.92448135637403	75.11437974985671
5.9650268516375515	5.9756044079705415	108.41985327272309	22.218705815242778	100.30053703275102	43.17069605313694	-0.0	25.711811892822187	80.62285674639556	74.96682042243509
5.973560284648476	5.983952917581292	108.10033167731537	22.22052057589601	100.47120569296952	43.226352783875285	-0.0	25.48606596360045	80.32238377095646	74.8193075052347
5.982023521551031	5.992255772427979	107.78212926197483	22.22228577187236	100.6404704310206	43.28170514951986	-0.0	25.288647251469264	80.0230880932642	74.67184283530547
5.990424221281586	6.000512097159972	107.4650714799963	22.224001757496556	100.80848442563172	43.336747314399815	-0.0	25.109604584683105	79.72492770822744	74.52442816739133
5.998767361619656	6.008721427537648	107.1491610666818	22.22566889683336	100.9753472323931	43.391476183584324	-0.0	24.942516309998194	79.42793976613918	74.37706530407547
6.007056201879835	6.016883591377158	106.83457092811467	22.227287541065333	101.1411240375967	43.445890609181056	-0.0	24.783297673689013	79.13207227375298	74.2297559764145
6.015292904066001	6.024998619710725	106.52090014478604	22.228858048966405	101.30585808132001	43.4999907980715	-0.0	24.62939763362491	78.8373742252218	74.08250195184111
6.0234789416389365	6.03306661006002	106.2087141492709	22.230380769010633	101.46957883277872	43.553777400400136	-0.0	24.47916004109874	78.54378426550912	73.93530494004553
6.031615345615024	6.041087745819394	105.89722337329832	22.231856054258884	101.63230691230048	43.60725163879596	-0.0	24.331564125084764	78.2513590031768	73.78816667146798
6.039702879996994	6.0490621711824595	105.58763217489451	22.233284251385143	101.79405759993986	43.66041447454973	-0.0	24.185857418987982	77.96002170161191	73.64108883932927
6.04774211330165	6.056990190911828	105.27827495357354	22.234665706358097	101.954842266033	43.71326793941219	-0.0	24.041731440063504	77.66985064884426	73.49407312978714
6.055733516468838	6.064872029291183	104.97102896018177	22.236000764763208	102.11467032937676	43.765813528607886	-0.0	23.898892262959436	77.380756992153	73.3471212234123
6.063677486835819	6.072707940213191	104.66395296113444	22.237289766403876	102.27354973671638	43.81805293475461	-0.0	23.757174412917067	77.09281690935589	73.20023476708039
6.071574379467216	6.080498164493636	104.35900647458362	22.238533054419577	102.43148758934431	43.86998776329091	-0.0	23.616446899380453	76.80594888574669	73.05341542186606
6.079424516111767	6.088242978374327	104.0542217936717	22.23973096340715	102.58849032223533	43.921619855828844	-0.0	23.47666695700163	76.52022121223824	72.90666480050855
6.087228202149126	6.095942643250629	103.75151273947944	22.240883833730603	102.74456404298252	43.972950955004194	-0.0	23.337792715762458	76.23556342085364	72.75998454270342
6.094985732376885	6.103597409692778	103.44899501091508	22.241991994882287	102.89971464753769	44.02398273128519	-0.0	23.199780866278264	75.95203080561704	72.6133762277839
6.1026973927700885	6.111207532612851	103.14853132241532	22.24305578444085	103.05394785540176	44.074716884085674	-0.0	23.062604800253077	75.66956383547023	72.466841474405
6.110363462916786	6.118773269908077	102.84830669062511	22.244075527003137	103.20726925833571	44.125155132720515	-0.0	22.926249954052416	75.38820677069238	72.32038182963609
6.117984212858342	6.126294914730705	102.55002653402173	22.245051557400714	103.35968425716683	44.175299431538036	-0.0	22.790762756491272	75.10791637145756	72.17399889084668
6.125559922198215	6.13377267330147	102.25203561329745	22.245984195176803	103.51119844396429	44.225151155343134	-0.0	22.65605755539713	74.82871980484497	72.02769417253904
6.133090860159211	6.141206802694849	101.95590061403323	22.246873772248485	103.66181720318421	44.27471201796566	-0.0	22.522131526065195	74.55058763076735	71.88146925070248
6.140577286246533	6.148597608683853	101.66023302532149	22.247720603863453	103.81154572493065	44.32398405789235	-0.0	22.389063230348285	74.27352986135915	71.73532561015612
6.14801947375996	6.155945290582392	101.36624446949915	22.24852501862197	103.9603894751992	44.37296860388261	-0.0	22.256764171864834	73.99753850409249	71.58926480369819
6.15541768650665	6.163250097294191	101.07283196106918	22.249287327630796	104.10835373013299	44.421667315294606	-0.0	22.12522709988162	73.72260631541411	71.44328828852377
6.162778563026339	6.17077206503305	100.78090713504918	22.25000790714872	104.25557126052676	44.46978269082668	-0.0	22.35159670850115	73.44874029823397	71.28950221562002
6.171505366752834	6.18639420196424	100.48978864143312	22.25074056877808	104.43010733505668	44.453807889733426	-0.0	30.504953707764646	73.1758847254363	70.73240952191789
6.1831012556856795	6.207116818852918	100.19993787347933	22.2516546997412	104.66202511371358	44.29456820390551	-0.0	38.74238890353055	72.90392751770561	69.64658626737382
6.197266455667748	6.231025354787726	99.91105616167683	22.252905767284613	104.94532911335494	44.00121064536539	-0.0	45.93398736228586	72.63267426687274	68.13591256289986
6.213592861632318	6.2565309315319615	99.62326186434795	22.254612413140347	105.27185723264634	43.59604685463089	-0.0	51.8037582490666	72.36204653307357	66.32698794178552
6.231630789818211	6.282033598531789	99.33661472818561	22.256847584584005	105.6326157963642	43.108362231458806	-0.0	56.12642465540293	72.09192438496649	64.37209572363467
6.250864683395991	6.306457061441383	99.05090861237402	22.259632403831027	106.01729366791982	42.573478973463494	-0.0	58.94508993832274	71.82231058530056	62.43478578963474
6.270771475296878	6.328717643349013	98.7664742449655	22.262935279485156	106.41542950593755	42.025529934218554	-0.0	60.18002578313212	71.55317549327232	60.672715360211114
6.290817726017924	6.348003473144984	98.48282204735077	22.266676528516147	106.81635452035847	41.49643050704776	-0.0	59.783853969456224	71.28463685555307	59.221620900237916
6.310456817858123	6.36396368360529	98.20057365303107	22.270737675045442	107.20913635716245	41.01527315782483	-0.0	57.82887781375263	71.01673877284216	58.1827131665823
6.32913081166285	6.376596205573886	97.9189693997951	22.274974107240237	107.582616233257	40.60690416067152	-0.0	54.46638522464802	70.74966018055076	57.614882433447455
6.346431314780253	6.384581392797937	97.63896494961175	22.279229394648226	107.92862629560506	40.28258326689663	-0.0	48.830112390872465	70.48350151350536	57.53215238633666
6.361679491819758	6.389815544585604	97.35939646265066	22.283349654186967	108.23358983639515	40.066135605301874	-0.0	41.934512014155665	70.21844426932446	57.905827555121256
6.37329365706501	6.397471909806976	97.08151565107231	22.287196635013764	108.4658731413002	39.99425637399618	-0.0	38.87339445395627	69.95455972743466	58.669764858643525
6.381871017082748	6.393786714340689	96.80404169702531	22.290658949421864	108.63742034165496	39.99400828150358	-0.0	27.28976142477853	69.69202688324884	59.725826735027894
6.396595464228675	6.394312191299652	96.52821946967916	22.2936623489771	108.728057162845	40.15136257016855	-0.0	-0.0	69.43085065016282	60.9420703810202
6.985134939794528	6.392701329683259	96.25286080612248	22.296203419526705	108.72715200591715	40.42655702951284	-0.0	-0.0	69.17110603232884	61.93243040606878
8.476443664032868	6.3827444968303215	95.97906605808126	22.2983458342009	108.72715200591715	40.77512726092499	-0.0	-0.0	68.9126805925201	63.05134930953139
10.863208378074866	6.369236779047083	95.70577433840734	22.299973047715945	108.72715200591715	41.20914382159954	-0.0	-0.0	68.65568149472975	64.56990410416012
14.13379714837259	6.353612315105226	95.4340389023571	22.30097137711282	108.72715200591715	41.716530856494025	-0.0	-0.0	68.40017862245767	66.38743273013772
18.272270711614627	6.337010549646351	95.16274219143772	22.301262912064402	108.72715200591715	42.27781373397888	-0.0	-0.0	68.14629053166712	68.38566475684236
23.25846015496581	6.321047534683203	94.89302259014029	22.300810329500216	108.72715200591715	42.87075020472088	-0.0	-0.0	67.89401956450321	70.43448985578038
29.06806520956341	6.307410225545546	94.6237534430251	22.299619687395086	108.72715200591715	43.46875861371481	-0.0	-0.0	67.64338087792288	72.39837262114347
35.67277267824557	6.297683003502459	94.35600712430957	22.29774108689024	108.72715200591715	44.04144084226832	-0.0	-0.0	67.39431528420711	74.1431905960838
43.040394420333186	6.293449462744772	94.08874166358152	22.29526704279141	108.72715200591715	44.557819382249136	-0.0	-0.0	67.14676485774031	75.54324913016461
51.135024221023265	6.295959318052569	93.82290025758736	22.29232861977601	108.72715200591715	44.98770406451832	-0.0	-0.0	66.90058943984435	76.48819127051776
59.91721278085875	6.306040177804346	93.55766996553227	22.28908934184995	108.72715200591715	45.30505428488718	-0.0	-0.0	66.6556490332988	76.8894755485317
69.34415997248661	6.323752999338304	93.2936977609613	22.285737020700154	108.72715200591715	45.49168666225536	-0.0	-0.0	66.41176244679924	76.69341888180344
79.36992342770688	6.337955686650046	93.0304658433999	22.282421679116126	108.72715200591715	45.58637124433364	-0.0	-0.0	66.16877111224133	76.27335961340466
89.94564243830342	6.350286356653607	92.7683724770836	22.279163658333797	108.72715200591715	45.66857571102405	-0.0	-0.0	65.92662803598098	75.85580658603608
100.13684072344068	6.363069893126023	98.97745607630542	22.27596876378072	107.77617895804268	45.75379928750682	323.02417594070914	-0.0	65.80516511631801	75.44077723111963
107.6249715015462	6.3766024251084295	100.58660351631092	22.273066407276627	103.98165662268478	45.84401616738953	795.8976810314097	-0.0	67.18417739043869	75.02946364011846
111.99470380312967	6.390920823451352	101.23185478884348	22.271052056138124	97.86192185914788	45.93947215634235	984.2034399887846	-0.0	70.2376705161173	74.62497223194738
114.74195394692339	6.406012493715585	104.32727657291206	22.270245201020646	91.307187745855	46.040083291437234	968.1533781695027	-0.0	73.64760159757162	74.22894327501655
116.59556225489183	6.4218449174582615	107.39361384152552	22.27065763028203	85.0324067247982	46.14563278305508	910.0414041146522	-0.0	76.92385656854596	73.84139386681835
117.83381007570954	6.438372396362669	110.16864721769697	22.27222249125938	79.21982771729381	46.255815975751126	830.580915517044	-0.0	79.95185854510669	73.46192847372966
118.72876452715452	6.455539576255176	112.65708918590204	22.27484343127516	73.98366683221957	46.370263841701174	739.2230926538508	-0.0	82.65729300804365	73.08999881057447
119.4976890435416	6.473284591555263	114.85465041932454	22.278406714849925	69.36549381948852	46.488563943701756	646.4313391068962	-0.0	85.00735047508762	72.72496825427437
120.27362090777268	6.491542274147109	116.76475262692594	22.282794683946445	65.3430875246588	46.6102818276474	561.9592025015755	-0.0	87.00838618045769	72.36618296247751
121.09062103392087	6.510247383257632	118.43064093304268	22.287897044545645	61.844018292163135	46.734982555050884	489.2833627654192	-0.0	88.69607576667457	72.01303120412575
121.91950163454892	6.52933761573884	119.85510110126134	22.29361836819974	58.77854294156061	46.86225077159227	431.0406570103131	-0.0	90.12232073519974	71.66498250606227
122.7047389500498	6.548756045601939	121.05555372009047	22.299880599857996	56.0619190625795	46.991706970679594	385.2618209689868	-0.0	91.33855712556817	71.32160037851263
123.4030769273428	6.568452637769662	122.08497768906413	22.306620764043974	53.63021523785773	47.12301758513108	344.4255092833277	-0.0	92.38395138563163	70.98252977166771
124.01328653717351	6.588384623488775	122.94416940550516	22.313786288956997	51.44777347012703	47.25589748992517	310.19436140934516	-0.0	93.2831063842147	70.64747210100225
124.54038209882732	6.608515804229621	123.68647978466842	22.321330998244324	49.48704471060151	47.39010536153081	277.22050478689545	-0.0	94.05142533969153	70.3161639145521
124.99840840434196	6.628815158814214	124.3014806884069	22.329213255420104	47.7281130951283	47.52543439209476	250.44658998308503	-0.0	94.70173608911718	69.98836697287484
125.38415217663328	6.649255303605097	124.8186496038536	22.337395640322715	46.14781586106338	47.66170202403398	225.59971531491578	-0.0	95.24671095171836	69.66386642013792
125.69723352644948	6.669811293571835	125.24609195368541	22.34584477402387	44.72742328764029	47.79874195714557	201.50121972029478	-0.0	95.69782371524177	69.34246974138858
125.9431567780421	6.690459989811804	125.58521167734223	22.354530688212275	43.45293315309966	47.93639993207869	179.4855399829966	-0.0	96.06414697554125	69.02400333403101
126.13063126144645	6.711179911563105	125.8331181047848	22.363426075086185	42.313465448519274	48.074532743754034	163.6342998871221	-0.0	96.35282734281145	68.70830847134813
126.25620044907421	6.731951301824641	126.02708900489465	22.372505846355985	41.29589519764206	48.213008678830946	143.59676171892215	-0.0	96.57020414297314	68.39523891032074
126.32868305686614	6.752756137877956	126.14693203083512	22.381746945780236	40.392785860901455	48.35170758585304	127.89680348934472	-0.0	96.72207375712509	68.08465984223508
126.35963696895456	6.773577964268255	126.14867818304958	22.39112813004062	39.59878075711799	48.49051976178837	137.79074980363535	-0.0	96.81379039626192	67.7764466823915
126.32991164782389	6.794401596423998	126.22793264810322	22.40062963680893	38.900295474879655	48.62934397615999	95.8024528645297	-0.0	96.84691116133678	67.47048327193839
126.25124400933852	6.815212829051879	126.17104770897924	22.41023177361958	38.294503315852296	48.76808552701253	84.9568539456049	-0.0	96.82675238239302	67.1666544302129
126.08821478953496	6.835998249289873	126.03187309356075	22.419919543788787	37.76550733723671	48.906654995265825	71.2092173646012	-0.0	96.76684183687595	66.86487023880257
125.91162544313569	6.856745165073492	125.87408484208166	22.42967766813827	37.32965597111366	49.04496776715661	58.12619112640171	-0.0	96.65603248266166	66.56503974860816
125.7196133776739	6.87744134017452	125.69545968571938	22.439488279484358	36.98234064454862	49.182942267830136	46.62437426825029	-0.0	96.49313177250698	66.2670589107442
125.43245441253906	6.898074272468591	125.5747183785478	22.44933557656862	36.69753567027103	49.32049514979061	-0.0	-0.0	96.2892109979566	65.97083507681297
125.15394059927064	6.918632867052889	125.14442881031319	22.45920678229251	36.50282543656647	49.45755244701926	29.2585202320768	-0.0	96.04869774386164	65.67629195446708
124.78454936365453	6.939108261922218	124.83482405824773	22.46908856726062	36.371230715419344	49.59405507948146	-0.0	-0.0	95.7668113701447	65.38335074528743
123.91625453330197	6.959492351121876	124.32736325811513	22.478966973813677	36.34602432766502	49.72994900747917	-0.0	-0.0	95.43938126467614	65.09192976898143
121.96450558160728	6.9797754877618745	124.29810761468103	22.488822692026194	36.34602432766502	49.8651699184125	-0.0	-0.0	95.05868038656907	64.8019196688802
118.87909182303899	6.999943412034857	123.60465553350058	22.498654732132504	36.34602432766502	49.99962274689905	-0.0	-0.0	94.71270794573655	64.51330791694767
114.72008721595986	7.0199868228256035	123.51438595843229	22.508463311791655	36.34602432766502	50.13324548550403	-0.0	-0.0	94.33944670526245	64.22608825831067
109.56846886397496	7.039908326285179	122.88653582906444	22.518247774155967	36.34602432766502	50.26605550856786	-0.0	-0.0	93.99179334024774	63.94024998382913
103.52454036672856	7.059706594508966	122.73892461035398	22.52800902944015	36.34602432766502	50.39804396339311	-0.0	-0.0	93.62508654903912	63.65579057867932
96.70597887785051	7.0793806656912865	122.17059823465073	22.537745980131245	36.34602432766502	50.529204437941914	-0.0	-0.0	93.27678753946512	63.37269707617956
89.24554389445584	7.098933995917026	121.97321515230459	22.547459803367296	36.34602432766502	50.65955997278017	-0.0	-0.0	92.91565673436168	63.09096845595623
81.28849238874396	7.118365554104513	121.4559018336233	22.55714927315746	36.34602432766502	50.78910369403009	-0.0	-0.0	92.5675571021166	62.81059113994998
72.98975060991377	7.13767585894268	121.21764281879648	22.5668155963568	36.34602432766502	50.91783905961787	-0.0	-0.0	92.2112090530601	62.53156434936621
64.51089762225887	7.1568672744517805	120.74235653527575	22.57645759450767	36.34602432766502	51.04578182967854	-0.0	-0.0	91.8639747507957	62.253874823395705
56.017019310915416	7.175938986805187	120.4719621444679	22.586076377135516	36.34602432766502	51.17292657870125	-0.0	-0.0	91.51178630644884	61.97752135253615
47.67349410870911	7.19489215582402	120.03027947612607	22.595670901193714	36.34602432766502	51.2992810388268	-0.0	-0.0	91.16592561138651	61.70249145727805
39.64277302701373	7.213728270367906	119.7355842478215	22.60524212165095	36.34602432766502	51.424855135786046	-0.0	-0.0	90.81741911344633	61.428783193275216
32.081216684414656	7.232446926390593	119.32022873109435	22.61478700359307	36.34602432766502	51.54964617593729	-0.0	-0.0	90.47330759095232	61.23168217260196
25.1360509171896	7.2510494838204425	119.0078916397015	22.62414486489932	36.34602432766502	51.67366322546962	-0.0	-0.0	90.12822482028521	61.93885005897557
18.942500246836754	7.2695368612970555	118.61280708985376	22.633077060909528	36.34602432766502	51.79691240864704	-0.0	-0.0	89.78656246634831	63.10576758366752
13.62115501688697	7.2879090733247525	118.28819114227542	22.641472161176615	36.34602432766502	51.91939382216502	-0.0	-0.0	89.44532884706392	64.54173184963615
9.275623461693762	7.306167433456061	117.90854647028199	22.649257981995145	36.34602432766502	52.041116223040405	-0.0	-0.0	89.10685579077517	66.15905443506918
6.0565398704484785	7.266809592120348	117.57587571307928	22.656387820009336	36.8136589050574	51.778730614135654	-0.0	275.0306484821134	88.76959572862846	67.88989203329584
4.064138818880196	7.110081103824725	117.20792723817766	22.662835874076666	39.27320253372526	50.73387402549817	-0.0	436.31570314284244	88.43462977338754	69.66603973182376
3.150151393566195	6.978180648592863	116.87038534626828	22.6686007562328	42.40477813929035	49.85453765728575	-0.0	489.13375311786325	88.10131142904739	71.40897281614606
3.2319064289524575	6.871972484367155	116.5113067282703	22.6737084688167	45.638128579049145	49.14648322911437	-0.0	476.97392849443935	87.76994610151465	73.02720776223617
3.3881514202391587	6.779279443199558	116.17129642210793	22.678209227092427	48.76302840478317	48.528529621330385	-0.0	460.3753918651875	87.44039092115865	74.48082286783074
3.5388872329967658	6.691657570790402	115.8190095225909	22.68215660098667	51.777744659935315	47.94438380526935	-0.0	443.9010544165245	87.11250898401026	75.77253359204842
3.684141988368462	6.608140628905081	115.47820475291645	22.685603388795634	54.68283976736924	47.387604192700536	-0.0	427.49259061829207	86.78644837469055	76.90615855183303
3.82393681535922	6.528611492896101	115.13122778663461	22.688600716946524	57.4787363071844	46.85740995264068	-0.0	411.14737910639184	86.46186630613035	77.88593057041496
3.9582933748590037	6.453040003232103	114.79083854716639	22.69119852553183	60.165867497180066	46.35360002154736	-0.0	394.8691736174384	86.13905181290596	78.7166162410039
4.087234796109705	6.3814034124441985	114.44814145933083	22.693444837760513	62.74469592219408	45.87602274962799	-0.0	378.66282960030003	85.81758174577733	79.40366828689312
4.210785935982838	6.313678618723755	114.10896324545268	22.695385949091055	65.21571871965676	45.424524124825034	-0.0	362.53385037994354	85.49779062225566	79.95343528017584
4.328973595690757	6.249840969576516	113.7698292232019	22.697065726890923	67.57947191381514	44.998939797176774	-0.0	346.48839932652857	85.17924886078734	80.37343381296212
4.441826751323998	6.189863811064138	113.43240486063023	22.698525478356757	69.83653502647996	44.59909207376092	-0.0	330.5333814212397	84.86228435488746	80.67270001260161
4.54937682725392	6.133718672941305	113.09637019226518	22.69980314439022	71.9875365450784	44.22479115294204	-0.0	314.67660439800983	84.54649970244931	80.86219748572661
4.651658020142272	6.081374511066543	112.76099441837796	22.700932810208762	74.03316040284544	43.87583007377695	-0.0	298.92688183361315	84.23219375757971	80.95519779521531
4.7487076539248125	6.032798165501888	112.42779270395987	22.701943763096484	75.97415307849624	43.55198777001259	-0.0	283.29429393047656	83.91901672600989	80.96738890174501
4.840566645395866	5.987952632275225	112.0947162299693	22.702859907714974	77.8113329079173	43.253017548501504	-0.0	267.7902615480256	83.6072342651323	80.9162983808316
4.927280000459989	5.9467977823163	111.76410190644235	22.703699299106702	79.54560000919979	42.978651882108664	-0.0	252.42793301459216	83.29655484939276	80.81968377279765
5.008897433288534	5.909289419819792	111.4333966278261	22.70447451615712	81.17794866577069	42.72859613213195	-0.0	237.22246765052336	82.98720559524739	80.69326366045658
5.08547408349737	5.875379605609015	111.10527798626104	22.705193576320152	82.70948166994741	42.5025307040601	-0.0	222.19157304447393	82.67895042359709	80.54899173688592
5.157071469484786	5.845012372032179	110.77703728626793	22.705861297086752	84.14142938969573	42.30008248021453	-0.0	207.3555073037898	82.37198252456832	80.39477012685273
5.2237584556238925	5.818127304845368	110.45133108396092	22.706480460476044	85.47516911247784	42.12084869896912	-0.0	192.73830204799	82.06611121026154	80.23528466122833
5.285612565646094	5.794656829432522	110.12554993098753	22.70705270325648	86.71225131292188	41.96437886288348	-0.0	178.36834496807927	81.76149588954306	80.07312060626218
5.342721624606347	5.774521804128324	109.80221559724727	22.707579029709215	87.85443249212693	41.8301453608555	-0.0	164.27876070911768	81.45798153333493	79.90964383452759
5.395185531719394	5.757634543508797	109.47889505597755	22.70806012158789	88.90371063438789	41.71756362339198	-0.0	150.5093460115939	81.15569835115804	79.74555854637394
5.443118679981081	5.743892849772407	109.15790291656943	22.708496490119227	89.86237359962162	41.625952331816045	-0.0	137.10720481418127	80.85451958685665	79.5812233164922
5.48665263759458	5.733180691986341	108.83703275578625	22.708888560711372	90.73305275189159	41.55453794657561	-0.0	124.12897888682183	80.55455002413737	79.41681965839422
5.5259396088526795	5.72536179828285	108.51836374839672	22.709236715656562	91.51879217705358	41.50241198855233	-0.0	111.64177909450231	80.25568667156638	79.25243942685387
5.5611562678876005	5.720278250605808	108.19991843774409	22.70954131156472	92.22312535775201	41.468521670705385	-0.0	99.72524214003164	79.95801338125611	79.08812931430849
5.592507968450634	5.717750131514973	107.88357274530499	22.70980269603095	92.85015936901267	41.45166754343315	-0.0	88.47392379408289	79.66144563251098	78.92391339239673
5.620234017748184	5.717558174878783	107.56751023973564	22.710021204838206	93.40468035496367	41.45038783252522	-0.0	77.99204972727938	79.36605182102345	78.75980438355309
5.6446104058501305	5.719465844938316	107.25347251741499	22.71019717462125	93.89220811700261	41.46310563292211	-0.0	68.39930513544422	79.0717609178792	78.59580937750877
5.665953102975297	5.723198131910623	106.93978683692274	22.710330932538255	94.31906205950594	41.48798754607082	-0.0	59.81483351525676	78.77862835201678	78.43193260716178
5.68461657266191	5.7284470652033095	106.62804984299522	22.710422810002854	94.6923314532382	41.52298043468873	-0.0	52.3393330473122	78.48659516297238	78.2681769294894
5.7009839933455755	5.734905176103948	106.31671683906727	22.71047312876367	95.0196798669115	41.56603450735965	-0.0	46.044260471835884	78.19570613306254	78.10454445461414
5.715451705465509	5.7422729053015305	106.00725194456295	22.7104822165212	95.30903410931018	41.61515270201021	-0.0	40.94294798559751	77.90591367747679	77.94103697750926
5.728407943032949	5.750266511061264	105.69823890792138	22.71045039032611	95.56815886065898	41.668443407075095	-0.0	36.961608484611254	77.6172514452235	77.77765606450136
5.740205788114869	5.7586613444055805	105.39104390555917	22.710377974450115	95.80411576229737	41.72440896270387	-0.0	33.962807130292916	77.32968058336984	77.61440323276528
5.751144256435729	5.767296196901356	105.08436082212832	22.710265281645494	96.02288512871458	41.78197464600904	-0.0	31.772571175491684	77.04322587087017	77.45127989446723
5.761461010382861	5.776059407343246	104.77939132014494	22.710112632928112	96.22922020765722	41.84039604895498	-0.0	30.205956532181794	76.75786088110286	77.28828748190791
5.771334867474422	5.784875857118423	104.47499742988192	22.709920336693962	96.42669734948842	41.89917238078949	-0.0	29.091439509760963	76.47359752801766	77.1254273484069
5.780893561087148	5.793703360570993	104.17225710566382	22.709688710663382	96.61787122174296	41.95802240380662	-0.0	28.295096178319042	76.19041899106612	76.96270088846983
5.790225594051791	5.802517506680387	103.8701707797715	22.70941805926522	96.80451188103582	42.01678337786925	-0.0	27.71722459567796	75.90832834967118	76.80010942141286
5.7993910113417035	5.811303171765774	103.5695909648476	22.709108696696855	96.98782022683406	42.07535447843849	-0.0	27.285711031680773	75.62732150842028	76.63765431410312
5.808429812086378	5.820051547280992	103.26980662375726	22.70876092363872	97.16859624172756	42.133676981873286	-0.0	26.95103800716032	75.3473864320645	76.47533685900409
5.817368369820037	5.8287574429292555	102.97139820903784	22.708375050466817	97.34736739640073	42.19171628619504	-0.0	26.679900099628547	75.06853158381077	76.31315839669551
5.826223955518063	5.837417882720812	102.6738908310847	22.70795137456602	97.52447911036124	42.24945255147208	-0.0	26.450339320542867	74.79073554371872	76.15112019654936
5.835007860704849	5.8460311190686545	102.37758596292781	22.707490202344744	97.70015721409698	42.30687412712437	-0.0	26.247926541688116	74.51401830290546	75.98922357278545
5.8437274629363	5.854596226365242	102.08238169666387	22.706991828084142	97.87454925872599	42.36397484243495	-0.0	26.063340428825647	74.23834327399908	75.82746977302247
5.852387613659309	5.863112695605137	101.78819560757611	22.706456553815514	98.04775227318618	42.42075130403425	-0.0	25.890492880867214	73.96374394611775	75.66586008324505
5.860991526226697	5.871580330664194	101.4952489913556	22.705884671204583	98.21983052453393	42.47720220442796	-0.0	25.72547914701546	73.69017443608787	75.50439573225542
5.8695413658356275	5.8799990847411	101.20311297515363	22.705276477795056	98.39082731671255	42.53332723160734	-0.0	25.565747233203265	73.41767872916553	75.34307797739314
5.878038612310149	5.888369096754575	100.91243764154753	22.704632262874505	98.56077224620299	42.58912731169717	-0.0	25.409747692108283	73.14619779065094	75.18190802977838
5.8864843204893535	5.896690524072455	100.62239356767999	22.70395231906862	98.72968640978706	42.64460349381637	-0.0	25.256439257026177	72.87578535160787	75.02088711583036
5.894879267541159	5.904963573220518	100.3339650517	22.70323693387082	98.89758535082318	42.69975715480345	-0.0	25.105160922804117	72.60637808276971	74.8600164324782
5.903224055000511	5.913188469215547	100.04586716402197	22.70248639413677	99.06448110001021	42.75458979477032	-0.0	24.95547812484838	72.33803561561537	74.69929717064694
5.9115191697290115	5.9213654670427776	99.75974086927397	22.70170098685143	99.23038339458023	42.80910311361852	-0.0	24.807127647319017	72.07068331462577	74.53873051998303
5.919765026137488	5.929494829635009	99.47370760435865	22.70088099266603	99.39530052274975	42.86329886423339	-0.0	24.65994157728413	71.80439018731681	74.3783176340805
5.927961991870306	5.937576828495894	99.18968908906729	22.70002669730571	99.55923983740611	42.917178856639296	-0.0	24.513818329653855	71.53908344226038	74.21805969084804
5.93611040581895	5.945611729206216	98.9057503105734	22.69913837621733	99.722208116379	42.970744861374776	-0.0	24.368683011277014	71.2748214620874	74.05795781182574
5.944210588886359	5.953599786289402	98.62385294498806	22.69821631341737	99.88421177772717	43.02399857526268	-0.0	24.224467748336203	71.01154186600466	73.89801316155136
5.952262846413715	5.9615412735252375	98.3420419718317	22.69726077960673	100.0452569282743	43.076941823501585	-0.0	24.081148113620785	70.74929371442718	73.73822683200362
5.960267471757117	5.96943648599779	98.06216772826704	22.69627205663924	100.20534943514234	43.1295765733186	-0.0	23.938742449053052	70.48802904389295	73.57859997128504
5.96822476073704	5.977285657334558	97.78245227731887	22.695250410854907	100.36449521474078	43.181904382230385	-0.0	23.79718549208847	70.22778022120829	73.41913364426657
5.976134999759006	5.985089055172703	97.50459563236818	22.694196121509993	100.52269999518012	43.23392703448469	-0.0	23.656467685520052	69.96851216423974	73.2598289811557
5.983998468641744	5.992846966976083	97.22702931722506	22.693109451409622	100.67996937283486	43.28564644650722	-0.0	23.516614252400814	69.71024480185535	73.10068702327928
5.991815449472103	6.000559643834133	96.95114877998654	22.691990676506556	100.83630898944206	43.33706429222755	-0.0	23.377599269960424	69.45295821473799	72.94170887921668
5.999586221962474	6.008227336214865	96.67568730006678	22.690840056593164	100.99172443924947	43.38818224143243	-0.0	23.239398459822706	69.19665885072015	72.78289557033811
6.007311059822044	6.0158503193692825	96.40175822903912	22.689657863988554	101.14622119644086	43.43900212912855	-0.0	23.102028519210524	68.94133809700226	72.62424818161129
6.014990236649449	6.023428854662898	96.12841278883397	22.688444355744288	101.29980473298897	43.489525697752654	-0.0	22.96548771179316	68.68698987003263	72.46576771561938
6.022634003160776	6.031301077011088	95.85643710348963	22.687199913218045	101.45268006321551	43.539304341143996	-0.0	23.274280131607338	68.43361828585397	72.29638558315412
6.03162457289418	6.047362207352332	95.58516848755536	22.685983455403974	101.63249145788359	43.52501788629239	-0.0	31.362432202151062	68.18117068738155	71.69796376908702
6.0434206080024735	6.068065588439675	95.31510685569597	22.68497116590049	101.86841216004946	43.369521071214535	-0.0	39.24679958066732	67.92952342422743	70.55499694589072
6.057698222473507	6.091802657459488	95.04592363896126	22.684323170508275	102.15396444947014	43.08368219346146	-0.0	46.16846528339223	67.67849141165512	68.97447138887046
6.074080010001469	6.117006941989937	94.77779349685487	22.68416146881777	102.48160020002938	42.689283847996755	-0.0	51.79703900107811	67.4279736096933	67.08770702781165
6.092118386680421	6.142252165012405	94.51068413847435	22.684560709778708	102.84236773360841	42.215763700189676	-0.0	55.97643384272501	67.177859122614	65.05236414107765
6.1112997608577215	6.166645887536353	94.24440224682452	22.68554193214802	103.22599521715442	41.69842976281384	-0.0	58.81439379449944	66.92813403888997	63.03750106808588
6.131143565896488	6.188668679097308	93.97938503730283	22.68707170979943	103.62287131792975	41.167562955497935	-0.0	59.96098377321098	66.67880377326604	61.20594757463249
6.151106247360669	6.20786655845911	93.71503135346602	22.68906695888155	104.02212494721337	40.65619492113497	-0.0	59.56105643499415	66.42996544159065	59.69787262797751
6.170661885972841	6.2237719865963745	93.45205040818998	22.691404522405257	104.4132377194568	40.19176299290582	-0.0	57.614071970056564	66.1816696542659	58.61786903532381
6.189318155446328	6.2358160302451315	93.1895794471225	22.693934208537584	104.78636310892655	39.795118323298816	-0.0	53.90841469497343	65.9341109446306	58.02696280800951
6.206506807908287	6.244678346493177	92.92862319707523	22.696493530510686	105.13013615816573	39.488283447260855	-0.0	48.84384466394521	65.68737494856984	57.93998912304653
6.2215790280268175	6.251247417623684	92.66807900164184	22.698922498830406	105.43158056053635	39.288789059390254	-0.0	43.06128597480775	65.44166407798141	58.32776895042933
6.233193678362643	6.257222143466598	92.40911045158063	22.701077109891507	105.66387356725286	39.21376253290349	-0.0	38.75279433792068	65.19706902488379	59.122492421938794
6.245136153100248	6.251569456025446	92.15049777622808	22.702840940353937	105.90272306200494	39.205336469337574	-0.0	20.051968303009197	64.95374699716737	60.22332726354145
6.2637535502860935	6.253504506450833	91.89343022041945	22.704135760313324	106.00462101811694	39.369727889635804	-0.0	-0.0	64.71172386052939	61.48696659604382
6.8595131025865514	6.252401189992371	91.63677714858486	22.70494886950643	106.00462101811694	39.64343689457554	-0.0	-0.0	64.47107137594456	62.59636738747844
8.335057555450982	6.243437851010612	91.38159803834093	22.705342587058393	106.00462101811694	39.98992676899335	-0.0	-0.0	64.23169397895907	63.76087112895915
10.683195820909035	6.230965179818045	91.12684870472702	22.705210916143624	106.00462101811694	40.41907632829316	-0.0	-0.0	63.993681096506386	65.33393634055658
13.892484211989263	6.216324408772226	90.87356136705662	22.70443784100901	106.00462101811694	40.918671710265706	-0.0	-0.0	63.75711007719312	67.21119733242001
17.947282213695154	6.2008028002721645	90.62070644430074	22.702944380072147	106.00462101811694	41.47064909125365	-0.0	-0.0	63.52209232867784	69.2703885408281
22.827828707292706	6.186141909351872	90.36927909177089	22.700693458325638	106.00462101811694	42.054265100329246	-0.0	-0.0	63.28862330964102	71.3773125316434
28.510338276415617	6.173585630110675	90.11825090771903	22.697692695324754	106.00462101811694	42.6410682316003	-0.0	-0.0	63.056734991358724	73.39246037942536
34.96711712565223	6.164918891939272	89.86866504413992	22.6939950015524	106.00462101811694	43.20283755342332	-0.0	-0.0	62.82636994401276	75.17805396851641
42.16669804666382	6.161618456755679	89.61950691902784	22.689696812599426	106.00462101811694	43.70894818936236	-0.0	-0.0	62.59744739005171	76.60525610090112
50.07399377410333	6.164928874496248	89.37167679360029	22.684934024472906	106.00462101811694	44.1302069605554	-0.0	-0.0	62.36983514644832	77.56125777910022
58.65046798392287	6.175638849355194	89.12440569874457	22.67987565637918	106.00462101811694	44.44126188595681	-0.0	-0.0	62.143382931674225	77.95590603121002
67.8543231007323	6.193719277797482	88.87829658358683	22.674715322860255	106.00462101811694	44.62479518531654	-0.0	-0.0	61.917909014991174	77.73776440421204
77.64070399889651	6.208196017862111	88.63287815759723	22.669604049397517	106.00462101811694	44.72130678574741	-0.0	-0.0	61.69324874688038	77.30279464452384
87.96191660467456	6.221019280582173	88.38850267063683	22.66456087759072	106.00462101811694	44.80679520388115	-0.0	-0.0	61.46936027520999	76.87046605164478
97.42441829746159	6.234340226432036	95.49311755242599	22.65960435919244	104.56194947929257	44.89560150954691	416.9137405425779	-0.0	61.51979624241308	76.44086231639498
104.00005920120677	6.248431560849315	96.02462784770437	22.65505596574007	100.21980708345403	44.98954373899543	847.2241862784703	-0.0	63.31290818858954	76.01565781435293
107.83084936854215	6.263326912763547	97.34209911510332	22.651491379528544	94.00061273959399	45.08884608509031	971.5902031255225	-0.0	66.48296917311134	75.59785108411276
110.31455460490383	6.279013280296632	100.48072985525361	22.64914127344662	87.59436372529517	45.193421868644215	940.767892451969	-0.0	69.83556540966123	75.18861324700471
111.99856238277529	6.295458079340799	103.43776273224051	22.647989769696775	81.51910736562508	45.303053862271994	877.7653265811597	-0.0	73.0218594160091	74.78781571813285
113.14625820054395	6.312615345243052	106.11321524448402	22.64796269485301	75.93246681692561	45.417435634953684	795.5965472809656	-0.0	75.94246660755168	74.3950247506217
114.01366347063095	6.330429124901259	108.50004497871265	22.648959673970317	70.93065531769689	45.53619416600839	704.4328671155587	-0.0	78.53351504383649	74.00967135969614
114.79349951517993	6.348836589395031	110.60538232652644	22.650866441204894	66.53765584938283	45.65891059596687	613.9466971804754	-0.0	80.77236004213191	73.63111666119308
115.59491819264352	6.3677712518238065	112.42807725676023	22.653567773528923	62.7189762335573	45.785141678825376	533.8686020262811	-0.0	82.67339396981251	73.25872012810893
116.43004978108655	6.387166242068788	114.02054839042451	22.656957945382327	59.3942504376204	45.91444161379192	465.6770610193119	-0.0	84.2771970077956	72.89189447172586
117.26183712992179	6.406957403166438	115.37506877170397	22.660947061238993	56.47454830690531	46.04638268777626	412.0790606662803	-0.0	85.63666711000313	72.53013859267709
118.03347455270662	6.427085857867898	116.5304194934495	22.66546228404414	53.87884474845586	46.18057238578599	367.79743790997367	-0.0	86.80057101459138	72.1730435648969
118.71767696985296	6.447499675016373	117.50187754709273	22.670444666054156	51.55360221992556	46.316664500109155	330.7898850455081	-0.0	87.80394820336312	71.82027550830826
119.31076343355672	6.4681543904931855	118.33890228732817	22.675844383566083	49.4640433287027	46.454362603287905	295.7490543696959	-0.0	88.6680029201693	71.4715501804095
119.82816494692955	6.489012409224087	119.0469600725533	22.68161721595672	47.5883950549798	46.59341606149392	265.15738476207275	-0.0	89.40668754642473	71.1266142379796
120.27808334249711	6.5100416345786005	119.63396005954623	22.687723221619862	45.90545606987745	46.73361089719067	240.77187432418216	-0.0	90.0325096884934	70.78523812884724
120.65239040017082	6.53121387624829	120.14532740428325	22.694126605428053	44.39131997690374	46.874759174988604	213.62506788736408	-0.0	90.55788488205538	70.44721527222774
120.96022287265644	6.552503556167967	120.5494526326828	22.700795464221496	43.03165032715481	47.01669037445312	192.27407937012194	-0.0	90.9936569379155	70.11236060093063
121.20558921429014	6.573886982852881	120.86014775105278	22.707701074833494	41.812510526504006	47.15924655235254	176.32280536380645	-0.0	91.34820441794923	69.78050671035935
121.38638923710702	6.5953421462718245	121.1188407746555	22.71481719081637	40.71999779510125	47.3022809751455	155.17526098137432	-0.0	91.62826866510952	69.45150007470095
121.51254673751008	6.616848771073202	121.30331233596785	22.72211969361038	39.74603788305109	47.44565847382135	137.22644110666482	-0.0	91.84000316454215	69.12519914373246
121.58762465245617	6.638388344145903	121.4124277962387	22.729586428495946	38.881864561953584	47.58925562763935	125.5695705956349	-0.0	91.98899807036362	68.8014734187992
121.60680917361925	6.659943968682858	121.47765606834803	22.73719703486798	38.117472646245844	47.73295979121905	107.81363306377622	-0.0	92.08036855123869	68.48020250405581
121.575084138401	6.681500074102798	121.47733441444578	22.744932455769774	37.447180835222525	47.87666716068532	93.79485676714694	-0.0	92.11761204672634	68.16127347736916
121.49266257757841	6.703042112927275	121.42000491458037	22.752775556805773	36.86486798787183	48.0202807528485	80.86525625893731	-0.0	92.10641882545164	67.84458410407319
121.37912791330362	6.724556358063304	121.32826517573434	22.76070940542	36.37106963547983	48.16370905375536	67.65830607719045	-0.0	92.0447362581625	67.53003373915719
121.25236441429372	6.746029806613845	121.22035995436961	22.76871718037592	35.96645081384453	48.30686537742564	53.66937108975569	-0.0	91.93294714294997	67.21752285275487
121.09306701404326	6.767450200894967	120.97866236566554	22.776782012815676	35.641646549405635	48.449668005966444	101.47126861330902	-0.0	91.77637202994188	66.90695219061313
120.78186233488346	6.788805971614288	120.78342040271879	22.784892067070647	35.359578126266854	48.59203981076192	-0.0	-0.0	91.59236491519309	66.59824945066661
120.45446006973702	6.810086086438424	120.47853906574073	22.79303687967322	35.15726721485541	48.733907242922825	-0.0	-0.0	91.37160286576085	66.29134989236998
120.11923895434428	6.831279778918553	120.1207832128989	22.801201758810674	35.03951650255877	48.87519852612369	-0.0	-0.0	91.10407091470034	65.98616691854201
119.26467872679963	6.852376463122659	119.73204086281021	22.809371770884447	35.01799158263544	49.01584308748439	-0.0	-0.0	90.78969001311522	65.68261312747919
117.35844877290894	6.873365415112991	119.64090217722605	22.817527650447413	35.01799158263544	49.15576943408661	-0.0	-0.0	90.42820050151781	65.38057882946826
114.3623388167829	6.894232563878082	119.02833156757343	22.82567072805944	35.01799158263544	49.294883759187215	-0.0	-0.0	90.10083657823102	65.08006310081858
110.33468404417974	6.9149705407430835	118.90837164362138	22.833799528687823	35.01799158263544	49.43313693828723	-0.0	-0.0	89.74609056920225	64.78105017079515
105.35390413688067	6.935582400489294	118.33480499405538	22.84191472109342	35.01799158263544	49.5705493365953	-0.0	-0.0	89.41735849493371	64.48353570775768
99.516976417272	6.956066225376049	118.17880788102087	22.850015983761434	35.01799158263544	49.707108169173665	-0.0	-0.0	89.06868491309456	64.18751011549409
92.93754766994418	6.97642186861665	117.6473818738635	22.858103136376503	35.01799158263544	49.84281245744433	-0.0	-0.0	88.73936472424288	63.89296466591523
85.74372140370748	6.996652585682053	117.45518940278697	22.866176480190795	35.01799158263544	49.97768390454702	-0.0	-0.0	88.3959856861232	63.59989313926384
78.07556363673848	7.016757048426901	116.96382590213877	22.87423540108447	35.01799158263544	50.11171365617934	-0.0	-0.0	88.06677073056093	63.30828459889198
70.08237576795774	7.036736337234175	116.7389896375723	22.88228049316755	35.01799158263544	50.2449089148945	-0.0	-0.0	87.72801074250252	63.01813446107974
61.919787632708605	7.056592521329237	116.28308811347456	22.89031096721411	35.01799158263544	50.377283475528245	-0.0	-0.0	87.39948213891915	62.72943094392437
53.74672734181288	7.076324743577534	116.03078565030674	22.898327510082975	35.01799158263544	50.50883162385023	-0.0	-0.0	87.06478079448632	62.44217004304084
45.72232690220213	7.095934512062574	115.60485120857696	22.906329309553715	35.01799158263544	50.639563413750494	-0.0	-0.0	86.73740522950578	62.1563399330691
38.00282386760705	7.115423048429004	115.33059208166625	22.914317031762955	35.01799158263544	50.76948698952669	-0.0	-0.0	86.40631419876014	61.87193658877648
30.738519345161336	7.134790038409437	114.9291786251262	22.922287595181157	35.01799158263544	50.89860025606291	-0.0	-0.0	86.08045288467306	61.6733702112786
24.070851586442185	7.154037024323604	114.6381559823224	22.930074865482982	35.01799158263544	51.026913495490696	-0.0	-0.0	85.75272559628111	62.38724158680241
18.12964214105451	7.173164731139804	114.25631702536032	22.937439166474906	35.01799158263544	51.15443154093202	-0.0	-0.0	85.42909031383432	63.56624104571803
13.030568190982645	7.1921733111763295	113.95306877102966	22.944267517145285	35.01799158263544	51.2811554078422	-0.0	-0.0	85.10515772273874	65.01790079183245
8.872910280142804	7.211064150633492	113.5866192432342	22.950486833726135	35.01799158263544	51.407094337556615	-0.0	-0.0	84.78450260958412	66.65310111459216
5.831461529978951	7.154722330928156	113.27487812099687	22.956049846480067	35.691816193797486	51.031482206187704	-0.0	287.58268386557154	84.46448460914442	68.40276764727898
3.936170268489847	7.0048634819755025	112.92040310081407	22.960930639889458	38.189975202616466	50.03242321317002	-0.0	437.9421489681639	84.14714158595878	70.19752278167272
3.082657489533148	6.876168528796611	112.6031625943161	22.965128058070043	41.31803742073102	49.17445685864407	-0.0	486.9234436274006	83.83099620650611	71.95762291743819
3.1766172871714518	6.77208695517006	112.25798772900667	22.968668724197645	44.53234574342903	48.480579701133735	-0.0	474.04309324144043	83.51707108477908	73.59097915688237
3.3318948560918824	6.680807364210307	111.93753950221235	22.971603203743342	47.637897121837646	47.87204909473538	-0.0	457.50085437887606	83.20460802804642	75.05937210717632
3.4816810789786192	6.594492906503303	111.59959671623596	22.973985118820053	50.633621579572385	47.29661937668869	-0.0	441.07906232363007	82.89399457800101	76.36562033975937
3.626003926649836	6.512256359395174	111.27767039445318	22.97586733908526	53.52007853299671	46.74837572930116	-0.0	424.7243541952635	82.5849341878416	77.51349328716026
3.7648850700454517	6.433988285976833	110.94542845924984	22.977301065765676	56.297701400909034	46.22658857317889	-0.0	408.4347573306064	82.27745998223807	78.50715897772672
3.898346826751031	6.359658872591045	110.62328764163377	22.978336356205585	58.966936535020615	45.73105915060697	-0.0	392.21423082927635	81.97154492721319	79.35129794982197
4.02641304244332	6.289244886423693	110.29563879886403	22.979021363815267	61.528260848866395	45.26163257615795	-0.0	376.0678000690478	81.6670305248341	80.05124721732915
4.149109350063652	6.22272267754361	109.97416671447539	22.979402578608052	63.98218700127303	44.81815118362407	-0.0	360.001156897443	81.36403186455264	80.61319880157399
4.266463391990959	6.1600669106548605	109.65032269989076	22.97952410166595	66.32926783981917	44.400446071032405	-0.0	344.0206678624031	81.06230054041515	81.04445652217012
4.378505057121434	6.101250268050969	109.3301351926611	22.979427574385102	68.57010114242868	44.008335120339794	-0.0	328.1334723600991	80.7620151249915	81.35376962561139
4.485266765476913	6.04624348456673	109.00954592891301	22.97915136097467	70.70533530953827	43.64162323044487	-0.0	312.34763476471784	80.46290095141816	81.5517250340168
4.586783798352775	5.995014724626878	108.69104957040008	22.978730124099318	72.73567596705549	43.30009816417919	-0.0	296.6722651211796	80.16515500683991	81.651131878376
4.6830946741877035	5.947529523716874	108.3733571692812	22.978193870266267	74.66189348375406	42.983530158112494	-0.0	281.1177299559264	79.86851178368747	81.66718836831672
4.774241605101455	5.903750366845383	108.05683020074642	22.977567382368964	76.48483210202909	42.691669112302556	-0.0	265.6958742792133	79.57316675315666	81.61705319645543
4.860271030969756	5.863635899362049	107.74174456234103	22.97686965203949	78.20542061939511	42.42423932908033	-0.0	250.42025531996876	79.27888411618603	81.51844349939404
4.941234246332517	5.827140612341015	107.42736899368467	22.97611415048475	79.82468492665032	42.18093741560677	-0.0	235.30649773334173	78.98584322024195	81.38746326961902
5.0171881611873195	5.794214006262936	107.1147517583073	22.975309598312695	81.34376322374638	41.96142670841957	-0.0	220.37267370803042	78.69384857698857	81.23673083685695
5.088196188855986	5.764800255474843	106.80258610555694	22.974461301021904	82.76392377711971	41.76533503649895	-0.0	205.63986521022275	78.40305823344842	81.07482410373096
5.15432933136649	5.738837117142199	106.49233564044246	22.973572323312712	84.08658662732981	41.59224744761466	-0.0	191.1327722055582	78.11331043201521	80.90694820282006
5.215667534512752	5.716253101858253	106.18244756644985	22.9726444542495	85.31335069025504	41.44168734572169	-0.0	176.88017966717987	77.82473983266061	80.73602474853381
5.2723011866243406	5.696969240885248	105.87450068461035	22.971678757647123	86.44602373248681	41.31312827256832	-0.0	162.9164000072022	77.53721322717915	80.56361655415347
5.324333125671973	5.680893995334905	105.56689713863955	22.970675933032105	87.48666251343946	41.20595996889937	-0.0	149.2817951189404	77.25084227015914	80.3905372848478
5.371880890467124	5.667923623612814	105.26121300025581	22.969636476865855	88.43761780934247	41.119490824085425	-0.0	136.02452286850934	76.96551644709386	80.21720422571809
5.415079526722725	5.65793844524237	104.95588408563759	22.968560791283792	89.3015905344545	41.052922968282466	-0.0	123.20179547181029	76.68132805527364	80.04382984657865
5.454084859407938	5.65080061097982	104.65244696136045	22.967449222907565	90.08169718815876	41.005337406532135	-0.0	110.88162369501379	76.39818360499353	79.87052203130503
5.4890774625737775	5.646346845811901	104.34937730480058	22.9663020936817	90.78154925147555	40.97564563874601	-0.0	99.14301010350003	76.11616122063272	79.697335674347
5.5202663319124845	5.64439604333169	104.04816121591077	22.96511971030754	91.40532663824969	40.962640288877935	-0.0	88.08011673300807	75.83518056434738	79.52429891183984
5.547893625892712	5.644733962759278	103.74731713204017	22.963902370916145	91.95787251785424	40.96489308506185	-0.0	77.7979501925364	75.55530803048215	79.35142641913066
5.572238609689418	5.647106023995823	103.44836198804504	22.96265037050925	92.44477219378835	40.98070682663882	-0.0	68.40477610628032	75.27647177562572	79.17872611546358
5.593616856290007	5.6512533514983	103.14972389521603	22.961363997501802	92.87233712580013	41.008355676655334	-0.0	60.01900491109748	74.9987320731898	79.00620250711253
5.612380226147822	5.656876085687368	102.85296383684997	22.960043542354487	93.24760452295644	41.04584057124912	-0.0	52.735104259132804	74.72202482633386	78.83385842184084
5.628907263854599	5.663661465346596	102.5565053234635	22.958689287638798	93.57814527709199	41.09107643564398	-0.0	46.606196940426294	74.44640178829177	78.66169580026815
5.643585359035996	5.671320627785042	102.26193563206763	22.957301520922826	93.87170718071992	41.14213751856695	-0.0	41.63477268840762	74.17180619679591	78.4897161866364
5.656790192572285	5.679590070946899	101.96768712429143	22.9558805199415	94.1358038514457	41.197267139645994	-0.0	37.74907149074493	73.898281183729	78.31792086195271
5.668862168914308	5.688257339106429	101.67526514773878	22.954426569686557	94.37724337828617	41.255048927376194	-0.0	34.816635923184336	73.6257815624148	78.14631103904959
5.680090705318018	5.697156239213718	101.38318572974549	22.95293994355306	94.60181410636035	41.31437492809145	-0.0	32.65877934769202	73.35433983343933	77.97488781631624
5.690704932341703	5.706180959589422	101.09288571049164	22.9514209237914	94.81409864683405	41.37453973059615	-0.0	31.1006704587289	73.08391938309953	77.80365231067053
5.700877426381861	5.715263521395138	100.80301138775826	22.949869779839517	95.0175485276372	41.43509014263425	-0.0	29.985512140529273	72.81454189813329	77.63260555672228
5.7107331475148895	5.7243588018467415	100.51480767957703	22.948286791116985	95.2146629502978	41.49572534564494	-0.0	29.182244528835543	72.54618444342151	77.46174863350866
5.720359210312746	5.733441054534906	100.22710003464715	22.94667222338762	95.40718420625491	41.556273696899375	-0.0	28.593972509691948	72.27885715661026	77.29108254293843
5.7298150854474335	5.742495062454207	99.94095407113419	22.94502635283491	95.59630170894866	41.616633749694714	-0.0	28.151350996414887	72.01254680639384	77.12060833815174
5.739140741084408	5.751511807798997	99.65544679140335	22.94334944186503	95.78281482168815	41.67674538532665	-0.0	27.806324274557262	71.74725038699174	76.95032699672736
5.7483628341734345	5.760485437081972	99.37133115769005	22.941641763560146	95.96725668346869	41.73656958054648	-0.0	27.525673139517703	71.48297184475425	76.78023955049602
5.757498946489911	5.769412745902686	99.08798310495668	22.939903577054828	96.14997892979822	41.796084972684575	-0.0	27.287588081368295	71.21969300358506	76.61034695533364
5.766560682811779	5.77829176902252	98.80589311473115	22.938135151834256	96.33121365623558	41.85527846015013	-0.0	27.077534750625063	70.95742849109023	76.44065021973377
5.775555693096844	5.787121418974455	98.5247179146705	22.936336744331836	96.51111386193688	41.91414279316304	-0.0	26.886016204538603	70.69614986711609	76.27115028130108
5.784489044771639	5.795901113686612	98.2446054639701	22.93450862019599	96.68978089543278	41.97267409124408	-0.0	26.706821360578065	70.4358844433075	76.1018481242786
5.793364122485499	5.804630592201516	97.96556140461209	22.932651033512908	96.86728244970996	42.03087061467677	-0.0	26.535906942312607	70.17659244731398	75.93274467005637
5.802183216493151	5.813309804610381	97.68740953406964	22.930764245787532	97.043664329863	42.088732030735876	-0.0	26.37066091941767	69.9183104025022	75.7638408772586
5.810947916024503	5.821938780167609	97.41057928494293	22.928848509017747	97.21895832049005	42.14625853445073	-0.0	26.20933057031648	69.66098508896708	75.59513765260007
5.819659339282212	5.830517731957716	97.13434707986214	22.92690408020523	97.39318678564423	42.20345154638478	-0.0	26.050902906022724	69.40467060121932	75.42663592706197
5.828318320123309	5.83904684228122	96.85960442268775	22.924931209808523	97.56636640246616	42.260312281874796	-0.0	25.894644907189523	69.14930217294976	75.25833659547706
5.836925498816227	5.847526350373748	96.58531476752866	22.92293015014554	97.73850997632454	42.31684233582499	-0.0	25.740109213929948	68.89493801085688	75.09024056070042
5.845481398309923	5.8559564766503245	96.31273196707033	22.920901150342928	97.90962796619846	42.37304317766883	-0.0	25.586957542370694	68.64150814323581	74.92234870690594
5.853986452643796	5.864337522562565	96.04036458026617	22.918844457578167	98.07972905287592	42.42891681708377	-0.0	25.435051993715962	68.38907841854157	74.75466190627682
5.862441051080202	5.872669750274694	95.76980463711408	22.91676031991296	98.24882102160403	42.484465001831296	-0.0	25.284257941568367	68.13757662387265	74.58718103377007
5.870845548272748	5.880953434864506	95.49942409564396	22.914648979882397	98.41691096545496	42.539689565763375	-0.0	25.134496453775782	67.88706360857091	74.41990693358673
5.87920027907526	5.889188837322014	95.23086452503453	22.912510683767064	98.58400558150518	42.59459224881343	-0.0	24.985693715047326	67.63747394038978	74.25284046801922
5.8875055600989255	5.89737624659274	94.9624776282771	22.910345670089388	98.7501112019785	42.649174977284936	-0.0	24.83783214903093	67.38886203047379	74.08598245669978
5.895761699162073	5.905515942983882	94.69586242731579	22.908154183077446	98.91523398324146	42.70343961989255	-0.0	24.69089384495958	67.14117162254543	73.91933374751906
5.903968998723538	5.913608194604724	94.4294534856787	22.905936457333503	99.07937997447077	42.757387964031494	-0.0	24.54485165109209	66.89444591904643	73.75289513618681
5.9121277565776715	5.921653266958707	94.16479041346966	22.90369273498614	99.24255513155343	42.81102177972471	-0.0	24.399680301485535	66.64863810082623	73.58666745644844
5.920238265371351	5.929651433257406	93.90037713080537	22.90142324693346	99.40476530742701	42.86434288838271	-0.0	24.255370392521748	66.40378221530811	73.42065148121618
5.928300809295367	5.937603002991801	93.63761020872168	22.89912823324982	99.56601618590733	42.91735335327867	-0.0	24.11197018136677	66.15984521347751	73.2548480296625
5.936315682151957	5.94550819974356	93.37514425620033	22.896807920915226	99.72631364303912	42.97005466495707	-0.0	23.969404445567427	65.9168460395228	73.08925785134396
5.944283168260037	5.953367295897165	93.11426569108414	22.8944625478629	99.88566336520074	43.02244863931443	-0.0	23.8276725116082	65.67476286433161	72.9238817513126
5.952203546566874	5.961180585408333	92.85380366236699	22.89209233795398	100.04407093133747	43.074537236055555	-0.0	23.686809147522816	65.43360404680558	72.75872045888484
5.9600893994510935	5.969387007852051	92.59477387897594	22.889697800791474	100.20178798902187	43.12574751174453	-0.0	24.106026737308454	65.19336079373412	72.57914907064865
5.96935481969393	5.985685663506622	92.33627248615416	22.887342304278903	100.38709639387858	43.11012971158874	-0.0	31.948047487965287	64.95399261250614	71.95027121446668
5.981345481412472	6.006756569638931	92.07907438084061	22.885206465302385	100.62690962824944	42.9566238450897	-0.0	39.85213939243028	64.71534907533258	70.76875184851542
5.995792070511212	6.030614989119869	91.82254847665388	22.88345277774851	100.91584141022423	42.67360707178332	-0.0	46.65224981757098	64.47726621326326	69.14341086860685
6.012311382525148	6.055836959094247	91.56717578439311	22.882204756126974	101.24622765050295	42.28361826227539	-0.0	52.15696056681873	64.23962970176923	67.2087344673952
6.0304454911848815	6.081277227402606	91.31258786448156	22.88153747803264	101.60890982369763	41.81750284587202	-0.0	56.36473643695843	64.00232456357081	65.12582300818536
6.049728152586199	6.105430021721196	91.05901771221794	22.881471298823236	101.99456305172397	41.3062380288094	-0.0	59.00310857011946	63.76535861159293	63.06705813652735
6.069637289605995	6.127526323259766	90.80641964865714	22.88197109255971	102.3927457921199	40.78423332474723	-0.0	60.15034998535479	63.528710159660214	61.19818728874221
6.089661075728099	6.146731380017651	90.55464678641867	22.882951219143152	102.79322151456198	40.281624628382495	-0.0	59.723479621477274	63.292494423489	59.66167715931139
6.109271833999717	6.162715000049968	90.3039781447662	22.884285340952516	103.18543667999434	39.826181274652036	-0.0	57.79444504570242	63.05676834461275	58.56366106460058
6.127981689336598	6.1749228976705	90.05400499484772	22.88581971833422	103.55963378673195	39.43840820440824	-0.0	54.164799647639285	62.82171670929803	57.965891813948076
6.145260022610974	6.18370334711749	89.80527834016993	22.887388209965344	103.90520045221947	39.13811981266858	-0.0	49.01742324579335	62.587443976155846	57.88313142457471
6.160541354536297	6.189732291434265	89.55711651234016	22.888827321521433	104.21082709072593	38.94145083048831	-0.0	42.71338848795599	62.35414412933888	58.285393502862824
6.1736341654215945	6.191316519694074	89.31026103989886	22.88998991349176	104.47268330843188	38.8465152033994	-0.0	33.243753428726606	62.12191724377343	59.10341384993862
6.183052248836672	6.192651248823234	89.06394215585267	22.890756999146557	104.66104497673344	38.87990977276267	-0.0	24.493621601553677	61.890916032299806	60.23431463915656
6.20662395334017	6.1926159658091136	88.81891084893327	22.89104860807806	104.78334801999183	39.0347520312356	-0.0	-0.0	61.66118062616694	61.54007770238299
6.817158124905105	6.193500441361243	88.5744337029948	22.89086049443	104.78178194648909	39.31946920617096	-0.0	-0.0	61.43276826537491	62.60753808982526
8.297184025732117	6.184928324397119	88.33120215976788	22.890258037399526	104.78178194648909	39.66648656754718	-0.0	-0.0	61.20557772806999	63.81154274906197
10.639410160355878	6.172953205068627	88.08852794558865	22.889120673144724	104.78178194648909	40.095275391575555	-0.0	-0.0	60.97971703418104	65.42772417527573
13.832421654661916	6.158979070114283	87.8470948848327	22.88733143635682	104.78178194648909	40.594115999885695	-0.0	-0.0	60.755260554610736	67.35004351146473
17.86065731935484	6.144252368477182	87.60619136746125	22.884811154413512	104.78178194648909	41.14490336549774	-0.0	-0.0	60.53231287247084	69.45346447883423
22.704485487647165	6.130149580418909	87.36655237250814	22.881523453565826	104.78178194648909	41.72489811240862	-0.0	-0.0	60.3108917181157	71.60105654195378
28.340299690481174	6.118298609685918	87.12738622262565	22.877477525793562	104.78178194648909	42.308263736754384	-0.0	-0.0	60.09102369476433	73.65075357055625
34.74063370300913	6.110350955673082	86.88950070139079	22.87272863411818	104.78178194648909	42.86633971775936	-0.0	-0.0	59.87262847378568	75.46252848047511
41.87429540165106	6.107664559938429	86.65206651927258	22.867376234504356	104.78178194648909	43.368165158029186	-0.0	-0.0	59.65563150423201	76.90572476084724
49.706518779375635	6.111585886235926	86.41588883456069	22.861559743836967	104.78178194648909	43.78568334958497	-0.0	-0.0	59.43990214546667	77.86624837204398
58.199133378358184	6.122838077257572	86.18021674279413	22.855452026715806	104.78178194648909	44.09361290305763	-0.0	-0.0	59.22529106456135	78.25327728892168
67.31075031426869	6.1412708393969995	85.94568149561275	22.849250541378137	104.78178194648909	44.27513892931333	-0.0	-0.0	59.011602022679725	78.0187140439115
76.99696398563262	6.155942523481265	85.71175786887834	22.84310562367072	104.78178194648909	44.37295015654177	-0.0	-0.0	58.79868044637231	77.57684331595823
87.11072599940276	6.169112428749666	86.93081500774068	22.837034853612952	104.66158982537772	44.46074952499777	127.2477475226478	-0.0	58.58681739153813	77.13768172367529
95.99658487066813	6.182804390503123	93.09405757856055	22.8310811655092	102.74131040230675	44.552029270020824	511.1041540524613	-0.0	58.874885621074164	76.7014407650866
101.86685401981727	6.1972783533599936	93.10891821787288	22.825654757918088	97.91062304369125	44.64852235573329	887.8142948697067	-0.0	61.03660163062475	76.27025947447619
105.34336994620122	6.21256712539916	95.0255167767434	22.821287641421044	91.61376180519582	44.75044750266107	963.6424571651064	-0.0	64.28907725940903	75.84690334967202
107.65851756795927	6.228658145269168	98.16942196668012	22.818139079063737	85.29831559134776	44.857720968461116	924.1312699585071	-0.0	67.60667700413076	75.43216655427834
109.23238459237255	6.245519155751934	101.06057813557736	22.8161756681976	79.34591626855998	44.97012770501289	857.5911503225575	-0.0	70.73730962332195	75.0258283153411
110.32219500451214	6.263104234164293	103.67678265972323	22.815318228138096	73.90074697729227	45.087361561095285	773.3609189964293	-0.0	73.58986818419325	74.62742882572027
111.17252442069467	6.28135716941866	106.00232217108918	22.81546355454791	69.04635429451665	45.2090477961244	682.1423623148578	-0.0	76.10807399555185	74.2363846099254
111.96173065376983	6.300214582802659	108.03592586405874	22.816497007428158	64.79612836320628	45.33476388535106	594.4093127416481	-0.0	78.27637186085751	73.85205525702226
112.77437477600549	6.319609165188765	109.82444584663676	22.81830503116264	61.102517486271395	45.46406110125843	515.2607142439497	-0.0	80.11408622282592	73.47380943706364
113.61937994968302	6.339472988628962	111.36300707192767	22.820784929414987	57.88632442384527	45.59648659085975	450.6368371515824	-0.0	81.6653630936017	73.10107615687852
114.44858501767129	6.359740663590515	112.67954706432614	22.823850402309773	55.05589988645212	45.73160442393677	399.01555834461305	-0.0	82.98314450974355	72.73337349828198
115.2121969225223	6.38035199351944	113.78954720724782	22.827431878015027	52.53631528400454	45.8690132901296	357.8246419333116	-0.0	84.11424622249248	72.37030987947453
115.883810569033	6.401253747260696	114.73654755776177	22.831472843844473	50.276270957507684	46.008358315071305	321.331092511153	-0.0	85.09089798423007	72.011564315209
116.46817586896242	6.422400283599075	115.54552841031557	22.83592510411517	48.24588861747037	46.14933522399384	288.16361893586856	-0.0	85.93235540654985	71.65686115432268
116.9788971736008	6.443753026833378	116.23133295540497	22.840745628667477	46.423417291994355	46.29168684555586	259.385388250042	-0.0	86.65181982578073	71.30595330388681
117.41782650194827	6.4652791188057925	116.8233935538116	22.84589554946243	44.7859850089107	46.43519412537195	231.29843348431993	-0.0	87.26168877804969	70.95861681605811
117.79113666720896	6.486949796812142	117.29799743108877	22.851340106209676	43.31574356149983	46.57966531208095	210.67161947167142	-0.0	87.77419105080776	70.614650481568
118.09081963860143	6.508739036809183	117.7050901446714	22.857048319200796	41.99254948711979	46.72492691206122	186.32137411929583	-0.0	88.19970470249812	70.27387399164664
118.3309079176669	6.530622762759741	118.01530938728781	22.862992234896797	40.80661724309865	46.87081841839827	168.53447046262738	-0.0	88.54618445188386	69.93612386768434
118.51044627656239	6.552578599029128	118.26471129293503	22.869146269011242	39.74475230923877	47.01719066019419	148.7149909271497	-0.0	88.82015166051863	69.60124992527764
118.63539692652546	6.5745859117428385	118.44589756482344	22.875486916084487	38.79786309504277	47.16390607828559	130.59457321489938	-0.0	89.02765031745284	69.26911368061705
118.70992857958166	6.5966258462280924	118.55296267650068	22.88199259557586	37.9576888942561	47.31083897485395	118.85676790695422	-0.0	89.17418527521386	68.939587481072
118.72967136757455	6.618681195712621	118.60831244729262	22.88864349107255	37.21461818629306	47.45787463808414	104.50982166942084	-0.0	89.26476771550328	68.61255360436715
118.70074779201573	6.640736116945223	118.61074154471787	22.895421224021714	36.56352364959279	47.60490744630149	90.00312359472764	-0.0	89.30297438875041	68.28790249294487
118.62915370073739	6.662775820481609	118.56334600777615	22.902308482194528	36.00016906419535	47.751838803210724	76.95903044160517	-0.0	89.29157205307541	67.96553076136613
118.54597483280739	6.684786355328537	118.32493673599332	22.90928882851946	35.52854392185532	47.89857570219025	141.04406656526277	-0.0	89.23385640346525	67.64534016113416
118.4001374103303	6.706754517548349	118.2996414755137	22.916346879472833	35.12924646575566	48.045030116989	95.1032814023502	-0.0	89.12810196425269	67.32723848687375
118.23771798988666	6.728667824703597	118.13671657064471	22.923465206332647	34.812286475132346	48.191118831357315	95.34216135464831	-0.0	88.97506268341368	67.01112328235028
117.93679637872911	6.7505144743645955	117.94352187695155	22.93063191450609	34.53982569612464	48.336763162430636	-0.0	-0.0	88.79641262332892	66.696921696629
117.61460508770172	6.77228320812424	117.63645798251063	22.93783736414632	34.34361519187839	48.4818880541616	-0.0	-0.0	88.58357363999056	66.3845730732531
117.28270516792178	6.793962901236631	117.31759419829113	22.945067338330205	34.230505679194124	48.62641934157754	-0.0	-0.0	88.32405963334439	66.07399304477735
116.4485121140432	6.815542869590913	116.97180534983734	22.952305986395103	34.217499587144715	48.770285797272756	-0.0	-0.0	88.01347390933645	65.76508911841582
114.56000286743607	6.8370127259592035	116.77499269407515	22.959535295695158	34.217499587144715	48.91341817306136	-0.0	-0.0	87.66746408821741	65.45775794828143
111.60843538264083	6.85836001132791	116.27450761695658	22.96675754244258	34.217499587144715	49.05573340885274	-0.0	-0.0	87.3476073885298	65.15200327787528
107.65127758975011	6.879575916465888	116.07831227403264	22.97397040677555	34.217499587144715	49.19717277643925	-0.0	-0.0	87.00684525014606	64.84780461068077
102.76557657258587	6.9006619746624756	115.59021734415742	22.981175314271578	34.217499587144715	49.33774649774984	-0.0	-0.0	86.68674649245254	64.54516129772091
97.04645843819267	6.92161788827696	115.38153715045867	22.98837116047698	34.217499587144715	49.47745258851307	-0.0	-0.0	86.35093781750241	64.24405934296726
90.60527618216744	6.9424425767035265	114.91458990873734	22.995558433955704	34.217499587144715	49.61628384469018	-0.0	-0.0	86.03102154925642	63.9444932468795
83.56744161146025	6.963138961308907	114.68796071237874	23.002736756988856	34.217499587144715	49.75425974205938	-0.0	-0.0	85.69969969747955	63.64645293865872
76.06998353777745	6.983706805687016	114.2450126692891	23.009906072955076	34.217499587144715	49.89137870458011	-0.0	-0.0	85.38039102270692	63.34993013141552
68.25887978431643	7.004146316240052	113.9995021097732	23.017066412160112	34.217499587144715	50.02764210826702	-0.0	-0.0	85.05311049847701	63.05491699907344
60.28621495248391	7.024459702783232	113.58001114921584	23.024217429722075	34.217499587144715	50.16306468522155	-0.0	-0.0	84.73479703754109	62.7614038204066
52.30721928775714	7.044646683194957	113.31714000904446	23.031359358676475	34.217499587144715	50.297644554633045	-0.0	-0.0	84.41116446636013	62.46938393073798
44.4772462988842	7.064708089890759	112.9188753215917	23.038491727673264	34.217499587144715	50.4313872659384	-0.0	-0.0	84.09417206626371	62.17884702655079
36.948747977110294	7.084645474734543	112.64129254595557	23.045614846507217	34.217499587144715	50.564303164896955	-0.0	-0.0	83.77385740661325	61.889786939058425
29.868306508845414	7.104458741671481	112.2612817328625	23.052726035385202	34.217499587144715	50.696391611143206	-0.0	-0.0	83.45845112184118	61.683646591605296
23.373780275244368	7.1241489928590305	111.97198833816842	23.059658319340564	34.217499587144715	50.82765995239354	-0.0	-0.0	83.14128989080093	62.40146074276116
17.59161970696813	7.14371730604286	111.60724107152262	23.066169054349334	34.217499587144715	50.958115373619066	-0.0	-0.0	82.82811767018826	63.588964678369805
12.634405255262864	7.163163844446727	111.30912575873269	23.072143955321764	34.217499587144715	51.08775896297818	-0.0	-0.0	82.51460218572808	65.05157317615834
8.598655415820206	7.182489758203347	110.9568248288075	23.077509489087564	34.217499587144715	51.21659838802231	-0.0	-0.0	82.20438244810798	66.69895347266115
5.672622582650702	7.115479797503838	110.6524451598595	23.08221801021955	35.01591608466924	50.769865316692254	-0.0	300.2974790575521	81.89467069088239	68.46103942527046
3.84680399351246	6.968313544332463	110.31019545334675	23.086243772490764	37.5620796290634	49.78875696221642	-0.0	441.6948572558324	81.58770954036328	70.26751199393337
3.0408280400863483	6.841371551676914	110.00171381305209	23.089585906765073	40.702951293892305	48.94247701117943	-0.0	487.37456793970114	81.28178134733415	72.0376224680473
3.145828946370754	6.738409551698715	109.66749689182429	23.09227177089884	43.91657892741508	48.256063677991435	-0.0	473.85260137831636	80.97816851308048	73.67897305825838
3.3010489814216792	6.647671977237612	109.35663632725205	23.094352215862596	47.02097962843358	47.651146514917414	-0.0	457.3444404805811	80.67584448285399	75.15505319120473
3.450788063606539	6.5618152824889195	109.02888048003246	23.09588095877374	50.015761272130774	47.07876854992613	-0.0	440.95260650113954	80.37546307675079	76.46881586989036
3.595073773417174	6.48001863661859	108.71699623577368	23.096910877531542	52.90147546834348	46.53345757745727	-0.0	424.6281360791916	80.07646995514025	77.62400328229432
3.7339279867065915	6.402179208168182	108.39445324043069	23.09749326288983	55.67855973413183	46.014528054454544	-0.0	408.36956466092005	79.77914397721267	78.62474893649939
3.8673733029800763	6.328267715536684	108.08256365085946	23.097678218127783	58.34746605960152	45.521784770244565	-0.0	392.1809541331501	79.48322750666965	79.4756882471526
3.995433875934192	6.258260809127325	107.7643458487575	23.097514003671158	60.90867751868384	45.055072060848836	-0.0	376.0673919985231	79.18877602809575	80.18209936866458
4.118135664604223	6.192134550009615	107.4531617844633	23.097047204352094	63.36271329208445	44.61423033339744	-0.0	360.0346238042072	78.89570856794228	80.75009633618676
4.235506657259132	6.1298633754740655	107.13860172173878	23.09632207152343	65.71013314518262	44.199089169827104	-0.0	344.08907987385095	78.60395468151002	81.1868797564986
4.347577111065384	6.071419711692356	106.82865069240908	23.095380416140145	67.95154222130766	43.80946474461571	-0.0	328.2379663280678	78.31353291679396	81.50106286443331
4.454379835577605	6.016773967394412	106.51727577500056	23.094260836218506	70.0875967115521	43.44515978262942	-0.0	312.4894130023455	78.0243108638889	81.70305830747667
4.555950525906049	5.965894001392667	106.2089050192814	23.092998281544244	72.11901051812097	43.105960009284445	-0.0	296.8526018378711	77.73636043160197	81.80546591835062
4.652328138005682	5.918745086969214	105.90039280177237	23.091623121923792	74.04656276011364	42.791633913128095	-0.0	281.3379805682495	77.44952496453892	81.82326694729741
4.743555347442221	5.875289294332462	105.59385782345814	23.090160563970564	75.87110694884441	42.50192862888308	-0.0	265.9574621638581	77.16390443252473	81.77346214882962
4.8296790810547	5.835484999610861	105.28794458587996	23.088630052959363	77.593581621094	42.236566664072406	-0.0	250.7246894698646	76.87934579155129	81.67376169446776
4.9107511500234455	5.799286104989676	104.98340575851985	23.08704548427868	79.21502300046892	41.99524069993117	-0.0	235.65533027154171	76.5959565818115	81.54045930219277
4.986828995954287	5.76664184476733	104.67996240637444	23.08541591498492	80.73657991908573	41.777612298448865	-0.0	220.76753169525443	76.31360174580027	81.3864941342502
5.05797657148728	5.737496546472726	104.37750027062867	23.083746880461547	82.1595314297456	41.583310309818174	-0.0	206.08250395555265	76.03238805426867	81.22077132591464
5.124265472366441	5.711786217483957	104.07639851974795	23.082041577526347	83.48530944732882	41.411908116559715	-0.0	191.62475458521723	75.75219753358415	81.0487475029594
5.185776173062967	5.689440280411561	103.77607464404912	23.080301863302427	84.71552346125934	41.26293520274374	-0.0	177.42324173931414	75.47312783996463	80.87350599857525
5.242599610171198	5.670378997542864	103.47725338004928	23.078528825644117	85.85199220342396	41.13585998361909	-0.0	163.51211487449208	75.19507665449095	80.69670388604811
5.294839134982813	5.654509833805373	103.17908894242889	23.076723168399944	86.89678269965626	41.03006555870249	-0.0	149.93137989230277	74.9181304435895	80.51920651994887
5.342612615242394	5.641730809615483	102.88251452617604	23.07488537649312	87.85225230484788	40.94487206410322	-0.0	136.72924759654782	74.6421987010049	80.34145853289124
5.386055392470378	5.631920589175757	102.58650523017664	23.073015837450658	88.72110784940755	40.87947059450505	-0.0	123.96198931158779	74.3673592005762	80.16368666090335
5.425323364894963	5.62493970604652	102.29213521282965	23.071114876594798	89.50646729789925	40.83293137364347	-0.0	111.69611148993658	74.093529651945	79.98600604061642
5.460596430734708	5.620632188287016	101.99828395673046	23.06918279614555	90.21192861469416	40.80421458858011	-0.0	100.01117361084826	73.82077963510415	79.80847521398528
5.492082779260087	5.618814750273936	101.7061345139413	23.06721987933281	90.84165558520172	40.79209833515957	-0.0	88.99858531665308	73.54903399110074	79.63112409166888
5.52002359152269	5.619262243191414	101.41432980462234	23.065226402858315	91.40047183045378	40.79508162127609	-0.0	78.75541714253853	73.278360516664	79.45396816839542
5.544693865303832	5.621750346458142	101.12438580996555	23.063202638483975	91.89387730607663	40.811668976387615	-0.0	69.39762295744985	73.008682548431	79.27701568176843
5.5664064165915885	5.626004822883089	100.8347124911688	23.061148852630854	92.32812833183176	40.840032152553924	-0.0	61.03196206266653	72.74006573475178	79.10027121702704
5.585508265497061	5.631728339459806	100.54693437822573	23.059065312776333	92.7101653099412	40.87818892973204	-0.0	53.74713594854683	72.47243946971084	78.92373754660642
5.6023709306200695	5.63862690109335	100.25936987167017	23.056952279401507	93.04741861240139	40.92417934062233	-0.0	47.60250155800645	72.20586357798992	78.74741649682595
5.617376133637975	5.646409870071195	99.97369068219794	23.054810017420092	93.3475226727595	40.976065800474636	-0.0	42.598222111682865	71.94027486048691	78.57130946219017
5.6308942252841705	5.654817792505743	99.68824719626795	23.0526387826068	93.6178845056834	41.032118616704956	-0.0	38.66811284958572	71.6757228362034	78.3954175615421
5.643263272373003	5.663630313340219	99.40466667975319	23.050438837525107	93.86526544746006	41.09086875560146	-0.0	35.67828555930032	71.41215410571644	78.21974183547741
5.654770451297443	5.672690357323943	99.12134539424684	23.04821043386071	94.09540902594885	41.151269048826286	-0.0	33.466313311392014	71.14960974052171	78.04428320949818
5.665645816656695	5.681888663353488	98.83980253948539	23.045953831715636	94.3129163331339	41.212591089023256	-0.0	31.861856796953997	70.88804739039283	77.86904262374631
5.6760646912413435	5.69114908052611	98.55858324200372	23.043669278925712	94.52129382482687	41.2743272035074	-0.0	30.704630437409268	70.62749555363352	77.69402093872277
5.68615425529121	5.700426832158504	98.27907890142286	23.04135703292717	94.7230851058242	41.336178881056696	-0.0	29.86697263208815	70.36792193020405	77.51921905672445
5.696004048023474	5.709694994864024	97.99998415456227	23.039017338155574	94.92008096046949	41.39796663242683	-0.0	29.25207988390473	70.10934540291973	77.34463780646959
5.705675763699754	5.718936755974854	97.72246471758133	23.036650449198888	95.11351527399508	41.45957837316569	-0.0	28.789095456330386	69.85174701069576	77.17027806666823
5.7152112251634986	5.72814162530222	97.44545502762975	23.034256607153228	95.30422450326996	41.52094416868147	-0.0	28.42797932794507	69.59513162671007	76.99614064280745
5.72463841070088	5.737303525648763	97.16992877702478	23.031836063671825	95.4927682140176	41.582023504325086	-0.0	28.134848217871276	69.33949101773614	76.82222639372488
5.73397592727619	5.746418875578982	96.8950250348758	23.029389056787775	95.6795185455238	41.64279250385988	-0.0	27.886991033894184	69.08481963379063	76.64853610448917
5.74323614244881	5.755485371612334	96.62142567164106	23.026915835118487	95.86472284897619	41.70323581074889	-0.0	27.66905894171811	68.83112401592915	76.47507061451036
5.752427244406795	5.76450178204815	96.34861766762333	23.024416633854248	96.0485448881359	41.76334521365433	-0.0	27.471050263589632	68.57838233356311	76.30183069051218
5.761554691800927	5.77346737011351	96.07696550969057	23.02189169812396	96.23109383601854	41.82311580075673	-0.0	27.28630415678199	68.32661357717356	76.12881715023576
5.7706221345574304	5.782381851382232	95.80629450171872	23.019341260771807	96.4124426911486	41.88254567588155	-0.0	27.1105570129076	68.07578357874553	75.95603074478048
5.779632066664657	5.791245036232404	95.53640328455538	23.016765563139487	96.59264133329314	41.941633574882694	-0.0	26.94087225729998	67.82593388161564	75.78347226897085
5.788586193124004	5.800057058786375	95.26787240586953	23.01416483641908	96.77172386248009	42.00038039190917	-0.0	26.775531813544717	67.57700181502237	75.61114246192747
5.7974857387788346	5.808818019699111	94.99990133996123	23.01153931741315	96.94971477557668	42.058786797994074	-0.0	26.613296630017388	67.32904731933864	75.43904209135036
5.806331601714487	5.8175281055101	94.73339303100975	23.008889235820146	97.12663203428974	42.116854036734	-0.0	26.45338328505014	67.08200206416488	75.26717188580474
5.81512446900337	5.826187551686207	94.46731661485842	23.006214824258848	97.3024893800674	42.174583677908046	-0.0	26.295297444168394	66.83592813491568	75.09553258782722
5.82386489142352	5.834796621554085	94.20280282171422	23.00351631096957	97.4772978284704	42.231977477027236	-0.0	26.138728606424632	66.59075635861444	74.92412491522666
5.83255333334809	5.8433555784983255	93.93860929893401	23.000793924101977	97.6510666669618	42.28903718998884	-0.0	25.983462469226463	66.34654765031166	74.75294958415977
5.8411902053961064	5.851864668603882	93.67615303123765	22.99804789089286	97.82380410792211	42.345764457359216	-0.0	25.82932346163947	66.1032321894708	74.5820073043555
5.84977587289218	5.860324200957874	93.41381679094401	22.995278434531354	97.99551745784359	42.40216133971916	-0.0	25.67626343738235	65.86087409393473	74.41129876296368
5.858310681701028	5.868734447838205	93.15328990493038	22.992485781409336	98.16621363402056	42.4582296522547	-0.0	25.52421171306792	65.61940455061055	74.24082466242389
5.866794959510958	5.877095695878391	92.89286934705859	22.989670150312076	98.33589919021917	42.51397130585594	-0.0	25.373135852009877	65.37888017150101	74.07058566375758
5.875229025984596	5.885408209374686	92.6342594360133	22.98683176610208	98.50458051969191	42.56938806249791	-0.0	25.22298479325172	65.13924084247837	73.90058245887084
5.883613189354872	5.893672277932161	92.37576493848448	22.983970843811548	98.67226378709742	42.624481852881075	-0.0	25.073751934654624	64.90053555528975	73.73081568636118
5.891947751998944	5.901888192559558	92.11900476306191	22.98108760631713	98.83895503997887	42.67925461706372	-0.0	24.925439515450435	64.66271434888375	73.56128602463437
5.900233016006145	5.910056214951273	91.86242971941262	22.97818226527851	99.0046603201229	42.733708099675155	-0.0	24.778013117893252	64.42581420907469	73.39199409211702
5.908469278081838	5.9181766201072294	91.60751416987088	22.975255041245006	99.16938556163674	42.7878441340482	-0.0	24.6314611135227	64.18979554945125	73.22294055255232
5.916656830231927	5.926249695844218	91.35287184813664	22.97230614287133	99.33313660463854	42.841664638961454	-0.0	24.48579385619698	63.954685013023884	73.05412600569575
5.924795963145857	5.934275720596896	91.09977042633541	22.969335788311554	99.49591926291713	42.89517147064598	-0.0	24.34101149685375	63.72045580541001	72.88555110003783
5.932886968780854	5.942254947365905	90.84701828928483	22.966344183254723	99.65773937561707	42.9483663157727	-0.0	24.197079608202902	63.48712269166897	72.71721641752316
5.941079877027642	5.9500605966458915	90.59571413305979	22.96333192654632	99.82159754055283	42.99598043455	-0.0	23.691664697538727	63.254671090417844	72.53039891808098
5.950329662139124	5.967603957873125	90.3448840628549	22.960366703646635	100.00659324278247	42.9847348568664	-0.0	32.85792877487991	63.023056755555466	71.87833130566291
5.962557333478639	5.988564895161405	90.09536298149656	22.957631673839234	100.25114666957276	42.82759941418691	-0.0	40.31715026105978	62.79213493411259	70.67046747510027
5.977165831954999	6.012837857194702	89.84642977000644	22.955290240388717	100.54331663909998	42.54560833475883	-0.0	47.217598175695244	62.561722835824625	69.01681299163187
5.993844919305375	6.038151544403629	89.59865106420803	22.953466211345148	100.8768983861075	42.15580728616028	-0.0	52.62284740149341	62.331722250507994	67.0539596299843
6.012120025154829	6.06364180689372	89.35162226505906	22.952234254908927	101.24240050309658	41.690854114246264	-0.0	56.74602504740505	62.10202413984192	64.9451288927413
6.0315223157827305	6.087921337302037	89.10560787652622	22.9516136719257	101.63044631565461	41.18231793535276	-0.0	59.371195414583305	61.87261698884314	62.86454615807849
6.051545719851762	6.110015903701301	88.8604773843559	22.95156774755414	102.03091439703523	40.663130342315114	-0.0	60.451521822003656	61.64349859142182	60.9793621160381
6.071674082057026	6.129222143718538	88.61616364521112	22.952008883235788	102.4334816411405	40.16400319024636	-0.0	59.97294268121669	61.41476762542197	59.43291835286364
6.091383255478739	6.145210073035908	88.37294371033781	22.95280858595315	102.82766510957477	39.71246063215611	-0.0	58.001518060504544	61.186500305909675	58.331674412358026
6.110159126318932	6.157802665841098	88.13039593521441	22.953810944301328	103.20318252637863	39.33092905923219	-0.0	54.568500255508205	60.95887331691425	57.73719413144398
6.127516787100823	6.166714734519769	87.88903411501603	22.95484777927546	103.55033574201644	39.03539330163208	-0.0	49.49617877861037	60.73200034208543	57.66360764152754
6.142999099454117	6.171930653763315	87.64822038882456	22.955753824467212	103.85998198908233	38.83803248544058	-0.0	42.52319536823298	60.50608148414561	58.07994117775568
6.1556864087643675	6.176310757416421	87.40869750300176	22.956380539824412	104.11372817528735	38.76219931366348	-0.0	35.9029496107681	60.281196086069876	58.91565832702479
6.1664173851521396	6.173770481978254	87.16965869401746	22.9566079972442	104.32834770304278	38.777205962319606	-0.0	21.437550038009245	60.05752028118255	60.066314932085106
6.194364860115434	6.175269175197821	86.93190777990712	22.95635580367609	104.4468627454292	38.94323806897004	-0.0	-0.0	59.835085432873385	61.391040136759166
6.824806426011095	6.176170028708151	86.69463255254837	22.955620663085035	104.44829055288879	39.23013191533748	-0.0	-0.0	59.61394879431245	62.49586192607858
8.321667321991404	6.168087445293475	86.45865173662278	22.954460403050913	104.44829055288879	39.581362543668966	-0.0	-0.0	59.39401625713171	63.72370976838013
10.677724268405894	6.156436701736535	86.22310313398492	22.952759292456744	104.44829055288879	40.01274503702309	-0.0	-0.0	59.175396697926374	65.36614823800853
13.881494986471905	6.142757349421041	85.98887088064309	22.950400198127138	104.44829055288879	40.51325301326607	-0.0	-0.0	58.95815628380638	67.31398168259972
17.91736585165603	6.128351060358002	85.75503536232769	22.947304434314177	104.44829055288879	41.06504685781075	-0.0	-0.0	58.74240747559529	69.44063278948893
22.76566798690697	6.114649698389905	85.52254560147583	22.943436600425436	104.44829055288879	41.64569973607774	-0.0	-0.0	58.52815290612168	71.60774644385046
28.402773119222083	6.103197670169726	85.29037849451291	22.938807292370893	104.44829055288879	42.22887636567373	-0.0	-0.0	58.315436127515525	73.67202176377963
34.8012087323895	6.095663782701196	85.05958272594853	22.933473541251935	104.44829055288879	42.78607889361017	-0.0	-0.0	58.104165452811685	75.49245325354819
41.929791954706886	6.093438979972412	84.82911158548154	22.92753683722554	104.44829055288879	43.286691265206514	-0.0	-0.0	57.894271219293536	76.93771899744716
49.75378152917333	6.097800778166741	84.59994276411463	22.92113879227365	104.44829055288879	43.70241831337206	-0.0	-0.0	57.685611483858665	77.8934162374751
58.235047125525185	6.109485326859617	84.37119448276302	22.91445450195291	104.44829055288879	44.00833904323426	-0.0	-0.0	57.47804126238942	78.26879800549234
67.3322551689711	6.128197453082249	84.14360211224422	22.907683459236104	104.44829055288879	44.18798302054833	-0.0	-0.0	57.27135989837143	78.01995175827521
77.00107027998735	6.142973935326823	83.91655515340152	22.90097373174263	104.44829055288879	44.28649290217882	-0.0	-0.0	57.065415491565744	77.57510966687863
86.96414015295865	6.156368521922268	86.68984388722264	22.89434149778138	104.17197293820703	44.375790146148454	157.11990299208156	-0.0	56.86579399075962	77.1330098764833
95.38787495364184	6.170302212162469	91.5249367900634	22.887862944766038	101.80543257341171	44.468681414416466	589.6307613431129	-0.0	57.4107812056343	76.69403845823025
100.76673272072148	6.1850246577758075	91.45572902886735	22.88201498593305	96.60326158829047	44.56683105183872	915.4181188215969	-0.0	59.851737095611654	76.26068338384164
104.0283876234195	6.200568287188241	93.80234265443394	22.87727834884529	90.25411392762713	44.67045524792161	959.3456349036569	-0.0	63.15565266796129	75.8354378371706
106.23860059905157	6.216920944362069	96.93426170092555	22.87376271438923	83.98734066065148	44.7794729624138	915.0904331438187	-0.0	66.45507173358833	75.41883434306474
107.74260810204484	6.234050636466679	99.78858424353567	22.8714246170864	78.10385024370825	44.89367090977786	846.0863710436576	-0.0	69.55466538391978	75.01059922650354
108.79639135734696	6.251911490731469	102.36726704690574	22.87018146538783	72.74104761490214	45.01274327154312	760.671537484945	-0.0	72.36749201963613	74.6102549367582
109.63625822117848	6.2704471427254935	104.6529009057344	22.869928065324824	67.9734450535448	45.13631428483662	669.7030374650897	-0.0	74.84236065671273	74.21720780967463
110.42669325090418	6.289593873158619	106.66684380968938	22.870549426712902	63.804867330392774	45.2639591543908	581.7099360586269	-0.0	76.96822695442009	73.83081590475058
111.2504841530497	6.309283863291438	108.40362265232353	22.871932947925277	60.187388087661546	45.39522575527626	506.1793506903997	-0.0	78.76836292147803	73.45045321546101
112.0991408785967	6.329448532019112	109.91590687739911	22.87397779897051	57.03380398623355	45.52965688012741	443.27312134595206	-0.0	80.28833780435221	73.07555883226375
112.92581555893021	6.350021731905118	111.20748920428773	22.87659984023055	54.25529280945843	45.66681154603412	393.25484347662353	-0.0	81.58133945229575	72.70566240919621
113.68039613843204	6.370942456690801	112.30733862449307	22.87973143168559	51.7784308270534	45.806283044605344	351.5326105136018	-0.0	82.69281183655404	72.34038267562141
114.34506154297115	6.39215667698401	113.23280188994816	22.883317460714846	49.55692194151209	45.9477111798934	316.3911641814116	-0.0	83.65331049447016	71.97940611173904
114.92164165322517	6.413618026485857	114.03532757377252	22.887310654598323	47.56023922685155	46.090786843239044	282.4327657173263	-0.0	84.48093824916067	71.62246198861972
115.42681987241585	6.435287321876773	114.71219355090595	22.891668668471084	45.76844522686467	46.23524881251182	253.60672099905145	-0.0	85.18854611791164	71.2693068627124
115.86241022151964	6.457131229359815	115.28855552562982	22.896353269615506	44.15902157591736	46.38087486239877	227.25959304303066	-0.0	85.78849691799458	70.91972015430807
116.23097225139705	6.479120625873663	115.75659493248673	22.90133031120731	42.71312695861643	46.52747083915776	206.62516473539284	-0.0	86.29287767568252	70.57350388978087
116.52939079474142	6.501229205591503	116.14643914250065	22.90656935252398	41.41273712004741	46.674861370610024	185.64926259392647	-0.0	86.71177916424998	70.23048058792742
116.76375698754603	6.523432650328708	116.4645103418647	22.91204288498789	40.245549778159464	46.82288433552472	164.11032298828812	-0.0	87.05290264858782	69.89048908932561
116.94647055686555	6.545708355646404	116.68909370046778	22.91772570933219	39.20315952765695	46.971389037642695	152.19696802433106	-0.0	87.3226573510902	69.55338120203349
117.06719044790881	6.568035463871174	116.87969137085186	22.923594679442452	38.271220895903674	47.12023642580783	129.9034908504232	-0.0	87.52702032021315	69.21902028950865
117.14005134025278	6.59039490646021	116.98739887270756	22.92962855276855	37.44496521280553	47.2692993764014	117.21229491427138	-0.0	87.67144636908509	68.88728042460981
117.13273897286429	6.612769281105536	117.14764539534642	22.9358078141888	36.70629249195825	47.41846187403691	-0.0	-0.0	87.76069364497239	68.55804540865357
117.12492151851197	6.635142571016584	117.03410006193751	22.942114519980276	36.072835563442226	47.56761714011056	90.40979533049175	-0.0	87.79984725708346	68.23120790218177
117.0595204367844	6.657499831738867	116.99399692572989	22.948531685677956	35.520983024250576	47.71666554492578	76.79268190983893	-0.0	87.78818150181473	67.90666615992191
116.97627948680905	6.679826968435241	116.76975892974696	22.95504244713962	35.057584812787105	47.8655131229016	136.33359870401816	-0.0	87.73062699516926	67.58431960687724
116.8384698027218	6.7021106383745845	116.71424489751968	22.961632083317838	34.667567219556	48.01407092249723	105.73666094686072	-0.0	87.62699425259997	67.26407944274271
116.65707156102107	6.724338223371854	116.63586749074507	22.968283421888042	34.35082848886338	48.16225482247903	43.68485234998434	-0.0	87.4761952912646	66.94584446400034
116.39567639015623	6.746497789705716	116.32473211269689	22.974984555986076	34.09425807629828	48.30998526470477	79.90610096444416	-0.0	87.29991024807589	66.62954165705297
116.0613810112565	6.76857795505566	116.08016225113664	22.981726000796556	33.89795984054264	48.457186367037735	-0.0	-0.0	87.09023485860281	66.31511108237211
115.71358355190058	6.790567475765068	115.81352051295534	22.98849383052272	33.78382561667439	48.60378317176712	-0.0	-0.0	86.83490345607306	66.00246979970612
114.84502616910864	6.812455582139279	115.38857791997619	22.995272949307186	33.765761918072755	48.74970388092853	-0.0	-0.0	86.53431976008079	65.69152917325555
112.95545561599994	6.834234947815568	115.2763688875911	23.00204714405579	33.765761918072755	48.89489965210379	-0.0	-0.0	86.19514228029864	65.3821951682591
110.01845589245019	6.8558968130790525	114.72417049492468	23.008815660689645	33.765761918072755	49.039312087193686	-0.0	-0.0	85.88005014246917	65.07445544404959
106.09121128974346	6.87742364487925	114.57442067067689	23.015578334821402	33.765761918072755	49.182824299195	-0.0	-0.0	85.54643568981466	64.76830072908251
101.25018647265443	6.898818282006522	114.06482793042086	23.022334766993257	33.765761918072755	49.32545521337681	-0.0	-0.0	85.2307906219663	64.46372063768686
95.58963768882047	6.920083638053364	113.87877396131418	23.0290853304337	33.765761918072755	49.467224253689096	-0.0	-0.0	84.90219782693858	64.16070883410599
89.21977757050247	6.941213499291293	113.40871294954671	23.035829275138166	33.765761918072755	49.608089995275286	-0.0	-0.0	84.58667959716608	63.85925317099577
82.2646292606118	6.962213625902606	113.19062704478138	23.04256720235921	33.765761918072755	49.74809083935071	-0.0	-0.0	84.2624545846538	63.55934861477065
74.85961164383107	6.983084674441907	112.75499992028844	23.04929823906144	33.765761918072755	49.887231162946044	-0.0	-0.0	83.94762247238096	63.260982455369486
67.14890269912499	7.0038237102906535	112.51037214655518	23.056023040306783	33.765761918072755	50.02549140193769	-0.0	-0.0	83.62723004329779	62.964150040951864
59.282632309981395	7.024435650499174	112.10350163975946	23.062740740627625	33.765761918072755	50.162904336661164	-0.0	-0.0	83.31352876022952	62.66883878708209
51.41395918923387	7.044919769505721	111.83790477072381	23.069451952857552	33.765761918072755	50.299465130038136	-0.0	-0.0	82.99654393777574	62.375043915222896
43.69608883164216	7.0652753132260395	111.45436452707304	23.076155887405957	33.765761918072755	50.43516875484026	-0.0	-0.0	82.68431402158906	62.08275332660246
36.279290555613755	7.085505911739418	111.17292611962084	23.08285306854094	33.765761918072755	50.57003941159612	-0.0	-0.0	82.37040734974539	61.7919618695844
29.307971713185616	7.105610498814427	110.80789568080786	23.08954022884723	33.765761918072755	50.70406999209618	-0.0	-0.0	82.05990269386142	61.577364483557666
22.91786603430079	7.125589642056928	110.51499908192476	23.096054351527627	33.765761918072755	50.83726428037952	-0.0	-0.0	81.74892661870778	62.29406864761801
17.233390849184815	7.145445775662712	110.1644531362396	23.10214687510701	33.765761918072755	50.969638504418086	-0.0	-0.0	81.44077125698423	63.48825081896195
12.36522464451773	7.165178052685548	109.86370493897799	23.10770309984445	33.765761918072755	51.101187017903655	-0.0	-0.0	81.13325023357015	64.95815757372866
8.408152119131714	7.184787689486695	109.5243821064795	23.112649342992043	33.765761918072755	51.231917929911305	-0.0	-0.0	80.82814156470738	66.61290268141587
5.561002170323357	7.10939179462562	109.21861307651655	23.116938039195905	34.664642684292794	50.72927863083747	-0.0	311.0857623210863	80.52426356844597	68.38182212360955
3.784223162042375	6.96356371046451	108.88797386716259	23.120543713261313	37.25550039526362	49.75709140309674	-0.0	445.7676348462094	80.2224813950939	70.19394746120182
3.0167967360093426	6.83764396520153	108.57935179529429	23.123465981887552	40.41355059942191	48.91762643467687	-0.0	488.6746891588634	79.92225166797893	71.96778122505147
3.131621508015704	6.735339081308314	108.25545656924295	23.125732923926453	43.63243016031408	48.23559387538876	-0.0	474.58650247429927	79.62385948558668	73.6108358452012
3.287089853188484	6.644759567027637	107.94560236432638	23.127395684325997	46.741797063769674	47.631730446850916	-0.0	458.09863251809327	79.32711925591951	75.0884595248774
3.4370831529984507	6.558995474328163	107.62702056691666	23.128508019292497	49.74166305996901	47.05996982885442	-0.0	441.7233524312553	79.0319788383848	76.40369965258024
3.58162855542286	6.4772796427974155	107.31710297331523	23.12912279750541	52.6325711084572	46.51519761864944	-0.0	425.41531820200095	78.73847330852897	77.56028895512904
3.7207479812152977	6.399514450416327	107.00279273246441	23.129291354966757	55.41495962430595	45.996763002775516	-0.0	409.17344039546896	78.44639172429957	78.56234950723106
3.8544641297077824	6.325671473584415	106.69363664287323	23.12906379321111	58.08928259415564	45.504476490562766	-0.0	393.0018562199033	78.15588199983272	79.41450209011172
3.9828012674076243	6.25572722658645	106.3828679568903	23.128488426343505	60.65602534815248	45.03818151057634	-0.0	376.9056545724362	77.86666625869927	80.12200665739475
4.10578546266031	6.189657536686849	106.07504585949134	23.127611851675557	63.1157092532062	44.59771691124566	-0.0	360.8905715402644	77.5789350525491	80.69095379017094
4.223444816334087	6.1274370098308575	105.76730664484053	23.12647838682035	65.46889632668174	44.18291339887239	-0.0	344.9630590274097	77.29239887057739	81.12851448495302
4.335809699600716	6.0690379041920135	105.46118546752061	23.12512987781862	67.71619399201433	43.79358602794676	-0.0	329.1303127743722	77.00725182993939	81.44326437821704
4.4429130313361185	6.014430482314663	105.15614169025471	23.12360501020531	69.85826062672236	43.42953654876442	-0.0	313.400447807847	76.72322250599306	81.64557047434863
4.544790613316312	5.963582800134614	104.85195721371613	23.12193880151509	71.89581226632623	43.09055200089743	-0.0	297.7826584543564	76.44049054185834	81.74798084052759
4.641481505379836	5.91645985467058	104.54938182270605	23.12016173872808	73.82963010759671	42.7763990311372	-0.0	282.28734798193045	76.15881850531962	81.76542807210284
4.733028474751056	5.873023616621644	104.24729003807188	23.118299128931536	75.66056949502112	42.486824110810964	-0.0	266.92638754329204	75.87836498115226	81.71488504722724
4.819478529377426	5.8332324165856715	103.94703020212721	23.116370547382086	77.38957058754852	42.22154944390448	-0.0	251.71336466408644	75.59893493749965	81.61407679807263
4.90088352850237	5.797040542034807	103.64710561214004	23.11438998211755	79.0176705700474	41.98027028023205	-0.0	236.66392489303752	75.32066532385537	81.47936079468921
4.977300946057622	5.764397008431956	103.34907730243546	23.112366578263934	80.54601892115244	41.76264672287971	-0.0	221.7960863008991	75.04340229080752	81.32376838629267
5.0487947494571195	5.735245169077083	103.05133674475641	23.110305910658003	81.97589498914239	41.568301127180554	-0.0	207.130758764235	74.76726272508094	81.15629128464168
5.115436404796624	5.709523731846514	102.75550540883275	23.108211207323496	83.30872809593247	41.39682487897676	-0.0	192.6926514961537	74.4921241181425	80.98244798673431
5.17730629589884	5.687160104819931	102.45996756463055	23.106084326317625	84.54612591797681	41.247734032132875	-0.0	178.5101203225413	74.21808521953002	80.8053603721964
5.234495109424845	5.668075156555461	102.16629087678994	23.103926359594407	85.6899021884969	41.12050104370307	-0.0	164.61698863016386	73.94504565399531	80.62670631234256
5.287105779688584	5.652177702067628	101.87295135210452	23.101737998974393	86.74211559377169	41.01451801378419	-0.0	151.05295478305027	73.67308730138116	80.44736189576719
5.335255650437425	5.639364924232555	101.58139176330431	23.099519724729532	87.7051130087485	40.9290994948837	-0.0	137.86525890229066	73.40212834446005	80.2677771828319
5.379079216909329	5.629516936576147	101.29024282865016	23.097271909790518	88.58158433818657	40.86344624384098	-0.0	125.1093820589653	73.13223361124507	80.08818145737008
5.418731143995095	5.622497159418791	101.00079038890584	23.094994872062866	89.3746228799019	40.81664772945861	-0.0	112.85112300717702	72.86333733851372	79.90869108891214
5.454389794740276	5.618149365620525	100.71180486922793	23.092688899256352	90.08779589480552	40.78766243747017	-0.0	101.16804426307519	72.59549080748837	79.72936514117947
5.486261288017735	5.616290736333509	100.424468196047	23.09035426594217	90.72522576035469	40.77527157555673	-0.0	90.14899067508127	72.32863936357172	79.55023374547238
5.514583595662727	5.616705811299537	100.1375963134133	23.087991235263807	91.29167191325453	40.778038741996916	-0.0	79.89141679367465	72.062826067833	79.37131243393577
5.539628418744094	5.619167599344862	99.8523604246751	23.085600069150566	91.79256837488188	40.79445066229908	-0.0	70.50672866860285	71.79800329054117	79.19260942873947
5.561704201337469	5.623406689342434	99.5676059474621	23.083181021636527	92.23408402674939	40.822711262282894	-0.0	62.09996377060377	71.53420688848117	79.01412925031214
5.581153237905666	5.629128536772631	99.2844612139389	23.080734349595442	92.62306475811333	40.86085691181754	-0.0	54.75816084553348	71.27139652380232	78.83587459922244
5.598341814282252	5.636047960645539	99.00181050761378	23.078260301948305	92.96683628564503	40.906986404303595	-0.0	48.54517635878386	71.00960102359966	78.65784721720061
5.613647986624228	5.643872722172954	98.72071052917421	23.075759132346455	93.27295973248455	40.95915148115303	-0.0	43.46315648679235	70.74878775302236	78.4800484126924
5.627440400167247	5.652338405501854	98.44016169070454	23.073231086014697	93.54880800334493	41.01558937001236	-0.0	39.447754478714344	70.48897768159455	78.30247922075054
5.640056317337855	5.661230007089027	98.16109095388764	23.070676413476143	93.8011263467571	41.074866713926845	-0.0	36.37795499266335	70.23014566766572	78.1251405895312
5.651784845882158	5.670387302141463	97.8826335957668	23.068095356653355	94.03569691764316	41.13591534760975	-0.0	34.097705439025304	69.97230476848681	77.94803336396443
5.662860207404018	5.67969082889821	97.60558124237902	23.065488163183286	94.25720414808035	41.197938859321404	-0.0	32.43322129217267	69.71543828161224	77.7711583898894
5.673461288892899	5.689064431212084	97.3291863849459	23.062855071757816	94.46922577785797	41.26042954141389	-0.0	31.228134669702655	69.45955208665606	77.59451645058243
5.683719057260782	5.698461046249092	97.05413320651587	23.060196327091802	94.67438114521563	41.32307364166061	-0.0	30.354148180592436	69.20463577593497	77.41810835262807
5.693726453395902	5.707851147786536	96.77980995797681	23.057512164746196	94.87452906791803	41.3856743185769	-0.0	29.71183938120636	68.95068750323827	77.24193484943882
5.703547851925119	5.717216535772862	96.50671879368264	23.05480282654083	95.07095703850239	41.44811023848575	-0.0	29.228286649818024	68.69770683331058	77.06599672423266
5.713227083362382	5.726546107470507	96.23444462277378	23.052068545098148	95.26454166724763	41.51030738313671	-0.0	28.852019110589726	68.4456822766205	76.89029470947197
5.72279365339418	5.735833110294491	95.96332067555136	23.049309559142653	95.4558730678836	41.57222073529661	-0.0	28.547610342539382	68.19462095961735	76.7148295679057
5.732267275003627	5.74507350338974	95.69309824226283	23.046526098473517	95.64534550007254	41.633823355931604	-0.0	28.291151870011635	67.94450389356473	76.53960201350759
5.74166108275848	5.754264820555344	95.42387094099828	23.04371839872237	95.8332216551696	41.695098803702294	-0.0	28.066592459791014	67.69534911956545	76.36461278946912
5.750983814361748	5.7634056591360245	95.1557137802765	23.0408866871979	96.01967628723497	41.7560377275735	-0.0	27.86333250693923	67.4471244288897	76.18986259349924
5.760241308465469	5.772495186974581	94.88839734496021	23.038031195923697	96.20482616930937	41.81663457983054	-0.0	27.674309509353584	67.19985892162126	76.01535214685399
5.769437486114425	5.781533003469352	94.62227114186744	23.03515215015322	96.3887497222885	41.87688668979568	-0.0	27.494905613276014	66.95351266641424	75.84108213365106
5.7785750157186815	5.790518937375148	94.35680761786621	23.032249778187033	96.57150031437362	41.93679291583432	-0.0	27.32206257823782	66.708123471342	75.66705325270671
5.787655737123521	5.7994530263615	94.09272572973258	23.029324303453066	96.75311474247043	41.99635350907667	-0.0	27.153831725443187	66.46364035654489	75.49326617573527
5.796680956994816	5.808335392149558	93.82913556972643	23.026375950177368	96.93361913989632	42.055569280997055	-0.0	26.988927306792903	66.22011023582698	75.31972157730155
5.805651632435937	5.8171662201771355	93.56703344954254	23.02340494036543	97.11303264871873	42.11444146784757	-0.0	26.826511771472035	65.97747851398034	75.14642011886099
5.814568493133141	5.82594573340767	93.30531931879119	23.020411494025108	97.29136986266282	42.17297155605113	-0.0	26.666036772607267	65.73579220826011	74.97336245010732
5.823432122904116	5.8346741685337635	93.04519410000752	23.017395831692717	97.46864245808231	42.23116112355842	-0.0	26.507128321509825	65.49499621139122	74.80054922228558
5.832243006026271	5.843351798573716	92.78535832030653	23.01435816941325	97.64486012052541	42.28901199049144	-0.0	26.349564213005355	65.25513877678574	74.62798106165013
5.841001564209823	5.851978903036755	92.52714262408378	23.011298726146403	97.82003128419646	42.34652602024503	-0.0	26.193199054014258	65.01616704836918	74.45565860839885
5.849708177326108	5.86055577420471	92.26919768471122	23.008217713931675	97.99416354652216	42.403705161364734	-0.0	26.037949322337322	64.77812240537135	74.28358246502178
5.858363202058332	5.8690826754621535	92.01289178661375	23.005115350234824	98.16726404116662	42.46055116974769	-0.0	25.883722447493238	64.54095929328102	74.11175326160506
5.8669669748469255	5.8775598879853925	91.7568261956056	23.001991843401672	98.3393394969385	42.51706591990262	-0.0	25.73046970333397	64.30471429451495	73.94017157890542
5.8755198207024195	5.885987688441866	91.502349366709	22.998847409055447	98.51039641404839	42.57325125627911	-0.0	25.57814953657558	64.06934924560753	73.76883803476238
5.88402204507454	5.894366430834909	91.24819342833176	22.99568225159934	98.6804409014908	42.62910953889939	-0.0	25.42683838040089	63.834884737217656	73.59775318605988
5.892473968282247	5.902696317733177	90.99558011227413	22.992496585842527	98.84947936564494	42.684642118221184	-0.0	25.27640877741801	63.601302848174484	73.42691764473055
5.900875891578316	5.910977656096902	90.7433066343584	22.989290611916626	99.01751783156632	42.739851040646016	-0.0	25.126883658974094	63.3686088330656	73.25633194317193
5.909228116931363	5.9192107194896275	90.49245697740852	22.986064542596186	99.18456233862725	42.79473812993085	-0.0	24.978243731125982	63.136796262146646	73.08599667963131
5.917530938355532	5.927395817198899	90.24212645247773	22.98281857546051	99.35061876711063	42.84930544799266	-0.0	24.83052411268146	62.90585586022849	72.91591237081654
5.925784655582037	5.935533198263247	89.99302497325912	22.979552920530324	99.51569311164073	42.903554655088314	-0.0	24.683677148586323	62.675799069971745	72.74607959841023
5.933987103124672	5.943640268924716	89.74458845257053	22.97626773656569	99.67974206249342	42.95760179283144	-0.0	24.562631424640827	62.446601607761956	72.57644430226914
5.942178008271053	5.952267521988946	89.49721723845562	22.972964247758753	99.84356016542105	43.009641394127044	-0.0	25.111642864781004	62.2182855683837	72.38451883574847
5.951810060236217	5.969324580256297	89.25071094189201	22.969713146081666	100.03620120472434	42.99073929233426	-0.0	33.08560867288043	61.99077212468841	71.71350007670614
5.964153272254232	5.990684059365668	89.00505339502892	22.966699650434943	100.28306544508463	42.832171672192125	-0.0	40.720685093263526	61.76394737911362	70.4871649987331
5.978906889708121	6.014954732592895	88.76040181083124	22.964086966313182	100.57813779416242	42.5467408151246	-0.0	47.465673705304106	61.537597301863784	68.81598576108851
5.9956931624096645	6.040671936116773	88.5164739214202	22.961998366767514	100.91386324819328	42.15695986061035	-0.0	53.02049940064961	61.311641193409024	66.8379066801967
6.014088544379059	6.066236100011946	88.2736845099846	22.960507564201617	101.28177088758117	41.69084301242746	-0.0	57.0895982386935	61.0859601560832	64.71734716950344
6.0336017984535735	6.090574061005841	88.03150521058136	22.959632567854968	101.67203596907146	41.18201502868167	-0.0	59.67215774141862	60.86056443189079	62.62935507219485
6.053723168712526	6.112775914914629	87.79055265183952	22.959335182081645	102.07446337425053	40.66373500995631	-0.0	60.751927028131284	60.63542427832863	60.741451544794984
6.073943790233223	6.132032059227384	87.55010287162658	22.959526275270964	102.47887580466445	40.16596117846635	-0.0	60.253770107231084	60.41066675301333	59.19689571128689
6.09373871350267	6.1480472735642335	87.31097297696436	22.960075922753166	102.8747742700534	39.71630530850942	-0.0	58.260492650231654	60.18635128160189	58.10166785390779
6.112574802737289	6.160860098538199	87.07225083220858	22.960826982948426	103.25149605474576	39.33829014767708	-0.0	54.93478850015648	59.96266288481152	57.516549716397954
6.130040809319761	6.169385722976936	86.83498474464204	22.96161034217412	103.6008161863952	39.04324303705178	-0.0	49.58888084614806	59.73972168941204	57.45469567851859
6.1455637541240495	6.174860498543527	86.59797617123402	22.962260128552572	103.91127508248098	38.85030149233216	-0.0	42.79072944245459	59.51771755584232	57.88406112376951
6.158499857616608	6.1783426657651965	86.36247254919361	22.9626275579022	104.16999715233216	38.77263676091296	-0.0	35.21612569955403	59.29673586116469	58.733001158723305
6.1675671999328125	6.180841128111121	86.12725100003377	22.96259282192753	104.35134399865625	38.818922761296214	-0.0	28.80313370354464	59.076952254156986	59.89588319809433
6.198850807931198	6.183403949691307	85.89344305182765	22.962076040251382	104.43334359913449	38.99430058669391	-0.0	-0.0	58.85839719912478	61.22715330115861
6.850843810490504	6.182080332562199	85.66001227384727	22.96107128076383	104.43334359913449	39.272090141541106	-0.0	-0.0	58.641130741842666	62.37364981745781
8.369071645415195	6.17394608417608	85.42789707253785	22.959632006461664	104.43334359913449	39.62620761142724	-0.0	-0.0	58.42506410964211	63.61916173102484
10.74613520663566	6.162291074939837	85.1961829438283	22.957647758199855	104.43334359913449	40.06044767955679	-0.0	-0.0	58.21029341206608	65.27734685625923
13.970449839316073	6.1486193220096546	84.96575231941262	22.95500199981388	104.43334359913449	40.56342436007094	-0.0	-0.0	57.9969062586558	67.23867112300152
18.026301797848305	6.1344855236081255	84.7357562606922	22.951616909493346	104.43334359913449	41.11865895722739	-0.0	-0.0	57.78498003038397	69.37575262073648
22.893924827023582	6.120920792595602	84.50701318925748	22.94745818928318	104.43334359913449	41.70116926259275	-0.0	-0.0	57.57455273254531	71.54958770441652
28.54959649317367	6.109688838008795	84.2786977200993	22.942537716480086	104.43334359913449	42.2857953144485	-0.0	-0.0	57.365633438999076	73.61641798249778
34.96575379580622	6.102435182959952	84.05156542050186	22.936913918495762	104.43334359913449	42.84380667082799	-0.0	-0.0	57.15815711243107	75.4349993757117
42.11112749630012	6.100468122519586	83.82495923149543	22.93068971912779	104.43334359913449	43.34402471662715	-0.0	-0.0	56.95203172587236	76.87400956343538
49.9508945090078	6.105175240807181	83.59940663708157	22.924008125268536	104.43334359913449	43.75893269338363	-0.0	-0.0	56.74713701395119	77.8192923329455
58.44684761208429	6.117208365780836	83.37448704396766	22.917045505230316	104.43334359913449	44.06322751216593	-0.0	-0.0	56.54329870403903	78.1805906760373
67.55758165095446	6.136130367490812	83.15049383547505	22.910002263426975	104.43334359913449	44.24086911660541	-0.0	-0.0	56.34034258948033	77.91879782833534
77.23869532695342	6.150934097162736	82.92723110842319	22.903023362769297	104.43334359913449	44.339560647751576	-0.0	-0.0	56.13809482902084	77.47307385404919
87.09988181038437	6.164461313469287	86.69944491447228	22.8961238592701	104.02277659764663	44.42974208979525	189.84025029505318	-0.0	55.954350648019165	77.03010679491744
95.19304477121715	6.178539294793572	90.6056628043759	22.889411247432513	101.31530642163888	44.52359529862381	642.5452334394151	-0.0	56.70553945330856	76.59044714767617
100.27065255092461	6.1934095352173175	90.63790702808419	22.88340104774401	95.87983556802325	44.62273023478212	931.0999393489607	-0.0	59.321407099417236	76.15678442542199
103.40966063144114	6.209104077571765	93.2332816595877	22.8785323755571	89.50262780073031	44.7273605171451	957.0131177088481	-0.0	62.65239935447768	75.7313912923038
105.55532395204746	6.225611023790607	96.3505465728408	22.87488561104599	83.26177444148344	44.83740682527071	910.1812809152907	-0.0	65.9421248411814	75.31464571163185
107.01578522219842	6.242898533169733	99.18469592133577	22.872411885693587	77.416912047509	44.95265688779822	839.5225054027069	-0.0	69.02395429715347	74.90624563714502
108.04687866467069	6.260920745786604	101.74231627624367	22.87102637012253	72.10150892006588	45.07280497191069	753.2666293938896	-0.0	71.81328883977835	74.50570189270127
108.87937823328001	6.279621192628224	104.00775866680284	22.870622565998833	67.38407597075816	45.19747461752149	662.1523699141646	-0.0	74.26226489476795	74.1124141507954
109.67155653213244	6.298935951562264	106.00185017490368	22.871085218948675	63.263870197377706	45.32623967708176	574.6943293182808	-0.0	76.36284684170363	73.72573930238032
110.49942377612963	6.318796919085931	107.72027334808413	22.872302301387087	59.68943838028903	45.45864612723954	500.1235232660975	-0.0	78.14041899450824	73.3450545781158
111.3503822884059	6.339135165023134	109.21191046546647	22.874174101193997	56.57238527760015	45.59423443348756	438.7054411157309	-0.0	79.64172958301319	72.96980514263267
112.1730818498408	6.359884149930903	110.49782642169562	22.87661778108505	53.82283556693553	45.73256099953936	388.2949761882917	-0.0	80.91990609346229	72.59952765968332
112.92520995221696	6.3809824588101405	111.5715848469368	22.879566838793938	51.372078575104766	45.873216392067604	349.03618648388635	-0.0	82.0195879200695	72.23384696694893
113.58386662097314	6.402375665783327	112.49132180270583	22.8829669701916	49.17205945414537	46.01583777188885	313.57460618496873	-0.0	82.97023142866418	71.8724538923508
114.15689163407002	6.424017047225584	113.28228395536871	22.88677142379226	47.19533814421683	46.160113648170565	280.5613855881059	-0.0	83.78932212570268	71.51508052425636
114.66007162643542	6.44586711994997	113.94532194507067	22.890938246515756	45.421819912219746	46.305780799666465	253.6286090385459	-0.0	84.48952475354777	71.1614855424455
115.09258016524177	6.467892312657186	114.515118740179	22.89542957577848	43.82821215810464	46.452615417714576	227.97264804280545	-0.0	85.08319357181344	70.81145036587182
115.45375746430557	6.490063318583293	114.9971755564138	22.900211622089618	42.39480352629313	46.60042212388862	202.71253466487875	-0.0	85.58232535557504	70.46477894181795
115.74919199175085	6.512353685126683	115.38345172291952	22.90525425434057	41.10697535199609	46.74902456751122	181.42939176114712	-0.0	85.99683381557318	70.12129544933772
115.9834736736383	6.534738966770919	115.68902717796502	22.910530216771033	39.95192825804707	46.8982597784728	162.7887729869465	-0.0	86.33427148197173	69.78084008243269
116.1626339724462	6.557196439344688	115.91836524212871	22.916014529412166	38.91922239365089	47.04797626229792	148.27065026017044	-0.0	86.60098622369772	69.44326581959196
116.28390239390598	6.5797051289752275	116.09883436238431	22.92168425165916	37.997166886177176	47.19803419316818	129.05860233610923	-0.0	86.80291680670231	69.1084371161961
116.35188457478714	6.6022458561212884	116.2026994917944	22.927518349709693	37.17801647097928	47.348305707475255	115.87345454997755	-0.0	86.9458759318997	68.77622914847852
116.40240500258889	6.624801115954352	116.13977016817846	22.933497737744904	36.4648199697849	47.498674106362344	153.74373189479658	-0.0	87.03436870541844	68.44652797301273
116.35707449337805	6.647354799060035	116.26858129592901	22.939603541326	35.82653366646261	47.649031993733566	89.24341863921168	-0.0	87.06788008785988	68.1192213496912
116.27502615295249	6.669891876758075	116.21069386822035	22.945819236623965	35.2756344934442	47.79927917838717	76.09142938526725	-0.0	87.0579789729233	67.79420997701332
116.10161838365977	6.69239817523248	116.18388796343821	22.95212978830983	34.79099235877731	47.949321168216535	-0.0	-0.0	87.00448052919914	67.47140287788855
115.89623099121965	6.714860254242278	115.83697310448086	22.958524234634968	34.386139144121216	48.09906836161519	73.02882859865154	-0.0	86.92587236534922	67.15073095458594
115.84971175526627	6.737265246156436	115.78032154257211	22.964983805028375	34.112521597271666	48.248434974376245	79.02606622168632	-0.0	86.76283926822916	66.83208441485651
115.68176204153039	6.759601161696118	115.64714662574264	22.9714849680444	33.886043465701356	48.39734107797412	55.81565569710658	-0.0	86.55911915086807	66.51532913639305
115.30334568926682	6.781856902607033	115.3047495810531	22.9780227199925	33.679742319859606	48.54571268404689	-0.0	-0.0	86.35521933556174	66.20042895493668
114.90704882447163	6.804021658972137	114.90599368979805	22.98459202941504	33.55524395071794	48.693477726480914	9.744850979980585	-0.0	86.11754402493061	65.88734769251506
114.0175820681731	6.826084352378211	114.68886333663532	22.991175403474944	33.53737113203873	48.840562349188076	-0.0	-0.0	85.81424921184872	65.57598394998958
112.11464800604858	6.8480338896406066	114.44780009259325	22.997753073033394	33.53737113203873	48.98689259760405	-0.0	-0.0	85.4792656530751	65.26622495939593
109.17276241779102	6.8698564424278326	114.00267732581293	23.004327428294648	33.53737113203873	49.13237628285222	-0.0	-0.0	85.16624213632952	64.95807488710838
105.24920472397739	6.89154376910725	113.77425309961947	23.010895873768522	33.53737113203873	49.276958460715	-0.0	-0.0	84.83572862115922	64.65151162642171
100.42036780413027	6.913099011683998	113.33028756612627	23.017460079830105	33.53737113203873	49.42066007789332	-0.0	-0.0	84.5229851745477	64.34653564591123
94.78027060376417	6.934520661944327	113.0994846886757	23.02401865086758	33.53737113203873	49.56347107962885	-0.0	-0.0	84.19684628250148	64.04313125827844
88.4387275564965	6.955808082786989	112.66742682203753	23.03057231822091	33.53737113203873	49.70538721857993	-0.0	-0.0	83.88464663578898	63.74129407576999
81.5192104631236	6.9769648158486115	112.42680949165937	23.037120429524936	33.53737113203873	49.846432105657414	-0.0	-0.0	83.56255893541575	63.44101242447102
74.15644445754296	6.997989700077014	112.0114052394916	23.043663145332932	33.53737113203873	49.986598000513425	-0.0	-0.0	83.25120391464628	63.14227899879392
66.49378486680799	7.018883514925275	111.75824555982392	23.050200253840433	33.53737113203873	50.12589009950183	-0.0	-0.0	82.9328319239674	62.84508454248869
58.68042603864756	7.039648624106031	111.36064100538951	23.056731591518826	33.53737113203873	50.26432416070688	-0.0	-0.0	82.62261433687613	62.54942013088096
50.86849648146884	7.060284187985513	111.0949039454712	23.063257187353393	33.53737113203873	50.40189458657009	-0.0	-0.0	82.30764665546326	62.25527787146161
43.21009687533597	7.0807915682722	110.71425501696255	23.069776713754894	33.53737113203873	50.538610455147996	-0.0	-0.0	81.99882490054767	61.962648062835164
35.8543386247645	7.101172229789142	110.43734360113409	23.076290313651985	33.53737113203873	50.67448153192762	-0.0	-0.0	81.68699021970112	61.67152350633312
28.94444061365245	7.121425809574118	110.07182557289336	23.082795334606313	33.53737113203873	50.80950539716079	-0.0	-0.0	81.3797800909559	61.457013334293954
22.61494068939623	7.1415538124954905	109.78573201881488	23.089132866128	33.53737113203873	50.94369208330327	-0.0	-0.0	81.07095015423812	62.153655514599365
16.989076169467985	7.161557139216345	109.43322372966163	23.09505116775454	33.53737113203873	51.077047594775635	-0.0	-0.0	80.76595825083466	63.347936164611404
12.176384372806224	7.181435879694561	109.14008002157792	23.10043354793358	33.53737113203873	51.20957253129708	-0.0	-0.0	80.4606625890993	64.82006636311543
8.27056989439238	7.201191447742201	108.7984222961655	23.1052059910512	33.53737113203873	51.341276318281345	-0.0	-0.0	80.15859772944573	66.47772349734622
5.48229433085053	7.117475126389084	108.50020421954757	23.109320786249846	34.54480302270919	50.78316750926056	-0.0	319.6854699875483	79.85701996227752	68.2493206865876
3.7400596082010273	6.972874106176395	108.167505217841	23.112752713874418	37.173595288430114	49.819160707842634	-0.0	449.5007298364047	79.55817324304444	70.06309710656116
3.0051441586621594	6.847618545276361	107.86595755310447	23.115501817548335	40.34829597957206	48.98412363517574	-0.0	490.0557612796605	79.26030515160942	71.83673121270847
3.1286660775886967	6.745727353489056	107.54055819795407	23.11759688143509	43.57332155177394	48.304849023260374	-0.0	475.4643306745233	78.96475345370888	73.47767592321495
3.2844290356484387	6.655131856108656	107.2371036511122	23.11908931882049	46.68858071296877	47.700879040724374	-0.0	458.9868476097802	78.6704198474435	74.95311038302437
3.4347196349882534	6.569297742498976	106.91767553233237	23.12003288636496	49.69439269976507	47.12865161665984	-0.0	442.6184945519337	78.37803794042988	76.26616522440582
3.5795645657184063	6.4875040407445645	106.6134565864743	23.120480451018665	52.59129131436812	46.58336027163043	-0.0	426.31703835189944	78.08696985886203	77.42057440414726
3.7189857115579685	6.409658328671537	106.29894093193698	23.120483335669686	55.37971423115937	46.06438885781025	-0.0	410.08174620384904	77.79757843650376	78.42046204256472
3.8530057777424145	6.335732298341656	105.99483846613846	23.120091645840812	58.06011555484829	45.571548655611046	-0.0	393.9167520396316	77.50952440761753	79.2704523603084
3.9816490302051815	6.265702601829439	105.68443887743048	23.119353675531457	60.63298060410363	45.10468401219626	-0.0	377.82714066953434	77.22294146548008	79.97581055447968
4.104941537748089	6.199545353554556	105.38110360603623	23.11831602553324	63.098830754961774	44.663635690363705	-0.0	361.81865414583615	76.93767501345523	80.54263546100073
4.222911395906444	6.1372348110283355	105.07419216130293	23.11702298610183	65.45822791812888	44.24823207352224	-0.0	345.89769216506517	76.65372399097228	80.97811046817063
4.33558895770905	6.078743393977139	104.77209520461668	23.11551639936762	67.711779154181	43.85828929318093	-0.0	330.0714350966402	76.37104244716284	81.29082996113296
4.443007117787425	6.024041566420014	104.4682744155765	23.113834911140597	69.8601423557485	43.4936104428001	-0.0	314.34798081033836	76.08955750488298	81.49118804852452
4.545201642141308	5.9730970937645536	104.16771769546128	23.112013516485124	71.90403284282615	43.15398062509703	-0.0	298.73644860721777	75.80928659495106	81.59177050788486
4.642211535559605	5.925875180401011	103.86669222817294	23.110082639510665	73.84423071119211	42.83916786934007	-0.0	283.2472026385925	75.53012265295936	81.60755631781996
4.734079491383082	5.882338050260031	103.56790320091096	23.108067534173642	75.68158982766164	42.548920335066875	-0.0	267.8920676873604	75.25212177746756	81.55556484393925
4.820852416965388	5.84244411612501	103.2694275097786	23.105987686239473	77.41704833930775	42.28296077416673	-0.0	252.6845487905352	74.97516955937604	81.453549436464
4.902582050812914	5.806147449549061	102.97256281749769	23.103857012580093	79.05164101625827	42.04098299699374	-0.0	237.6401426969131	74.69933967722973	81.3178611966576
4.9793256963184795	5.773397425393845	102.67650791241716	23.10168457491247	80.58651392636959	41.82264950262563	-0.0	222.7767561196866	74.42452730580807	81.16149084948057
5.051147079330984	5.744138523557032	102.38164411627967	23.09947589877959	82.02294158661968	41.62759015704688	-0.0	208.11526917582958	74.15081255024259	80.99337594341179
5.118117439682923	5.718307454206868	102.08789110067151	23.097234164019774	83.36234879365846	41.45538302804579	-0.0	193.67982834499458	73.87810118994173	80.81898713331758
5.1803167562239265	5.695833815538492	101.79508811965395	23.09496120831491	84.60633512447853	41.30555877025662	-0.0	179.49879165933223	73.6064702853624	80.64141108359514
5.237835239332145	5.676639139513624	101.50357160440961	23.092658099593883	85.75670478664289	41.17759426342416	-0.0	165.60568758754175	73.33583589335515	80.46230363525845
5.290775275200915	5.660631205556541	101.21285643443512	23.090325522946355	86.8155055040183	41.070874703710274	-0.0	152.03945424535897	73.06626846473789	80.28252788212916
5.339253363430639	5.647710245488649	100.92353575354217	23.087963944651026	87.78506726861278	40.984734969924325	-0.0	138.84723666182788	72.79769219713371	80.10252635867262
5.383403062406973	5.637755849074275	100.63491540285433	23.08557373501016	88.66806124813947	40.91837232716183	-0.0	126.08350077114122	72.53017138242168	79.92252425992034
5.423377812095604	5.630631899991751	100.34774801380595	23.083155201690868	89.46755624191209	40.87087933327834	-0.0	113.81291883397567	72.26363663032512	79.742635645188
5.459354322392608	5.626185349974832	100.06121925060995	23.080708630566424	90.18708644785215	40.84123566649888	-0.0	102.11238526196999	71.99814593881547	79.56291834618344
5.491536662718976	5.624236129911311	99.77622083982368	23.07823428767011	90.83073325437951	40.828240866075404	-0.0	91.06984517128019	71.73363474008927	79.3834017907797
5.520160663158165	5.624565080887919	99.49167391879365	23.075732433917093	91.40321326316328	40.83043387258613	-0.0	80.77918115523119	71.47016183418644	79.20410114438751
5.545494778537424	5.6269546296279405	99.2088299911312	23.07320332402123	91.90989557074846	40.846364197519605	-0.0	71.3529305155528	71.20765862755766	79.02502439594863
5.567844329259706	5.6311352122280764	98.92635844935525	23.07064720904048	92.35688658519412	40.87423474818718	-0.0	62.894198345500584	70.94618405539028	78.84617594299475
5.5875481394733555	5.636816068421685	98.64561208420398	23.06806433930599	92.75096278946711	40.912107122811236	-0.0	55.49095024659952	70.68567366006252	78.66755839015659
5.604969607005112	5.643711920947707	98.36520394365189	23.065454960469282	93.09939214010222	40.958079472984714	-0.0	49.207668319198184	70.42618134902446	78.48917342451351
5.62048443351794	5.651533843873111	98.0865080982563	23.062819320226986	93.4096886703588	41.01022562582074	-0.0	44.05210718226954	70.16764954457841	78.31102229854389
5.634460804952579	5.660014461194623	97.80815125670075	23.06015765991409	93.68921609905158	41.06676307463082	-0.0	39.96377753826285	69.910124422791	78.133106009033
5.647237073416192	5.668936364681235	97.53149800864203	23.057470224831082	93.94474146832383	41.12624243120823	-0.0	36.82669825093195	69.65355487050198	77.95542546230176
5.659105188997013	5.678133694581274	97.25519736245498	23.054757252409573	94.18210377994026	41.187557963875165	-0.0	34.48596234725548	69.39797998834547	77.77798146734726
5.67030208580239	5.687489531889894	96.98055948008708	23.05201898586274	94.40604171604778	41.249930212599295	-0.0	32.775225101729426	69.14335859456928	77.60077483494109
5.681010754429195	5.696920568654987	96.70627248475935	23.04925565859825	94.6202150885839	41.31280379103325	-0.0	31.533528015621133	68.88972029082758	77.42380630993142
5.691365417113645	5.706377968289291	96.43363847006279	23.04646751166933	94.8273083422729	41.37585312192861	-0.0	30.63142909623835	68.63703048335742	77.24707666900846
5.701461675177446	5.715831429103151	96.16140655614498	23.043654774908873	95.02923350354891	41.438876194021006	-0.0	29.96847711106755	68.38531117037842	77.07058662507299
5.711366036289813	5.725261855454314	95.8907184110636	23.04081768699942	95.22732072579626	41.50174570302876	-0.0	29.470132300031047	68.13454019338894	76.89433693442773
5.721123989374976	5.734657131541592	95.62050525452672	23.037956474269137	95.42247978749951	41.56438087694395	-0.0	29.08300853442613	67.8847260744945	76.71832828648317
5.730766190629991	5.744010226176632	95.35176909950468	23.035071372884563	95.61532381259981	41.62673484117755	-0.0	28.77068337153447	67.63585670500244	76.54256142039247
5.740313179810219	5.753316872734742	95.0835937248978	23.032162606144453	95.80626359620437	41.68877915156495	-0.0	28.508433976329062	67.3879319260521	76.36703700591254
5.7497786768525465	5.762574420940169	94.8167456742898	23.02923040733076	95.99557353705093	41.750496139601125	-0.0	28.279568693252617	67.14095154191635	76.19175576389388
5.759171831128447	5.771781304234849	94.5506000777735	23.026274996991894	96.18343662256895	41.81187536156566	-0.0	28.07297756117246	66.89490153225941	76.0167183467515
5.768498759605695	5.780936626413136	94.28565555605697	23.02329660524588	96.3699751921139	41.872910842754244	-0.0	27.881296158268437	66.64979294038274	75.84192545595339
5.7777635722437894	5.790039958414133	94.02153377666646	23.020295450235714	96.55527144487579	41.93359972276089	-0.0	27.699713638347934	66.40560249020503	75.66737772842073
5.786969069374481	5.799091087833055	93.75840063210073	23.017271758830702	96.73938138748963	41.9939405855537	-0.0	27.52500960328394	66.16235487991169	75.49307584591521
5.796117177370395	5.808090055549	93.49632130642277	23.01422574699955	96.92234354740789	42.05393370366	-0.0	27.35516196557503	65.92000910306486	75.31902043109119
5.805209266858576	5.817036947641165	93.2350539410537	23.011157637885486	97.10418533717151	42.113579650941105	-0.0	27.188785351902983	65.67860352329492	75.145212143462
5.8142463359372885	5.825931945982066	92.97497941883627	23.008067645719805	97.28492671874577	42.17287963988044	-0.0	27.025000051777642	65.43808889821497	74.97165159415214
5.823229147416816	5.8347752380479365	92.71547723435715	23.004955989729773	97.46458294833631	42.23183492031958	-0.0	26.86318418291152	65.19851414258163	74.79833941954944
5.832158296313128	5.843567122656931	92.45739236742457	23.001822882899113	97.64316592626257	42.29044748437954	-0.0	26.703026916206735	64.95981769528517	74.62527622146189
5.8410342845763665	5.852307844674509	92.19975382471291	22.998668540155595	97.82068569152733	42.348718964496726	-0.0	26.544255614612478	64.72205451523085	74.45246261116068
5.849857546759194	5.860997664838703	91.94359970432656	22.9954931730892	97.99715093518387	42.40665109892469	-0.0	26.386689446942132	64.48516312035463	74.27989918096785
5.8586284690782	5.869636883748191	91.68780910586909	22.992296992753804	98.17256938156399	42.464245891654606	-0.0	26.230248128343092	64.24919731450149	74.10758651916387
5.867347411516279	5.878225784117416	91.43354300850311	22.989080209267648	98.34694823032558	42.52150522744944	-0.0	26.074859301078398	64.0140984476059	73.93552520788708
5.876014715316655	5.886764647296209	91.17959742303512	22.985843029831468	98.5202943063331	42.578430981974726	-0.0	25.920469685599894	63.7799157219023	73.76371581283283
5.8846307091361805	5.895253751503622	90.92721507832691	22.982585662975396	98.6926141827236	42.63502501002415	-0.0	25.767036072569816	63.54659431426552	73.59215890562476
5.89319570998406	5.903693393162583	90.67511567381653	22.979308312287912	98.8639141996812	42.69128928775056	-0.0	25.614550526168983	63.31418006027013	73.4208550306024
5.9017100297991085	5.912083858618064	90.42457259325558	22.97601118469448	99.03420059598216	42.747225724120426	-0.0	25.462998668356025	63.08262421036048	73.249804748541
5.910173975540444	5.920425434066293	90.17429516413304	22.97269448001818	99.20347951080888	42.80283622710862	-0.0	25.31237163652469	62.851964540433876	73.0790085817143
5.91858785324048	5.9287183843878974	89.92560973072597	22.969358403781484	99.37175706480959	42.85812256258598	-0.0	25.16263493185108	62.62215853332698	72.90846708163109
5.926951962740965	5.936962996533978	89.67716825983392	22.96600315218633	99.5390392548193	42.91308664355986	-0.0	25.01378843884567	62.39323914461483	72.73818074939771
5.935266599274651	5.945159569928882	89.4302620964816	22.962628929060518	99.705331985493	42.96773046619255	-0.0	24.86585341164597	62.16517215705757	72.56815012499784
5.943532060625412	5.953308368075901	89.18365644176754	22.959235927303325	99.87064121250822	43.022055787172675	-0.0	24.718802876668498	61.93797923586507	72.39837569029412
5.951778111232063	5.962206969372682	88.93853097237859	22.95582507511188	100.03556222464125	43.07472966813334	-0.0	25.530445232872353	61.71163531238746	72.20084129472723
5.9615206316452225	5.979760178179981	88.69377751947783	22.952471938685452	100.23041263290445	43.05448314586677	-0.0	33.763466327117385	61.48610035637773	71.51365151061941
5.974019390091982	6.00098624303236	88.45037326042628	22.949362033067853	100.48038780183963	42.89046435620583	-0.0	41.05396824636574	61.261231573717275	70.27273598394257
5.988881837350306	6.025425249214067	88.2074542685126	22.946657998168668	100.77763674700611	42.60198786978818	-0.0	47.7908280058539	61.03684589339973	68.5891091563881
6.005773541775534	6.0512451399413285	87.96577906891618	22.944482235444358	101.11547083551068	42.20940308000434	-0.0	53.310176189561986	60.812817497956914	66.60178513216076
6.02426324532193	6.076933208178821	87.72470979494292	22.942907269172515	101.4852649064386	41.7414570211587	-0.0	57.37484360375795	60.58906781831446	64.47599000556356
6.043862144292607	6.101361684590665	87.48473374384353	22.941949728453807	101.87724288585214	41.23150455647869	-0.0	59.94765440472724	60.36558357778466	62.38715041193169
6.064063944901616	6.123560613012937	87.24549960923936	22.941569986730737	102.2812788980323	40.71245269839465	-0.0	60.97984713786656	60.14236556506834	60.502706501696345
6.084352824056983	6.142829536222789	87.00724622385893	22.941677584047486	102.68705648113965	40.21487613453413	-0.0	60.45489649617208	59.91950594845455	58.96541638161269
6.104213517568099	6.158728712293843	86.7698508555484	22.942141478943164	103.08427035136198	39.7654552149406	-0.0	58.37122296439418	59.6970960219422	57.880430810358526
6.123128954438901	6.171171599479994	86.53328614917525	22.942803727857687	103.462579088778	39.38693149845971	-0.0	54.796581235222334	59.47530344842862	57.30749397979031
6.140574740535138	6.180372818272837	86.29770318147776	22.943494765263374	103.81149481070275	39.097871785976636	-0.0	49.87363891482351	59.2542481668767	57.25863928348565
6.155914516716625	6.187000468545398	86.0628392541514	22.94404863587611	104.1182903343325	38.91398547371096	-0.0	44.078021612798395	59.03412147242866	57.700720635691155
6.169193501784938	6.187811918172205	85.82907766333072	22.944316810106628	104.38387003569875	38.82447798125203	-0.0	34.11232950421566	58.8150375926404	58.561062618301584
6.181376584602919	6.180848720119364	85.59591108676534	22.944180075506925	104.62753169205838	38.82143449986086	-0.0	-0.0	58.59713062614486	59.733008599491654
6.218343702630726	6.191563516186159	85.36387795719337	22.943559591427526	104.70729144416244	39.045597208153794	-0.0	-0.0	58.38045118877488	61.07161505909789
6.893487016431884	6.190525900800663	85.13244042374947	22.942458443808047	104.70119883158948	39.32846567637085	-0.0	-0.0	58.16504930345543	62.15306522902605
8.437280987146536	6.182221009106979	84.9021121643596	22.940933405213904	104.70119883158948	39.68498348300576	-0.0	-0.0	57.950827455370685	63.41659015323691
10.841895343665588	6.170752293093607	84.67236323524385	22.938858376786797	104.70119883158948	40.123420363452865	-0.0	-0.0	57.73789313919638	65.09114589517631
14.095611161942909	6.157125052351351	84.44375973973287	22.936117497124286	104.70119883158948	40.62936946243837	-0.0	-0.0	57.526339634057656	67.06633000406893
18.182571409252525	6.142875172432162	84.21566252429844	22.93263388595324	104.70119883158948	41.186003060628416	-0.0	-0.0	57.316260448004826	69.21402356506773
23.082858223672726	6.1294074358218555	83.98874299514097	22.928374395724944	104.70119883158948	41.7703967351686	-0.0	-0.0	57.10766494457461	71.39465494961969
28.772589984090075	6.118331715008958	83.76227983241968	22.923352212603884	104.70119883158948	42.35632620201345	-0.0	-0.0	56.90056890976072	73.46409774240227
35.224037697633136	6.1111974726768015	83.53703903858084	22.91762714926843	104.70119883158948	42.91433571116144	-0.0	-0.0	56.69489848141772	75.28096284295236
42.40576013733518	6.109530844870673	83.31219528877901	22.911303527065837	104.70119883158948	43.41460730552707	-0.0	-0.0	56.490596889332366	76.71401999007735
50.28275707142425	6.114471314643432	83.08854054579024	22.904525680818065	104.70119883158948	43.82807865036603	-0.0	-0.0	56.28749478011203	77.64944548996942
58.816639837474035	6.126778346032768	82.86536685905669	22.89747116098496	104.70119883158948	44.130309177633976	-0.0	-0.0	56.08545352435355	77.99754624808116
67.9658184301339	6.145830870918153	82.64326434181861	22.890341132399463	104.70119883158948	44.30553913945435	-0.0	-0.0	55.88426994677899	77.7245089048447
77.68570419062866	6.160602607925242	82.42173257992793	22.883277279554452	104.70119883158948	44.40401738616828	-0.0	-0.0	55.68379720957277	77.27935903258677
87.47498897040444	6.1741961267068985	86.9220870337065	22.876294068647006	104.15967679900632	44.494640844712656	223.0721280277171	-0.0	55.52109461132413	76.83696961835182
95.31502963251026	6.1883512765723685	90.1237378326734	22.86952972458899	101.16411366521446	44.58900851048246	683.5321952807473	-0.0	56.451724946198404	76.39805256002217
100.18916298522691	6.203300474385597	90.32215059849493	22.86352419225467	95.55519467446982	44.68866982923731	942.3540283809895	-0.0	59.195354216762325	75.96542454426144
103.2539730456634	6.219075004901362	93.0863838070473	22.85868120628938	89.15383017378277	44.79383336600908	956.5997237483655	-0.0	62.54607058880413	75.54117093760422
105.35910190683056	6.235662940781506	96.19401484465652	22.855061262417323	82.92172661465479	44.90441960521004	908.21684392862	-0.0	65.83308753541282	75.12556484012082
106.7911762667119	6.253032407061361	99.01961111950236	22.85261221534192	77.09404360992188	45.02021604707574	836.3258116600605	-0.0	68.90680648768964	74.71828701642775
107.80646596076735	6.27113746061365	101.56987667426421	22.851247674343046	71.8019354175783	45.140916404091	749.1949250931183	-0.0	71.68392768802826	74.3188401857566
108.6331256258074	6.289921515424589	103.82630021545891	22.85086017303435	67.11049805724059	45.26614343616393	657.7342069037942	-0.0	74.11888876337555	73.92661907361594
109.42824776059946	6.309320514247957	105.79311757097847	22.85133416907089	63.01748227398041	45.39547009498638	571.9805215790915	-0.0	76.20558292390889	73.5409792196124
110.25466167574753	6.3292662129634945	107.5213555361415	22.852557896044228	59.464028690684536	45.52844141975663	495.98140344628104	-0.0	77.97036319192915	73.16129939265413
111.10542717982553	6.349689545485863	109.00736210824832	22.85443223041735	56.3657052463896	45.66459696990576	434.5409721095917	-0.0	79.46114723538723	72.78702800564952
111.92974932499106	6.370523848618219	110.26525042989563	22.85687506152919	53.633314224335855	45.80349232412146	387.0463803713827	-0.0	80.73098224041456	72.41770567754074
112.67524311356448	6.391707600667919	111.35015851136507	22.859820520937706	51.19389695929553	45.94471733778613	345.33695747479294	-0.0	81.82389232535378	72.05296069298073
113.33154659888372	6.413186287727895	112.25833374347245	22.863214737427548	49.00563978619297	46.087908584852634	310.7879614576703	-0.0	82.76882055307199	71.69248625404397
113.90234729735951	6.434913115267603	113.04137658498026	22.867011232167485	47.03935237868416	46.232754101784025	278.3655224953928	-0.0	83.58285687422214	71.33601596970652
114.40160831362134	6.456848542544652	113.70749495489436	22.871168254501228	45.27440734691134	46.37899028363101	249.9403974659323	-0.0	84.27858332763859	70.98330966393134
114.83181920083666	6.478958949554634	114.27305489296006	22.875648137201992	43.688996673501585	46.52639299703089	224.2516169593746	-0.0	84.8683684436401	70.6341498568151
115.1925909644896	6.501214986014823	114.74296956636526	22.880417280588393	42.26356690829507	46.67476657343215	201.1614422079694	-0.0	85.36415420356784	70.28834156183353
115.48822034493166	6.523590158973808	115.1164888770747	22.885445715209674	40.983090933580854	46.82393439315872	182.90935489232493	-0.0	85.77574659602236	69.94570987081917
115.72043284842526	6.546059985174535	115.42113877016429	22.890706314381617	39.83388281087539	46.973733234496905	164.12332876068342	-0.0	86.11061753964255	69.60609571474765
115.89578336467268	6.568601705378509	115.65780647649147	22.896174209612848	38.805828216098334	47.12401136919006	146.34862464782083	-0.0	86.37508669081893	69.26935271287168
116.01645241930612	6.591194313207208	115.83315338457818	22.901826565257586	37.88893777700443	47.274628754714726	128.44030958197817	-0.0	86.57507266842757	68.9353459237601
116.08843336140797	6.6138185985985185	115.9414711321143	22.907642419155753	37.07588398864555	47.42545732399012	115.00695907826496	-0.0	86.71573338770426	68.6039509484776
116.11383646209323	6.636457027388256	115.9892193876197	22.9136022765729	36.35932278455903	47.57638018258837	105.9034310238249	-0.0	86.80104731351483	68.27505174309012
116.07409563958613	6.659093461408489	115.98708368274869	22.91968832001268	35.72680649454427	47.72728974272326	88.49336763492454	-0.0	86.83760798802915	67.94854167947749
115.99655393059379	6.681712843612337	115.93279717270154	22.925884532693594	35.1809137722302	47.87808562408225	75.75030171756742	-0.0	86.8268921448995	67.62432413806481
115.87902759232838	6.70430097228799	115.64319141057126	22.93217457863819	34.715979277645374	48.0286731485866	145.68890265954025	-0.0	86.77314677185616	67.30230133131366
115.70746258002725	6.726844400212079	115.6743975003535	22.938546394813937	34.32377896418357	48.17896266808053	54.55141767761178	-0.0	86.67671073749477	66.9823984172387
115.6159542518055	6.749330403978635	115.61900819307056	22.944978053890345	34.03969178851137	48.32886935985757	-0.0	-0.0	86.51143277106435	66.6644891398481
115.36221242281911	6.77174695101887	115.32664738747307	22.951455362277542	33.79099761657474	48.47831300679247	56.576083119490654	-0.0	86.32921371617603	66.34848856625412
114.99264852240786	6.7940825527859845	115.0121957399356	22.95797371939627	33.589483309819194	48.62721701857323	-0.0	-0.0	86.12838067818268	66.03436252367754
114.64610220788781	6.816325834836643	114.65493015587862	22.96452112796312	33.482771629780544	48.775505565577625	-0.0	-0.0	85.87875377337727	65.72203816906415
113.7396613439482	6.838465934015905	114.40460502643256	22.971080158684952	33.46729021284424	48.9231062267727	-0.0	-0.0	85.5747124104309	65.4114145484752
111.81437164019185	6.860491615114089	114.17897295615786	22.977633338857373	33.46729021284424	49.069944100760594	-0.0	-0.0	85.23988224665185	65.10239102749783
108.85355490143452	6.882387928693663	113.7217373025179	22.984183250620934	33.46729021284424	49.21591952462442	-0.0	-0.0	84.92837797850031	64.79497280556309
104.91485914359795	6.904148706272809	113.505931707399	22.990727326696966	33.46729021284424	49.36099137515206	-0.0	-0.0	84.5982531765863	64.48913794082438
100.07497198898436	6.925777255485621	113.0525585257982	22.997267198909945	33.46729021284424	49.505181703237476	-0.0	-0.0	84.28684537072387	64.18488671950197
94.42812753459056	6.947270979331573	112.8317947737575	23.00380151897516	33.46729021284424	49.64847319554382	-0.0	-0.0	83.96124292841392	63.882203720248924
88.08427158515092	6.968630518795765	112.39271634540926	23.010330966024537	33.46729021284424	49.7908701253051	-0.0	-0.0	83.65023846996594	63.58108430027159
81.16692097438447	6.989858965751065	112.15993102103907	23.016854942134454	33.46729021284424	49.9323931050071	-0.0	-0.0	83.32879541065424	63.28151708937666
73.81075865410195	7.010954682410356	111.73950057305352	23.02337355339899	33.46729021284424	50.07303121606904	-0.0	-0.0	83.01853060755327	62.98349451444952
66.15901137556337	7.031919322191355	111.49236543210304	23.029886641098294	33.46729021284424	50.2127954812757	-0.0	-0.0	82.70088000772165	62.6870076160033
58.360661020414504	7.052754689573018	111.0913362672874	23.036393991145495	33.46729021284424	50.35169793048679	-0.0	-0.0	82.39167533722684	62.39204722185777
50.567543877461915	7.073459877213961	110.83019329194735	23.042895679964573	33.46729021284424	50.48973251475974	-0.0	-0.0	82.07748156752503	62.098605706627474
42.93139434324899	7.094036760100988	110.4473573791657	23.049391336148197	33.46729021284424	50.62691173400659	-0.0	-0.0	81.76961690179617	61.806673156473856
35.60089060652457	7.114486312363174	110.17393363125542	23.05588114268563	33.46729021284424	50.76324208242116	-0.0	-0.0	81.45859061586864	61.51624260101436
28.71875983800976	7.134808308169736	109.80719302129138	23.062363275455724	33.46729021284424	50.89872205446491	-0.0	-0.0	81.1522965774338	61.29789578147238
22.418999248313696	7.155004492506529	109.52375557124913	23.06867219986035	33.46729021284424	51.03336328337686	-0.0	-0.0	80.84429888257885	62.019220172353904
16.824267120885388	7.175075409780422	109.17070508442956	23.074559992002683	33.46729021284424	51.167169398536146	-0.0	-0.0	80.5402011091724	63.21753506174627
12.043494617367646	7.19502135403605	108.87961116893663	23.07991085550895	33.46729021284424	51.300142360240336	-0.0	-0.0	80.23575325111362	64.69357821344173
8.16976485425233	7.2148438031308615	108.53791826262291	23.084650848945003	33.46729021284424	51.43229202087241	-0.0	-0.0	79.9345634511516	66.35465770973902
5.420080755231447	7.1255406240095525	108.24134482295808	23.08873250935268	34.54166795255228	50.836937493397016	-0.0	326.4831416760008	79.63383968286469	68.12874638711278
3.7049823957287122	6.981509520805803	107.90893043129573	23.092130982863086	37.20099395575943	49.876730138705355	-0.0	452.5294966268146	79.33585485225129	69.94357387275623
2.9997087439287133	6.856746754724786	107.60871947448129	23.09484689285024	40.38869920960113	49.044978364831906	-0.0	490.98357984229426	79.03884100483131	71.71619026860247
3.1308614265789556	6.755229517078112	107.28384269711835	23.09690972784813	43.61722853157911	48.36819678052075	-0.0	475.94433041711636	78.74413910468479	73.35423096649365
3.2867856388094534	6.664633078568472	106.98153671911022	23.09837118288861	46.73571277618907	47.76422052378982	-0.0	459.4730296599994	78.4506546774377	74.82670327752045
3.4372388669624145	6.578751198714678	106.66278053107605	23.099284997801835	49.74477733924829	47.19167465809785	-0.0	443.1077980971633	78.15911175231976	76.13682396281338
3.5822473927870235	6.496903878240773	106.3595694589621	23.09970403561849	52.64494785574047	46.646025854938486	-0.0	426.80912635610235	77.86888586268256	77.2883317860325
3.7218330544514444	6.419003154805601	106.04582343262035	23.099679600099247	55.43666108902888	46.12668769870401	-0.0	410.5765839306168	77.58032370085347	78.2853573941864
3.856018550212703	6.345021068155189	105.7426358346991	23.099261786263057	58.12037100425406	45.63347378770126	-0.0	394.4143219653736	77.29310435526448	79.13253411654077
3.9848281389103115	6.274934319494118	105.4330674094354	23.098498864889063	60.69656277820623	45.16622879662746	-0.0	378.32741942197094	77.00734211479046	79.83513977595074
4.108287881578594	6.208719022877272	105.13057721613035	23.097437416114072	63.16575763157188	44.72479348584848	-0.0	362.3216062163108	76.72290187381373	80.39929093867624
4.226425859114999	6.146349528108408	104.82455755220492	23.096121697051576	65.52851718229996	44.308996854056055	-0.0	346.4032755504603	76.43976336258119	80.83219581935317
4.339272407047922	6.087798217099703	104.52325737092174	23.09459351103624	67.78544814095844	43.91865478066469	-0.0	330.579586678059	76.15789950222798	81.14248346560865
4.446860397314863	6.033035556696117	104.22033971884602	23.092891449284775	69.93720794629725	43.55357037797411	-0.0	314.8586150343172	75.8772197827362	81.34059524668707
4.54922556276268	5.982029426212861	103.92056353943116	23.091050436204192	71.9845112552536	43.21352950808574	-0.0	299.2494636012508	75.59775759162666	81.4391778768909
4.646406868635809	5.93474502319253	103.62043519716319	23.08910080308196	73.9281373727162	42.89830015461687	-0.0	283.76246168194103	75.31939256755945	81.45328031443243
4.738446956928493	5.891144640187487	103.32242262985858	23.087067688896013	75.76893913856985	42.60763093458325	-0.0	268.40939850103445	75.04219181172107	81.39998372245954
4.825392669442113	5.851186722875979	103.02483132963002	23.084970450022535	77.50785338884226	42.34124481917319	-0.0	253.20372892123171	74.76603199426133	81.29706694983415
4.907295663178516	5.814825375738962	102.72874490994951	23.082822874113376	79.14591326357032	42.098835838259745	-0.0	238.16088477125678	74.4909947531896	81.1608490995219
4.984213135294418	5.782010175935458	102.43356238325005	23.08063391327317	80.68426270588836	41.88006783956972	-0.0	223.29871258040205	74.21696824647917	81.00424147326909
5.056208676295161	5.752685851132548	102.1394829102069	23.07840901161722	82.12417352590322	41.684572340883655	-0.0	208.63802009062655	73.94403922668765	80.83608975916361
5.123353371951893	5.726788778544586	101.84658550051876	23.076151296137677	83.46706743903786	41.51192519029724	-0.0	194.20276236975445	73.67210777480925	80.66178843764656
5.185726976885932	5.704249372102685	101.5545637882511	23.073862571864215	84.71453953771864	41.361662480684565	-0.0	180.0212479154809	73.40125624731877	80.48437192469872
5.2434194433904935	5.68498911544286	101.26389626977468	23.071543888183573	85.86838886780987	41.233260769619065	-0.0	166.12677238564794	73.13139540305201	80.30546429100474
5.296532796046319	5.668916968027368	100.97396161963582	23.069195919165207	86.93065592092637	41.12611312018245	-0.0	152.55822084966636	72.86260133927733	80.12591038860363
5.345183206802424	5.655930680858859	100.68547213063798	23.066819124855403	87.90366413604846	41.039537872392394	-0.0	139.36182091422026	72.5947930472014	79.94614271575009
5.3895035783855265	5.645913979470021	100.39763221634011	23.06441387149798	88.79007156771053	40.972759863133476	-0.0	126.59245659904423	72.32803892293413	79.76638097588362
5.429646733926467	5.638729711628913	100.11128274583443	23.061980464380902	89.59293467852933	40.92486474419275	-0.0	114.31398036287099	72.06226652919439	79.58673633231318
5.465788576496727	5.63422482537374	99.8255312474536	23.059519187329645	90.31577152993452	40.89483216915826	-0.0	102.6024636878341	71.79753650199966	79.4072650668576
5.498132235033268	5.63221841492929	99.54129824213051	23.05703030497387	90.96264470066536	40.8814560995286	-0.0	91.5444495504853	71.53378349246118	79.22799578918205
5.52691173273716	5.632502792253603	99.25762292346258	23.05451407715253	91.53823465474319	40.88335194835735	-0.0	81.23694491903102	71.271061948889	79.04894323274861
5.552394676155701	5.634849461657341	98.97549197825447	23.051970756789167	92.04789352311401	40.89899641104894	-0.0	71.78735330023316	71.00931216463874	78.87011515639094
5.574884541413517	5.638993992210823	98.69388731675144	23.049400594623854	92.49769082827034	40.92662661473882	-0.0	63.29961038451695	70.74858328851381	78.69151583937797
5.594718212313745	5.6446502297381995	98.41384177174281	23.046803839010284	92.89436424627489	40.964334864921334	-0.0	55.8636830958041	70.4888204610238	78.5131478155006
5.612257831496037	5.651530238335862	98.13428510537506	23.04418073547747	93.24515662992073	41.01020158890575	-0.0	49.543167313859584	70.2300686446043	78.33501273965123
5.627877973640622	5.659346779028845	97.85630159120302	23.041531529694552	93.55755947281244	41.0623118601923	-0.0	44.34862271552456	69.97227771184177	78.15711183703134
5.641946634438632	5.667831283214542	97.5787763326408	23.038856462917586	93.83893268877264	41.11887522143028	-0.0	40.22176709810708	69.71548799917014	77.97944609520565
5.654802813048799	5.676764906995964	97.30284551332154	23.036155778454265	94.09605626097598	41.17843271330643	-0.0	37.04903334363544	69.45965286641344	77.80201640518055
5.666739804187876	5.685980402080868	97.0273511512145	23.03342971361828	94.33479608375752	41.23986934720579	-0.0	34.67762056877599	69.20480848442442	77.62482357258048
5.67799635353592	5.695359076171036	96.75344396940044	23.030678509718463	94.55992707071839	41.302393841140244	-0.0	32.94192108385274	68.95091521671658	77.44786839648141
5.688757289899223	5.704816578323427	96.47994942883413	23.027902399972472	94.77514579798445	41.36544385548951	-0.0	31.681311944311016	68.69800192421184	77.27115161953697
5.699158652626484	5.714302242042945	96.20805715568572	23.025101623638204	94.98317305252968	41.42868161361963	-0.0	30.764823070006287	68.44603390614091	77.09467400815737
5.709297483355335	5.723785017693634	95.93658813131042	23.022276410259607	95.1859496671067	41.491900117957556	-0.0	30.091043453886385	68.19503490942934	76.9184362731168
5.719241361150737	5.733245698487619	95.66665273897495	23.01942699692853	95.38482722301474	41.5549713232508	-0.0	29.58498070905435	67.94498000138995	76.74243916161488
5.729036637092047	5.742671663817593	95.39720012630536	23.016553609356546	95.58073274184095	41.61781109211729	-0.0	29.192279293447246	67.69587965639005	76.56668335929702
5.738714567509191	5.752055739266183	95.1292089073022	23.01365648247418	95.7742913501838	41.680371595107886	-0.0	28.875997555270963	67.4477211523392	76.39116959815101
5.748296145049809	5.7613933730209	94.8617652114124	23.010735838785948	95.96592290099619	41.742622486806006	-0.0	28.610780279349065	67.20050566376607	76.21589854344113
5.757795379235141	5.7706819281151445	94.59567427727822	23.007791910486663	96.15590758470282	41.8045461874343	-0.0	28.379734054430926	66.95423026677551	76.04087090963358
5.767221636644096	5.779919727245894	94.3302769978927	23.004824917068714	96.34443273288191	41.86613151497263	-0.0	28.171451198197065	66.70888209326945	75.86608734323724
5.776581171675586	5.789105891665136	94.06604911807162	23.001835087866862	96.53162343351171	41.92737261110091	-0.0	27.97847385664305	66.46447475695882	75.6915485409091
5.785878199970429	5.798239918944063	93.80264624652473	22.998822639946308	96.71756399940857	41.98826612629375	-0.0	27.7958168768632	66.22098244080873	75.51725513361205
5.795115582296165	5.80732163392882	93.54025716308088	22.995787799262644	96.9023116459233	42.048810892858796	-0.0	27.620250307354357	65.9784290451806	75.34320779763202
5.8042953030865085	5.816350977156903	93.27894495086731	22.992730780724212	97.08590606173016	42.10900651437935	-0.0	27.449583410311437	65.73677289552899	75.16940714998691
5.81341875374855	5.82532810816584	93.01834333733737	22.989651806574905	97.26837507497099	42.16885405443893	-0.0	27.28249715624637	65.49605903874279	74.9958538446677
5.822486957764256	5.834253174818113	92.75900065419673	22.986551090223912	97.44973915528512	42.228354498787425	-0.0	27.118048710518973	65.25623068208691	74.82254848816324
5.83150068674979	5.843126407119326	92.50018486091304	22.983428849769005	97.63001373499579	42.287509380795505	-0.0	26.955658461554993	65.01734097721656	74.64949171036797
5.840460559048785	5.85194800356217	92.24294544033951	22.980285297681604	97.8092111809757	42.3463200237478	-0.0	26.79487417560611	64.77932116727212	74.47668411032073
5.849367073303107	5.860718287073394	91.98589239227861	22.977120647008725	97.98734146606213	42.404788580489296	-0.0	26.635518779309447	64.54224032976599	74.30412628877804
5.858220669550419	5.869437515706707	91.73056144075719	22.973935109783824	98.16441339100837	42.46291677137805	-0.0	26.477403285972294	64.30602200054139	74.13181883996782
5.8670217409109835	5.878105966633101	91.4753709139889	22.970728894678988	98.34043481821966	42.52070644422068	-0.0	26.320412375803684	64.07073240370133	73.95976233933153
5.875770650715631	5.886723919548166	91.22191784754912	22.96750221229636	98.51541301431261	42.578159463654444	-0.0	26.16446640070216	63.83630124627293	73.78795737129988
5.884467740216592	5.895291673181533	90.96859734468329	22.964255267574554	98.68935480433183	42.635277821210224	-0.0	26.0095330659514	63.602787937147006	73.61640448925026
5.893113338696569	5.903809515075799	90.7169816949266	22.960988269498923	98.86226677393137	42.69206343383866	-0.0	25.855580126964014	63.370131110027565	73.44510426666626
5.901707768414301	5.912277715697385	90.4655146307558	22.957701419473537	99.03415536828602	42.748518104649236	-0.0	25.702562230111717	63.13838098765545	73.27405723630505
5.9102513414267905	5.920696571744486	90.21571728313253	22.954394924614732	99.20502682853581	42.80464381162991	-0.0	25.55047738998163	62.90748437121613	73.10326395959648
5.9187443656329775	5.92906637265438	89.96612097639274	22.951068983032023	99.37488731265954	42.86044248436254	-0.0	25.39931965304695	62.677481901144986	72.93272494953895
5.92718714602115	5.9373874003446	89.71812871877309	22.94772379998993	99.54374292042299	42.91591600229734	-0.0	25.249077116117665	62.448331849464935	72.76244075566099
5.935579986374389	5.945659922472987	89.47036095747809	22.944359570334846	99.71159972748778	42.97106614981991	-0.0	25.099721236746234	62.22006521726606	72.59241187193291
5.943923185777914	5.953884219825902	89.2241356173017	22.940976497370205	99.87846371555827	43.025894798839346	-0.0	24.951245019021712	61.992649050113286	72.42263883550226
5.952217035311083	5.962060612357183	88.97822890604085	22.93757477273567	100.04434070622166	43.08040408238122	-0.0	24.80370063884097	61.76610155089374	72.25312212073368
5.960500782247328	5.971103852000636	88.73378142055634	22.93415565382297	100.21001564494655	43.13275264497224	-0.0	25.742802092657517	61.54040464750042	72.0506702791784
5.970353846899904	5.9886309175354535	88.48970585921188	22.930798335915906	100.40707693799807	43.10771349460675	-0.0	33.798179162816304	61.3155144080658	71.34821545913255
5.982910534390842	6.010393791744816	88.24696672078963	22.9276889965683	100.65821068781683	42.9427463432933	-0.0	41.44518771369439	61.09127006865495	70.09453606789637
5.997871834779356	6.0348472722924	88.00474203879881	22.924989447616095	100.9574366955871	42.65031471912359	-0.0	48.07249571808476	60.86751101539782	68.40098439645786
6.014850643410219	6.060680392743081	87.76372560451507	22.922821019154664	101.29701286820438	42.25448777422042	-0.0	53.51970976475739	60.64410692760095	66.40744360339957
6.0334103921771	6.086459318586458	87.52333344527763	22.92125492502985	101.66820784354198	41.78466768663656	-0.0	57.58088138075788	60.4209724211206	64.27970939002721
6.053071833072481	6.110902680457921	87.28401241235198	22.920306368314865	102.06143666144962	41.273302769450886	-0.0	60.1201127875689	60.19810169214322	62.193333545589546
6.073325188197181	6.133092339862038	87.04545530394196	22.919934331397368	102.4665037639436	40.7536243143988	-0.0	61.118303142786424	59.97549810055089	60.31542588930588
6.093654753022471	6.152329778442927	86.80785428190757	22.92004713865692	102.87309506044942	40.256157573649496	-0.0	60.55732068692026	59.7532515323786	58.78801986528843
6.113501363273128	6.168724175783577	86.57119513125322	22.920512818044433	103.27002726546256	39.81065588035039	-0.0	58.74883643020558	59.531448016643225	57.71525583541184
6.1324861985602315	6.1804061989911165	86.33512532012548	22.92117285257631	103.64972397120462	39.42948414982674	-0.0	54.72659341609266	59.31028353148998	57.155715148440954
6.149945772564156	6.189446152496907	86.10036863761458	22.921857487969103	103.99891545128312	39.141799228348	-0.0	49.68675624144631	59.089840108657405	57.12024820309258
6.16539224796805	6.195585615968497	85.86600619825802	22.922400955147346	104.307844959361	38.95791753915002	-0.0	43.44059737190452	58.87033572468443	57.57460938692167
6.177463300642693	6.201756440157773	85.63302216591573	22.922655247711994	104.54926601285386	38.90126264858555	-0.0	38.96564152804975	58.65186065288064	58.44515282475744
6.190214868587052	6.195944040465365	85.40037341957381	22.922501973728323	104.80429737174104	38.90796833676851	-0.0	18.922823319858036	58.434580528321	59.62430932877997
6.235543410196377	6.197293098472807	85.16910252425401	22.92186352460373	104.92427265780519	39.083391664144145	-0.0	-0.0	58.21851628193361	60.96608557196019
6.934259481928718	6.1978123531830365	84.93820354119588	22.920745948689554	104.92427265780519	39.37839051735956	-0.0	-0.0	58.003730640782	62.0423095887403
8.503050634955219	6.189717661553395	84.70862646384089	22.919202143328928	104.92427265780519	39.73939990679128	-0.0	-0.0	57.790106980939655	63.320366092577366
10.934271342116574	6.178038924309573	84.47940588528422	22.917104416218056	104.92427265780519	40.17964406096217	-0.0	-0.0	57.57781318734923	65.00567944254975
14.216073012918711	6.164470390387494	84.25151826521218	22.914338020784324	104.92427265780519	40.688506670438414	-0.0	-0.0	57.36687004814363	66.98859089163182
18.332461737811947	6.150254377422187	84.02397796480953	22.910827132751248	104.92427265780519	41.24728740858958	-0.0	-0.0	57.15740269197896	69.14056075153763
23.263376234752286	6.136853720207583	83.79776759410454	22.90653977272773	104.92427265780519	41.83322618984635	-0.0	-0.0	56.949415975793364	71.32177155674277
28.984785618155236	6.125844001295323	83.57186084033565	22.901490340420587	104.92427265780519	42.41972853864258	-0.0	-0.0	56.7429414294082	73.3880410429424
35.468806513777935	6.118894208112015	83.34728316685083	22.895739853208863	104.92427265780519	42.97799073784651	-0.0	-0.0	56.5378865405191	75.1981222527777
42.683838948764844	6.117343259955825	83.12302421285517	22.889393755080015	104.92427265780519	43.476968829520885	-0.0	-0.0	56.33418012588294	76.62112501826897
50.594720354583465	6.122501589149801	82.90003598641914	22.882597361149504	104.92427265780519	43.888777029711804	-0.0	-0.0	56.13167659545951	77.54375469111831
59.16289693232994	6.135041529213108	82.67744543104386	22.875529001502297	104.92427265780519	44.18858960319668	-0.0	-0.0	55.93022607888084	77.87701705775244
68.34661154524458	6.154168767548822	82.45598209746086	22.868390158266884	104.92427265780519	44.36112511699215	-0.0	-0.0	55.72962775662717	77.59284132124228
78.10110722274023	6.16888012815656	82.23504670571074	22.861318820683753	104.92427265780519	44.459200854377066	-0.0	-0.0	55.52973430860004	77.1483434407582
87.84927024562745	6.18250742043196	87.18456283501587	22.854328864396226	104.29442111284399	44.5500494695464	244.5887711139711	-0.0	55.38246020162815	76.7066064843438
95.5349091222633	6.196707768605283	89.94958823375237	22.847578721308462	101.11717110143721	44.644718457368555	708.9985049109654	-0.0	56.42694047236575	76.26844849246812
100.28494356809603	6.211703887988019	90.26686645570761	22.841622293939892	95.40059046094824	44.744692586586794	949.5403836145975	-0.0	59.248518208860276	75.83675875036114
103.30141545001776	6.2275258411192125	93.1279103874297	22.836841270061807	88.9812741513523	44.850172274128084	956.8779732196398	-0.0	62.61249965167939	75.41350593325596
105.37793892836714	6.244161381479138	96.2299717299195	22.833284364501846	82.75155554326979	44.96107587652759	907.3681986163544	-0.0	65.89926620474823	74.99890101097265
106.79008927007838	6.261578419826955	99.04948876173759	22.830897253522647	76.93290890813418	45.07718946551303	834.6580412064998	-0.0	68.9686665346459	74.59261331713698
107.79467399117573	6.27973082135579	101.59044863132354	22.829592370577647	71.65475735978042	45.19820547570527	747.248474328785	-0.0	71.73839786074512	74.19413945743618
108.61665487505658	6.29856183089455	103.84164559380328	22.829261522498292	66.97878560221086	45.323745539297	655.553838607324	-0.0	74.1643507594409	73.80287043361346
109.40954988592337	6.318007253330287	105.81339306884843	22.829788909138227	62.90018799728997	45.45338168886858	568.9060674107324	-0.0	76.24186855077296	73.41816054266525
110.23890428612721	6.3379987460132	107.52300722108716	22.831062886641153	59.36169958355542	45.58665830675467	494.39936878358253	-0.0	77.99849888522931	73.03938931362451
111.09048341705939	6.358467188577172	108.99857137560036	22.832984718867735	56.27514947275292	45.72311459051448	433.9033115007447	-0.0	79.48242331073892	72.66600730552408
111.910149086557	6.379345907882996	110.26880589550571	22.835472760185212	53.550355431770974	45.86230605255331	384.34475044498294	-0.0	80.74674030738554	72.2975576793461
112.65622651438701	6.400573410255958	111.33214523505309	22.838461542404435	51.119879423639674	46.00382273503972	345.20619220989244	-0.0	81.83521643286495	71.93367090807861
113.3082499405191	6.422095235297735	112.24573171374931	22.841897465581827	48.93741544161826	46.147301568651564	309.23557429455246	-0.0	82.77629622659803	71.57404169354034
113.87991966494269	6.4438646512887665	113.01052066229332	22.84573421001009	46.97830311438755	46.29243100859178	279.7247043763629	-0.0	83.58688061663693	71.21840454802431
114.3749713459935	6.465842174166151	113.68531952242247	22.849930143000872	45.21775971858897	46.43894782777434	249.135834679382	-0.0	84.27948284462173	70.86651997816622
114.80355198975765	6.48799422456876	114.24708480404975	22.854447713080464	43.6371987587351	46.58662816379173	223.79018457857165	-0.0	84.86649853586667	70.51817117156742
115.16438936023961	6.510291474903155	114.70588405462398	22.8592534338224	42.216715940275314	46.73527649935436	203.13905952673605	-0.0	85.359830266276	70.17316379255037
115.45754318305877	6.532707441809438	115.08066568105713	22.864317429867576	40.93981573665073	46.88471627872959	184.17104870241764	-0.0	85.76921028474854	69.83132347975699
115.68852809716866	6.555217646093531	115.38211376141923	22.869612647096318	39.7942435695502	47.03478430729021	166.06411477934685	-0.0	86.10206076036691	69.49249159511409
115.8591188193477	6.577799332951836	115.63072892604366	22.875114278978756	38.768325199258435	47.18532888634557	143.37046556862276	-0.0	86.36468494147749	69.15652213093158
115.98022568045596	6.600431502700242	115.79697050448473	22.880799548333442	37.855002953175934	47.336210018001616	128.42494242712488	-0.0	86.56298978424003	68.82328049852168
116.04904097451562	6.623094952596609	115.89966959440396	22.886647559549882	37.044106586184284	47.48729968397739	115.94578133787095	-0.0	86.70238502099765	68.49264269241829
116.06307875088869	6.645772153616183	115.94973643611719	22.892639154443607	36.32698802383284	47.63848102410789	100.99905113135996	-0.0	86.78785637780804	68.16449447822113
116.03468615259547	6.66844696890764	115.94890700970932	22.898756491264635	35.7006840324802	47.789646459384265	87.8642296941923	-0.0	86.82192251898717	67.8387291297261
115.96442228110278	6.691104339304082	115.9028206284736	22.904982479987844	35.159503563974376	47.940695595360545	74.45904066415363	-0.0	86.80735142265979	67.51524442740111
115.85632395142005	6.71373005917859	115.80336819393214	22.911301240470138	34.699706665008506	48.09153372785727	69.03635400216109	-0.0	86.74789672838365	67.19394504048721
115.74828155204825	6.736310677691892	115.71931427669467	22.91769648381886	34.328178688326	48.24207118461262	51.05932610035283	-0.0	86.63661072160829	66.8747339837601
115.55873032562397	6.7588334702738475	115.4890458176453	22.924152833850613	34.017815021502706	48.392223135158986	79.19347017323946	-0.0	86.49129593627285	66.55751959281747
115.26202100051273	6.781286397840441	115.24197776059651	22.930660699087138	33.75891043634703	48.54190931893628	42.472244966092425	-0.0	86.31933786910419	66.24224104148779
114.96415196093565	6.80365797294868	114.96620002840491	22.93720855299157	33.579956215635356	48.6910531529912	-0.0	-0.0	86.10607320145397	65.92882764819204
114.62496777604788	6.825936851772225	114.63621346976261	22.943781164722353	33.47903345077841	48.839579011814834	-0.0	-0.0	85.84828091775621	65.61718966622772
113.68244469250125	6.84811213915269	114.33716186699442	22.950364627695766	33.460938696397456	48.98741426101793	-0.0	-0.0	85.54700926273507	65.30724477606682
111.73110597323526	6.870174562333172	114.14160013130665	22.95694298179555	33.460938696397456	49.134497082221145	-0.0	-0.0	85.21296086648995	64.99890031403851
108.74564192008374	6.892115601123124	113.66348392284743	22.963517348901775	33.460938696397456	49.28077067415416	-0.0	-0.0	84.90080965728006	64.69215381261316
104.78418043979045	6.913921949505962	113.46170181628956	22.970086125100746	33.460938696397456	49.42614633003975	-0.0	-0.0	84.57153107610303	64.38698842790237
99.92385241029747	6.935593419220693	113.00001977450175	22.976650146909613	33.460938696397456	49.57062279480462	-0.0	-0.0	84.25942304522377	64.0834002804903
94.259289918746	6.957133221899455	112.78356118171283	22.98320871916851	33.460938696397456	49.7142214793297	-0.0	-0.0	83.9346620349188	63.78137741377202
87.9007837455283	6.978537256182902	112.34355154817244	22.9897619935339	33.460938696397456	49.856915041219345	-0.0	-0.0	83.62300265720319	63.48091242888302
80.97213596873819	6.999808829858552	112.10959923488737	22.996309799029003	33.460938696397456	49.99872553239035	-0.0	-0.0	83.30232636391223	63.181996229262054
73.60824949949793	7.02094963107518	111.69219567894766	23.002851904082604	33.460938696397456	50.13966420716787	-0.0	-0.0	82.99149923149248	62.884619484852045
65.95250148063224	7.041957546867945	111.44113364444001	23.00938841851892	33.460938696397456	50.279716979119634	-0.0	-0.0	82.67451209780239	62.588774675283176
58.15395168943615	7.06283584447898	111.04493280229643	23.015918921771597	33.460938696397456	50.418905629859864	-0.0	-0.0	82.36485290612949	62.29445156207678
50.36444029779761	7.0835849627573175	110.77879905979235	23.02244365093382	33.460938696397456	50.557233085048786	-0.0	-0.0	82.05121358659618	62.00164339037476
42.73563149716879	7.104204204051163	110.401293152154	23.02896211615184	33.460938696397456	50.69469469367442	-0.0	-0.0	81.74300051861785	61.71033964355282
35.41606054995145	7.1246962662144275	110.122802525748	23.035474589684842	33.460938696397456	50.83130844142952	-0.0	-0.0	81.43242648017238	61.420533845185595
28.548241762074305	7.1450610688142175	109.76116670618413	23.04197808139197	33.460938696397456	50.96707379209479	-0.0	-0.0	81.12587957679824	61.219340034736724
22.265893685470985	7.165298871726786	109.47309520336856	23.04830066278243	33.460938696397456	51.10199247817857	-0.0	-0.0	80.81825241635354	61.95813120748227
16.691335576583302	7.185411705317011	109.12456654366756	23.0541983424439	33.460938696397456	51.236078035446745	-0.0	-0.0	80.51399278683532	63.164874705459056
11.933105802685311	7.205399422647064	108.82951272888131	23.059556902582827	33.460938696397456	51.36932948431376	-0.0	-0.0	80.20984819791492	64.6464612517492
8.083848566364104	7.22526282967144	108.49161672664424	23.064303141430464	33.460938696397456	51.5017521978096	-0.0	-0.0	79.90856550706658	66.31116330698839
5.362044637568338	7.13286160806751	108.19181535507602	23.068390181776447	34.56542011420037	50.885744053783405	-0.0	332.6801176148017	79.60808840295876	68.0871129330608
3.672379775402619	6.9885557779853755	107.86248151168641	23.071793768691716	37.252539790051266	49.92370518656917	-0.0	455.2592669692977	79.31006260966123	69.90188085960418
2.9962223124643224	6.864185075761437	107.55973421862618	23.07451519628056	40.451547567016576	49.094567171742916	-0.0	491.67842408028207	79.01324988974562	71.67213536523845
3.134114883459259	6.763030385301131	107.23728563398723	23.076584717910993	43.682297669185175	48.420202568674206	-0.0	476.24281502728945	78.71854429623293	73.30594945448404
3.290139579058768	6.672447185978158	106.93303530330516	23.078054265672765	46.802791581175356	47.816314573187725	-0.0	459.7762775877654	78.42522474782854	74.7741954670357
3.4406942602755564	6.5865365470364425	106.6161317182599	23.078977571414722	49.81388520551113	47.24357698024295	-0.0	443.4130612899843	78.13370425094934	76.08016237668991
3.58580484748158	6.504655722661741	106.31153590385793	23.079407459252476	52.7160969496316	46.69770481774494	-0.0	427.11611968966946	77.84361388605997	77.22759746678544
3.7254931383431233	6.426720248699757	105.99917304530041	23.07939521718764	55.50986276686246	46.17813499133172	-0.0	410.88525697241755	77.55509237011418	78.2206426533466
3.859781820800731	6.352702817932852	105.69498321223833	23.078990895188213	58.195636416014615	45.68468545288568	-0.0	394.7246664711461	77.26798834059653	79.06394593929562
3.988695153390191	6.282580234143926	105.38645273344206	23.0782427372401	60.77390306780382	45.21720156095951	-0.0	378.6394294670174	76.98227816643151	79.76280480070484
4.112259189984687	6.21632835527675	105.0832637704037	23.07719726707306	63.24518379969374	44.775522368511666	-0.0	362.6352476397653	76.69793823695679	80.32336198177822
4.230502000983474	6.153921777516678	104.77802139007011	23.075898695995843	65.61004001966947	44.359478516777855	-0.0	346.7185256563676	76.4148589961721	80.75286099547252
4.343453913616068	6.095332851290112	104.47624847985318	23.07438874943003	67.86907827232137	43.968885675267416	-0.0	330.89640917457496	76.13308425212955	81.05997791592233
4.4511477831751325	6.0405318924778	104.1739118838774	23.072705940314417	70.02295566350264	43.603545949852	-0.0	315.1769452726781	75.8524679458697	81.25521545759781
4.55361932060541	5.989487076161992	103.87383397259612	23.070885076990386	72.0723864121082	43.26324717441328	-0.0	299.5692486259001	75.5730870522905	81.3512951431034
4.650907468529679	5.942163493336939	103.57412621753137	23.068956363057204	74.01814937059358	42.94775662224626	-0.0	284.0836171806705	75.29478840830623	81.36334574978478
4.743054836894849	5.898523282818604	103.27594209470642	23.06694477387347	75.86109673789699	42.65682188545736	-0.0	268.7317954210753	75.01766293407381	81.3085097232328
4.830108224923979	5.858525160666815	102.97867637014446	23.064869500718704	77.60216449847957	42.39016773777877	-0.0	253.5272342055726	74.74157054659312	81.20457449166675
4.912119234691168	5.8221234044759465	102.68250431677409	23.062744165286443	79.24238469382337	42.14748936317298	-0.0	238.4853467438799	74.46660500359786	81.06779636879148
4.98914500261092	5.789267323034379	102.38756427391813	23.060577592221104	80.78290005221841	41.9284488202292	-0.0	223.6238918954462	74.1926472955319	80.91097419238777
5.0612490441579165	5.75990154512097	102.09345321387345	23.058375129072157	82.22498088315832	41.73267696747313	-0.0	208.9635884794067	73.91978790358849	80.74283556816683
5.128502309208843	5.733963838788653	101.80075371750874	23.056139847601514	83.57004618417685	41.55975892525769	-0.0	194.528521298904	73.64792525667724	80.56868286822123
5.190984455326657	5.711383277176236	101.50875120366554	23.05387351659708	84.81968910653313	41.40922184784158	-0.0	180.34668382201744	73.3771420608223	80.39149081979
5.248785272288723	5.692081615753126	101.21823766418278	23.051577169306604	85.97570544577445	41.28054410502084	-0.0	166.45125853091403	73.10735069050938	80.21284814252384
5.3020065693114535	5.675968272297843	100.92835446288176	23.049251467931068	87.04013138622906	41.17312181531896	-0.0	152.88102052462023	72.83862342035982	80.0335801098371
5.350764209825216	5.662942625078499	100.63998646193049	23.04689686949091	88.01528419650431	41.086284167189994	-0.0	139.68232154904294	72.57088510660144	79.85410874614782
5.395190887663209	5.652885253737804	100.35222428138425	23.044513736034897	88.90381775326418	41.01923502491869	-0.0	126.90901417811959	72.30419691660205	79.67464824176936
5.4354388168712156	5.6456644297838565	100.0659757326269	23.042102373243	89.70877633742431	40.971096198559046	-0.0	114.62591682093566	72.03849450842408	79.49530686694185
5.471683536010528	5.641123604620216	99.78032226301606	23.039663063145046	90.43367072021056	40.94082403080144	-0.0	102.90774649221248	71.7738297848953	79.31613941616982
5.50412762445358	5.639080819221464	99.4961817026137	23.037196071454172	91.0825524890716	40.927205461476426	-0.0	91.83994051061197	71.51014634208609	79.1371737333492
5.533003846310307	5.639338134852906	99.2126184098211	23.034701657029867	91.66007692620614	40.928920899019374	-0.0	81.52234683761527	71.24748942424011	78.95842415101471
5.558579429011142	5.64165779938943	98.93056172109618	23.032180073866577	92.17158858022285	40.944385329262865	-0.0	72.0582968758142	70.98580886585812	78.77989823484499
5.581156915721617	5.645775894107845	98.64906505304955	23.029631572181138	92.62313831443234	40.9718392940523	-0.0	63.5506581330144	70.72514461548108	78.60160015870703
5.6010711991425515	5.651419945257923	98.36908246218093	23.027056401302822	93.02142398285102	41.00946630171949	-0.0	56.09631567412191	70.46545120901057	78.42353241014993
5.618684197411379	5.658292279065329	98.08965137877392	23.024454806412653	93.37368394822758	41.05528186043553	-0.0	49.754448076246526	70.20676361800375	78.24569661770553
5.634370414729129	5.666100343604701	97.81172574092076	23.021827033827922	93.68740829458258	41.10733562403134	-0.0	44.53224174374419	69.94904115134872	78.06809399843512
5.648496847154973	5.674584836907371	97.53433953501563	23.01917332480877	93.96993694309946	41.16389891271581	-0.0	40.37944228843332	69.69231463784818	77.8907255348656
5.66140243297545	5.683529416102195	97.25844754080839	23.01649392320207	94.228048659509	41.223529440681304	-0.0	37.187853466173465	69.43654862503709	77.7135921192278
5.673382087937345	5.692758275837177	96.98308995181088	23.013789066417203	94.4676417587469	41.285055172247844	-0.0	34.79959401687753	69.18176796000436	77.53669455809568
5.684676037007571	5.7021488881273035	96.70922570580409	23.011058995935922	94.69352074015141	41.34765925418203	-0.0	33.04622815062695	68.92794199441128	77.3600336528175
5.695469662021116	5.711621438205337	96.43588974063954	23.00830394558808	94.90939324042232	41.41080958803558	-0.0	31.772409595650654	68.67509155385468	77.1836101507026
5.705900018566292	5.7211249403546365	96.16401374454693	23.005524154522934	95.11800037132585	41.47416626903091	-0.0	30.847327465625188	68.42319218843355	77.0074248192656
5.716065232818878	5.730626325471892	95.89270468797984	23.002719852853954	95.32130465637756	41.53750883647928	-0.0	30.167338145971044	68.17225543327417	76.83147837421576
5.726033649348984	5.740105624682057	95.62279472389542	22.999891277501515	95.52067298697966	41.60070416454705	-0.0	29.656339260216946	67.92226717803885	76.65577156407224
5.735852077142712	5.749550534609576	95.35349006451557	22.9970386551931	95.71704154285423	41.66367023073051	-0.0	29.260102386680224	67.67323049048517	76.48030508162991
5.745552168297967	5.758953656872557	95.08552334748784	22.994162220222996	95.91104336595933	41.72635771248372	-0.0	28.941199628071914	67.42513839008615	76.30507965769088
5.755155165634623	5.7683105178573655	94.8182533085733	22.991262196143655	96.10310331269245	41.78873678571577	-0.0	28.674195959458455	67.17798411185397	76.13009596470975
5.7646752980591724	5.777618211897731	94.55215710608098	22.988338814710335	96.29350596118344	41.85078807931821	-0.0	28.44173192528717	66.93177610749224	75.95535471722829
5.774122045961041	5.786875168945213	94.28692809420035	22.98539229654628	96.48244091922082	41.91250112630142	-0.0	28.232431466501545	66.6864901611063	75.78085656934648
5.783501766221303	5.796080401516577	94.022725692201	22.982422870210538	96.67003532442605	41.97386934344385	-0.0	28.038628817305987	66.44214817704744	75.60660221589029
5.792818731499348	5.8052334309857665	93.75951536814905	22.979430754034244	96.85637462998696	42.03488953990511	-0.0	27.855317587512253	66.1987161664784	75.43259229632412
5.8020758530797645	5.814334016281723	93.49711089276961	22.97641617317335	97.04151706159529	42.095560108544824	-0.0	27.679147387923997	65.95622912613045	75.25882748488478
5.811275131485985	5.8233821883240084	93.23594115576819	22.973379344056763	97.22550262971968	42.15588125549339	-0.0	27.508017965249117	65.71463629079399	75.08530840820605
5.8204179879199955	5.83237802696286	92.97539104247839	22.970320487834385	97.40835975839991	42.21585351308573	-0.0	27.340490854756343	65.47398524007744	74.91203571678085
5.829505455996415	5.841321705361843	92.71622115074882	22.967239819566462	97.5901091199283	42.27547803574562	-0.0	27.175643236900065	65.23421884574192	74.73901002766362
5.838538321519657	5.850213413113695	92.4574248325118	22.964137556007774	97.77076643039314	42.33475608742464	-0.0	27.012834442675643	64.99539225544656	74.56623196559399
5.847517199176749	5.859053424853449	92.20026783600652	22.961013911445313	97.95034398353496	42.39368949902299	-0.0	26.85170580789513	64.75743741394922	74.39370214110096
5.85644260059971	5.867842000231474	91.94331716029157	22.957869097979152	98.12885201199418	42.45228000154316	-0.0	26.69199275035968	64.52041664057282	74.22142115193459
5.865314966071294	5.8765794182062185	91.68806903844353	22.95470332890988	98.30629932142587	42.51052945470813	-0.0	26.533530832378837	64.28426304133538	74.04938960089132
5.874134692071095	5.885265949628151	91.43294120009149	22.95151681196406	98.4826938414219	42.56843966418767	-0.0	26.37619376096495	64.04903396117543	73.87760806031984
5.882902142638624	5.893901882817457	91.17960116911321	22.948309759463186	98.65804285277247	42.62601255211638	-0.0	26.219911540221766	63.81466649581863	73.70607712567777
5.891617661639028	5.902487507068428	90.92634560323825	22.94508237496931	98.83235323278056	42.683250047122854	-0.0	26.064637717365073	63.581212927500125	73.53479734502946
5.900281577757836	5.911023124142273	90.67483432788441	22.941834869430743	99.00563155515671	42.740154160948485	-0.0	25.910357948652376	63.34862024577322	73.36376930393332
5.9088942152624435	5.919508997242805	90.42343362457018	22.938567442738773	99.17788430524887	42.79672664828537	-0.0	25.757016010644676	63.116929482572104	73.19299352921509
5.917455887837844	5.927945417635455	90.17372851133727	22.935280303943856	99.34911775675687	42.85296945090304	-0.0	25.604601390194194	62.88609678984457	73.02247059437606
5.925966902698385	5.936332686750383	89.92422209335997	22.93197364987655	99.5193380539677	42.908884578335886	-0.0	25.453123644257456	62.65615288290915	72.85220100745047
5.934427566806618	5.944671077769142	89.67629496152057	22.928647687322975	99.68855133613235	42.96447385179428	-0.0	25.302557877766837	62.42706669044608	72.68218532800003
5.94283818406873	5.952960862988241	89.42864731692165	22.92530261038286	99.85676368137459	43.019739086588274	-0.0	25.152881196185554	62.19885780506235	72.51242404782124
5.951199052980503	5.961202333279598	89.18246545391092	22.921938623298328	100.02398105961005	43.07468222186399	-0.0	25.004100037662887	61.971505125428784	72.34291771080223
5.959510468967806	5.969395782577579	88.93669489381502	22.91855591761849	100.1902093793561	43.12930521718386	-0.0	24.856228607953334	61.74501581576292	72.17366679294787
5.96782124071694	5.978599818997276	88.69226812416328	22.915156046257216	100.35642481433881	43.181322263912264	-0.0	25.954982999820807	61.51938165952991	71.96583786467228
5.977754162337663	5.9964289226221945	88.44834006118626	22.91182195762879	100.55508324675326	43.15370087815453	-0.0	34.16390665282879	61.294541958938446	71.2488569649956
5.99042740266961	6.018020473851764	88.20560885004055	22.90874006378701	100.8085480533922	42.98319759606961	-0.0	41.527905664560315	61.07036000844379	69.9837590098002
6.005442479483589	6.042851646326498	87.96356502037386	22.906071157043215	101.10884958967178	42.68933660114191	-0.0	48.35362372854582	60.84663875678036	68.28220322033965
6.022497854459015	6.068621100968513	87.72252649467424	22.903935334041694	101.44995708918029	42.28995282595966	-0.0	53.69080840184486	60.623295713885234	66.28478073171775
6.0411171609235375	6.094422733627002	87.48231187095662	22.902402398086455	101.82234321847073	41.81804042445335	-0.0	57.71999908148396	60.40020313727361	64.15764948337585
6.060826184353328	6.118889900225203	87.24297202303751	22.901486096445065	102.21652368706654	41.305544007457016	-0.0	60.2410345362047	60.17737996595456	62.07626255829481
6.081116637802742	6.141070014597272	87.00461123097455	22.901144062549484	102.62233275605483	40.78545926897917	-0.0	61.213446640898454	59.95481815353622	60.20718077063339
6.101468685163351	6.1603162618452085	86.76698126446311	22.901283514106428	103.02937370326701	40.288546215336595	-0.0	60.64629867202218	59.73262810394867	58.69151939394801
6.121353613425339	6.176365152284761	86.5304622585933	22.90177171672337	103.42707226850678	39.84229375298343	-0.0	58.63634690798785	59.51087871920839	57.63225567470036
6.1403185639660265	6.188272773796922	86.29446858593965	22.902449786653456	103.80637127932053	39.46430156926968	-0.0	54.74612419551703	59.28976908761919	57.08670772907364
6.157765463919108	6.197284281957318	86.05977945251091	22.903148014054366	104.15530927838215	39.17884326102224	-0.0	49.69835135482978	59.06938941843259	57.06449968862738
6.17313857713065	6.203635017208856	85.82551022277667	22.90370105007973	104.46277154261298	38.99893098244283	-0.0	43.65807491046629	58.84994983549038	57.530300825596534
6.186230833493403	6.205334564973312	85.59259485755834	22.903961632674672	104.72461666986806	38.920530218865814	-0.0	34.55406224301724	58.63154926017938	58.409563114908806
6.198779408765416	6.196143758691821	85.36005371069592	22.903812386300906	104.97558817530832	38.91171780250602	-0.0	-0.0	58.41433490091478	59.59391478203106
6.248466182013813	6.207937723841084	85.1288354095638	22.903177008260688	105.04509893725042	39.148786118809326	-0.0	-0.0	58.19834565958776	60.93518628051419
6.969808673849123	6.206587549678303	84.89803948466901	22.90207061149155	105.04470891831323	39.43682932287135	-0.0	-0.0	57.98362707004379	61.97533095906455
8.562114504186034	6.19813887032636	84.66850498249623	22.90054015889295	105.04470891831323	39.799213502241784	-0.0	-0.0	57.770080571575114	63.264621354770746
11.017603872562011	6.18643988210262	84.43941635766193	22.898452425809868	105.04470891831323	40.24245607526427	-0.0	-0.0	57.55783138925898	64.95947171455225
14.32430991479811	6.172753251583569	84.21156345277488	22.89569343882176	105.04470891831323	40.753297870743204	-0.0	-0.0	57.34696050990577	66.94879545690975
18.466117349517152	6.158637214066292	83.98411713842235	22.892188454544932	105.04470891831323	41.3147279457598	-0.0	-0.0	57.13755419689579	69.10369915115216
23.4228410162132	6.145222399250696	83.75798300333591	22.88790665809083	105.04470891831323	41.90181645373035	-0.0	-0.0	56.92964092715167	71.28418620992846
29.170324247926843	6.134283854482047	83.53217183967435	22.882863643069474	105.04470891831323	42.48901472699962	-0.0	-0.0	56.723234037775754	73.34608171885205
35.68055659912895	6.127441336361078	83.30764527359914	22.87712158742221	105.04470891831323	43.0471106087485	-0.0	-0.0	56.51824732044386	75.14833747507232
42.92181035503808	6.12604980124755	83.08349455010786	22.870786998163865	105.04470891831323	43.54513337884314	-0.0	-0.0	56.31459825724665	76.56045081227103
50.85879515712361	6.131399884737435	82.86055353228578	22.864006098802943	105.04470891831323	43.95514110372035	-0.0	-0.0	56.11215642965195	77.46969210835479
59.452829991189304	6.144154541852902	82.63807021997471	22.856957917192556	105.04470891831323	44.252425497127035	-0.0	-0.0	55.91075839039006	77.78778880074414
68.66203169987637	6.163329420058601	82.41665533336206	22.84984408877623	105.04470891831323	44.42219613372401	-0.0	-0.0	55.71021170661353	77.49283282452927
78.44151910085509	6.177964102799975	82.19582391549714	22.84279886415881	105.04470891831323	44.51976068533317	-0.0	-0.0	55.51036423732385	77.04899708495155
88.15937075619416	6.191605239231083	87.40948206507801	22.835835524957364	104.35190352262599	44.61070159487389	259.7883411557454	-0.0	55.37569576253067	76.60792144576968
95.74249301058435	6.205829008818406	89.90998894634818	22.82912669007366	101.05723719208022	44.70552672545604	724.5173329750337	-0.0	56.49510749866352	76.17049846844816
100.41404018066129	6.220849434237658	90.31700658969733	22.823233132212145	95.27818545060168	44.80566289491772	953.2748938195931	-0.0	59.36200594442659	75.73965303989696
103.39793563198184	6.236695347369087	93.23015594068875	22.81852186866994	88.85151673581382	44.91130231579392	956.6086829087317	-0.0	62.73172847164001	75.31727624577137
105.45343674661781	6.253354146274759	96.32634672633557	22.815034631575525	82.62633244483588	45.022360975165064	906.3322248631578	-0.0	66.01631456182562	74.90354225949373
106.8507596547898	6.27079349905169	99.14156135954	22.812715739162698	76.81662307944215	45.13862332701127	832.9632924520031	-0.0	69.08071191433824	74.49811331602665
107.84680397183865	6.288967069510096	101.67946160473461	22.81147682754433	71.55032752892691	45.25978046340064	745.0240352091762	-0.0	71.84342712478632	74.10048190011281
108.66589708787933	6.307817945166675	103.92417670332631	22.811209235221504	66.8877532010744	45.38545296777783	653.2647507785581	-0.0	74.26158625754864	73.71003664147477
109.46084535223389	6.327281827358677	105.87763362567578	22.81179704703739	62.823190319807146	45.51521218239118	567.8811983066788	-0.0	76.33145177296909	73.32613133212436
110.28878948104382	6.3472903314916875	107.59469346119803	22.813128789559315	59.294721656821025	45.648602209944585	492.4110496182238	-0.0	78.0810562207283	72.94814649706403
111.13961614106896	6.367774359921298	109.06857225223152	22.815106063649523	56.21700712022985	45.78516239947532	431.73365631529043	-0.0	79.55923409286864	72.57553456015006
111.96096791818671	6.388667322497436	110.31634985996278	22.817647622696306	53.50097258626439	45.92444881664957	384.72798863632653	-0.0	80.81899304499834	72.2078408625766
112.70198164646906	6.409907855754404	111.39127787658907	22.82068833237471	51.07512237180314	46.066052371696024	343.4579148734228	-0.0	81.90368892685945	71.84469770391226
113.35376277547118	6.431441655517064	112.29105951358154	22.824174806218082	48.898726765703316	46.20961103678043	309.262499456477	-0.0	82.84150404068093	71.48580097099149
113.9201918913621	6.4532221471514335	113.06974103497464	22.828060851885457	46.94294028103355	46.35481431434289	276.65967735626174	-0.0	83.64910859120663	71.13088590299235
114.41668100726619	6.475209982360497	113.72650759824975	22.832304929458697	45.1879000120325	46.50139988240332	249.23002790891678	-0.0	84.33901437465916	70.7797135481345
114.8436002793916	6.49737168373029	114.2857138378683	22.836869580943024	43.61111434047159	46.64914455820194	224.0753885126532	-0.0	84.92360765568102	70.43206763650727
115.19984588447885	6.51967799186412	114.7551621965287	22.84172140984543	42.192955270634464	46.797853279094134	200.05382254661654	-0.0	85.41476325787961	70.08775435343257
115.49011234746175	6.542102467733036	115.13308241651902	22.846830614197675	40.918709009581306	46.94734978488691	179.25594490796024	-0.0	85.8221552045608	69.74659976895458
115.71889790527607	6.564620665676534	115.43529539744388	22.852170195606977	39.77575954964282	47.09747110451023	159.7630298438806	-0.0	86.15316305938867	69.40844558142942
115.8950368828529	6.587209863269692	115.65325262183097	22.85771539489279	38.754771281013575	47.24806575513128	147.51468907188206	-0.0	86.4140782832704	69.07314607387573
116.01376943825872	6.609849095085893	115.82220601562452	22.863443479452506	37.84350778938823	47.398993967239285	131.3038767023972	-0.0	86.61079634126558	68.7405669322462
116.09211341532277	6.632519192092966	115.87749263238076	22.869333600247067	37.0382339024873	47.55012794728644	138.98154720962268	-0.0	86.7488150420222	68.4105844347907
116.09616053509198	6.65520265432706	115.98895000163832	22.875366476552994	36.32046128383185	47.70135102884707	98.22905889211223	-0.0	86.8316997377533	68.08308374034755
116.06039992304366	6.677883367128674	115.97553353619756	22.881524378439476	35.69426871840901	47.85255578085783	87.39550798610392	-0.0	86.86562559532031	67.75795875376465
115.9878348642269	6.7005462875305515	115.9254446148177	22.88779071278193	35.1546555723517	48.00364191687034	74.93412071164359	-0.0	86.85052858211958	67.4351098990178
115.84163723035192	6.723177222798372	115.83978161685077	22.894149339695748	34.68584405581419	48.15451481865582	12.923049760155072	-0.0	86.79225465867516	67.11444050652645
115.60043593161117	6.745762720285954	115.55414647585124	22.900589561355904	34.27784094160099	48.30508480190636	64.54495346960864	-0.0	86.71118681374575	66.79588299636333
115.54530182420429	6.768289773071532	115.56253159721736	22.907093734463707	34.0086150465709	48.45526515381022	-0.0	-0.0	86.54393549800413	66.4793336103591
115.39222866000327	6.790746200197226	115.33472260656033	22.913637690371214	33.79292752729805	48.60497466798151	71.9412594403531	-0.0	86.33833806150209	66.16465497680817
114.99693205569862	6.813121012013906	115.01839057022113	22.920217251055735	33.58799580530167	48.75414008009271	-0.0	-0.0	86.13355084448514	65.85181537204019
114.5789128815178	6.8354032679253445	114.61745024040641	22.926827180997975	33.46836583772076	48.90268845283563	-0.0	-0.0	85.89388075489754	65.54077762957577
113.62097812830912	6.857582086239114	114.41612283353813	22.933449870193	33.45355190261615	49.050547241594096	-0.0	-0.0	85.5886097459772	65.23143982562254
111.64368759056107	6.879646934739807	114.12879261078132	22.940066243845695	33.45355190261615	49.19764623159871	-0.0	-0.0	85.25617358347881	64.92369293335678
108.63371849572408	6.901586573954365	113.72542469295861	22.946679075778434	33.45355190261615	49.3439104930291	-0.0	-0.0	84.9424964987105	64.61754319875095
104.64967587126831	6.923391210916896	113.46268265495318	22.953285443338995	33.45355190261615	49.489274739445975	-0.0	-0.0	84.61395488485806	64.31296686476621
99.76913025698366	6.945061895096135	113.04974298168376	22.95988734103634	33.45355190261615	49.63374596730757	-0.0	-0.0	84.3010442859249	64.00996616753139
94.08710738263002	6.966599382795768	112.79416653922802	22.966483071689893	33.45355190261615	49.77732921863846	-0.0	-0.0	83.97645785047226	63.70852390137016
87.71423798763819	6.988001806130446	112.38467616445057	22.9730736545612	33.45355190261615	49.920012040869636	-0.0	-0.0	83.66443323015581	63.40863725618767
80.77460380646866	7.009272150683045	112.12669873820352	22.979658178068835	33.45355190261615	50.061814337886965	-0.0	-0.0	83.34360372337191	63.110293260439605
73.40332165892698	7.030410775200281	111.72738877409694	22.98623704490137	33.45355190261615	50.202738501335205	-0.0	-0.0	83.03265796597269	62.81348594543499
65.74391268397746	7.051417258428871	111.46245778756857	22.99280983082053	33.45355190261615	50.342781722859144	-0.0	-0.0	82.7153428860086	62.51820500178924
57.94550793886019	7.072294085394386	111.07612983859173	22.999376567985344	33.45355190261615	50.48196056929591	-0.0	-0.0	82.40568889263344	62.22444259713471
50.15994477137121	7.0930412266443685	110.80273293522389	23.005937117780917	33.45355190261615	50.62027484429579	-0.0	-0.0	82.09164413658208	61.93219002038194
42.538810499819704	7.113659092580773	110.42986334715637	23.012491305819626	33.45355190261615	50.757727283871816	-0.0	-0.0	81.7834842376242	61.64143843845891
35.23049096115707	7.134149554240323	110.14822350674042	23.019039146653	33.45355190261615	50.89433036160215	-0.0	-0.0	81.47248533620319	61.352180039364576
28.377281392914153	7.154512560956944	109.78801470039984	23.0255777064866	33.45355190261615	51.030083739712964	-0.0	-0.0	81.16599625723194	61.16186500532251
22.11261590100833	7.174748980283472	109.49925326696075	23.0319298189266	33.45355190261615	51.164993201889814	-0.0	-0.0	80.85796096705404	61.91194173659132
16.558469456498667	7.194860167247914	109.15032125579658	23.037854398878117	33.45355190261615	51.29906778165277	-0.0	-0.0	80.55374667300518	63.12489381760715
11.822983005252594	7.21484622929207	108.8559139400941	23.043238057719126	33.45355190261615	51.43230819528047	-0.0	-0.0	80.2492278531074	64.6108570894552
7.998357930344164	7.23470822175206	108.5166737468248	23.04800818488714	33.45355190261615	51.56472147834707	-0.0	-0.0	79.94796348743128	66.27853904342842
5.3136734133923795	7.135330132953514	108.21814504892332	23.05211829275564	34.6600085055827	50.90220088635676	-0.0	337.42190944360874	79.64714873839895	68.0560009085436
3.645135422631537	6.992230678230531	107.88709117874937	23.055544699670254	37.368832765455025	49.94820452153687	-0.0	457.37670849633025	79.3491098880287	69.87052418363727
2.9966428664350335	6.868381812653333	107.58582077440096	23.05828930213701	40.57579667815611	49.12254541768889	-0.0	491.91837141810805	79.05199404318094	71.63831449913384
3.1402967434135647	6.767640010931438	107.26158624985067	23.06038311988509	43.805934868271294	48.450933406209586	-0.0	476.13963731227744	78.75724398119964	73.26784160769458
3.296287747713699	6.677125895297532	106.9587719221932	23.061878293272894	46.92575495427398	47.84750596865022	-0.0	459.67639076201164	78.46365029900343	74.73184049152833
3.4468092824663654	6.591246046757145	106.64021797795075	23.062828545476066	49.93618564932731	47.27497364504763	-0.0	443.31399455484564	78.17205592941409	76.03363665654565
3.59188694057843	6.509391934770414	106.33685370045085	23.063286664346215	52.8377388115686	46.729279565136096	-0.0	427.01763679852735	77.88171675699415	77.1769863510738
3.731542495817523	6.431482664907913	106.02305925038448	23.063303914094725	55.63084991635046	46.20988443271942	-0.0	410.7873666121554	77.59309670195333	78.16604323304405
3.8657986449700665	6.357491160326818	105.7198995510014	23.062930307567775	58.315972899401324	45.71660773551212	-0.0	394.62739667919277	77.30576284605243	79.00547065037736
3.9946796563032394	6.287394250529782	105.4101390960979	23.06221404951764	60.893593126064786	45.24929500353188	-0.0	378.5428141428112	77.01993539744176	79.70058641778215
4.118211597542809	6.221167905670891	105.10778048738375	23.06120161726304	63.36423195085618	44.80778603780594	-0.0	362.5393347734906	76.73538057587052	80.25756042385343
4.236422554801843	6.158786586365715	104.80151049334624	23.05993716190752	65.72845109603686	44.39191057577143	-0.0	346.623357511784	76.45216898074469	80.68367249648901
4.349342870002982	6.100222683811555	104.50037294727254	23.058462340777954	67.98685740005962	44.001484558743705	-0.0	330.80203802733115	76.17019129559212	80.98764701681792
4.457005417631835	6.045446554974469	104.19719100352093	23.05681557346764	70.14010835263672	43.63631036649646	-0.0	315.0834351150733	75.88943123909414	81.1800492111757
4.559445930695187	5.9944261917544255	103.89758130132066	23.05503156064777	72.18891861390374	43.29617461169617	-0.0	299.4766540420178	75.6098564016887	81.27367656721299
4.656703372556555	5.947126806803438	103.59719264291748	23.053140363754824	74.1340674511311	42.98084537868959	-0.0	283.9920150997739	75.33140536945675	81.28373742544593
4.74882037895212	5.903510599625768	103.29933605590521	23.051166801467986	75.97640757904239	42.69007066417179	-0.0	268.6412827398333	75.05409308412952	81.22743335179824
4.835843780115935	5.863536112071716	103.00151017879944	23.04912988850303	77.71687560231871	42.42357408047811	-0.0	253.43790313849328	74.77784305581613	81.12255638346431
4.917825218256768	5.827157298759295	102.7055475226441	23.047043088943415	79.35650436513536	42.181048658395305	-0.0	238.39726305351738	74.50269676021966	80.98529540841609
4.994821853335581	5.794324228192196	102.4101557544343	23.0449150923261	80.89643706671161	41.96216152128131	-0.0	223.53724170378965	74.22857775755436	80.82833264894445
5.066897249583272	5.7649811645844204	102.11618221322492	23.042751158788917	82.33794499166544	41.76654109722947	-0.0	208.8785405147493	73.95554189435686	80.66027714559516
5.134122441834688	5.7390645030437115	101.82310664055177	23.040554299857977	83.68244883669375	41.593763353624745	-0.0	194.4450534870044	73.68351669694238	80.48633987899498
5.196577081414673	5.71650593489255	101.53116813580415	23.0383262550556	84.93154162829345	41.443372899283666	-0.0	180.26523054201914	73.41256092587439	80.3094361056999
5.254351106721107	5.697224128719379	101.24033989017857	23.036068037463743	86.08702213442214	41.31482752479587	-0.0	166.37176405535888	73.14260646085015	80.13112030985435
5.3075462998890455	5.681132159990815	100.95046697222949	23.03378030306648	87.1509259977809	41.2075477332721	-0.0	152.804176174477	72.87371029104425	79.95219862355977
5.356278753342493	5.668124987285347	100.66183050341205	23.03146350205941	88.12557506684986	41.120833248568985	-0.0	139.60798552170434	72.60580847271227	79.77308299901419
5.400681130621412	5.65808721072613	100.374033024702	23.02911799712575	89.01362261242824	41.0539147381742	-0.0	126.83800694801567	72.33895484516383	79.5939822678034
5.440905946025629	5.650882572724879	100.08756144444276	23.026744091045277	89.81811892051259	41.00588381816586	-0.0	114.55801660601114	72.07308889125004	79.41500194563474
5.477128739394606	5.6463580179563735	99.80182558659719	23.024342068090828	90.54257478789212	40.97572011970916	-0.0	102.8437159485714	71.80826196995983	79.23619540420461
5.509552174074087	5.644332859891492	99.51751017693809	23.021912192435995	91.19104348148174	40.96221906594328	-0.0	91.7812228268277	71.5444147983192	79.05758975223868
5.538409522037246	5.644602766224088	99.23383570384085	23.019454725358543	91.76819044074492	40.96401844149392	-0.0	81.46826229690677	71.28159827192958	78.87919896353976
5.563968127568802	5.64693198499312	98.95163676158025	23.01696991987893	92.27936255137602	40.979546566620805	-0.0	72.0086181579671	71.01975466152506	78.7010304083078
5.586530193463077	5.651064320872131	98.67000912736577	23.014458028402906	92.73060386926154	41.00709547248088	-0.0	63.50892034246748	70.75893266593988	78.52308817706688
5.606431319953128	5.656718699802411	98.38990902120196	23.01191929970897	93.12862639906255	41.044791332016075	-0.0	56.062119479914614	70.49907704035812	78.34537470840425
5.624033834843788	5.663594181215943	98.11030650068238	23.009353980845074	93.48067669687575	41.090627874772956	-0.0	49.724457244496186	70.24023445086523	78.1678916185357
5.639711420382439	5.671408225107014	97.83229495915064	23.006762318029622	93.79422840764879	41.14272150071343	-0.0	44.50899117353646	69.98235076793632	77.99064011432742
5.653831148935734	5.679898656405904	97.55472299920726	23.00414455388243	94.07662297871468	41.199324376039364	-0.0	40.3635877603272	69.72547069082312	77.81362118226885
5.6667320178870915	5.688846469766592	97.27876464627548	23.00150093258515	94.33464035774183	41.258976465110614	-0.0	37.17732161504866	69.46954454019404	77.63683571638205
5.678708638982742	5.698076245390525	97.0032026486949	22.998831692595108	94.57417277965483	41.3205083026035	-0.0	34.791886992321444	69.21461239160818	77.46028453036327
5.690000648157555	5.707468083182264	96.72928194346588	22.996137075969493	94.80001296315109	41.38312055454843	-0.0	33.041106050559854	68.96062782860308	77.28396843097525
5.700793154225458	5.716941961102478	96.45574595800603	22.993417317254227	95.01586308450916	41.44627974068319	-0.0	31.769488976276136	68.70762620288897	77.10788817204842
5.711222915268869	5.726447353262472	96.1838271291237	22.990672656665676	95.22445830537738	41.509649021749816	-0.0	30.846837351666892	68.45557026346412	76.93204452954485
5.721388069902834	5.735949656291734	95.91227840549361	22.98790332447318	95.42776139805667	41.57299770861156	-0.0	30.167849596983732	68.20448510876048	76.75643822335824
5.731356736716596	5.745429641883085	95.64235041397812	22.98510955904032	95.62713473433192	41.6361976125539	-0.0	29.657319044471297	67.9543407229696	76.58107001264247
5.741175596361924	5.754875282289174	95.37283200883627	22.982291587017922	95.82351192723848	41.6991685485945	-0.0	29.261414361802917	67.70515526002325	76.40594059295645
5.750876209497721	5.76427936347366	95.10482266300801	22.979449644535418	96.01752418995441	41.76186242315774	-0.0	28.94299783187954	67.4569114185603	76.2310507074535
5.7604798361391945	5.773636964835522	94.83733462851389	22.97658395442659	96.20959672278389	41.82424643223682	-0.0	28.676131948372916	67.20960919757714	76.0564010285235
5.770000638295083	5.782945465288461	94.57122603979354	22.973694750656204	96.40001276590166	41.886303101923076	-0.0	28.4438339027304	66.96324885178905	75.88199228498009
5.779448095827704	5.792203154468464	94.3057532800283	22.97078225311299	96.58896191655408	41.94802102978976	-0.0	28.234573930687365	66.71781744003229	75.7078251305445
5.788828539751088	5.801409144955744	94.04150277336764	22.967846692676982	96.77657079502175	42.00939429970496	-0.0	28.04082426197559	66.47332722019021	75.53390027499526
5.798146243302457	5.810562894960097	93.77809606060055	22.96488828668441	96.96292486604914	42.070419299733985	-0.0	27.85750758058749	66.229748879106	75.36021835588157
5.80740410205739	5.819664241476173	93.5156837924824	22.961907262625466	97.1480820411478	42.13109494317449	-0.0	27.68137846412128	65.98711247473665	75.1867800624551
5.816604122785848	5.828713143577621	93.25426538428586	22.958903836011014	97.33208245571696	42.19142095718414	-0.0	27.510248989891636	65.74537686755704	75.0135860198787
5.825747721937255	5.837709700631587	92.99369549292858	22.955878230452072	97.5149544387451	42.25139800421058	-0.0	27.34270777365984	65.50457896733867	74.8406368945328
5.834835930526958	5.846654094269501	92.73425873639903	22.952830659821572	97.69671861053915	42.31102729513	-0.0	27.177844541260722	65.26467166728162	74.66793330011969
5.843869531092395	5.855546533326448	92.47554540316108	22.949761343794496	97.8773906218479	42.37031022217632	-0.0	27.015044690474724	65.02569647890394	74.49547587984976
5.852849142800409	5.864387253936488	92.21806937324591	22.946670494606142	98.05698285600816	42.42924835957658	-0.0	26.85390001480096	64.78760293472254	74.32326523641888
5.861775273972125	5.873176537890742	91.96118102984919	22.94355832811596	98.23550547944248	42.48784358593828	-0.0	26.694175299371203	64.550436585156	74.15130199029129
5.870648365303829	5.8819146601750605	91.70562818696048	22.94042505505144	98.41296730607657	42.54609773450041	-0.0	26.535701035623017	64.31414411092157	73.97958673368916
5.879468811760889	5.890601901577845	91.45055804787481	22.93727088735456	98.58937623521777	42.60401267718563	-0.0	26.37836449743865	64.07877226090189	73.80812006415603
5.888236981006251	5.899238522933945	91.19696195051824	22.934096034332722	98.76473962012501	42.66159015289296	-0.0	26.222058852821323	63.84426481145132	73.6369025641429
5.896953213074369	5.907824842158948	90.94369767463623	22.930900703867017	98.93906426148736	42.718832281059655	-0.0	26.06677612951368	63.61067278647311	73.46593480733753
5.905617839552762	5.916361139177098	90.69197492818687	22.927685104044233	99.11235679105523	42.775740927847316	-0.0	25.91247241235354	63.377939599427286	73.29521736736035
5.914231180962572	5.924847704754553	90.44053432844463	22.92444943877918	99.28462361925143	42.83231803169702	-0.0	25.759129197215064	63.1461123204781	73.12475079471193
5.922793553934937	5.933284808863465	90.19068146437324	22.921193914708525	99.45587107869872	42.8885653924231	-0.0	25.606706797888044	62.91513827103761	72.95453565330102
5.931305266802055	5.941672744766194	89.94106705704705	22.917918732146337	99.62610533604109	42.94448496510796	-0.0	25.45520325510453	62.68506169652776	72.78457247249908
5.939766625741382	5.95001179181993	89.69301942295779	22.91462409614048	99.79533251482763	43.00007861213287	-0.0	25.304601951210923	62.45583628167292	72.61486180550419
5.948177927913154	5.958302270896625	89.44522418092508	22.911310203098537	99.96355855826306	43.05534847264417	-0.0	25.15494854828668	62.2274946430924	72.4454041585239
5.956539480690322	5.966544409053603	89.19901968677485	22.907977257068314	100.13078961380643	43.110296060357356	-0.0	25.006159695265218	62.00000164398249	72.27620007797728
5.964851579599132	5.974738500149011	88.95306110126096	22.90462545065537	100.29703159198263	43.164923334326744	-0.0	24.85824881940565	61.773382144696846	72.10725004824798
5.973176658055769	5.984081896949666	88.70858403026331	22.901256711641047	100.46353316111536	43.216354115387546	-0.0	26.107037956624023	61.5476107636681	71.89372585303009
5.9832012257647555	6.001779778525932	88.4644541205703	22.897957697500537	100.66402451529511	43.18333053801105	-0.0	34.075791224467686	61.322647521521084	71.16210545569531
5.99587790843422	6.024203933789726	88.2217099178576	22.894915113997186	100.91755816868441	43.01404718065848	-0.0	42.0758432443026	61.09830375894761	69.88531406512531
6.010997900173539	6.048594951906066	87.97944276078302	22.892288766285283	101.21995800347078	42.713599528360305	-0.0	48.474897970836075	60.87445385890764	68.17533480231084
6.028102308448611	6.074504036985506	87.73841515045153	22.89019755942351	101.56204616897222	42.31222569792125	-0.0	53.85265112838873	60.6509598020662	66.17350425339947
6.046766739177996	6.1003041470416255	87.4979730655506	22.888709911629036	101.93533478355991	41.83834913241942	-0.0	57.84538003571973	60.42772880708015	64.04638580030152
6.066510445783878	6.124726870930128	87.25865172928272	22.88783812944642	102.33020891567756	41.32459811145575	-0.0	60.320200361409604	60.20475709290967	61.96938003018919
6.086822240282523	6.146855062393848	87.02006196698386	22.887538494949148	102.73644480565046	40.80415074856188	-0.0	61.2539907431163	59.98205638491254	60.10854753987296
6.10718304169725	6.166031736009735	86.7824374190153	22.887717102274944	103.14366083394499	40.3076128527012	-0.0	60.646874565226504	59.759725379458786	58.60413241502727
6.127080102927209	6.181790556762061	86.54565993916148	22.888240420581397	103.54160205854417	39.86118687203311	-0.0	58.47566472198687	59.53784876462413	57.55799106798992
6.145987105423798	6.194109413546617	86.30972586570418	22.88894915725049	103.91974210847594	39.487634331265376	-0.0	54.84199356037479	59.316600806019196	57.02621213242462
6.163452728654334	6.202492155174751	86.07480726156936	22.88967358935736	104.26905457308666	39.20117901377197	-0.0	49.395993334743906	59.09610495941501	57.017216268034836
6.178843401639534	6.20840556067966	85.8405486245538	22.89024873235287	104.57686803279067	39.02174254639373	-0.0	42.98412427871355	58.876541749650045	57.49459804119519
6.190575991801854	6.215811854910119	85.60741144083849	22.89052800682769	104.81151983603706	38.97820920986823	-0.0	39.7144991692779	58.65801792951823	58.38290261992654
6.201580381242055	6.210833567688599	85.37485354950147	22.890394997353074	105.03160762484109	38.99617965843661	-0.0	24.048371107188068	58.44069582420545	59.57293817558223
6.260497263366477	6.2131269780747775	85.14346405539989	22.88977468364426	105.13712268193314	39.183742559482916	-0.0	-0.0	58.224590979895794	60.91399509250047
7.004317973547758	6.212107671797093	84.91260055207836	22.88867661643438	105.13650288278401	39.47696130668966	-0.0	-0.0	58.00976381429994	62.007862763823
8.61973953837192	6.203605532772412	84.68295651951351	22.88714264745245	105.13650288278401	39.84218420638797	-0.0	-0.0	57.79612647957146	63.30550864677862
11.098857867454164	6.191870908735363	84.45375824944968	22.885049054058722	105.13650288278401	40.28803873075228	-0.0	-0.0	57.58378592275972	65.00608069301092
14.42959094052204	6.1781504952598985	84.22583348549567	22.88228285709133	105.13650288278401	40.80101020768886	-0.0	-0.0	57.372820229343844	66.99775618996088
18.595706380104005	6.16397518987854	83.99822634947142	22.87877044278546	105.13650288278401	41.363745103612544	-0.0	-0.0	57.16332715945404	69.15147057625252
23.576900560268797	6.150572907214812	83.77206064805921	22.874482151448166	105.13650288278401	41.9517304585257	-0.0	-0.0	56.95532385586661	71.32723015634842
29.348897556643372	6.139692635096938	83.54607163013237	22.869434703759442	105.13650288278401	42.53913062654636	-0.0	-0.0	56.74883169183366	73.38103992420565
35.88356745549978	6.1329912445985775	83.32151340778445	22.863691315863278	105.13650288278401	43.09689245134443	-0.0	-0.0	56.54375338457551	75.17220530498065
43.149063445302396	6.1316964939261105	83.09717097538854	22.857359391772018	105.13650288278401	43.59322224785855	-0.0	-0.0	56.34000536163236	76.57074101677921
51.10997702263095	6.137228554842131	82.87423798566039	22.850585858559686	105.13650288278401	44.001112160689885	-0.0	-0.0	56.13746155275276	77.46458110520626
59.72751055604499	6.150178260090925	82.65156410271436	22.84355021023077	105.13650288278401	44.29558660586574	-0.0	-0.0	55.93596126232613	77.76623723627657
68.9596663669229	6.169371629541792	82.43012407256693	22.83645395369649	105.13650288278401	44.46247753027861	-0.0	-0.0	55.73530421858433	77.46036421478225
78.76145140577444	6.183924058485271	82.20913193517652	22.82942738950545	105.13650288278401	44.55949372323514	-0.0	-0.0	55.53534752574537	77.01679689573702
88.45361337086176	6.197573435212633	87.62881239102552	22.82248327624422	104.3899469947167	44.650489568084225	272.4556627880243	-0.0	55.41211707258189	76.57599124398556
95.95279454281956	6.211817478343356	89.92111995156847	22.8158061355277	101.00023294439171	44.745449855622375	736.7840343089676	-0.0	56.592641036816445	76.13890232699062
100.56064611753868	6.2268599649243574	90.40477964648177	22.809961503104525	95.17277996656773	44.84573309949572	956.0481067368535	-0.0	59.4945946394924	75.70847963614331
103.51665535496208	6.242728078962007	93.3563600558034	22.805304422072545	88.7412453731091	44.95152052641338	956.2565434674322	-0.0	62.86816107109387	75.28655093281294
105.55351539190116	6.2594086412791885	96.44690041505093	22.801871165244563	82.52074227965933	45.06272427519459	905.3150545067281	-0.0	66.1503462100839	74.87326161878158
106.93786342629369	6.276868948613597	99.2572936443249	22.799604919358174	76.71965642982538	45.179126324090646	831.4152274147923	-0.0	69.2098926348346	74.46826800986949
107.92681846498164	6.29506237925879	101.78959077706016	22.79841662867416	71.46464635097152	45.30041586172527	743.2028605387181	-0.0	71.96603191922691	74.07105900862653
108.7434494719278	6.313931805722752	104.02802579050093	22.798197238387946	66.81433035132031	45.42621203815168	651.4507896444813	-0.0	74.3768936600632	73.68102124876752
109.53852684446153	6.333412786825419	105.97566386305982	22.798830748361905	62.76146866525545	45.55608524550279	566.2664287472405	-0.0	76.4395965512218	73.29750815517991
110.36716554970336	6.353436871846549	107.6873952883876	22.800205849992867	59.24314034491975	45.68957914564366	491.100115575651	-0.0	78.18283556424323	72.91990119884245
111.21777546728968	6.373934973822706	109.156661938061	22.80222446997173	56.17358746613548	45.82623315881804	430.6973619963106	-0.0	79.65576138102755	72.547654589504
112.03796099060051	6.394840583501547	110.39876461298144	22.804805727944235	53.464120133213555	45.965603890010314	384.09331416430103	-0.0	80.91132850966429	72.18031565681362
112.77679726796464	6.416092472863491	111.4703935821817	22.807884790632485	51.04352349538391	46.10728315242328	342.89405320078754	-0.0	81.99258075198287	71.81751833585767
113.42678865374113	6.437636503647444	112.36554104023433	22.81140846392899	48.8718823707519	46.2509100243163	309.0506191801133	-0.0	82.92738649011761	71.4589595698554
113.99084203584242	6.4594262695504625	113.14454752603406	22.815330666737683	46.92004151680235	46.39617513033642	275.982799976289	-0.0	83.73224525694381	71.10437522314419
114.48654727290304	6.481422568455467	113.79487220999786	22.819609941378868	45.16910256138976	46.54281712303645	249.50101334757312	-0.0	84.41964985470986	70.75352681366441
114.91199845664197	6.503592033132777	114.35110954832378	22.824208912685616	43.595724666442536	46.690613554218515	224.67755061117515	-0.0	85.00199119982487	70.40619854187794
115.26645399300887	6.525905478268519	114.81915344144463	22.829094263750996	42.18050851951485	46.83936985512346	200.6415949916208	-0.0	85.49111397885538	70.06219704396183
115.55424465208846	6.548336513389244	115.19918971890137	22.834236256589595	40.90867890376802	46.98891008926163	178.75945845419815	-0.0	85.89663594401102	69.7213487565222
115.78252575589484	6.5708607298857515	115.49569165153821	22.83960794059862	39.76858324650304	47.13907153257168	160.67068616302294	-0.0	86.2259000117129	69.38349565756607
115.9536488880658	6.593455441206072	115.72698315304545	22.84518459704524	38.748735731110415	47.28970294137382	142.82827504325346	-0.0	86.48518655999442	69.04849226977365
116.07275986686786	6.616099719834803	115.88718318261739	22.85094353130523	37.8402215595534	47.44066479889869	129.23583706751668	-0.0	86.68038212187601	68.71620450453838
116.13690890218206	6.638774434058422	115.9992352423824	22.856863915059655	37.03295551025902	47.59182956038948	111.3132039875296	-0.0	86.81674589937859	68.38650877363314
116.15394338630558	6.6614621162421646	116.04190710139957	22.86292653830866	36.32156631733932	47.743080774947764	100.41546515124567	-0.0	86.89886531157492	68.05929063224966
116.12202165897767	6.684146676710974	116.02857470316185	22.86911349724244	35.69873070697874	47.89431117807316	91.7072844621621	-0.0	86.93021254157888	67.73444309200922
116.04136180658762	6.706813091105227	115.98099266069093	22.87540834439619	35.15880185411743	48.04542060736818	73.71040042423984	-0.0	86.91472410368031	67.41186737197359
115.90965424797757	6.729447181825762	115.89086059574886	22.88179516694903	34.69629065127845	48.19631454550508	41.12698263407855	-0.0	86.85407529355811	67.09146801377638
115.71813260187022	6.752035523987204	115.69383917660996	22.888260122784416	34.304666152719946	48.34690349324803	46.75904483010876	-0.0	86.7568702265969	66.7731609363398
115.58265836521029	6.774565432682767	115.51860872190991	22.894788899689654	34.01409958221861	48.49710288455178	75.92409299447777	-0.0	86.60674263867378	66.45686001275368
115.39456419592658	6.797024951481796	115.35877177327693	22.90136241443558	33.79033329764144	48.64683300987864	56.756656336225795	-0.0	86.40829178079558	66.14245453949744
115.06950753926111	6.8194025219740135	115.05787973533228	22.90797012637663	33.60745941555213	48.796016813160094	32.34968861665998	-0.0	86.19135151084686	65.82987925707076
114.6578499088333	6.841686601330354	114.67509507181114	22.914604462376087	33.493625397838564	48.94457734220236	-0.0	-0.0	85.94452497795758	65.5190847936591
113.70208395296805	6.863866421240876	114.51340308307581	22.921250137203398	33.48745151525445	49.09244280827251	-0.0	-0.0	85.63403314703423	65.20998153669441
111.69632871059996	6.885934042543516	114.11792480415704	22.927887772639636	33.48745151525445	49.23956028362344	-0.0	-0.0	85.30227628714175	64.90245891554689
108.6580415360486	6.907878179734804	113.79916538901082	22.934522856954242	33.48745151525445	49.385854531565364	-0.0	-0.0	84.98800188553385	64.59653747317768
104.64637881853808	6.929685063213931	113.47056212087253	22.94115037770848	33.48745151525445	49.53123375475954	-0.0	-0.0	84.65929169141715	64.29218246342873
99.73944886959659	6.9513590429400764	113.10748506327938	22.947774112620053	33.48745151525445	49.67572695293384	-0.0	-0.0	84.34645232718643	63.989405519132674
94.03279113012472	6.97290035886836	112.81438049254504	22.95439085822358	33.48745151525445	49.81933572578907	-0.0	-0.0	84.02122330873726	63.68818151432562
87.63751598798203	6.994305158937542	112.43184302446036	22.961002901263928	33.48745151525445	49.96203439291695	-0.0	-0.0	83.70959623653096	63.38851432250013
80.67814142444283	7.015578965687811	112.15469555709082	22.96760827331743	33.48745151525445	50.103859771252075	-0.0	-0.0	83.3879190552667	63.09038541630303
73.29016861065136	7.036720953748931	111.76779371659131	22.974208255433165	33.48745151525445	50.24480635832621	-0.0	-0.0	83.07748776405637	62.793793462921364
65.61744365799629	7.057730010792041	111.49509069842414	22.980801701221836	33.48745151525445	50.38486673861361	-0.0	-0.0	82.75928052199818	62.49872435839381
57.80935688991437	7.078610280247022	111.11236256790606	22.98738923501362	33.48745151525445	50.52406853498015	-0.0	-0.0	82.45013767714005	62.205173399751075
50.01793416617764	7.09936048815408	110.83788167482277	22.99397023924121	33.48745151525445	50.662403254360534	-0.0	-0.0	82.13524443431871	61.913129361405005
42.39487689246027	7.11998109757993	110.46364906201138	23.00054492625099	33.48745151525445	50.7998739838662	-0.0	-0.0	81.82752919116379	61.622585457947025
35.08860834716955	7.140474886319658	110.18450456756982	23.007113004117834	33.48745151525445	50.936499242131056	-0.0	-0.0	81.51576872856245	61.333532270912386
28.241383834355876	7.160840790253965	109.82045346372092	23.013670009686997	33.48745151525445	51.072271935026436	-0.0	-0.0	81.20963147973501	61.165551531816774
21.986520929058226	7.181080063211955	109.53581386109781	23.020032815910554	33.48745151525445	51.207200421413035	-0.0	-0.0	80.90094272397789	61.92689290164619
16.4458037429488	7.201194430188648	109.18208473126971	23.025965617857608	33.48745151525445	51.341296201257656	-0.0	-0.0	80.59699215025611	63.145346687201474
11.727111750091211	7.22118330304526	108.89224123931696	23.0313559755996	33.48745151525445	51.47455535363507	-0.0	-0.0	80.29192286135293	64.63473481289296
7.922319340268625	7.241048197668543	108.54816020119915	23.036131922652938	33.48745151525445	51.60698798445696	-0.0	-0.0	79.99083319760152	66.30429670464488
5.260439613246333	7.139239873941802	108.25396626047238	23.04024741213436	34.713454999623806	50.92826582627868	-0.0	342.6733375876607	79.68955796740983	68.08207816423305
3.6155983592964587	6.995869294976049	107.91845949602663	23.04367934388892	37.445822509804444	49.97246196650699	-0.0	459.6378285998384	79.39161558859523	69.89511023711394
2.995909814274963	6.872426784651148	107.62100644256981	23.046430246291	40.6612716061964	49.14951189767432	-0.0	492.221810415296	79.0941125563366	71.65914589244564
3.1445846427427475	6.772034261175896	107.29295813982324	23.048531874198762	43.89169285485495	48.480228407839306	-0.0	476.1466172851297	78.79939183631018	73.28323632347188
3.3005786336385086	6.681563573527141	106.99329767776543	23.050036575004548	47.01157267277017	47.87709049018094	-0.0	459.686369977444	78.50546897337321	74.74183579214079
3.451103604715624	6.595689822283254	106.67159387020828	23.05099803747375	50.02207209431248	47.304598815221695	-0.0	443.3245296596804	78.21384923752018	76.03834385928633
3.59618482538465	6.513837747282652	106.37071719500516	23.05146901663688	52.923696507692995	46.758918315217684	-0.0	427.0284623050613	77.92322558743	77.17652857661977
3.735844033467731	6.435929925705553	106.05441001532934	23.0515007256209	55.716880669354616	46.23953283803702	-0.0	410.79845212082273	77.63453763232157	78.16055862930445
3.870103923994626	6.361939871727717	105.75314504011013	23.0511431393052	58.402078479892516	45.746265811518114	-0.0	394.6387547280654	77.34695316418116	78.99511689689203
3.998988767867933	6.291844271810382	105.44142231405074	23.050444395547334	60.979775357358655	45.27896181206922	-0.0	378.5544465415815	77.06102565552945	79.68554656396681
4.12252463321577	6.225619102022715	105.14047478793177	23.049450918560026	63.450492664315384	44.83746068015143	-0.0	362.5512436889909	76.77624401835831	80.23805100734353
4.240739609067051	6.1632389217796035	104.8326837558998	23.048206770073733	65.814792181341	44.42159281186402	-0.0	346.63555363599755	76.49290934866556	80.65995403008499
4.353664039339485	6.104676008780189	104.53255059613971	23.046753525086135	68.0732807867897	44.031173391867924	-0.0	330.814522187349	76.21072246894117	80.96003759537756
4.461330798420659	6.0499008320010494	104.22820791684262	23.04512947711578	70.22661596841317	43.66600554667367	-0.0	315.0962187947904	75.92982264598255	81.14893979414816
4.563775623079044	5.998881357930378	103.92929506412315	23.043369196042693	72.27551246158087	43.32587571953585	-0.0	299.48974678310503	75.65005043852125	81.23954427455058
4.661037478320418	5.95158271144489	103.62802223722403	23.04150256428047	74.22074956640837	43.0105514096326	-0.0	284.0054173255846	75.37144852572534	81.24714580945388
4.753159001488298	5.907967122564393	103.3306139878036	23.039554215016096	76.06318002976595	42.71978081709595	-0.0	268.654997286959	75.09394792492101	81.18900361745702
4.840187028281049	5.867992979310826	103.03212824225146	23.0375429526806	77.80374056562097	42.45328652873884	-0.0	253.45191247919414	74.81753901390367	81.08290043169643
4.922173192422098	5.831614680302536	102.73643060597978	23.035482061892658	79.44346384844195	42.21076453535024	-0.0	238.41160414821968	74.54221158894602	80.94493375963641
4.999174660117042	5.798782030569408	102.44052055381907	23.03338007922445	80.98349320234082	41.99188020379606	-0.0	223.5519193683492	74.26793000015742	80.78764562695142
5.071255001052355	5.769439094280231	102.14669400111626	23.031242169769325	82.4251000210471	41.796260628534874	-0.0	208.89352748886745	73.99471761820145	80.61950797497533
5.138485235649846	5.743522813103262	101.8532067562669	23.02907127896889	83.76970471299691	41.62348542068841	-0.0	194.46040365801596	73.72252808525104	80.4456296170576
5.200945045571936	5.720963679463156	101.5613259799409	23.026869116325578	85.01890091143872	41.473091196421045	-0.0	180.28079381398683	73.45139966024463	80.26886171869111
5.258724296875832	5.701682907411482	101.27015623137054	23.02463667292251	86.17448593751665	41.34455271607655	-0.0	166.38783957512672	73.18128057364864	80.0907218644282
5.31192490565349	5.685588842535807	100.98027986474514	23.022374598802234	87.2384981130698	41.23725895023872	-0.0	152.82014283184276	72.91221469030442	79.9119964962746
5.360662757451552	5.672582881599076	100.69136726314443	23.02008333683046	88.21325514903103	41.15055254399384	-0.0	139.62452420409622	72.64414819521168	79.73308701092864
5.405070692052887	5.662543977168107	100.40353844062973	23.017763250141755	89.10141384105773	41.083626514454046	-0.0	126.85456365342642	72.37712678927704	79.55419694120229
5.44530103930035	5.6553403508101585	100.11680801808347	23.01541463857337	89.906020786007	41.03560233873439	-0.0	114.5751149655239	72.11109743556393	79.37542901311461
5.481529533972012	5.650813892896889	99.83103594380468	23.013037788346207	90.63059067944023	41.00542595264593	-0.0	102.86045125705432	71.84610377520114	79.19683522044215
5.513958589314776	5.6487888945272156	99.54645558381799	23.01063296203087	91.27917178629552	40.991925963514774	-0.0	91.79811586180546	71.58209556278747	79.01844194990922
5.542821641272702	5.649057028118417	99.26274214340114	23.00820042304618	91.85643282545404	40.99371352078945	-0.0	81.48442598347985	71.319113525055	78.84026283192564
5.568385680742764	5.651387768892387	98.98028405480181	23.00574042328124	92.36771361485528	41.00925179261591	-0.0	72.02520745788553	71.05711036158868	78.6623050507502
5.590953054269355	5.655521317519694	98.69861956151664	23.003253217296905	92.8190610853871	41.03680878346463	-0.0	63.52571489677391	70.79612442254678	78.48457261968902
5.610859695059285	5.661171645698471	98.4182554769594	23.00073905272768	93.2171939011857	41.07447763798981	-0.0	56.07581399274658	70.53611052033993	78.30706792754788
5.628467082261845	5.668048261939677	98.13862798865311	22.998198178972896	93.5693416452369	41.120321746264516	-0.0	49.73754849069753	70.27710503988087	78.12979258182119
5.6441489351655	5.675866274812771	97.86034475535908	22.995630840977128	93.88297870331	41.17244183208514	-0.0	44.523406517857794	70.01906469913105	77.95274777326858
5.658272506658282	5.684360995979554	97.58273302482267	22.99303728388885	94.16545013316563	41.22907330653036	-0.0	40.379828907258926	69.7620245825246	77.7759344981691
5.6711778312886825	5.693303795817239	97.30654556954792	22.990417750393007	94.42355662577364	41.288691972114925	-0.0	37.18699749959363	69.50594094395458	77.59935364209727
5.683157883298633	5.702535137970139	97.03092532363476	22.987772481530065	94.66315766597266	41.35023425313426	-0.0	34.800551963569525	69.25085067031571	77.42300603278026
5.694452897062418	5.711929540910629	96.75678263141441	22.985101718030823	94.88905794124835	41.41286360607086	-0.0	33.049814530692316	68.99671019527534	77.24689247144042
5.705248071246012	5.721406556529597	96.48315717428305	22.982405696862447	95.10496142492023	41.47604371019731	-0.0	31.779007697284193	68.74355374592193	77.07101372630127
5.7156805876230505	5.730912718387425	96.21105370509486	22.979684656736996	95.313611752461	41.53941812258284	-0.0	30.854629681352698	68.49134022230189	76.89537056777311
5.725848241385406	5.740416580365426	95.93941186642842	22.97693883079482	95.51696482770812	41.60277720243617	-0.0	30.174843599449428	68.24010253267927	76.71996373254261
5.735819248992626	5.749898416644881	95.66930156911788	22.974168455696777	95.71638497985252	41.66598944429921	-0.0	29.663917109275374	67.9898029970956	76.54479397290561
5.745640308214511	5.759346268375748	95.3996455131799	22.971373760505845	95.91280616429022	41.72897512250499	-0.0	29.268114221407277	67.74046687290526	76.36986199878672
5.755343100087934	5.768752200367447	95.1315297116128	22.968554980292236	96.10686200175869	41.79168133578298	-0.0	28.94941739430273	67.49206556351623	76.19516855051785
5.764948839280783	5.7781117482927735	94.86384477216995	22.96571234010751	96.29897678561565	41.854078321951825	-0.0	28.682430393001987	67.24461768961268	76.02071431369907
5.774471720197485	5.78742214111857	94.59766836557473	22.962846072841135	96.48943440394969	41.916147607457134	-0.0	28.449979043362966	66.99810034096456	75.84650001384786
5.783921217227119	5.796681772077284	94.33198395804848	22.95995640014142	96.67842434454238	41.97787848051523	-0.0	28.240656474935463	66.75252347576325	75.67252631562371
5.793303679122004	5.805889666626457	94.06769974895366	22.957043552633305	96.86607358244007	42.03926444417638	-0.0	28.04682190602545	66.5078771636974	75.49879392978801
5.802623375364983	5.8150453433611045	93.80401183728638	22.95410774868316	97.05246750729965	42.10030228907403	-0.0	27.863470705523742	66.26415731071707	75.3253035010539
5.811883212009141	5.8241485825678145	93.54162077266481	22.951149216176667	97.23766424018281	42.1609905504521	-0.0	27.687283361086678	66.02136512963013	75.15205572302511
5.821085193833055	5.833199372541443	93.27991721866766	22.94816817082668	97.42170387666108	42.22132915027628	-0.0	27.516107451350255	65.77948784137074	74.97905122376734
5.83023073950288	5.842197807912457	93.01935707516029	22.945164837544553	97.60461479005758	42.281318719416376	-0.0	27.348524194160085	65.53853769335018	74.80629067850282
5.839320881180838	5.8511440687434275	92.7596553129249	22.942139429579782	97.78641762361676	42.340960458289516	-0.0	27.183620484803384	65.29848784615209	74.63377469966234
5.8483564018580205	5.86003836522761	92.50094297204969	22.939092168503517	97.9671280371604	42.40025576818407	-0.0	27.020782938311704	65.05936268727902	74.46150394234566
5.857337919525096	5.868880946915377	92.24321204768685	22.936023265533077	98.14675839050192	42.45920631276918	-0.0	26.85962047186351	64.82112669673708	74.28947900581691
5.866265948311938	5.877672054143711	91.98627096548034	22.932932938776027	98.32531896623874	42.51781369429141	-0.0	26.699842967438023	64.58381514472049	74.11770052449836
5.875140924236072	5.8864119989252375	91.73052906718112	22.92982139767987	98.50281848472143	42.57607999283492	-0.0	26.54132943303445	64.3473784631336	73.94616908564778
5.883963243931197	5.895101051620972	91.4754091130838	22.926688856446	98.67926487862393	42.63400701080648	-0.0	26.38395308915918	64.11186247534502	73.77488530064865
5.892733271249347	5.903739501913615	91.22162383811578	22.92353552313906	98.85466542498693	42.6915966794241	-0.0	26.22764603460941	63.87721199296121	73.60384974725713
5.901451355547599	5.912327599837182	90.96822277999433	22.920361607765958	99.02902711095197	42.748850665581216	-0.0	26.072308453585975	63.64348039460058	73.4330630124267
5.910117820678284	5.920865683614618	90.71637512947703	22.917167317582958	99.20235641356568	42.805771224097455	-0.0	25.917975104565738	63.410603189892164	73.26252566714082
5.918732990030225	5.929354023203629	90.46479928170918	22.913952858194744	99.3746598006045	42.86236015469086	-0.0	25.764599227190608	63.17863741786603	73.09223827286877
5.927297180761891	5.937792885613009	90.21483356988557	22.91071843568407	99.54594361523782	42.91861923742006	-0.0	25.61213683383038	62.94752088606992	72.92220139230642
5.935810699173036	5.946182579584774	89.96507516601318	22.9074642517095	99.71621398346072	42.97455053056516	-0.0	25.460607332380043	62.71730685609452	72.7524155637858
5.944273851920752	5.954523381207369	89.71692850936245	22.904190511041758	99.88547703841502	43.030155874715796	-0.0	25.309989735548534	62.487939400941876	72.5828813409019
5.952686940889219	5.962815578212056	89.46897761247251	22.900897411447595	100.05373881778438	43.08543718808038	-0.0	25.16028284175911	62.25946272868437	72.41359923912064
5.961050267770122	5.971059439021156	89.22266481887475	22.897585156475138	100.22100535540243	43.14039626014104	-0.0	25.01146143650191	62.0318290582761	72.24456980375143
5.969364129655346	5.9792552465829205	88.97654908946888	22.894253940181315	100.3872825931069	43.19503497721947	-0.0	24.863523643551144	61.80507529025315	72.07579352874382
5.977703669146341	5.988753401433421	88.731995198171	22.890906141375226	100.55407338292682	43.24586882758223	-0.0	26.279426704981276	61.57916388780739	71.85602468215114
5.987791629932096	6.006697337701382	88.48768409338376	22.8876320860722	100.75583259864192	43.20996917697666	-0.0	34.37450705945289	61.35406291726617	71.10997378217462
6.00054389211504	6.02919373582403	88.24486616397844	22.884618585996414	101.01087784230079	43.03694310024449	-0.0	42.31566177920296	61.1295750648351	69.82181652053484
6.01573012442897	6.053573452783002	88.00241339186815	22.882024428690514	101.31460248857938	42.73281284709558	-0.0	48.63340438553557	60.905587009288176	68.10393289590073
6.03288830662368	6.079510628310512	87.76134161090931	22.87996727694808	101.6577661324736	42.32884465945132	-0.0	53.980506717027026	60.6819394821958	66.09834385162887
6.051586584466766	6.105466756866542	87.5207131814235	22.878514134077577	102.03173168933532	41.854119790270374	-0.0	58.03025740926868	60.458555025007755	63.97194426976066
6.071371282008582	6.129698926352294	87.28132137439964	22.877675857255955	102.42742564017163	41.338338980523744	-0.0	60.377792038811734	60.235444802064805	61.90000550376773
6.091699867755299	6.1518169538981144	87.04255630917406	22.877407398308865	102.83399735510596	40.81791181616523	-0.0	61.296964720334806	60.01260244888697	60.048014328251455
6.112067863227928	6.170920416728788	86.80486016306074	22.87761376928178	103.24135726455854	40.32184587436038	-0.0	60.648863087478894	59.790130140648635	58.5552814685894
6.131962179491612	6.1865538296779885	86.56792248289436	22.878160699945465	103.63924358983225	39.876299935750275	-0.0	58.4121403190168	59.568118249512615	57.522496189112516
6.150866646821117	6.1986223966791405	86.33191118712764	22.878888559547416	104.01733293642233	39.50350268551195	-0.0	54.632722485031366	59.34674013282158	57.00449088390493
6.1682529246708455	6.207440207237547	86.0968069476782	22.87962769083046	104.3650584934169	39.222119267835055	-0.0	49.48944493949043	59.12611308723836	57.0084763211618
6.183635907086198	6.212970790664767	85.86249946991848	22.88021354593834	104.67271814172395	39.043483552104554	-0.0	42.818573349196946	58.906430325212604	57.496984501008214
6.1945936757095685	6.222184618146674	85.6291881365559	22.880500296225733	104.89187351419136	39.013164224999215	-0.0	41.526303740148585	58.68779467469644	58.3936836036113
6.208186813568272	6.212292530028283	85.39656492251225	22.880372544000075	105.16373627136542	39.00710655644638	-0.0	16.018966219788	58.47034945368401	59.588598949838016
6.274217823618665	6.2169196934157105	85.1650057443414	22.87975666307592	105.25145686228359	39.21096906980079	-0.0	-0.0	58.25413502765499	60.93072500032946
7.040766247161723	6.215435134408055	84.93409125624927	22.87866951699953	105.25145686228359	39.50478010346884	-0.0	-0.0	58.03918505907338	61.98455026745888
8.679700993066275	6.206848354445973	84.70424915229194	22.877150626549113	105.25145686228359	39.87248431958412	-0.0	-0.0	57.8254238294063	63.29430500669158
11.183034688324305	6.194975542884977	84.47501090321066	22.875068627767025	105.25145686228359	40.32012393419543	-0.0	-0.0	57.61296613508476	65.0039912870846
14.538567298713923	6.181287994975775	84.24687573077239	22.87231151457289	105.25145686228359	40.83534198081385	-0.0	-0.0	57.40188091383963	67.00168292302253
18.729945585847393	6.167041856695105	84.01927679274274	22.86880674274201	105.25145686228359	41.3990097114147	-0.0	-0.0	57.192274519010795	69.15796828113442
23.73674280492787	6.1536582030042695	83.7928700082278	22.864525806007432	105.25145686228359	41.98761158404056	-0.0	-0.0	56.98416249825154	71.33267780001295
29.53455825478908	6.142853360658977	83.56687444942756	22.859486609648172	105.25145686228359	42.5750070211701	-0.0	-0.0	56.777550315740314	73.38182359392947
36.09513619508364	6.136219831610866	83.34213131207929	22.85375351543947	105.25145686228359	43.131670836657854	-0.0	-0.0	56.57234923938373	75.16490636209608
43.38650355104835	6.135138066495615	83.11775784659199	22.847434983082483	105.25145686228359	43.62681177286783	-0.0	-0.0	56.36849390483272	76.55232209110153
51.373125734772785	6.140837728683591	82.8946142357593	22.84067883942889	105.25145686228359	44.03230404494429	-0.0	-0.0	56.16582631283128	77.43256142971445
60.01607982353859	6.153981527506141	82.6718969979156	22.833665274947506	105.25145686228359	44.32385309040743	-0.0	-0.0	55.96420356777056	77.71884783750198
69.27324425126723	6.173174955054564	82.45029874618598	22.826595888779273	105.25145686228359	44.48783303369709	-0.0	-0.0	55.76341536158007	77.40283002759696
79.0995040886054	6.187648272699419	82.22922413390462	22.819597088197806	105.25145686228359	44.58432181799613	-0.0	-0.0	55.563331002998474	76.95971051470134
88.76390614304721	6.2013014712005665	87.85487837056199	22.812681391415303	104.44633604833885	44.67534314133711	286.02884386661	-0.0	55.45336839051886	76.51935375334844
96.17690779694388	6.215558797849534	89.93872682899404	22.806046075564108	100.95778661299646	44.77039198566356	749.2905225047798	-0.0	56.697887625550266	76.08278179643358
100.72180425963954	6.230615516421278	90.50628648108005	22.8002608865395	95.08145385277814	44.87077010947519	958.851709113747	-0.0	59.635094114778056	75.65296581354224
103.6507351762147	6.246497375118637	93.49555677577285	22.79566846684404	88.64448097864671	44.97664916745758	956.0157195568311	-0.0	63.01263547604962	75.23166800007974
105.6693059262926	6.263190685886171	96.58097684694066	22.7922997178219	82.42775416597138	45.08793790590781	904.4056706708966	-0.0	66.29284573297994	74.81900545348817
107.04094621948964	6.280662407275385	99.38722280213082	22.790096729830026	76.63443157131715	45.20441604850257	829.9609072494281	-0.0	69.34801175435271	74.41462875831714
108.02333711662153	6.2988656579702775	101.91218818550195	22.788969753440984	71.39011929758313	45.325771053135185	741.6221435480219	-0.0	72.09808259850897	74.01802322795447
108.83849589815661	6.317743123121715	104.13887943369825	22.788809339394	66.75182593708344	45.451620820811435	650.3579643559785	-0.0	74.50211850917476	73.62857349680715
109.63078025721649	6.337230251682551	106.09843674314548	22.789499400416293	62.708233917768304	45.58153501121701	563.8358948013067	-0.0	76.55786168955633	73.24563261420823
110.4635128890201	6.357258565732028	107.78431006179873	22.790928762485176	59.20128885350324	45.71505710488019	491.04811826329444	-0.0	78.2951863247037	72.8685828410467
111.31427813737257	6.377759033647465	109.24723760475983	22.792999674547545	56.139484868859846	45.8517268909831	431.3161809336004	-0.0	79.76312100235322	72.49688015778989
112.1292533318061	6.398665276093	110.50698601152185	22.795631600398693	53.43414290954534	45.991101840620004	382.1047746699623	-0.0	81.0146678894114	72.13007377025791
112.86959705811984	6.419916250972065	111.55575469439665	22.798759988494893	51.020079147499864	46.132775006480436	343.8688888734868	-0.0	82.09267247988242	71.76779915195966
113.51501294406	6.441458034305728	112.4614857990128	22.80233182754136	48.85160214447944	46.27638689537152	307.92441126719365	-0.0	83.02459678275294	71.40975425719446
114.08060190020807	6.463244430921968	113.22170093580144	22.806301138282848	46.90499064501897	46.42162953947979	278.0307299501202	-0.0	83.82683742476347	71.05567553114916
114.57095921409815	6.485236419801081	113.88817553101374	22.810626540307283	45.15604106230123	46.56824279867387	247.8921771206119	-0.0	84.51183558886147	70.70532494067012
114.9942286780696	6.5074007705349315	114.44471829686182	22.81527073566648	43.58557547162799	46.71600513689955	222.38690228675864	-0.0	85.09201045433863	70.35848713253435
115.34950796572346	6.52970839170796	114.89957764472574	22.82020048208299	42.17405063109384	46.8647226113864	201.23053667322725	-0.0	85.57917111026559	70.01496917326511
115.63810936771578	6.5521329568927635	115.26773910841118	22.82538610102813	40.90558027396306	47.01421971261843	182.57415846010264	-0.0	85.98287891513905	69.67459784789335
115.86304675617214	6.574650108079563	115.57100834516167	22.83080068595172	39.767166382342026	47.164334053863755	162.12173509724715	-0.0	86.31044216785077	69.33721540017515
116.03527369661398	6.597237207615652	115.79075286331624	22.836419555397597	38.75030814805918	47.31491471743768	148.34714354107646	-0.0	86.56813374067622	69.00267658159477
116.14953343672423	6.6198733786739945	115.96377822924318	22.84222004981264	37.84267752194916	47.4658225244933	129.29798402641327	-0.0	86.7618303065249	68.67084751957026
116.21064884280902	6.642539538932027	116.07483390581662	22.84818138368254	37.03678508771716	47.61693025954685	110.55923448231866	-0.0	86.89695385620394	68.34160488146837
116.21484672224244	6.665218263921569	116.19275061010991	22.854284405197667	36.323676029466355	47.76812175947713	44.59428317539956	-0.0	86.97705874438901	68.01483455684756
116.19214755839421	6.687893498415242	116.10523498585714	22.860510886546543	35.70580040661469	47.91928998943495	88.44281501816089	-0.0	87.007483356654	67.69042788551732
116.10801970244151	6.7105502450545895	116.04780464123495	22.866845166572013	35.16689209294731	48.0703349670306	73.61627203676274	-0.0	86.99193395716551	67.36829025010445
115.93560712834424	6.733174349171803	115.88369597123797	22.873271308706897	34.694449096834724	48.22116232781202	68.35206024374659	-0.0	86.9360202805522	67.04832608442342
115.8242806090576	6.755752407226735	115.77782887869151	22.87977700314649	34.32817670101996	48.3716827148449	64.65799048027883	-0.0	86.83083170862271	66.73045935503278
115.72139358585406	6.778271739695791	115.71698505662043	22.886339474536328	34.04883659482404	48.52181159797194	19.919026859428147	-0.0	86.66086695654018	66.41455948118495
115.44170737020241	6.800720348964471	115.43485521237166	22.892946141436767	33.800631166815826	48.671468993096475	24.83332850762196	-0.0	86.47727113391512	66.10055013243408
115.07907376968495	6.8230867466786504	115.09093303130902	22.899592393401825	33.60895957221688	48.82057831119101	-0.0	-0.0	86.27222674172762	65.7883971748515
114.71494991414168	6.845359539018857	114.7185028169948	22.90626531773702	33.51284085383782	48.96906359345905	-0.0	-0.0	86.01674161493126	65.47802305645403
113.71261333885727	6.867527937862847	114.54821396381803	22.912946880836635	33.501215701176626	49.116852919085645	-0.0	-0.0	85.70480089264962	65.16932376995511
111.67962226705652	6.889581998784097	114.20918006993865	22.919621407092414	33.501215701176626	49.26387999189398	-0.0	-0.0	85.37407624759878	64.86220826301806
108.61490023016911	6.91151106220649	113.85072785255795	22.926292123096832	33.501215701176626	49.41007374804327	-0.0	-0.0	85.05801725606325	64.55668518551943
104.57811831234991	6.93330517640462	113.54764291562469	22.932955900816946	33.501215701176626	49.555367842697464	-0.0	-0.0	84.73056987110577	64.25272973399161
99.64787390371296	6.954965305256589	113.16905221642602	22.93961496974472	33.501215701176626	49.699768701710596	-0.0	-0.0	84.41586825400618	63.950345402623796
93.9201603848871	6.976492425067617	112.88280993638193	22.94626739388047	33.501215701176626	49.843282833784116	-0.0	-0.0	84.09187741965775	63.64951376059468
87.50649810625464	6.997884492632973	112.49892246111389	22.9529144359434	33.501215701176626	49.98589661755315	-0.0	-0.0	83.77849485043154	63.35023330200069
80.53176305231165	7.019144508400534	112.21816717042994	22.9595549521296	33.501215701176626	50.12763005600356	-0.0	-0.0	83.4579012424149	63.052489862815094
73.13175546769187	7.040272948974442	111.83741507207515	22.966189570660706	33.501215701176626	50.26848632649628	-0.0	-0.0	83.14590901158417	62.756278685174784
65.45055578449124	7.061269253797623	111.55594485579871	22.97281766071965	33.501215701176626	50.40846169198416	-0.0	-0.0	82.82857605608423	62.461588400613664
57.637719331764444	7.082135965029465	111.18271057387435	22.979439449608158	33.501215701176626	50.54757310019644	-0.0	-0.0	82.51809464403613	62.16841222820587
49.84536444710776	7.102873098520299	110.8975474505529	22.98605462493374	33.501215701176626	50.685820656801994	-0.0	-0.0	82.20385839797424	61.8767405692208
42.225210685664386	7.12348097073327	110.5336258921096	22.99266317352333	33.501215701176626	50.82320647155513	-0.0	-0.0	81.8950214801007	61.58656546371717
34.92562479355109	7.1439615173587665	110.24380055109494	22.99926497006577	33.501215701176626	50.95974344905844	-0.0	-0.0	81.58371622781557	61.29787838962561
28.088731961502077	7.164314689945414	109.88949869265909	23.005859387853352	33.501215701176626	51.09543126630276	-0.0	-0.0	81.27664890746065	61.094981715189576
21.847648603542403	7.184541302527372	109.59513734827704	23.012261403018606	33.501215701176626	51.23027535018248	-0.0	-0.0	80.96823531456826	61.8858437195095
16.32389053930372	7.20464276480203	109.24989095889627	23.018226749084345	33.501215701176626	51.364285098680206	-0.0	-0.0	80.6635196126595	63.118852272494884
11.625007043511523	7.224619165794643	108.95177128480803	23.023645750312195	33.501215701176626	51.49746110529762	-0.0	-0.0	80.35859117073953	64.61773064614461
7.842486828396086	7.244471537315967	108.61471395800874	23.02844768816911	33.501215701176626	51.62981024877311	-0.0	-0.0	80.05687559607075	66.2937457743818
5.210883790276941	7.137857258031249	108.31372147282715	23.03258737566072	34.79250091460468	50.919048386875	-0.0	347.0386746958389	79.75563278114936	68.07557142920321
3.5881989940892938	6.995123923402792	107.98378925498555	23.03604248649423	37.54438595693769	49.96749282268528	-0.0	461.4464303492808	79.45717047370837	69.89033701738254
2.9969420308483006	6.872193387156654	107.68092297250304	23.03881630678574	40.7656935366395	49.14795591437769	-0.0	492.14145300845377	79.15961527894486	71.65358328093285
3.1496949687220606	6.7722260434135215	107.35711597396413	23.04094140268577	43.993899374441206	48.48150695609014	-0.0	475.8236986197896	78.86445392259365	73.27509230176112
3.3055819124848083	6.681860405493449	107.05327149343277	23.042470303694845	47.11163824969616	47.879069369956326	-0.0	459.3663089659929	78.57041318851384	74.73115820336781
3.45600032585798	6.596059056167052	106.7347012637686	23.04345671072595	50.120006517159595	47.30706037444701	-0.0	443.0052715762161	78.27841018536702	76.02518251129594
3.600975215905257	6.51427589397041	106.43065784561672	23.043953334187016	53.019504318105135	46.76183929313607	-0.0	426.70984565518535	77.98762086673959	77.16093883629057
3.740528314182169	6.43643655513648	106.1165868847258	23.044011394751973	55.810566283643375	46.242910367576535	-0.0	410.4805294525484	77.69859107724504	78.14260335333837
3.8746823367664494	6.362514613747674	105.81295476590967	23.043680820284255	58.49364673532898	45.750097424984496	-0.0	394.32159123148017	77.41080701607551	78.97486838705764
4.003461580604273	6.292486945470937	105.50276263827342	23.04300974678537	61.06923161208545	45.283246303139585	-0.0	378.2381330645636	77.1245672832497	79.66308982731587
4.126892146134125	6.226329482218174	105.20005573697779	23.042044546774328	63.537842922682486	44.84219654812116	-0.0	362.23588102954824	76.83956354229976	80.21348760581925
4.245002156048907	6.164016671466371	104.89327393927802	23.040829265252125	65.90004312097814	44.42677780977581	-0.0	346.32124857362055	76.55593658152759	80.63340775790462
4.357821994068582	6.105520850058918	104.59184566484934	23.03940541493362	68.15643988137163	44.036805667059454	-0.0	330.501404685965	76.27351242640725	80.93166130982925
4.465384581448014	6.050812335095133	104.28812223875101	23.037811249655544	70.30769162896028	43.67208223396755	-0.0	314.78442560416624	75.99233406015601	81.11892375792472
4.567725703654839	5.999859129567807	103.98824526064742	23.03608125661803	72.35451407309677	43.33239419711872	-0.0	299.1794430096435	75.71231564966745	81.20812311791563
4.664884384612149	5.952626398244805	103.68730412084246	23.034245246732734	74.29768769224299	43.01750932163203	-0.0	283.6968026820905	75.43344477656487	81.2145994441417
4.756903327965782	5.909076359450787	103.38919511031526	23.032327746169646	76.13806655931565	42.72717572967191	-0.0	268.3483081143103	75.15569236779449	81.15564305061692
4.843829460181402	5.869166612798863	103.09083014792549	23.03034746673786	77.87658920362803	42.46111075199242	-0.0	253.1473326712951	74.87902079661114	81.04903416628694
4.925714485812898	5.832852647990552	102.79460148035659	23.02831759162315	79.51428971625795	42.21901765327035	-0.0	238.10950240614798	74.60343980972067	80.91082511993785
5.002615688985894	5.800083497715354	102.49866846607952	23.026246589423263	81.05231377971788	42.000556651435694	-0.0	223.25263278535212	74.32890068679093	80.75348809907817
5.0745967890218395	5.770802065693266	102.20440767110479	23.024139569243037	82.49193578043679	41.805347104621774	-0.0	208.59729095068357	74.05543531765612	80.5854257791435
5.141728877854343	5.744948421696016	101.91082996470101	23.021999449416025	83.83457755708685	41.63298947797344	-0.0	194.16802386104817	73.78299070949728	80.41169451836942
5.20409189708097	5.722449275518781	101.61860181574549	23.019827919049	85.0818379416194	41.48299517012521	-0.0	179.9926002711311	73.51161021896142	80.23511316546892
5.261775870607277	5.703227635358393	101.32728595855	23.017625962742994	86.23551741214554	41.35485090238929	-0.0	166.1045914384811	73.24123888339588	80.05718012416226
5.314882976867612	5.68719107833262	101.0371038980187	23.01539422398628	87.29765953735223	41.24794052221747	-0.0	152.54263778223785	72.97192264386584	79.87867155891209
5.363529399231031	5.674240613184673	100.74801328442962	23.013133145513123	88.27058798462062	41.16160408789782	-0.0	139.35368984028597	72.70360649294153	79.69998342071459
5.407848305449408	5.6642556439644665	100.45989827210741	23.010843088336035	89.15696610898817	41.09503762642978	-0.0	126.59170058574584	72.43633686568782	79.52131639993134
5.447992535807016	5.657101750078611	100.17298436414859	23.008524353640603	89.95985071614031	41.047345000524075	-0.0	114.3211524258511	72.17005967748253	79.34277177899328
5.48413811914344	5.652625242580025	99.88693116834236	23.006177226923796	90.68276238286879	41.01750161720017	-0.0	102.61795756487545	71.90482036643756	79.16440079685556
5.516488317956839	5.650644082313896	99.6021624327679	23.00380197226632	91.32976635913678	41.00429388209264	-0.0	91.56820011508381	71.64056602511599	78.98622947462425
5.545277153414316	5.650951470088641	99.31815697651514	23.001398852948753	91.90554306828632	41.006343133924275	-0.0	81.26896573812962	71.37734138490079	78.8082712478864
5.5707721529099095	5.653319712119859	99.03552298145154	22.99896812232899	92.41544305819818	41.022131414132396	-0.0	71.82772758915485	71.11509374407866	78.63053321271927
5.593276429606118	5.657487716919246	98.75353075584968	22.996510034837467	92.86552859212236	41.04991811279498	-0.0	63.3498654858123	70.85386866300497	78.45301933475913
5.613127470025191	5.66315726429279	98.47309230974746	22.99402483999497	93.26254940050381	41.08771509528527	-0.0	55.91835245896443	70.59360907259618	78.27573198990119
5.630686115940026	5.67005365950197	98.19308013843104	22.991512786333452	93.61372231880053	41.13369106334647	-0.0	49.603139745599385	70.3343679638145	78.09867277081618
5.646326959488621	5.677883491096333	97.91472603603904	22.988974121432435	93.92653918977243	41.18588994064222	-0.0	44.41039546639937	70.07608465929245	77.92184287829464
5.660416742410839	5.686385643904543	97.63674540571378	22.98640908910541	94.20833484821678	41.24257095936362	-0.0	40.287173434685954	69.81880982082691	77.74524330075523
5.673294594168193	5.695334623649916	97.36045767377801	22.98381793486223	94.46589188336385	41.302230824332774	-0.0	37.11471194294324	69.5624866667309	77.56887493954692
5.685253111785872	5.704566149952626	97.08450481758102	22.98120089842847	94.70506223571742	41.36377433301751	-0.0	34.74283934024621	69.30716224324028	77.3927386172076
5.696531314116788	5.71395701907633	96.81022399903601	22.978558223418283	94.93062628233575	41.426380127175534	-0.0	33.00161450552614	69.05278750742262	77.21683515227735
5.7073125353359675	5.723434012049942	96.53626461336286	22.975890144681408	95.14625070671934	41.48956008033294	-0.0	31.742594327234546	68.799395316955	77.0411653035257
5.717733985415988	5.732936493223898	96.26408266911126	22.973196905485562	95.35467970831975	41.552909954825985	-0.0	30.824612535997392	68.54695036922813	76.86572986831136
5.727892406207871	5.7424360554263485	95.99211160885183	22.9704787352452	95.5578481241574	41.61624036950899	-0.0	30.149263277149327	68.29547813204786	76.69052956583889
5.737855435499543	5.751913468973918	95.72184388769053	22.967735875605197	95.75710870999085	41.67942312649279	-0.0	29.641644558770288	68.04495142063445	76.51556517695029
5.747669430763106	5.7613565087359975	95.45194824854259	22.964968552651204	95.95338861526213	41.74237672490665	-0.0	29.247946480149743	67.7953809160728	76.34083739845704
5.757365763932087	5.770757573227097	95.18360806633957	22.962177005149176	96.14731527864174	41.80505048818065	-0.0	28.930746290721096	67.5467554219238	76.16634699236151
5.766965472372848	5.780112157022056	94.9157636932925	22.959361456392465	96.33930944745697	41.86741438014704	-0.0	28.66474822103736	67.29907275023363	75.9920946375701
5.7764825976581005	5.789417686712503	94.64925096076229	22.956522142168815	96.529651953162	41.92945124475002	-0.0	28.43313324099485	67.05233866313212	75.81808107666943
5.78592656009592	5.798672331169054	94.38351828834809	22.953659282784887	96.7185312019184	41.99114887446036	-0.0	28.224292587607504	66.80652445303396	75.64430697029036
5.795303629967902	5.807875275842172	94.11884454414226	22.95077311105403	96.90607259935804	42.05250183894782	-0.0	28.0308377887974	66.56166322848864	75.47077304264435
5.804618043681417	5.817025999193186	93.85512942538715	22.947863845200303	97.09236087362834	42.11350666128791	-0.0	27.847750707831946	66.31770914258252	75.2974799401999
5.813872677759483	5.826124311687007	93.59230515495287	22.944931714085296	97.27745355518965	42.17416207791338	-0.0	27.671774797982124	66.07470449275526	75.12442836389434
5.823069519872844	5.835170203784803	93.33060291544128	22.941976934383383	97.46139039745687	42.23446802523202	-0.0	27.500777161699546	65.83259609428572	74.95161894909154
5.832209977864279	5.84416376558912	93.06964848631571	22.93899973078501	97.64419955728557	42.294425103927466	-0.0	27.333344705735584	65.59143153563373	74.77905237222419
5.8412950781114485	5.853105164500017	92.80992293570887	22.936000318502984	97.82590156222896	42.35403443000012	-0.0	27.16855534042163	65.35115485069196	74.60672925840016
5.850325596148131	5.861994629448094	92.55080796801691	22.93297891818364	98.0065119229626	42.41329752965396	-0.0	27.005824950326875	65.11181648352932	74.43465026002738
5.859302146774529	5.870832407929064	92.2930262669423	22.929935743626007	98.18604293549058	42.472216052860425	-0.0	26.84476340291404	64.8733582358267	74.26281599215426
5.868225240001931	5.879618754699837	92.03575935282507	22.926871011473196	98.36450480003862	42.530791697998914	-0.0	26.685101997539768	64.63583126549942	74.09122708371983
5.877095315283682	5.88835394444028	91.7799236469933	22.923784933979586	98.54190630567362	42.589026296268536	-0.0	26.5266719037163	64.39917636554657	73.91988413917666
5.885912764378332	5.89703827535897	91.52449550254225	22.920677723824202	98.71825528756663	42.64692183572647	-0.0	26.369384450339833	64.16344573014362	73.74878776393732
5.894677951752301	5.905672027373244	91.27057542421178	22.917549591965976	98.89355903504601	42.7044801824883	-0.0	26.213159411047076	63.92858126781382	73.57793855325534
5.903391223461561	5.91425547043277	91.01692979717832	22.914400746829532	99.06782446923121	42.761703136218465	-0.0	26.05792462381715	63.694634067648124	73.40733708780137
5.912052907147871	5.922788911393485	90.7649218236609	22.911231398431404	99.2410581429574	42.81859274262323	-0.0	25.903672815855384	63.46154558768841	73.23698395551739
5.92066332440148	5.931272631321652	90.51312572280611	22.908041750989607	99.41326648802959	42.87515087547768	-0.0	25.750372473242486	63.22936504937295	73.066879712642
5.929222788702067	5.939706921559086	90.26296211476267	22.904832013189218	99.58445577404134	42.931379477060574	-0.0	25.59801366441674	62.998040732430894	72.89702493750583
5.937731611218065	5.948092053525259	90.01299103115645	22.901602385470934	99.75463222436129	42.98728035683506	-0.0	25.446564487168384	62.76761396746549	72.727420164507
5.9461900968176895	5.956428314914415	89.76463550592105	22.898353074923552	99.92380193635378	43.04285543276277	-0.0	25.296020063349097	62.538040449747584	72.55806596145997
5.954598544558507	5.964716011998554	89.5165227340589	22.895084278495645	100.09197089117012	43.09810674665703	-0.0	25.146405608018455	62.30935141720979	72.38896284157235
5.962957258062165	5.972955397825517	89.26997141968425	22.891796201531328	100.2591451612433	43.15303598550345	-0.0	24.997674596040426	62.08151406260152	72.22011136171957
5.971266534995053	5.981146749955471	89.02369311638371	22.888489037814683	100.42533069990105	43.20764499970314	-0.0	24.84981760549039	61.854550888627315	72.0515120165791
5.97964279052911	5.990637127708376	88.7788827258205	22.885165529478904	100.5928558105822	43.256691232276346	-0.0	26.213471225767215	61.62843806358625	71.82486606069881
5.9897593116700225	6.00889349596096	88.5344585144805	22.881920044084424	100.79518623340044	43.21844389720775	-0.0	34.58159218693648	61.403124879946425	71.06432681114374
6.002601364819859	6.031068895070446	88.29139811809553	22.87893929722841	101.05202729639717	43.03927743181214	-0.0	42.18080891426409	61.178438563812584	69.76444961361997
6.017799592671164	6.056181448913562	88.04881116683913	22.876381129387777	101.35599185342326	42.73658668410238	-0.0	48.97821980380546	60.95421070832994	68.03810685610208
6.0350225655404595	6.081847259902988	87.80744784287768	22.874362012384186	101.70045131080919	42.32840797513424	-0.0	54.09753596660407	60.73035677757663	66.02807108247615
6.053760026295836	6.107696990248266	87.56672396951558	22.872947567800487	102.07520052591671	41.85155611096503	-0.0	58.060832297056166	60.50676561681908	63.901625883813416
6.0735595213153495	6.132006086082273	87.32706573368442	22.8721472223196	102.47119042630698	41.33578503129432	-0.0	60.43931086579945	60.283442662233476	61.83397535912665
6.0938997707839	6.1540145100770856	87.08817087192406	22.871914590940076	102.877995415678	40.815144626328326	-0.0	61.295768253804304	60.060382414293855	59.99009547583486
6.1142662145263404	6.172997148783478	86.85020795815429	22.872153573877227	103.2853242905268	40.31961746187218	-0.0	60.58616501373125	59.83770213269509	58.50842220256824
6.134138999224754	6.188599643487526	86.61316694753567	22.87272912172983	103.68277998449507	39.8758036003276	-0.0	58.342011161968784	59.615484896895666	57.488528980574124
6.1529957974979155	6.200797940573988	86.37691000959855	22.873481207638257	104.05991594995831	39.506162875531565	-0.0	54.65925303418024	59.39390615088446	56.98403097668293
6.170261383197632	6.210057463589131	86.14170073710048	22.874240170325756	104.40522766395263	39.230046577202295	-0.0	49.87238739491695	59.17307923747479	57.00095319623549
6.185783579451358	6.213865087716279	85.90708044595021	22.87484182251802	104.71567158902715	39.04484880476856	-0.0	41.89384521093243	58.953223504723105	57.50077339323972
6.1985206554231524	6.216856637364904	85.6736997980789	22.87514101750022	104.97041310846303	38.98319447014062	-0.0	33.85260508970419	58.73439357693764	58.406273352259795
6.2057092994717955	6.221395269178446	85.4407985258048	22.87502330489272	105.11418598943591	39.060658778605095	-0.0	31.310910345527404	58.5167675088362	59.60666542832505
6.278974874776064	6.22485124725984	85.20913608814502	22.874416285137755	105.17773472711083	39.261461441178845	-0.0	-0.0	58.30037021519942	60.9474855874101
7.066855189866039	6.221097902391685	84.97796629968174	22.873342960083644	105.17801776057803	39.545897819086036	-0.0	-0.0	58.08524513034942	61.99084119257721
8.726345056227217	6.2122681163290485	84.74800896092925	22.871835164266972	105.17801776057803	39.915356604622495	-0.0	-0.0	57.871297194949975	63.311469799530144
11.249371267257379	6.200340058162797	84.51853098912804	22.869760987664584	105.17801776057803	40.36547251241706	-0.0	-0.0	57.65865775214848	65.02981128721838
14.623637816961638	6.186598955972841	84.2902801530456	22.867009317683316	105.17801776057803	40.88266902638262	-0.0	-0.0	57.44739595840252	67.03305750701755
18.832700166823518	6.172242176298089	84.06244733476531	22.863508675984182	105.17801776057803	41.44728152009921	-0.0	-0.0	57.23762792358991	69.1914639200605
23.856045388495144	6.158894674846048	83.83588512944449	22.859231708013795	105.17801776057803	42.036862999810886	-0.0	-0.0	57.02933998490866	71.36469759010147
29.669192133878358	6.148159193524133	83.60969843222608	22.854197489198718	105.17801776057803	42.62446234602691	-0.0	-0.0	56.82255254015353	73.40878798757497
36.2438099453196	6.141589669865966	83.3847945791466	22.848471518487816	105.17801776057803	43.18022440540975	-0.0	-0.0	56.617176576956986	75.18343874240432
43.547857324544026	6.1406696384505315	83.1602213482686	22.842163293798308	105.17801776057803	43.674022224218284	-0.0	-0.0	56.413147813760375	76.55943192758689
51.54573788734878	6.14653126551276	82.93691020328833	22.83542152934647	105.17801776057803	44.07720423894882	-0.0	-0.0	56.21030335746369	77.42581674859002
60.198473843144974	6.159859587425166	82.71401315986456	22.828427092459346	105.17801776057803	44.36582802821292	-0.0	-0.0	56.00849781311656	77.69652755784152
69.46389595376965	6.1790397408994435	82.49223874376531	22.821381570410225	105.17801776057803	44.52693160599629	-0.0	-0.0	55.807525286409344	77.37062342291358
79.29684904593545	6.193430587655181	82.27099315307404	22.814407513003598	105.17801776057803	44.622870584367874	-0.0	-0.0	55.60725330154008	76.92780288598995
88.93985087298027	6.207083779267055	87.98923198963965	22.807516853887208	104.34416361717868	44.71389186178037	292.49905897396695	-0.0	55.50403154420682	76.48774508114612
96.30086137507908	6.221351446822422	89.97259543867955	22.800913025638774	100.81041395682382	44.80900964548282	754.6813461825844	-0.0	56.778480996750524	76.0515043879802
100.80371961124514	6.23642001093349	90.57902741773644	22.795167116745958	94.91583794150351	44.909466739556606	959.2821782019007	-0.0	59.72976575339254	75.6220588223632
103.70858022816205	6.252313565535348	93.58012940915896	22.790615399461593	88.48311043861727	45.01542377023566	954.7568139114161	-0.0	63.10562449973097	75.20113693559937
105.7099063572269	6.269017801642302	96.65813808548019	22.78728592941774	82.27672537024792	45.12678534428201	902.5847020957114	-0.0	66.38029279362102	74.7888408672174
107.07011298426895	6.286499273058195	99.4572592514416	22.785119962651187	76.4968914337781	45.24332848705463	827.7420105047595	-0.0	69.42792938028438	74.38481687300774
108.04664819867617	6.304710794342769	101.97500283488266	22.784027230607656	71.26779272651791	45.3647386289518	739.2212677821274	-0.0	72.16928448395662	73.98854761422477
108.86033535765625	6.3235948314544705	104.1939844679969	22.783898050826338	66.6449789059601	45.49063220969647	648.0521430173208	-0.0	74.56434026104309	73.59941658805431
109.65364275708176	6.343086700345014	106.14505018855186	22.784616384021497	62.615828881900924	45.6205780023001	561.9371238561216	-0.0	76.61162172074049	73.21677718855285
110.4871594161496	6.363117879216518	107.82582615792731	22.78607133429712	59.120987820004515	45.75411919477679	489.407798507549	-0.0	78.34156964585165	72.84001322746434
111.33765130008517	6.383619380448136	109.28362064092062	22.78816556651604	56.069004222142325	45.89079586965424	429.9566947086762	-0.0	79.80349272036644	72.46858295100171
112.15128663618444	6.404524947247976	110.53707195516863	22.790818978204967	53.37164187835259	46.03016631498651	381.1552456564423	-0.0	81.05025848771977	72.10203791205898
112.88927526430601	6.425773719040859	111.58198189501448	22.793967363733017	50.964074570626174	46.17182479360573	343.0107917197906	-0.0	82.12433877226323	71.7400154577334
113.53241302336967	6.447311983625174	112.48439368940736	22.79755793353786	48.80132192952165	46.31541322416783	307.1184462981806	-0.0	83.05284760866739	71.38221475422691
114.09610993424066	6.46909375541272	113.2415790266989	22.801544842010934	46.85990377570732	46.4606250360848	277.32252284796164	-0.0	83.85200388624706	71.02837299000663
114.58449403671888	6.491080193260225	113.90655193228042	22.80588681183061	45.1155200726739	46.6072012884015	247.01171915409438	-0.0	84.53422204053174	70.67825271101225
115.00593874767566	6.513238202402231	114.46096682932479	22.810546647406493	43.54916994677861	46.75492134934821	221.46664004219258	-0.0	85.11192511289697	70.33163913624902
115.35907834954556	6.5355387841995425	114.9153137352303	22.81549120326625	42.14121330256214	46.90359189466362	199.846979682889	-0.0	85.59688167327387	69.98833987228358
115.64576006501274	6.557955675338006	115.28267758469192	22.820690879252478	40.87602436196625	47.05303783558671	180.76897750685308	-0.0	85.99858953486118	69.64818214456935
115.86875368635023	6.580464567748966	115.58601993260042	22.826118829153828	39.74056718290363	47.20309711832644	159.51814265933157	-0.0	86.32431590658405	69.31100854033456
116.04045047690612	6.603042872257208	115.80044032384501	22.831750423557935	38.726855770720036	47.35361914838139	146.97249326149299	-0.0	86.58032119761221	68.97667410920911
116.15437012295209	6.625669762409454	115.96786348671677	22.83756305159451	37.82217622361228	47.504465082729695	129.55924228390256	-0.0	86.77246897722914	68.64504525754855
116.21518234062137	6.6483262049382645	116.08512660948696	22.843535951398785	37.019023810755556	47.655508032921766	108.18972133292726	-0.0	86.90584012368835	68.31599879857609
116.27473687679529	6.670994818132776	115.97482542854225	22.849649875784262	36.32552231990488	47.806632120885176	164.29251456707863	-0.0	86.98473921963298	67.98942014272265
116.21752084957845	6.693659580764494	116.13560435827102	22.855886212994886	35.699435668900875	47.957730538429956	85.86317148619783	-0.0	87.00923070439949	67.6651986338207
116.11343025451427	6.716305522058376	116.05258817325004	22.862229138691493	35.15685252585515	48.108703480389174	73.99856291699446	-0.0	86.99472817767489	67.34323884188105
115.96699234202204	6.738918509938087	115.87322056858667	22.868664822659895	34.6942499001589	48.25945673292058	91.8665314964202	-0.0	86.93821844191235	67.02345628972559
115.85995174240026	6.761485140547176	115.8049233313529	22.87517760464519	34.331274480943705	48.409900936981174	70.3744058181835	-0.0	86.82558424764468	66.70575733076836
115.72338175965865	6.783992677014532	115.64026502895717	22.881747445806184	34.04422407237789	48.55995118009688	86.48991711831442	-0.0	86.66334457512718	66.39002583993958
115.42810829315347	6.806429190577104	115.36199514293874	22.888363819942725	33.79356821097289	48.709527937180695	77.1374326726392	-0.0	86.48363618593311	66.07619625714666
115.08145495380244	6.828783367878687	115.08111502719034	22.89501923512505	33.60845482909831	48.85855578585792	5.531129639498838	-0.0	86.27289573371475	65.76421925855018
114.71677659265234	6.8510439588968355	114.7133925096979	22.901699322136444	33.51645004608843	49.0069597259789	17.451861387818305	-0.0	86.0130650000699	65.45400967481223
113.67725019459674	6.87320002685785	114.50804941239497	22.908387990158598	33.50194473694465	49.154666845719	-0.0	-0.0	85.70438195394492	65.14547376231972
111.61785167189959	6.8952398620223425	114.23227285711705	22.91506973656957	33.50194473694465	49.301599080148954	-0.0	-0.0	85.37107717763072	64.8385213713161
108.52795007200083	6.91714919745171	113.81838319488004	22.921747449153774	33.50194473694465	49.447661316344735	-0.0	-0.0	85.05716665759022	64.53315938402089
104.46770673292181	6.938923207812954	113.56357888067687	22.928418348951187	33.50194473694465	49.5928213854197	-0.0	-0.0	84.72794463930867	64.22936483215963
99.51617584588756	6.960564601671485	113.14323294288572	22.935084310197375	33.50194473694465	49.73709734447657	-0.0	-0.0	84.41469908744276	63.92713935255972
93.76976524583615	6.982070936530444	112.89291868315993	22.94174374821441	33.50194473694465	49.88047291020296	-0.0	-0.0	84.08952366857787	63.62646636401435
87.34035932109028	7.003443332203724	112.4783232220722	22.948397587879303	33.50194473694465	50.022955548024825	-0.0	-0.0	83.77709803861711	63.3273425925751
80.35314058980124	7.024684303899165	112.22366803983643	22.95504500553524	33.50194473694465	50.164562025994435	-0.0	-0.0	83.45573957922932	63.02975556156435
72.94415235764923	7.045792480250163	111.82090058023226	22.96168633229764	33.50194473694465	50.305283201667756	-0.0	-0.0	83.14435306720266	62.733698957812024
65.25764991271382	7.066769681367732	111.55791378331715	22.968321210825493	33.50194473694465	50.445131209118216	-0.0	-0.0	82.82654772052224	62.439162855794926
57.44329183045148	7.087617329570243	111.16928008428445	22.974949620728665	33.50194473694465	50.58411553046829	-0.0	-0.0	82.51643102243142	62.1461391781946
49.65322607505943	7.10833480046356	110.8968881716942	22.98157147311967	33.50194473694465	50.7222320030904	-0.0	-0.0	82.20191954545393	61.85461950702178
42.03912763163146	7.128923962589005	110.52247774842759	22.98818655619601	33.50194473694465	50.8594930839267	-0.0	-0.0	81.89328700229369	61.564594843371125
34.74924534736336	7.149385579450035	110.24121820837753	22.99479492104141	33.50194473694465	50.99590386300024	-0.0	-0.0	81.58183643484365	61.27605759846428
27.92551548076064	7.169719657599908	109.87998800992185	23.001390293374378	33.50194473694465	51.131464383999386	-0.0	-0.0	81.27487257986317	61.135399394262556
21.700798158838374	7.189927856962908	109.59120581896526	23.00777882793672	33.50194473694465	51.26618571308605	-0.0	-0.0	80.96641171132593	61.9252538149701
16.196290549462326	7.210010634752805	109.24157185491535	23.013730709634384	33.50194473694465	51.400070898352034	-0.0	-0.0	80.66175186514562	63.15860264424851
11.519167115050244	7.229968445693927	108.94691254853522	23.01913613281458	33.50194473694465	51.53312297129285	-0.0	-0.0	80.35682759855052	64.658045051118
7.758837034207471	7.250867179534486	108.60715532716613	23.023924323070165	33.49398398276128	51.67244786356324	-0.0	-0.0	80.05513137936487	66.3342432025223
5.164578658730504	7.136595981937238	108.30822022169546	23.028050376057536	34.89472532441625	50.91063987958159	-0.0	351.0713356291295	79.75391904634415	68.11535054948635
3.5629074324930623	6.994979105847118	107.9767597006357	23.031492283038027	37.66487500287157	49.96652737231412	-0.0	463.1462831380907	79.45545644406582	69.92795357420759
2.99985792258758	6.872619116722618	107.67501314672423	23.034253953379768	40.891412347837985	49.15079411148412	-0.0	491.98330727113074	79.15794383176726	71.68693909103962
3.1558684486466824	6.773051098300329	107.35043312691971	23.03636858754934	44.11736897293365	48.4870073220022	-0.0	475.472307924818	78.86277111768962	73.30264589420193
3.3116388300802337	6.682793864737239	107.04713060381395	23.037888927605632	47.23277660160468	47.8852924315816	-0.0	459.01763546302107	78.56877385144686	74.7529886102757
3.4619411135695475	6.59706752286888	106.72825238429535	23.038868606764073	50.238822271390944	47.313783485792534	-0.0	442.65720437061486	78.27675413146588	76.04141011454983
3.6068000331999546	6.51535575263332	106.42437076381329	23.039360318383196	53.136000663999084	46.7690383508888	-0.0	426.3622080632679	77.98600486091173	77.17169663424451
3.746237311830041	6.437587488988449	106.11025655638772	23.03941521682057	55.92474623660082	46.25058325992299	-0.0	410.1333759551891	77.69695681657936	78.1480401920075
3.880275688735667	6.363736431931321	105.80659413254216	23.03908319406994	58.60551377471334	45.758242879542145	-0.0	393.9749947010957	77.40920673144834	78.97515379174068
4.00893948564777	6.293779426483324	105.49651891161481	23.03841231314233	61.17878971295539	45.29186284322216	-0.0	377.89217549748514	77.12294832316114	79.65842008208664
4.132254834663689	6.227692560352426	105.19366840628676	23.03744888722297	63.645096693273786	44.85128373568284	-0.0	361.890671136389	76.8379720964415	80.20409424478808
4.250249895022849	6.165450075660404	104.88704725220752	23.036236869973955	66.00499790045698	44.43633383773603	-0.0	345.9768941560219	76.55432789200005	80.61956851530223
4.362955088931599	6.107024298242723	104.58546756464182	23.034817680769685	68.25910177863199	44.04682865495149	-0.0	330.1580312243596	76.27192390143067	80.9137141324994
4.470403383528259	6.052385673546681	104.28191343628482	23.033229445648203	70.40806767056517	43.68257115697787	-0.0	314.4421936161738	75.99072998774517	81.09728241145432
4.572630617993317	6.001501990009113	103.98188040559866	23.031506507099003	72.45261235986635	43.343346600060755	-0.0	298.83851952348317	75.710725876932	81.18329014622006
4.6696758812091375	5.954338096374543	103.68111489909474	23.029678494151135	74.39351762418275	43.028920642496956	-0.0	283.3573511448712	75.43183944925525	81.1871646617269
4.761581943770441	5.910856486515651	103.3828365462881	23.02776973342421	76.2316388754088	42.73904324343767	-0.0	268.01055748155824	75.1540979821072	81.12625067068727
4.848395798336939	5.87101542585681	103.0846326755233	23.02579872488495	77.96791596673877	42.47343617237873	-0.0	252.8116427698534	74.87741339019875	81.01831183629015
4.930169278451125	5.834768559377943	102.78824916496204	23.02377846357087	79.60338556902248	42.231790395852954	-0.0	237.77606073346854	74.60183887377008	80.87930195863723
5.006959759672425	5.802066000693866	102.49249624351921	23.02171726818521	81.13919519344849	42.01377333795911	-0.0	222.9218250056286	74.32728709764449	80.72154501659078
5.078831063409946	5.772851709715151	102.19810709276095	23.01962014770868	82.57662126819892	41.819011398101004	-0.0	208.2697539108243	74.05382587205767	80.55330432254586
5.145854542153564	5.7470612797594915	101.90467640120029	23.01748995979906	83.91709084307126	41.647075198396614	-0.0	193.84380593759113	73.78137117787443	80.37953471427808
5.208110171315229	5.724627449656188	101.61231049566838	23.015328358877085	85.16220342630459	41.497516331041254	-0.0	179.67284128746314	73.50999391685089	80.20299040741753
5.265688341627388	5.705467433254833	101.32112639533221	23.01313631197822	86.31376683254776	41.369782888365556	-0.0	165.78960530357554	73.23961370466311	80.02513426966097
5.3186913599957055	5.689493410413374	101.03083775773167	23.010914452662945	87.3738271999141	41.26328940275583	-0.0	152.2337943792517	72.97029911357532	79.84672283531788
5.367235924738896	5.676600037100761	100.74185765084276	23.00866321943455	88.34471849477792	41.17733358067174	-0.0	139.051274796805	72.70197565941665	79.6681420174862
5.411455362412679	5.66667302918616	100.45364208355991	23.00638297031041	89.22910724825357	41.11115352790773	-0.0	126.29768079162243	72.43470682055647	79.48958722164683
5.451503093033412	5.659574189354467	100.16682223931764	23.004074006115218	90.03006186066823	41.063827929029785	-0.0	114.03702696960302	72.16842344650624	79.31115710669245
5.48755582892068	5.655146538408994	99.88068706573864	23.00173661109835	90.7511165784136	41.03431025605996	-0.0	102.34461071800324	71.90318402709308	79.13290155590016
5.519817183446049	5.6532140779000155	99.59600461746344	22.99937105000856	91.39634366892098	41.0214271860001	-0.0	91.30884898723066	71.6389244361723	78.9548459104156
5.548521757330081	5.65357161289831	99.3118953772366	22.99697758514407	91.97043514660162	41.0238107526554	-0.0	81.02848865068572	71.37570022643915	78.777003260991
5.573939204521102	5.6559686734926204	99.02943625010724	22.994556471234375	92.47878409042202	41.03979115661747	-0.0	71.60196792491062	71.11344461649608	78.5993805402333
5.596372323505798	5.660164552192683	98.74733248939938	22.992107961167523	92.92744647011595	41.06776368128455	-0.0	63.14280871904813	70.8522193919489	78.42198161825718
5.616158665784486	5.665869123348204	98.46696329556399	22.989632306271417	93.32317331568971	41.1057941556547	-0.0	55.73960528863129	70.59195628331534	78.24480883837376
5.633661414321936	5.672783704266339	98.18689835858595	22.98712975383266	93.67322828643871	41.1518913617756	-0.0	49.44838846236768	70.3327132260606	78.06786376599787
5.649254724132907	5.680624930665048	97.90860444130347	22.984600552781405	93.98509448265814	41.204166204433655	-0.0	44.27909109567166	70.07442658813005	77.89114759907244
5.663305082320654	5.689132692421915	97.6305962048513	22.982044945928067	94.26610164641306	41.2608846161461	-0.0	40.177426887853926	69.81714856999663	77.7146613161976
5.676150254266886	5.6980883791030195	97.35433820472095	22.97946318010327	94.5230050853377	41.32058919402013	-0.0	37.02881043536732	69.56082374081006	77.53840582367008
5.688082799772285	5.707319146457743	97.0783634802567	22.97685549408595	94.76165599544571	41.38212764305162	-0.0	34.67378934932109	69.30549645544774	77.36238193882379
5.699339876632636	5.716708711886791	96.80411557343247	22.974222132420014	94.98679753265272	41.44472474591194	-0.0	32.94771924404916	69.05111807129553	77.18659048509413
5.710104447106962	5.7261781203137305	96.53019538510574	22.971563330140167	95.20208894213924	41.50785413542487	-0.0	31.695497715338167	68.79772413418101	77.01103222334616
5.720511684552928	5.735675621170637	96.25793828186177	22.96887932954244	95.41023369105856	41.57117080780425	-0.0	30.785484219138272	68.54527706949078	76.83570794574186
5.730658011968133	5.7451691917271015	95.9860331146304	22.966170362041154	95.61316023936266	41.63446127818068	-0.0	30.115589566460756	68.29380318943024	76.66061838318122
5.740610455052923	5.754639890987673	95.71573149278773	22.96343666748998	95.81220910105846	41.69759927325116	-0.0	29.611479968449704	68.04327301903037	76.48576430798536
5.7504148622349005	5.76407617147687	95.44587126634342	22.96067847375854	96.00829724469801	41.760507809845805	-0.0	29.22040088060238	67.79370085301206	76.31114642697823
5.76010232645671	5.773470278617038	95.17751213334037	22.9578960185716	96.20204652913421	41.823135190780256	-0.0	28.90496514477232	67.5450728740533	76.13676549770408
5.769693652352998	5.782817891451244	94.9096671824293	22.955089526285313	96.39387304705996	41.885452609674964	-0.0	28.6402678695644	67.29739001969183	75.962622205277
5.779202761531905	5.792116274373444	94.64320749361423	22.952259231863323	96.5840552306381	41.9474418291563	-0.0	28.409409578451278	67.05064901517862	75.7887172894031
5.788638933869831	5.801363910737774	94.37742662468513	22.949405356808995	96.77277867739662	42.00909273825183	-0.0	28.201259798924966	66.8048368040904	75.61505141698402
5.798008401970029	5.81055978205921	94.11279181430194	22.946528133322648	96.96016803940059	42.0703985470614	-0.0	28.008235495543065	66.5599712920982	75.44162531056905
5.807315342569609	5.819703485060194	93.84905317083204	22.943627780221355	97.14630685139217	42.13135656706796	-0.0	27.825508183348123	66.3160175257644	75.26843962014856
5.816562606987997	5.828794796540333	93.5862929770545	22.940704526214272	97.33125213975994	42.191965310268884	-0.0	27.649807359563585	66.07300798141908	75.09549504691375
5.825752162740928	5.837833711560598	93.32456272740171	22.9377585881777	97.51504325481855	42.25222474373732	-0.0	27.479024750332233	65.8308989842237	74.92279222814052
5.834885402483948	5.846820335416767	93.06362881381547	22.93479019105197	97.69770804967897	42.31213556944512	-0.0	27.31177966191867	65.5897317876801	74.7503318423231
5.843963342481874	5.855754844331227	92.80387672421189	22.931799550116384	97.87926684963747	42.371698962208185	-0.0	27.147170489473723	65.34945467999431	74.57811451567913
5.852986753754608	5.864637458044643	92.54476381275644	22.928786886262145	98.05973507509215	42.43091638696429	-0.0	26.984607058973875	65.11011502839169	74.40614090284566
5.861956251370293	5.8734683915430175	92.28704913235933	22.925752413403522	98.23912502740585	42.48978927695345	-0.0	26.823660466000824	64.87165258392372	74.23441162043561
5.87087233478725	5.882247957983356	92.02975225648754	22.922696348063447	98.41744669574499	42.548319719889044	-0.0	26.664141646725675	64.63412474000765	74.06292729727566
5.879735443620255	5.890976417576829	91.77396385478637	22.91961890310159	98.59470887240509	42.6065094505122	-0.0	26.50586486583438	64.39746692327297	73.89168854190703
5.888545973748741	5.8996540273597144	91.51846856718034	22.916520290782152	98.7709194749748	42.6643601823981	-0.0	26.34868783613042	64.16173688139072	73.72069595855574
5.897304283736839	5.908281104000491	91.26459668444878	22.91340072283738	98.94608567473676	42.72187402666994	-0.0	26.192580370750974	63.92686960800319	73.54995014717528
5.906010717934328	5.916857925241317	91.01095672583328	22.910260407318344	99.12021435868655	42.779052834942114	-0.0	26.03748176546231	63.692920349724176	73.37945168739797
5.914665605996779	5.925384778133593	90.75896959017632	22.907099554737016	99.29331211993558	42.83589852089062	-0.0	25.88335871850635	63.459830295799705	73.2092011703248
5.923269269529495	5.9338619405827835	90.50714962214502	22.90391836913348	99.4653853905899	42.89241293721856	-0.0	25.7301756859631	63.22764933282433	73.03919915232811
5.931822021366455	5.942289706110698	90.25700099953244	22.90071705957806	99.63644042732909	42.948598040737984	-0.0	25.577925961953586	62.99632334984033	72.86944621465109
5.940324168960105	5.950668369988376	90.00704392090728	22.89749582649331	99.80648337920209	43.00445579992251	-0.0	25.426611340620177	62.765894530017306	72.69994289195274
5.948776019728725	5.95899819931026	89.75870799286126	22.894254877146736	99.97552039457449	43.059987995401734	-0.0	25.276198761798558	62.536318542502435	72.53068975401683
5.95717787590297	5.967279475525522	89.5105965844178	22.890994408806698	100.1435575180594	43.115196503503476	-0.0	25.126678578941878	62.307629192282924	72.3616873168589
5.965530036188879	5.975512484706048	89.26402467064464	22.887714626628956	100.31060072377757	43.17008323137365	-0.0	24.9780510112993	62.07979144249487	72.19293613675431
5.973832794598856	5.983697528541826	89.01776624421369	22.884415724715474	100.47665589197712	43.22465019027884	-0.0	24.83034175027831	61.85282599414856	72.024436710585
5.982190505913927	5.993514256315375	88.77298564660718	22.881101057573115	100.64381011827854	43.27401989504037	-0.0	26.60327799521201	61.626710066806815	71.79069547879135
5.992396792087943	6.01190216878724	88.52855300319388	22.8778686120008	100.84793584175885	43.23219699062057	-0.0	34.91541269562877	61.40138807278109	71.01536949418846
6.005306170874313	6.034117611269548	88.28549389986985	22.874905265878883	101.10612341748626	43.0492213564991	-0.0	42.43483268144453	61.17669284798309	69.70340487357058
6.02057669138818	6.058930516905741	88.04291134437631	22.872367931060467	101.41153382776359	42.741194825834825	-0.0	48.96033184985119	60.95247032557395	67.96815590711383
6.037824640320405	6.084871889005207	87.80157846237273	22.87037191524	101.75649280640809	42.332292030286276	-0.0	54.22594436983192	60.72859471762746	65.95315663324573
6.0565939195644285	6.110706634156423	87.56083209546144	22.86898147855633	102.13187839128857	41.85382177328587	-0.0	58.155349384211	60.5049795058654	63.826111479493385
6.076414736238057	6.134937633271476	87.32119210188225	22.86820461845886	102.52829472476112	41.33703631541448	-0.0	60.47876540231862	60.28163794475292	61.7621926616108
6.0967608381745375	6.156896496937425	87.08230411142961	22.867993606894938	102.93521676349074	40.816484362874974	-0.0	61.306432555487	60.05856998878612	59.92590262835569
6.117118254009775	6.175845226357571	86.84437262775994	22.86825122052728	103.34236508019548	40.3219437501677	-0.0	60.58412144891809	59.83587906737421	58.45483826443007
6.136967768524364	6.191412081562772	86.60731248636013	22.868841599810555	103.73935537048729	39.87977055557905	-0.0	58.33326293719979	59.61365304544415	57.44748725609836
6.155824078178937	6.203120327082816	86.3710563365029	22.869604281697807	104.11648156357873	39.509717955987256	-0.0	54.369251939790765	59.39207441300018	56.95627078516757
6.1731246471076595	6.211722144190402	86.13583839239146	22.870369559081535	104.46249294215318	39.232700729901325	-0.0	49.115614295979164	59.171252457661645	56.98604273726158
6.188333742957896	6.217494694083928	85.90128935415707	22.870973563884405	104.76667485915792	39.06152892062824	-0.0	42.69144463914303	58.95138225016095	57.49722973721035
6.19950799267427	6.224773886211606	85.66785509467549	22.871271779317475	104.9901598534854	39.026892696982245	-0.0	39.7381220754515	58.732565983692254	58.41171726643762
6.21047873473277	6.2194238182798856	85.43500346267497	22.871150664058483	105.20957469465539	39.052660373962944	-0.0	23.64461295294825	58.51495148161142	59.617886852991035
6.2942399462330645	6.2226711241407155	85.20332068134918	22.870539126010684	105.30048881735938	39.255408426251265	-0.0	-0.0	58.29856274578653	60.95840698105846
7.104912826823071	6.220237660303635	84.97216618803037	22.869456576092233	105.30048654021569	39.55018245749024	-0.0	-0.0	58.08345424530355	62.02817373197226
8.788083656737072	6.211378466168018	84.7422158509724	22.86793436202715	105.30048654021569	39.92208980043909	-0.0	-0.0	57.86952571112006	63.358812916096355
11.335549362165104	6.199426529838024	84.51273777107228	22.865842953469613	105.30048654021569	40.37422537007735	-0.0	-0.0	57.65690680466495	65.08440718330587
14.73489483087059	6.185627759422688	84.28450675243651	22.863072207977936	105.30048654021569	40.89263761934159	-0.0	-0.0	57.44566868481375	67.09172282101034
18.969553301850098	6.171279903874869	84.0566693362828	22.859551731501565	105.30048654021569	41.458112648596234	-0.0	-0.0	57.23592817342665	69.25074500353513
24.018887103676416	6.157974655809956	83.83012617836691	22.8552553143775	105.30048654021569	42.047887234745104	-0.0	-0.0	57.02766414519225	71.42103997052665
29.85828823251717	6.147341931306111	83.60393396142901	22.8502031795127	105.30048654021569	42.635093721581114	-0.0	-0.0	56.820907233823306	73.45871407632804
36.4592982795882	6.140869805153511	83.37908430602658	22.84446192167896	105.30048654021569	43.189430712195815	-0.0	-0.0	56.61554486523478	75.22372760438319
43.78974712365935	6.140110033664938	83.15444632180892	22.838142017190485	105.30048654021569	43.68125793483735	-0.0	-0.0	56.4115334970188	76.58729407763101
51.81390971259376	6.146146740762575	82.93119517073579	22.83139299594361	105.30048654021569	44.08176289366288	-0.0	-0.0	56.208703074912115	77.4390560938325
60.49268016995506	6.159661884944435	82.70826392026687	22.824396320905947	105.30048654021569	44.36722546724106	-0.0	-0.0	56.00690638435026	77.69368146401757
69.78376237804719	6.178815718859531	82.48652589891537	22.81735344481588	105.30048654021569	44.52543812573021	-0.0	-0.0	55.805938652330134	77.35804871606071
79.64187610871396	6.193134166689294	82.26526483530974	22.810382947694883	105.30048654021569	44.620894444595294	-0.0	-0.0	55.60566872608071	76.91531288796973
89.248529347732	6.206794951511697	88.19547912551916	22.803496984447825	104.39777860332713	44.71196634341132	307.85470598832194	-0.0	55.51961132462049	76.47534531924596
96.51372901529474	6.221081315162175	89.9628636364462	22.796913540056455	100.75645988107323	44.80720876774784	767.8397515734443	-0.0	56.864775862753454	76.0392767835405
100.95052251648877	6.236170348486639	90.66797246107585	22.79120694878354	94.81178561301759	44.90780232324426	961.9924661800441	-0.0	59.85229072706128	75.61010183309101
103.82747730490912	6.2520844666592525	93.70505792948511	22.78669989345227	88.37425476581193	45.013896444395016	954.472495040146	-0.0	63.23203581140209	75.18947717052987
105.80977352109957	6.268808712375067	96.77711394389489	22.78341500791353	82.1721794222677	45.12539141583378	901.631500086605	-0.0	66.50461780643042	74.77747635523825
107.15686414032685	6.286309217616784	99.57153952066406	22.781292419921204	76.40076633284306	45.242061450778564	826.2440412914641	-0.0	69.54755909580237	74.3737397327786
108.12605612752331	6.304538479836034	102.08542136235408	22.780241134205557	71.18265968051645	45.36358986557356	737.3310849714874	-0.0	72.28238811430117	73.9777461916337
108.9366127642677	6.3234387331795	104.30285115083895	22.780151058451793	66.57157670613331	45.48959155453	645.7852160034225	-0.0	74.67018093010856	73.58887713950563
109.73228707566277	6.342945146766907	106.23507387836794	22.780906059954344	62.555316747976335	45.619634311779386	561.0251222151593	-0.0	76.71051680938712	73.2064855527941
110.56394821062692	6.36298913904068	107.92598662307915	22.78239542240901	59.06911830916202	45.75326092693787	487.2540845178199	-0.0	78.434108326015	72.82995626088068
111.41398883169059	6.3835017484696035	109.38010836445883	22.784522128514013	56.02514731442449	45.890011656464026	427.84254352607087	-0.0	79.89088838703293	72.4587492476696
112.22924664818133	6.404416821043522	110.61193331635694	22.78720644282496	53.33565507778025	46.02944547362348	381.52090357435884	-0.0	81.13357974229145	72.09241805249349
112.9629196243304	6.42567365697438	111.6653589405041	22.790384456720517	50.93231377724913	46.171157713162536	341.7315635763928	-0.0	82.2042682048435	71.73060163077882
113.6061529041614	6.447218735352803	112.55355646647925	22.794003565021686	48.775101651757566	46.31479156901869	307.78836786239003	-0.0	83.12982643425227	71.37300015739426
114.16539144159563	6.469006261332522	113.32181397202433	22.798018030604993	46.836737309036685	46.460041742216816	275.53942052166883	-0.0	83.92627852797149	71.01935142587641
114.65495340896038	6.490997557638163	113.97098788601973	22.80238665719287	45.097210955617726	46.60665038425442	248.10662438689295	-0.0	84.60604610027248	70.66941844011784
115.07454191342582	6.513159652548373	114.52449485257675	22.80707233222235	43.53409104461723	46.75439768365582	222.49547293465557	-0.0	85.18154433763266	70.3229868851006
115.42622166248498	6.535463630805809	114.97620302872477	22.812041988924012	42.12917294634963	46.90309087203873	201.2502845672989	-0.0	85.664512995447	69.97986480819051
115.7111040888536	6.557883285181272	115.3430460262537	22.81726608975617	40.866613250980514	47.05255523454181	182.00336709520235	-0.0	86.06439272906826	69.63987978886075
115.93248799527574	6.5803943518317105	115.64565188312716	22.822717835257944	39.73361032466684	47.2026290122114	160.67124849633797	-0.0	86.38841564311305	69.3028746832352
116.10245124642661	6.6029742848243895	115.86014931288022	22.828372635957717	38.72210531988759	47.35316189882926	147.67252289838746	-0.0	86.64283288317444	68.9687047727013
116.21434479536302	6.6256023029563895	116.02890335767373	22.834207918457327	37.81936851074666	47.5040153530426	129.18873554623974	-0.0	86.83349730960742	68.63723668119552
116.26561973290733	6.6482594170590845	116.16658107884476	22.840202969790028	37.015673272841624	47.6550627803939	94.41122213821356	-0.0	86.96575531953862	68.30834749851914
116.28625977128992	6.670928283632999	116.17958818237916	22.846338642644838	36.312600889124994	47.80618855755333	97.98185037019933	-0.0	87.04353287542229	67.98192317723955
116.2457610011599	6.693592911485352	116.16148407795319	22.852597367617943	35.69398830009143	47.95728607656901	87.09146392502768	-0.0	87.07242408528572	67.65785855333172
116.169105360564	6.716238353016109	116.11140129699584	22.85896249690304	35.161778643588555	48.108255686774065	72.06501038045457	-0.0	87.05208456036956	67.3360538475884
116.08260358650006	6.738850495707864	115.93504317300737	22.865417797756475	34.7187779776765	48.259003304719094	115.24077930290805	-0.0	86.98572676872139	67.01641198700277
115.96054220564206	6.761415976195555	115.8807356371013	22.87194668491293	34.353255063144616	48.4094398413037	84.75016913651835	-0.0	86.86771988675626	66.69883454920154
115.73294030603041	6.783922154359163	115.72151606542523	22.878534480442383	34.04184237984577	48.55948102906109	32.06527178219778	-0.0	86.71843375616001	66.38323366285604
115.44198446373086	6.806357066832032	115.42180594380002	22.885171933162713	33.794428989685436	48.70904711221355	42.61533519491988	-0.0	86.54170931697705	66.06955039093718
115.1385040984686	6.828709330333615	115.1620612533732	22.891847008564806	33.62362453459095	48.8580622022241	-0.0	-0.0	86.3220986058528	65.757711480458
114.74430782253023	6.85096781636918	114.85796237402887	22.89854428117693	33.5276059043154	49.00645210912787	-0.0	-0.0	86.05865762310845	65.4476262738366
113.72761987859079	6.8731215947695885	114.61173103281457	22.90524985084286	33.5276059043154	49.154143965130594	-0.0	-0.0	85.74662372456625	65.13921259524967
111.64023786392977	6.895159093515758	114.22688086133394	22.911946703500817	33.5276059043154	49.30106062343839	-0.0	-0.0	85.41338019428812	64.83237237446723
108.52280375075986	6.917066628961595	113.89645928498393	22.9186407262757	33.5276059043154	49.447110859743965	-0.0	-0.0	85.099509794478	64.52712828808306
104.43601494362866	6.938838932332745	113.57843342696556	22.925326744635232	33.5276059043154	49.59225954888497	-0.0	-0.0	84.7695636206211	64.22344476241314
99.45944248222747	6.960478429194812	113.20434697805875	22.93200865526975	33.5276059043154	49.73652286129875	-0.0	-0.0	84.45693335275301	63.921334088392776
93.68998176866737	6.981983130355972	112.92076146459573	22.938683180543723	33.5276059043154	49.87988753570648	-0.0	-0.0	84.13065655529311	63.62077077567692
87.23996598410879	7.003353818867514	112.5285576360384	22.945352655327174	33.5276059043154	50.02235879245009	-0.0	-0.0	83.81907487144683	63.32175898177139
80.23497892702244	7.0245929985263835	112.25943257671275	22.952015091486178	33.5276059043154	50.163953323509226	-0.0	-0.0	83.49650557799411	63.02428010183267
72.81140985789166	7.045699563951922	111.86443837077283	22.958671776920276	33.5276059043154	50.304663759679485	-0.0	-0.0	83.18598832905013	62.72833286877671
65.11379795817756	7.066675056429115	111.59818359857633	22.96532157605786	33.5276059043154	50.4445003761941	-0.0	-0.0	82.86701301988674	62.4339032619454
57.29201810786692	7.087520990917895	111.2089146254499	22.971965098077934	33.5276059043154	50.583473272785966	-0.0	-0.0	82.55768248872413	62.140986527394745
49.49836277525962	7.1082368589926	110.93940061554622	22.978601751272194	33.5276059043154	50.72157905995067	-0.0	-0.0	82.24211762514258	61.84957160200352
41.884576835630135	7.128824332810266	110.56001815905367	22.985231723162556	33.5276059043154	50.85882888540178	-0.0	-0.0	81.93413866847992	61.55965159769455
34.59890305162875	7.149284296696602	110.28456706650336	22.991854753179727	33.5276059043154	50.995228644644016	-0.0	-0.0	81.62177944641225	61.2712172872988
27.78319574096168	7.169616779306348	109.91653192091887	22.998465135608292	33.5276059043154	51.13077852870899	-0.0	-0.0	81.31532414624806	61.135868663465004
21.570158829003287	7.189823323170953	109.63454421386514	23.00486299407852	33.5276059043154	51.265488821139684	-0.0	-0.0	81.00610398713206	61.94439920294462
16.08076206243154	7.209904494228899	109.27776598097178	23.01081999343984	33.5276059043154	51.39936329485933	-0.0	-0.0	80.70182249144719	63.18717291705732
11.421885690890024	7.229860721179507	108.9897520636974	23.01622797974733	33.5276059043154	51.53240480786338	-0.0	-0.0	80.39627989247722	64.69268369971613
7.683296483731459	7.250276385751897	108.64335585753427	23.02101711103575	33.52301701031299	51.668509238345976	-0.0	-0.0	80.09484379415085	66.37274619038405
5.115977056616658	7.132548201448873	108.35033820118353	23.02514310085404	34.9752822141401	50.88365467632582	-0.0	355.0150652465517	79.79313089627531	68.15577051957455
3.536598107741429	6.991328921204578	108.01311306536337	23.028584610180747	37.762755652249574	49.94219280803052	-0.0	464.6726545014746	79.49482768594319	69.96823821498256
3.002403001848683	6.869509763062364	107.71636212921912	23.03134625465071	40.9933493716389	49.13006508708243	-0.0	491.624015458821	79.19690784433115	71.72469324098996
3.160799486965185	6.770385672483994	107.38696483604035	23.03346196640248	44.2159897393037	48.46923781655996	-0.0	474.9727745828444	78.90181322540363	73.33627813736882
3.3164041201582846	6.680284239828182	107.08766862776257	23.03498467339906	47.32808240316569	47.86856159885455	-0.0	458.52209050313877	78.60748023822471	74.78256668302602
3.4665415619498012	6.594682746792656	106.76492775178056	23.035967969623456	50.33083123899602	47.29788497861771	-0.0	442.16379776354194	78.31547355670149	76.06702337013087
3.6112363246817196	6.51309203241024	106.46416047736282	23.03646453222469	53.22472649363439	46.75394688273494	-0.0	425.8708510018413	78.02444296316881	77.19344364791628
3.7505101464812	6.435443801003948	106.14701837810192	23.03652546486622	56.01020292962399	46.236292006692985	-0.0	409.6441790232979	77.73535908966757	78.16603109445428
3.884385810994494	6.361712040330501	105.84573600303031	23.03620063894555	58.68771621988988	45.744746935536675	-0.0	393.4881057077843	77.44736653920519	78.98951376404248
4.012887692681382	6.291873611376261	105.53330992544502	23.035538055403574	61.25775385362762	45.27915740917508	-0.0	377.4077634580799	77.16103658710358	79.6692936084209
4.136041982700085	6.225904520328023	105.23219877881486	23.034583994298824	63.72083965400169	44.83936346885349	-0.0	361.4089215857103	76.8758473655527	80.2116512305895
4.253876905932586	6.163778974360957	104.923811422113	23.0333823315778	66.0775381186517	44.42519316240638	-0.0	345.4980163138034	76.59210504237691	80.62401187500522
4.366422958462831	6.105469244050806	104.623465303682	23.03197442991197	68.3284591692566	44.03646162700537	-0.0	329.68226044063766	76.30950870233293	80.91528966554618
4.473713190478435	6.050945675882985	104.31857234817203	23.030398311893638	70.4742638095687	43.67297117255323	-0.0	313.9697920784488	76.02819845629516	81.09628935319263
4.57578353232	6.000176141143059	104.0194417049264	23.02868822671127	72.5156706464	43.334507607620395	-0.0	298.3698008368829	75.74801545195145	81.18008943543447
4.672673182171346	5.95312518736509	103.71760453236993	23.02687366277152	74.45346364342691	43.020834582433935	-0.0	282.89264805683615	75.46900187932903	81.1821766622891
4.764425033319289	5.90975509154497	103.41994859276816	23.024978815671826	76.28850066638577	42.731700610299804	-0.0	267.5502357298627	75.19109142844187	81.11993072615361
4.851086215854716	5.870024067506114	103.12097077057292	23.023022027307725	78.02172431709431	42.46682711670743	-0.0	252.35612877085512	74.91427010999409	81.01109871188415
4.932708708705886	5.833886276430618	102.82497995502365	23.02101617032552	79.65417417411771	42.225908509537454	-0.0	237.32593196445208	74.6385345652495	80.87156013758953
5.009350081643316	5.801291032047074	102.52861651762791	23.018969453269598	81.18700163286631	42.00860688031383	-0.0	222.4776604520888	74.36384285377956	80.71353527264087
5.081074387047041	5.772181310850521	102.23444814763214	23.0168868244145	82.62148774094081	41.814542072336806	-0.0	207.8321022790212	74.09022589120518	80.54519007943361
5.1479531641862595	5.7464950170245785	101.9405584560775	23.014771094001745	83.95906328372519	41.64330011349719	-0.0	193.41371668626542	73.81762818612971	80.37140889163209
5.210066755220183	5.724161410138459	101.64832949502022	23.012623899852002	85.20133510440365	41.49440940092306	-0.0	179.25098586170247	73.5460981543653	80.19490334084581
5.2675058359842195	5.7050995347299835	101.35677805111246	23.01044619217085	86.35011671968438	41.367330231533224	-0.0	165.37716339207856	73.27557435624637	80.01711179092172
5.320373112759318	5.689221052184181	101.0665400617078	23.008238602884305	87.40746225518636	41.261473681227876	-0.0	151.83213169172703	73.00611030734055	79.838777950845
5.368785776886655	5.676419454695171	100.77725504045918	23.006001563955778	88.3757155377331	41.17612969796781	-0.0	138.66183636109918	72.73764290858864	79.66028103454761
5.41287767540519	5.66658092389921	100.48903872710332	23.003735435528398	89.25755350810381	41.1105394926614	-0.0	125.92240877173624	72.47022733200969	79.48181303840488
5.452802957366569	5.659564734309367	100.2019552281962	23.00144051491782	90.05605914733138	41.06376489539578	-0.0	113.67766297265632	72.20380014990182	79.30347088093015
5.488738935455369	5.655216996094306	99.91578649381054	22.999117089184832	90.77477870910738	41.03477997396204	-0.0	102.00430770282972	71.93841604183713	79.12530358521528
5.5208903050728395	5.653356425426155	99.63086886688967	22.996765420642717	91.41780610145679	41.0223761695077	-0.0	90.98973855376347	71.67401321424194	78.94733604743773
5.5494927427367085	5.653775809555505	99.34673495196834	22.99438577440149	91.98985485473416	41.025172063703366	-0.0	80.73222204408086	71.41064522262411	78.76958115348086
5.574816240158865	5.6562361516605	99.06400151581076	22.991978402849142	92.49632480317729	41.04157434440334	-0.0	71.3354362771562	71.14824864752411	78.59204571499372
5.597165368366847	5.660483170880533	98.78188694067002	22.989543562112736	92.94330736733693	41.06988780587022	-0.0	62.90757233517591	70.88688079382061	78.41473356624302
5.616878185434276	5.666232189903295	98.5013141265843	22.987081501009666	93.33756370868551	41.1082145993553	-0.0	55.53940294343909	70.62647504029746	78.23764701111139
5.634319435836769	5.673172585299546	98.22111768587315	22.984592469704523	93.68638871673538	41.154483901996976	-0.0	49.278005655906505	70.36709459633055	78.06078761796257
5.649861725560914	5.681040521515074	97.94268355790763	22.98207671551229	93.99723451121828	41.206936810100494	-0.0	44.1437962474344	70.10866510801382	77.88415657031018
5.663871797155266	5.689566991026069	97.66451100084423	22.979534483240986	94.27743594310532	41.2637799401738	-0.0	40.07430120320538	69.85125166565645	77.707754855313
5.676686698938848	5.698530628870004	97.38818269700766	22.97696601880629	94.53373397877697	41.32353752580003	-0.0	36.94923031264969	69.59478327629994	77.53158337392894
5.688596558922625	5.707768489293102	97.1120023359271	22.974371562202922	94.7719311784525	41.385123261954014	-0.0	34.615685001958205	69.33932220380738	77.35564295015821
5.699837166801546	5.71716248513436	96.83769716711548	22.971751357873565	94.99674333603092	41.44774990089574	-0.0	32.906418762923295	69.08480195175625	77.17993440760284
5.710589978593728	5.7266342254089215	96.56355247770674	22.96910564146269	95.21179957187456	41.51089483605948	-0.0	31.66647163719965	68.83127584854955	77.00445851126133
5.720988948307434	5.736132037578678	96.2912539549845	22.96643465546754	95.41977896614867	41.574213583857855	-0.0	30.76431503305082	68.57868737410216	76.82921605554583
5.7311293115068365	5.745625773131766	96.01914433856832	22.963738631773698	95.62258623013673	41.63750515421177	-0.0	30.10031314717681	68.32708116106265	76.65420777471762
5.741077387509712	5.755096455329875	95.74879374501488	22.961017810565856	95.82154775019424	41.7006430355325	-0.0	29.60053612285072	68.07641139352863	76.47943444375402
5.750878585781865	5.764532052815493	95.47870756131577	22.958272420213966	96.0175717156373	41.763547018769955	-0.0	29.212012761906223	67.8267102369273	76.30489677364494
5.760563571715202	5.773925393955714	95.21030757313025	22.95550269837433	96.21127143430404	41.82616929303809	-0.0	28.898337149946723	67.57794237769359	76.130595522377
5.770152911837845	5.7832721523205715	94.94225951812143	22.95270887023684	96.40305823675689	41.888481015470475	-0.0	28.634813255378848	67.33012988924132	75.9565313806294
5.779660352041399	5.792569701851487	94.67576114627872	22.949891170911123	96.59320704082799	41.95046467900991	-0.0	28.40482992609617	67.08325141709716	75.78270508957203
5.789095085763539	5.801816377593766	94.4097033866451	22.947049822248374	96.78190171527078	42.01210918395844	-0.0	28.197176088912958	66.83731424109848	75.60911731964978
5.798463256379902	5.811011293918783	94.14511814672713	22.944185056845058	96.96926512759804	42.07340862612522	-0.0	28.00450581924398	66.59230803457245	75.43576879613663
5.8077689966991874	5.82015402557131	93.88108096939523	22.941297093599495	97.15537993398374	42.134360170475404	-0.0	27.822011151382643	66.34822998124028	75.26266017064388
5.817015125561127	5.829244363281311	93.61834717836217	22.938386162229023	97.34030251122255	42.19496242187541	-0.0	27.646470977531184	66.10508342658615	75.08979215066476
5.826203589235656	5.8382823105072825	93.35631177167099	22.935452479043935	97.52407178471312	42.25521540338188	-0.0	27.47580898675487	65.8628511214163	74.91716537151964
5.835335769714381	5.847267953659871	93.09544155557921	22.93249627048249	97.70671539428761	42.3151196910658	-0.0	27.308634103395054	65.62154747762979	74.7447805207687
5.844412671130071	5.856201495727469	92.83542460961513	22.92951775061881	97.88825342260141	42.37467663818313	-0.0	27.1440884418211	65.38114454173218	74.57263821917996
5.85343506367911	5.865083120489503	92.57631696817525	22.926517142551706	98.06870127358219	42.43388746993002	-0.0	26.981540924297832	65.14167330042953	74.4007391342323
5.862403549523923	5.8739131126225415	92.31830695033398	22.923494658446398	98.24807099047845	42.49275408415028	-0.0	26.820657964779006	64.90308682621576	74.22908387398928
5.871318634555195	5.882691719244718	92.06103703410793	22.920450517548417	98.4263726911039	42.55127812829812	-0.0	26.66116638662365	64.66542876832479	74.05767308299403
5.8801807555659735	5.891419210099022	91.80498233917479	22.917384930379644	98.60361511131947	42.609461400660145	-0.0	26.502894338458784	64.42864577905738	73.88650735841608
5.888990302232251	5.900095880953966	91.54951593173446	22.914298112383918	98.77980604464501	42.66730587302644	-0.0	26.345752411103547	64.19278703855106	73.71558732208618
5.897747636443319	5.9087220187602325	91.29538132463594	22.91119027265792	98.95495272886637	42.72481345840155	-0.0	26.189671529194097	63.95779511543867	73.54491356115236
5.906453100543345	5.917297912735056	91.04169666630686	22.908061622564663	99.12906201086689	42.781986084900375	-0.0	26.03460700648136	63.72372168565418	73.37448667367312
5.915107028878083	5.925823813404221	90.78956431856508	22.904912370193728	99.30214057756164	42.8388254226948	-0.0	25.880475901412847	63.490503552968946	73.20430723919286
5.923709735711146	5.934300051058365	90.53764100657139	22.90174272226577	99.4741947142229	42.89533367372243	-0.0	25.727314457618657	63.25820093622046	73.03437582887155
5.9322615363605005	5.9427268998273615	90.28737177961646	22.898552886146557	99.64523072721	42.95151266551574	-0.0	25.575089768734195	63.02674758645312	72.86469301605958
5.9407627395435	5.951104645095913	90.03727378948037	22.895343064421482	99.81525479086999	43.007364300639416	-0.0	25.423789981547042	62.79619954249397	72.69525934784826
5.949213652152232	5.959433557223915	89.78884805895548	22.892113463011288	99.98427304304464	43.062890381492764	-0.0	25.273386535645912	62.56649642021701	72.52607538790814
5.957614574575889	5.967713930404586	89.54058312403238	22.888864280954554	100.15229149151777	43.118092869363906	-0.0	25.123887822022933	62.337688635262616	72.35714166241507
5.965965805532154	5.975946050163691	89.29394889115285	22.885595722482734	100.31931611064306	43.172973667757944	-0.0	24.975293581279722	62.10972404336292	72.18845872371406
5.974267664481321	5.984130079919662	89.04750332075264	22.88230798540256	100.48535328962642	43.22753386613108	-0.0	24.827423645967507	61.88264300968638	72.0200301742505
5.982633700757942	5.9941961294267445	88.80266493704345	22.879004734546175	100.65267401515884	43.27660741661586	-0.0	26.882183538547313	61.65639987865741	71.77830398502894
5.992888124243873	6.013144291742618	88.55806625807779	22.87578837782376	100.85776248487744	43.23412793810324	-0.0	35.581040859867855	61.43094609228067	70.9885888369727
6.005917600077902	6.034773484892945	88.31496913220836	22.87284531341744	101.11835200155804	43.043361792889385	-0.0	42.467549975718704	61.206135924379936	69.6649622549266
6.021232491468261	6.05970930038948	88.07214821698688	22.870331499300317	101.42464982936522	42.732977597789656	-0.0	49.038765865141755	60.98178957593929	67.92133696323148
6.038511395749136	6.085819068882403	87.83080889359185	22.868361048427058	101.77022791498273	42.32291538143354	-0.0	54.37581788653071	60.757768886792185	65.90199076672064
6.057316194827327	6.111559311391906	87.58985058634042	22.866996834039437	102.14632389654653	41.84261757783607	-0.0	58.22537921977136	60.534028175019316	63.774998115154226
6.077154294003895	6.135772386424181	87.35019801734695	22.86624542750618	102.5430858800779	41.32548957177964	-0.0	60.52793385097377	60.3105539817439	61.71544123782437
6.097507697197351	6.157648114753322	87.11107980181575	22.86605777423183	102.95015394394702	40.80511324845663	-0.0	61.308858228222036	60.087358341293246	59.887292499344106
6.117867721288995	6.176387694195877	86.8731339745868	22.86633555862214	103.35735442577989	40.31080137824386	-0.0	60.4772544571933	59.86453740039957	58.42726087355409
6.137697927253858	6.1918713245584	86.63587298107367	22.86694215768086	103.75395854507715	39.870246592131416	-0.0	58.18794833583547	59.642192112195076	57.43271298688793
6.156497105754252	6.203815994367039	86.39961096758985	22.86771673392996	104.12994211508504	39.504111824899375	-0.0	54.3822630854874	59.42048881828583	56.95485551231878
6.173774365549099	6.212160578192521	86.16416717370772	22.868489593553207	104.47548731098198	39.228550907566	-0.0	48.980999277412415	59.19955836392034	56.9973660289089
6.188893998498732	6.21768731028632	85.92958806612144	22.869097245075665	104.77787996997463	39.059142847367056	-0.0	42.42148025145106	58.97958087284879	57.51963048346803
6.201502750108376	6.219773215176089	85.69598098817237	22.86939585900913	105.03005500216751	38.9989054368416	-0.0	33.79207106307767	58.76066012005589	58.44266158398832
6.21289442220811	6.215479210151526	85.46308379342796	22.8692728509768	105.25788844416219	39.03375629419471	-0.0	12.710202455645597	58.54293915485007	59.65403156821733
6.300976037365952	6.2356085062797515	85.23122188711136	22.868658411618938	105.24431161909305	39.334128412602084	-0.0	-0.0	58.32645327560717	60.99418819189767
7.132850393385186	6.223665922410255	85.00003260376978	22.867579748586728	105.24042612299515	39.57881929951514	-0.0	-0.0	58.1112353045235	62.03522178919107
8.836764460183872	6.213925656668732	84.76988954526304	22.866062294266754	105.24042612299515	39.94862277593235	-0.0	-0.0	57.89719992887402	63.37758356231005
11.404216603888209	6.201815284552619	84.54037788099227	22.863972193091367	105.24042612299515	40.40232389612512	-0.0	-0.0	57.684477531815965	65.11237447835987
14.822694308061058	6.187877371552385	84.31196394907379	22.86120021189406	105.24042612299515	40.921831534393014	-0.0	-0.0	57.47314453336074	67.12584335006308
19.075537570455907	6.173580216763578	84.08409743076166	22.857677014445024	105.24042612299515	41.488808903611044	-0.0	-0.0	57.26329490161755	69.28760720891036
24.14202009580151	6.160324423260387	83.85738198878752	22.8533775360445	105.24042612299515	42.079222310309405	-0.0	-0.0	57.05492805696191	71.45703251827408
29.99745030569407	6.149718501096648	83.6311267233168	22.848323183636946	105.24042612299515	42.66594366526458	-0.0	-0.0	56.84806832840324	73.49020745819074
36.61329167339544	6.1434099882151365	83.40608569781088	22.84258170658135	105.24042612299515	43.21962694672478	-0.0	-0.0	56.6426157046247	75.24726241756727
43.95730179699849	6.142776350349602	83.18145283729136	22.836264658013608	105.24042612299515	43.70955077236931	-0.0	-0.0	56.438503620971495	76.5997687005198
51.99368953328322	6.148991823637719	82.9580096380212	22.82952248860948	105.24042612299515	44.10760973067115	-0.0	-0.0	56.23556636752268	77.43790506897751
60.68328942635757	6.1626980158327385	82.73503329689825	22.822537388570172	105.24042612299515	44.390049279945494	-0.0	-0.0	56.03366193135476	77.67703512181417
69.98375258112704	6.181816433745661	82.513146801504	22.815510776326875	105.24042612299515	44.54544289163774	-0.0	-0.0	55.83257908046224	77.33230292726414
79.84975305123159	6.196068907779962	82.29180805628481	22.80855726374791	105.24042612299515	44.64045938519975	-0.0	-0.0	55.63219634424438	76.88979142703307
89.42947861760773	6.209735034233057	88.32222601950592	22.80168885024713	104.30152488665743	44.731566894887045	315.6782124714387	-0.0	55.555554325791626	76.45004998159497
96.63560090263395	6.224035326016013	89.98113962506426	22.795131002040762	100.60776977198358	44.82690217344009	773.8872753710792	-0.0	56.93594690981331	76.01424864146396
101.02777009224134	6.239139420030057	90.73517839797256	22.789458910590017	94.64296252137315	44.92759613353371	962.462078465531	-0.0	59.93891687547193	75.58538620599002
103.88014103421995	6.255068296051585	93.78453101208083	22.784987953106306	88.20964052212857	45.0337886403439	953.2076909008446	-0.0	63.31709350835315	75.16508079341183
105.8449279452463	6.27180643993944	96.84861935188464	22.781737778281936	82.01800180288153	45.145376266262936	899.81541073853	-0.0	66.5842018987821	74.75339026765435
107.18072492239504	6.289319611196881	99.63445645266978	22.77964766136344	76.26040596714735	45.262130741312546	824.1141682286949	-0.0	69.61963731756701	74.34995054746302
108.14475463152664	6.307560024941349	102.13700786907236	22.778626070330276	71.05812788432512	45.383733499608994	735.3211601884477	-0.0	72.34572388866579	73.95423777465588
108.95342287580452	6.326469712471685	104.34945337423865	22.778562678036575	66.46236555512137	45.50979808314457	643.7058762672036	-0.0	74.72433883577894	73.56563220973007
109.74810150033824	6.3459837225797715	106.28568275387988	22.779341395197175	62.459501049193946	45.63989148386514	558.2272719791214	-0.0	76.75605098187172	73.1834871483909
110.58170950802447	6.36603343935718	107.96436572602147	22.78085178819842	58.9861892617774	45.7735562623812	485.3462067228613	-0.0	78.47229156591231	72.80718899337619
111.4317254399888	6.386549951857198	109.41153452683193	22.782997269048096	55.95227938185705	45.91033301238132	426.40026053476805	-0.0	79.92305527438349	72.43620006312725
112.24374476236366	6.407467232315262	110.64729829412676	22.785698539102743	53.269975465843515	46.049781548768415	379.0516879547188	-0.0	81.16094297972842	72.07007625833346
112.97529158863829	6.428724763272134	111.69505934660658	22.78889203432505	50.87337616363742	46.19149842181423	339.442044807141	-0.0	82.2277035585495	71.70845839910712
113.6159073165167	6.4502692337911105	112.58136305406585	22.792525370551946	48.72186592992531	46.33512822527407	305.1376470063577	-0.0	83.14983400470898	71.35104786658084
114.17393604496402	6.472055054880868	113.34284881930819	22.796552943901958	46.78908816467533	46.48036703253912	273.49195657098437	-0.0	83.94319390364562	70.99758319360994
114.66245387829437	6.494043724538965	113.98588406217523	22.800933662729836	45.054579136654304	46.6269581635931	246.76159233301013	-0.0	84.62017797310715	70.64782796945491
115.08177675981477	6.51620240233386	114.53001068645507	22.805630518634	43.496224595956164	46.77468268222574	222.84287424634672	-0.0	85.19320543873962	70.30156845893853
115.43033582549714	6.53850226249503	114.98574561500739	22.810610542786602	42.09456384383854	46.92334841663354	200.03279467146754	-0.0	85.67397167241559	69.9586132535378
115.71248969982105	6.560917158913665	115.355342992166	22.815844276489766	40.835053587159216	47.072781059424436	179.2852578684435	-0.0	86.07185535375456	69.61879037371328
115.93660154198538	6.583422876680793	115.63840767297117	22.82130498119815	39.70663286258994	47.222819177871955	163.82139118954876	-0.0	86.39404870368686	69.28194302016772
116.10169849925916	6.605996917748286	115.86578020549122	22.8269681203633	38.69685687120588	47.37331278498857	145.71426299135717	-0.0	86.64678910568387	68.94792677512588
116.21270152674786	6.628618550624985	116.03112481030459	22.832811170014548	37.796932969198174	47.524123670833234	127.83545861729709	-0.0	86.8359169807083	68.61660854343052
116.28020394132864	6.651268834285813	116.09731663686505	22.83881347274823	37.00117844612922	47.67512556190542	128.29597578148432	-0.0	86.966867696153	68.28786572661191
116.28785115881979	6.673930466941802	116.15893846594777	22.84495589591381	36.296699902868646	47.82620311294535	107.71324133309642	-0.0	87.04320351769724	67.96158437225556
116.24639936000032	6.696587490451354	116.1667421411718	22.851220720445152	35.68028849610217	47.97724993634236	84.67083142716662	-0.0	87.06962509511847	67.63765854768936
116.16420950191686	6.71922498310488	116.10368155767267	22.85759137900111	35.14879004029449	48.12816655403253	73.8072827163871	-0.0	87.04897824943255	67.31598892078291
115.9732864789403	6.741828854525126	115.89269455292239	22.864052624990663	34.67745678752369	48.27885903016751	85.16615138428658	-0.0	86.99168321059824	66.99648361766286
115.79848103040906	6.764385761369964	115.78000313754029	22.870595130137513	34.29908926027299	48.4292384091331	40.780024009183826	-0.0	86.89595142999602	66.67908231102115
115.76390206494432	6.786883079988473	115.75909136292785	22.87719373416625	34.04567357741754	48.57922053325649	20.80776733535735	-0.0	86.71273953369034	66.3636418385766
115.51488299382343	6.809308866647493	115.4995303478151	22.883831215655693	33.81225053505177	48.728725777649956	37.171738468229556	-0.0	86.51593544771978	66.05006156337654
115.11216516575824	6.831651626063972	115.1214325348655	22.890506433704847	33.615008586837114	48.877677507093146	-0.0	-0.0	86.3129745485516	65.73832573510876
114.7055317179911	6.85389994088792	114.71560055681346	22.89720954253972	33.519995303386374	49.025999605919466	-0.0	-0.0	86.06032133970193	65.4283729523713
113.65116319082036	6.876043165822372	114.69643520065253	22.90391976463503	33.516869717427625	49.17362110548248	-0.0	-0.0	85.73720344385595	65.12008476985316
111.53814673836489	6.8980718389146976	114.13757647937521	22.910621466479732	33.516869717427625	49.320478926097984	-0.0	-0.0	85.41332612747705	64.81337043734574
108.39669489268255	6.9199741907823515	113.96609831416619	22.917320230356868	33.516869717427625	49.46649460521568	-0.0	-0.0	85.0914493899475	64.5082509953379
104.2879726909865	6.941740482063708	113.5044483887282	22.924010891050823	33.516869717427625	49.61160321375806	-0.0	-0.0	84.76834326450319	64.20469095451789
99.29197822293123	6.963373854785462	113.25902339014068	22.930697564651283	33.516869717427625	49.755825698569744	-0.0	-0.0	84.44994485650356	63.90270373890657
93.50598504309293	6.984873850602206	112.8611883477728	22.937376595643904	33.516869717427625	49.899159004014706	-0.0	-0.0	84.12854262262401	63.60226189564555
87.0426482248542	7.006238667322692	112.5697315992592	22.94405080212461	33.516869717427625	50.041591115484614	-0.0	-0.0	83.81290714908344	63.30337211162095
80.02781093132377	7.02747227777244	112.21245142387522	22.950717650567217	33.516869717427625	50.18314851848294	-0.0	-0.0	83.4937267161214	63.00601293102154
72.59805421012936	7.048573963484171	111.89413824016427	22.957379005244125	33.516869717427625	50.32382642322781	-0.0	-0.0	83.18043500318892	62.71018611212785
64.89803771822787	7.069543702399263	111.56165823621888	22.964033148431298	33.516869717427625	50.46362468266175	-0.0	-0.0	82.86375351830277	62.41587458482408
57.07768315375834	7.090384383947735	111.22929342403819	22.970681260712993	33.516869717427625	50.60256255965157	-0.0	-0.0	82.55257986719754	62.123076598536585
49.28925523426532	7.111095232765511	110.91125315227309	22.977322203310734	33.516869717427625	50.740634885103404	-0.0	-0.0	82.23852139219005	61.83177822171601
41.68439705567618	7.131677143103464	110.573064855245	22.983956678966774	33.516869717427625	50.877847620689764	-0.0	-0.0	81.9293611972013	61.54197527686784
34.41117755437778	7.152132039974213	110.26290635809673	22.990583949949475	33.516869717427625	51.01421359982809	-0.0	-0.0	81.61795589715922	61.253656033787045
27.61120855934731	7.172459436507041	109.92399481503978	22.997196124557426	33.516869717427625	51.14972957671361	-0.0	-0.0	81.31077809146069	61.14862799037314
21.416887566095248	7.19266062267192	109.61777529662606	23.00358526652879	33.516869717427625	51.284404151146134	-0.0	-0.0	81.00214507016977	61.97371605890526
15.948819916584654	7.212736833758955	109.28108786002677	23.009529952790032	33.516869717427625	51.41824555839303	-0.0	-0.0	80.69746337522925	63.224998327331356
11.31347057596553	7.232687974975028	108.97658436487993	23.01492325838277	33.516869717427625	51.55125316650019	-0.0	-0.0	80.39226413342857	64.73599027069491
7.60109122686016	7.252515407500871	108.6436658572058	23.019696411535353	33.516869717427625	51.68343605000581	-0.0	-0.0	80.09063324850577	66.41948614606545
5.061847750410083	7.131862343065326	108.33978575074757	23.023805504726756	35.00613566872768	50.87908228710218	-0.0	359.6886320707853	79.78910454386025	68.2040791582613
3.5077271746138377	6.990819892089685	108.01130649367289	23.027230036307813	37.814370262636686	49.9387992805979	-0.0	466.5761404553821	79.49073465388896	70.01610617084116
3.00356192912868	6.869522737749237	107.70760964734161	23.02997514636367	41.05098745278315	49.13015158499491	-0.0	491.55116777278107	79.19290093756632	71.76970378405859
3.163626222352757	6.7707337267383405	107.38370966541198	23.03207565526514	44.27252444705513	48.471558178255606	-0.0	474.8096661022172	78.89781227591752	73.37694780245434
3.319177012186422	6.6807006781320375	107.08019015852008	23.033584505390763	47.38354024372843	47.871337854213586	-0.0	458.36146120894693	78.60350653570244	74.81897600219892
3.46926101924178	6.595138826881635	106.76070749911865	23.034555377501068	50.3852203848356	47.30092551254423	-0.0	442.0038042568083	78.31154490901767	76.09926729264043
3.6139025201178896	6.5135845833532295	106.4575234762284	23.035040817513195	53.27805040235779	46.757230555688196	-0.0	425.71132114639465	78.0205088049127	77.22162610045694
3.753123235452584	6.435972315419002	106.14218148105131	23.035091975920096	56.06246470905168	46.239815436126676	-0.0	409.4851248798924	77.73148712827555	78.19026850340217
3.8869459588251813	6.362276448703935	105.83962152021924	23.03475861388297	58.73891917650362	45.74850965802624	-0.0	393.3295763318875	77.44347504011832	79.00993767640634
4.015395081992133	6.292473733699127	105.52810108735171	23.034088744149713	61.307901639842655	45.28315822466085	-0.0	377.2498054760097	77.15721116749239	79.68605594308482
4.138496811680048	6.226540099950949	105.22643596313415	23.033128544483947	63.76993623360094	44.84360066633966	-0.0	361.2515820268907	76.87199681016065	80.22492979980419
4.25627939161882	6.164449876837274	104.91839792331132	23.031921867441866	66.12558783237641	44.42966584558183	-0.0	345.3413605784187	76.58831792701356	80.63401880582393
4.368773339873954	6.106175278465055	104.61791983925495	23.030509966377338	68.37546679747908	44.04116852310037	-0.0	329.5263588272474	76.30569684188991	80.9222808902269
4.476011731005327	6.051686529050086	104.31303626129454	23.028930798851523	70.52023462010655	43.67791019366724	-0.0	313.81471424679467	76.02444475739003	81.10057574199618
4.578030525739301	6.000951412147369	104.0140024609043	23.027218480341027	72.560610514786	43.339676080982464	-0.0	298.21561897476846	75.74423973926986	81.1820445588637
4.674868945906759	5.953934909870401	103.71204727905798	23.025402385837104	74.49737891813517	43.02623273246934	-0.0	282.7394962641894	75.46527712062542	81.18223365749625
4.7665699233082535	5.910599042618903	103.41461608290784	23.02350654793526	76.33139846616507	42.737326950792685	-0.0	267.39824224724356	75.18734806192757	81.11855597049481
4.853180634646596	5.870901774771966	103.11538602698374	23.021549170605663	78.06361269293191	42.47267849847977	-0.0	252.20541480673177	74.91057251893547	81.00873942121233
4.934753109888633	5.834797060864398	102.81969688342586	23.019542982575217	79.69506219777266	42.231980405762656	-0.0	237.17661549146305	74.6348228667026	80.86858586606554
5.011344967050576	5.802234569526019	102.52305175884258	23.01749609667094	81.22689934101152	42.01489713017346	-0.0	222.32993535445283	74.36017033750535	80.71020819248106
5.083020318306487	5.773157475149239	102.2292134888271	23.015413386916414	82.66040636612973	41.821049834328264	-0.0	207.68623522677666	74.08654421500185	80.54167392583025
5.1498508006694275	5.747502649227567	101.93501023321993	23.013297626322778	83.99701601338855	41.65001766151711	-0.0	193.26986452854905	73.81398062204434	80.36779705541876
5.211916819633802	5.725200401113873	101.64312001694232	23.01115042770516	85.23833639267603	41.50133600742582	-0.0	179.10953029502483	73.54244579009128	80.19124610748189
5.269309177068037	5.706168928222559	101.35126779952431	23.008972730347267	86.38618354136074	41.37445952148373	-0.0	165.23841698333234	73.27195209841003	80.01343538337005
5.322130701107541	5.6903199572167	101.06134149404421	23.006765159519926	87.44261402215082	41.268799714778005	-0.0	151.69650130053242	73.00248666846358	79.8350957706821
5.370498714538374	5.677547398955515	100.771784828854	23.004528143900163	88.40997429076747	41.1836493263701	-0.0	138.52993458480861	72.73404615465114	79.65659985685144
5.414547297403287	5.667735810407327	100.48385553496232	23.00226204250813	89.29094594806573	41.11823873604885	-0.0	125.7946026773508	72.46663156004438	79.47813628013567
5.454430804707858	5.660744666514349	100.19653794672335	22.99996715108848	90.08861609415716	41.07163111009566	-0.0	113.55446430196251	72.20022850918494	79.29980024290728
5.490326676033218	5.656422636295857	99.910620211353	22.997643757258533	90.80653352066436	41.04281757530571	-0.0	101.88718033400922	71.93484801754474	79.12163991744735
5.522440042013997	5.65458488721144	99.62549110062518	22.99529212187117	91.44880084027994	41.03056591474294	-0.0	90.87933112011875	71.670466946957	78.94367976771248
5.551007122469694	5.655020667482243	99.34159625049526	22.992912511400586	92.02014244939387	41.03347111654829	-0.0	80.62782747466481	71.40710367390525	78.76593247205139
5.576297485127942	5.657503872340471	99.05864258064501	22.990505176496555	92.52594970255883	41.05002581560314	-0.0	71.24183602900119	71.1447283455859	78.58840472477573
5.59861693479501	5.661765607360868	98.77676955942194	22.98807037519435	92.97233869590019	41.07843738240579	-0.0	62.823499069744045	70.88336616341155	78.4111003185964
5.618304009503539	5.66752045486451	98.49593921834659	22.985608353980847	93.36608019007078	41.11680303243007	-0.0	55.461949434370986	70.62298195602135	78.23402151828375
5.635722090286807	5.674477522850281	98.21606665394609	22.98311936582959	93.71444180573613	41.16318348566854	-0.0	49.21599877293081	70.36360534181284	78.05716989360856
5.651245446711434	5.682352867223442	97.9373568347928	22.980603654637452	94.02490893422869	41.21568578148962	-0.0	44.09323964056726	70.10519637642726	77.88054660391748
5.665240191027622	5.690883820887362	97.65948937768545	22.978061469030123	94.30480382055244	41.27255880591575	-0.0	40.03407131723865	69.84778898639806	77.70415265314959
5.678043109222243	5.699848841267893	97.3828816405761	22.975493050642356	94.56086218444486	41.33232560845262	-0.0	36.916910120608605	69.59133934933362	77.52798891830476
5.689943537994552	5.709087957384128	97.10698466821881	22.972898644093828	94.79887075989105	41.393919715894185	-0.0	34.590839999174044	69.3358862418507	77.35205624675423
5.701176832137024	5.7184824585200165	96.83245386737111	22.970278489022213	95.02353664274048	41.45654972346678	-0.0	32.88771273495624	69.08138169743225	77.17635543650701
5.711924042396678	5.727953392650385	96.55851846846161	22.96763282582005	95.23848084793356	41.519689284335904	-0.0	31.651767578710597	68.82786676278774	77.0008872775222
5.722318565527533	5.737450221122811	96.28609596567246	22.964961892501375	95.44637131055065	41.58300147415207	-0.0	30.75269865727015	68.57529048018841	76.82565254024607
5.732455348165496	5.746942572187578	96.01407791045237	22.962265924949563	95.64910696330992	41.64628381458385	-0.0	30.090721184114308	68.32369960129937	76.65065198018823
5.7424004497112335	5.756411589157808	95.7436976167831	22.95954515974147	95.84800899422467	41.70941059438539	-0.0	29.592164763850796	68.07303856471327	76.4758863533833
5.752199068131007	5.765845512563115	95.47365425451574	22.956799828241902	96.04398136262013	41.772303417087436	-0.0	29.204499259648006	67.82335214519625	76.3013563865763
5.7618817084801774	5.775237437145555	95.20530863193845	22.95403016613622	96.23763416960354	41.83491624763703	-0.0	28.891746945903076	67.57459352565766	76.12706282680188
5.7714689165804725	5.784582565185213	94.93714518648962	22.951236399377734	96.42937833160944	41.89721710123475	-0.0	28.628710026759293	67.32679973597149	75.95300636947209
5.780974364591968	5.793878389615581	94.67079307102676	22.94841876297896	96.61948729183935	41.95918926410388	-0.0	28.398971178122377	67.07992696448274	75.77918775528387
5.790407191914322	5.803123358563993	94.4046683112116	22.94557747859866	96.80814383828644	42.02082239042662	-0.0	28.19149544817453	66.83400518257723	75.60560765347705
5.799773506708477	5.812316652920662	94.14018618805261	22.942712779494315	96.99547013416954	42.08211101947108	-0.0	27.99904709559835	66.58900968643816	75.43226679231782
5.809077443398554	5.821457709816627	93.87602863632499	22.939824883097216	97.18154886797107	42.143051398777516	-0.0	27.816661394380237	66.34494673547788	75.2591658165004
5.818321801805546	5.830546376018629	93.61344161487831	22.93691402101957	97.3664360361109	42.20364250679086	-0.0	27.641199111429543	66.10180906359777	75.08630544317954
5.827508520092397	5.8395826574676954	93.35131138961228	22.93398040760763	97.55017040184792	42.26388438311797	-0.0	27.470594932694432	65.85959061989288	74.9136862974145
5.836638972871477	5.848566659065288	93.09054578172051	22.9310242711778	97.73277945742954	42.32377772710192	-0.0	27.303486720804358	65.61829758923487	74.74130907648713
5.8457141655907074	5.857498549403171	92.83040929682545	22.92804582408068	97.91428331181415	42.38332366268781	-0.0	27.138975446375046	65.3779106979943	74.56917439237455
5.854734861644963	5.86637854592813	92.57147933546584	22.925045290946905	98.09469723289925	42.44252363952087	-0.0	26.976476191266286	65.13844605844393	74.39728292041472
5.86370166519125	5.875206908002945	92.31333533792748	22.92202288232196	98.274033303825	42.5013793866863	-0.0	26.81562372444333	64.89987557192138	74.22563526033822
5.872615079013606	5.883983898680944	92.05622164807711	22.918978819138253	98.45230158027212	42.55989265787296	-0.0	26.656166813865045	64.66222509390523	74.0542320654429
5.881475539384731	5.892709786162457	91.80001995260305	22.91591331020393	98.6295107876946	42.618065241083045	-0.0	26.497932440246895	64.42545862291011	73.88307392395397
5.890283436461669	5.901384859842304	91.54471006662315	22.912826572773653	98.80566872923337	42.67589906561536	-0.0	26.340823094385577	64.18960822026722	73.71216146725222
5.899039132338192	5.910009402589659	91.29047191941363	22.909718813950256	98.98078264676384	42.7333960172644	-0.0	26.18476447701376	63.954630201915506	73.54149527208486
5.9077429683865255	5.918583708956201	91.03696484431252	22.906590247198363	99.1548593677305	42.79055805970801	-0.0	26.029719276333648	63.72056460883248	73.37107594744633
5.916395273815745	5.927108066343742	90.7846693720825	22.903441078132918	99.32790547631488	42.84738710895828	-0.0	25.875655218753447	63.48736135573795	73.20090405988803
5.924996373583809	5.935582725261085	90.53287907124502	22.900271516272507	99.49992747167619	42.9038848350739	-0.0	25.722499486436636	63.25506937310261	73.03098019550256
5.933546574180549	5.944008023727026	90.28250661388373	22.89708176613448	99.67093148361097	42.960053491513506	-0.0	25.570306933136287	63.02362821083569	72.86130491242514
5.942046186964607	5.95238422739674	90.03252553935117	22.893872033061776	99.84092373929214	43.0158948493116	-0.0	25.419038671993917	62.79309144842381	72.6918787724695
5.950495519372778	5.960711601781952	89.78402805326718	22.890642520276575	100.00991038745555	43.07141067854635	-0.0	25.26865945342963	62.56339936379314	72.52270232499437
5.958894870382148	5.9689904508570555	89.5358406746833	22.887393429334352	100.17789740764294	43.126603005713704	-0.0	25.11919146154475	62.33460411065592	72.35377610947079
5.967244539819138	5.977221051765018	89.28916876299685	22.884124962079426	100.34489079638274	43.181473678433456	-0.0	24.970622671802186	62.106649225858575	72.18510066576616
5.975544824902858	5.9854036822869805	89.04277255464967	22.880837316327046	100.51089649805716	43.23602454857987	-0.0	24.822944758985447	61.87958149192114	72.01667651147594
5.983928369952958	5.995642338041587	88.79792578387506	22.877534836860015	100.67856739905915	43.284175130845185	-0.0	27.057771629225496	61.65334687931143	71.7668590624318
5.994279956709359	6.0142110577084935	88.5533252891682	22.87432365786926	100.88559913418719	43.234790277251484	-0.0	35.29438783214522	61.4279192703078	70.96260137082305
6.007317064556492	6.036600377389225	88.3102514119328	22.871390048257112	101.14634129112983	43.045096177935	-0.0	42.7809192519958	61.20309346947347	69.62720233826117
6.0227009895961485	6.061446656880049	88.06744091965294	22.868889004539348	101.45401979192296	42.73089113828994	-0.0	49.209797858188644	60.97875071131123	67.87511567313678
6.040029858455456	6.087548648928369	87.82614739902873	22.86693343359602	101.80059716910911	42.318464618327575	-0.0	54.497012803979146	60.7547220711454	65.85134428536462
6.058863028528673	6.113394331570129	87.58514464044649	22.865584827608735	102.17726057057345	41.8375113301313	-0.0	58.37984618077533	60.53097721952864	63.724325266630785
6.078731223532788	6.137428998432456	87.34559095875913	22.864848326660734	102.57462447065576	41.31895853016267	-0.0	60.5690591905572	60.307498202763725	61.66904666536061
6.099093285797502	6.159252295232357	87.10637420910457	22.864673553376456	102.98186571595004	40.79885843522238	-0.0	61.31833404193602	60.084314760819225	59.84894853016887
6.1194439221175285	6.177992730328973	86.86857032199784	22.864961102822292	103.38887844235056	40.305923245443026	-0.0	60.49215249282571	59.861484523491185	58.39985313561344
6.139302162780071	6.192874752440483	86.63118615099647	22.865573592416837	103.78604325560141	39.86391120359381	-0.0	57.86438329210595	59.63915210491065	57.418008444757625
6.1580274530587475	6.205151062866247	86.39506341410487	22.866349804416256	104.16054906117495	39.50219777066128	-0.0	54.269932863130826	59.4174539749855	56.953411297735045
6.175253725188551	6.213441608626007	86.15951062839116	22.867120059366012	104.50507450377101	39.22920090028077	-0.0	48.85430088376065	59.196538233656376	57.00856818620694
6.190392472619618	6.2187319045072895	85.92508178161121	22.867721241921668	104.80784945239236	39.061581490257225	-0.0	42.08579918427897	58.976571642397886	57.54182854195946
6.201400358645884	6.226596597800859	85.69133307309946	22.868010204008925	105.02800717291768	39.03668958957603	-0.0	39.68330816837159	58.757676157415375	58.473333061713625
6.21405215165004	6.218169162709231	85.4585808447492	22.86787531290876	105.28104303300078	39.05186582825198	-0.0	16.040984732846873	58.53997256625602	59.68984456210013
6.315899992433661	6.224391681688636	85.22662007722987	22.867247911161176	105.33830145683444	39.27759653235477	-0.0	-0.0	58.323514227880025	61.03887495226353
7.170636949770952	6.220836362550048	84.9955310470589	22.866159389580368	105.33830145683444	39.57209406578352	-0.0	-0.0	58.10831438059629	62.060701562029045
8.897878550872997	6.21178746069718	84.76532585785786	22.86463086597328	105.33830145683444	39.94830644436557	-0.0	-0.0	57.89429860828297	63.413953040719136
11.489207057949832	6.199679440712757	84.53589719849873	22.862526574144447	105.33830145683444	40.404028699716655	-0.0	-0.0	57.681599048215716	65.15700618500617
14.931993592748157	6.18575249452559	84.30743230160292	22.859738215857398	105.33830145683444	40.924985578686616	-0.0	-0.0	57.47029296475809	67.17563299439011
19.209459683577762	6.171441254449258	84.07962306735583	22.856197523954574	105.33830145683444	41.49249937116952	-0.0	-0.0	57.2604727793706	69.33912540463928
24.300759035438467	6.158244845352706	83.85286570164071	22.85188057825594	105.33830145683444	42.083012694923674	-0.0	-0.0	57.05213269345279	71.50669350139293
30.181079124753104	6.147738841118933	83.62664326576005	22.84680995523446	105.33830145683444	42.66912582761704	-0.0	-0.0	56.84529379493784	73.53444895242608
36.821762123583845	6.141564244569449	83.40164006020166	22.84105453021021	105.33830145683444	43.22143531375996	-0.0	-0.0	56.63986512070831	75.28273019517411
44.190444563962465	6.141100671988002	83.17697717039731	22.83472689060527	105.33830145683444	43.709298922017936	-0.0	-0.0	56.43577802007638	76.62349880084884
52.251215061763936	6.14750384912707	82.95359223233972	22.827978361929002	105.33830145683444	44.10465115183729	-0.0	-0.0	56.232854557542375	77.44749514518055
60.96478933134322	6.161403415085256	82.73058120802101	22.820991802679828	105.33830145683444	44.383910869877575	-0.0	-0.0	56.03096549797608	77.67079564842192
70.28870163812311	6.180478686638184	82.50874800134496	22.8139684381348	105.33830145683444	44.53652457758789	-0.0	-0.0	55.82988802935398	77.31722408324414
80.17751175595036	6.194669115487504	82.28738057014068	22.807018939869888	105.33830145683444	44.63112743658336	-0.0	-0.0	55.629513677815645	76.87481282241589
89.71698760704638	6.2083446912143945	88.5023138337871	22.800155893493056	104.32961686078302	44.7222979414293	330.6367184589985	-0.0	55.57177121062199	76.43517820404232
96.83066727312382	6.222663631808007	89.97203260264094	22.793618986733485	100.535666859346	44.81775754538671	785.6698545467171	-0.0	57.01892228053466	75.99956492380296
101.16156636693847	6.237787668735996	90.8232678326877	22.787985039439928	94.52762045997551	44.91858445823998	964.5967385817605	-0.0	60.05333415640076	75.57097983503687
103.98704737223092	6.253736307005387	93.90117903651416	22.783556642446452	88.0915498995881	45.02490871336925	952.7476844445794	-0.0	63.43406306468155	75.15097347426806
105.93303673231188	6.2704934558474	96.95929076381591	22.780348689707058	81.9052489257392	45.13662303898267	898.686339700697	-0.0	66.69845865753445	74.739578650246
107.25595948205442	6.288024489918054	99.74108835138159	22.77829940539838	76.15690862947264	45.25349659945369	822.3979582662853	-0.0	69.72864781261026	74.33642578363795
108.21273438277659	6.306281332652256	102.24132177926194	22.77731656166789	70.9662068739572	45.375208884348375	733.0942192626529	-0.0	72.44779805358266	73.94098741069666
109.0194911074635	6.325205804418523	104.44655508546403	22.777289454488	66.38335180155234	45.501372029456824	641.5327286896219	-0.0	74.81896575284262	73.55264187962905
109.81658183044325	6.344732825894788	106.36451408044593	22.778101942173347	62.393724139604515	45.63155217263192	557.3922294935222	-0.0	76.84348811838086	73.17074228711319
110.64957387201372	6.364793739036484	108.04599690666261	22.77964379003259	58.930004629611794	45.76529159357656	484.0681014915152	-0.0	78.55325370126131	72.79467615713175
111.49920179238549	6.3853196754414405	109.48899842615147	22.781818751223696	55.904361457300965	45.9021311696096	425.34492234075407	-0.0	79.99876427534743	72.42390766975825
112.31142507416945	6.406244725066116	110.71088772304552	22.78454790423082	53.229458027965094	46.04163150044077	379.53703587549126	-0.0	81.23248373184046	72.05799476605534
113.04089289359798	6.427508543967986	111.75497959084082	22.787767985573414	50.83829984797218	46.183390293119906	340.1943521696751	-0.0	82.2957960326344	71.69657989370428
113.67942326489492	6.449058022396955	112.63863272281027	22.79142679845607	48.69154842492989	46.32705348264637	306.0574272707959	-0.0	83.21490254341072	71.33936545870772
114.23584955239446	6.470847768944489	113.39707054453592	22.795478848963512	46.763152914306374	46.47231845962993	274.75463728073464	-0.0	84.00551059671876	70.9860906072264
114.7205325380255	6.492839449645683	114.04860114054321	22.799883130805405	45.03166054343378	46.61892966430456	245.91426508725644	-0.0	84.6799961564072	70.63651940951623
115.13649101674358	6.515000349532063	114.59834302856929	22.804602722052316	43.47614365697139	46.766668996880426	220.07571182592116	-0.0	85.25078884754579	70.29043861474999
115.48416603842881	6.537301727956381	115.04832241170422	22.809604735538247	42.07789928685274	46.91534485304254	198.05536197036716	-0.0	85.72954562589403	69.94765727092708
115.7652729311912	6.559717496761455	115.41377015414758	22.814859777243022	40.82142512513393	47.064783311743035	177.8630088970887	-0.0	86.12558493065187	69.60800376346414
115.98467627656484	6.582223487540113	115.70887078799944	22.820341157331185	39.694536033423645	47.21482325026742	157.551559722161	-0.0	86.44606415980635	69.27132157230061
116.14906408827565	6.604797247996152	115.9315823696698	22.826024381287564	38.68743867406128	47.36531498664102	139.90480575922615	-0.0	86.69721278040883	68.93746652240542
116.26117410350128	6.6274180942650265	116.08536501284586	22.83188696456968	37.79056924839864	47.51612062843351	125.78878391568867	-0.0	86.88485974829082	68.60630574641158
116.34617143575856	6.650067131397134	116.07980596892618	22.837908273574936	37.002785960659395	47.66711420931423	154.8318184835225	-0.0	87.01428842158512	68.27771679030272
116.35449098920245	6.672727097373516	116.24641239102223	22.844068593175447	36.300768847285035	47.81818064915678	98.62592882310022	-0.0	87.08493597510822	67.95158265931813
116.29699963844773	6.695382065406304	116.21147952176017	22.850350101517385	35.68167754354833	47.96921376937536	87.73146813932016	-0.0	87.1124233314504	67.62779692552851
116.19371423985936	6.71801713824481	116.13399351035554	22.856738584344352	35.14605658593625	48.1201142549654	73.31347526440199	-0.0	87.09555036503338	67.3062726424661
116.09533623218852	6.740618246417747	115.97999478908297	22.86321760722283	34.703959927206036	48.270788309451646	101.88586692716244	-0.0	87.02835950803151	66.98691166306985
115.98302318953186	6.763172067463371	115.95834387235722	22.869769226548787	34.345512114441185	48.421147116422475	47.12895655240014	-0.0	86.90545256852434	66.66960843267792
115.77782318933306	6.7856660007692255	115.74979277879342	22.8763778641008	34.04464680932574	48.57110667179484	50.226854854428474	-0.0	86.75129959999687	66.35427039216161
115.47011025118809	6.808088118392166	115.45819284820813	22.883035179188045	33.79640434587884	48.72058745594777	32.750057529666755	-0.0	86.57382369713523	66.04084344675366
115.16518231979809	6.830426987979514	115.17301710905492	22.889729968378973	33.62912262900336	48.869513253196764	-0.0	-0.0	86.35368561820464	65.72925873721316
114.76563438001841	6.852671280554292	114.79474156535095	22.89644650139057	33.54086091326745	49.017808537028614	-0.0	-0.0	86.08904491161039	65.41942401656304
113.67612553013562	6.874810276107996	114.66630876145051	22.903170456160513	33.53560440385304	49.16540184071997	-0.0	-0.0	85.77374890842157	65.11125491194078
111.53557885364926	6.896832662285749	114.23119133975779	22.90988570486767	33.53560440385304	49.31221774857166	-0.0	-0.0	85.44323344569415	64.8046580439122
108.36729424842089	6.918724305531325	113.94689203468194	22.916597948044217	33.53560440385304	49.4581620368755	-0.0	-0.0	85.12678711847599	64.4996551058486
104.23295919377624	6.9404805866966015	113.58662142070978	22.923302079690625	33.53560440385304	49.60320391131068	-0.0	-0.0	84.79881801448212	64.19621090422864
99.21307046952356	6.962104430840234	113.25043046581679	22.930002009232922	33.53560440385304	49.747362872268226	-0.0	-0.0	84.48428042801213	63.89433779883904
93.40536685878344	6.98359324619852	112.9327505034993	22.93669439038121	33.53560440385304	49.89062164132347	-0.0	-0.0	84.15939218432209	63.594009954624205
86.9229261437303	7.004948225607879	112.57057458948678	22.943381668006097	33.53560440385304	50.03298817071919	-0.0	-0.0	83.84642154822866	63.29523211206942
79.89196344624123	7.026171945046051	112.27481452790813	22.95006171972188	33.53560440385304	50.17447963364034	-0.0	-0.0	83.52479127068194	62.99798497417734
72.44937378053713	7.0472629172598475	111.90289245037835	22.956735984164894	33.53560440385304	50.315086115065654	-0.0	-0.0	83.2132762183581	62.702268072868804
64.74006666496604	7.068223040095116	111.61639178552224	22.963403169866805	33.53560440385304	50.454820267300775	-0.0	-0.0	82.89490589044507	62.4080665797478
56.91414468897793	7.0890537409252925	111.24438554111195	22.970064044015217	33.53560440385304	50.59369160616862	-0.0	-0.0	82.58486509457113	62.11537657930195
49.123980969338255	7.109754328116871	110.9598672256749	22.976717862330382	33.53560440385304	50.73169552077914	-0.0	-0.0	82.26966276455317	61.82418621693226
41.52125239853915	7.130326736626236	110.59307185123005	22.983364959337646	33.53560440385304	50.868844910841574	-0.0	-0.0	81.96118016412207	61.53448938585722
34.25398644884636	7.150771708880197	110.30676402793645	22.990004938114975	33.53560440385304	51.00514472586798	-0.0	-0.0	81.64901184038393	61.24627615187471
27.463679031749418	7.17108922081515	109.94767351254701	22.99662739707269	33.53560440385304	51.14059480543434	-0.0	-0.0	81.34219972411428	61.164440680176064
21.28253952885389	7.191280979670564	109.65799321014143	23.00301965640588	33.53560440385304	51.275206531137094	-0.0	-0.0	81.03307092972817	61.99999874446076
15.830916634433628	7.211347413768827	109.30742820708576	23.00896479710367	33.53560440385304	51.40898275845885	-0.0	-0.0	80.72855461535087	63.25724872566165
11.214955129188565	7.23128897042167	109.01409690366577	23.014357003248726	33.53560440385304	51.5419264694778	-0.0	-0.0	80.4230353470069	64.77238092275155
7.524066981880279	7.251308945974166	108.67185858085386	23.019127817356217	33.53329943671516	51.67539297316111	-0.0	-0.0	80.12143778029662	66.45857870228494
5.0160298575276325	7.125475981735933	108.37526055308496	23.023233977845486	35.10262584419378	50.83650654490622	-0.0	363.0983100525514	79.81970031761152	68.24435428929223
3.4835488099988816	6.985183858238915	108.04074038868401	23.026655372262873	37.92570303381943	49.901225721592766	-0.0	467.816406846748	79.52127985807073	70.05574259030178
3.008356858620782	6.864497231054325	107.74165549476062	23.029397936979294	41.16457554588681	49.096648207028835	-0.0	490.9264438559981	79.2233029403064	71.8063928448277
3.169088823163242	6.7661512847700775	107.41388114145549	23.031497069894662	44.381776463264835	48.44100856513385	-0.0	474.1480821962978	78.92811590633762	73.40927634104322
3.3244198163251877	6.676304571026244	107.11313101936233	23.03300596440983	47.488396326503754	47.842030473508295	-0.0	457.7038312804646	78.63370116649381	74.84700384599238
3.474284959229057	6.59089967046142	106.79132546350151	23.03397819112155	50.48569918458114	47.2726644697428	-0.0	441.3484105012985	78.34161197639555	76.12308875226611
3.6187083233533945	6.509498989712955	106.48968326276183	23.034466331626078	53.37416646706789	46.729993264753034	-0.0	425.0581332564671	78.05048496798142	77.24134561161698
3.757711660805549	6.432039383583945	106.17302986643426	23.034521442811812	56.154233216110974	46.21359589055963	-0.0	408.8342973304095	77.76132059711395	78.20600265835128
3.891317823007846	6.358495282231181	105.87119378265191	23.03419329312437	58.82635646015691	45.72330188154121	-0.0	392.68128450622453	77.47322430276739	79.02181935427265
4.0195512644641616	6.288843515033457	105.55897695305565	23.033529808765863	61.39102528928323	45.25895676688971	-0.0	376.60425603089107	77.18681235028706	79.69423862821712
4.142438266438347	6.22306006837911	105.2575579624629	23.03257714629804	63.848765328766945	44.820400455860735	-0.0	360.6090162784309	76.90151393894311	80.22959436303368
4.260007155349733	6.161119048257875	104.94920835662498	23.03137906624658	66.20014310699464	44.40746032171917	-0.0	344.70203554194296	76.61768611324513	80.63538157598455
4.372288541096259	6.1029926222597615	104.64867135248464	23.029976766773125	68.44577082192518	44.01995081506508	-0.0	328.8905670169318	76.33497828020965	80.92060436482154
4.479315603099321	6.04865102567968	104.3437309544137	23.028408092596685	70.58631206198642	43.6576735045312	-0.0	313.1827963207309	76.0535783000915	81.09617979551419
4.5811244187862705	5.998061933170194	104.04445759298946	23.0267070590017	72.6224883757254	43.3204128878013	-0.0	297.58796119634144	75.77328265297554	81.1753151734299
4.677754347969261	5.951190032448846	103.74254324184224	23.0249028931233	74.5550869593852	43.00793354965897	-0.0	282.1165189774857	75.49417615277933	81.17361965952153
4.769248478936197	5.9079971475956015	103.44479852709883	23.023019484071032	76.38496957872394	42.71998098397068	-0.0	266.7804186802562	75.21615214028246	81.10854160991903
4.855654159566648	5.868441336165266	103.14568886937178	23.0210748723852	78.11308319133296	42.45627557443511	-0.0	251.59331973924432	74.9392358868863	80.99778867116908
4.937023620097812	5.832476578085446	102.84964630206204	23.01908165323616	79.74047240195624	42.21651052056964	-0.0	236.57094046866177	74.6633877618138	80.85708194495757
5.013414720968819	5.800052001884121	102.55312673387573	23.017047828627813	81.26829441937637	42.000346679227476	-0.0	221.73143678154076	74.38859962139112	80.69842309562755
5.084891853721254	5.7711103032834705	102.2589300398534	23.01497820448692	82.69783707442508	41.80740202188981	-0.0	207.09575828016978	74.11487156037366	80.5297774547536
5.151526960880476	5.745588803002981	101.96486724490704	23.01287550970315	84.03053921760952	41.63725868668654	-0.0	192.68851842457184	73.84217706190287	80.35588598524261
5.213400846089036	5.723416601013193	101.67261447890368	23.010741334350467	85.26801692178071	41.489444006754624	-0.0	178.53846835558946	73.57053791623619	80.1793724116876
5.270604737296127	5.704512209102391	101.38088932486183	23.008576605534056	86.41209474592253	41.36341472734927	-0.0	164.67913343193027	73.2999169567709	80.0016259568302
5.323241998628849	5.688786547642526	101.09063143360176	23.006381941849003	87.46483997257698	41.25857698428351	-0.0	151.15070067106805	73.03034558520385	79.8233641668327
5.371430644841136	5.676131141232443	100.80119025721132	23.004157769727303	88.42861289682273	41.17420760821629	-0.0	137.99920660806967	72.76178021381448	79.64495270626561
5.415305278724408	5.666435789620979	100.51292002840404	23.00190444593663	89.30610557448816	41.10957193080653	-0.0	125.2823089308131	72.49426096554363	79.46657663631635
5.455021278807482	5.659554828828387	100.22569943332805	22.99962226655873	90.10042557614965	41.063698858855915	-0.0	113.0634639320172	72.22773447060999	79.28832939914581
5.490757322232561	5.655331728382713	99.93947252042715	22.997311518316522	90.81514644465122	41.03554485588475	-0.0	101.41942804208908	71.9622485157534	79.11025825349279
5.522719366016156	5.653588675450349	99.65443377977358	22.994972463148663	91.45438732032312	41.02392450300233	-0.0	90.43965855550893	71.69774643897402	78.93238720746353
5.551144961766184	5.654113072000603	99.37025702746986	22.992605366565144	92.02289923532368	41.027420480004025	-0.0	80.22161111353488	71.43427681461523	78.75472871056144
5.576305725909721	5.656667833089569	99.08736108387285	22.99021048080053	92.52611451819442	41.04445222059713	-0.0	70.87052771597308	71.17178352652202	78.57728935315387
5.598508220751712	5.660994296763772	98.80521702300923	22.98778806271425	92.97016441503423	41.073295311758486	-0.0	62.49303761823215	70.91031460230977	78.40007286452428
5.618092239694853	5.66680546680496	98.52443894837147	22.985338360771816	93.36184479389706	41.1120364453664	-0.0	55.17768293777552	70.64981429422684	78.22308149291159
5.635422783799831	5.673800551404149	98.24430378067844	22.982861626474342	93.70845567599662	41.15867034269433	-0.0	48.97561102497698	70.39033117654473	78.04631678742014
5.650873608762229	5.681704438134313	97.9656374574164	22.98035810593609	94.01747217524458	41.21136292089542	-0.0	43.896774776232	70.13180803234152	77.86977991292011
5.664810132228676	5.690255126095328	97.6875258169872	22.977828046066204	94.29620264457351	41.26836750730219	-0.0	39.87871759053587	69.87429366520021	77.69347186188588
5.677567467853361	5.6992340303726925	97.41093755051226	22.975271690955115	94.55134935706722	41.32822686915129	-0.0	36.79891516686608	69.61773228378763	77.51739352352082
5.6894333881949715	5.708478449384074	97.13482349481717	22.97268928337534	94.78866776389943	41.389856329227165	-0.0	34.500961208623295	69.3621718473495	77.34154573578884
5.7006406308077615	5.717874869201368	96.86028908756298	22.970081065444298	95.01281261615523	41.45249912800912	-0.0	32.819809560696704	69.10755774421018	77.16592931028224
5.711368223971906	5.727345042787347	96.58617209241577	22.96744727565303	95.22736447943812	41.515633618582314	-0.0	31.599860378885133	68.8539343175971	76.99054502780211
5.7217476673092404	5.736840499446853	96.31371324555617	22.964788154665424	95.43495334618481	41.57893666297902	-0.0	30.713222048504875	68.60125166955682	76.8153936735435
5.731872736162668	5.7463298668888365	96.04153186827685	22.962103936225265	95.63745472325336	41.642199112592245	-0.0	30.059452263565035	68.34955206224706	76.64047599287329
5.741808408096	5.755795249771442	95.77108659449924	22.959394859650555	95.83616816192	41.70530166514295	-0.0	29.56649463015674	68.09878665127191	76.46579275721905
5.751599138037946	5.765225291086179	95.5009273952451	22.95666115446141	96.03198276075892	41.76816860724119	-0.0	29.182778577691494	67.8489917174218	76.29134468443553
5.761274974127273	5.774612906114161	95.23244232820105	22.953903058122258	96.22549948254546	41.83075270742774	-0.0	28.87249121881371	67.60013003441951	76.11713253235291
5.770856078612552	5.783953692604291	94.96426286690283	22.951120796329786	96.41712157225103	41.89302461736194	-0.0	28.61120190561128	67.35222700597681	75.94315699559336
5.780355905630633	5.793245107348319	94.69771438098148	22.948314604308884	96.60711811261265	41.95496738232213	-0.0	28.382655044153378	67.10525350935404	75.7694188171456
5.7897834355342015	5.802485663382042	94.43155653549259	22.94548470439088	96.79566871068403	42.01657108921361	-0.0	28.17604018470319	66.85922488737054	75.59591867050574
5.799144688742452	5.811674457544169	94.16690576943266	22.942631329362257	96.98289377484903	42.077829716961126	-0.0	27.98411245880999	66.61412580339878	75.42265728308267
5.808443717132988	5.820811046499215	93.90274053473095	22.93975469847324	97.16887434265975	42.138740309994766	-0.0	27.80212375681372	66.3699588379652	75.24963530950731
5.817683280862018	5.829895246468231	93.63996612180902	22.936855041602268	97.35366561724035	42.199301643121544	-0.0	27.626940662844625	66.12671882123188	75.07685345907808
5.8268652848507045	5.83892709783506	93.37782047996306	22.93393257530719	97.53730569701408	42.25951398556707	-0.0	27.45657137230026	65.88439617875481	74.90431236919979
5.83599108978694	5.84790666731218	93.11687789841157	22.930987526652316	97.71982179573878	42.3193777820812	-0.0	27.289624316349833	65.64300244133673	74.73201273187351
5.845061684641895	5.856834152893978	92.85672298529069	22.928020109617112	97.90123369283788	42.37889435262652	-0.0	27.12525144132654	65.40251208846722	74.55995516837697
5.85407782495235	5.865709770431696	92.59762208374046	22.925030547858846	98.081556499047	42.43806513621131	-0.0	26.96287433600352	65.16294754050101	74.38814034992235
5.863040110696769	5.8745337692526745	92.33945444615183	22.922019053434262	98.26080221393538	42.49689179501783	-0.0	26.8021204337287	64.9242746224071	74.2165688852155
5.871949039268689	5.883306425868185	92.08217197384445	22.918985846343453	98.43898078537377	42.55537617245457	-0.0	26.642760038489698	64.68652488328773	74.04524142348599
5.880805044794986	5.89202800724218	91.82594007814028	22.915931136914168	98.6161008958997	42.6135200482812	-0.0	26.484621064867543	64.44965714276042	73.87415856190741
5.889608517171526	5.900698792053731	91.570475191623	22.912855141482815	98.79217034343051	42.67132528035821	-0.0	26.327593512089724	64.21370781045208	73.70332092803842
5.898359816314353	5.9093190713713835	91.31619728229681	22.909758068628328	98.96719632628705	42.72879380914256	-0.0	26.171615178746524	63.978629930661405	73.5327291072646
5.907059282742381	5.917889140562125	91.06254114556987	22.906640130889894	99.1411856548476	42.7859276037475	-0.0	26.01665070169526	63.74446589456867	73.36238370463317
5.915707245361247	5.926409284644075	90.81022650061956	22.903501535574346	99.31414490722494	42.842728564293836	-0.0	25.86266527596763	63.511164016389884	73.19228529661582
5.924304027137218	5.934879765754636	90.5582166808108	22.900342490512777	99.48608054274436	42.899198438364245	-0.0	25.70960255602238	63.27877526814525	73.02243446092007
5.932849938317998	5.943300892247355	90.30791766811681	22.897163203126418	99.65699876635995	42.95533928164903	-0.0	25.557476803957673	63.047233791216144	72.85283177247747
5.9413452877888	5.951672945485522	90.05769215945918	22.893963875971984	99.826905755776	43.011152969903485	-0.0	25.406270998419576	62.81660123747476	72.68347777906473
5.949790379249087	5.959996216521647	89.80922314879932	22.890744715827857	99.99580758498175	43.06664144347765	-0.0	25.2559860139133	62.58681242750025	72.51437304952435
5.958185516222217	5.968270974792657	89.5608177975303	22.887505921200496	100.16371032444434	43.121806498617715	-0.0	25.10659595907956	62.35792101890998	72.34551810826626
5.96653099792095	5.9764975004230285	89.31416543608361	22.884247697442493	100.33061995841899	43.17665000282019	-0.0	24.95809300367134	62.1298701581958	72.1769135146356
5.974827120949396	5.984676074578426	89.06760985871341	22.88097023952212	100.4965424189879	43.23117383052284	-0.0	24.810473631400498	61.902704449987525	72.00855977216993
5.983229642917753	5.995060628282015	88.82272286700193	22.877678664775264	100.66459285835506	43.27811953434713	-0.0	27.19258327681232	61.67637845098645	71.75033367136324
5.993654586669654	6.0136426367247315	88.57797407768483	22.874482784618756	100.87309173339307	43.22451092095762	-0.0	35.34477512224931	61.450851909922015	70.93146350481588
6.006720495044985	6.036499585773029	88.33482416204127	22.871568774934847	101.1344099008997	43.034093574327485	-0.0	43.14154807726261	61.225917598792655	69.58404499088496
6.022171063273001	6.061179281979527	88.09194114637083	22.869090710029663	101.44342126546002	42.715773448915634	-0.0	49.37624600106672	61.00146664959501	67.82313283721741
6.039546711959579	6.08718111554	87.85053330274872	22.867160327372517	101.79093423919157	42.30064998916298	-0.0	54.56326808189109	60.77734410063572	65.79449014448753
6.058405267699712	6.113028747977593	87.60949062229486	22.865837755213946	102.16810535399422	41.8186864418795	-0.0	58.42916666672181	60.55348793323761	63.6669550365591
6.078288234914128	6.137012311611668	87.36976257535476	22.865126714325836	102.56576469828255	41.299795589168816	-0.0	60.58262782016214	60.329904472905206	61.61546449217688
6.0986508117899145	6.158779670524712	87.13057147175039	22.864975494588364	102.97301623579828	40.78023427916696	-0.0	61.302966248990394	60.106602406999166	59.802970342706686
6.118989485455803	6.177440732058967	86.89255242836258	22.86528358063014	103.37978970911604	40.288466025380224	-0.0	60.44173154946649	59.88368007251523	58.364448653413696
6.138785981060709	6.192645726681282	86.65520367801554	22.86591279621759	103.77571962121417	39.85054767166323	-0.0	58.01925629724873	59.66124206764118	57.39506334479713
6.157527064250655	6.204296973245443	86.4188641712477	22.86670150482103	104.1505412850131	39.487945709378515	-0.0	54.06587937113577	59.439455322564314	56.943626638250734
6.174680911517361	6.21274500942005	86.18334817923008	22.867479990552418	104.49361823034721	39.21883959017538	-0.0	48.77505631896348	59.218443905518114	57.01148889225385
6.189842137797931	6.217393167078999	85.9487138533945	22.86808545741157	104.79684275595861	39.05082885905196	-0.0	41.4962568199441	58.998398731467205	57.55596543723228
6.200333832240732	6.226709382826519	85.71500460854394	22.86837539255663	105.00667664481463	39.03727435351475	-0.0	40.60137819842715	58.779416410693074	58.496314605614096
6.2142492133549085	6.2158484079864245	85.48205496513837	22.868239068987677	105.28498426709817	39.04215944823274	-0.0	9.99748290669932	58.561634750810406	59.71845619016329
6.3274580453272025	6.221020267414766	85.25009938306236	22.867609339002957	105.35525459205697	39.26509024517199	-0.0	-0.0	58.34509495984533	61.057691263270726
7.204218587009349	6.218210283400951	85.01885268113134	22.866521710939555	105.35525459205697	39.566583016819266	-0.0	-0.0	58.12980881023093	62.084037528340886
8.953466764755488	6.209120379119122	84.78863665971367	22.8649906767908	105.35525459205697	39.94500213483449	-0.0	-0.0	57.91572018757872	63.44860137940387
11.566677591395027	6.196896229745403	84.55904360917813	22.862880571153845	105.35525459205697	40.40198423184831	-0.0	-0.0	57.702954327680466	65.20039928775178
15.031115544864939	6.183032517255673	84.33055327917292	22.860084020514197	105.35525459205697	40.92460897713867	-0.0	-0.0	57.49156593811162	67.22470297474341
19.329896634955958	6.168779602797253	84.10258768896995	22.85653381492684	105.35525459205697	41.49300392935182	-0.0	-0.0	57.28166351182699	69.39045395744006
24.44207068770625	6.155591562247215	83.87584790272976	22.852207179856766	105.35525459205697	42.08320832820008	-0.0	-0.0	57.07326791753155	71.55668013898848
30.34272344636942	6.145186375883153	83.64947401180474	22.847127868802527	105.35525459205697	42.66862194244913	-0.0	-0.0	56.866369307796354	73.57949170374513
37.00309799143937	6.1391458724764405	83.4244046741707	22.841365906609187	105.35525459205697	43.21946929424515	-0.0	-0.0	56.6608680201616	75.31941236805613
44.390734887902546	6.1388336934556405	83.19965866991552	22.835034932155608	105.35525459205697	43.70507515979696	-0.0	-0.0	56.456699361381965	76.64877436789426
52.46963037680866	6.145414265658392	82.97618350086866	22.828287178076753	105.35525459205697	44.09759700383469	-0.0	-0.0	56.25370115910181	77.45886453945818
61.20041184009246	6.159502308723264	82.75310174303104	22.821306203462047	105.35525459205697	44.37361545731387	-0.0	-0.0	56.05172870309488	77.66646207497611
70.54052968367516	6.178522060712337	82.53117155641856	22.814293020876438	105.35525459205697	44.52348040474891	-0.0	-0.0	55.850567480268786	77.30450540236554
80.44446470346301	6.192654396304362	82.30973859926306	22.807354350962118	105.35525459205697	44.617695975362416	-0.0	-0.0	55.65010473802804	76.86221775863349
89.94896499303198	6.2063402606362805	88.65109066646372	22.80050325742116	104.29272077849339	44.70893507090854	341.7728622801167	-0.0	55.60768540950965	76.42271202169566
96.99001624603908	6.220678551603031	89.9884461590434	22.793990068552787	100.42670940216068	44.804523677353544	793.814403894015	-0.0	57.10345939336553	75.98728873190925
101.27168224765528	6.2358233180351395	90.91130537297646	22.788391912390626	94.39062678602866	44.90548878690093	965.6261795959624	-0.0	60.15867618112208	75.5589559901859
104.07277544728234	6.251792573503778	94.00590038488022	22.7840018479725	87.95602334013357	45.011950490025185	951.8501749835374	-0.0	63.53927914512973	75.13921397695378
106.00131743961576	6.268569630240318	97.05747824059301	22.780831293483423	81.77765355075418	45.123797534935456	897.187565624963	-0.0	66.799468270946	74.72807720512728
107.31267161807511	6.286119466834386	99.83362280073952	22.778817591422985	76.04070906688527	45.24079644556257	820.4354901881095	-0.0	69.82328923851344	74.32517150146715
108.26367590320014	6.304393708348944	102.32694047831167	22.777867931083744	70.86351172090984	45.362624722326295	730.9625080946096	-0.0	72.53473610496278	73.92996640040394
109.06933803180767	6.323333959859631	104.52254936013625	22.77787132894934	66.29480921742854	45.48889306573087	639.6960062798798	-0.0	74.89781325931924	73.541838856646
109.86611722426919	6.3428750108849306	106.43995519215109	22.778711658087964	62.31749957522303	45.619166739232874	555.2968421399756	-0.0	76.91456039257575	73.16014212522926
110.70126047427705	6.36294815897595	108.10772454206946	22.780278921551258	58.86547554738486	45.75298772650633	483.1337639812424	-0.0	78.61765710458864	72.7842650579715
111.55071340381022	6.383484576286482	109.54498811989768	22.782477259204583	55.84868431055036	45.88989717524321	424.8708928040712	-0.0	80.05769720028286	72.41367393751325
112.35937537827171	6.4044184686520955	110.7734771438825	22.78522814479393	53.17983410605841	46.02945645768064	377.7973545368316	-0.0	81.28704658427046	72.04792884110144
113.08826682139974	6.425689663618283	111.80483176392195	22.788468624602583	50.795248178406354	46.17126442412189	339.86637840922276	-0.0	82.34678490384665	71.68667389238428
113.7228419291686	6.447245250284454	112.69484386170406	22.792146698043766	48.652843597000036	46.31496833522969	304.1707186298648	-0.0	83.26274205210808	71.32961256847099
114.2793565243402	6.469040032233106	113.44104853387584	22.796216986819104	46.72988411667951	46.46026688155404	274.67748204356366	-0.0	84.05050261931184	70.97648465808842
114.76060257560007	6.491035840917309	114.0987160075604	22.80063857686028	45.00186542190668	46.6069056061154	244.06923428316583	-0.0	84.72240880107047	70.62705474797932
115.17574947116915	6.513200084496623	114.6419963428693	22.80537463864049	43.45039832622133	46.75466722997749	219.17523023139836	-0.0	85.29090372159628	70.2811101020545
115.52133135420591	6.535504105639715	115.0916952025521	22.810392371680187	42.0553349946657	46.90336070426477	196.6399085863368	-0.0	85.76759893658918	69.93846025030535
115.80067422426345	6.557921872914998	115.4560624556203	22.815662450656696	40.801838672908666	47.05281248609999	176.1109286156975	-0.0	86.161754395977	69.59893396316892
116.02263127279427	6.580429263632293	115.73269849378698	22.82115823815711	39.67910129159051	47.202861757548625	161.5362191914119	-0.0	86.48049247497825	69.26237501816824
116.18514091301637	6.603003870666978	115.9562730975373	22.826855285267275	38.67438870884786	47.353359137779854	143.52039364883194	-0.0	86.73003177825154	68.92863950050474
116.29419844144475	6.625625057203155	116.11563488474688	22.832731150072384	37.77933357662309	47.50416704802104	126.77034394056058	-0.0	86.91619051656745	68.59759478606816
116.33976709206834	6.648273973711599	116.20324674790949	22.838765361280466	36.98186327044369	47.655159824744	110.84597861130013	-0.0	87.04591047821343	68.26911929225528
116.37936639863251	6.670933397252541	116.2737298324697	22.844938987368714	36.2921082982246	47.80622264835027	97.50533808286264	-0.0	87.11583935578463	67.94310014963146
116.33825630404205	6.693587431760321	116.25735141281176	22.85123224011271	35.680305251516366	47.957249545068805	85.33135537846617	-0.0	87.13739697660019	67.61942059633692
116.2253725592096	6.716221203939817	116.16631711412741	22.85763132641643	35.144012409234264	48.10814135959878	72.90397833724485	-0.0	87.12009833305493	67.29799595152313
116.13286645294455	6.738820664835815	115.99618586630218	22.864121187711085	34.705754337342384	48.25880443223877	110.91101296901644	-0.0	87.0526599890093	66.97873532073466
116.02102721405916	6.761372511521846	115.96744770771045	22.870682930472302	34.34947692993771	48.40915007681231	69.4417422836152	-0.0	86.9278238028611	66.66152815751919
115.79328379261966	6.783864162234651	115.78836798371029	22.87730159345409	34.04411273220582	48.55909441489767	21.033848954569244	-0.0	86.77463679094424	66.34628516760482
115.49871506142566	6.806283705885339	115.44207104393769	22.88396910106897	33.80163138443951	48.7085580392356	71.4000110218282	-0.0	86.59684927063404	66.03295364989434
115.19165297354057	6.828619722095778	115.18785418088547	22.89067359196457	33.63569785356072	48.85746481397185	18.490303917441622	-0.0	86.37453101167395	65.7214612891022
114.79573643065942	6.850860894021759	114.83124965401917	22.897399031729545	33.553344422914854	49.00573929347839	-0.0	-0.0	86.10649172553029	65.41171425875606
113.67408815848621	6.872996626701779	114.66527290876802	22.90413048259861	33.546746803460806	49.15331084467853	-0.0	-0.0	85.7901260321907	65.10362498032885
111.50651269806255	6.895017226216608	114.2636008205349	22.91085428524967	33.546746803460806	49.300114841444056	-0.0	-0.0	85.46138732520198	64.79711307491623
108.31215031499814	6.916911086945477	113.95892414020281	22.917574171611054	33.546746803460806	49.44607391296985	-0.0	-0.0	85.14300882338947	64.49218986936975
104.15319623100356	6.938670266574326	113.60878147417273	22.92428659894232	33.546746803460806	49.59113511049551	-0.0	-0.0	84.81679624020627	64.18882841001434
99.11062656598845	6.960296076435269	113.26993261181302	22.93099420753086	33.546746803460806	49.73530717623513	-0.0	-0.0	84.50043479910298	63.88703437243603
93.28262170799186	6.981788286885541	112.9491938881016	22.937694672905597	33.546746803460806	49.87858857923694	-0.0	-0.0	84.17712769990302	63.586787310801256
86.78265471073932	7.003146112487024	112.59390676041093	22.94438962629997	33.546746803460806	50.02097408324683	-0.0	-0.0	83.8625540855868	63.28808767979024
79.73728193823285	7.024372205847795	112.28843624939788	22.951077586992753	33.546746803460806	50.16248137231864	-0.0	-0.0	83.54225919070568	62.99091956958035
72.28367897329828	7.045466461800611	111.9277661526642	22.957759495193983	33.546746803460806	50.30310974533741	-0.0	-0.0	83.22940071564281	62.69527988646028
64.56696976663164	7.066429216036816	111.62897752079618	22.964434441528194	33.546746803460806	50.442861440245444	-0.0	-0.0	82.91210493235673	62.40115582176526
56.737401028665346	7.087262497270892	111.26945524570934	22.9711029069409	33.546746803460806	50.58174998180595	-0.0	-0.0	82.6009767226649	62.10854195224618
48.94741687976696	7.107966175748259	110.97243709420444	22.977764357199835	33.546746803460806	50.71977450498839	-0.0	-0.0	82.28660558520606	61.817427536345896
41.34869071610212	7.128541117968208	110.617585566539	22.98441897872923	33.546746803460806	50.85694078645472	-0.0	-0.0	81.97726584729809	61.527805687611114
34.08917208186621	7.148988778370776	110.31983252062197	22.99106647478839	33.546746803460806	50.99325852247184	-0.0	-0.0	81.66571664218375	61.239667005606904
27.310206045897974	7.169309195713971	109.97128820073019	22.997695380613134	33.546746803460806	51.12872797142648	-0.0	-0.0	81.35824277292525	61.17508842659137
21.143781169629566	7.18950345923342	109.67178753974154	23.00408563934232	33.546746803460806	51.26335639488947	-0.0	-0.0	81.04956441991523	62.031188068491
15.70995964900162	7.209572612176339	109.32999943474792	23.01002404998533	33.546746803460806	51.39715074784226	-0.0	-0.0	80.7445574393991	63.29905568583432
11.114539666472155	7.22951692033346	109.02863544910603	23.015406730116972	33.546746803460806	51.53011280222307	-0.0	-0.0	80.43935649860752	64.82099941752173
7.446995467730186	7.24933750578922	108.6934719179829	23.02016621695547	33.546746803460806	51.6622500385948	-0.0	-0.0	80.13739613776754	66.5115374378515
4.964509642137285	7.120817598427091	108.39051674774497	23.02425995602045	35.14684604378562	50.805450656180604	-0.0	367.10931242357884	79.83587275145351	68.29953470744499
3.4566503164301867	6.980707285368815	108.0614543486569	23.0276685539571	37.987357987918706	49.871381902458765	-0.0	469.3117946085142	79.53718639506855	70.11097666625088
3.0114886274389376	6.860596117821979	107.75744175875816	23.030398665094655	41.22977254877875	49.07064078547986	-0.0	490.4785603356584	79.23934374108978	71.85918537238896
3.172198096130607	6.762633322258122	107.4338614052476	23.032486446520636	44.44396192261214	48.41755548172081	-0.0	473.7110951128015	78.94395716010578	73.45822863483473
3.327384108340557	6.672924520319009	107.12937521046591	23.033985189305476	47.547682166811136	47.81949680212673	-0.0	457.2704623618863	78.64961776738998	74.89220829438825
3.4771051290054373	6.587631965976558	106.81064961570326	23.034948469209166	50.54210258010874	47.250879773177054	-0.0	440.9171433622139	78.35737755059344	76.16463245972648
3.621385052554274	6.506340454908669	106.5062841436667	23.0354288067799	53.42770105108548	46.70893636605779	-0.0	424.6289116948464	78.06627992794706	77.27932411929352
3.7602456477532398	6.428989019328151	106.19180363342089	23.03547725478992	56.20491295506479	46.19326012885434	-0.0	408.407224132277	77.77699990752099	78.24052254526539
3.8937098062339275	6.355552408329565	105.88802013061292	23.03514351804117	58.87419612467855	45.7036827221971	-0.0	392.25650106910575	77.48890133148777	79.0530009749403
4.021802033147452	6.286007452596724	105.57732558663892	23.03447550466438	61.436040662949026	45.240049683978164	-0.0	376.18192236679783	77.20239645002532	79.72222041167997
4.144548664291284	6.220329947892515	105.27453357203572	23.033519300486653	63.89097328582567	44.80219965261677	-0.0	360.1892977658789	76.9170736648432	80.25453790718818
4.261978086043602	6.158494047179507	104.96719738267052	23.03231862808137	66.23956172087203	44.38996031453004	-0.0	344.2851253989839	76.63316856878151	80.65747876487622
4.374120976593266	6.100471912872511	104.665719822614	23.03091459965818	68.48241953186533	44.00314608581674	-0.0	328.4766864138957	76.35042137719387	80.94008562154453
4.481010590869532	6.0462336470259315	104.36142759306458	23.02934499244959	70.62021181739064	43.641557646839544	-0.0	312.7721870783509	76.0689538999092	81.11332323940661
4.582683095421983	5.995746698661587	104.06150916929822	23.027643709248327	72.65366190843964	43.304977991077244	-0.0	297.1808796044511	75.78860964084032	81.19045260810414
4.67917794434716	5.9489758835735165	103.76002426989034	23.025839872378835	74.58355888694318	42.993172557156775	-0.0	281.71327835522294	75.50944043839196	81.1871321954567
4.770538332707707	5.905883044176255	103.46183137948036	23.023957231634494	76.41076665415414	42.70588696117503	-0.0	266.3813891149009	75.23136248108891	81.12083458269831
4.856811733106495	5.86642619689158	103.16294987501577	23.02201370659074	78.13623466212991	42.44284131261053	-0.0	251.19893309201734	74.95438795201147	81.0092452865021
4.938050537720038	5.830558258997892	102.86662229459901	23.020021771135838	79.76101075440074	42.20372172665262	-0.0	236.18156697732763	74.6784826285283	80.86801433112468
5.014312748193101	5.798229421831587	102.5702181104888	23.017989346788884	81.286254963862	41.98819614554391	-0.0	221.34767245761896	74.40363774298152	80.70904915280542
5.085662993970248	5.769380200052917	102.27579921352212	23.015921177997797	82.71325987940494	41.79586800035278	-0.0	206.71798513957816	74.12985313932272	80.54023200748043
5.152173318624729	5.743952727564872	101.98180679783117	23.01381996374803	84.04346637249458	41.626351517099145	-0.0	192.31799983038232	73.85710038635479	80.36624415515618
5.21392494268877	5.72186940379351	101.68941535313685	23.011687273542076	85.2784988537754	41.479129358623396	-0.0	178.1755561771766	73.58540566344715	80.18967504806353
5.271009265454231	5.7030535415924914	101.39769107023756	23.009524026414667	86.42018530908463	41.35369027728328	-0.0	164.32518753569477	73.31472731339949	80.0118938087195
5.323530202011133	5.687409291569518	101.1073025912563	23.007330834986437	87.47060404022265	41.24939527713012	-0.0	150.80597832114955	73.04510149955792	79.833607855076
5.371605749026254	5.674840937626307	100.81787154903698	23.005108124105092	88.43211498052507	41.165606250842046	-0.0	137.66698691953457	72.7764775536138	79.65517742231468
5.415371591830384	5.6652207613347345	100.52950861181752	23.00285624887502	89.30743183660768	41.10147174223157	-0.0	124.96228668691164	72.5089036881742	79.4767850485931
5.4549833470987314	5.658412412282256	100.24227914706012	23.00057550523584	90.09966694197463	41.05608274854837	-0.0	112.75777833023433	72.24232027647571	79.29852277155744
5.490620242328709	5.654260887769884	99.9559516609037	22.998266179159156	90.81240484657417	41.02840591846589	-0.0	101.13130247392965	71.97678001810874	79.12043719264521
5.522489309352268	5.6525809766480295	99.67088591650986	22.995928533076835	91.44978618704535	41.01720651098687	-0.0	90.17055620314828	71.71222205019158	78.94255199879133
5.550828821016494	5.653162274727714	99.38660754141453	22.993562832008955	92.01657642032988	41.021081831518096	-0.0	79.97400113131313	71.44869873897345	78.76487947063151
5.575911075289869	5.655770417369536	99.10369192471283	22.99116932873935	92.51822150579738	41.03846944913024	-0.0	70.64848816485156	71.18614979036867	78.58742612085909
5.598043812568508	5.660141168574135	98.82145617607013	22.9887482796989	92.96087625137017	41.067607790494236	-0.0	62.298352709776395	70.92462734200444	78.41019563711224
5.617567822553901	5.665984179834779	98.54065946423951	22.986299933883764	93.351356451078	41.106561198898525	-0.0	55.009293124479335	70.66407170901466	78.23319025066354
5.634847524576584	5.6730112775552	98.26044481442104	22.983824542397016	93.69695049153167	41.15340851703467	-0.0	48.838863225545275	70.40453469266758	78.05641149870942
5.650257391901895	5.680938132031191	97.98174022991073	22.981322351911842	94.0051478380379	41.20625421354127	-0.0	43.789796278139875	70.14595747979115	77.87986054455784
5.664162325037368	5.689503335304591	97.70354276293168	22.97879360899164	94.28324650074735	41.26335556869728	-0.0	39.797149919328064	69.88839018901663	77.70353837660089
5.67689629071998	5.698490588066016	97.4269325248762	22.976238558260313	94.5379258143996	41.32327058710678	-0.0	36.7374956158862	69.63177476462191	77.52744588582134
5.688745119970837	5.707743349984716	97.15074168866053	22.973657442012165	94.77490239941673	41.38495566656477	-0.0	34.45851673922474	69.37616100663564	77.35158390702769
5.699940709742245	5.717143674793006	96.87618285400222	22.971050503197766	94.9988141948449	41.44762449862004	-0.0	32.79001853723969	69.12149449065772	77.17595325622791
5.710660217752166	5.726618588226114	96.60193860457213	22.9684179792194	95.21320435504333	41.510790588174096	-0.0	31.581611020049984	68.86781870489835	77.00055470794601
5.72103463697557	5.7361155149130125	96.32949436831748	22.965760112343013	95.42069273951138	41.57410343275342	-0.0	30.70105651423391	68.61508271354737	76.82538905655846
5.731156524924612	5.745606436971294	96.05722906210256	22.96307713487706	95.62313049849223	41.6373762464753	-0.0	30.051946740896167	68.36332965972692	76.65045703943662
5.741090309980676	5.755073167801337	95.78673385905824	22.96036928760431	95.8218061996135	41.70048778534225	-0.0	29.562283636270713	68.11251432148502	76.47575943582882
5.750880025707569	5.764504397054281	95.51650176153666	22.957636798758355	96.01760051415137	41.763362647028536	-0.0	29.180870603350414	67.86266569272222	76.30129695676028
5.760555459698264	5.7738928635196975	95.24798493496019	22.954879907233725	96.21110919396529	41.82595242346465	-0.0	28.87191955585166	67.61375337934642	76.12707036805016
5.770136542097805	5.783234452203888	94.97976427870354	22.952098837559948	96.40273084195609	41.888229681359256	-0.0	28.611525328618754	67.36579607067023	75.95308035800225
5.779636590036398	5.79252667251825	94.7131378879414	22.949293826144885	96.59273180072796	41.95017781678833	-0.0	28.383624770555638	67.11877426666051	75.77932767570775
5.789064509164679	5.801767959711594	94.44694875145368	22.94646509447875	96.78129018329358	42.01178639807729	-0.0	28.177396245610787	66.87269225481155	75.60581299062271
5.798426257041314	5.810957455054642	94.18221851155316	22.94361287602596	96.96852514082627	42.07304970036428	-0.0	27.98570842113934	66.62754398027754	75.43253703367394
5.8077258471485855	5.820094724398845	93.9180481067564	22.940737389774203	97.15451694297171	42.133964829325635	-0.0	27.80386354701838	66.38332330519827	75.25950045822658
5.816966010389361	5.829179622601081	93.65516446935702	22.93783886591266	97.33932020778721	42.19453081734054	-0.0	27.628803145132313	66.14003584020536	75.08670397499313
5.826148643463972	5.8382121333590655	93.39300300602997	22.934917521013112	97.52297286927943	42.25474755572711	-0.0	27.45847990044897	65.89766156407555	74.914148221956
5.835275091154752	5.847192365452754	93.13198467443083	22.93197358196913	97.70550182309505	42.31461576968503	-0.0	27.29156726216177	65.65621793998801	74.7418338899615
5.844346335741913	5.856120518205878	92.8718483187449	22.92900726319603	97.88692671483825	42.37413678803919	-0.0	27.127226249614953	65.41567433910664	74.5697616027151
5.853363133295954	5.864996770450973	92.61256628263433	22.92601878807311	98.06726266591906	42.43331180300649	-0.0	26.964834918625026	65.17606543739808	74.39793203018189
5.862326074092012	5.873821424149271	92.35446252203478	22.923008369269922	98.24652148184023	42.49214282766181	-0.0	26.804092571446493	64.93733857967275	74.2263457840618
5.871235658282412	5.882594722203812	92.097021754089	22.91997622613731	98.42471316564824	42.55063148135875	-0.0	26.644727341211773	64.69954357293383	74.05500351047763
5.880092317955863	5.891316937825194	91.84086416395128	22.916922569841116	98.60184635911725	42.608779585501296	-0.0	26.486576634839153	64.4626219310129	73.88390581098261
5.88889644172534	5.8999883543456395	91.58522237284006	22.91384761584918	98.77792883450678	42.66658902897093	-0.0	26.32953738235318	64.22662753520949	73.71305330862783
5.897648387909727	5.908609271346873	91.33099323208769	22.910751573990968	98.95296775819453	42.72406180897916	-0.0	26.173559460296005	63.99149808484554	73.54244659532836
5.906348498280736	5.9171799725258465	91.0771519434608	22.907634655529566	99.12696996561472	42.78119981683898	-0.0	26.018592204794547	63.75728918571392	73.37208626964772
5.914997105427489	5.925700714980353	90.8248953879453	22.904497069318527	99.29994210854977	42.83800476653569	-0.0	25.864562572253824	63.5239360060844	73.20197291611717
5.923594523397362	5.934171825604209	90.57284697428577	22.901339022086344	99.47189046794725	42.8944788373614	-0.0	25.71150302739845	63.29149797597758	73.03210710690018
5.932141066911963	5.94259357913801	90.32245012864371	22.898160721778392	99.64282133823924	42.95062386092007	-0.0	25.55938211553546	63.05991072674373	72.86248941942749
5.940637047427674	5.950966238462405	90.07220107857766	22.894962370964375	99.81274094855347	43.006441589749365	-0.0	25.40815695147271	62.82922873067881	72.69312040175164
5.949082765914234	5.9592901143355705	89.823643058292	22.89174417648994	99.98165531828467	43.06193409557047	-0.0	25.257855735068503	62.5993938647516	72.5240006231852
5.957478525093933	5.967565481899447	89.57525319507712	22.888506337130888	100.14957050187866	43.11710321266298	-0.0	25.10846073228379	62.370452680112884	72.35513060952853
5.965824626066	5.97579260795518	89.32847742486283	22.88524905778353	100.31649252132	43.1719507197012	-0.0	24.95994527385246	62.14235672805089	72.18651091777893
5.974121364551518	5.983971779994393	89.08194509363541	22.881972534285435	100.48242729103036	43.22647853329595	-0.0	24.812314788823745	61.91514213427138	72.01814205610069
5.982545641797175	5.994551852093597	88.8369341027074	22.878682664493407	100.6509128359435	43.272438782066985	-0.0	27.393213457466945	61.68877040752425	71.7509496048147
5.993045850170262	6.013184529378896	88.59220920391036	22.87549302646736	100.86091700340522	43.214861434863	-0.0	35.477703569138356	61.46319332278028	70.91767997094583
6.006176529863428	6.0360528766969885	88.34896372386802	22.872589480768863	101.12353059726856	43.02073781470995	-0.0	43.21193905736641	61.23820620635783	69.55859523336687
6.021664570910115	6.061049736705107	88.10607983794073	22.870125136967943	101.43329141820229	42.701485022146095	-0.0	49.614240518091286	61.01368785016897	67.78935669258476
6.039091339489676	6.086940219872493	87.86456634308352	22.86821051819809	101.78182678979353	42.283604046605774	-0.0	54.68596734013246	60.78951302705025	65.75644571368538
6.057991807201346	6.112581058687676	87.62349729755836	22.866904366737007	102.15983614402691	41.79934158692616	-0.0	58.410857020725146	60.565606356126494	63.629040844494476
6.07787970869179	6.136739431849422	87.38371029944635	22.866208980538023	102.5575941738358	41.281523074438496	-0.0	60.65255722021972	60.34194622205026	61.58196310091126
6.098253192574109	6.15834599721268	87.14449168350679	22.866071332155936	102.96506385148217	40.761877665563354	-0.0	61.28458443940599	60.11859196353299	59.77761505694026
6.118582499341876	6.176950442419285	86.9064030747937	22.866389831564376	103.37164998683751	40.271421605304276	-0.0	60.39864603066895	59.89561532377267	58.350073758926094
6.1383525284245515	6.19215037574124	86.66901749651892	22.867025562971108	103.76705056849102	39.835716511892045	-0.0	57.985907402514755	59.673126459680894	57.39338068309647
6.15706415399821	6.20366909687963	86.43263791025416	22.867816528421148	104.14128307996418	39.47504901561644	-0.0	53.97044496841556	59.451292171684756	56.95514044977016
6.1742088439890255	6.2116465011754505	86.19708460825262	22.868593039977632	104.4841768797805	39.20630482245097	-0.0	48.372032975176495	59.23024303164842	57.03554112659216
6.189203806823401	6.216998408978111	85.96239239665765	22.869192689779183	104.78407613646802	39.0454141283975	-0.0	41.679283039291676	59.010151996263815	57.59087368135532
6.200887156828348	6.221989312301529	85.72862700142542	22.86947365750341	105.01774313656696	39.01109181042853	-0.0	36.31645242963317	58.79113207897716	58.539534590394126
6.211147645735751	6.218515314006318	85.49563904597241	22.869326172542973	105.22295291471501	39.06030556147983	-0.0	21.458780648267314	58.57332144323335	59.766635965354865
6.335849281494355	6.221461760748764	85.26363508209776	22.868684407563414	105.29952090207347	39.27402992477716	-0.0	-0.0	58.35674695952881	61.10338814353767
7.234004115332806	6.21855382685447	85.03233838839887	22.867612995957487	105.2993904533468	39.57796502234747	-0.0	-0.0	58.1414267336868	61.86242450963196
9.004024846510296	6.209299647205043	84.80208430421078	22.86615413159863	105.2993904533468	39.958116432602196	-0.0	-0.0	57.92723000244697	63.24945523407761
11.637278578892492	6.197157422467596	84.57244501672749	22.864109017813057	105.2993904533468	40.41779183662914	-0.0	-0.0	57.714346655446256	65.02252656150452
15.12093211101532	6.183263805372799	84.34396043698555	22.861370849184702	105.2993904533468	40.94186604466605	-0.0	-0.0	57.50285264784435	67.06582162428573
19.438007805259396	6.168960883941728	84.11585774401618	22.857873319929823	105.2993904533468	41.51083431903944	-0.0	-0.0	57.29287986478021	69.2473128205334
24.56746632863587	6.155830764328165	83.88915687791324	22.853594854514082	105.2993904533468	42.10138432094088	-0.0	-0.0	57.08439152134119	71.42522770605872
30.484309188272064	6.1455180711112085	83.66266902859441	22.848560624493555	105.2993904533468	42.68638618979779	-0.0	-0.0	56.87740853938578	73.45508755214608
37.159700561962524	6.139602020718093	83.43761243266327	22.842842229561047	105.2993904533468	43.23601528863003	-0.0	-0.0	56.6718227571092	75.19707310974741
44.56110782995887	6.139449482536843	83.21275706581264	22.836554947018907	105.2993904533468	43.719668579728236	-0.0	-0.0	56.46757282240567	76.52344399535474
52.652460123186735	6.146214071277487	82.98930448845834	22.82985262988477	105.2993904533468	44.10958333402637	-0.0	-0.0	56.264492651202765	77.32569705641181
61.394324115180545	6.160493090777622	82.76613021302666	22.82292033869475	105.2993904533468	44.38247072104291	-0.0	-0.0	56.0624352477655	77.52110191404344
70.74409620095913	6.17944324583608	82.54419478431434	22.815959671462387	105.2993904533468	44.5296216389072	-0.0	-0.0	55.86118652221578	77.1524274031536
80.65621012636915	6.193512563401062	82.32269279091855	22.809073730111436	105.2993904533468	44.623417089340414	-0.0	-0.0	55.66063451937828	76.71121498874189
90.12742120184346	6.207192671751066	88.76183789633352	22.80227596199165	104.19374183203216	44.714617811673776	350.5745248815078	-0.0	55.63061055370484	76.27278197764551
97.10433414910233	6.221530914220237	89.99350532407584	22.7958251660629	100.27158198376975	44.81020609480158	799.9841212501558	-0.0	57.16469438670687	75.83847340111788
101.3405624431212	6.236675232644743	90.97254135415723	22.790298382765137	94.21584021765983	44.91116821763163	965.982348703514	-0.0	60.23506169583865	75.41129664021945
104.11676545837659	6.252642600589324	94.07739406677587	22.785980884365024	87.78588294066317	45.01761733726216	950.5490125417338	-0.0	63.61378860037454	74.99271078931424
106.02745092719886	6.269415899271263	97.12136360316799	22.78288118242472	81.6181835822371	45.12943932847509	895.2920524403072	-0.0	66.86832667894015	74.58271511247416
107.32729046416877	6.286959799976359	99.89023234156161	22.78093576458399	75.89528412134116	45.246398666509066	818.1291041361651	-0.0	69.88438876514321	74.18093102923041
108.27282779695625	6.305225699139921	102.37502054579163	22.78005127310056	70.7340156857608	45.36817132759948	728.562044444271	-0.0	72.58686152753168	73.78682530535522
109.07758629965711	6.324155056025947	104.56090134522252	22.780116492729437	66.18148495423739	45.49436704017298	637.574815922895	-0.0	74.94070476699414	73.39977379664606
109.87424750186547	6.343682605568193	106.47758634281477	22.781015363862483	62.21825174041855	45.62455070378795	552.900989612573	-0.0	76.94872289195038	73.01913023476764
110.71148640771105	6.363739687205762	108.13220790124939	22.782638187365723	58.77932667032866	45.75826458137175	481.80397007657547	-0.0	78.64436745111777	72.64428515534091
111.56069136235595	6.384257609265381	109.56346289688464	22.784889546579283	55.77261548280436	45.895050728435876	423.97000117038687	-0.0	80.07832203675201	72.27470728031324
112.36618694641265	6.405170795253124	110.79512031539859	22.787691359503036	53.11112380184325	46.03447196835416	376.0265905375119	-0.0	81.30281458974447	71.90995911725554
113.0928646639051	6.426419346706073	111.82128111132647	22.790981018728314	50.73336022868359	46.17612897804049	338.2935407779418	-0.0	82.35856331701554	71.54968669304212
113.7250915058041	6.447950647984234	112.70820022570318	22.794706744191068	48.596884271648534	46.31967098656156	302.52308210958535	-0.0	83.27102961905156	71.1935947177587
114.27937002545873	6.46971978163144	113.45296239304385	22.79882329286182	46.679190102839115	46.4647985442096	272.72089563753565	-0.0	84.05563717211696	70.84142375925933
114.76044701614991	6.491688812200409	114.10031956666867	22.80328985964218	44.95663046419183	46.611258748002726	243.74468292315908	-0.0	84.72471352134497	70.49293904137843
115.17500201474625	6.513825322267389	114.63585244854636	22.808069724161648	43.40988572283422	46.7588354817826	220.28041437674534	-0.0	85.29069780776508	70.1479284627658
115.51907791237052	6.536100776060733	115.08251141489595	22.813130187495176	42.018736415165364	46.90733850707156	198.21953680884116	-0.0	85.76515580937537	69.80620214487882
115.7974265663429	6.55848922911807	115.4425300519848	22.818442005959852	40.768941078045536	47.056594860787136	178.71957445179098	-0.0	86.15728301409521	69.46758934196106
116.01550356343685	6.580966631244946	115.7278532109089	22.823978606005213	39.648587374280076	47.206444208299644	160.89913526030918	-0.0	86.47416277973002	69.13193421950433
116.17798691681949	6.603510646324597	115.94432601536523	22.829715594964348	38.64727354533089	47.356737642163985	145.01545135220306	-0.0	86.72200327237887	68.79909320868832
116.28485609194368	6.626100709804063	116.1056829006585	22.83563058358997	37.75465258822178	47.50733806536042	126.98656313038342	-0.0	86.90660857392845	68.46893401076814
116.32251182102375	6.64871804120528	116.25153641258323	22.841703090175876	36.95762811475674	47.658120274701865	79.92363079619561	-0.0	87.03393282249327	68.14133503504614
116.33893574542174	6.671345477743903	116.23649057994494	22.84791442685839	36.26353827811009	47.80896985162602	96.02116898325856	-0.0	87.10772483270078	67.81618474398064
116.30570431374727	6.693967172440965	116.22852643726583	22.85424658587071	35.65679904356243	47.959781149606435	83.34271943805201	-0.0	87.12930684325016	67.49337575366995
116.22751616126816	6.71656829228457	116.16857244371475	22.860682488591912	35.1332759013358	48.11045528189714	72.83498184118946	-0.0	87.1032578509665	67.17280612412716
116.06181652739951	6.739134824072771	115.84995760350628	22.86720764963605	34.67581830493967	48.260898827151806	138.08440589143598	-0.0	87.04527111795008	66.85438807137075
115.94270038112855	6.761653498615059	115.83523448358679	22.8738100324967	34.31976721791758	48.4110233241004	98.34597489861085	-0.0	86.92971189449192	66.53804709638125
115.8112152485397	6.784111766225544	115.81212712655632	22.880465888770807	34.04433919885514	48.560745108170295	-0.0	-0.0	86.75387586356673	66.2236476287872
115.51366153334166	6.806497746829025	115.50892246356638	22.887164167728898	33.80299410971746	48.70998497886016	20.652270571912524	-0.0	86.56706147295924	65.91112150474636
115.15395933766176	6.828800002092231	115.14686547471095	22.893900077575584	33.623984216317396	48.858666680614874	25.267521951567673	-0.0	86.35580587380038	65.60043372415988
114.71041241228203	6.851007182822059	114.84504305276802	22.900659895025015	33.533002453067006	49.00671455214706	-0.0	-0.0	86.09324260321914	65.29150257652374
113.58522928583686	6.873108685624462	114.69212981318371	22.90742563700866	33.533002453067006	49.15405790416308	-0.0	-0.0	85.77347801368133	64.98422443612249
111.39231098110366	6.895093052601712	114.21692355612755	22.914182632138523	33.533002453067006	49.30062035067808	-0.0	-0.0	85.44598089096634	64.67851364682348
108.17435429443813	6.916945542190921	113.97183129135686	22.92093608149092	33.533002453067006	49.44630361460614	-0.0	-0.0	85.12678192715649	64.37438929432581
103.99401383593484	6.938662896027675	113.57399751939037	22.927681280544583	33.533002453067006	49.591085973517835	-0.0	-0.0	84.80113948764027	64.07181834160781
98.93268212480106	6.960248284059542	113.27313996399434	22.93442188130486	33.533002453067006	49.73498856039695	-0.0	-0.0	84.48450016601274	63.77081181670634
93.08890485192698	6.981698370049794	112.92273995636391	22.941154691620035	33.533002453067006	49.877989133665295	-0.0	-0.0	84.16134653865196	63.471344736089286
86.57646216480389	7.0030151464729355	112.5904853176352	22.947882088245205	33.533002453067006	50.02010097648624	-0.0	-0.0	83.846810386944	63.17342150682412
79.52215333298346	7.024200963448452	112.26762993152518	22.95460196010201	33.533002453067006	50.16133975632302	-0.0	-0.0	83.52643771591666	62.877022929057915
72.06332792711427	7.045253971456213	111.92000097345009	22.961315783205617	33.533002453067006	50.30169314304142	-0.0	-0.0	83.2137811165102	62.582148758008344
64.34521158042892	7.066176633166069	111.61189157459906	22.968022201635073	33.533002453067006	50.441177554440465	-0.0	-0.0	82.89629721714651	62.28878386154447
56.51807840081861	7.0869700475875055	111.2589542726311	22.97472207195387	33.533002453067006	50.57980031725004	-0.0	-0.0	82.58544061110993	61.99692482215179
48.73432508756967	7.1076334347775765	110.95771855936604	22.981414551858514	33.533002453067006	50.71755623185051	-0.0	-0.0	82.27084361011003	61.7065593030854
41.14550372056646	7.128169074581865	110.60546406105415	22.9881000844628	33.533002453067006	50.854460497212436	-0.0	-0.0	81.96178911275419	61.417681797344386
33.8993709945396	7.148577403563459	110.3065675903731	22.994778166582964	33.533002453067006	50.99051602375639	-0.0	-0.0	81.65001922105881	61.13028184384571
27.137011350574614	7.1688584550006516	109.95829168308862	23.001438781850133	33.533002453067006	51.12572303333768	-0.0	-0.0	81.34281219046115	61.07148596270245
20.990090018520892	7.189014107219449	109.65937346166021	23.007852577937108	33.533002453067006	51.26009404812966	-0.0	-0.0	81.03394336193881	61.9552282298708
15.578289454292372	7.209044556554315	109.3166435503767	23.01380793858748	33.533002453067006	51.39363037702877	-0.0	-0.0	80.72918316891268	63.23890601137205
11.006979085530194	7.228950362914969	109.01667324131228	23.019203212093913	33.533002453067006	51.526335752766464	-0.0	-0.0	80.42383897111678	64.77216130941201
7.365826885698183	7.248185653245026	108.68001900225367	23.023972136087828	33.53639187744503	51.65457102163351	-0.0	-0.0	80.12209629323942	66.47120756403875
4.914431744740522	7.1157845752857165	108.37876628552131	23.028072920026972	35.198910895248396	50.77189716857144	-0.0	370.92391660430127	79.82047106625862	68.26540485150866
3.4308805703389975	6.976136419941518	108.0480858866604	23.031486948138415	38.05603557818206	49.84090946627679	-0.0	470.7212451123887	79.52197093351612	70.08074906819553
3.0150760412933173	6.856599799885218	107.74578747728556	23.034221635648265	41.30152082586635	49.043998665901455	-0.0	489.9951376411747	79.2240617478793	71.83027074505598
3.175624678966232	6.758983054625381	107.42068587980914	23.03631390140414	44.51249357932464	48.39322036416921	-0.0	473.2440157875182	78.92883111812469	73.42920105878787
3.3306552601253165	6.669381122129025	107.11775887541299	23.03781717302922	47.613105202506325	47.79587414752683	-0.0	456.8045165880387	78.6344534084334	74.86307847870209
3.4802208856522814	6.584171596138379	106.79771022061509	23.038785035622226	50.60441771304563	47.22781064092253	-0.0	440.4508138321249	78.34234261470002	76.13539582896432
3.6243452555569853	6.502960765211409	106.49465418357887	23.039270006770927	53.486905111139706	46.68640510140939	-0.0	424.1620791082125	78.05123056428943	77.24997612837436
3.7630501364541633	6.425690090972741	106.17911902935968	23.039323142315084	56.26100272908326	46.17126727315161	-0.0	407.9399430766876	77.76205772432306	78.21105883661937
3.896358442899963	6.352334364339117	105.8763933827835	23.038994148506482	58.927168857999256	45.68222909559412	-0.0	391.78883992521673	77.47396261744981	79.02341756561935
4.024294704386095	6.2828703793301	105.56486440605697	23.038330933071876	61.48589408772189	45.219135862200666	-0.0	375.713959926964	77.18754877992126	79.69251398754113
4.14688528765222	6.217274115298324	105.26291620374722	23.037379585209802	63.937705753044405	44.781827435322164	-0.0	359.72114439921586	76.9022429498135	80.22470630759642
4.264158616355832	6.15551954589281	104.95495779361855	23.036183824660423	66.28317232711663	44.37013030595207	-0.0	343.81689617594577	76.61841613479974	80.62752169605196
4.376145410206297	6.097578750619286	104.65412809412429	23.03478476666965	68.52290820412593	43.98385833746191	-0.0	328.00851174293	76.3356958934772	80.91000579883001
4.482878974511132	6.043421876793119	104.34939387658062	23.033220183293786	70.65757949022263	43.62281251195413	-0.0	312.30422890608486	76.0542971325617	81.08312788336991
4.584395531056947	5.993016414945811	104.0499603834914	23.03152397729386	72.68791062113894	43.28677609963874	-0.0	296.71333849871667	75.77398689062657	81.16015531016788
4.680734603130849	5.946327027866345	103.74815989068212	23.029725261994965	74.614692062617	42.975513519108965	-0.0	281.2463805028759	75.49488031579197	81.15675462346609
4.771939471644599	5.9033152852784525	103.4503398739243	23.02784778182975	76.43878943289198	42.68876856852302	-0.0	265.91537817906635	75.21684076732001	81.0904065804203
4.858057704756822	5.863939087771367	103.15125925821027	23.02590944295992	78.16115409513645	42.42626058514245	-0.0	250.73409508562867	74.93992367314237	80.97880115371574
4.939141788788046	5.828152274144375	102.85521604248186	23.02392271027755	79.78283577576092	42.18768182762917	-0.0	235.71838141046737	74.66405956440065	80.83758691471084
5.01524989508589	5.795903273395183	102.55867374302646	23.021895493648675	81.30499790171778	41.97268848930122	-0.0	220.88647795718694	74.38926961760781	80.67866562496984
5.086446758808875	5.767134991512391	102.2645109188903	23.019832531540622	82.7289351761775	41.78089994341594	-0.0	206.25958049014292	74.11552649382395	80.50991065057765
5.152804734761445	5.741784606991607	101.97039178076419	23.017736516941163	84.0560946952289	41.61189737994405	-0.0	191.86256022055247	73.84282957942277	80.33599743478217
5.21440517520614	5.719778818199401	101.67818283840013	23.015609016716468	85.2881035041228	41.465192121329345	-0.0	177.7240914650538	73.5711766764284	80.15950952205206
5.271339797190507	5.701039411098587	101.38640047477779	23.01345094802283	86.42679594381013	41.340262740657245	-0.0	163.8786925419379	73.30055181698283	79.98181329579205
5.323712812638415	5.685471878479864	101.09619952228765	23.011262922643763	87.4742562527683	41.23647918986576	-0.0	150.36602546815737	73.0309675972982	79.8036143647159
5.371642843441566	5.672974337688877	100.80667406403894	23.009045364727523	88.43285686883131	41.15316225125918	-0.0	137.23417355184142	72.76239856902106	79.62527198481607
5.415265948801909	5.663423405206113	100.51850638798268	23.006798629187042	89.30531897603817	41.08948936804075	-0.0	124.53851221715618	72.49486484185283	79.44696806189538
5.454738280260994	5.656684488022252	100.23119098950251	23.004523011838977	90.09476560521988	41.044563253481684	-0.0	112.34606350504075	72.2283357039058	79.26879433472814
5.490240173781832	5.652594274810691	99.94506427227253	23.002218798680016	90.80480347563663	41.01729516540461	-0.0	100.73297034389348	71.96283569042674	79.09079724880493
5.521979292306995	5.650973437467372	99.65992811812062	22.999886251858506	91.43958584613989	41.006489583115815	-0.0	89.78938730453392	71.69833020154066	78.91300039229745
5.550195023961107	5.6516097915922225	99.37583520956551	22.997525636832208	92.00390047922214	41.01073194394815	-0.0	79.61421341032455	71.43484814628404	78.7354160029274
5.575161194260091	5.654263114488374	99.09284029204645	22.995137205783923	92.50322388520182	41.02842076325582	-0.0	70.31265899016805	71.17235096773575	78.55805056552364
5.597186802368792	5.658669576142161	98.81077659645041	22.992721215961872	92.94373604737582	41.05779717428108	-0.0	61.98930037381937	70.91087060716559	78.38090775866395
5.616613282154691	5.664545948402776	98.52991475744334	22.990277915518185	93.33226564309382	41.09697298935184	-0.0	54.733825377962944	70.65036561329043	78.20398980255707
5.63380644449476	5.671597466225313	98.24987585442011	22.987807556557044	93.6761288898952	41.143983108168754	-0.0	48.59978249086667	70.39087084817434	78.0272982367374
5.649141958974257	5.6795323860245395	97.97112061458512	22.985310384601764	93.98283917948513	41.19688257349693	-0.0	43.58212581601174	70.13234235833355	77.85083421717458
5.662983644933459	5.688100048553199	97.69307822687061	22.98278664754302	94.25967289866918	41.254000323688	-0.0	39.62038902173664	69.87481806899397	77.67459873863734
5.6756641803266525	5.697088414212869	97.41641371931134	22.98023658872911	94.51328360653305	41.31392276141913	-0.0	36.59254866620451	69.61825120211738	77.49859268531216
5.687468685435453	5.70633547583013	97.14036212021128	22.977660451824047	94.74937370870906	41.375569838867534	-0.0	34.33910889448508	69.36268115917412	77.32281689958961
5.698627275240393	5.7157257979510545	96.86579242917398	22.975058478288815	94.97254550480785	41.438171986340365	-0.0	32.69032990681386	69.10805958137632	77.14727218986125
5.709315725853784	5.725185811215308	96.59169918958399	22.972430907575987	95.18631451707569	41.50123874143539	-0.0	31.49413175649124	68.85442922776437	76.97195934240659
5.71966300342012	5.734668586106589	96.31918108207311	22.96977797935397	95.3932600684024	41.564457240710595	-0.0	30.624319060255477	68.6017391566383	76.79687913781872
5.729760777276688	5.7441445734228775	96.04707366199285	22.967099928763837	95.59521554553376	41.62763048948585	-0.0	29.98311623458844	68.3500302924939	76.62203232903508
5.739672601335609	5.753595978394781	95.77659494139027	22.96439699411454	95.79345202671219	41.69063985596521	-0.0	29.499340097673763	68.09925764132593	76.44741968255518
5.749441963938926	5.763011068280933	95.50641367829506	22.961669405832975	95.98883927877851	41.75340712187288	-0.0	29.121624634889592	67.84945742621817	76.27304192203692
5.7590981230257965	5.772383310666032	95.23794178799147	22.958917400835524	96.18196246051592	41.81588873777355	-0.0	28.81534708301676	67.60058633045355	76.09889980298695
5.768660700966324	5.781708625962435	94.96977962664438	22.956141205447267	96.37321401932647	41.87805750641623	-0.0	28.55687854540377	67.35267521937578	75.92499402374855
5.778142790094225	5.790984632877956	94.70323247868403	22.95334105498451	96.56285580188448	41.93989755251971	-0.0	28.33046370928692	67.10569587687448	75.75132532785746
5.7875531663204915	5.800209662383118	94.43704039134923	22.950517171217403	96.75106332640982	42.001397749220786	-0.0	28.12527340158926	66.85965966493607	75.5778943872368
5.796897675775283	5.809382955366592	94.17241287546399	22.947669787996492	96.93795351550565	42.062553035777285	-0.0	27.934386953302145	66.61455368236005	75.40470193506265
5.8061802660288455	5.818504075217281	93.90825197707657	22.944799123728206	97.1236053205769	42.123360501448545	-0.0	27.753163320191625	66.37037730506148	75.23174862226452
5.815403617174046	5.827572919092892	93.64544211594574	22.941905409485805	97.30807234348092	42.18381946061928	-0.0	27.578639740348038	66.12713454561154	75.05903516447584
5.824569600755488	5.836589433748407	93.38333397391466	22.93898886070179	97.49139201510977	42.24392955832271	-0.0	27.408749735393172	65.8848009614302	74.88656219446715
5.833679535976085	5.84555376665998	93.12235566106101	22.936049705563867	97.6735907195217	42.3036917777332	-0.0	27.24223591674197	65.64340308087883	74.71433041015366
5.842734395185445	5.854466086760411	92.86224091516033	22.933088157403272	97.8546879037089	42.36310724506941	-0.0	27.07823338837563	65.40290223730179	74.54234043024027
5.851734918505592	5.863326623263986	92.60307701244487	22.930104440601376	98.03469837011184	42.42217748842658	-0.0	26.916194890801794	65.1633345424407	74.37059293017113
5.860681695577725	5.872135633958905	92.34494936952528	22.927098766898627	98.2136339115545	42.4809042263927	-0.0	26.755768514915914	64.9246522703511	74.19908851747869
5.869575220151347	5.8808933757797766	92.08762661090329	22.924071356657713	98.39150440302694	42.53928917186518	-0.0	26.59670518648576	64.68689818639278	74.02782784402798
5.878415920861257	5.889600124885643	91.83145319720414	22.92102242012432	98.56831841722513	42.597334165904286	-0.0	26.438849285173507	64.45002068330845	73.85681150701075
5.887204182816441	5.898256172895346	91.57593876755195	22.91795217372625	98.74408365632881	42.65504115263564	-0.0	26.282111405508818	64.21406656329694	73.68604013492842
5.895940364672438	5.906861803974944	91.32168478037401	22.914860826302018	98.91880729344876	42.71241202649963	-0.0	26.12642257192087	63.978980872405444	73.5155143150846
5.904624807652074	5.915417296441943	91.06798644805616	22.911748590369644	99.09249615304148	42.76944864294629	-0.0	25.971725960489817	63.74481216049407	73.3452346531029
5.913257839475496	5.92392293462398	90.81566065081773	22.908615673254552	99.26515678950992	42.8261528974932	-0.0	25.817986884733244	63.51150322168019	73.17520172594736
5.9218397764109465	5.932379022265104	90.56376745822354	22.90546228355076	99.43679552821892	42.88252681510069	-0.0	25.66520730258806	63.27910507830379	73.00541611602183
5.930370931695987	5.940785839181589	90.31333671727279	22.902288627352224	99.60741863391974	42.938572261210595	-0.0	25.513363515031372	63.04756027782812	72.83587839153849
5.938851615830255	5.949143649340409	90.06319288105387	22.899094909053126	99.77703231660509	42.99429099560273	-0.0	25.362414995119252	62.8169200665048	72.66658911056862
5.94728212968549	5.957452759319522	89.81465257293716	22.895881333849633	99.9456425937098	43.049685062130145	-0.0	25.212384895661387	62.58712528213577	72.49754883431189
5.9556627752607305	5.965713444696727	89.56632809949114	22.892648101986413	100.1132555052146	43.10475629797818	-0.0	25.06325676662463	62.35822636831415	72.32875809678735
5.963993851276836	5.973925984330991	89.31960443839554	22.889395417307284	100.2798770255367	43.15950656220661	-0.0	24.91502189211774	62.13016990551299	72.1602174496721
5.972270488434789	5.982126790965172	89.073087579134	22.886123388876378	100.44540976869577	43.21417860643448	-0.0	24.819728204574297	61.902999123052375	71.99179731289433
5.9807119304692495	5.992826308994987	88.82814754956972	22.882839173324612	100.61423860938498	43.258541894009944	-0.0	27.51633438266417	61.67666494348131	71.71550025581017
5.991259802516727	6.011649957268242	88.58345156984785	22.879659651327042	100.82519605033454	43.19798034597168	-0.0	35.698524787022556	61.45112580914818	70.8671305714519
6.004461705180252	6.034294822331526	88.34029944965756	22.876770804948844	101.08923410360504	42.99870342202895	-0.0	43.18066490866714	61.22617545647944	69.49504411786762
6.019972648367709	6.059537316394303	88.09740957570162	22.87432496581994	101.39945296735418	42.678203560650296	-0.0	49.72717317183987	61.00168237634756	67.71562953418082
6.037422361586692	6.085524148517688	87.85598600432718	22.872431588907233	101.74844723173385	42.2590684812147	-0.0	54.830298952196515	60.77752120520435	65.67624598876617
6.05634661045647	6.11099888036473	87.61492508240244	22.871148110572914	102.1269322091294	41.77293596331357	-0.0	58.44456235841156	60.553648063129806	63.546605857326476
6.076240793953282	6.1350345134201465	87.37524777618064	22.870475424318016	102.52481587906564	41.254548705989954	-0.0	60.618540618188966	60.33001685511505	61.501619758667445
6.096605155372399	6.156537093190036	87.13601049216165	22.870359144471863	102.93210310744797	40.735359504411186	-0.0	61.2025008770258	60.10667868254314	59.70334051774483
6.116905668880876	6.175108189006078	86.89803319422083	22.87069649085932	103.33811337761752	40.24652745063728	-0.0	60.312996176820235	59.88372787847932	58.28512475342376
6.136642096933688	6.190152320178846	86.66063556120704	22.871347645063427	103.73284193867376	39.81231803568283	-0.0	57.830692135080035	59.66126933372596	57.34003231178005
6.155292593030055	6.201695326605849	86.42436165504074	22.87215005162575	104.10585186060108	39.45460457425049	-0.0	53.85323433636228	59.4394639164042	56.914555996643166
6.172382706880865	6.209507847661318	86.18878509639211	22.872933827114554	104.44765413761729	39.18802220691524	-0.0	48.169713501103054	59.21845437564613	57.007763751810025
6.187367757056581	6.214236041855319	85.95419503491895	22.873536722041013	104.74735514113162	39.026900454411134	-0.0	40.97887016403837	58.99840614201606	57.57491087097781
6.199023695133274	6.21959451365006	85.7204281565404	22.87381739362427	104.98047390266548	38.99790922306897	-0.0	35.85632660074274	58.77942652930988	58.53346870954569
6.208108342928898	6.218178524610872	85.4875365719193	22.873666847254764	105.16216685857795	39.061807112497725	-0.0	25.087573719341307	58.56166090496677	59.767717180521785
6.344908411125124	6.219659140474521	85.25553469530185	22.873020547665902	105.24636804287064	39.27046346738295	-0.0	-0.0	58.34513564174214	61.10523828265357
7.26448541436979	6.2162912926917615	85.02432834902673	22.871921672558262	105.24662808156675	39.5746436417064	-0.0	-0.0	58.12987052245873	62.125282357915346
9.055303337275845	6.206995440044399	84.79408011494336	22.870373293545196	105.24662808156675	39.95700520958467	-0.0	-0.0	57.91579007784148	63.51339859767137
11.70864793457704	6.194644434214291	84.564514696894	22.8682389672362	105.24662808156675	40.417405343872375	-0.0	-0.0	57.7030397230224	65.28376138633125
15.211588091672908	6.18072001544326	84.33600041326584	22.86541312357697	105.24662808156675	40.94258204761125	-0.0	-0.0	57.491677192071805	67.32058043565104
19.5470521772961	6.166473910684114	84.10805276585803	22.861830655636016	105.24662808156675	41.51240263420624	-0.0	-0.0	57.28180287034279	69.49203092019906
24.693911242345045	6.153362919088338	83.88129549552804	22.857471084872024	105.24662808156675	42.10268604386057	-0.0	-0.0	57.073442783057466	71.65671014672364
30.62708199216328	6.143128615470504	83.6549368918545	22.852360544474674	105.24662808156675	42.6868200388971	-0.0	-0.0	56.86657241371123	73.67066183145843
37.317649030313106	6.137326333726175	83.42985387468651	22.846571395490606	105.24662808156675	43.23482635308938	-0.0	-0.0	56.66109389726277	75.39472272697914
44.73300577822841	6.1373259445839885	83.20511778610316	22.84021944971966	105.24662808156675	43.7161986538347	-0.0	-0.0	56.4569471377176	76.70191813150927
52.83701338383682	6.144253344081592	82.98163273537418	22.83345882667584	105.24662808156675	44.10316557308384	-0.0	-0.0	56.2539613412761	77.48459105832721
61.59017684480508	6.158709259118421	82.75855515883876	22.8264745743678	105.24662808156675	44.37272409097798	-0.0	-0.0	56.05199373278654	77.6609032078967
70.94983748803944	6.177586188968439	82.53662153128593	22.819467169871405	105.24662808156675	44.51724125978959	-0.0	-0.0	55.85082721096973	77.28334455547461
80.8703808673394	6.191609653755398	82.31518789922207	22.81253544209614	105.24662808156675	44.61073102503599	-0.0	-0.0	55.650357590197835	76.84120445197475
90.30247520411848	6.205313480887465	88.8580731424531	22.805693427062913	104.09108882034205	44.7020898725831	360.54983781702737	-0.0	55.635386691838484	76.40185671421793
97.2085980348073	6.219687564026411	89.97809431497296	22.799209497801765	100.10669684773028	44.797917093509405	806.6878794088144	-0.0	57.212292813075315	75.96669657486208
101.39663761267265	6.234871335496103	91.02128690383448	22.7936601333735	94.02989617693045	44.899142236640685	966.3237365373135	-0.0	60.299029603929	75.5387280928472
104.14718386339227	6.2508797564547685	94.13653377971352	22.789322001528113	87.60502618325964	45.00586504303179	949.1883414428814	-0.0	63.67597619919775	75.1193648879364
106.03958255532613	6.26769484811899	97.17178178107012	22.786200560296436	81.44860835597868	45.1179656541266	893.3655856831743	-0.0	66.9247474763458	74.7085901306525
107.32776621259116	6.285280725619521	99.93203919268922	22.784231403543487	75.74046305874823	45.23520483746348	815.852579692664	-0.0	69.93283511986917	74.30602055898983
108.26748997413533	6.303588366248954	102.40941791126257	22.783320606047166	70.5955872324199	45.35725577499303	726.1036328641724	-0.0	72.6260118753052	73.91111999421025
109.06996231001108	6.322558907241373	104.59389499406342	22.783356709796855	66.05900139989055	45.48372604827582	634.7015506797579	-0.0	74.97027655844802	73.5232630676478
109.86967906994676	6.342126848703719	106.49084978395294	22.784223715471864	62.11221156844873	45.61417899135813	551.4477633823928	-0.0	76.96954287252699	73.14180388351875
110.70529274956998	6.362223379820681	108.15463148709522	22.785812250411098	58.68482766739804	45.748155865471205	479.1236934474526	-0.0	78.65746975572358	72.76613474527568
111.5541354483349	6.382779740311883	109.57984607197916	22.788027340049283	55.68861218165874	45.88519826874589	421.52822428873816	-0.0	80.0852584035265	72.3957267400507
112.36092344836268	6.403730358263325	110.78910040999594	22.790791360478718	53.036986953887585	46.024869055088836	376.1171007186552	-0.0	81.30487823706852	72.03014481178892
113.08427471620533	6.425015397212364	111.81610300614595	22.79404205835052	50.66581943818151	46.16676931474909	337.83939069525917	-0.0	82.35658741995884	71.66903686473086
113.71485553238472	6.446582338089214	112.6962915240336	22.797727874237193	48.535829098062955	46.31054892059476	302.77179649300365	-0.0	83.26553944232663	71.31210877612247
114.26723285810318	6.468386368810878	113.43816191096288	22.801803701250602	46.62375358921875	46.45590912540585	273.15999934585557	-0.0	84.0469834491455	70.95910183144437
114.74489384152342	6.49038964604772	114.09082239859357	22.806228843953768	44.90558679727939	46.60259764031813	242.62405046426514	-0.0	84.71323096571388	70.6097818295021
115.15684064750874	6.512559818986837	114.62754678961863	22.810966691677944	43.36303157137312	46.75039879324558	218.25775406640173	-0.0	85.27672341737211	70.2639372411187
115.49923783418473	6.534868392632072	115.0713908197904	22.81598464711205	41.975953290761204	46.89912261754715	196.23004687226108	-0.0	85.7489756343762	69.92137871442812
115.77610091027917	6.557289445931871	115.42870723989597	22.821253547453498	40.72988483375696	47.048596306212474	176.82033348709598	-0.0	86.13911470850755	69.581935918734
115.9943796271347	6.579798945634842	115.70520445825011	22.8267468818248	39.61346551167703	47.19865963756561	161.32502967491976	-0.0	86.45418507701571	69.24545333685514
116.15494200784441	6.602374573560289	115.92234692760853	22.832440312560166	38.61505139428515	47.34916382373526	144.68433647506342	-0.0	86.70038289174269	68.91178767538138
116.26042323790327	6.6249957856724695	116.08239986318208	22.838311501665192	37.72524100432964	47.49997190448313	126.5784488959606	-0.0	86.88349835813943	68.58080688985261
116.31154899274563	6.647643821767346	116.18286240221185	22.844339971392742	36.93542817754797	47.65095881178231	107.61873976236544	-0.0	87.00900305825171	68.25238939388328
116.28752046411829	6.67030153538349	116.34805035942631	22.85050683170417	36.231686681996486	47.80201023588993	-0.0	-0.0	87.08026428202822	67.92642257224394
116.29360054289415	6.692953090274533	116.21315173105923	22.856793827873545	35.6395042283597	47.95302060183022	85.09049926486166	-0.0	87.09894542470211	67.60279773422675
116.1951213342346	6.715583659677266	116.13586716477124	22.863184657702966	35.11236807635635	48.10389106451511	73.0265379961438	-0.0	87.07511109524809	67.28141701684476
116.02052314357667	6.738179234577939	115.9545144343221	22.86966518990045	34.654654429725994	48.2545282305196	77.07648041335621	-0.0	87.01197440861914	66.96219445932033
115.85806699860784	6.760726511677526	115.7460812741192	22.876223806553565	34.288291446958944	48.404843411183506	100.39280454284061	-0.0	86.90944148871668	66.6450577472095
115.77776441126672	6.783212630228829	115.70946694563271	22.882838345997442	34.029828456407	48.554750868192194	78.40135143644098	-0.0	86.72959413358981	66.3298795634929
115.51056687590133	6.805625747527373	115.50909037894866	22.889492126695952	33.79923820626542	48.70417165018249	11.527563738314086	-0.0	86.53046201517468	66.01656210511204
115.12868391470427	6.827954901333032	115.1366938065412	22.896181603344804	33.615869113880365	48.85303267555355	-0.0	-0.0	86.31926171117915	65.70507699742237
114.64617347696095	6.850189029444577	114.81991701875901	22.902896607290458	33.51888377810328	49.00126019629718	-0.0	-0.0	86.06198541765609	65.39536121507952
113.49444223070586	6.872318132467931	114.65714424452327	22.909618738552116	33.51888377810328	49.148787549786206	-0.0	-0.0	85.74327701130576	65.08730886990665
111.27625551959672	6.894338181286258	114.19088509282248	22.916332479628238	33.51888377810328	49.29558787524172	-0.0	-0.0	85.41557489943298	64.7808298118375
108.03480212366448	6.916233056110821	113.93816944100084	22.92304295138335	33.51888377810328	49.441553707405475	-0.0	-0.0	85.09683219970958	64.47594267594607
103.83319414118334	6.937988940279225	113.54725936558995	22.92974549347718	33.51888377810328	49.58659293519484	-0.0	-0.0	84.7710883631522	64.17261462722735
98.75323817662517	6.95961503984969	113.24057193531992	22.936443707136554	33.51888377810328	49.73076693233127	-0.0	-0.0	84.4548086274445	63.870856398224824
92.89384254083309	6.9811070392282035	112.89540150497136	22.943134446993138	33.51888377810328	49.87404692818802	-0.0	-0.0	84.13163462219848	63.57064322191606
86.36909147565453	7.002462425935658	112.55889327889872	22.94982004041186	33.51888377810328	50.016416172904385	-0.0	-0.0	83.8173847826612	63.27197921728501
79.30602389855866	7.023688871227919	112.23987130768964	22.95649841912937	33.51888377810328	50.15792580818613	-0.0	-0.0	83.49705026373995	62.97484538078899
71.84215991566838	7.04478222225789	111.88921315064702	22.96317101528921	33.51888377810328	50.29854814838593	-0.0	-0.0	83.18462821495785	62.67924120879243
64.12282326287057	7.065743275663435	111.58386047807517	22.969836509460595	33.51888377810328	50.4382885044229	-0.0	-0.0	82.86722210315902	62.38515173278386
56.2983118077849	7.0865766974913695	111.2288339396624	22.976495721277683	33.51888377810328	50.577177983275796	-0.0	-0.0	82.55656412586504	62.09257331318777
48.520971203920006	7.107279171094418	110.92954970748582	22.983147837980393	33.51888377810328	50.71519447396279	-0.0	-0.0	82.24207180620523	61.80149374084711
40.94222867371673	7.127852942230535	110.57589457790752	22.9897932724191	33.51888377810328	50.85235294820357	-0.0	-0.0	81.93319121690688	61.51190732208123
33.70964467385773	7.148300450932298	110.27835206180669	22.996431544623338	33.51888377810328	50.98866967288198	-0.0	-0.0	81.6215429596454	61.22380369056053
26.96403984753572	7.16861961103112	109.92918098557182	23.003045632640116	33.51888377810328	51.12413074020747	-0.0	-0.0	81.31449686317241	61.211211146885226
20.83675320313217	7.188813029405997	109.63118014160113	23.009403801074146	33.51888377810328	51.258753529373315	-0.0	-0.0	81.00577483411843	62.100185697393705
15.447084903131225	7.2088817646885754	109.28792366016278	23.01530249326237	33.51888377810328	51.392545097923836	-0.0	-0.0	80.70117691601281	63.385886383223806
10.899973453154947	7.228824891867133	108.98856925023189	23.020640772564708	33.51888377810328	51.52549927911422	-0.0	-0.0	80.39598757675569	64.9195635413185
7.282174119354824	7.2498789967363	108.65162921439538	23.02535283592076	33.50968073251745	51.665859978242004	-0.0	-0.0	80.09440103593204	66.6176419911635
4.863257334079131	7.11188769272352	108.35079041681385	23.029397370252262	35.23662918560119	50.745917951490135	-0.0	374.885845845471	79.79293310807273	68.40935507450065
3.404890697808701	6.972694943823153	108.02000379997916	23.032756288645267	38.111114812941864	49.81796629215435	-0.0	472.2158038184483	79.49458315860413	70.2203927771479
3.018005829997083	6.853790902069117	107.71796051538638	23.035437680045817	41.36011659994166	49.02527268046078	-0.0	489.6290095618336	79.1968304175532	71.96329819139575
3.1784365398751917	6.75654547156314	107.39287255786073	23.03747910988697	44.56873079750383	48.37696981042093	-0.0	472.89724912553334	78.90174329119428	73.55446257946338
3.3333525087912466	6.667090272975767	107.0901077148088	23.038934095049626	47.667050175824926	47.78060181983845	-0.0	456.46315323532144	78.60751735746784	74.98074202294785
3.4828050113232067	6.582003589336234	106.77015059043592	23.039856158265156	50.65610022646413	47.213357262241566	-0.0	440.1135207259762	78.31554358792509	76.24564330876413
3.626817603695864	6.5009116941177485	106.46718265670712	23.040297758015235	53.53635207391728	46.67274462745166	-0.0	423.82883414341666	78.02457811765021	77.35300688911742
3.7654120776318076	6.423758213641309	106.15178116751795	23.040309877993955	56.30824155263615	46.15838809094206	-0.0	407.6108849142695	77.73553683541215	78.30709415936236
3.8986114049499507	6.350518469222479	105.84911461797579	23.03994214968867	58.97222809899901	45.67012312814986	-0.0	391.46416377113377	77.44758268494313	79.11270669882954
4.026440179634788	6.28116891743668	105.53775171001037	23.039242391344985	61.528803592695745	45.2077927829112	-0.0	375.3938546548388	77.16129538888369	79.77534205095435
4.14892483317532	6.215685514648518	105.23583399770402	23.03825659286377	63.97849666350639	44.771236764323454	-0.0	359.40581880664496	76.87612502573995	80.30140474452296
4.266093866332483	6.154042365131852	104.92806248417165	23.037028355084637	66.32187732664966	44.36028243421235	-0.0	343.50659553342	76.59242041430582	80.69848164285874
4.377978080625594	6.0962112702188636	104.62724492470068	23.03559865401765	68.55956161251187	43.97474180145909	-0.0	327.7034854095686	76.30983053876542	80.97569423689929
4.484610869200656	6.042162383093642	104.3227017565533	23.034005094245266	70.69221738401313	43.61441588729095	-0.0	312.00475896741005	76.02855056410607	81.1441043224629
4.586028555885237	5.99186315623462	104.02328588182215	23.032281379331195	72.72057111770475	43.279087708230804	-0.0	296.4197404388521	75.74836574023227	81.21708187050415
4.682270772175075	5.945278052834951	103.72167401130723	23.030456391203376	74.64541544350149	42.96852035223301	-0.0	280.95899174299836	75.46937515237305	81.21038458640976
4.773380917567423	5.90236875100461	103.42387078412251	23.02855361993359	76.46761835134846	42.682458340030735	-0.0	265.6345978780327	75.19145719076842	81.14153277466401
4.859406700066158	5.863092893409953	103.12497113037506	23.026590719742813	78.18813400132316	42.42061928939969	-0.0	250.4603503231344	74.91465442724747	81.0281636324279
4.9404007599542386	5.827403915268444	102.8289407726315	23.024579935516936	79.80801519908478	42.18269276845629	-0.0	235.4521123437584	74.63890936945731	80.88578035325364
5.016421427561652	5.795250698634746	102.53258341139242	23.022529013925904	81.32842855123303	41.968337990898306	-0.0	220.62826075112943	74.36423226430352	80.72610078074135
5.087533623163775	5.766576188959575	102.23845279186209	23.020442585950164	82.7506724632755	41.77717459306383	-0.0	206.01009771911052	74.09060561512906	80.55683818676837
5.15380995590436	5.741315598284758	101.94449779884927	23.01832328315949	84.07619911808719	41.60877065523172	-0.0	191.62229162802242	73.81802106990901	80.38255778752894
5.215331955035199	5.719398144715797	101.65233113181237	23.016172637330946	85.30663910070399	41.46265429810531	-0.0	177.49404737916518	73.54648305679505	80.20577711559548
5.272191672872309	5.700742991547627	101.36069041641231	23.01399154856542	86.44383345744617	41.33828661031752	-0.0	163.65957783523504	73.27597060324226	80.02782682842681
5.324493614163284	5.68525605669345	101.07053224465895	23.011780618363613	87.48987228326568	41.23504037795633	-0.0	150.15875817991886	73.00649972719125	79.8493937343365
5.37235672795873	5.672835909110257	100.7811567617439	23.00954026692027	88.44713455917459	41.15223939406838	-0.0	137.03995337845998	72.73804179824037	79.67082759390404
5.415917426707898	5.663359667957522	100.49304656446085	23.007270845510366	89.31834853415795	41.08906445305015	-0.0	124.35891635946943	72.47061995277326	79.49230555698092
5.455332431253001	5.656688976874628	100.2058579543413	23.00497264924012	90.10664862506	41.04459317916419	-0.0	112.18192412929865	72.20420171705345	79.31391700997804
5.4907823920158085	5.652663990241557	99.9197985227223	23.002645962241456	90.81564784031617	41.01775993494371	-0.0	100.58628081954946	71.9388119019822	79.13570721433412
5.522475630227663	5.651101747965888	99.63477052155324	23.000291046812645	91.44951260455326	41.00734498643926	-0.0	89.66120877301994	71.67441751249817	78.95769918808475
5.550652032076126	5.651790160538583	99.35076668985451	22.997908166827024	92.01304064152252	41.01193440359056	-0.0	79.50555344693589	71.41104325397353	78.77990487630792
5.575585614902404	5.654493117108198	99.06786440585148	22.995497574937517	92.51171229804808	41.029954114054654	-0.0	70.22619801656748	71.14865698868981	78.60233062643876
5.597586016323086	5.658941866437707	98.78591674619896	22.99305952689824	92.95172032646171	41.059612442918045	-0.0	61.92528265711691	70.88728232270708	78.42498004046351
5.616994799265323	5.664853789672146	98.50511664171806	22.99059427123824	93.33989598530647	41.09902526448098	-0.0	54.69174435348021	70.62688821742414	78.24785530558096
5.634177709874864	5.67193362207781	98.22521355206439	22.98810205883196	93.68355419749727	41.1462241471854	-0.0	48.577201573208335	70.36749747327666	78.07095793684861
5.6495093659369084	5.679896202275365	97.9464924691719	22.985583135382445	93.99018731873817	41.1993080151691	-0.0	43.57955106645223	70.10907992243922	77.8942890814138
5.663353018426064	5.688487944657726	97.66861786495538	22.983037747785183	94.26706036852127	41.25658629771817	-0.0	39.63499576736257	69.85165769311702	77.71784972307094
5.676040304995599	5.697497239575656	97.39195927160928	22.98046613920347	94.52080609991198	41.316648263837706	-0.0	36.62046437790675	69.59520108226695	77.54164074129686
5.687855518956612	5.706760082414044	97.11610011052103	22.97786855285977	94.75711037913223	41.378400549426956	-0.0	34.37346674528903	69.3397320543235	77.36566297340707
5.699026990541851	5.716168258758225	96.84149771197322	22.975245229420302	94.98053981083702	41.441121725054835	-0.0	32.73116654693779	69.08522062339415	77.18991722118008
5.709729980215892	5.725645503833583	96.5676308700727	22.97259640844131	95.19459960431783	41.50430335889055	-0.0	31.539185565034717	68.8316892660172	77.0144042692708
5.7200927718402905	5.73514558536476	96.29506584565252	22.96992232834582	95.4018554368058	41.56763723576507	-0.0	30.672476999410495	68.57910813253591	76.83912488961913
5.730206717516076	5.744638187882382	96.02317531836589	22.967223224975694	95.60413435032152	41.630921252549214	-0.0	30.03276374052385	68.32749960638041	76.66407983702415
5.740135104300837	5.754105493149742	95.75263857665894	22.96449933446218	95.80270208601674	41.69403662099828	-0.0	29.549099868804756	68.0768331237624	76.48926986491108
5.749921118902193	5.763536757106704	95.48271630956603	22.961750889002627	95.99842237804384	41.75691171404469	-0.0	29.171516720629185	67.82713153467566	76.31469570395645
5.759593943409312	5.772925223078942	95.2141760847839	22.958978122659776	96.19187886818624	41.819501487192944	-0.0	28.865290217696646	67.57836622969769	76.1403580927586
5.769173152336962	5.782266700088274	94.946219451664	22.956181263702728	96.38346304673924	41.8817780005885	-0.0	28.606760292927625	67.3305554935315	75.9662577379596
5.778671823128735	5.791558665692177	94.67965360511914	22.953360544348385	96.57343646257469	41.94372443794785	-0.0	28.380057438545293	67.08367655259795	75.7923953654507
5.788098688767714	5.800799626347663	94.41364803981428	22.950516189069535	96.76197377535428	42.005330842317754	-0.0	28.1746091143575	66.83774250240226	75.61877165894461
5.797459595658906	5.8099887469087355	94.14903517148875	22.947648427962385	96.94919191317811	42.066591646058235	-0.0	27.98342282699409	66.59273485160193	75.44538733032816
5.806758483397787	5.819125620297574	93.8849994863005	22.94475748201362	97.13516966795574	42.12750413531716	-0.0	27.80190742083497	66.3486612042506	75.27224304210552
5.815998034333979	5.828210116615028	93.6222748048148	22.941843579193428	97.31996068667956	42.18806744410019	-0.0	27.627072638366677	66.1055133446038	75.09933949194608
5.825180116942474	5.837242202583361	93.36024020598096	22.938906936880294	97.50360233884948	42.248281350555736	-0.0	27.456881697589292	65.86328315630334	74.92667732088309
5.834306051527658	5.8462220254210076	93.09936369821796	22.935947780759914	97.68612103055315	42.308146836140054	-0.0	27.29007820315517	65.6219797494078	74.75425721187042
5.843376812004576	5.855149749024306	92.83929473560796	22.932966325438887	97.86753624009151	42.367664993495374	-0.0	27.12579148583724	65.38158145734006	74.58207978852343
5.852393139962389	5.864025598448427	92.58027348819438	22.929962793549663	98.04786279924778	42.42683732298951	-0.0	26.963468904748265	65.14210683868369	74.41014571533651
5.861355627840145	5.8728498203474935	92.32219748024983	22.926937397269572	98.2271125568029	42.48566546898329	-0.0	26.80274298853177	64.90352413123487	74.23845560044813
5.870264767368685	5.881622692977348	92.06496659867275	22.923890355966346	98.4052953473737	42.54415128651565	-0.0	26.64339224913807	64.66586523052185	74.06701008856032
5.879120987437288	5.890344497111527	91.80885184856582	22.920821879964976	98.58241974874575	42.60229664741018	-0.0	26.48526674662611	64.42908600873803	73.89580977547381
5.887924676016308	5.899015510602549	91.55344434671349	22.917732184880098	98.75849352032616	42.66010340401699	-0.0	26.32825785425385	64.19322624277018	73.72485528375844
5.8966761941110875	5.907636004919907	91.29927621981697	22.914621479323102	98.93352388222173	42.71757336613272	-0.0	26.172278761147982	63.958235936733004	73.55414719783559
5.905375880798355	5.916206280114822	91.04565528099259	22.911489975224402	99.1075176159671	42.774708534098814	-0.0	26.017301114434474	63.72416175194296	73.38368611839809
5.91402406329669	5.924726629863549	90.79339920749618	22.90833787973039	99.28048126593379	42.83151086575699	-0.0	25.863302388300262	63.490948221579195	73.21347261963113
5.922621061275918	5.93319733705395	90.54156978197214	22.90516540072225	99.45242122551835	42.887982247026336	-0.0	25.710255466000195	63.25864406788913	73.04350727867143
5.931167189070642	5.941618678797527	90.29125951880772	22.901972744329537	99.62334378141284	42.944124525316845	-0.0	25.558131933501848	63.0271920183009	72.87379066195354
5.939662754760205	5.949990941591399	90.04117590370873	22.89876011401881	99.79325509520409	42.99993961060933	-0.0	25.40692183145472	62.79664539454593	72.70432332126217
5.948108062331733	5.958314413299744	89.79273072585002	22.895527714999893	99.96216124663465	43.0554294219983	-0.0	25.25662161692857	62.56694337755218	72.53510581596342
5.956503413682378	5.966589375311007	89.5444676458118	22.892275746601666	100.13006827364755	43.11059583540671	-0.0	25.107222104194058	62.338136102009166	72.3661386736236
5.964849105673242	5.974816123995151	89.29787607792196	22.889004413187703	100.29698211346482	43.16544082663434	-0.0	24.95873885274071	62.11017176576318	72.19742244676553
5.973145646752295	5.982994312683801	89.05136180288572	22.88571395400413	100.46291293504589	43.219962084558674	-0.0	24.810111259709014	61.88309284962672	72.02901946723918
5.981611639250879	5.994050249664269	88.80656733431654	22.882411790139034	100.63223278501756	43.264181276286706	-0.0	27.882129596515814	61.65684816468944	71.74238504465585
5.992249697985119	6.0129563985893855	88.56190704856195	22.879219418519426	100.84499395970236	43.199817108747105	-0.0	35.97455750619693	61.43139503344938	70.88023604166538
6.005528900768284	6.035660609809957	88.31885785448664	22.87632172731637	101.11057801536568	42.997061571703746	-0.0	43.39621890331669	61.20652953461685	69.4975067348992
6.021107704661366	6.060930500754079	88.07602658461332	22.87386994610989	101.42215409322732	42.67362746654153	-0.0	49.88912462445639	60.98211532509233	67.71116897776739
6.038611135813822	6.086966232805414	87.83468877703073	22.871972213287382	101.77222271627643	42.252627075760486	-0.0	54.97448100686835	60.75803198731761	65.66918328816155
6.057578707944192	6.112445172064585	87.59370579695786	22.870684515526005	102.15157415888382	41.765347102382464	-0.0	58.55897888048068	60.534231879821625	63.54144962737758
6.077504402981055	6.136452082195376	87.35409879855355	22.870006313466934	102.55008805962109	41.246593461334705	-0.0	60.69785787731778	60.3106782297061	61.502597783011716
6.097889061687879	6.1578882023546635	87.1149578715635	22.869881950635538	102.95778123375757	40.727711159739975	-0.0	61.23680504136399	60.087419396741645	59.713972531626624
6.118196562050002	6.1763948262401405	86.87702442842118	22.8702076650651	103.36393124100005	40.23997162973148	-0.0	60.31079100694698	59.86455077672208	58.307895416922726
6.137927086106075	6.191377912212937	86.63973709825667	22.870843026736527	103.75854172212149	39.80750023576126	-0.0	57.798586761952215	59.64217473042834	57.37620005027594
6.1565583422037236	6.202873141513143	86.40350471474987	22.871625279677524	104.13116684407447	39.45207871124689	-0.0	53.802183569430575	59.420459582553185	56.96410874942578
6.173598238811836	6.210776676979971	86.16804231410367	22.872384741744717	104.47196477623672	39.18890955935087	-0.0	48.20427766815319	59.199538886660875	57.069506291094314
6.188584564691123	6.215128009162047	85.93348024486417	22.872959722371455	104.77169129382244	39.02881179702272	-0.0	40.730397486800534	58.97959086041736	57.646642795140544
6.200162322701721	6.220559286996987	85.69983745948922	22.873209731453194	105.00324645403441	39.00347282388483	-0.0	35.704485270818665	58.760706349150404	58.61218184027635
6.209201370250547	6.217210016611317	85.46696170888276	22.873026899977766	105.18402740501092	39.0598701111557	-0.0	22.372760168297404	58.54304580070087	59.84939535452014
6.356318395657089	6.223471942638833	85.23511501659422	22.87234763955763	105.2285447184159	39.29846639406728	-0.0	-0.0	58.32661381849868	61.19248918151735
7.297572479035004	6.218614916900083	85.00389347326434	22.87123101225548	105.2285447184159	39.59739514442024	-0.0	-0.0	58.11143845047046	62.15745302658048
9.109763134511299	6.209199338109166	84.77381168636035	22.869664411808284	105.2285447184159	39.98189124391507	-0.0	-0.0	57.89743679219974	63.556092543560915
11.784058623808564	6.196725525887616	84.54421309918305	22.8675088916885	105.2285447184159	40.44396683973211	-0.0	-0.0	57.68478169267896	65.33428920583098
15.3074257278463	6.182746573222256	84.31587561989653	22.864659835974756	105.2285447184159	40.97062510403343	-0.0	-0.0	57.47351121033147	67.37579404985254
19.66269326432071	6.1685061532627	84.08792949430696	22.861053215870623	105.2285447184159	41.54154494082652	-0.0	-0.0	57.263740378449576	69.54847727475737
24.828635771720705	6.155505794953267	83.86128683447095	22.856669706267986	105.2285447184159	42.13269603892901	-0.0	-0.0	57.055449031483825	71.71080113239057
30.78007695194256	6.145372217040413	83.63495911843684	22.851536600326867	105.2285447184159	42.71665956282799	-0.0	-0.0	56.84866471270481	73.71885449929061
37.488012367335095	6.139713172637297	83.40997774417608	22.84572738004317	105.2285447184159	43.26373596842594	-0.0	-0.0	56.64327202395241	75.43370352593428
44.91975079428584	6.139893474459792	83.18528997550342	22.83935887191721	105.2285447184159	43.743428813832054	-0.0	-0.0	56.43921225819075	76.72878375637343
53.039073544360015	6.147021256598043	82.96189018265945	22.832586049386133	105.2285447184159	44.12799083359394	-0.0	-0.0	56.23630392495848	77.49701756337663
61.806410976652124	6.161688479717141	82.73887043258767	22.82559459964185	105.2285447184159	44.394598902107326	-0.0	-0.0	56.034409772645006	77.657293891724
71.17903534098849	6.1805027588921755	82.51701619752014	22.81858451385713	105.2285447184159	44.53668505928117	-0.0	-0.0	55.83331158850462	77.27248905239541
81.11126901229427	6.19448761693349	82.29564422756667	22.811650623267084	105.2285447184159	44.62991744622327	-0.0	-0.0	55.63290898177746	76.83039458919507
90.49779208429486	6.208205422319534	88.95637196549539	22.804808033287475	104.0120346371287	44.72136948213023	372.46182447594794	-0.0	55.63684539232243	76.3911006007387
97.32428313679553	6.222599004154096	89.95226021432488	22.79833655523111	99.95419770682162	44.817326694360645	814.5440829214575	-0.0	57.26432355130675	75.95606233257759
101.46083086079443	6.237802349731718	91.07245145118985	22.792811630528675	93.85222014133616	44.91868233154479	966.9302699080282	-0.0	60.3702248524393	75.52827798852378
104.18513881666975	6.253829557679364	94.20039286537447	22.788500020187286	87.43121165494432	45.02553038452909	947.9594588465137	-0.0	63.74588321081784	75.10910886766317
106.05876505585823	6.270662309437548	97.22801858993765	22.78540383325049	81.28508441777815	45.137748729583656	891.4971575573601	-0.0	66.98931337594726	74.6985205205898
107.33485434054462	6.288264468587301	99.98153159120102	22.783457745426336	75.59086435147339	45.255096457248676	813.510324114528	-0.0	69.98976754053174	74.29612490702009
108.26876077425456	6.306586812041907	102.45130211449546	22.782567230000357	70.46194096816319	45.37724541361271	723.5822547425544	-0.0	72.67397324992989	73.90138275686745
109.07031050465423	6.3255703339704485	104.62589471574964	22.782620566188157	65.94173722958232	45.50380222646966	632.4534931529854	-0.0	75.00897757901825	73.51366740445242
109.87045035986591	6.345149458020747	106.51878796986077	22.783501811305392	62.00952224776123	45.63432972013831	549.226378736913	-0.0	76.99949241394987	73.13233334040707
110.70789845717474	6.365255369888186	108.17077435284868	22.78510189165707	58.59525788839359	45.76836913258791	477.8505722392146	-0.0	78.67992415281975	72.7567745244037
111.5564846520147	6.385819378929686	109.58956740013511	22.787326278964674	55.609275171425445	45.90546252619791	420.7404813767786	-0.0	80.10161172467356	72.38646446413571
112.35981671969171	6.406776047546203	110.80312068523513	22.790097796202208	52.96502046131794	46.04517365030802	374.302876159257	-0.0	81.31636520142476	72.02097051423904
113.0816111615166	6.428065719793123	111.82112200613057	22.793354535024736	50.601106452066894	46.18710479862082	336.8145246047795	-0.0	82.36407974204312	71.65994244200954
113.7090077704784	6.449636076800805	112.702461451457	22.797045154157118	48.476804103729734	46.330907178672035	300.9803460558939	-0.0	83.26952775522214	71.30308731212483
114.25945707762543	6.471442497557991	113.44122710819826	22.801124680123475	46.57023397999661	46.47628331705327	271.3681949832088	-0.0	84.04781392268453	70.95014714658532
114.73683113946248	6.4934472977934155	114.08403135724994	22.80555252660407	44.857578027695084	46.622981985289435	242.38807808786427	-0.0	84.7112335133658	70.60088834942295
115.14825884602877	6.515618243598305	114.61254282191086	22.810292192462917	43.31986151428816	46.77078829065537	219.5778726798565	-0.0	85.2722239884373	70.25509999570009
115.48934710127094	6.537926918822631	115.05238863442068	22.815311181570998	41.9368474881523	46.919512792150876	198.30850212868617	-0.0	85.74225127083807	69.91259329074609
115.76480157607213	6.560347456764657	115.40712123630563	22.82058041172998	40.694405216041076	47.06898304509772	179.4191477490217	-0.0	86.1303768538148	69.57319835010003
115.97598464765103	6.582855868934973	115.70567834508388	22.82607343494555	39.5793576917614	47.219039126233156	155.97296955255894	-0.0	86.44360708161061	69.23676000747409
116.13462771302605	6.605429881756324	115.92303445271892	22.83176596909887	38.583810942493564	47.36953254504216	137.99780225656247	-0.0	86.68812864951096	68.9031352800164
116.24104383282553	6.628048997305673	116.07208010667206	22.837635728116172	37.69752178890487	47.52032664870449	123.31559250075304	-0.0	86.86971735373993	68.57219241315815
116.2938402557109	6.650694499326604	116.16038377975808	22.84366228310634	36.911199111403825	47.67129666217736	109.59508581936677	-0.0	86.99381665118422	68.24381009279517
116.29123444739574	6.673349278732004	116.18467707887672	22.84982694573387	36.21675301755631	47.82232852488003	97.9293784658711	-0.0	87.065590705925	67.91787677833157
116.2529861393056	6.695997528480682	116.17715198088888	22.856112231986174	35.61370971412875	47.97331685653788	82.61400763493617	-0.0	87.08556029051303	67.59428783287721
116.17754602450356	6.718624444641271	116.11728143914888	22.862500744898377	35.095910380506	48.124162964275136	73.64653883191386	-0.0	87.0565391121132	67.27293962789302
116.08633833821825	6.741216037906942	115.91710769082245	22.868977012179098	34.66488245276258	48.27477358604628	123.41295825650815	-0.0	86.98419531578419	66.95373918493677
115.93638566978971	6.763759062316274	115.9103348961112	22.875524763888002	34.30409516447329	48.42506041544183	48.42075620089802	-0.0	86.86070469286017	66.63658981401036
115.7134723180857	6.786240990861887	115.68578664222083	22.882129698210065	34.006497259994035	48.57493993907925	49.91703945386387	-0.0	86.7066165396051	66.32140568854273
115.40904141898487	6.808649961358626	115.4205163095487	22.888782390910897	33.76734099195602	48.724333075724175	-0.0	-0.0	86.52378656647868	66.00812702091864
115.11126420383754	6.83097466708361	115.13039923117535	22.895470478262265	33.610048372549464	48.87316444722407	-0.0	-0.0	86.2976692389865	65.69667889451381
114.6720124890474	6.8532039861002385	114.74830840794291	22.902178670200833	33.530734964081944	49.021359907334926	-0.0	-0.0	86.02848093225815	65.38697143619264
113.49282926893711	6.875327175745289	114.64576556192112	22.908892529313196	33.530734964081944	49.16884783830193	-0.0	-0.0	85.70804225831914	65.07891971453908
111.24763156343106	6.897333861980383	114.13175427036417	22.915597390000688	33.530734964081944	49.31555907986922	-0.0	-0.0	85.38092046464912	64.77243808572567
107.98013406495679	6.919209737507557	113.91692252959007	22.922299514544992	33.530734964081944	49.46139825005038	-0.0	-0.0	85.06208806926392	64.46755119070708
103.75395595850839	6.940949690887106	113.49677861810306	22.92899333576215	33.530734964081944	49.606331272580704	-0.0	-0.0	84.73653249673258	64.16422142043525
98.65138223644881	6.962557758829684	113.21272954068871	22.93568322852605	33.530734964081944	49.75038505886456	-0.0	-0.0	84.42046475953369	63.86246357850054
92.77176158435272	6.984030792338046	112.85079273123029	22.942365391575507	33.530734964081944	49.89353861558697	-0.0	-0.0	84.0972593451612	63.56224944370492
86.22957203136978	7.005369810371454	112.52680574680228	22.949042704036568	33.530734964081944	50.0357987358097	-0.0	-0.0	83.78337240786094	63.26358603893369
79.15219202771301	7.026578033248971	112.19913870280604	22.95571263551425	33.530734964081944	50.177186888326474	-0.0	-0.0	83.46290619266432	62.96645192587616
71.67742034686879	7.047653423689469	111.85454608105805	22.962377001908983	33.530734964081944	50.317689491263124	-0.0	-0.0	83.15090405268019	62.6708486208269
63.95079310096625	7.068597972075562	111.54562022159361	22.969034166413135	33.530734964081944	50.45731981383708	-0.0	-0.0	82.83333832821472	62.37675948230293
56.12275010773164	7.089413431120504	111.19272616717794	22.975685208465727	33.530734964081944	50.59608954080336	-0.0	-0.0	82.52310266478025	62.08418223830117
48.34570578080345	7.110098686971878	110.89286563501162	22.982329103408482	33.530734964081944	50.73399124647919	-0.0	-0.0	82.20846314806083	61.79310356194806
40.77108157403128	7.130655874349461	110.53909454835753	22.9889664346962	33.530734964081944	50.871039162329744	-0.0	-0.0	81.89997863198896	61.50351865755624
33.546357759049585	7.151085846315934	110.24261657510237	22.995596585506497	33.530734964081944	51.00723897543956	-0.0	-0.0	81.58821528395488	61.2154164362485
26.812201938847913	7.171388303849919	109.8921815641628	23.00220097919615	33.530734964081944	51.142588692332794	-0.0	-0.0	81.28152684388658	61.21971697998049
20.69973020610611	7.191565161995155	109.59601278897051	23.008544391328694	33.530734964081944	51.2771010799677	-0.0	-0.0	80.97273426627588	62.115598352363676
15.327954272417669	7.211616837157947	109.25100948099406	23.014426613819175	33.530734964081944	51.41077891438631	-0.0	-0.0	80.66845924007046	63.40584773477862
10.801464273499949	7.231543627010374	108.95373096688536	23.019747162966397	33.530734964081944	51.54362418006916	-0.0	-0.0	80.36324186925093	64.94291886726755
7.210164931210311	7.2500087625002125	108.61497698114893	23.024440630516597	33.540022846283286	51.666725083334754	-0.0	49.90229910153264	80.06194058569162	66.6432739006691
4.818661159599774	7.109600499182016	108.31615858801376	23.028466074740003	35.328340262871514	50.73066999454677	-0.0	378.39623243881556	79.76048150663372	68.43590409773921
3.3829309579139046	6.971024796961811	107.98367968902794	23.031805930214365	38.21841176674446	49.80683197974541	-0.0	473.5566121811564	79.46238310820743	70.24610012875496
3.0235095107590846	6.8527105673234665	107.68348112773252	23.03446893312864	41.47019021518169	49.01807044882311	-0.0	489.2086119798729	79.16466794744869	71.9858415606307
3.183803447931769	6.75578414510794	107.35693653180093	23.036493313033844	44.67606895863538	48.3718943007196	-0.0	472.49210953571566	78.86980198190433	73.57267968586272
3.3385847964266424	6.6664389171533305	107.05574722594956	23.03793268496619	47.77169592853285	47.77625944768887	-0.0	456.06017425929446	78.57563552267077	74.99471561755796
3.487903091459851	6.581440053811306	106.73459229547129	23.038840543442912	50.75806182919702	47.209600358742044	-0.0	439.7113372963744	78.2838568459025	76.25546367595966
3.6317817201555265	6.500433694451087	106.43294037383859	23.039269317166063	53.63563440311052	46.66955796300725	-0.0	423.4273826684719	77.99296702765693	77.35877386939747
3.770242487257027	6.423365378533848	106.11660396150388	23.039269951777747	56.40484974514053	46.155769190225655	-0.0	407.2102414046107	77.70409992568545	78.30891981929635
3.903308390834429	6.350210378630846	105.81501925354542	23.038892043345133	59.066167816688576	45.66806919087231	-0.0	391.06441187773163	77.41623281450288	79.1107189518265
4.031004057413199	6.280945429018216	105.5029367312967	23.03818335998942	61.620081148263964	45.20630286012144	-0.0	374.9951142685909	77.13010318502229	79.76968945088227
4.153355961281401	6.215546343060905	105.20188024949238	23.037189843694744	64.06711922562802	44.77030895373937	-0.0	359.00821559014355	76.84502835218807	80.29226303046002
4.270392644978832	6.1539870584256295	104.89357840057535	23.035955026860645	66.40785289957665	44.35991372283753	-0.0	343.1102604709233	76.56146860569238	80.68606219882474
4.382144960002401	6.096239534997622	104.59346086278983	23.03451981426868	68.64289920004803	43.97493023331748	-0.0	327.30858671474124	76.27897932450449	80.96025477295677
4.488646358621918	6.042273782858878	104.28852856798696	23.03292171191159	70.77292717243836	43.61515855239252	-0.0	311.6114792731647	75.99783440267453	81.12596039386523
4.589933227972098	5.992057153249365	103.9897031512355	23.03119431479901	72.79866455944196	43.280381021662436	-0.0	296.02828467872655	75.71775308639474	81.19661532643154
4.686045275825494	5.945554148811076	103.68778237043047	23.029366364558662	74.72090551650987	42.97036099207384	-0.0	280.5696073376425	75.4388908017769	81.18803940931231
4.777025988536952	5.902726328850712	103.39047666501848	23.027461205060135	76.54051977073904	42.68484219233808	-0.0	265.2475660012925	75.16107828122355	81.11778606779139
4.8629231728333195	5.863531258897273	103.0913715135071	23.02549633213948	78.25846345666638	42.42354172598182	-0.0	250.07599920623542	74.88439807353352	81.00346944904742
4.943789590935481	5.827922152686843	102.79574063004821	23.02348385938485	79.87579181870962	42.186147684578955	-0.0	235.07080871401305	74.60876043869868	80.86051067248914
5.0196837073655995	5.79584786258342	102.4992638291561	23.021431425737187	81.39367414731198	41.97231908388947	-0.0	220.2504476751722	74.334201313414	80.70051758165782
5.090670601753321	5.7672512349042675	102.205456182118	23.019343597379933	82.81341203506642	41.78167489936178	-0.0	205.63630411951615	74.06068343729999	80.53110458409255
5.156823082178695	5.742067053776361	101.91145404792847	23.0172229614195	84.1364616435739	41.613780358509075	-0.0	191.25309990913638	73.78821367665654	80.35676696235154
5.218222879123483	5.720225206644774	101.61954922253727	23.015071029839376	85.36445758246967	41.468168044298494	-0.0	177.13030646978706	73.5167854300924	80.17997943168871
5.27496234995956	5.701643261091907	101.32790059515563	23.012888687651632	86.4992469991912	41.34428840727938	-0.0	163.30204207471402	73.24638557181083	80.00204877654866
5.327146261942545	5.686228868582202	101.03797718016766	23.010676532574777	87.5429252388509	41.24152579054801	-0.0	149.80875446708225	72.97702424769433	79.82364895459594
5.374894040731728	5.673877294480428	100.74861522240973	23.008434978958352	88.49788081463454	41.159181963202855	-0.0	136.6984029142029	72.70867778719564	79.64512307742619
5.418342513809728	5.66446691077214	100.46069846297951	23.00616437846963	89.36685027619455	41.09644607181427	-0.0	124.02731477441075	72.44136538723542	79.46664484928293
5.457648937345764	5.6578592049347485	100.17356489046614	23.003865023354148	90.15297874691528	41.05239469956499	-0.0	111.86215501371098	72.17505663144105	79.28830190169982
5.492994572024969	5.653894634969052	99.88767447025805	23.00153719887325	90.85989144049938	41.02596423312701	-0.0	100.28087521559216	71.90977616434817	79.11013861991412
5.52458867266566	5.652386085152421	99.60271837997271	22.999181165356216	91.49177345331319	41.01590723434948	-0.0	89.3719099069869	71.64548962436449	78.932177565677
5.552671747059816	5.6531255638632185	99.31885848781549	22.99679718800664	92.05343494119631	41.02083709242146	-0.0	79.23612528520474	71.3822249148321	78.75443046361875
5.577519075997524	5.655870877132475	99.03604793135516	22.9943855177717	92.55038151995048	41.03913918088317	-0.0	69.97847934139774	71.11994490416708	78.57690353963321
5.599441010930341	5.660356703954204	98.7542167724046	22.99194641167139	92.98882021860682	41.06904469302803	-0.0	61.70276180197674	70.85867996633993	78.39960034475034
5.61878014411793	5.666297529743506	98.47354328671796	22.989480116767076	93.3756028823586	41.10865019829004	-0.0	54.49620722214066	70.59838998916452	78.2225230299959
5.635902524472712	5.673401479922156	98.19373042737622	22.986986884968136	93.71805048945424	41.15600986614771	-0.0	48.411617568412915	70.33910890493668	78.04567310147702
5.651183349545352	5.681378724874136	97.91515669708373	22.98446696077581	94.02366699090705	41.20919149916091	-0.0	43.44204136604312	70.08079389371733	77.86905169290624
5.664985446634346	5.689977237933651	97.63733859729449	22.98192059188783	94.29970893268693	41.26651491955768	-0.0	39.52198067160316	69.82348156623547	77.69265978875686
5.6776392318690885	5.698989494181939	97.36085867206279	22.979348020620748	94.55278463738176	41.326596627879596	-0.0	36.529322393840786	69.5671261364937	77.51649826220064
5.689427433179677	5.708255058663053	97.08503469233561	22.976749490501113	94.78854866359355	41.38836705775369	-0.0	34.30344869996322	69.31176627337614	77.34056795119497
5.700577720877143	5.717660220261769	96.81063386683057	22.97412524182453	95.01155441754285	41.451068135078465	-0.0	32.675008975349144	69.05735453802664	77.16486965526641
5.711263667742926	5.727132953005491	96.53677518453883	22.9714755141215	95.2252733548585	41.51421968670327	-0.0	31.493337849620115	68.80393240400294	76.98940415869839
5.721612489170314	5.736627275059065	96.264425431338	22.96880054575671	95.43224978340629	41.57751516706043	-0.0	30.63370885229046	68.55145029675478	76.81417223310726
5.731714572384624	5.74611398557421	95.99254226005802	22.966100572052884	95.63429144769249	41.64075990382807	-0.0	29.99938873292432	68.29994870286627	76.63917463037596
5.7416325741160765	5.755575353555718	95.72223453135997	22.963375829805518	95.83265148232152	41.703835690371456	-0.0	29.51988677108391	68.04938123794958	76.46441210723842
5.751409294907972	5.765000177844059	95.45228469452456	22.960626549987733	96.02818589815944	41.76666785229373	-0.0	29.14498556365182	67.79978678688956	76.28988538818746
5.7610735687531855	5.774381969159172	95.1839833181423	22.957852967715112	96.2214713750637	41.82921312772781	-0.0	28.84051014413799	67.5511190762754	76.1155952174099
5.7706447332329365	5.783716692007126	94.9160219797591	22.955055309920233	96.41289466465872	41.89144461338084	-0.0	28.583166783735965	67.30341318438377	75.94154229453409
5.780135700420018	5.793001948015469	94.6496771729885	22.95223381013491	96.60271400840034	41.95334632010313	-0.0	28.357370729948148	67.0566333342034	75.76772735202253
5.789555113815708	5.802236166803474	94.38366080990652	22.94938869091711	96.79110227631416	42.014907778689825	-0.0	28.152545386436525	66.81080244247009	75.59415106390477
5.798908746433658	5.8114185605322275	94.1192597980094	22.946520184163465	96.97817492867316	42.07612373688152	-0.0	27.96182006165902	66.56589337011731	75.42081415137662
5.8082004935947955	5.820548714242554	93.85524697430364	22.94362850889346	97.1640098718959	42.13699142828369	-0.0	27.780636970467047	66.32192081794916	75.24771726675043
5.817433001984907	5.82962653935194	93.59270001907872	22.9407138947914	97.34866003969813	42.19751026234627	-0.0	27.606087832932605	66.07887286735507	75.07486111646361
5.826608124464807	5.838651971972221	93.33070015497341	22.937776557146424	97.53216248929613	42.257679813148144	-0.0	27.43611614666733	65.83674181928566	74.90224633085248
5.835727166030985	5.847625171762912	93.06999583418644	22.934816723519408	97.71454332061968	42.317501145086084	-0.0	27.269495012659455	65.59553747914018	74.7298736026538
5.844791092450192	5.856546297837095	92.80998347017108	22.931834606515146	97.89582184900384	42.37697531891397	-0.0	27.105356236017954	65.35523697212713	74.55774354507271
5.853800635718798	5.865415603466367	92.55108012471027	22.928830430393734	98.07601271437596	42.43610402310912	-0.0	26.94318994148728	65.11586293657362	74.38585683095327
5.862756387034128	5.874233313067719	92.29310507142925	22.92580440562563	98.25512774068255	42.49488875378479	-0.0	26.78260400146695	64.87737574534549	74.21421405967467
5.871658834115268	5.882999715658852	92.03599916180004	22.92275675284834	98.43317668230534	42.55333143772568	-0.0	26.623393782048712	64.63981557479362	74.04281588252276
5.880508405953034	5.891715077457539	91.779979161979	22.91968768096505	98.61016811906067	42.611433849716924	-0.0	26.46539191154287	64.4031313313842	73.87166288799773
5.8893054894570085	5.900379673538751	91.52465598423099	22.916597406703005	98.78610978914016	42.669197823591674	-0.0	26.30848732080408	64.16737096125532	73.70075570454308
5.898050440108869	5.9089938102660815	91.27059049315777	22.913486137572736	98.96100880217737	42.72662540177388	-0.0	26.152641067888084	63.93247568650075	73.53009491060463
5.9067435992510156	5.9175577652597635	91.01708831114897	22.91035408620485	99.13487198502031	42.78371843506509	-0.0	25.99779559014086	63.698498367260385	73.35968111069856
5.915385295905495	5.9260718145152085	90.76492920295438	22.90720145874169	99.3077059181099	42.840478763434724	-0.0	25.843904757351815	63.4653788377647	73.18951487389397
5.923975847156566	5.93453625739246	90.51322532094316	22.904028463969254	99.4795169431313	42.8969083826164	-0.0	25.690964165312636	63.2331708746469	73.01959678198219
5.932515565212046	5.942951383265128	90.26294142976171	22.900835306665016	99.6503113042409	42.95300922176752	-0.0	25.538962945226405	63.0018144485218	72.84992739441678
5.941004758937362	5.951317470181924	90.01303894016921	22.897622191731962	99.82009517874724	43.008783134546164	-0.0	25.387880037236503	62.77136158741145	72.68050727037104
5.949443734683937	5.959634787225828	89.76463530514405	22.894389322514876	99.98887469367874	43.06423191483886	-0.0	25.23768578669937	62.54175331239177	72.51133695965432
5.957832790749368	5.967903639185114	89.51652867238184	22.89113690013599	100.15665581498736	43.11935759456743	-0.0	25.088404238495258	62.313041085819556	72.3424169991445
5.966172227148373	5.976124298050074	89.26995471464409	22.88786512665036	100.32344454296747	43.174161987000495	-0.0	24.9400166671214	62.08516957638255	72.17374792965417
5.974462467545781	5.984296542079057	89.0236142762047	22.88457421028358	100.48924935091561	43.22864361386038	-0.0	24.791725602098722	61.858184304422146	72.00534539902344
5.9829529372571635	5.9955053989602245	88.77888613084441	22.88127281252586	100.65905874514327	43.271248173457785	-0.0	28.009442272942767	61.63203007056754	71.70876001109825
5.99364523320304	6.014694293774357	88.53434647687668	22.878085750048346	100.87290466406078	43.20440570074938	-0.0	36.27073594107703	61.406664242814934	70.83208878935064
6.006993259315432	6.037357839840614	88.29137621504	22.87519771603593	101.13986518630863	42.99750123489429	-0.0	43.563588957108294	61.18188280488317	69.43735372812363
6.022627892602935	6.062574903339288	88.0486408834265	22.872759028243273	101.45255785205869	42.670604231743106	-0.0	49.96687073473893	60.95755436022362	67.64220652923049
6.040162800240857	6.088740324699807	87.80741805749257	22.87087665179737	101.80325600481714	42.24824553075086	-0.0	55.100773848326035	60.7335404878563	65.59536970385662
6.059159143825014	6.11418159861705	87.56650864274886	22.869605210822414	102.18318287650028	41.75954083684035	-0.0	58.642164220824974	60.50981708781097	63.46713517562878
6.079102865118821	6.13809634489491	87.32703082371427	22.86894274662236	102.58205730237641	41.24002100949387	-0.0	60.7214334976174	60.28634120846117	61.432071606516224
6.0994850476747375	6.159538289794255	87.08792294185143	22.86883227903467	102.98970095349475	40.72186855413162	-0.0	61.26440755014144	60.06316301845261	59.6510288877386
6.119802796976298	6.177677562876299	86.85016018311502	22.869168942678552	103.39605593952597	40.23343605220454	-0.0	60.14293698141182	59.840367576330465	58.25548125319683
6.139495855987629	6.192747754473114	86.61288922109489	22.86981151882001	103.78991711975259	39.80356725339059	-0.0	57.690932176060294	59.61807848537178	57.33618402684291
6.158087405728462	6.204196391084942	86.37684434331479	22.870596835611927	104.16174811456922	39.450443202806824	-0.0	53.68250725124539	59.39644258676955	56.9371851046746
6.175080812931071	6.212025343266927	86.14137339638576	22.871355175760144	104.50161625862143	39.18975843803448	-0.0	48.05240000240318	59.17561495681475	57.05522540792548
6.190180020526933	6.215441464645767	85.90702556981822	22.87192516597484	104.80360041053865	39.02758307731286	-0.0	39.734622905309685	58.955755802769275	57.64353003492908
6.201521641812336	6.220013347126323	85.67336818417694	22.87216694283278	105.03043283624672	39.00072530047354	-0.0	33.99605244913261	58.73697413739816	58.61787860993068
6.212872750517496	6.2168651560630215	85.44069891019988	22.871973516315148	105.25745501034991	39.06148643960075	-0.0	15.796371311011155	58.51939846875764	59.86080507517448
6.373996301675735	6.220425192022432	85.20881141565957	22.87128304937966	105.32185327132889	39.28807194395791	-0.0	-0.0	58.30307436965517	61.19204863610327
7.33795964109662	6.216529584460341	84.97781627449443	22.870149052547102	105.32185327132889	39.59521222148929	-0.0	-0.0	58.08799810658371	62.196819099408025
9.173469889792232	6.207092714213678	84.74768290037903	22.868560336535626	105.32185327132889	39.98202906862696	-0.0	-0.0	57.874111306445876	63.60552046895764
11.871581661102224	6.194701961299827	84.51834452673138	22.866379898524777	105.32185327132889	40.446530205593106	-0.0	-0.0	57.66155138124289	65.3910267551771
15.419145666933687	6.1807254654015535	84.28993310144415	22.863504090993363	105.32185327132889	40.97451158793047	-0.0	-0.0	57.45039536633771	67.43665527429337
19.798872801024782	6.1664714728666965	84.06222620040919	22.85986997219438	105.32185327132889	41.54587864603106	-0.0	-0.0	57.240735016347124	69.60999781541261
24.989418397644833	6.153500786349833	83.83554022103613	22.855459364882325	105.32185327132889	42.13684035744395	-0.0	-0.0	57.032564647758015	71.7694085377895
30.96548625517219	6.143469169161391	83.60943449674211	22.850300720226368	105.32185327132889	42.72009417716112	-0.0	-0.0	56.82588168386808	73.7710476465344
37.69795191747274	6.137928704654572	83.38442978144006	22.8444686189097	105.32185327132889	43.265585305746754	-0.0	-0.0	56.62059642387724	75.47623469161736
45.15400461240872	6.1382804217315075	83.15991708110622	22.838080878901366	105.32185327132889	43.74312662961619	-0.0	-0.0	56.416638144373486	76.75883626998785
53.29730715559644	6.145589662836186	82.93654154722496	22.83129329491512	105.32185327132889	44.124866174210446	-0.0	-0.0	56.21382928228435	77.51237063509211
62.088173040249885	6.16044500600833	82.71366281008149	22.824292159426577	105.32185327132889	44.388221147255024	-0.0	-0.0	56.01202809957604	77.6564652985544
71.48375984993582	6.179170778960669	82.49185613757084	22.817276844674478	105.32185327132889	44.52780519307113	-0.0	-0.0	55.81101876103284	77.26479200221274
81.43827805174854	6.193113328054797	82.2706046601851	22.810338218523842	105.32185327132889	44.620755520365314	-0.0	-0.0	55.61070313856256	76.82271309163558
90.76790500052876	6.206845139888247	89.0865647260559	22.803493306508148	104.01895594419908	44.71230093258831	388.99951761224247	-0.0	55.64218618729048	76.38344726330648
97.49626431253571	6.22126078505178	89.92604200691702	22.79703773230951	99.85995915139536	44.808405233678535	825.421109195593	-0.0	57.33899755349611	75.9485327146565
101.57460214468713	6.236487692724782	91.1541913006742	22.791545168096704	93.72097328806753	44.90991795149855	968.4198345558418	-0.0	60.47191093837026	75.5209577930907
104.27251718919806	6.252538562843318	94.30141324806917	22.787269413076796	87.29939336411931	45.01692375228879	947.3116460286973	-0.0	63.84873965577647	75.10201532170963
106.12720933174508	6.269394471223027	97.32281713688734	22.784208508654064	81.1597586411671	45.12929647482018	890.165882033903	-0.0	67.08890653130494	74.69164942414675
107.39100892127925	6.287018871363855	100.07065626805591	22.782296137668542	75.47617530736949	45.24679247575903	811.6845069299404	-0.0	70.08358210730268	74.2894668714967
108.3193281281683	6.305362230161501	102.5306227662583	22.781437085890786	70.36063909096538	45.36908153441001	721.7918554347224	-0.0	72.76044284352132	73.89492483466111
109.11963530336428	6.324365316473917	104.69590451501702	22.781519296859802	65.85426065771901	45.49576877649278	630.9800083610044	-0.0	75.08747423511865	73.50739495471224
109.91768508072316	6.34396241333425	106.59885321788022	22.782426809694233	61.93317350079597	45.626416088895	546.5298415053516	-0.0	77.0702538518304	73.126231704389
110.75702656193319	6.364084652104396	108.23812142148596	22.78405077573267	58.530367226090206	45.760564347362646	476.13177024879445	-0.0	78.74412978476097	72.75083030201738
111.60467787121462	6.384663371526729	109.65467658987738	22.786297052017446	55.5528031579182	45.8977558101782	418.92733895074366	-0.0	80.16044440193781	72.38066634846375
112.40697624376584	6.405633236900178	110.85997964131376	22.78908885088042	52.915770567829234	46.03755491266785	373.1349544343004	-0.0	81.37092861158364	72.01530930149623
113.12460838963207	6.42693474876483	111.8843115968723	22.79236456691365	50.55677228240516	46.17956499176553	334.10583854278883	-0.0	82.4150930183662	71.65441056668084
113.7536230017379	6.4485157704772895	112.74310695643327	22.796073044475257	48.439187274810166	46.3234384698486	301.57328143822303	-0.0	83.31743442644337	71.29767822262497
114.299744635403	6.4703318588563645	113.49197215660212	22.800169422895763	46.53618915283228	46.46887905904243	269.6284908760194	-0.0	84.09287825639812	70.94485491778225
114.77828821708546	6.492345478921447	114.11875698092086	22.804613206450707	44.8287850545676	46.61563652614298	243.6345855062735	-0.0	84.75374141862983	70.59570756285585
115.18468682325017	6.51452450626558	114.66053184710414	22.80936798714169	43.293488305333454	46.7634967084372	217.19564418547455	-0.0	85.31244693346663	70.25002575026711
115.52307717901789	6.536840597690847	115.10258596474985	22.814401354403167	41.91343856859791	46.912270651272316	194.53588173939426	-0.0	85.78042514593436	69.90762116019306
115.79600199993479	6.5592679358774	115.45932195940154	22.819684293249335	40.67371655753668	47.061786239182666	174.07240920948024	-0.0	86.16667528998218	69.56832428418687
116.01335614038453	6.5817825727160395	115.7240696791644	22.82519040713909	39.564045184130464	47.211883818106934	161.3560705700645	-0.0	86.4781719100088	69.23198024729547
116.17079603136833	6.6043622752679365	115.93962034351698	22.830895459367046	38.5710852283076	47.36241516845291	144.24219877213915	-0.0	86.72109118413802	68.89844632478632
116.27375584016725	6.626986588105923	116.09592013177509	22.836777206290733	37.68646199263485	47.51324392070615	126.5117139054521	-0.0	86.9011995266719	68.567591003196
116.32526025901406	6.649636835629468	116.18864172084724	22.842815234084007	36.902338588926966	47.66424557086312	110.88583514143416	-0.0	87.02372472401113	68.23929306443137
116.3042243379438	6.672295943149458	116.31920839898373	22.84899068544122	36.204714176164416	47.815306287663056	-0.0	-0.0	87.09263127873521	67.91344009657738
116.27591833242387	6.6949481301515155	116.19513853454129	22.85528612989707	35.6070620009516	47.96632086767677	85.26536113471059	-0.0	87.1133572513601	67.58992776904438
116.1921026496121	6.717578613128748	116.14105491884371	22.86168535663724	35.089021670590675	48.117190754191654	67.78123463876243	-0.0	87.0851736570466	67.26865869630784
116.04611882887995	6.740173420283082	116.00375389155019	22.86817227022974	34.64414547115284	48.26782280188721	61.748233656347196	-0.0	87.01539408676588	66.94953661669206
115.94530001240776	6.762719322307019	115.87705660396463	22.87473201050826	34.299835098815144	48.41812881538013	78.37031810501423	-0.0	86.89184613244592	66.63247224192692
115.75706172719575	6.785203808137587	115.72381741009161	22.881346688078164	34.01425829846615	48.568025387583916	54.699072564095	-0.0	86.72727499904124	66.31736087187168
115.45498935008978	6.8076150287549435	115.42224572723025	22.88800666444792	33.777731871366655	48.71743352503296	54.28559714470748	-0.0	86.54184702498556	66.00414167279538
115.12321682887244	6.829941563799792	115.13505804601954	22.894702567303277	33.61267053589206	48.86627709199861	-0.0	-0.0	86.31986199264058	65.69275549963969
114.7008321002157	6.852172092443151	114.70439952404504	22.901419498429437	33.54363770340757	49.01448061628768	-0.0	-0.0	86.0500807679724	65.38311451480335
113.49415259779276	6.874296087590324	114.72143137896192	22.908139643869145	33.54363770340757	49.161973917268824	-0.0	-0.0	85.72038616041843	65.07511603371024
111.22187876041532	6.8963042816436735	114.09222290924465	22.914851246440712	33.54363770340757	49.30869521095782	-0.0	-0.0	85.40063897132649	64.76868977192072
107.92825246115947	6.9181839145761455	113.98602783280229	22.921559722769228	33.54363770340757	49.454559430507636	-0.0	-0.0	85.0752563639928	64.46385589303678
103.67740162083312	6.9399272093994515	113.46475626842528	22.92826005485539	33.54363770340757	49.59951472932968	-0.0	-0.0	84.75524048296899	64.16057970646118
98.5520916175519	6.96153832578095	113.27342535479346	22.93495633746597	33.54363770340757	49.743588838539665	-0.0	-0.0	84.43429036485429	63.858874522268806
92.65211381929058	6.9830153305253475	112.82717519396054	22.9416448482504	33.54363770340757	49.886768870168986	-0.0	-0.0	84.11513296973223	63.55871255571414
86.09234261513767	7.004357601782609	112.57888589304856	22.948328536209296	33.54363770340757	50.02905067855073	-0.0	-0.0	83.79768905577323	63.260101184183085
79.00049877546527	7.025569105253798	112.18362070264189	22.955004696191757	33.54363770340757	50.17046070169199	-0.0	-0.0	83.48010403456237	62.96301806537057
71.51466268912696	7.046648250986698	111.89869757637352	22.961675390759094	33.54363770340757	50.310988339911326	-0.0	-0.0	83.16556709725177	62.66746600513363
63.780585895630885	7.0675959661621555	111.53727010128861	22.968338692002053	33.54363770340757	50.45063977441437	-0.0	-0.0	82.849995074462	62.373426841576624
55.94885325770275	7.088414796667327	111.2300353591331	22.974995995409355	33.54363770340757	50.58943197778218	-0.0	-0.0	82.53799224332353	62.08089996090226
48.171951027489776	7.109103599901964	110.89049853652354	22.981645951710544	33.54363770340757	50.72735733267976	-0.0	-0.0	82.22468882667194	61.78987033643292
40.601297892191	7.129663927882089	110.57078166691836	22.98828946714131	33.54363770340757	50.864426185880596	-0.0	-0.0	81.91499853562382	61.50033486861458
33.38429680544122	7.150097281569415	110.24504207363147	22.994925613000238	33.54363770340757	51.000648543796096	-0.0	-0.0	81.60409621744591	61.21228083359631
26.6614650063348	7.170403117857182	109.9193798861326	23.001541761301016	33.54363770340757	51.13602078571455	-0.0	-0.0	81.29660040553314	61.19618741759558
20.56369810535791	7.190583112782892	109.60214911374135	23.007893314698386	33.54363770340757	51.27055408521928	-0.0	-0.0	80.988329732706	62.11621114239442
15.20972150649385	7.210638128489283	109.27475701558011	23.01377807301256	33.54363770340757	51.40425418992855	-0.0	-0.0	80.68353240926913	63.419595750692025
10.703778786916207	7.230568169547056	108.96264289316971	23.019097566211393	33.54363770340757	51.53712113031371	-0.0	-0.0	80.37861637697553	64.96526970923284
7.139236781620605	7.245992937123731	108.63609145780416	23.023787756631883	33.573534477098754	51.63995291415821	-0.0	81.68390122261155	80.0769889673135	66.67132296761741
4.773032198460484	7.10443126468557	108.32709827324115	23.02780836085006	35.406945118723556	50.69620843123714	-0.0	381.7229907132499	79.77568123668789	68.46725463324513
3.360677883893002	6.966369225164888	108.00285167082856	23.031142743236966	38.311404203983095	49.77579483443259	-0.0	474.7164509783634	79.47738386957671	70.27839758639496
3.0282363358049045	6.848689364025524	107.69584980879563	23.033800295227866	41.564726716098086	48.991262426836826	-0.0	488.649479958578	79.17972185003191	72.01647845090393
3.188347321146069	6.75211894377956	107.37468563344852	23.035820071006455	44.76694642292138	48.34745962519707	-0.0	471.94885995687406	78.88473566186204	73.60050522804617
3.342948262493019	6.662933577986255	107.0690886906453	23.037255675767113	47.85896524986038	47.75289051990837	-0.0	455.5206715598396	78.59055947832938	75.01978716799042
3.492087127065422	6.578073686728184	106.75131293583765	23.03816068018097	50.841742541308435	47.18715791152123	-0.0	439.17440724491524	78.29870732240967	76.27784436163171
3.635787175797139	6.497203423966349	106.44691036128741	23.03858740884926	53.715743515942776	46.64802282644233	-0.0	422.8930308134382	78.00777015481306	77.37853284086906
3.774070244733972	6.4202700932116565	106.13259423012647	23.038586853815357	56.481404894679436	46.135133954744376	-0.0	406.6786083996247	77.71885512484533	78.32613480721187
3.906959386068321	6.347249170138211	105.82938696874294	23.038208524310026	59.13918772136641	45.64832780092141	-0.0	390.53567251195904	77.43091973337584	79.12547791966783
4.0344792879855085	6.27811744755052	105.51838850021954	23.037500207911283	61.689585759710155	45.1874496503368	-0.0	374.4694713495524	77.1447559689807	79.7820942730964
4.156656494228509	6.212850527626635	105.21645058086143	23.036507768235733	64.13312988457017	44.75233685084424	-0.0	358.48588129434455	76.85960199590548	80.3024331597078
4.273519623755398	6.151422385633114	104.90866596883279	23.03527473051652	66.47039247510796	44.342815904220764	-0.0	342.5914806549591	76.57601227687842	80.69414044027386
4.38509961441183	6.093804890527623	104.60811302694128	23.03384191875775	68.7019922882366	43.958699270184155	-0.0	326.79363481750534	76.29344087967846	80.96641351207471
4.491430014341487	6.0399679359689795	104.30335313866699	23.03224680148088	70.82860028682974	43.5997862397932	-0.0	311.1006591148888	76.01226559012463	81.13040882969707
4.592547320014493	5.989878793106868	104.00433756305422	23.030522878550986	72.85094640028984	43.26585862071246	-0.0	295.5219400793678	75.73210294839926	81.19960376052649
4.688491360833847	5.943501916591575	103.70242016998071	23.028698820738175	74.76982721667693	42.956679443943834	-0.0	280.06813409393425	75.45320715165334	81.18985552636458
4.779305762115037	5.900798728023892	103.40506495130535	23.0267978604789	76.58611524230072	42.67199152015928	-0.0	264.75141240284904	75.1753158318885	81.11873487053148
4.865038490929482	5.861726622463633	103.10584343113058	23.024837408024542	78.30076981858964	42.41151081642422	-0.0	249.5856731082223	74.89859932101862	81.00383722874297
4.945742490451877	5.8262386898198	102.81025977372722	23.022829482562575	79.91484980903753	42.17492459879867	-0.0	234.58689746125037	74.62288553499796	80.86052841348261
5.021476433846942	5.794283623935704	102.51359103634402	23.020781667021314	81.42952867693884	41.961890826238026	-0.0	219.77363213212732	74.3482878452633	80.70034573566996
5.092305647857016	5.7658038669976435	102.21988183567433	23.01869847991704	82.8461129571403	41.77202577998429	-0.0	205.16734315258176	74.07469688658254	80.5308416258274
5.158303213691325	5.740734278348575	101.92564815662858	23.01658248862987	84.1660642738265	41.604895188990504	-0.0	190.7929284357209	73.80218634522691	80.35646826907718
5.219551192805977	5.719004308269251	101.63387043967903	23.014435188166157	85.39102385611953	41.460028721795005	-0.0	176.67999240563333	73.53068755245111	80.17967456735181
5.2761423431999805	5.700530635581148	101.34199349916933	23.01225745940727	86.5228468639996	41.33687090387432	-0.0	162.86272831382564	73.26024474100379	80.00175298855066
5.328181837374786	5.685221995892572	101.05218948330592	23.010049894322574	87.56363674749572	41.23481330595048	-0.0	149.38209366373744	72.99081596959853	79.8233698920542
5.375789699496312	5.672971044886891	100.76260090144969	23.00781290719496	88.51579398992624	41.15314029924594	-0.0	136.28585431698775	72.72242486612882	79.6448645411288
5.419103275151483	5.66365854304068	100.47479975656715	23.005546847766254	89.38206550302965	41.091056953604536	-0.0	123.63132387495824	72.45504747825174	79.46640863769011
5.458280740789849	5.65714051370676	100.18744582615109	23.003252008612215	90.16561481579699	41.04760342471173	-0.0	111.48424017459558	72.18869260578788	79.28808883489899
5.493503926987219	5.653263108416625	99.9016606509514	23.00092867465585	90.87007853974437	41.02175405611084	-0.0	99.9247158581793	71.92334967574338	79.10994900747285
5.5249832199702835	5.651834425638017	99.61648680099924	22.99857710611208	91.49966439940566	41.01222950425345	-0.0	89.04044223965512	71.65901614763806	78.93201147315166
5.55296041022958	5.652642150016291	99.33272607261398	22.996197568680305	92.0592082045916	41.01761433344194	-0.0	78.93103785374585	71.39569068332638	78.75428783427967
5.577711282000896	5.65545339930975	99.0497220819843	22.993790312759792	92.55422564001792	41.03635599539834	-0.0	69.70568364059972	71.13336214298846	78.57678425082918
5.599547782093636	5.659993608830859	98.76799127610003	22.991355596340984	92.99095564187273	41.06662405887239	-0.0	61.46433251143622	70.87203758212223	78.39950424962116
5.618813371591917	5.665977525657131	98.48711297560094	22.988893665535922	93.37626743183833	41.10651683771421	-0.0	54.29327425267237	70.6116991978852	78.22244996150505
5.635874557230635	5.673113743856733	98.20737875921786	22.986404773659295	93.71749114461271	41.15409162571156	-0.0	48.24364376921726	70.35236066454699	78.04562289270986
5.651105739339689	5.68112033759764	97.92861831710155	22.98388916396535	94.02211478679378	41.2074689173176	-0.0	43.311804293078026	70.09399668533696	77.86902416689699
5.664869531372399	5.689739701213799	97.65089236115439	22.981347085773315	94.29739062744797	41.26493134142533	-0.0	39.42569739506872	69.83662746050969	77.69265477570991
5.67749538082317	5.698762080726476	97.37423486823906	22.97877877978195	94.54990761646339	41.32508053817651	-0.0	36.457766579380724	69.58022195100243	77.51651558333879
5.689263623532116	5.708034765215089	97.09846900489643	22.976184491571715	94.78527247064231	41.38689843476726	-0.0	34.25195403456294	69.32480760703267	77.34060743834934
5.700399962316491	5.717446587634473	96.82389869808888	22.973564459622825	95.00799924632982	41.44964391756316	-0.0	32.64068140180092	69.07034595623288	77.16493113081158
5.711076580225287	5.7269243288752385	96.5500972079271	22.970918925561026	95.22153160450573	41.51282885916826	-0.0	31.471960387335017	68.81687015650216	76.98948745625847
5.721419541122047	5.736421237883647	96.27761692172061	22.968248125792343	95.42839082244093	41.57614158589098	-0.0	30.620353485876265	68.56433606708197	76.81427717637368
5.731518066701724	5.745909840408236	96.0057410238877	22.965552297997966	95.63036133403448	41.6393989360549	-0.0	29.991429720121726	68.31278434351637	76.63930105581207
5.7414340751446735	5.75537268861125	95.7353187929699	22.962831676746916	95.82868150289347	41.70248459074167	-0.0	29.51547630754145	68.06216421494555	76.46455984001138
5.751209814327337	5.764799006903101	95.46538876254237	22.96008649548425	96.02419628654674	41.76532671268734	-0.0	29.143173059659116	67.81251910492686	76.29005426655593
5.760873794208758	5.774182174312298	95.19699647695289	22.957316987230268	96.21747588417514	41.82788116208199	-0.0	28.840488145509166	67.56379860419793	76.11578506890577
5.770445129466863	5.783518100590286	94.92898279010997	22.95452338120282	96.40890258933725	41.89012067060191	-0.0	28.58427356456655	67.31604635106633	75.94175295920525
5.7799365767229824	5.792804402543209	94.66259512277922	22.951705908715244	96.59873153445965	41.95202935028806	-0.0	28.35910989019488	67.06921059563247	75.76795865890487
5.7893566554509635	5.802039670754704	94.39653312747079	22.948864794973133	96.78713310901927	42.01359780503136	-0.0	28.154723519931448	66.8233336994737	75.59440285586683
5.7987110724538224	5.811223111178464	94.13209623709261	22.946000269626754	96.97422144907645	42.07482074118976	-0.0	27.964306182884002	66.57837024788904	75.42108625978702
5.808003679316659	5.82035430743496	93.86796756205807	22.943112553828577	97.16007358633317	42.13569538289973	-0.0	27.783344964093384	66.33435447905309	75.24800953449979
5.817237103684294	5.829433099945202	93.60547712113595	22.940201875412082	97.34474207368586	42.19622066630135	-0.0	27.608871152345007	66.09124701931384	75.07517337757345
5.8264131678816415	5.838459512444461	93.34330121968046	22.93726845194759	97.52826335763282	42.256396749629744	-0.0	27.438960169369384	65.84907677018285	74.90257843116571
5.8355331672867905	5.8474336861814935	93.0826920207703	22.934312509175417	97.71066334573581	42.31622457454329	-0.0	27.272374867600693	65.60781359831697	74.73022537883861
5.844598058462709	5.856355791161208	92.82246501516995	22.931334261137806	97.89196116925417	42.375705274408055	-0.0	27.108269838855733	65.36747385537466	74.55811484164828
5.853608572464024	5.865226049347028	92.56373462748088	22.928333931368282	98.07217144928048	42.43484032898019	-0.0	26.946099999586583	65.12803860286166	74.38624748913924
5.862565295019404	5.874044702260033	92.30545789976426	22.925311730899164	98.25130590038806	42.49363134840022	-0.0	26.78549892272547	64.88951515847288	74.21462392391439
5.871468708890531	5.882812060406482	92.04854443301608	22.922267880778946	98.42937417781062	42.55208040270988	-0.0	26.626292827709175	64.65189687643087	74.04324479950577
5.880319246483269	5.891528354412557	91.79224609333855	22.919202588842758	98.60638492966538	42.61018902941705	-0.0	26.46826865475875	64.41517266461598	73.87211069944203
5.889117288619175	5.900193898764421	91.53712869021513	22.916116073709787	98.78234577238351	42.66795932509614	-0.0	26.31136891303539	64.17935539294781	73.70122226208606
5.897863195945531	5.9088089576186515	91.28276195805293	22.913008540794543	98.95726391891061	42.72539305079101	-0.0	26.155498553268583	63.944419960316694	73.53058005554183
5.906557305593754	5.917373837186619	91.02942299425311	22.90988020548015	99.13114611187507	42.782492247910795	-0.0	26.00063892588146	63.710389732857145	73.3601846988615
5.91519994787841	5.925888802833997	90.7770384114645	22.9067312711518	99.30399895756818	42.83925868555998	-0.0	25.84672967174383	63.47722632265928	73.1900367470353
5.923791438237745	5.934354164990986	90.52546199106818	22.90356194963039	99.4758287647549	42.89569443327324	-0.0	25.693781778429486	63.24496775493163	73.02013679798553
5.932332091075738	5.942770196607452	90.27498093041918	22.900372442814177	99.64664182151475	42.95180131071635	-0.0	25.54176179773364	63.01356599208745	72.85048539651136
5.940822215700159	5.951137172624432	90.0251572821696	22.89716295874706	99.81644431400316	43.00758115082955	-0.0	25.39064409909843	62.78306524271788	72.6810831186106
5.949262113282056	5.95945539938422	89.77657779465065	22.89393369793481	99.9852422656411	43.0630359958948	-0.0	25.240451291236234	62.55341139762709	72.51193049919303
5.957652086588552	5.967725149498742	89.52853656518518	22.890684864530567	100.15304173177103	43.11816766332495	-0.0	25.091162425979498	62.32465258515629	72.34302809159576
5.965992436509801	5.975946688984469	89.28182170480994	22.8874166576399	100.31984873019601	43.17297792656313	-0.0	24.942750042181974	62.09673332098567	72.17437642139407
5.974283282215353	5.9841215360922835	89.03554126370531	22.88412927438429	100.48566564430705	43.22747690728189	-0.0	24.796993110216988	61.86970305793077	72.00597106950643
5.982806253342904	5.9954989579123525	88.79065750116061	22.880832489527133	100.65612506685807	43.26846875102196	-0.0	28.165475951784135	61.643502338135015	71.69885640554186
5.993598776684651	6.0145010666184975	88.54613694566946	22.877654733324384	100.87197553369302	43.196104287998196	-0.0	36.1440606582242	61.41809520135386	70.8081139434963
6.006971947496423	6.037661247352768	88.30309800498152	22.874780132266885	101.13943894992845	42.98872298855045	-0.0	43.79590438638763	61.19324520632507	69.40201490079932
6.022661115055111	6.0629250610828525	88.06032968599823	22.872358024422983	101.4532223011022	42.65916315135181	-0.0	50.1646950228332	60.96886348740577	67.59891655595152
6.040246704623348	6.088986270430541	87.81907661517577	22.87049413989191	101.80493409246695	42.23413900645256	-0.0	55.192597899986445	60.74479187683009	65.54823468864872
6.0592744966675705	6.114375872809378	87.57807485605619	22.86924170827213	102.1854899333514	41.744142227170244	-0.0	58.68420578710254	60.52101950642272	63.420563015447385
6.079232783968507	6.138295478891605	87.33862010764571	22.868597349549656	102.58465567937013	41.224670293146445	-0.0	60.75704430511416	60.29747169095009	61.39031337827134
6.099621046209175	6.1596538102665965	87.09939436909295	22.868502785446733	102.99242092418349	40.70691737310391	-0.0	61.253961125700584	60.074241422235495	59.617750627340314
6.119932219937864	6.177699914408767	86.86167417164258	22.86885210105279	103.39864439875727	40.21958768264372	-0.0	60.087277392401845	59.85138621209488	58.23342474533812
6.139597673753723	6.192773431248676	86.62423966195293	22.869503370161013	103.79195347507445	39.79197907826262	-0.0	57.64967340267013	59.629054807234276	57.326955120964215
6.158153861940792	6.204154511784011	86.38830094254705	22.87029309483318	104.16307723881583	39.4411518988618	-0.0	53.619405211184166	59.40736720265453	56.94118108565859
6.175160173482347	6.211385267434858	86.15264057184856	22.871051619505405	104.50320346964692	39.18010634803738	-0.0	47.58222748077237	59.186508395128016	57.071690187440105
6.190071877787509	6.215480074320192	85.91839062862408	22.87161798843958	104.80143755575017	39.024905296063835	-0.0	39.84987181024168	58.966602942564755	57.670697229189386
6.201693150604051	6.219686649787305	85.68454087724251	22.871853055850654	105.033863012081	38.99927757724688	-0.0	33.53496233714006	58.74778864613529	58.6531290488771
6.211927499070167	6.217547279778204	85.45197130041963	22.871650811929424	105.23854998140332	39.06890442911821	-0.0	18.741299161272725	58.53017813872182	59.900715119641454
6.38155420957207	6.231671872565323	85.21991664418769	22.870951091183183	105.20813393946834	39.357955170519794	-0.0	-0.0	58.31382714814183	61.23476995081821
7.366306596586048	6.220733483057224	84.98899416786254	22.869805787846833	105.20813393946834	39.62878465506722	-0.0	-0.0	58.09871484236912	62.248983761088
9.221484015726858	6.2104741303807405	84.75871173112623	22.868201953918444	105.20813393946834	40.01383041530398	-0.0	-0.0	57.884808711619925	63.667304313660395
11.9380452320847	6.198039348481091	84.52942977540714	22.866003704631705	105.20813393946834	40.48056582000406	-0.0	-0.0	57.672222463987154	65.45962190121233
15.502751043922297	6.183997314934602	84.30087677351317	22.863108376732974	105.20813393946834	41.01007811171653	-0.0	-0.0	57.46104827127735	67.5088450607692
19.898228804125946	6.169743858939121	84.07323870396313	22.85945412184493	105.20813393946834	41.582630525670744	-0.0	-0.0	57.25136335225769	69.68231314694333
25.103057086060524	6.15686454951298	83.84642544930679	22.855023908882455	105.20813393946834	42.1744540518686	-0.0	-0.0	57.043162071425776	71.83829796072546
31.091870081209404	6.146881796096148	83.62031650823259	22.84984733164374	105.20813393946834	42.75730861776967	-0.0	-0.0	56.83646792498438	73.83305532949016
37.835481219834776	6.141451642377169	83.39523404623962	22.844000056029508	105.20813393946834	43.301735817469506	-0.0	-0.0	56.63115789332207	75.52818004842656
45.301025412138905	6.141958618661447	83.1707299059387	22.837600865681853	105.20813393946834	43.777486952147754	-0.0	-0.0	56.427171307864434	76.79798802638551
53.45211921679957	6.149444739217781	82.94726228653731	22.830806345668762	105.20813393946834	44.15669836006894	-0.0	-0.0	56.224331139145455	77.53660720547904
62.249038156183964	6.164493969707734	82.72438111164679	22.823803360373454	105.20813393946834	44.41699645056356	-0.0	-0.0	56.022493856713005	77.66441234569561
71.6489103142197	6.183129882928681	82.50250292342028	22.816790554255327	105.20813393946834	44.55419921952454	-0.0	-0.0	55.82144401478182	77.2662750408424
81.60592527328171	6.197033188948278	82.2812328730697	22.809854828903056	105.20813393946834	44.64688792632185	-0.0	-0.0	55.6210872904187	76.82420357121923
90.89933311130532	6.2107764124885945	89.15657175241108	22.80301394831951	103.8668227080663	44.73850941659063	396.0410613818746	-0.0	55.665234020741714	76.38495108912325
97.57142751748579	6.2252102789923205	89.92888889455605	22.796570340247403	99.66706966262086	44.834735193282135	829.3542524540862	-0.0	57.39092269195629	75.95009148144102
101.6104672844764	6.240456449307242	91.20042377169908	22.791096070539474	93.51857288496687	44.93637632871495	967.9379712305737	-0.0	60.5321330560977	75.52260441579256
104.2846029412974	6.256526435657142	94.3493327342379	22.786838842241128	87.10530258369756	45.043509571047615	945.6079095668321	-0.0	63.905061398179626	75.10375054902521
106.12214497344738	6.273400790999219	97.3620831672944	22.783794584602493	80.97897303955658	45.15600527332813	887.922047565983	-0.0	67.13815922122782	74.6934629202655
107.37517513253229	6.2910426042386085	100.10193780887568	22.78189621194629	75.31161434569148	45.27361736159072	809.0682042504794	-0.0	70.12383425523255	74.29134432148224
108.29810747198508	6.309402063638529	102.55651526938715	22.78104803893329	70.21338890209401	45.39601375759019	718.8485920093422	-0.0	72.79067989065791	73.89684952644144
109.09759430121801	6.328419736914443	104.71448254545075	22.781137846869367	65.72435525798002	45.522798246096286	628.0764746581847	-0.0	75.10776804848734	73.5093494130039
109.89875005815587	6.348029786062859	106.59845249398128	22.782049811121148	61.820126934427805	45.65353190708573	545.0016337367372	-0.0	77.08145210640264	73.12819926142589
110.73890797725161	6.368163304350757	108.23201334362219	22.78367544997132	58.430499936671396	45.78775536233838	474.99528105724227	-0.0	78.74746665583157	72.75279630421909
111.58662491517649	6.388751673392215	109.63953008428562	22.78592109934634	55.46389127970464	45.9250111559481	418.61501977375053	-0.0	80.15745675934424	72.38261873315832
112.38497212347113	6.409729672106986	110.85111354591575	22.78871044186237	52.834496546689934	46.06486448071324	371.5471329185357	-0.0	81.36288862467899	72.01723853784878
113.10178050816994	6.431037965566146	111.86206755961854	22.791982226602414	50.48352740190111	46.206919770440976	334.0271925601657	-0.0	82.40290125806443	71.65630903440606
113.7256312874376	6.452624604817699	112.73196421772715	22.79568552219316	48.37118428974497	46.35083069878466	299.04855170012047	-0.0	83.30158946857652	71.29953951843514
114.27113213587312	6.474445327758876	113.47086533416856	22.79977560739602	46.474597916343384	46.49630218505918	268.37289757613325	-0.0	84.07375999025376	70.94667340381488
114.74858558854825	6.496462750345527	114.09141244816226	22.80421210367699	44.77270929689503	46.643085002303515	243.19864850516615	-0.0	84.73169988715755	70.59747824600925
115.15488944338554	6.518644858474402	114.62272383757947	22.8089587196387	43.24270230392803	46.79096572316268	218.849045057424	-0.0	85.28782992725522	70.25174427572775
115.49106357061238	6.54096338251108	115.06464783041464	22.81398315143164	41.86664904486829	46.9397558834072	195.90154827820172	-0.0	85.75352420135526	69.90928375615796
115.76107458568275	6.563392555305386	115.4250757846111	22.819256468995352	40.630271521505	47.08928370203591	173.89621070181147	-0.0	86.13771538673383	69.5699276444047
115.97582970541352	6.585908470132233	115.69279333283268	22.824752342810807	39.52370704540445	47.239389800881554	159.60348847151008	-0.0	86.44734077646315	69.23352143466552
116.1335727861818	6.608488935740108	115.8997432006798	22.830446595867993	38.53449799993712	47.389926238267385	145.06778655228976	-0.0	86.68856500644482	68.89992273098147
116.23494865685534	6.631113540089947	116.055536547188	22.836317040085536	37.65271565798087	47.54075693393298	127.07120000244171	-0.0	86.86713846936537	68.56900032522758
116.28326121637731	6.653763648877644	116.1506940009184	22.84234333638282	36.870691641196984	47.69175765918429	109.22934308738432	-0.0	86.9884314364803	68.24063340391595
116.27640503569535	6.676422222244292	116.17190573737027	22.84850676209703	36.18028114133272	47.84281481496195	96.97905366241345	-0.0	87.0574263303205	67.91471027238902
116.23115036275169	6.69907350654307	116.15297546409072	22.854790354562002	35.58015231704965	47.9938233769538	83.87932331324451	-0.0	87.0766579106443	67.59112906000341
116.15192797347042	6.721702739030567	116.12992267033431	22.86117650880775	35.06599532299472	48.14468492687045	44.50255365987511	-0.0	87.04428890682078	67.26978505524818
116.01633486438193	6.7442959657854695	115.91852533631712	22.867649639698396	34.62651977104272	48.295306438569796	93.82354462411519	-0.0	86.97395429039636	66.95058471159726
115.89597717461209	6.766839974719959	115.79691862893034	22.874195993863797	34.278758096838715	48.445599831466396	94.42070276881468	-0.0	86.85268912926406	66.6334445678999
115.71165313940865	6.789322271252063	115.65981401047215	22.880797480933698	33.99646631401495	48.59548180834709	68.30462359376288	-0.0	86.68653027014187	66.31825885046975
115.41463562263637	6.811731021152507	115.37360074424977	22.887443415221547	33.763457012276916	48.74487347435005	60.77120251232266	-0.0	86.49819862372503	66.00496122313629
115.07889802668991	6.834054855908787	115.07834552166818	22.894124717172154	33.599261383407715	48.89369903939191	7.051627610396687	-0.0	86.27570069618402	65.69349410191869
114.6245798775091	6.856282510648666	114.66089208301572	22.900827214187363	33.526661068572366	49.04188340432444	-0.0	-0.0	86.00719400079694	65.38377347086522
113.39153006826211	6.878403436224097	114.67292269389961	22.90753346635208	33.526661068572366	49.18935624149398	-0.0	-0.0	85.67857214727502	65.07569860066711
111.09429730732049	6.900409335876852	114.04985006800612	22.914231162126345	33.526661068572366	49.336062239179014	-0.0	-0.0	85.35834778664973	64.76919627853269
107.77760942570946	6.922287560425796	113.93744740604225	22.920925892691887	33.526661068572366	49.48191706950531	-0.0	-0.0	85.03371556924074	64.46428758504572
103.50604336035862	6.944028860887898	113.4228218613892	22.92761249777253	33.526661068572366	49.62685907258599	-0.0	-0.0	84.71335040930411	64.16093707414628
98.36276782121868	6.96563828394877	113.22525492632604	22.934295175001278	33.526661068572366	49.7709218929918	-0.0	-0.0	84.3930238119353	63.859158595154405
92.44792397078612	6.9871138585440535	112.78534602983424	22.940970128846065	33.526661068572366	49.91409239029369	-0.0	-0.0	84.07363278327958	63.55892397213921
85.87667564478065	7.008454245148915	112.53138524599765	22.947640356193723	33.526661068572366	50.0563616343261	-0.0	-0.0	83.75670276616516	63.260240831935754
78.77696707667286	7.029664186758918	112.14170523276067	22.954303121860747	33.526661068572366	50.19776124505945	-0.0	-0.0	83.43898151887147	62.96308666867627
71.28703178401021	7.050741807820295	111.85197162133296	22.960960503212746	33.526661068572366	50.338278718801966	-0.0	-0.0	83.1248677012659	62.66746436321278
63.55270111911344	7.071687738410352	111.49520554699562	22.967610567307236	33.526661068572366	50.47791825606902	-0.0	-0.0	82.80923886916537	62.3733557220991
55.72456488766273	7.0925050634654685	111.18409177767134	22.974254705833506	33.526661068572366	50.616700423103126	-0.0	-0.0	82.49758590638126	62.08076010836055
47.95503931866103	7.113192291417702	110.8483220498471	22.980891578014933	33.526661068572366	50.75461527611802	-0.0	-0.0	82.18428677453565	61.789662535320296
40.39539947343242	7.133750931477676	110.52557252880695	22.98752207682998	33.526661068572366	50.891672876517845	-0.0	-0.0	81.87489080632479	61.50005983028744
33.1928338734622	7.154182800372565	110.20280016241526	22.99414528836447	33.526661068572366	51.0278853358171	-0.0	-0.0	81.56403881762782	61.211939342817026
26.487578694453294	7.174487049071329	109.87485143773868	23.000739486858276	33.526661068572366	51.16324699380886	-0.0	-0.0	81.25679932097194	61.25495157771515
20.410187324679757	7.19466543742032	109.5598935415354	23.00705824049387	33.526661068572366	51.29776958280213	-0.0	-0.0	80.94863110358828	62.17920501127751
15.078988450238601	7.214718974134025	109.23082280254206	23.012909180270924	33.526661068572366	51.43145982756017	-0.0	-0.0	80.644073406811	63.48520125783513
10.59778215897731	7.234647441502756	108.92044715733108	23.018194230551785	33.526661068572366	51.56431627668504	-0.0	-0.0	80.33928637347304	65.03252488727651
7.060201582872718	7.2498716012268405	108.59270644810294	23.02284965609439	33.56095457650498	51.6658106748456	-0.0	108.87780373947962	80.03787644869497	66.73918035423851
4.7240412808569685	7.1043660982851495	108.28500928175062	23.026835572003677	35.450271948616376	50.695773988567666	-0.0	385.7075330989289	79.73671474202668	68.53438113688738
3.3370708625847936	6.966668245756418	107.95995797725838	23.030135826171538	38.37251433837315	49.77778830504279	-0.0	476.28755647006625	79.43861842742731	70.3430422632232
3.0314938269785143	6.849555683115819	107.65390681637155	23.032760481681915	41.62987653957028	48.99703788743879	-0.0	488.49653633222573	79.14111227350088	72.07632225427083
3.1915568873610063	6.7532294835396085	107.3322312368808	23.03474920863527	44.831137747220126	48.35486322359739	-0.0	471.8098528657097	78.8463128095153	73.65455283009194
3.346111901570553	6.664100445942152	107.02733436188313	23.036155691464522	47.922238031411055	47.76066963961435	-0.0	455.3836668384418	78.5522960826957	75.06815654953084
3.4952052206636295	6.57927700113411	106.70926662329133	23.03703345089469	50.904104413272584	47.19518000756074	-0.0	439.0381376138125	78.26061897140004	76.32066367732487
3.638859944035581	6.498440959511755	106.40537516173876	23.037434775130045	53.777198880711616	46.6562730634117	-0.0	422.7573931550587	77.96984205314153	77.41594335216081
3.7770979011930694	6.421541424658499	106.09091655611255	23.037410599809753	56.54195802386138	46.143609497723325	-0.0	406.54362646164964	77.68109321631268	78.35829437017775
3.9099421560187375	6.348554148086939	105.78807707907741	23.037010384933456	59.19884312037475	45.65702765391293	-0.0	390.4013953666951	77.39331725316077	79.15256580026809
4.037417413724189	6.279455770716442	105.4770786016615	23.03628184951668	61.748348274483774	45.196371804776284	-0.0	374.3359417849371	77.1073116053156	79.80431744859786
4.159550233774974	6.214221957824137	105.17539574449437	23.03527078790598	64.19100467549947	44.76147971882758	-0.0	358.3531536809362	76.82231556610523	80.3200347850496
4.276369254651176	6.152826696026118	104.86768359339692	23.034020634573405	66.5273850930235	44.35217797350745	-0.0	342.4596181828361	76.53887842818041	80.70741076184318
4.387905436105055	6.095241776352916	104.56733026607995	23.03257211212313	68.7581087221011	43.96827850901944	-0.0	326.66270259319674	76.25646172364472	80.97570331515246
4.494192349237129	6.041437135893112	104.26267379814327	23.030962559993235	70.88384698474258	43.60958090595408	-0.0	310.9707368322604	75.97543526948215	81.13614347404906
4.595266518693014	5.99137999020555	103.9638369466039	23.029225327851837	72.9053303738603	43.27586660137033	-0.0	295.3931142893034	75.69542363625179	81.20229225138155
4.691167804601542	5.945034743696855	103.66204604976082	23.027388905666072	74.82335609203083	42.96689829131237	-0.0	279.9405002736422	75.41667349494416	81.19008216166189
4.781939867139281	5.9023628021463255	103.36486008102138	23.025476329842075	76.63879734278561	42.6824186809755	-0.0	264.6250808935923	75.13893016456386	81.11711819658308
4.867630712506559	5.863321584518127	103.06574603734556	23.0235048116795	78.35261425013118	42.42214389678752	-0.0	249.46077747959302	74.86235795043855	81.00095602512425
4.948293328313191	5.827864177364795	102.77033765686966	23.021486200051356	79.96586656626381	42.18576118243197	-0.0	234.46359646163668	74.58678927096432	80.85684860026234
5.023986448174999	5.795938872082605	102.47379398092028	23.019427948046474	81.47972896349998	41.97292581388403	-0.0	219.65205779647354	74.31233410669064	80.69619042314001
5.094775447621462	5.767488646297288	102.18024591766961	23.01733449110567	82.89550895242924	41.78325764198192	-0.0	205.04773814221682	74.03888704113535	80.52640897017936
5.160733484239969	5.742447993225042	101.88613293201409	23.015208346008112	84.21466968479936	41.616319954833614	-0.0	190.67552756336374	73.76651790111427	80.35187014893847
5.221942722529456	5.720745579786069	101.59450935374093	23.013050981406256	85.43885445058912	41.471637198573795	-0.0	176.56494153296205	73.49516174035381	80.17497104933956
5.278495965135929	5.702299909219269	101.30276100946836	23.010863262636082	86.56991930271857	41.34866606146179	-0.0	162.7505652991987	73.2248589165254	79.99697536703164
5.3304985846077715	5.687016697823339	101.01310432060708	23.008645774914303	87.60997169215543	41.24677798548893	-0.0	149.27284440236608	72.95557172343169	79.81853439215861
5.378070610202853	5.674792522748472	100.72364923916754	23.00639892764443	88.56141220405705	41.165283484989814	-0.0	136.18046678617753	72.68731940102417	79.6399795248962
5.421349714452037	5.665503141444714	100.43599062277458	23.00412306910269	89.42699428904073	41.10335427629809	-0.0	123.52970973430759	72.42008217132663	79.46147853094865
5.460494059556829	5.659009635127826	100.14878299111761	23.00181849001376	90.20988119113659	41.06006423418551	-0.0	111.38771688650095	72.15386475029509	79.28311603448182
5.495685914706242	5.655152699076713	99.86312726606118	22.99948547498717	90.91371829412483	41.034351327178086	-0.0	99.83323105636936	71.88866109230781	79.10493491211237
5.527135766066622	5.653743573074279	99.57810325530167	22.997124283273557	91.54271532133244	41.02495715382853	-0.0	88.9549770275872	71.62446367375507	78.92695696937443
5.5550854913647285	5.654572592551815	99.29447155494182	22.9947351805494	92.10170982729457	41.030483950345435	-0.0	78.8539398140187	71.36127625098223	78.74919355661811
5.579811838004486	5.657395685621782	99.01160979851213	22.992318416501774	92.59623676008971	41.04930457081188	-0.0	69.63469304937738	71.09908338095345	78.57165070516946
5.6016262585740195	5.661950246106837	98.72999198219446	22.98987424904606	93.03252517148039	41.07966830737892	-0.0	61.40235517308031	70.8378962105514	78.39433187701975
5.620872712623334	5.667946388794593	98.44927545528151	22.987402923802694	93.41745425246667	41.11964259196395	-0.0	54.2411721914605	70.57769170144282	78.21723916910899
5.637917823990939	5.675092805022737	98.16966432078394	22.984904693852766	93.75835647981879	41.16728536681825	-0.0	48.20203641431902	70.3184885255894	78.04037407025436
5.653136415479451	5.683103056844657	97.891056018836	22.982379802111502	94.062728309589	41.220687045631045	-0.0	43.27718897208307	70.06025770523523	77.86373769405961
5.666890447356937	5.691724852194485	97.61342856549024	22.979828497579135	94.33780894713873	41.27816568129657	-0.0	39.397338772394114	69.80302349751645	77.68733102582311
5.679508482230008	5.700753536940914	97.3369238564072	22.977251020831147	94.59016964460015	41.338356912939425	-0.0	36.43920854562563	69.54675071561503	77.51115492637975
5.6912712361868385	5.710028938514712	97.06129084597856	22.97464761690796	94.82542472373676	41.40019292343141	-0.0	34.239690353332186	69.29146875701447	77.33521023993491
5.702403848302526	5.7194413980479775	96.78687065656794	22.97201852413421	95.04807696605053	41.46294265365319	-0.0	32.63199134424217	69.0371383118346	77.15949775457022
5.71307803175678	5.728918493674539	96.51317159218559	22.969363983714832	95.2615606351356	41.52612329116359	-0.0	31.464724213950106	68.78379488111428	76.984018262656
5.723419180764959	5.738416371517677	96.2408295215078	22.96668423203715	95.46838361529919	41.58944247678451	-0.0	30.615754474532565	68.53139214173821	76.80877252478632
5.733516500057456	5.747905632616191	95.96909036812178	22.963979506129157	95.67033000114911	41.652704217441276	-0.0	29.988677612074575	68.27996993662379	76.63376130141279
5.7434317360599705	5.757368783261652	95.69880129454161	22.96125004055928	95.86863472119941	41.71579188841101	-0.0	29.513817952021533	68.02947975595202	76.45898533724706
5.753206999292435	5.766795142743795	95.42898767706923	22.958496068347298	96.0641399858487	41.778634284958635	-0.0	29.142048069927682	67.77996466710744	76.28444536703138
5.762870679313705	5.776178348371941	95.16071984312211	22.955717822250616	96.2574135862741	41.841188989146275	-0.0	28.839717684813227	67.53137318438867	76.11014212211893
5.772441824514227	5.7855143577484816	94.89285873361293	22.952915531155377	96.44883649028455	41.903429051656545	-0.0	28.583794834501813	67.2837475842273	75.93607631204962
5.78193315435621	5.794800767040684	94.62658467364687	22.950089426282513	96.6386630871242	41.96533844693789	-0.0	28.358875026693344	67.03704093868335	75.76224865692684
5.791353171322071	5.80403610008084	94.36064103107009	22.947239732296325	96.82706342644141	42.026907333872266	-0.0	28.15462746020672	66.79129146743149	75.58865984130854
5.800707564292593	5.813219565976907	94.09633960376895	22.94436667870413	97.01415128585185	42.08813043984605	-0.0	27.964264790436225	66.54645415833615	75.41531057356757
5.810000168783951	5.822350783014773	93.83235547295968	22.9414704863586	97.200003375679	42.14900522009849	-0.0	27.783329343806024	66.30256350535753	75.24220151516093
5.819233599984817	5.8314296290303895	93.569967746481	22.9385513829563	97.38467199969634	42.2095308602026	-0.0	27.60890826070963	66.05958376421835	75.06933336192442
5.82840967987322	5.840456093991616	93.30791934743985	22.93560958544139	97.56819359746439	42.26970729327744	-0.0	27.439039385513574	65.81753786109881	74.89670675226539
5.837529703709087	5.849430296585882	93.0474392916383	22.93264531958211	97.75059407418173	42.329535310572545	-0.0	27.272459639710913	65.57639909317435	74.72432236939544
5.846594624839071	5.858352415397319	92.78735229916624	22.929658799040137	97.9318924967814	42.389016102648796	-0.0	27.1083365386098	65.33618255078116	74.55218083165609
5.8556051666836835	5.867222719384559	92.52871396127821	22.926650247299854	98.11210333367366	42.44815146256373	-0.0	26.946187927139505	65.09687393838155	74.38028280727693
5.864561918545778	5.876041417157945	92.27059355536943	22.923619874561403	98.29123837091556	42.50694278105297	-0.0	26.785605523497978	64.8584707132375	74.20862889408396
5.8734653653264095	5.884808799031074	92.01378267113739	22.920567902088692	98.46930730652818	42.565391993540494	-0.0	26.626389288476908	64.62097581637161	74.03721974622712
5.882315935234413	5.893525124236423	91.75760887724346	22.91749453741538	98.64631870468824	42.623500828242825	-0.0	26.468364373826674	64.38437407963633	73.86605594476389
5.891114009354306	5.902190703694258	91.50258522729871	22.914399998757236	98.82228018708611	42.68127135796172	-0.0	26.31146891085692	64.14868002632936	73.6951381253289
5.899859949368908	5.910805792651457	91.24840092393497	22.911284491331475	98.99719898737816	42.73870528434305	-0.0	26.155596058192195	63.91386302010486	73.52446685437883
5.908554091874624	5.9193707006849445	90.995154020067	22.90814823003012	99.17108183749247	42.795804671232965	-0.0	26.000731732876936	63.67995379733007	73.35404274770752
5.917196765366921	5.927885706138016	90.7428944799704	22.90499141840963	99.34393530733841	42.85257137425344	-0.0	25.846833426814253	63.44691096525635	73.18386636049652
5.925788289339006	5.936351089355178	90.49140737776293	22.90181426760194	99.51576578678011	42.90900726236785	-0.0	25.693870884137567	63.21477284106692	73.01393828662756
5.934328973953364	5.944767154150777	90.2410641831972	22.8986169796951	99.68657947906728	42.965114361005185	-0.0	25.541853150042236	62.98349047859678	72.84425907098218
5.942819128474152	5.95313417560214	89.99136031347467	22.89539976198271	99.85638256948303	43.02089450401427	-0.0	25.390755118728784	62.75310779744232	72.67482928504208
5.951259059652823	5.9614524195786895	89.7429215648949	22.892162815103827	100.02518119305645	43.07634946385793	-0.0	25.24054269160298	62.52357162585247	72.50564946403419
5.959649065254339	5.969722194902454	89.49497598394096	22.888906342580174	100.19298130508676	43.131481299349694	-0.0	25.09124554515426	62.29493064069995	72.33672015712733
5.967989445039652	5.977943775546776	89.24838498719231	22.885630543746384	100.35978890079302	43.186291836978505	-0.0	24.94284780644087	62.067129256871176	72.16804189044112
5.9762804972520325	5.986117443409529	89.00221068250147	22.882335618653464	100.52560994504064	43.240782956063526	-0.0	24.795345023683762	61.840215697745926	71.99961554572728
5.9848291302200884	5.997778666359844	88.75746964030078	22.879032595504285	100.69658260440175	43.28080220391631	-0.0	28.44900716606335	61.61412859531828	71.68167442489852
5.995666154648541	6.017130069500937	88.51306115390803	22.875853265850537	100.91332309297081	43.20638190499455	-0.0	36.6264204949756	61.38882777195347	70.77680380880078
6.009137960842299	6.040118147798902	88.27012656291946	22.87298127421155	101.18275921684598	42.99395796081778	-0.0	44.00297359028894	61.16409285257042	69.35937244776687
6.024892150048287	6.065227090430263	88.02745975066792	22.870564955382022	101.49784300096573	42.660246091074995	-0.0	50.20890134103239	60.93982415068834	67.5483906948296
6.042517686352728	6.091346724840124	87.7863524133146	22.868708802234845	101.85035372705454	42.2333839586383	-0.0	55.24323402428796	60.71584602381939	65.4939498402879
6.061566733398251	6.1169326224017855	87.54545572882652	22.8674646411642	102.231334667965	41.74338964876626	-0.0	58.82489322320042	60.49215838060736	63.366932947137855
6.0815508293222615	6.14073704927726	87.30610160887188	22.866827669828428	102.63101658644523	41.22295274895839	-0.0	60.820545436451106	60.26871741417244	61.34158293028657
6.101947451499738	6.16203409701172	87.0669899894282	22.866738317633963	103.03894902999475	40.705471701560526	-0.0	61.28144372074517	60.045597399169665	59.57756785968312
6.1222405237786655	6.180186219016033	86.82940510508435	22.867089629679253	103.4448104755733	40.22016412062704	-0.0	60.17978026160831	59.82284141721821	58.204504283905706
6.141944306398951	6.194511912503005	86.59209523966814	22.86773897713028	103.83888612797901	39.79027666034474	-0.0	57.319066474458275	59.60061789270369	57.31086947849659
6.160448406290828	6.206029976002758	86.35622666540566	22.8685225479121	104.20896812581655	39.442776171197444	-0.0	53.37460170339067	59.379042383040385	56.938293148270745
6.177321218578081	6.214007879296556	86.12070216221106	22.869270762574356	104.54642437156161	39.18879844483244	-0.0	47.88440555029049	59.158286995921614	57.08120990106333
6.192170678208414	6.217971548298747	85.88655417119625	22.869823091151876	104.84341356416827	39.03595759514705	-0.0	40.15662312303957	58.93850011369827	57.69082546991354
6.202662215307412	6.225398005202227	85.65282997636758	22.87004111456579	105.05324430614823	39.03145803832371	-0.0	37.695979472961774	58.71981276637735	58.68121809934254
6.214589626463057	6.217118702464508	85.42035444012276	22.869819817726032	105.29179252926113	39.070214826523575	-0.0	12.572479870364075	58.502319593884955	59.93327479448153
6.401851345199035	6.223270685041335	85.18842258419443	22.869100567518352	105.3304657614804	39.317663160414725	-0.0	-0.0	58.28609265462885	61.264990724079304
7.40962223116746	6.218518044049065	84.95759861203554	22.86793260130438	105.3304657614804	39.62599985806904	-0.0	-0.0	58.07110156850253	62.29780030379131
9.288665279958906	6.208857475594795	84.72742305793388	22.866302335927024	105.3304657614804	40.016906130510726	-0.0	-0.0	57.857317689852714	63.725478596514144
12.029822947156484	6.196279019536408	84.49825365270533	22.864075103635614	105.3304657614804	40.48476082045167	-0.0	-0.0	57.64486678641592	65.5243062331336
15.619736159855297	6.182290320984595	84.26983071787456	22.861149235568607	105.3304657614804	41.01589677461668	-0.0	-0.0	57.43381985334156	67.57679669283654
20.04090942229259	6.168020255828275	84.04225387370144	22.857463981925132	105.3304657614804	41.5888755460514	-0.0	-0.0	57.224269126395235	69.75005218734672
25.271796080423353	6.15518652624611	83.81555914631703	22.85300345873978	105.3304657614804	42.18060182475079	-0.0	-0.0	57.016197063750035	71.90227826113838
31.286903329839028	6.145324098221008	83.58958917765206	22.8477984006629	105.3304657614804	42.76285407441397	-0.0	-0.0	56.80961858487096	73.88984257184126
38.05691645537048	6.140038977843053	83.36459467982823	22.84192554447622	105.3304657614804	43.3058565463123	-0.0	-0.0	56.60443573287021	75.57463065084602
45.54884169672729	6.140737539937207	83.14019817572886	22.8355046266811	105.3304657614804	43.779579050174675	-0.0	-0.0	56.40057249730056	76.83142183902184
53.726167044161315	6.148412179816851	82.91683814425157	22.828693004926315	105.3304657614804	44.15600692621614	-0.0	-0.0	56.197847364369466	77.55496567542225
62.54904018021979	6.163657366883868	82.69405856208719	22.821678091995395	105.3304657614804	44.41309883863696	-0.0	-0.0	55.99612105375502	77.66639313461894
71.97446270066445	6.1821930522192545	82.47228885712703	22.81465771324376	105.3304657614804	44.5479536814617	-0.0	-0.0	55.79517624992607	77.2621848572424
81.95649966780215	6.196064450629385	82.25111848578607	22.80771479416571	105.3304657614804	44.64042967086257	-0.0	-0.0	55.59492403582657	76.82009709977353
91.18371117261536	6.209823756252856	89.27768421252242	22.800869857378704	103.88975776202693	44.73215837501904	414.176805734417	-0.0	55.672495040355365	76.38084490976692
97.75221009727458	6.2242801637237255	89.90219364884625	22.794442604174883	99.58260376300092	44.82853442482484	840.5364241712253	-0.0	57.47232942727715	75.94609276941802
101.733189637858	6.239549823177394	91.29089000458049	22.789001794993283	93.39668916606657	44.93033215451596	969.436417200724	-0.0	60.64069326273669	75.5188023627468
104.38136873993736	6.255643103341089	94.45727716142162	22.784781532388394	86.98243120608728	45.03762068894059	945.075786414199	-0.0	64.01507344413098	75.10016250331077
106.20013875482486	6.272540049200674	97.46379603199424	22.781773786513167	80.86195173592668	45.15026699467116	886.7191466607431	-0.0	67.24525886216173	74.69008537244537
107.44096767886674	6.2902033938870785	100.19839224271365	22.77991047383638	75.20458145112714	45.26802262591386	807.3610030548776	-0.0	70.22543056189559	74.28816854356062
108.35777731503818	6.308583053386676	102.64710863580176	22.779095211347606	70.11875293545421	45.390553689244506	716.91016252476	-0.0	72.88513068675314	73.89386317468195
109.15538948103686	6.32761939907393	104.80013703316595	22.779215433611583	65.64262093786398	45.51746266049287	626.0772478763159	-0.0	75.19451827129303	73.50653838913564
109.95743037818526	6.347246475544383	106.6761801040392	22.780155291656506	61.750737068077456	45.648309836962554	543.426650683554	-0.0	77.1608812650585	73.12554941409154
110.79786001520785	6.367395340483833	108.30662617419155	22.781806532723305	58.371229049447486	45.78263560322556	473.509287861882	-0.0	78.82051100131662	72.75029475870579
111.6451626263886	6.387997419798881	109.70875589683875	22.784075858896745	55.41292632915804	45.91998279865921	417.46449628619433	-0.0	80.22532962095424	72.38025460461144
112.4419554464783	6.408987606373107	110.91513974169625	22.78688733083085	52.79017969290242	46.05991737582072	370.6931526618541	-0.0	81.42663779033705	72.01500298288501
113.15654978955712	6.43030672909537	111.92244401334197	22.790179986037096	50.44471061456416	46.2020448606358	333.27094061643453	-0.0	82.46322222596912	71.65419476986128
113.77835850729373	6.4519030251002185	112.78923015872093	22.7939030690504	48.33725966209309	46.34602016733479	298.36479579795014	-0.0	83.35887849821333	71.29754022255611
114.32202268685272	6.47373241119081	113.52597607315636	22.798011964178155	46.44506457888434	46.491549407938734	267.66433313512755	-0.0	84.12828714559996	70.94478334199057
114.79814940640534	6.495757651974376	114.14267552434141	22.802466380332	44.74726213105997	46.63838434649584	242.88402455854052	-0.0	84.78373217693628	70.59569217276515
115.20206595844309	6.517946841688742	114.6750387909203	22.807230115586275	43.22051303294727	46.78631227792495	217.78991041150414	-0.0	85.33763337062761	70.25005744279729
115.53634324708798	6.540271782885288	115.1159042656873	22.812270947996826	41.84755128460074	46.93514521923525	194.52379886805906	-0.0	85.80132079923204	69.90769187011679
115.80520326088978	6.5627067577999725	115.47276500589372	22.817560011090002	40.61422059186406	47.08471171866648	172.9723762617768	-0.0	86.18366893118505	69.56842676811395
116.01981291419725	6.585227900707847	115.73350394559775	22.823071024016457	39.510765378449406	47.234852671385646	160.52354087159594	-0.0	86.49158486813911	69.23210790711767
116.17299236018121	6.60781306180061	115.95200883348005	22.828779852953048	38.52297645074937	47.385420412004066	141.02665493836446	-0.0	86.73122556430855	68.89859313708614
116.27383225299022	6.630441872138053	116.10285021105783	22.83466435009353	37.64375392192125	47.53627914758702	124.049924522005	-0.0	86.90833064942446	68.56775147923263
116.3324087638176	6.6530957383360585	116.18308023969414	22.840704186838863	36.86747217052524	47.68730492224039	115.92914720255449	-0.0	87.02773558200725	68.23946219158074
116.32107468422787	6.675757654973532	116.21380473197078	22.84688021594834	36.17803163863684	47.83838436649022	98.2562756425135	-0.0	87.09443204057162	67.91361136698994
116.26622416399444	6.6984118949619775	116.191663276239	22.853176174828583	35.57726349511962	47.98941263307985	81.91751887105407	-0.0	87.1137703059504	67.59010083952465
116.20061461341095	6.721043716144843	116.0986846870731	22.859574743777948	35.06931302444211	48.14029144096562	95.77939950952978	-0.0	87.08126012453778	67.26882740186622
115.97383003526	6.743639182397822	115.90749365283662	22.866060483128628	34.605234535661246	48.29092788265215	77.26755087424179	-0.0	87.01790600892107	66.94969827600477
115.83982069222101	6.766185100497273	115.80789702950176	22.87262400959334	34.255760007223685	48.44123400331515	53.601582483473244	-0.0	86.90555609000747	66.63265293630378
115.76711428956989	6.788668997307687	115.77789940329664	22.879239463173853	34.007739370967755	48.59112664871791	-0.0	-0.0	86.71647037444187	66.31754467192029
115.48946642684373	6.811079040824594	115.46006473876072	22.88589306175438	33.78221482277332	48.74052693883063	51.44076134225807	-0.0	86.5187038946107	66.00429101943834
115.089860863769	6.833403744415416	115.09309816908225	22.892582820326464	33.60169875314784	48.88935829610278	-0.0	-0.0	86.30715833086178	65.69287181711006
114.62517794698199	6.855631768900653	114.64095703120687	22.899296933765594	33.53187721738655	49.03754512600435	-0.0	-0.0	86.04289585654524	65.38321543496347
113.36494132086513	6.877752577615137	114.7550139942827	22.906013510435084	33.53187721738655	49.185017184100914	-0.0	-0.0	85.70714350949872	65.07519768503332
111.04121970322265	6.899753947709018	114.03544836338563	22.912721741786658	33.53187721738655	49.33169298472679	-0.0	-0.0	85.3925108353595	64.76875330250193
107.699256671297	6.921622306101168	114.01246522788752	22.91942677779448	33.53187721738655	49.47748204067445	-0.0	-0.0	85.06280399012455	64.46390102682216
103.40412127699688	6.943356012883367	113.41557713329958	22.92612369746361	33.53187721738655	49.62237341922245	-0.0	-0.0	84.74656265914159	64.16060669378453
98.23944113238075	6.964957056687499	113.29241220068701	22.93281663692602	33.53187721738655	49.76638037791666	-0.0	-0.0	84.42248291456762	63.85888381580566
92.30577415422684	6.986422649369576	112.78539786973052	22.93950173337027	33.53187721738655	49.90948432913051	-0.0	-0.0	84.10604510082024	63.5587038799225
85.71865067035627	7.007755279817702	112.59099428932734	22.946182143671773	33.53187721738655	50.05170186545135	-0.0	-0.0	83.78639483670773	63.26007534645047
78.60632400847098	7.02895639462137	112.14843568218106	22.95285491119735	33.53187721738655	50.19304263080914	-0.0	-0.0	83.47072529558811	62.9629745569087
71.10727336429615	7.050024746979454	111.90487613063884	22.959522374384857	33.53187721738655	50.33349831319636	-0.0	-0.0	83.15467668428681	62.6674057611575
63.367507568860454	7.070962858187471	111.5076451657276	22.966182318930674	33.53187721738655	50.47308572124981	-0.0	-0.0	82.8404231859691	62.373349294690165
55.53772225151355	7.091771301088442	111.23134467224074	22.97283642600789	33.53187721738655	50.611808673922944	-0.0	-0.0	82.52741728086549	62.080806041654135
47.77036574946982	7.11244981712681	110.86537893238891	22.97948306863049	33.53187721738655	50.749665447512065	-0.0	-0.0	82.2150000265855	61.78975951650471
40.21667089165403	7.13300053553003	110.56824030592567	22.986123417043803	33.53187721738655	50.88667023686687	-0.0	-0.0	81.90467104300015	61.500208005215356
33.02371044880329	7.1534236527949355	110.22346693479028	22.99275629530173	33.53187721738655	51.022824351966236	-0.0	-0.0	81.59434889968175	61.212137484080635
26.331533581253744	7.173719578032864	109.91390285749145	22.999357863860247	33.53187721738655	51.158130520219096	-0.0	-0.0	81.2864740037342	61.27124077239979
20.270439038507803	7.193889973623919	109.58327609169471	23.005679603662745	33.53187721738655	51.29259982415946	-0.0	-0.0	80.97859655830683	62.20314235431995
14.958438202422105	7.213934978473274	109.26707563395632	23.01153163765555	33.53187721738655	51.42623318982183	-0.0	-0.0	80.67361364757409	63.51400703924212
10.498957369101813	7.233855382863992	108.94578646816383	23.016816313786535	33.53187721738655	51.55903588575995	-0.0	-0.0	80.36895527335437	65.06480011739957
6.988152269479246	7.2465916137873885	108.62684215103806	23.021470483894888	33.582634002977784	51.64394409191593	-0.0	127.09232478501161	80.0672591371023	66.77365203107324
4.677762087639627	7.099689198500103	108.31173122990943	23.025454556898183	35.513738566489735	50.664594656667354	-0.0	389.0635480596708	79.76611861103545	68.56958010970534
3.315196408176374	6.962437141214563	107.99250151526964	23.02875304428028	38.45046475893	49.74958094143042	-0.0	477.44376193944225	79.46782489533528	70.37712712773505
3.035466841378298	6.845943506830546	107.68155298481777	23.031376579686427	41.70933682756596	48.97295671220364	-0.0	488.01105683249176	79.1702711757262	72.10692478254545
3.195371076110827	6.749923419971179	107.36357824953716	23.03336556030264	44.90742152221654	48.33282279980786	-0.0	471.3380119312169	78.87532830941146	73.68069870185188
3.3497692958501326	6.660923871890968	107.05554918523896	23.034773657794677	47.99538591700265	47.73949247927312	-0.0	454.91445459839167	78.58122017512083	75.08993370184731
3.498706446614068	6.576211214174706	106.73969965768858	23.035654435470175	50.97412893228135	47.17474142783138	-0.0	438.57045953021037	78.28943070615458	76.33816883702062
3.6422055007932475	6.495483636223486	106.43390535001609	23.036060085867188	53.84411001586494	46.636557574823236	-0.0	422.29123062690974	77.99853506988781	77.4292832729321
3.7802883125202533	6.418692013570397	106.12069864523144	23.03604156080603	56.60576625040506	46.12461342380265	-0.0	406.0790949010229	77.70969010372312	78.36758933195497
3.912977985945274	6.345811963993765	105.81673688627487	23.035648232886505	59.25955971890548	45.638746426625104	-0.0	389.9386152050482	77.42178206592966	79.15795295132982
4.040299272163173	6.276820193613264	105.50630584313964	23.034927811016257	61.80598544326345	45.178801290755096	-0.0	373.87505612253767	77.13568766956392	79.80595643802721
4.162278782323753	6.211692634779078	105.20409130725122	23.03392600117663	64.24557564647505	44.744617565193856	-0.0	357.89435002310086	76.85055134361397	80.31811426327704
4.2789452158369325	6.150402833950864	104.89651491025108	23.03268619641614	66.57890431673866	44.33601889300576	-0.0	342.0030718167904	76.56702752426267	80.7021577953181
4.390329597987689	6.092922694299732	104.59593920540448	23.031249016079546	68.80659195975377	43.952817961998214	-0.0	326.20862729165015	76.28446920476715	80.9673942608412
4.496465576696702	6.0392220892122905	104.29118758862519	23.029651717541935	70.92931153393404	43.59481392808194	-0.0	310.51937464870736	76.00335336848785	81.1251159952859
4.597389759510052	5.989268152592276	103.99228664419803	23.027927514963555	72.94779519020103	43.261787683948505	-0.0	294.94473985416147	75.72320223886628	81.18895292783368
4.69314210472853	5.943025260295176	103.69029053615367	23.026104767066766	74.86284209457058	42.953501735301174	-0.0	279.49543327738894	75.4443590441332	81.17490031636883
4.783766386250404	5.900454607153098	103.39311224949263	23.024206341836265	76.67532772500807	42.669697381020654	-0.0	264.1836743752694	75.16647955854249	81.10059254647405
4.869310734926015	5.861513603191308	103.09370804019572	23.022249299299784	78.38621469852029	42.41009068794205	-0.0	249.02345123819327	74.88981174730705	80.98355446807616
4.94982829143564	5.8261550316665724	102.79844173458329	23.0202453438874	79.99656582871279	42.17436687777715	-0.0	234.03081263891997	74.61410774313451	80.83894810832008
5.025377956524482	5.794327249498813	102.50153543335009	23.018201828965545	81.50755913048962	41.96218166332542	-0.0	219.224384617441	74.33955576948388	80.67805268442218
5.096025318590916	5.765972459327805	102.2081180944323	23.016123119229672	82.92050637181832	41.77314972885203	-0.0	204.62574690408712	74.06597797335326	80.50819482565505
5.161843731790441	5.7410266269028725	101.91366339813568	23.01401169365265	84.23687463580882	41.606844179352485	-0.0	190.26016646825204	73.79350950193859	80.33367020296166
5.222915692263318	5.719415841388002	101.62216163813514	23.011868997541843	85.45831384526636	41.46277227592001	-0.0	176.15691675404832	73.52202625461138	80.15683385458406
5.279334285258172	5.701060025438961	101.3300934911444	23.00969588580462	86.58668570516343	41.340400169593075	-0.0	162.35103560279285	73.25162205890518	79.97892590628456
5.331205279718999	5.685864140839951	101.04053228509001	23.007492937330916	87.62410559437997	41.23909427226634	-0.0	148.88310454870123	72.98221132596909	79.80058520667377
5.378649183539141	5.673723756781472	100.75078198015989	23.005260559076124	88.5729836707828	41.15815837854315	-0.0	135.80191761402236	72.7138563592545	79.62213669433974
5.421804212967291	5.6645142453675135	100.46319550305331	23.002999098077847	89.4360842593458	41.09676163578342	-0.0	123.16402488151286	72.44649891601085	79.443744823479
5.460829054916672	5.658099004862319	100.17570227255064	23.00070884435135	90.21658109833342	41.053993365748795	-0.0	111.03770472953316	72.18017840170997	79.26549253910423
5.495907041584053	5.6543110051688545	99.89011649480192	22.99839008293712	90.91814083168107	41.028740034459034	-0.0	99.49998856306502	71.91485620454559	79.08742188244334
5.527249154067571	5.652968990412782	99.60483680308712	22.996043072674986	91.5449830813514	41.01979326941854	-0.0	88.64248288250779	71.65055509679425	78.9095542238762
5.555098490316448	5.6538574930738	99.32125470242215	22.99366808008458	92.10196980632895	41.025716620492	-0.0	78.56486283533178	71.3872513085789	78.73190070828932
5.57973291851345	5.656730899450678	99.03814596870463	22.991265354456374	92.594658370269	41.04487266300452	-0.0	69.3712750969502	71.12495465856693	78.55446725829877
5.601464553766102	5.6613312588014955	98.7565650461112	22.988835154904983	93.02929107532204	41.07554172534331	-0.0	61.169183946756	70.8636534470235	78.3772572890721
5.620638424646825	5.667365126792112	98.47559414164918	22.986377726336443	93.4127684929365	41.11576751194742	-0.0	54.04090010427709	70.6033459166167	78.20027286845719
5.637622225512567	5.674535174175641	98.19602613359102	22.983893323398057	93.75244451025134	41.1635678278376	-0.0	48.03185704761052	70.34403008740212	78.0235154813637
5.652789866202892	5.682565932648182	97.91718587709644	22.981382187950246	94.05579732405783	41.217106217654546	-0.0	43.13935735300929	70.08569555270518	77.8469862301037
5.666502990579971	5.691202501202957	97.6395924903491	22.97884457086755	94.33005981159943	41.27468334135305	-0.0	39.29019488290439	69.82835061517152	77.67068610780701
5.67908934547033	5.700238196449393	97.3628509826155	22.976280711380692	94.58178690940659	41.334921309662626	-0.0	36.356611313369974	69.57197469788467	77.49461596785449
5.690827961167849	5.709516021356801	97.08724202419326	22.973690856701285	94.81655922335698	41.396773475712	-0.0	34.17607001703791	69.31658394718117	77.31877666623733
5.701942224014637	5.718928819488766	96.81260492561489	22.971075243553223	95.03884448029274	41.45952546325844	-0.0	32.58315848921115	69.06215000108709	77.14316898334282
5.7126022816054975	5.728405872304318	96.53892913885086	22.968434115515468	95.25204563210994	41.52270581536212	-0.0	31.428083280344723	68.80869920195168	76.9677937249355
5.722932576090116	5.7379017829137595	96.26636518595585	22.965767707123632	95.45865152180232	41.58601188609173	-0.0	30.587177484653733	68.55619349373042	76.79265164306292
5.733021281632535	5.747388343699549	95.99462846644809	22.96307625809828	95.6604256326507	41.64925562466366	-0.0	29.965670010669886	68.30466654817718	76.6177435134378
5.742929483156981	5.756848113926762	95.72416045537601	22.96036000087854	95.85858966313963	41.71232075951175	-0.0	29.494311707705528	68.05407204697937	76.44307007079486
5.752698727274405	5.766271166238838	95.45432301135983	22.957619171239312	96.05397454548809	41.77514110825892	-0.0	29.125202750832493	67.8044541059069	76.2686320653305
5.762357107788136	5.775650894134902	95.1858940152026	22.954853999932105	96.24714215576273	41.837672627566015	-0.0	28.82467079903676	67.55575864404335	76.09443021903627
5.771923441311329	5.78498332905365	94.917966995458	22.952064718417343	96.43846882622658	41.89988886035766	-0.0	28.569966466466905	67.3080329184393	75.92046525619736
5.7814102953829245	5.794266073783005	94.65160806053248	22.9492515561537	96.62820590765848	41.961773825220035	-0.0	28.34583126325683	67.06122022659713	75.74673788877621
5.790826061306731	5.803497728099421	94.38554381903351	22.946414739963032	96.81652122613463	42.02331818732947	-0.0	28.142124556314158	66.81537330361492	75.57324881386867
5.800176357414557	5.81267752750787	94.12117907118535	22.943554498118484	97.00352714829114	42.08451685005247	-0.0	27.952157892228424	66.57043083614585	75.3999987343448
5.809464975146283	5.821805084919121	93.85705277158733	22.940671053038077	97.18929950292565	42.14536723279414	-0.0	27.771511676579145	66.32644348368945	75.22698832106143
5.818694500342613	5.830880275914393	93.59464926993283	22.937764631801812	97.37389000685226	42.20586850609595	-0.0	27.59730010773223	66.08335814645442	75.05421826769839
5.827866736026716	5.839903088644885	93.33241325569091	22.934835452373424	97.55733472053431	42.2660205909659	-0.0	27.4275780672581	65.84121807403481	74.8816892193151
5.836982962170886	5.848873658600979	93.07191883118996	22.931883740328566	97.7396592434177	42.3258243906732	-0.0	27.261117491416837	65.59997531444638	74.70940185909068
5.846044120352156	5.85779218917327	92.81165053092268	22.92890970999844	97.92088240704311	42.385281261155136	-0.0	27.097127178349105	65.35966481954641	74.53735680973004
5.8550509363265	5.866658891267562	92.55302571738947	22.92591358469971	98.10101872653	42.444392608450414	-0.0	26.935054925066893	65.12025040629165	74.3655547401883
5.864003990204335	5.875474013328031	92.29469713506407	22.922895575751816	98.28007980408668	42.50316008885354	-0.0	26.774548459889964	64.88175663087236	74.19399625494971
5.872903765443584	5.884237838660203	92.0379051417775	22.91985590387504	98.45807530887167	42.561585591068024	-0.0	26.615401106102045	64.64415736713009	74.02268200645342
5.8817506859303625	5.8929506467910695	91.78151999710683	22.916794777503206	98.63501371860724	42.61967097860713	-0.0	26.45746688166093	64.40746499807042	73.85161258137676
5.8905451371395765	5.901612706832492	91.52656933339132	22.913712414759054	98.81090274279153	42.67741804554995	-0.0	26.300629380439347	64.17166502877086	73.68078861627896
5.89928747729917	5.910224294705072	91.27211377603898	22.910609021384122	98.9857495459834	42.73482863136715	-0.0	26.14480996046602	63.93676026116494	73.51021068131891
5.9079780384051395	5.918785749564661	91.01893861930868	22.907484812894435	99.15956076810278	42.79190499709774	-0.0	25.99003554191645	63.70274904387445	73.33987939633897
5.916617155374384	5.927297299076234	90.76642545437456	22.904339992084136	99.33234310748767	42.84864866050823	-0.0	25.836195179740354	63.46961586815139	73.16979531399583
5.925205143765641	5.935759250819227	90.51502211322854	22.901174771905332	99.50410287531282	42.90506167212818	-0.0	25.683295949879447	63.237376837535315	72.99995903856964
5.933742313862023	5.944171905577604	90.26444364617238	22.897989353015546	99.67484627724046	42.96114603718403	-0.0	25.53134313395593	63.00600332838605	72.83037110849973
5.942228976195544	5.952535527485735	90.01478262340169	22.894783944878633	99.84457952391088	43.01690351657157	-0.0	25.380296602619723	62.77552299545979	72.66103210778729
5.950665433144891	5.960850413086601	89.7661022292097	22.89155874650198	100.01330866289783	43.07233608724401	-0.0	25.23016540486525	62.54589676618999	72.49194256389593
5.959051984115858	5.969116857704433	89.51813401335967	22.888313963636893	100.18103968231715	43.127445718029556	-0.0	25.08096089239748	62.31716225440226	72.32310303890795
5.967388937565278	5.977335071879636	89.27149414201982	22.885049794211593	100.34777875130555	43.1822338125309	-0.0	24.932576975662286	62.08926361415707	72.15451405277493
5.975676578537076	5.985505416769343	89.02519624167786	22.881766439477126	100.5135315707415	43.23670277846229	-0.0	24.785124359516693	61.862260396565745	71.98617614141762
5.98423556453664	5.997450740099544	88.78039259137621	22.878476087009407	100.68471129073278	43.275659231899056	-0.0	28.739319280065175	61.63607826004212	71.65681361396024
5.995154528194539	6.016738903922779	88.53586199679913	22.875314315396384	100.90309056389077	43.19656665148316	-0.0	36.7290550248032	61.41068568113274	70.73790331933867
6.008668731610055	6.039932546184985	88.2928736448574	22.87246401759416	101.1733746322011	42.98180719974468	-0.0	44.203941124441414	61.18584238436206	69.30896246570894
6.024475251715605	6.065148580880746	88.05011903100699	22.870072589704073	101.48950503431209	42.645914417860276	-0.0	50.41907449389897	60.96146768126843	67.4897812346992
6.042153403204701	6.091085673156612	87.80891754844146	22.86824331601808	101.84306806409401	42.21599229252089	-0.0	55.30159918116702	60.73739466587154	65.4311809604148
6.06122817837227	6.116661037425881	87.56792781997488	22.867026646462424	102.22456356744539	41.725075857509424	-0.0	58.86045948555525	60.51360407861771	63.30437791843146
6.081223947435284	6.140452497668868	87.32849925750098	22.866416361698906	102.62447894870567	41.20468605805735	-0.0	60.84229112713463	60.29005237800932	61.283492277564
6.101622870072288	6.161655183057728	87.08930000278616	22.866351588216986	103.03245740144575	40.687642442888944	-0.0	61.253731001384665	60.06682628171471	59.52764060382716
6.12189897683902	6.179788686330391	86.85165474560584	22.866724306846752	103.43797953678039	40.20396230392425	-0.0	60.15070110323468	59.84397281801875	58.16554796753476
6.14154778362845	6.194357300312225	86.6141999283412	22.86739115307242	103.830955672569	39.777777180241195	-0.0	57.450803238387564	59.62165533509478	57.284583088993415
6.16009085178562	6.204999082225927	86.37830216377056	22.868187955506492	104.2018170357124	39.4280340938647	-0.0	52.97890525972768	59.39999116407884	56.9251891810664
6.176890795264057	6.213063613242175	86.14265103346155	22.868945157569343	104.53781590528112	39.17759851912352	-0.0	47.547882430581666	59.179151512509726	57.0806608694846
6.191493581636988	6.218117892027716	85.90847996743769	22.869502603833137	104.82987163273975	39.03403973300481	-0.0	40.792393891760184	58.95927064127366	57.70119470905282
6.202194483028002	6.224391718503288	85.67460616374169	22.869722551902214	105.04388966056003	39.0263986479993	-0.0	37.246841707792605	58.740510832458654	58.70000334328578
6.213848242883518	6.216300301119662	85.44211194875018	22.869500937965864	105.27696485767036	39.069432493869535	-0.0	12.379565410747983	58.52293883060426	59.9571025933647
6.415817915002817	6.221807288307148	85.21003700730266	22.868780770316786	105.31966171293335	39.31637583701341	-0.0	-0.0	58.30663731629571	61.28019033272012
7.44534158591743	6.21717394004535	84.97918844342392	22.867613656637214	105.31966171293335	39.62822500250578	-0.0	-0.0	58.0915681815733	62.322512047724565
9.345869880541805	6.207453229930829	84.74888017745978	22.865980176889515	105.31966171293335	40.021258924143865	-0.0	-0.0	57.8777138668975	63.76099260560186
12.108140545791617	6.194815879130276	84.51968665677715	22.863746614941373	105.31966171293335	40.490737206111	-0.0	-0.0	57.66518920077301	65.56794103414559
15.718691614250073	6.180816452465245	84.29111620567272	22.860812254780804	105.31966171293335	41.02313054453161	-0.0	-0.0	57.45407811738373	67.62540181673447
20.159927011258155	6.166570517185639	84.06353258623872	22.85711742827675	105.31966171293335	41.59679291540743	-0.0	-0.0	57.244457447740864	69.80016223256904
25.410202309650085	6.153795054959951	83.8366847735139	22.852647406397878	105.31966171293335	42.18851293999063	-0.0	-0.0	57.03632244824536	71.95028391032291
31.443930214203434	6.144032032264496	83.61071605991393	22.8474340971428	105.31966171293335	42.77004077003582	-0.0	-0.0	56.829676493423364	73.93217264166802
38.23170526168841	6.138846729349622	83.3855878247417	22.841555366870494	105.31966171293335	43.31133133885256	-0.0	-0.0	56.62442275834335	75.60793861360656
45.74044712883954	6.139737312242809	83.16112930305972	22.83513197813895	105.31966171293335	43.78302769247904	-0.0	-0.0	56.42049092707157	76.85276934007419
53.93356184981993	6.14759699028564	82.9376787789707	22.82832215326398	105.31966171293335	44.15664810985017	-0.0	-0.0	56.21769075628573	77.56199439143869
62.771120157432286	6.163032456576766	82.71482777671547	22.82131395621749	105.31966171293335	44.41049564532693	-0.0	-0.0	56.01588634524852	77.65747520397812
72.2100520790351	6.1814564510545615	82.4929759215772	22.814304390880974	105.31966171293335	44.54304300703041	-0.0	-0.0	55.81485828765509	77.24778654944416
82.20435683866104	6.1952943943302055	82.27172895644128	22.80737252156181	105.31966171293335	44.63529596220137	-0.0	-0.0	55.614523375499076	76.80583238969794
91.38551893765215	6.209067074266092	89.37968479129064	22.800540586871396	103.81831016153767	44.727113828440615	424.88242276250463	-0.0	55.7129899852093	76.36672336007518
97.88522921696052	6.223543431733862	89.92171148407594	22.794138478224674	99.44981979427494	44.82362287822575	846.5911622262615	-0.0	57.55567066328975	75.93217738561513
101.82393924582108	6.23883410120942	91.37732562715301	22.78873225251361	93.24599289590245	44.92556067472947	969.6366462134804	-0.0	60.73765554299365	75.50514158726168
104.44933725380483	6.254948242101043	94.5493320786671	22.784547777819604	86.83612023115555	45.03298828067362	943.9282100681148	-0.0	64.11022478364823	75.08676131051557
106.25158657601646	6.271865348262367	97.54851068467728	22.781574526852758	80.72525289596723	45.14576898841578	885.0292821260358	-0.0	67.33535200975827	74.67693560973366
107.48222056976707	6.289547769679417	100.27488333848902	22.779743621883185	75.08086209329167	45.26365179786278	805.3945311553985	-0.0	70.30843766662757	74.27525793289766
108.39473463769276	6.307945132482426	102.71268427223889	22.77895815849271	70.00985550308245	45.38630088321617	715.1115527600214	-0.0	72.95988032398746	73.88117676615283
109.19038540473127	6.326997601205045	104.86472807814599	22.779105362843275	65.54756552102025	45.51331734136697	623.9464395223966	-0.0	75.26064880983563	73.49406021814193
109.9930022912958	6.346639098255258	106.73613298160704	22.780069449552684	61.668718886757404	45.644260655035055	541.4039507354815	-0.0	77.21911017868209	73.11326393423312
110.83262009263555	6.366800645637797	108.36980028470283	22.781742466559493	58.29953552553069	45.77867097091865	470.80121358588764	-0.0	78.871952640468	72.7381880840336
111.67908040498344	6.387413717321938	109.76796192060665	22.784031525252182	55.350041582704364	45.91609144881292	414.72962709928345	-0.0	80.27132712564922	72.36831507076678
112.47838616602384	6.408413326710413	110.9455898995365	22.78686109024432	52.73647296424696	46.05608884473609	371.4184486315407	-0.0	81.46832475600759	72.00322110708666
113.1895690643635	6.429740474574058	111.9554474005939	22.790170503615748	50.39644877380827	46.19826983049372	333.27308583092025	-0.0	82.50127693792064	71.64256271762355
113.80943600298863	6.451343592364083	112.81837105276311	22.793909193786927	48.29437547762928	46.342290615760554	298.6567352669229	-0.0	83.39373357102332	71.28605116558076
114.35234060355819	6.4731787830490335	113.54754734394156	22.798032659815004	46.40739476114813	46.487858553660224	269.13081088105974	-0.0	84.16024203719016	70.93343109009304
114.82234563193057	6.495208965550325	114.18308613934494	22.80250070724585	44.712166796391365	46.634726437002165	239.86111467411166	-0.0	84.81307372162385	70.58447107552341
115.22753043290638	6.517402346506572	114.69916659630621	22.807277231442114	43.19039009335113	46.78268231004381	218.065919606927	-0.0	85.36465904301235	70.23896239015076
115.56174273385562	6.539730803575417	115.13085881254865	22.8123300992032	41.821448205536335	46.931538690502784	196.92524702949456	-0.0	85.8262678878277	69.89671824463777
115.82816711525788	6.562168670776162	115.48992834825668	22.817630513219527	40.590944404442475	47.081124471841086	174.47489512852007	-0.0	86.2067163236631	69.55757033963805
116.0384480243415	6.584692125710291	115.76127786468159	22.823152246493223	39.48940891333642	47.231280838068606	157.9408571883556	-0.0	86.51288164565737	69.22136475035018
116.1938227969635	6.607279062411615	115.96360043809915	22.828871213281445	38.505465663795384	47.38186041607743	143.9444764407157	-0.0	86.75091282178624	68.88795959972434
116.29362043455048	6.629909157402206	116.1119035162076	22.834765310494397	37.62878460952986	47.53272771601471	127.88480226695609	-0.0	86.92653664594827	68.55722416286895
116.32670933633597	6.652563860361055	116.20297883117443	22.840814501831634	36.847256746161314	47.6837590690737	105.52604164156782	-0.0	87.04697761341706	68.22903925187181
116.34739691120211	6.675226202130514	116.19921293231324	22.84700018964561	36.1702390345355	47.834841347536766	115.48401664298818	-0.0	87.11107520790095	67.90329384936209
116.31361541193637	6.697880483733466	116.23909367318485	22.85330363674052	35.57811967999485	47.98586989155644	81.8960102058474	-0.0	87.1224709512286	67.5798767933126
116.22310960346067	6.720511985012853	116.16648059407026	22.85970769156157	35.06493449153364	48.13674656675235	71.3905515116428	-0.0	87.08854212990688	67.25868583002728
116.01904949016985	6.743106788918996	115.79331383212954	22.866199820649086	34.609643604142676	48.28737859279331	142.53494036069762	-0.0	87.02899579252336	66.93964349370474
115.83534485747006	6.765651621732392	115.82762300862296	22.872770631420423	34.247783305949	48.437677478215946	26.362215313565418	-0.0	86.91855826339318	66.6226891827801
115.77538524203501	6.788133764832319	115.78562872008511	22.87939327554216	34.00548818385072	48.58755843221546	-0.0	-0.0	86.72733898810965	66.3076709739359
115.50590907429034	6.8105416246490105	115.45978973673263	22.8860531287453	33.78430155348258	48.73694416432674	64.42623984211806	-0.0	86.5269504957059	65.99450199089222
115.09971903146258	6.832864161912034	115.09193037892595	22.892748623325186	33.60386931853056	48.88576107941356	26.47600287613138	-0.0	86.31496840950958	65.68316429280442
114.60035832658393	6.85509018527707	114.66943124282433	22.899468487294023	33.53001157929719	49.0339345685138	-0.0	-0.0	86.05138555253829	65.3735890640265
113.31322180165662	6.877208958307587	114.74929976012027	22.906191271921575	33.53001157929719	49.181393055383914	-0.0	-0.0	85.71747341590697	65.06565444364458
110.96354280413334	6.899207672869433	114.06021986879385	22.912905734056032	33.53001157929719	49.32805115246288	-0.0	-0.0	85.40144791077485	64.75929287120024
107.59707030945596	6.92107285257429	114.0101217736622	22.91961690463908	33.53001157929719	49.47381901716194	-0.0	-0.0	85.07283921234642	64.45452246806182
103.27935057633923	6.942803702566535	113.43703795832398	22.92631998413235	33.53001157929719	49.61869135044357	-0.0	-0.0	84.75560541885699	64.1513097083677
98.09445094089313	6.964401726332955	113.29300451615951	22.93301897399809	33.53001157929719	49.762678175553035	-0.0	-0.0	84.43227408260802	63.849667402648755
92.14332299961879	6.985864191352913	112.80402741035239	22.93971015248591	33.53001157929719	49.90576127568609	-0.0	-0.0	84.115145673648	63.54956778078741
85.54183705068573	7.007193962768817	112.59399856743653	22.946396535651747	33.53001157929719	50.04795975179211	-0.0	-0.0	83.79598639696431	63.2510185676305
78.4185260634174	7.028392058694125	112.16477284484503	22.95307530465533	33.53001157929719	50.18928039129417	-0.0	-0.0	83.47984568714783	62.953996831281785
70.91208310174851	7.049457406285079	111.90978813207032	22.959748666869288	33.53001157929719	50.329716041900525	-0.0	-0.0	83.16410314414826	62.65850613658748
63.168660927411324	7.070392673058916	111.52216495860891	22.966414531511067	33.53001157929719	50.46928448705944	-0.0	-0.0	82.84953446275888	62.3645274711623
55.33902636057729	7.091198140510811	111.237706677749	22.97307446600591	33.53001157929719	50.60798760340541	-0.0	-0.0	82.53670576018446	62.072061124651775
47.57562480331426	7.111873749431824	110.87849520536027	22.979726947760398	33.53001157929719	50.745824996212164	-0.0	-0.0	82.2240806221878	61.7810911633896
40.02961208053474	7.132421640270993	110.57568151563606	22.986373053149038	33.53001157929719	50.88281093513995	-0.0	-0.0	81.9138407244221	61.491615383020076
32.84791138944745	7.152841842923169	110.23552333777538	22.99301169075072	33.53001157929719	51.018945619487795	-0.0	-0.0	81.60338301487874	61.203620207425544
26.170352659538228	7.173134936295602	109.92211246820474	22.999614098365967	33.53001157929719	51.15423290863735	-0.0	-0.0	81.29554247813371	61.296389302476626
20.126950020667124	7.193302529166271	109.59454885947041	23.005928721077304	33.53001157929719	51.28868352777514	-0.0	-0.0	80.98758701451268	62.238693105308315
14.835370387845341	7.213344686250491	109.27581068296764	23.01177103937228	33.53001157929719	51.42229790833661	-0.0	-0.0	80.6826130674252	63.55570069790488
10.39864245006321	7.233262318630145	108.95650109459278	23.017044366578276	33.53001157929719	51.55508212420097	-0.0	-0.0	80.37791064528918	65.11062629055971
6.920694806181922	7.240051476830585	108.63591503483815	23.021686079953426	33.626690622092866	51.60034317887057	-0.0	141.27912767122191	80.07620366039072	66.82200405089
4.634212119208028	7.094042089034287	108.32202583383734	23.02565715101744	35.59835419488693	50.626947260228576	-0.0	392.0961273898802	79.77503853037668	68.61879156535842
3.2951941704206047	6.957483172865565	108.00179066508474	23.02894264323392	38.54804517792342	49.71655448577044	-0.0	478.42769845903575	79.47672228852822	70.42523901731461
3.0403751697493493	6.841644528995853	107.69153740865397	23.031553928918758	41.80750339498699	48.944296859972354	-0.0	487.4211063884149	79.17915287944031	72.15153831732093
3.2000851161201385	6.745957680609645	107.3729849492895	23.033532002588803	45.00170232240277	48.30638453739763	-0.0	470.7621854828552	78.88417939279059	73.72087246938455
3.354291993300116	6.65711832664732	107.06531320862192	23.034930623090084	48.08583986600232	47.714122177648804	-0.0	454.34199215370825	78.59005746102937	75.12576175049298
3.503038683607091	6.572547303515414	106.74918426554214	23.035803306245	51.06077367214182	47.150315356769426	-0.0	438.00032961662276	78.29823125168473	76.36975030240299
3.6463480514171716	6.491958714695337	106.44350828885756	23.036202223584308	53.92696102834343	46.61305809796892	-0.0	421.72344783623936	78.0073223107079	77.45672769400825
3.7842419837857646	6.415305236033479	106.13015298984757	23.03617827770455	56.68483967571529	46.10203490688986	-0.0	405.513813902168	77.71843793494924	78.39101934202445
3.916743640018653	6.342562518768232	105.82620838519153	23.035780807852277	59.334872800373056	45.61708345845488	-0.0	389.37601354198574	77.43051366441046	79.17750816395288
4.043877832783869	6.273707307016701	105.5157763452472	23.035057465938397	61.877556655677374	45.15804871344467	-0.0	373.31533874132737	77.14437730153064	79.82179838517479
4.165671246318987	6.2087152368535525	105.21343205067242	23.034053906640807	64.31342492637974	44.72476824569035	-0.0	357.33772458055745	76.85922367575459	80.33043320554796
4.2821526550182565	6.147559987847102	104.90593250213705	23.032813450418065	66.64305310036514	44.317066585647346	-0.0	341.44978884427917	76.57565624362559	80.71118129077539
4.393353171583135	6.0902133977864565	104.60519784684368	23.031376638387695	68.8670634316627	43.934755985243044	-0.0	325.65896907302835	76.29307713684655	80.97339779336393
4.499306543624739	6.036645171920523	104.30054629294557	23.029780626031133	70.98613087249478	43.577634479470156	-0.0	309.97365092614973	76.01191796472179	81.12843396095829
4.60004948972048	5.986822346569027	104.00148632542634	23.02805850996976	73.00098979440958	43.24548231046018	-0.0	294.4033008528169	75.73174258613582	81.18998529203876
4.695622094454084	5.9407092039130704	103.69956208656876	23.026238507103223	74.91244188908168	42.93806135942047	-0.0	278.9586785550625	75.45285746587209	81.1741049411606
4.786068275373193	5.898266825558462	103.40225601304505	23.02434333243632	76.72136550746384	42.65511217038975	-0.0	263.6520612219433	75.17495032430443	81.09845145011722
4.871436326747696	5.8594525229684535	103.10296778957245	23.02238989199679	78.42872653495391	42.396350153123024	-0.0	248.49750957262603	74.89824005587818	80.98051513716202
4.951779576856618	5.824219015238778	102.80746740095458	23.020389758354604	80.03559153713236	42.16146010159185	-0.0	233.51116654002865	74.62251007121729	80.83536775983812
5.027157148796365	5.7925142625401	102.51070529228798	23.018350187367783	81.54314297592731	41.950095083600665	-0.0	218.7117271866861	74.3479157659652	80.67417675602917
5.097634874304215	5.764280678217664	102.2170929592002	23.016275479388867	82.9526974860843	41.76187118811776	-0.0	204.12095126319232	74.07430962947419	80.50417286482819
5.163286433568923	5.739452712710585	101.92276739777856	23.014168077331675	84.26572867137847	41.59635141807057	-0.0	189.76404413469336	73.80180050373083	80.32958626152413
5.224194612275445	5.717958400027419	101.63108790477258	23.01202940498568	85.4838922455089	41.45305600018279	-0.0	175.6708192458222	73.53028780002829	80.15273256649323
5.280452973166152	5.699714611929331	101.33911506557043	23.009860307904294	86.60905946332302	41.331430746195544	-0.0	161.8760402984294	73.25984502664566	79.97483042781289
5.332167688703513	5.68462855197192	101.04941120745458	23.00766135834199	87.64335377407026	41.230857013146135	-0.0	148.4210360908299	72.99040360531116	79.79650721836059
5.379459951195276	5.672591632660811	100.75972665242783	23.005432961652172	88.58919902390552	41.1506108844054	-0.0	135.35409152144572	72.72201130877471	79.6180820499291
5.422468425549256	5.663484801029745	100.47202508270439	23.003175462614053	89.44936851098511	41.089898673531636	-0.0	122.73354662654621	72.45462264153736	79.43971635572046
5.461352906381406	5.65716238720192	100.18456606656896	23.000889151452792	90.22705812762813	41.0477492480128	-0.0	110.62591265739736	72.18826630480554	79.26149160600453
5.496297272658281	5.653465366206929	99.89888208399422	22.998574312248294	90.92594545316562	41.02310244137953	-0.0	99.11107832523327	71.92291272756121	79.08344906702983
5.5275138360427345	5.65220519624665	99.61361851578523	22.99623120435552	91.55027672085468	41.014701308311004	-0.0	88.27915956070687	71.65857658409233	78.90560973995781
5.55524691360453	5.65316515184221	99.3299605627942	22.993860093851097	92.1049382720906	41.021101012281406	-0.0	78.2297251040486	71.39524115474285	78.72798457793972
5.579775001243164	5.656108084614517	99.04686360042525	22.991461230414465	92.59550002486328	41.04072056409678	-0.0	69.07110619289031	71.13290965505693	78.55057941056423
5.601412214918506	5.660762705352181	98.76522174435063	22.98903487291233	93.02824429837011	41.07175136901454	-0.0	60.904890215028736	70.87157606697656	78.37339760640852
5.620504552005353	5.666836592768036	98.48425773399242	22.98658126671917	93.41009104010706	41.11224395178691	-0.0	53.812197015804124	70.6112343567859	78.19644121237421
5.637419060222025	5.6740461098422585	98.20460965862442	22.984100666216587	93.74838120444049	41.16030739894839	-0.0	47.84548673871539	70.35188770296537	78.01971170043846
5.652530743694121	5.682102473140852	97.92577725823018	22.981593313680463	94.05061487388241	41.21401648760568	-0.0	42.99108152187734	70.09351923282576	77.84321017007312
5.66620000448397	5.690756636634041	97.64812620698976	22.97905945973669	94.3240000896794	41.27171091089361	-0.0	39.17638969302057	69.83614244275917	77.66693761047748
5.678753160612545	5.6998029927689435	97.37139583353124	22.976499344046815	94.5750632122509	41.33201995179296	-0.0	36.27140071426674	69.57973245012091	77.49089487627546
5.690467387614347	5.709086091470261	97.09569007997459	22.973913213603147	94.80934775228694	41.393907276468404	-0.0	34.11259285065599	69.3243119911024	77.31508282191358
5.701563764659738	5.718503486844591	96.82107836848287	22.971301305669446	95.03127529319477	41.45668991229728	-0.0	32.53817199157501	69.06984436740393	77.13950223050655
5.712211031640724	5.727982612019633	96.54733673879163	22.96866386335077	95.24422063281447	41.519884080130886	-0.0	31.396238209088594	68.81636247488616	76.96415390557033
5.722532125596405	5.73747949826911	96.2748669896415	22.966001122000577	95.45064251192808	41.5831966551274	-0.0	30.564862048504125	68.56382092714705	76.78903860375819
5.732614308040455	5.7469649427547385	96.00288683672349	22.963313320098244	95.6522861608091	41.64643295169826	-0.0	29.948533681011845	68.31226862310571	76.61415709442257
5.74251758282027	5.756424178715432	95.73259893645115	22.960600692392237	95.8503516564054	41.709494524769546	-0.0	29.48155768353548	68.06163723400934	76.4395101247742
5.752283081137981	5.765846285356688	95.46253879910813	22.957863471977337	96.04566162275962	41.77230856904459	-0.0	29.115292608339082	67.81199201669601	76.26509843124316
5.76193849466012	5.775224909059724	95.19426717290577	22.955101892737318	96.23876989320239	41.83483272706483	-0.0	28.816677462456873	67.56326192185486	76.09092275258013
5.771502385551773	5.78455610064467	94.92613641034734	22.952316183029705	96.43004771103546	41.897040670964465	-0.0	28.563213987681234	67.31550789440286	75.91698379698511
5.780987142263412	5.793837548251724	94.65986136719226	22.949506575510192	96.61974284526825	41.958916988344825	-0.0	28.33990780276956	67.06866353813751	75.74328229381943
5.7904010389055465	5.803067882331029	94.39370873391155	22.946673294255724	96.80802077811093	42.02045254887353	-0.0	28.13676801078376	66.82278371944943	75.5698189257609
5.799749617466741	5.812246354322349	94.12936560342015	22.943816570283506	96.99499234933482	42.081642362149	-0.0	27.94720117427699	66.57781260638629	75.39659441032966
5.809036623658596	5.821372553717092	93.86515820906426	22.940936623702928	97.1807324731719	42.14248369144728	-0.0	27.766808038663942	66.33379373733213	75.22360940683548
5.8182646105537	5.8304463603942835	93.60271597014818	22.938033683602036	97.36529221107399	42.20297573596189	-0.0	27.592741165684547	66.09068095845994	75.0508646200006
5.827435351670497	5.8394678252696535	93.34049680874331	22.935107966558174	97.54870703340993	42.263118835131024	-0.0	27.4231580958011	65.84850584703717	74.8783606872402
5.836550118390235	5.848437045392467	93.07994681151455	22.9321596994611	97.73100236780469	42.32291363594978	-0.0	27.25679617342243	65.6072360496708	74.70609829935688
5.84560984544219	5.8573542080690135	92.81968481792998	22.92918909572212	97.91219690884378	42.38236138712676	-0.0	27.092852640068973	65.36689219990231	74.534078074683
5.854615247626955	5.86621956249248	92.56097052620228	22.92619637959331	98.0923049525391	42.44146374994987	-0.0	26.930831385148664	65.12745240014996	74.36230068707451
5.863566901449143	5.8750333553401335	92.30267484526843	22.923181761721654	98.27133802898285	42.500222368934224	-0.0	26.77038229437304	64.88892449600888	74.19076673775301
5.872465291069073	5.883795846126344	92.04580511679089	22.920145463503506	98.44930582138146	42.55863897417563	-0.0	26.611270001250553	64.65129853176366	74.01947688324134
5.8813108391399425	5.892507311602513	91.78946180249679	22.917087693124113	98.62621678279883	42.61671541068342	-0.0	26.45334627056942	64.41457273539486	73.84843170924758
5.890103924916225	5.901168058926428	91.53438471152525	22.914008669003483	98.8020784983245	42.67445372617619	-0.0	26.296546838657257	64.17874874110704	73.67763185383646
5.898844907405421	5.909778352908272	91.27998590959069	22.910908596811908	98.9768981481084	42.73185568605515	-0.0	26.140779329013817	63.943810388771446	73.507077887188
5.90753412485176	5.9183384833514365	91.02671923677377	22.907787692008636	99.15068249703519	42.78892322234291	-0.0	25.986004045058113	63.709771729454225	73.33677042953687
5.916171903182554	5.926848741522642	90.7742493879728	22.904646158084486	99.32343806365107	42.845658276817616	-0.0	25.832196891776533	63.47660748081522	73.1667100369757
5.924758562217409	5.935309402096072	90.52272914920515	22.90148420726083	99.49517124434819	42.90206268064048	-0.0	25.679320326216406	63.24434259096725	72.99689731048514
5.933294411056674	5.943720773327778	90.27219632998172	22.898302041124097	99.66588822113347	42.95813848885185	-0.0	25.527390033921904	63.01293839148613	72.82733279361989
5.941779759165679	5.95208312612476	90.02246191277348	22.895099868331933	99.83559518331357	43.0138875074984	-0.0	25.376375528088737	62.78243014549453	72.65801706635276
5.950214909682497	5.960396750837823	89.7738495255838	22.89187788885341	100.00429819364994	43.069311672252155	-0.0	25.226277414788697	62.5527721386104	72.48895066160469
5.958600168561467	5.968661895159111	89.52578697806226	22.888636307626523	100.17200337122932	43.124412634394076	-0.0	25.077039545225173	62.32401066652294	72.32013413759381
5.966935827714671	5.9768788878755945	89.2790920526853	22.88537532351291	100.33871655429343	43.1791925858373	-0.0	24.92872359463472	62.09608601533984	72.1515680189776
5.975222186124329	5.985047989714125	89.03279951916876	22.882095137301125	100.50444372248657	43.23365326476083	-0.0	24.781297874853866	61.86905259846907	71.98325283992773
5.983836700216685	5.997076257832557	88.78794795644383	22.878809256460617	100.67673400433368	43.27009608614866	-0.0	28.76581914342105	61.64284365911341	71.64215941592296
5.994801404640513	6.016713692829964	88.54340877224769	22.875656795107655	100.89602809281025	43.18907355344541	-0.0	37.0069994979424	61.41741400103087	70.70923044983014
6.00838528980613	6.039849871967556	88.3003688359366	22.87281993421794	101.16770579612259	42.970248810963994	-0.0	44.3456467433856	61.192539249507455	69.26893423590101
6.024247929930192	6.06502197951155	88.05759472294602	22.870445094051775	101.48495859860384	42.6312149626432	-0.0	50.48146292288732	60.968128600174495	67.4417919631429
6.041951705717756	6.091118928719067	87.81637798069218	22.8686343344088	101.83903411435512	42.20043098405381	-0.0	55.4342081893654	60.74400621329499	65.37932153671984
6.061056499355743	6.116615970125477	87.57535373013823	22.867436711010846	102.22112998711485	41.70816025726087	-0.0	58.92764141816958	60.52017346019943	63.25303873421721
6.081066008990033	6.140357608904686	87.33590850145787	22.866844591217056	102.62132017980065	41.187587723819206	-0.0	60.87466627970798	60.29658038556613	61.236905603455824
6.101466050312208	6.161486741753886	87.09666694404049	22.866795809520845	103.02932100624416	40.67110170011783	-0.0	61.24780171650952	60.07331870597851	59.48945546505695
6.121732169827094	6.179511958055087	86.85900043744134	22.867181301862953	103.43464339654187	40.188518153428596	-0.0	60.0935667459464	59.85042708950097	58.138494650955266
6.141366321173249	6.19386934701844	86.62154239095793	22.86785699666819	103.82732642346498	39.76343173431746	-0.0	57.28384689704781	59.62807592488378	57.270266800692404
6.159851223609257	6.204663206970297	86.38559324409395	22.868658395720473	104.19702447218513	39.417296081496964	-0.0	52.92210275551219	59.40638166956139	56.92402023676208
6.17659459100466	6.212703301572055	86.14993669300375	22.869415999568556	104.5318918200932	39.169746401025705	-0.0	47.50573029079935	59.18551446981193	57.09190952727885
6.191233400331124	6.217026060596448	85.91572000117453	22.86997005681225	104.82466800662247	39.02531407437849	-0.0	40.15023370520661	58.96561881079234	57.723130228401494
6.201679907937994	6.223897824900261	85.68184667722852	22.870183532173385	105.03359815875986	39.02426777924224	-0.0	37.26418937990885	58.74683818965889	58.7300432729814
6.213539174429298	6.215038533609815	85.44930498722691	22.869953337477327	105.27078348858595	39.066258061135166	-0.0	9.680389908589833	58.529249822943875	59.99179783867886
6.430126339000054	6.221325793283323	85.21722482753205	22.869224052012164	105.30496185147005	39.320674955618124	-0.0	-0.0	58.31293381680003	61.313249077228775
7.48135586704163	6.216374818222437	84.98633535540827	22.868050267489142	105.30496185147005	39.63361079971857	-0.0	-0.0	58.09784777600182	62.3525907733221
9.403287341663937	6.206541318533708	84.75601548424746	22.866407250086286	105.30496185147005	40.028504441994365	-0.0	-0.0	57.88397793385152	63.801700693366996
12.186554201064958	6.193800765873182	84.52677382867473	22.86416111273852	105.30496185147005	40.49938282181356	-0.0	-0.0	57.67144644695672	65.61658120710806
15.817592152561602	6.1798863423412165	84.29821888095188	22.861212097523858	105.30496185147005	41.03364214427656	-0.0	-0.0	57.46031717506025	67.67881431082134
20.278705278361148	6.165610806057676	84.0705567692009	22.85750161799019	105.30496185147005	41.607707398862004	-0.0	-0.0	57.25069422511501	69.85487914426007
25.548152276896896	6.15289392950597	83.84374204780028	22.853016101565718	105.30496185147005	42.199463010627966	-0.0	-0.0	57.04254594684383	72.00270022237262
31.600252419367713	6.14322798209092	83.61768734254656	22.84778862571656	105.30496185147005	42.78028782354001	-0.0	-0.0	56.835891672971364	73.9787280053776
38.405510705176454	6.138204674195538	83.39257689056679	22.841898181899285	105.30496185147005	43.320299864554336	-0.0	-0.0	56.63062725526135	75.64530337182772
45.93076160622685	6.139239489817616	83.16807563265111	22.835466552634145	105.30496185147005	43.78968489238764	-0.0	-0.0	56.42668077525973	76.87802730241056
54.13933069966627	6.14728169394263	82.94461492361135	22.828652817114286	105.30496185147005	44.1604974050734	-0.0	-0.0	56.22386221168636	77.57281370196257
62.99121340118308	6.1629094384681	82.72172823255273	22.82164568088686	105.30496185147005	44.411121219760005	-0.0	-0.0	56.02203511409447	77.65225755582028
72.44326992797308	6.181216838922009	82.49986069364995	22.814641220387507	105.30496185147005	44.541445592813396	-0.0	-0.0	55.820980152468714	77.2374517388331
82.44947037040966	6.19502473239024	82.27799941138996	22.807714685773067	105.30500645419482	44.633498215934935	124.22715609629414	-0.0	55.62061756176952	76.79557984249631
91.58109262265745	6.208811444147044	89.46885001795643	22.80089021602079	103.73989035316517	44.72540962764696	436.0066908008318	-0.0	55.74129463110845	76.35656384327663
98.00889466580469	6.223307831943791	89.92824747708866	22.79450830311086	99.30803663902486	44.82205221295861	852.7943755586352	-0.0	57.62840919287553	75.92217725646874
101.9038750988663	6.238619387871996	91.45299355974808	22.78913200637761	93.0860136755104	44.92412925247997	969.8346964924689	-0.0	60.82430166159365	75.49535107776539
104.50563491549512	6.254754154680219	94.63040441098268	22.78497870654189	86.68071335010674	45.03169436453479	942.7463844566682	-0.0	64.1950442532763	75.07718584858252
106.29077528264385	6.271691112671652	97.62221971831002	22.782035327987785	80.5798051893653	45.14460741781102	883.2723253844449	-0.0	67.414929872551	74.66756722696393
107.51065220633203	6.289392250772348	100.34169496885889	22.780232161285678	74.94869551908684	45.26261500514899	803.2472541954827	-0.0	70.38062611699316	74.26608433767785
108.41779093478155	6.30780692103628	102.77446063829993	22.779471760382545	69.89243035336237	45.385379473575206	712.6708403487166	-0.0	73.02346717084598	73.87218288892078
109.21251017327252	6.326875093345337	104.91950470042866	22.7796411304723	65.44517356452884	45.51250062230225	621.5870756024029	-0.0	75.31551275366232	73.48522990921586
110.01714415181395	6.34653057756119	106.77780296158737	22.780624567479283	61.58062572065115	45.64353718374127	539.945096394432	-0.0	77.26589609439462	73.10458155610851
110.85728467146085	6.366704367738801	108.40687763729188	22.782314428687812	58.2228204613605	45.77802911825867	469.61328034373827	-0.0	78.91177195750068	72.7296397056114
111.7035625557676	6.387327991808976	109.79747723259607	22.78461824898709	55.28273492545909	45.91551994539318	414.1831467906902	-0.0	80.30554206917171	72.35988905732043
112.49900335042135	6.408336587791338	110.98165137056915	22.78746090919392	52.67561122600044	46.05557725194225	369.54252554570417	-0.0	81.4980527698917	71.99490806960364
113.20902346758508	6.4296713306847995	111.98112009254093	22.790782060799536	50.34237721840054	46.197808871232	332.43240478926464	-0.0	82.5272943568118	71.63435494028822
113.82556775777454	6.45128084700879	112.84678464824916	22.794531323771523	48.24537079025348	46.34187231339193	296.80040407196935	-0.0	83.41646544111624	71.27794197833954
114.36607543991188	6.473121425444343	113.57577581654043	22.798664315484658	46.36321165482471	46.487476169628955	266.6963931203997	-0.0	84.18000259967125	70.92541447890838
114.83800331878189	6.495156138128365	114.19134015277318	22.803140942267873	44.67390912491084	46.634374254189105	241.24610865417844	-0.0	84.83017380040229	70.57654158697285
115.2390220907466	6.517353302939617	114.71640049332494	22.807925201395694	43.155211615558855	46.782355352930786	216.87771616270203	-0.0	85.37939324102389	70.23111513440885
115.56950903620435	6.539684871835252	115.15479583323415	22.812985051600283	41.78915787923684	46.931232478901684	193.1946900598421	-0.0	85.8388872430925	69.88894884009864
115.83568674237988	6.562125230288932	115.50601168786072	22.818291767603807	40.56243084773807	47.08083486859288	172.2520098771685	-0.0	86.21741003915791	69.5498748057708
116.0459390532571	6.584650599243848	115.76967616115414	22.82381917882256	39.4644046929624	47.23100399495899	157.6821495581116	-0.0	86.52180619270025	69.21373942363572
116.1950847424054	6.607238916688478	115.99018750271739	22.829543250051653	38.481658612740425	47.38159277792319	135.79672887047317	-0.0	86.75821583098323	68.88040110116197
116.28988346303498	6.629869904619751	116.15100301848089	22.835441925221385	37.6064116603845	47.53246603079834	111.80000004413277	-0.0	86.93235378386389	68.54972937801085
116.3446283158921	6.652525055637001	116.21370341442595	22.841494913825652	36.83444861384401	47.683500370913336	108.55063856077963	-0.0	87.0490189585692	68.22160374608939
116.3405686158531	6.675187436619539	116.23688417376573	22.847683519868088	36.15239927088598	47.834582910796925	96.60020594110219	-0.0	87.11333388789132	67.89591270048112
116.29016484817987	6.697841376502879	116.21655896127716	22.853990511728103	35.5577899059413	47.98560917668586	81.39121464411295	-0.0	87.12808782677554	67.57255300677433
116.19937118734785	6.720472177015203	116.16011776236033	22.86039923353132	35.04694390977582	48.136481180101356	59.437431378525304	-0.0	87.09487122161939	67.25142499392744
116.11085076555264	6.743065940366809	116.03445208990844	22.866893645337406	34.6277077505881	48.28710626911206	82.92093106072765	-0.0	87.01324126655504	66.93243274622802
115.97147757806533	6.765609508442786	115.91285148583657	22.873456674647844	34.280560707992024	48.43739672295191	72.63847672266209	-0.0	86.88480674946784	66.61547543184662
115.70957642413057	6.788090438202153	115.70990253958168	22.880076269993697	33.9819869950074	48.58726958801436	-0.0	-0.0	86.73042271813645	66.30047912152517
115.42042694092343	6.810496939277996	115.39226143580817	22.88674287011768	33.757257183460005	48.73664626185331	50.34774533555743	-0.0	86.54286101959654	65.98738332359787
115.12340459997073	6.832817629326629	115.1416163782189	22.893442591337855	33.61003985163263	48.88545086217753	-0.0	-0.0	86.30888355738037	65.67610516975542
114.66141367525024	6.855041239464676	114.6736384476086	22.900160067955095	33.55293515062157	49.03360826309784	-0.0	-0.0	86.03247307518039	65.36655446111538
113.34639463991795	6.8771571981504	114.7099662762463	22.9068792411204	33.55293515062157	49.18104798766933	-0.0	-0.0	85.70029760010522	65.05863781774217
110.96897948058528	6.899153132211894	114.0599878417321	22.913590129131755	33.55293515062157	49.3276875480793	-0.0	-0.0	85.38259255494835	64.75229432073274
107.57545720431894	6.921015478702587	113.97533258547654	22.920297672855146	33.55293515062157	49.47343652468391	-0.0	-0.0	85.05552019634904	64.4475416241985
103.23190073743972	6.94274337919282	113.43281274047851	22.926997223566232	33.55293515062157	49.618289194618804	-0.0	-0.0	84.73713175645203	64.14434699055316
98.02288046523076	6.964338593319957	113.26217370355859	22.933692614088965	33.55293515062157	49.76225728879972	-0.0	-0.0	84.41488651303912	63.84272234734961
92.04981762044471	6.985798214572261	112.79644289783751	22.940380299770702	33.55293515062157	49.90532143048174	-0.0	-0.0	84.09699003901032	63.54264085283651
85.42900958058766	7.007125113594991	112.56648107613277	22.947063117979848	33.55293515062157	50.047500757299936	-0.0	-0.0	83.7785849860512	63.244109294497896
78.2893655220652	7.028320442227274	112.1544851954006	22.95373842446743	33.55293515062157	50.18880294818183	-0.0	-0.0	83.46195717696922	62.9471056568896
70.76989651874402	7.049382981182737	111.88493824321418	22.96040825950843	33.55293515062157	50.32921987455158	-0.0	-0.0	83.14673076450971	62.65163262742521
63.01700895342074	7.070315451835322	111.50977498084445	22.96707068904101	33.55293515062157	50.46876967890215	-0.0	-0.0	82.83187395922513	62.35767201701836
55.18165394033916	7.091118191019265	111.21496197416597	22.97372713538704	33.55293515062157	50.6074546067951	-0.0	-0.0	82.51939395113621	62.065223352898144
47.416388260425535	7.111791038196821	110.86454753498666	22.980376208370753	33.55293515062157	50.74527358797881	-0.0	-0.0	82.20661822727381	61.7742713974104
39.872404033635924	7.132336199468246	110.55453936577388	22.98701886439433	33.55293515062157	50.88224132978831	-0.0	-0.0	81.89661331409486	61.48481331554638
32.69658496173951	7.152753712367249	110.22045147200065	22.99365411947702	33.55293515062157	51.01835808244833	-0.0	-0.0	81.58609705497362	61.19683609615955
26.028646457269865	7.173044096513352	109.90218450056936	23.00025174691545	33.55293515062157	51.153627310089014	-0.0	-0.0	81.27841637350399	61.30668449124265
19.998415341341914	7.193209018099387	109.57869892035461	23.00655485089555	33.55293515062157	51.288060120662585	-0.0	-0.0	80.97046843311836	62.26338030850432
14.723302075338967	7.213248525794252	109.25678966949215	23.012382129149113	33.55293515062157	51.421656838628344	-0.0	-0.0	80.66561557579033	63.58869588958699
10.306014743011614	7.233163503187245	108.94014057992358	23.017638256152026	33.55293515062157	51.55442335458164	-0.0	-0.0	80.36096391895714	65.14915925901643
6.845970865841772	7.242308979761107	108.61756315289782	23.022261304914924	33.627788411476054	51.61539319840738	-0.0	157.3884751815026	80.05935226939923	66.86405765409796
4.587361241909861	7.091527496741113	108.30535391910796	23.026212923001516	35.64675471213815	50.61018331160742	-0.0	395.61394177525307	79.7582616732941	68.66245674593367
3.273793429722708	6.955132474578646	107.98394111665539	23.029478779123522	38.6117223668836	49.70088316385764	-0.0	479.67039756847214	79.46002454895228	70.46841186028198
3.0436580892485376	6.839881790394517	107.67470491359038	23.03207102854208	41.87316178497075	48.93254526929678	-0.0	487.0975069959029	79.16254135572389	72.19171741121315
3.2032633037183538	6.74443824851801	107.35550924605853	23.034031263269494	45.065266074367074	48.29625499012007	-0.0	470.450246094078	78.86763642578244	73.75720540970389
3.357366611830343	6.655690869096937	107.04841493601234	23.035413320373372	48.14733223660686	47.70460579397958	-0.0	454.0322302206773	78.57360383344003	75.15832496917979
3.5060102394213875	6.571195804881909	106.73197942621684	23.036270667854474	51.12020478842775	47.1413053658794	-0.0	437.6917840687469	78.28183996408356	76.39862995417324
3.649216937134232	6.490681243587917	106.42661246462771	23.036655464615794	53.984338742684635	46.60454162391945	-0.0	421.4160879147298	77.99101923742315	77.48201892908679
3.7870086053458913	6.414101188418906	106.11319080793362	23.036618565885554	56.740172106917825	46.094007922792706	-0.0	405.2077077772132	77.70219318900462	78.41282858795455
3.9194084311415804	6.341431468099852	105.8093768569099	23.03620928508184	59.38816862283161	45.609543120665684	-0.0	389.0712528700778	77.41435422266547	79.1959565026027
4.046441260646855	6.272648755924975	105.49896368427781	23.035475221948865	61.9288252129371	45.1509917061665	-0.0	373.01202186374974	77.12827554971234	79.83702579102496
4.1681338123746805	6.207728856441591	105.19671468453551	23.034461989286005	64.36267624749361	44.71819237627727	-0.0	357.03597893515143	76.84320160648261	80.34260436010919
4.284514903933063	6.1466452646902825	104.88927641648012	23.03321284201229	66.69029807866127	44.31096843126855	-0.0	341.14974358384944	76.55969235805632	80.72049299907754
4.395615694538932	6.089369757504481	104.58858598308693	23.03176825570035	68.91231389077865	43.92913171669654	-0.0	325.3607673573241	76.2771884688664	80.98008808763726
4.501469982943321	6.035872075227249	104.28402795902417	23.030165295902062	71.02939965886641	43.572480501514995	-0.0	309.67746247950544	75.99608721940275	81.13279131180344
4.602114545354163	5.986119287751445	103.98498929887646	23.028436959263342	73.04229090708326	43.2407952516763	-0.0	294.1093272914515	75.71598315744589	81.19235400096939
4.697589537400024	5.940075373141765	103.68317461605267	23.026611339549948	74.95179074800046	42.9338358209451	-0.0	278.66712173103383	75.43715588490348	81.17487829182633
4.787938951940044	5.897701444839778	103.38588610064039	23.024711021276683	76.75877903880087	42.65134296559852	-0.0	263.36316334338295	75.1593170433024	81.09804197617933
4.873211170810588	5.858954761520327	103.08669930457467	23.02275277805349	78.46422341621175	42.393031743468846	-0.0	248.2115517443913	74.88266478871869	80.9793041757249
4.953459620116007	5.8237881145688215	102.79122117179124	23.020748071304297	80.06919240232014	42.15858743045881	-0.0	233.22849505002793	74.60700069328449	80.8336581064575
5.028743547800279	5.792148988262313	102.4945672978662	23.018704072876094	81.57487095600558	41.94765992174875	-0.0	218.43268992730256	74.33246430694781	80.67217592054246
5.099128916703699	5.763979937923117	102.20097050078968	23.016625030126335	82.98257833407398	41.75986625282078	-0.0	203.84599291183923	74.05892292532528	80.50200695802266
5.1646895591316495	5.739215529154671	101.9067462326347	23.0145133539426	84.29379118263299	41.59477019436447	-0.0	189.4937284620228	73.7864719481183	80.32732596878745
5.225508473016702	5.717782644493176	101.61508598619484	23.012370451389547	85.51016946033404	41.451884296621174	-0.0	175.40563194287583	73.5150227377754	80.15041569328002
5.281679392066393	5.699599735748429	101.32321190431146	23.010197158525813	86.63358784132785	41.33066490498953	-0.0	161.61689726055027	73.2446380922274	79.97247657347945
5.333308818287373	5.684571381180467	101.03352981569078	23.007994043113857	87.66617636574745	41.230475874536445	-0.0	148.16851953373356	72.97525906147484	79.79412649655752
5.380518187403609	5.672590837991635	100.74394942564399	23.005761507863106	88.61036374807219	41.1506055866109	-0.0	135.10936555898553	72.70692421619727	79.61567962967237
5.423446547706128	5.663537973993121	100.45627533118531	23.003499896468867	89.46893095412256	41.09025315995414	-0.0	122.49781280878877	72.43959780163642	79.43729491828233
5.4622541261875694	5.65726664187122	100.16889671413247	23.001209497990402	90.24508252375138	41.04844427914147	-0.0	110.40055357754402	72.17329865500825	79.25905257787298
5.497125276378589	5.653617891289065	99.88325241273407	22.998890596670748	90.94250552757178	41.02411927526044	-0.0	98.89786869242823	71.90800636443011	79.08099324216009
5.528272995857864	5.652400512344052	99.59807098177271	22.99654345104097	91.56545991715727	41.01600341562701	-0.0	88.07933798790003	71.64372733686238	78.90313759331771
5.555942040281093	5.653400966213188	99.31444050295927	22.99416832736441	92.11884080562186	41.02267310808792	-0.0	78.04603046123448	71.38045268911634	78.72549642640068
5.580411721669537	5.65637899806289	99.03143200091372	22.991765474916665	92.60823443339073	41.0425266537526	-0.0	68.90540453828395	71.11817801817561	78.54807549099151
5.601996928161721	5.661061451896904	98.74981732025373	22.989335152533524	93.0399385632344	41.07374301264603	-0.0	60.75798493571825	70.85690436616899	78.37087811609247
5.621043743492605	5.667161485386459	98.46894681654933	22.986877605419366	93.42087486985208	41.1144099025764	-0.0	53.687604420069896	70.59661900541288	78.19390632780674
5.6379201500182665	5.674387784055841	98.18932204702635	22.984393087740763	93.75840300036533	41.16258522703894	-0.0	47.74125184102743	70.33733141127802	78.01716158730308
5.653000500408585	5.682458784934858	97.9105735217233	22.98188184187499	94.0600100081717	41.21639189956572	-0.0	42.90853974317987	70.07901982024599	77.84064498933205
5.666645351135585	5.691119842206781	97.63295093376654	22.979344118018787	94.33290702271171	41.27413228137854	-0.0	39.11081297991309	69.82170135561338	77.6643575183304
5.6791795557036755	5.700172584012372	97.35632357508831	22.97678015601923	94.58359111407351	41.334483893415815	-0.0	36.22242771120585	69.56534688973838	77.48830002825312
5.690879677614452	5.709458711409709	97.08062589979436	22.9741902023362	94.81759355228904	41.396391409398056	-0.0	34.07623236514737	69.30998470793557	77.31247336997431
5.701965605222279	5.718877832993072	96.80611028725487	22.97157449463592	95.03931210444557	41.45918555328715	-0.0	32.511755345944614	69.05557278906547	77.13687832807695
5.712605210461407	5.728357303324231	96.532377908868	22.968933275342515	95.25210420922814	41.522382022161544	-0.0	31.376835467052846	68.80214873309987	76.96151570210127
5.722920738530978	5.737852872984948	96.25994331763953	22.96626678006037	95.45841477061956	41.58568581989965	-0.0	30.549278279087133	68.54966424349331	76.78638624962345
5.732998547770978	5.747338167559943	95.98813651725992	22.963575247300696	95.65997095541957	41.64892111706629	-0.0	29.937037876354662	68.2981636948242	76.61149073988896
5.742898451827102	5.756796545759923	95.71775640131531	22.960858910870577	95.85796903654204	41.711976971732824	-0.0	29.472544355744066	68.04759308989856	76.4368299146616
5.7526612312398795	5.766217584402906	95.44788601177473	22.95811800498285	96.05322462479758	41.77478389601937	-0.0	29.107938310521796	67.79799922298567	76.2624045160518
5.762314369931125	5.775594965483251	95.17956662304745	22.9553527619735	96.2462873986225	41.83729976988834	-0.0	28.810366571910574	67.54932670273378	76.08821527430948
5.771876278314049	5.784924855063854	94.91159338498687	22.952563411657934	96.43752556628098	41.89949903375903	-0.0	28.557591755307328	67.30162583369801	75.91426290521818
5.781359245981871	5.794204980951714	94.64527778432415	22.949750184900154	96.62718491963741	41.961366539678096	-0.0	28.334756671184383	67.05483817664583	75.74054812819692
5.790771484891852	5.803433976747306	94.37925403257012	22.946913307211805	96.81542969783705	42.02289317831538	-0.0	28.13193454005371	66.80901158516245	75.56707163324295
5.80011849307365	5.812611114830441	94.11492141518033	22.944053008230473	97.00236986147299	42.08407409886961	-0.0	27.942599374421675	66.56409539802861	75.39383413024215
5.809403991148216	5.821735969984193	93.85079211147051	22.941169508895406	97.1880798229643	42.14490646656129	-0.0	27.762360801066222	66.32013081228398	75.2208362827036
5.818630512903127	5.830808432434654	93.58839392626687	22.938263037411634	97.37261025806252	42.20538954956436	-0.0	27.588402830182563	66.07707111492832	75.0480787903653
5.8277998207693855	5.839828548337899	93.3262451450912	22.935333810986965	97.5559964153877	42.265523655585994	-0.0	27.418888982453556	65.83495040145809	74.87556229378698
5.8369131756236525	5.848796435682323	93.06572905227891	22.932382055614625	97.73826351247304	42.32530957121549	-0.0	27.25259168715735	65.5937336865096	74.70328747853289
5.845971508557465	5.857712271329695	92.80552278554079	22.929407985346785	97.91943017114929	42.3847484755313	-0.0	27.088700102891043	65.35344429492488	74.53125496616254
5.8549755350506985	5.866576274756762	92.54683779655832	22.926411823694618	98.09951070101397	42.443841831711744	-0.0	26.92668252178395	65.1140581100783	74.3594654266141
5.863925818267424	5.875388776125671	92.2886330768388	22.92339378134256	98.27851636534847	42.50259184083781	-0.0	26.76630094242536	64.87557965913864	74.18791946028072
5.8728228515871175	5.884149955415151	92.03178170113242	22.920354080216626	98.45645703174235	42.560999702767674	-0.0	26.607216864078687	64.6380105777737	74.01661772695616
5.88166705159461	5.892860127656519	91.77552029607344	22.91729292726987	98.63334103189219	42.61906751771013	-0.0	26.449333713145336	64.40133387172573	73.84556080516559
5.8904588011115555	5.901519568945979	91.52046849230157	22.91421054181411	98.8091760222311	42.676797126306525	-0.0	26.292546275540747	64.16556474497666	73.67474933774692
5.899198454859524	5.910128572631024	91.2661735701062	22.911107128705495	98.98396909719048	42.73419048420683	-0.0	26.13680088914303	63.93067496955744	73.50418389000758
5.907886351066574	5.918687426474076	91.01290251670848	22.90798290373544	99.15772702133147	42.791249509827175	-0.0	25.982055595523885	63.69669136202822	73.33386508373573
5.916522817420919	5.927196407272734	90.76052351241465	22.904838070072167	99.33045634841837	42.847976048484895	-0.0	25.828266797027705	63.46357677095263	73.16379347312733
5.925108170683371	5.935655810941727	90.50902285476403	22.901672839848956	99.50216341366742	42.904372072944845	-0.0	25.675426308967502	63.23136473994601	72.99396965829781
5.933642723892972	5.94406591621812	90.25858919743607	22.898487414624395	99.67285447785943	42.960439441454135	-0.0	25.523509169425672	63.00000958267132	72.82439418261944
5.942126782982673	5.952427018999452	90.00885531487828	22.895282002746743	99.84253565965346	43.016180126663016	-0.0	25.372519603867858	62.769554093610644	72.65506762395951
5.950560652430231	5.960739399348643	89.76032906084356	22.892056804410224	100.01121304860462	43.071595995657624	-0.0	25.22244402116428	62.539945728694896	72.48599051625567
5.958944637581888	5.969003308856073	89.51229656845517	22.888812024066027	100.17889275163776	43.126688725707155	-0.0	25.07323183469846	62.31123513547692	72.31716341488237
5.967279030795901	5.9772190726302385	89.26566093912541	22.885547860819525	100.34558061591802	43.181460484201594	-0.0	24.924939611683573	62.08336090556285	72.14858684552777
5.975564130768652	5.985386953039628	89.01940848869953	22.88226451503609	100.51128261537303	43.235913020264185	-0.0	24.777538052356423	61.85637755297299	71.98026133988854
5.98420930343244	5.9976863538173735	88.77461801881893	22.878976973366456	100.68418606864878	43.270977587960715	-0.0	29.022674739905433	61.63021707919782	71.62707722808061
5.99524692311493	6.017385797924255	88.53013037443253	22.875827662543323	100.9049384622986	43.186093090693234	-0.0	37.19784503950172	61.40483271622695	70.68016098254427
6.008897186509829	6.040545180353295	88.28713823401517	22.872998089806448	101.17794373019657	42.96369733170393	-0.0	44.474707590006794	61.180001180439476	69.22856680172703
6.024803145059687	6.065815857188882	88.04442445818303	22.87063369059875	101.49606290119374	42.62238607426242	-0.0	50.62898881149699	60.95562376457251	67.39355357035592
6.042547120650269	6.091957310751168	87.80322758635049	22.86883528917871	101.85094241300537	42.18992720522419	-0.0	55.57100756065305	60.73153500595157	65.3273230768496
6.061682478288375	6.117401749223393	87.56229391309746	22.86765054423822	102.23364956576751	41.69638436894094	-0.0	59.012324419892046	60.50773835220468	63.201676189253
6.081711632909101	6.141031982429548	87.32286273853487	22.867070409753524	102.63423265818203	41.175171138411244	-0.0	60.88942309652743	60.28418543890867	61.19040162141752
6.102113024020205	6.162119485443503	87.08370026085991	22.867031434724524	103.04226048040408	40.6593564257244	-0.0	61.24054081208085	60.06095619464668	59.45143578966331
6.122374487467636	6.179988719131296	86.84604621124254	22.86742351828261	103.44748974935271	40.177516925445595	-0.0	60.00741186702474	59.83810326180378	58.11165728064257
6.14200876202341	6.194026594395022	86.6086765534269	22.86810189287683	103.8401752404682	39.752848144364854	-0.0	57.0185454323919	59.615796287358606	57.25617844001517
6.1603956345641535	6.205342698942295	86.37275767070443	22.86890174779048	104.20791269128306	39.41236885730682	-0.0	53.00180679593713	59.39414326201287	56.923051373130484
6.177112628981472	6.213128956749761	86.13715382993597	22.869653651105533	104.54225257962945	39.166370436265396	-0.0	47.44492054496522	59.17332606549082	57.103292354408865
6.191849105215806	6.216459696246955	85.90296923609868	22.870198269137727	104.83698210431612	39.019593787761046	-0.0	39.219407688627584	58.953488635286185	57.74510009779557
6.202335328867429	6.2227845539197935	85.66916117421286	22.870399282897434	105.04670657734857	39.018777248408576	-0.0	35.75019672355355	58.73476059005987	58.75998700876134
6.213090882704945	6.216943737188443	85.43665164235172	22.87015459034379	105.26181765409889	39.080815526332906	-0.0	15.517841512873112	58.5172311563313	60.026232997108224
6.4457199213123175	6.22152742460912	85.2046357018953	22.869410773139446	105.30447139133533	39.32888611910054	-0.0	-0.0	58.30097532244639	61.332615978886466
7.518792129331104	6.216395384422459	84.97377819935231	22.86822274281948	105.30447139133533	39.643721223206796	-0.0	-0.0	58.085946407638204	62.393607190740475
9.46237959502327	6.2065063503143625	84.74352001781435	22.866560830137075	105.30447139133533	40.040865055889554	-0.0	-0.0	57.872133701589725	63.85270461635211
12.267010215796505	6.1938298934949785	84.51432162838663	22.864293007198206	105.30447139133533	40.514203845803856	-0.0	-0.0	57.65965944520453	65.67479931120236
15.919015582350202	6.17972600093288	84.28579877263725	22.861320491494673	105.30447139133533	41.04879091411072	-0.0	-0.0	57.448605348203394	67.74104348269749
20.400597591888417	6.165525971343791	84.05820633670655	22.857585788928215	105.30447139133533	41.62397928856139	-0.0	-0.0	57.239045599671186	69.91764259953892
25.689915187423708	6.1528591590867725	83.8314151880074	22.853076478517792	105.30447139133533	42.2158069584117	-0.0	-0.0	57.03096639545016	72.0624187120158
31.761190800514385	6.143292366208359	83.60543167083516	22.847826794476344	105.30447139133533	42.79602469460491	-0.0	-0.0	56.82437406528627	74.03190013305635
38.58483597861127	6.138363966702832	83.38037639393332	22.841916829188428	105.30447139133533	43.334395075908525	-0.0	-0.0	56.61916703658454	75.68868859526644
46.127595584834765	6.139595377574394	83.1558646150461	22.835469349972694	105.30447139133533	43.80186353307098	-0.0	-0.0	56.4152833403513	76.90882421435501
54.35270986737507	6.147827980535028	82.93250530463283	22.828644253553794	105.30447139133533	44.169957051464564	-0.0	-0.0	56.21251673357002	77.58882516971781
63.22009360871022	6.163649809774422	82.7096149762198	22.821630839448023	105.30447139133533	44.417385408686556	-0.0	-0.0	56.010740332627094	77.65203303895701
72.68653148148235	6.181833051465535	82.48783368732327	22.814624127876588	105.30447139133533	44.5455536764369	-0.0	-0.0	55.80972863498989	77.23245427301045
82.68918235938666	6.195614630453113	82.53266174126009	22.80769556374383	105.28314438801914	44.63743086968742	118.6880601888497	-0.0	55.609411681682175	76.79059796080239
91.77817779748646	6.2094159069474575	89.54087354828927	22.80087190787199	103.66332053523199	44.72943937964972	448.7286289370754	-0.0	55.75771744274203	76.3516124106742
98.12685969636256	6.223932642009237	89.919079386542	22.794505653972873	99.16102134209606	44.82621761339492	859.4767174763087	-0.0	57.69458189047209	75.91733405731453
101.97637101524938	6.239265425431799	91.52219369731611	22.789155670874134	92.9198944855985	44.92843616954533	969.9876074538244	-0.0	60.90511404893166	75.49067144574313
104.55407734383886	6.255421209372209	94.7046308740118	22.78502997689814	86.51942701493316	45.036141395814724	941.5148338100868	-0.0	64.27380957319491	75.07267569613116
106.32171765841389	6.272378462103033	97.68942786967324	22.782112870163434	80.42869336350353	45.14918974735355	881.4227595125159	-0.0	67.48834597902129	74.66321865907453
107.53074938904368	6.290098810451019	100.40204451364298	22.780333809087082	74.81124306848294	45.267325403006794	800.9890378688481	-0.0	70.44654374899702	74.26188513328367
108.43341242377406	6.308531330930343	102.82451023288444	22.77959479413296	69.77066613558986	45.39020887286895	710.4936292325682	-0.0	73.0807298537048	73.86811798641891
109.2273219430267	6.327615797146183	104.96189795589677	22.77978261747519	65.33878901320587	45.51743864764122	619.5870873748845	-0.0	75.36383054045972	73.48128320866813
110.03163776573007	6.347285904574765	106.82131804016026	22.78078165721345	61.487476802865615	45.6485726971651	537.5209533602223	-0.0	77.3058834827394	73.10073747415053
110.87278323909871	6.36747261698872	108.44267364674553	22.782484584387635	58.141590986034345	45.7831507799248	467.66426345380063	-0.0	78.94472013236566	72.72588438808782
111.71813004348706	6.388107513291352	109.82945709058032	22.784799372569857	55.21079129995958	45.920716755275684	412.28699441239604	-0.0	80.33280306799759	72.35621102570597
112.51351867374188	6.40912585248805	110.99853146475658	22.78765132382952	52.612118651567144	46.060839016587	369.2544499510836	-0.0	81.52079509805255	71.99129811676303
113.22048512006543	6.43046897951999	111.99779550595015	22.79098040503054	50.28496526268926	46.20312653013327	331.7258887551217	-0.0	82.54625387050707	71.6308055626241
113.83516776763696	6.452085711259872	112.85864174922642	22.794736428179768	48.19378646703017	46.34723807506581	296.4579930731308	-0.0	83.43209064167304	71.27444671949421
114.3740926627316	6.473932517327375	113.58366465498041	22.798875131691023	46.31687969642753	46.49288344884917	266.7180546899796	-0.0	84.19261163491458	70.92196755170062
114.84284550525956	6.495972618697965	114.20360717516199	22.803356525389006	44.63162606455266	46.63981745798643	239.85714437719224	-0.0	84.84008030518568	70.57313777788853
115.24333455589077	6.518174440881112	114.72056932820828	22.808144710824894	43.1174963359749	46.78782960587408	216.9075159864765	-0.0	85.38690895617988	70.22774980468338
115.5719036947237	6.5405100074281775	115.157755251401	22.813207740927623	41.75505785614138	46.93673338285452	193.06309823227014	-0.0	85.84426607955301	69.88561786975042
115.83618140874084	6.562953753335468	115.50851992812089	22.818516964002686	40.531590526096316	47.086358355569786	171.7251677995851	-0.0	86.22084496168557	69.54657448266401
116.04460578144759	6.5854819414249235	115.77212647320732	22.8240462673537	39.4365355653046	47.23654627616616	156.59865178737576	-0.0	86.52345908156765	69.2104663589705
116.19293745006175	6.608072552333608	115.98875741991604	22.82977166782933	38.45682190748325	47.38715034889072	135.55885331882112	-0.0	86.75823968418159	68.87715219717069
116.28066839802366	6.630705352201354	116.1707256973233	22.835671157744244	37.58237481922208	47.538035681342365	99.47282575172103	-0.0	86.93088875398128	68.54650180716335
116.31837215905412	6.653361875175498	116.25949629835843	22.841724657876497	36.80798553804565	47.68907916783665	72.79304542751571	-0.0	87.04743780417982	68.2183958058923
116.33503017132274	6.676025222853339	116.16097510222487	22.847914048649223	36.13501754266621	47.840168152355595	125.1597228297057	-0.0	87.11303232283673	67.89272572335098
116.3222487602762	6.698679750915956	116.24758873633792	22.85422017137481	35.55416486665833	47.99119833943971	81.97195956206657	-0.0	87.11602746074175	67.56937818988177
116.2104469957549	6.721310781994411	116.15221977530572	22.86062556609147	35.03930017176443	48.14207187996274	72.3909513711844	-0.0	87.08303270391939	67.24824938080663
116.06657491751749	6.743904436585155	115.88455467361182	22.86711901047805	34.60606947841694	48.292696243901034	127.99149171530964	-0.0	87.01475669162855	66.92926873784212
115.93862705151993	6.766447574168547	115.83683167552768	22.873684269404155	34.264468827285604	48.442983827790314	95.71616289479437	-0.0	86.88601157239438	66.6123397387482
115.73083283615053	6.788927768449326	115.72454706456057	22.88030279345353	33.98357157773671	48.59285178966217	23.78485743274998	-0.0	86.7167062391355	66.29735425625637
115.42024415022921	6.811333242244434	115.4289906648609	22.886965080041264	33.75468445134063	48.742221614962894	-0.0	-0.0	86.52666447358493	65.98425221957227
115.0875477281323	6.8336525894644256	115.12897839250107	22.89366169260463	33.59924554758551	48.891017263096174	-0.0	-0.0	86.29974406951854	65.67297419182269
114.58959829565265	6.855874533580333	114.6854219660017	22.900377751156647	33.538000503573095	49.03916355720222	-0.0	-0.0	86.02567218021117	65.3634324791712
113.24823548382368	6.877988642101717	114.68784098728989	22.90709611959659	33.538000503573095	49.18659094734478	-0.0	-0.0	85.69554929801947	65.05552800436384
110.8458715986793	6.899983532246058	114.06913414834585	22.913806178512946	33.538000503573095	49.33322354830705	-0.0	-0.0	85.37621740684186	64.74919648084563
107.4292814066825	6.921845321268146	113.95605127908408	22.920512901877775	33.538000503573095	49.478968808454304	-0.0	-0.0	85.05057803783188	64.44445574354712
103.06498697359353	6.943572130937684	113.43919340348276	22.927211652216712	33.538000503573095	49.62381420625123	-0.0	-0.0	84.73101128829087	64.14127310891578
97.83796245929955	6.965166656528576	113.24566839589447	22.933906212880718	33.538000503573095	49.76777771019051	-0.0	-0.0	84.40980132816763	63.839660248938856
91.84997964470796	6.986625642877427	112.80027447450077	22.940593114933506	33.538000503573095	49.91083761918285	-0.0	-0.0	84.09107446958971	63.539590716779806
85.21762640373282	7.007951569524145	112.55246962180424	22.947275103004575	33.538000503573095	50.0530104634943	-0.0	-0.0	83.77340133202541	63.24107081526272
78.07003670142349	7.029146265268554	112.15608944118205	22.953949635194167	33.538000503573095	50.194308435123695	-0.0	-0.0	83.45620562152365	62.944079065218865
70.5463763157731	7.0502080831527705	111.87303192980498	22.96061864534221	33.538000503573095	50.334720554351804	-0.0	-0.0	83.14148522177082	62.648617596292624
62.79313323709392	7.071139678528464	111.5095654572693	22.967280305912947	33.538000503573095	50.4742645235231	-0.0	-0.0	82.82625298176953	62.354668778527845
54.96126550157634	7.091941789569465	111.20476156061675	22.973935935419167	33.538000503573095	50.61294526379643	-0.0	-0.0	82.51411548220396	62.062231594463455
47.203261991779975	7.112613875948771	110.86290108182907	22.980584242638024	33.538000503573095	50.750759172991806	-0.0	-0.0	82.20110192439648	61.77129132633688
39.67017343096683	7.133158240683255	110.54568543112417	22.987226091235307	33.538000503573095	50.88772160455504	-0.0	-0.0	81.89132375057858	61.481844652204764
32.508671378926	7.153575111074779	110.21770346643028	22.99386058291237	33.538000503573095	51.02383407383186	-0.0	-0.0	81.58066620070794	61.19387901139728
25.858192491394668	7.173864728020671	109.89436653405848	23.000453697721348	33.538000503573095	51.15909818680448	-0.0	-0.0	81.2731339570494	61.32852405855474
19.84822364535313	7.194028909910143	109.57513481585798	23.006745717897434	33.538000503573095	51.29352606606762	-0.0	-0.0	80.96511884309996	62.29770509680546
14.59578078954136	7.214067757663454	109.24975080882632	23.012558831561403	33.538000503573095	51.427118384423025	-0.0	-0.0	80.66037047036886	63.63027759734763
10.203130607819526	7.233981980940757	108.93599189496312	23.017798902842188	33.538000503573095	51.55987987293838	-0.0	-0.0	80.3556999595981	65.19552582269604
6.779825949311591	7.23562856732826	108.6110968789323	23.022404638296862	33.67382478814019	51.57085711552173	-0.0	168.78288902030863	80.05416140100643	66.91333723678028
4.54425289175586	7.087011688386496	108.30079314026712	23.026338322160296	35.72632034158429	50.58007792257664	-0.0	398.6507554105658	79.75308140756972	68.7128172720392
3.2548228197159506	6.951298737774587	107.97789075584254	23.029586213269397	38.70430169162462	49.675324918497246	-0.0	480.6555366150116	79.45489601534884	70.51778733844866
3.048314278176146	6.836706405815224	107.66987238854409	23.032161239564985	41.96628556352292	48.91137603876816	-0.0	486.59480882705924	79.15743963394188	72.23764750806188
3.207754565617261	6.741551523188175	107.3497579205597	23.03410556977924	45.15509131234522	48.277010154587835	-0.0	469.95990238336515	78.86257170513527	73.79888532728303
3.3616949696026506	6.6529431703522635	107.04340884623896	23.0354731125054	48.23389939205301	47.686287802348424	-0.0	453.5449399418439	78.56857294095376	75.19584288120247
3.5101765020747075	6.568570843183715	106.7264334483791	23.036317284941287	51.20353004149415	47.12380562122477	-0.0	437.20664029645405	78.27683641259308	76.43208184888597
3.653221817321858	6.488176799591666	106.42151809305679	23.036690230161003	54.064436346437155	46.58784533061111	-0.0	420.93311391700104	77.98605114548319	77.51151084855584
3.790852846227952	6.411716400024919	106.10780937985227	23.036642751776746	56.81705692455903	46.07810933349946	-0.0	404.72703407643826	77.69724653632706	78.43847918682634
3.923092824962102	6.339165578483936	105.80421806025598	23.036224133885877	59.46185649924204	45.59443718989291	-0.0	388.5930353147295	77.40944308595651	79.21790082130259
4.049966654773298	6.270500936720496	105.49369557757149	23.035481918595533	61.999333095465964	45.13667291146997	-0.0	372.536431267735	77.12338191623542	79.8554199784522
4.171501114150006	6.205698315063172	105.19155044827464	23.034461671442074	64.43002228300011	44.70465543375448	-0.0	356.5632132695027	76.83834111140966	80.35763217611786
4.287725090710881	6.144731080855033	104.88407798265355	23.033206574843526	66.7545018142176	44.29820720570022	-0.0	340.68001758836624	76.55484789743527	80.73237405454577
4.398669819666848	6.087570964257197	104.58342814296726	23.031757031069397	68.97339639333697	43.91713976171465	-0.0	324.8943236452382	76.27237440947613	80.9890879221658
4.504369185246377	6.034187682280437	104.27889454538585	23.030150005406437	71.08738370492755	43.561251215202915	-0.0	309.2145793209446	75.99128764942488	81.13923155213739
4.604860062887686	5.9845481240417895	103.97984686391513	23.0284183834209	73.09720125775371	43.23032082694527	-0.0	293.6503087383555	75.71121170128934	81.19661817564567
4.7001827163602075	5.938616277649577	103.67809939754315	23.02659012156828	75.00365432720415	42.924108517663846	-0.0	278.2123246381899	75.43239781616134	81.17740325781085
4.790381264867078	5.896353105180894	103.38076764675182	23.024687659960183	76.80762529734156	42.642354034539295	-0.0	262.9129894463442	75.15458525285545	81.0992845801803
4.875504233552911	5.857715757556711	103.0816609924681	23.02272762582238	78.51008467105821	42.38477171704474	-0.0	247.76646312654492	74.87794643467505	80.97968496258243
4.955605213296107	5.822656855756794	102.7861468442911	23.02072135846357	80.11210426592214	42.15104570504529	-0.0	232.78901961603108	74.6023063620151	80.83350953498274
5.030743642838769	5.791123692180782	102.48956640692005	23.018675937561518	81.61487285677538	41.94082461453855	-0.0	217.9994336778786	74.3277841932279	80.6717247147737
5.100985703583999	5.7630587020920965	102.19593328254186	23.016595552885597	83.01971407167997	41.75372468061398	-0.0	203.41967064852926	74.05426553715098	80.50139049422015
5.166405484667906	5.738396182874734	101.90177893765237	23.014482580475633	84.32810969335812	41.58930788583156	-0.0	189.0751666346661	73.78182933789398	80.32662103576023
5.227086284271208	5.717062733726117	101.61008833104304	23.01233840937504	85.54172568542417	41.447084891507444	-0.0	174.99579449498714	73.51040187914315	80.14966315625111
5.283122182768212	5.698976647866899	101.31827820003004	23.010163865380054	86.66244365536423	41.32651098577933	-0.0	161.216947212965	73.2400325474018	79.97169759091867
5.334620100400753	5.6840419636046295	101.02857045435556	23.00795951157785	87.69240200801505	41.226946424030864	-0.0	147.7797903985599	72.97067441647023	79.79333186912406
5.381701921773559	5.672152555461953	100.73904564938954	23.005725747889475	88.63403843547118	41.14768370307969	-0.0	134.7336802938472	72.70235585380546	79.6148748241463
5.424507396977547	5.663184337813035	100.45134407624079	23.00346291664705	89.49014793955094	41.087895585420235	-0.0	122.13643519530926	72.43504900684013	79.43648271739718
5.463197262177627	5.656994890814472	100.16404348001635	23.001171306621714	90.26394524355254	41.046632605429814	-0.0	110.05613017820862	72.16876615776538	79.25823438509231
5.497956717620502	5.653422774893914	99.87836516914692	22.998851201043554	90.95913435241003	41.02281849929276	-0.0	98.57296069200859	71.90349299882354	79.08016978387953
5.528999773919945	5.652273776364825	99.59325081138985	22.9965028589795	91.5799954783989	41.01515850909883	-0.0	87.77599417155588	71.63923062775851	78.90230925841078
5.556571846818146	5.653339377877561	99.30959098345707	22.99412654587184	92.13143693636292	41.02226251918374	-0.0	77.76869994550142	71.3759749256231	78.7246634279492
5.580953607841306	5.656372769760767	99.02663804601659	22.991722511564596	92.61907215682612	41.04248513173845	-0.0	68.65637348394043	71.11371712996855	78.54723796170173
5.602460967931008	5.661100205320275	98.74500155909358	22.989291014250053	93.04921935862016	41.07400136880183	-0.0	60.53884981422405	70.85246213593774	78.37003614274245
5.621440151945288	5.66724254012899	98.46419369400068	22.986832299587014	93.42880303890576	41.1149502675266	-0.0	53.50373128559715	70.5921927754601	78.19305997840783
5.638260599754916	5.674495699277955	98.18453376870293	22.98434662127336	93.76521199509831	41.16330466185303	-0.0	47.588798263771565	70.33292457383983	78.01631091733636
5.653295623077773	5.68258919673118	97.90585880468282	22.981834222068024	94.06591246155546	41.2172613115412	-0.0	42.788413774501045	70.07462846606713	77.83979005082357
5.666905234820614	5.691266622303724	97.62820139738305	22.979295351665833	94.33810469641229	41.27511081535816	-0.0	39.020337231940225	69.81732911279269	77.6634983581252
5.6794133599692636	5.700327570994189	97.35163413081844	22.976730250377827	94.58826719938527	41.33551713996126	-0.0	36.154366113346065	69.56099084379102	77.48743669436799
5.6910943035373105	5.7096211487703465	97.07592438344571	22.974139164060364	94.8218860707462	41.39747432513565	-0.0	34.02833858807616	69.30564618479224	77.3116059064189
5.702166765807744	5.7190441158822845	96.80144995670825	22.971522330944666	95.04333531615488	41.4602941058819	-0.0	32.47821392347112	69.05125125893576	77.13600678153324
5.712797003405992	5.728526108163747	96.52769719417611	22.96887999278862	95.25594006811984	41.523507387758315	-0.0	31.353931928223528	68.79784479069734	76.96064011547574
5.723106152380907	5.738022847730259	96.25532500606877	22.96621238588889	95.46212304761814	41.586818984868394	-0.0	30.533480956722627	68.54537661504615	76.78550666930062
5.73317959615774	5.747508976529883	95.98349597957046	22.96351974788923	95.6635919231548	41.65005984353255	-0.0	29.926347476077318	68.29389338914824	76.6106072075622
5.74307653911941	5.756967741847394	95.71316985458502	22.960802313419585	95.8615307823882	41.71311827898263	-0.0	29.465236644204804	68.04333938310369	76.43594247628003
5.752837301412821	5.766388896839454	95.44327402078922	22.958060315643678	96.05674602825643	41.7759259789297	-0.0	29.10283000267433	67.79376172162495	76.26151321201918
5.762489026933359	5.7757664066075325	95.17505067411933	22.95529398839589	96.24978053866718	41.83844271071688	-0.0	28.806878165393737	67.54510628518803	76.0873201524687
5.7720499468392825	5.785096254687741	94.90698922655045	22.95250355924343	96.44099893678565	41.900641697918275	-0.0	28.55510883412419	67.29742236400756	75.9133640018725
5.781532200592681	5.794376268061814	94.64077996126733	22.94968926159742	96.6306440118536	41.96250845374543	-0.0	28.33291754868982	67.05065160165738	75.7396454928769
5.7909439031697225	5.803605126095236	94.3747149508291	22.946851318380023	96.81887806339445	42.02403417396824	-0.0	28.130524930128384	66.80484013465826	75.56616530170089
5.800290492171834	5.812782104903072	94.11042619431198	22.94398996150746	97.00580984343668	42.08521403268715	-0.0	27.94147089368015	66.55994277241929	75.39292415018974
5.809575647700979	5.82190678822056	93.84630623881723	22.94110540985693	97.19151295401957	42.14604525480374	-0.0	27.761417155358572	66.31599166383963	75.21992269086627
5.818801877643892	5.830979067298928	93.58390432101073	22.938197893355643	97.37603755287785	42.20652711532619	-0.0	27.58757607039354	66.07295210796184	75.0471616325088
5.827970925118247	5.839999006637468	93.32179698561511	22.935267627618884	97.55941850236493	42.26666004424979	-0.0	27.41815265387677	65.83084364751802	74.87464160703222
5.837084042944117	5.8489667031945025	93.06127055979253	22.932314840040025	97.74168085888233	42.32644468796335	-0.0	27.251903890354466	65.5896468964818	74.7023633075682
5.846142153601477	5.857882344718686	92.80113339879495	22.929339743344315	97.92284307202952	42.38588229812457	-0.0	27.088040623595326	65.3493689116403	74.53032734846612
5.855145962715002	5.8667461898026945	92.54242846518805	22.926342562055467	98.10291925430003	42.44497459868463	-0.0	26.926087591418963	65.11000190618743	74.35853440459239
5.864096043167576	5.875558473964596	92.28426818687221	22.923323506337834	98.28192086335152	42.50372315976398	-0.0	26.765685584601766	64.87153902155265	74.18698507438107
5.872992874341143	5.8843194670867485	92.027394415366	22.92028279766002	98.45985748682284	42.562129780578324	-0.0	26.60661659438057	64.63398538278277	74.01568001427695
5.881836876417457	5.893029448058613	91.77118847176249	22.917220643997094	98.63673752834913	42.620196320390754	-0.0	26.448737731170716	64.39732454267573	73.84461980851088
5.8906284296819695	5.901688705927642	91.51610800934193	22.914137263467197	98.81256859363938	42.67792470618428	-0.0	26.29196199134845	64.16157125936111	73.67380509338572
5.899367889146771	5.910297527881618	91.26184804462628	22.911032862035615	98.98735778293542	42.73531685254412	-0.0	26.136228131234816	63.92669834567411	73.50323644004507
5.908055594158635	5.918856191060587	91.00857994884998	22.90790765437322	99.1611118831727	42.79237460707058	-0.0	25.981480065076603	63.69272935604682	73.33291446438228
5.91669186870699	5.927364997839773	90.75627094491261	22.904761844564742	99.33383737413979	42.84909998559849	-0.0	25.8277093602773	63.45962920666449	73.16283972515363
5.925277034817381	5.935824204489347	90.5047087282556	22.901595643774176	99.50554069634762	42.905494696595646	-0.0	25.674853543843767	63.227434514081025	72.99301281756121
5.93381139913789	5.944234135775503	90.25434643825473	22.898409254580955	99.6762279827578	42.96156090517002	-0.0	25.522951237088055	62.99609406357218	72.82343428994224
5.94229527151742	5.9525950586186775	90.00456944900051	22.895202884232877	99.84590543034838	43.017300390791185	-0.0	25.371966692170545	62.765655211809815	72.65410471454771
5.950728957659468	5.960907243940159	89.75609593780719	22.891976733859014	100.01457915318935	43.072714959601065	-0.0	25.221873295677547	62.53606198274129	72.485024630124
5.959112756827002	5.9691709870146115	89.50808005224503	22.888731007027776	100.18225513654004	43.12780658009741	-0.0	25.072682080814218	62.30736536696428	72.31619458715811
5.967446966937671	5.977386572739703	89.26145964069168	22.88546590351426	100.34893933875341	43.18257715159802	-0.0	24.924392923940736	62.0795074295487	72.14761511496116
5.975731884596483	5.985554278375363	89.01518823985747	22.882181622904103	100.51463769192965	43.23702852250242	-0.0	24.776997622392113	61.8525387726483	71.97928674103069
5.984409542399437	5.998091695125484	88.77049506347726	22.878894727914638	100.68819084798872	43.27038505388997	-0.0	29.242683621342703	61.62639242563678	71.61362539370029
5.995522513804643	6.017864692590686	88.52592165596114	22.875750868950345	100.91045027609285	43.18173371086549	-0.0	37.36825088397481	61.40101906573581	70.65287250554282
6.0092228559358425	6.041240171140832	88.28303582134346	22.87293082322401	101.18445711871685	42.95706000548003	-0.0	44.733457281009095	61.17618887150894	69.19016670547437
6.025188958563256	6.0664534500712906	88.0402615636082	22.870579021428266	101.50377917126512	42.61248968847316	-0.0	50.784158152441	60.951817370078025	67.34752199222905
6.042977690138108	6.092539972552469	87.79914500505079	22.868795039961768	101.85955380276215	42.17777101813839	-0.0	55.65646998236207	60.727733194660516	65.2778050013418
6.062140242457024	6.11798541131922	87.5581754887273	22.867625133237908	102.24280484914047	41.683346041186894	-0.0	59.07895610018211	60.5039340075373	63.153076031998445
6.08218502575119	6.141576766830276	87.31878940158087	22.867058843792748	102.64370051502378	41.161981688434295	-0.0	60.926052042151234	60.28038143115217	61.14692545473614
6.102590696483702	6.162581226815108	87.07962723147918	22.86703144163613	103.05181392967403	40.64662865742633	-0.0	61.232410908871586	60.057153530756565	59.41667037201007
6.12284191262777	6.180380046093573	86.84199513791397	22.867431808441182	103.4568382525554	40.16606779535754	-0.0	59.967769189896366	59.83430940493735	58.08824338585276
6.142501965234114	6.193871425878532	86.60466440440368	22.868114500212748	103.85003930468228	39.74053899547084	-0.0	56.66207982660115	59.612014562242045	57.24561341512315
6.160779172136278	6.2057048297687	86.36871522654654	22.868914416783905	104.21558344272556	39.40571924290819	-0.0	52.98918382110018	59.390373730875375	56.92563094296579
6.177475210211837	6.2131542244142555	86.13318349346673	22.86966221789832	104.54950420423673	39.16083203054688	-0.0	47.22222345094707	59.16956824397856	57.118175035755115
6.1921207411557955	6.216670021858936	85.89894100893011	22.870199012893842	104.8424148231159	39.0182755680522	-0.0	39.17052519364865	58.949754940389504	57.77045312551309
6.2025359010288525	6.222719600006185	85.66522693757179	22.870389217797563	105.05071802057705	39.01919301745033	-0.0	35.51733641594297	58.73104457911795	58.79313633164279
6.21256462848584	6.217892721590758	85.43264811235476	22.870131736588696	105.25129256971678	39.09012500108451	-0.0	18.248447031388036	58.51354707701924	60.063638625807954
6.461704990718314	6.221363762884169	85.20072954429425	22.8693748480853	105.30100324034495	39.33512166149187	-0.0	-0.0	58.2973093117169	61.35958855517866
7.556585145667415	6.2163044469983415	84.9698033606039	22.868179981864333	105.30100324034495	39.65326720979475	-0.0	-0.0	58.08230722571165	62.41505117968188
9.52176637225835	6.206304994179379	84.73964409259519	22.866508087492946	105.30100324034495	40.05232440897378	-0.0	-0.0	57.86851559762495	63.88497812254054
12.347671330379857	6.193578350451365	84.51036787263125	22.86422719084225	105.30100324034495	40.5274210114281	-0.0	-0.0	57.65607005285647	65.71521118546586
16.02052792993076	6.179432421329187	84.28195112724035	22.861239466875222	105.30100324034495	41.0631678501157	-0.0	-0.0	57.44503827015302	67.78643081893364
20.522436449319084	6.1653026195655105	84.05430531170924	22.85748850638659	105.30100324034495	41.639409128014265	-0.0	-0.0	57.23550311595653	69.96452558397775
25.831456770007495	6.152692808076536	83.82760628365966	22.852963048533645	105.30100324034495	42.231310174152284	-0.0	-0.0	57.02745288849431	72.10717272620126
31.921715302028453	6.143225852470333	83.60152523717237	22.847698504530396	105.30100324034495	42.81088330864574	-0.0	-0.0	56.82089621964852	74.07093912191833
38.76353107928946	6.138491362616905	83.37653932318716	22.841776102545648	105.30100324034495	43.348214802358726	-0.0	-0.0	56.61571742825828	75.718653066178
46.32356041023133	6.139821712959684	83.15205923066199	22.835319639351273	105.30100324034495	43.813099457842156	-0.0	-0.0	56.411847483939695	76.92676619671931
54.564959378774354	6.148235411822031	82.92868379880014	22.828489877941017	105.30100324034495	44.17838787037151	-0.0	-0.0	56.209101119791576	77.59238132827998
63.447563403749434	6.164250362269877	82.7058362566162	22.821476769062333	105.30100324034495	44.422601816162896	-0.0	-0.0	56.007336189850996	77.63957601807276
72.92808298149968	6.182304419715586	82.48404057804642	22.814474225680904	105.30100324034495	44.54869613143724	-0.0	-0.0	55.806335555764434	77.21574415218791
82.92737777757817	6.196060080722381	82.78369745879927	22.807549976176272	105.2590884467175	44.64040053814921	113.71556045722801	-0.0	55.60603399679083	76.77399822035873
91.97300805416816	6.209875297356707	89.61169687317738	22.80073358364509	103.58433905874277	44.73250198237805	460.99675301369575	-0.0	55.78237801659578	76.33513797115893
98.24569535703183	6.224411120220274	89.91973122939204	22.79438901760223	99.01544123310495	44.82940746813516	865.6424039333917	-0.0	57.766466417569006	75.90105999474335
102.0519799091865	6.239763621978388	91.59692071028537	22.789070608034926	92.75726554034816	44.93175747985592	970.0285191174028	-0.0	60.99014813622487	75.47464857440762
104.6063435800411	6.25593874644093	94.78298018303897	22.784977514587624	86.36192630151106	45.039591642939534	940.2673586433762	-0.0	64.35651737432045	75.05690807712828
106.35692480241794	6.272914479148931	97.76124988962431	22.782091603346803	80.2813702198018	45.15276319432621	879.551443720847	-0.0	67.56560219049777	74.64769757455169
107.5552308807656	6.290652101865872	100.46848276638046	22.78034153226448	74.67733224083416	45.271014012439146	798.6284056397337	-0.0	70.51625443169586	74.2465977099346
108.45298920516325	6.309100428913832	102.88473729601658	22.77962877124308	69.6518654028988	45.39400285942555	707.9143110738756	-0.0	73.14181549403831	73.85304863413106
109.24778055342601	6.3281990497900225	105.00511164187706	22.779839910448665	65.23612423769734	45.52132699860015	617.9321985779712	-0.0	75.41625068538309	73.46641535943371
110.05102845003826	6.347881557415336	106.87037217179628	22.78085943391752	61.3973535700473	45.652543716102244	535.0318355404456	-0.0	77.35005005744898	73.08605520375781
110.89470601633693	6.368078897329046	108.47477081502232	22.782580318296905	58.063963797900605	45.78719264886031	466.6842274154057	-0.0	78.98199921647597	72.71137346058072
111.73868871175597	6.388722711355661	109.86033965896932	22.784910976661436	55.14200773086941	45.92481807570441	411.1586248040994	-0.0	80.36448102905035	72.34185958704442
112.53149971897645	6.4097483909796225	111.0284238845405	22.787777123808244	52.550428245945014	46.06498927319748	367.7999797433861	-0.0	81.54800904790969	71.97709654153242
113.23526531643579	6.431097461494138	112.02808028551817	22.791119033657754	50.229187063753784	46.207316409960924	329.6159170649762	-0.0	82.56974417985803	71.61674588748328
113.85090331287799	6.452718938854683	112.86970565221355	22.794886705415188	48.144923572758486	46.351459592364556	297.1662656826968	-0.0	83.45229972754986	71.26052200533988
114.38781895172816	6.474569480334962	113.59318641331639	22.799035996066987	46.272968338200144	46.49712986889975	267.42649168894957	-0.0	84.20983944481225	70.90817151820195
114.85205468805337	6.496612460540637	114.22399400636938	22.803527017087013	44.59114282217931	46.64408307027091	237.75083880306113	-0.0	84.85463564366084	70.55946471128085
115.25238474855453	6.518816415960441	114.73115199222696	22.808323972678046	43.08164060572909	46.79210943973628	216.58935354601806	-0.0	85.39909963556089	70.21419456004512
115.58045487630473	6.541153444302518	115.16090105418603	22.813395008128374	41.723250023082485	46.94102296201679	194.31892339832234	-0.0	85.85433986248626	69.87217581395485
115.84166716210137	6.563598032416498	115.51639357016529	22.818711543662786	40.50256210111241	47.09065354944332	171.09828542170533	-0.0	86.22898898549231	69.53324138439164
116.04967820417775	6.586126487372901	115.77408942727672	22.824247523248882	39.410892373744346	47.240843249152675	157.48965020309376	-0.0	86.52983208600958	69.19723830654316
116.19565378550894	6.608716834851125	115.9932470370402	22.82997901486461	38.43364584010013	47.39144556567417	134.96891257688156	-0.0	86.76299107656267	68.86402556783415
116.29370137214721	6.631348887386412	116.12742534422124	22.835884058355774	37.56547029223707	47.542325915909416	122.33087309971137	-0.0	86.934156829268	68.5334732466808
116.33717152070052	6.654004222642572	116.20597180360969	22.841942531577715	36.795581654909775	47.69336148428382	108.66450449974604	-0.0	87.0486882592009	68.20546175172596
116.34712756561812	6.676665978599437	116.2496099481517	22.848135562261223	36.12307054648637	47.84443985732958	93.68343275082337	-0.0	87.10754715177899	67.87987867686245
116.29100153682784	6.699318539137907	116.21309280195524	22.854445210642762	35.53162311678538	47.99545692758605	83.73640867945937	-0.0	87.1195083772385	67.55661710787332
116.17383074091194	6.721947249152623	116.16215229197998	22.860856560904594	35.01762435610183	48.146314994350824	32.420061750039764	-0.0	87.08785418780654	67.23558656061634
115.96111391498938	6.744538248767287	115.86973131412753	22.867355902995087	34.56662669114973	48.29692165844858	90.68866565104138	-0.0	87.02613818743885	66.91670336462266
115.87638672495895	6.7670784163383	115.8725836237192	22.873929327446767	34.23992851905042	48.447189442255336	18.500786782670954	-0.0	86.89403898221977	66.59988319706997
115.7834549998245	6.789555343539678	115.71075747325717	22.880551157633786	33.99422094863512	48.597035623597854	80.88743654647004	-0.0	86.70519661568383	66.28498045373236
115.44934605975185	6.8119572643205295	115.39555428707439	22.88721288634752	33.760543798191456	48.74638176213686	69.57916024910831	-0.0	86.51378149327844	65.97194045266636
115.06804579651852	6.834272713173867	115.04528576053883	22.893910930694897	33.593173714170085	48.89515142115911	45.259288971125045	-0.0	86.2965626646067	65.6607345876404
114.57031476395741	6.856490409393756	114.62274055535907	22.9006302546876	33.5383061392624	49.043269395958376	-0.0	-0.0	86.02187173046588	65.35127427630928
113.20200836759561	6.878599901871026	114.73188621122974	22.90734939516178	33.5383061392624	49.19066601247351	-0.0	-0.0	85.68299365340543	65.04343767954842
110.77361151685115	6.900588438396522	114.00878701454823	22.914060806733012	33.5383061392624	49.33725625597681	-0.0	-0.0	85.37091039582849	64.73717673964254
107.33240584806116	6.922442750746594	113.9956495626015	22.920768439673516	33.5383061392624	49.48295167164396	-0.0	-0.0	85.03898352106181	64.43250387743583
102.94539269791899	6.944162927137336	113.38492124869433	22.92746835578741	33.5383061392624	49.627752847582244	-0.0	-0.0	84.7249363055641	64.12939011696376
97.6979885667462	6.965750266831475	113.27842858149769	22.934163926302237	33.5383061392624	49.77166844554317	-0.0	-0.0	84.39902019708903	63.82784494189142
91.69236203288214	6.987201931600324	112.7534287097979	22.940851875756696	33.5383061392624	49.91467954400216	-0.0	-0.0	84.08438796624378	63.52784294428697
85.04544449890179	7.0085211740057645	112.57776661984605	22.947534919464744	33.5383061392624	50.056807826705096	-0.0	-0.0	83.76328072068034	63.22939025921753
77.88665350113146	7.0297087130177625	112.11675967518556	22.954210425789583	33.5383061392624	50.19805808678508	-0.0	-0.0	83.44905164493177	62.93246495065701
70.35537291025243	7.050763506721014	111.89125036141516	22.960880502150115	33.5383061392624	50.3384233781401	-0.0	-0.0	83.1318888389299	62.637070052847314
62.59823908431733	7.0716884229879815	111.47705917541921	22.967543091778342	33.5383061392624	50.477922819919876	-0.0	-0.0	82.81875679864953	62.34318674082158
54.76628581357493	7.0924835041897465	111.21677418727654	22.974199776817454	33.5383061392624	50.61655669459831	-0.0	-0.0	82.50492802242115	62.05081537905532
47.012003645977984	7.113148791849204	110.83621669793125	22.980848985081867	33.5383061392624	50.75432527899469	-0.0	-0.0	82.193367286697	61.75993977954499
39.48637084910712	7.133686502290853	110.55253160119155	22.987491866408988	33.5383061392624	50.89124334860569	-0.0	-0.0	81.88245241963216	61.47055812340506
32.33591381672581	7.15409650492659	110.19579119794018	22.99412724075261	33.5383061392624	51.027310032843936	-0.0	-0.0	81.57277489644203	61.18265637343085
25.69985415462884	7.174379491068268	109.8970887870222	23.000717520782388	33.5383061392624	51.16252994045512	-0.0	-0.0	81.26450752342512	61.34372066699975
19.707397993026042	7.194537071893676	109.55699430580609	23.006999912502526	33.5383061392624	51.29691381262451	-0.0	-0.0	80.95714478230818	62.32366428520429
14.47522030328758	7.214569221469091	109.24928688739008	23.01280082807569	33.5383061392624	51.43046147646061	-0.0	-0.0	80.65195183917534	63.66278123873146
10.10519320022664	7.234476945191621	108.92073612553953	23.018026842016216	33.5383061392624	51.563179634610805	-0.0	-0.0	80.34770520288993	65.23249895504985
6.71007245072196	7.233261700180121	108.60825949084902	23.022617448137037	33.69674873741693	51.555078001200805	-0.0	180.82955535845093	80.04591655264346	66.9531164194208
4.499795912200849	7.083597608427146	108.28771797576353	23.026535294435266	35.78776483724288	50.55731738951431	-0.0	401.8552052843705	79.74510457889417	68.75368397752975
3.235493983483709	6.948317424580772	107.9733068700239	23.02976740001109	38.77951195193784	49.65544949720515	-0.0	481.7172044556499	79.44679794032575	70.5577309708287
3.0521243191009546	6.834346709415066	107.65838756808924	23.032327280996537	42.04248638201909	48.895644729433776	-0.0	486.198415664461	79.14950579399864	72.27422567305558
3.2114347944879187	6.739434011089662	107.34394142162235	23.034257821286705	45.22869588975837	48.262893407264414	-0.0	469.57422314007925	78.8545970742943	73.83135634213498
3.3652470348806887	6.650931366457519	107.03308409023091	23.03561285974156	48.30494069761377	47.672875776383464	-0.0	453.1614179556242	78.56069445847862	75.2242901705903
3.513600925380895	6.5666500692649405	106.71978020945875	23.03644587900206	51.272018507617894	47.111000461766274	-0.0	436.8244172350635	78.26896503920507	76.45659697096046
3.6565190239824363	6.486345180074484	106.41200908788544	23.03680890896479	54.13038047964872	46.5756345338299	-0.0	420.55217839853475	77.97823453089181	77.53219459247896
3.7940232805293483	6.409973419537683	106.10058286881541	23.036752788077028	56.88046561058696	46.06648946358455	-0.0	404.3474788941077	77.68946401816812	78.45544503891416
3.926136964703969	6.337510751869522	105.79528722500751	23.036326700926637	59.52273929407937	45.58340501246348	-0.0	388.21496841034747	77.40169045387829	79.23127785162755
4.052885016185632	6.268933865278274	105.48611743688494	23.03557819474086	62.05770032371264	45.12622576852183	-0.0	372.159983163545	77.11567691885081	79.86535819146759
4.174294260354458	6.20421838403642	105.18300425248387	23.03455273872248	64.48588520708915	44.694789226909464	-0.0	356.18851431527463	76.83065316690748	80.36430839860938
4.290393631091218	6.1433377970022445	104.8762988227645	23.033293488134035	66.80787262182436	44.28891864668163	-0.0	340.30722938168554	76.5472114715175	80.73600052934033
4.401214420838995	6.086263721938743	104.57516514001756	23.031840738436575	69.0242884167799	43.908424812924956	-0.0	324.52362212747204	76.26474859790302	80.9899219856629
4.506790578174888	6.032965739001064	104.27098524061346	23.030231387475887	71.13581156349777	43.55310492667376	-0.0	308.8461551511302	75.98371486180683	81.13758617212964
4.6071590430248825	5.983411062721458	103.97178697973926	23.02849818764528	73.14318086049764	43.222740418143054	-0.0	293.2844203687539	75.70364541547283	81.19286718650991
4.702360168338359	5.9375631640885524	103.67014820171734	23.026668982031016	75.04720336676718	42.91708776059035	-0.0	277.8492167244441	75.42488363360374	81.17197383327898
4.792438164387606	5.8953830463820625	103.3728480065302	23.024766052501114	76.84876328775212	42.63588697588042	-0.0	262.55295680043963	75.14707725629846	81.09262371726801
4.8774416642700835	5.856827707952322	103.0737170513602	23.02280589686598	78.54883328540166	42.37885138634881	-0.0	247.4098375775302	74.87048713284128	80.97220425941563
4.957424378907394	5.821849881780653	102.77831505437892	23.020799723614587	80.14848757814786	42.14566587853769	-0.0	232.43621475488433	74.59485574886739	80.82553416085105
5.0324458869115825	5.79039685689816	102.48165797407871	23.0187545314498	81.64891773823165	41.935979045987736	-0.0	217.65094905412445	74.32037849078503	80.66347654038958
5.1025725532788995	5.762410178741527	102.18818295576033	23.016674446348485	83.051451065578	41.74940119161018	-0.0	203.07597492419984	74.04687081956389	80.49300420812071
5.167878639461189	5.73782500664853	101.89391478963458	23.014561816091764	84.35757278922378	41.58550004432353	-0.0	188.73698087340702	73.77447672963065	80.31817193572128
5.228447694019088	5.716566874009066	101.60240046075384	23.01241800723146	85.56895388038176	41.443779160060444	-0.0	174.66381637126125	73.50306242937936	80.1411914601964
5.284374069469041	5.69855392451604	101.31047113944184	23.010243839323888	86.6874813893808	41.323692830106936	-0.0	160.89201639745042	73.23273237881774	79.96322415002574
5.335764985449667	5.683690633572799	101.02094001089165	23.008039867770485	87.71529970899333	41.22460422381866	-0.0	147.46305641649965	72.96338959975226	79.78486729762568
5.382742710819565	5.671870391849372	100.7312876553649	23.00580649206882	88.6548542163913	41.14580261232915	-0.0	134.42648572496012	72.69510855090968	79.606424501303
5.425447527073054	5.662966616308783	100.44377052907613	23.00354405164018	89.50895054146108	41.08644410872522	-0.0	121.83982549738428	72.42781816109762	79.42804933700049
5.4640405190140715	5.656841182669424	100.15634508690624	23.001252835789995	90.28081038028142	41.045607884462825	-0.0	109.77268092954415	72.16157111412011	79.24981928103938
5.498707849041181	5.653324399967769	99.87084959294877	22.998933126530982	90.97415698082362	41.02216266645179	-0.0	98.30327783401597	71.89631534473756	79.07177361306256
5.529663822545259	5.652230557990573	99.58561995404895	22.996585183330208	91.59327645090518	41.014870386603825	-0.0	87.5238308424177	71.63208697248653	78.89393233264688
5.557154899977243	5.653345402197101	99.30214293446984	22.994209271228957	92.14309799954485	41.02230268131401	-0.0	77.53648424284636	71.36884948257907	78.71630588858515
5.581462872996847	5.656417689524917	99.01905728388121	22.991805640044163	92.62925745993695	41.04278459683278	-0.0	68.4446932420942	71.10662542649769	78.53889986458111
5.6029040878097645	5.66117958155085	98.7375913241368	22.989374548160207	93.05808175619529	41.07453054367233	-0.0	60.350794185477284	70.84539014025661	78.36171750152032
5.621825246422771	5.667353387878591	98.45665356608127	22.986916240685595	93.43650492845542	41.11568925252394	-0.0	53.343311117596734	70.58515314084572	78.18476078271365
5.63859645456943	5.674631316520318	98.17721809069874	22.98443097211083	93.77192909138859	41.16420877680212	-0.0	47.45712667166567	70.32590293072272	78.00803115073064
5.653592025134219	5.682732737976669	97.89839023368735	22.981918983989125	94.07184050268438	41.218218253177795	-0.0	42.67662770947488	70.06763866577082	77.83152968549385
5.667169180009842	5.691424688393879	97.62091640431098	22.9793805275559	94.34338360019683	41.27616458929253	-0.0	38.93545009374267	69.81036054251213	77.65525737131394
5.679652518250847	5.700491292183682	97.3442133494665	22.97681584120749	94.59305036501694	41.33660861455788	-0.0	36.089103214158975	69.5540519737334	77.47921505241048
5.691314424701016	5.709789028870146	97.06871035137517	22.974225172929145	94.82628849402032	41.398593525800976	-0.0	33.98032902387255	69.2987280217192	77.30340358608888
5.702372754829945	5.719211650835074	96.7940942100391	22.97160875852881	95.0474550965989	41.461411005567165	-0.0	32.44119295464637	69.04436187731417	77.12782374681247
5.712992274692571	5.728692239831971	96.52052742132717	22.9689668423728	95.25984549385142	41.52461493221314	-0.0	31.324875438100392	68.79097765010677	76.95247634383094
5.723293029931507	5.738188036708821	96.24801311962659	22.966299657985687	95.46586059863014	41.587920244725474	-0.0	30.511275351615836	68.53853785885477	76.77736212356314
5.733359859840574	5.747672375783654	95.97638996272266	22.963607445850606	95.66719719681147	41.65114917189103	-0.0	29.90873194307109	68.28707626825464	76.60248186551556
5.743251404354172	5.757128926671666	95.70595898910418	22.96089043752746	95.86502808708345	41.71419284447778	-0.0	29.450724012210276	68.03654775732718	76.4278362996788
5.753007621306913	5.766547406399602	95.43618332550955	22.958148869484756	96.06015242613825	41.77698270933068	-0.0	29.090145552971705	67.78699712512677	76.25342618003687
5.762655350808543	5.77592218886841	95.16783952854679	22.955382971697453	96.25310701617084	41.839481259122735	-0.0	28.795440242193187	67.53836520705036	76.07925222431301
5.7722126338914475	5.7852493653916275	94.89999056619929	22.952592976203825	96.44425267782894	41.90166243594418	-0.0	28.54462679316813	67.29070574460653	75.90531515981571
5.7816915038994	5.794526684499653	94.63367925206785	22.94977911157328	96.633830077988	41.963511229997685	-0.0	28.32311401516095	67.04395721527314	75.73161569394861
5.791100003498749	5.8037527791918935	94.36768397645393	22.94694160540013	96.82200006997498	42.02501852794596	-0.0	28.12113939408449	66.79817611568792	75.55815452766427
5.800443512122967	5.812926974682116	94.10339477550372	22.944080685139745	97.00887024245932	42.08617983121411	-0.0	27.932354178387012	66.5532964066146	75.38493235962497
5.809725668361851	5.822048904076577	93.83932671037859	22.941196573846597	97.19451336723701	42.14699269384385	-0.0	27.752517582561616	66.30937531712198	75.21194986400012
5.818948958074246	5.831118453578152	93.57698152690854	22.938289497595093	97.37897916148492	42.20745635718768	-0.0	27.578859095221787	66.06635198742714	75.0392077293159
5.828115115892814	5.840135639279709	93.31483069147296	22.93535967544629	97.56230231785628	42.2675709285314	-0.0	27.4095368746164	65.82427710077056	74.86670660617814
5.83722537876154	5.849100602051748	93.054400396017	22.932407331611078	97.74450757523078	42.32733734701166	-0.0	27.24337452736032	65.58309556641636	74.69444717066487
5.846280662995824	5.85801352746116	92.79420372938655	22.929432681424714	97.92561325991647	42.38675684974107	-0.0	27.079586944477267	65.34284897658777	74.52243005100227
5.85528166800244	5.866874688510953	92.53567228986192	22.926435947708914	98.10563336004878	42.44583125673969	-0.0	26.917722447898427	65.10349734195924	74.35065591289376
5.864228968334491	5.875684286696219	92.27733267238128	22.923417341188987	98.2845793666898	42.50456191130813	-0.0	26.757380245607884	64.86506776974669	74.17912535825283
5.873123040206907	5.884442601826289	92.02068388406327	22.920377083612507	98.46246080413813	42.56295067884193	-0.0	26.598357114893407	64.62752929515317	74.00783904490845
5.881964299719095	5.893149933724807	91.76430832751629	22.91731538209314	98.6392859943819	42.62099955816538	-0.0	26.440539430144188	64.39089961961054	73.83679755244192
5.890753128170311	5.901806557283298	91.50946678571523	22.91423245590126	98.81506256340622	42.678710381888656	-0.0	26.283822392523298	64.15516158992452	73.66600152338715
5.899489881490938	5.91041274881982	91.25501774251046	22.91112850957196	98.98979762981875	42.736084992132135	-0.0	26.12813058860408	63.92031982955954	73.49545152154514
5.908174896967509	5.918968797507426	91.00196644812058	22.90800375936457	99.16349793935017	42.79312531671617	-0.0	25.973424567137986	63.68636767521315	73.32514817112732
5.916808497840021	5.927475008787231	90.74946521995936	22.904858407542275	99.33616995680042	42.84983339191487	-0.0	25.819700505633165	63.45329784175419	73.15509202130154
5.9253910039583495	5.935931653236463	90.49819798283204	22.901692667360805	99.50782007916699	42.906211021576425	-0.0	25.666916057097843	63.22111732144936	72.98528367829395
5.933922728159725	5.94433900900387	90.24759636175538	22.898506738851985	99.67845456319449	42.9622600600258	-0.0	25.51504561546063	62.9898077391063	72.81572367742379
5.942403974286611	5.952697385493535	89.9980730179349	22.895300832145203	99.84807948573221	43.01798256995691	-0.0	25.364112451114366	62.75938608060302	72.64641260581949
5.950835050454946	5.961007035252651	89.74941961428706	22.892075145235815	100.01670100909891	43.07338023501767	-0.0	25.214064524716797	62.52982003330146	72.47735098601515
5.959216254130122	5.969268265412858	89.50163223399943	22.888829884886956	100.18432508260243	43.12845510275239	-0.0	25.064929785878707	62.301141927007095	72.30853938518169
5.967547885425937	5.977481344325883	89.254856443382	22.885565247543486	100.35095770851873	43.18320896217256	-0.0	24.916684796470566	62.07330923190638	72.13997831537517
5.9758257076721435	5.98567964338628	89.00879230287514	22.88228141281038	100.51651415344286	43.23786428924186	-0.0	24.816748016883757	61.84636099991503	71.97163019135628
5.98455435504055	5.998338520493565	88.76388852349558	22.878996569547446	100.69108710081099	43.268626800712575	-0.0	29.351496398198215	61.620240668387055	71.59300227666039
5.995755371486205	6.01801544756921	88.51957216769935	22.875859735975677	100.9151074297241	43.17510460267182	-0.0	37.29952754644232	61.39488830310369	70.61841327987335
6.0094917338468	6.041669367659821	88.27652239196735	22.87305080903565	101.18983467693599	42.94860239301809	-0.0	44.84531316998294	61.17006512636194	69.14448411442989
6.025495059517391	6.067092353284296	88.03393518908048	22.870713250979062	101.50990119034782	42.602541709516736	-0.0	50.9885365590299	60.945697290741265	67.2940316958739
6.043331350043904	6.09305163006305	87.79269514760186	22.86894539810916	101.86662700087808	42.16513202150938	-0.0	55.745111904063734	60.72162805889322	65.22061297700198
6.062526738988769	6.118354943125137	87.55185327554487	22.86779211654786	102.25053477977536	41.66897352445538	-0.0	59.06998187339332	60.49784633541538	63.09656888341537
6.082578705057207	6.141990963694149	87.31243480764135	22.867241536196584	102.65157410114413	41.14801511010315	-0.0	60.93657493500009	60.274288248203014	61.095312271351396
6.102985977984836	6.1629095767601845	87.07334165408236	22.867227645838696	103.0597195596967	40.6331435358423	-0.0	61.19824281349343	60.051071453149696	59.37356145938546
6.123238729367738	6.180457219784348	86.8357092922801	22.867638294341567	103.46477458735475	40.15284053396721	-0.0	59.80096697410571	59.828237446240465	58.056322507603774
6.1427625975870495	6.195039286080408	86.59832235606086	22.868327351515205	103.85525195174098	39.73586770747645	-0.0	57.16023994731735	59.60595417008488	57.22643798640388
6.1611092143988175	6.2058432716387095	86.36254660325386	22.86912940085744	104.22218428797635	39.397877989410496	-0.0	52.87606809789519	59.384329669099785	56.91956740275152
6.177823733632988	6.21258885473902	86.12689536432894	22.8698751721205	104.55647467265976	39.1520685994586	-0.0	46.61351809429323	59.16356859782935	57.124459932418155
6.192463923329026	6.215935537266509	85.89282483504195	22.870406188628824	104.8492784665805	39.011783124933416	-0.0	38.3011210161358	58.94377048366225	57.787332179572495
6.206770125717258	6.207779433993456	85.65896885237318	22.87058758201607	105.13540251434515	38.93703641746783	-0.0	7.9424031163360835	58.725091716446435	58.81800289442571
6.213626924951462	6.218002112256852	85.42658677953708	22.870319243870668	105.27253849902922	39.09483453589151	-0.0	16.536299664280865	58.50762130001444	60.09307981721044
6.478873166910677	6.2210377569512625	85.194526725934	22.86955067844273	105.30965700691691	39.34052044647545	-0.0	-0.0	58.29142149685128	61.38194878739528
7.595686265777594	6.215511906529369	84.9637846235669	22.868351092910643	105.30965700691691	39.658892203573856	-0.0	-0.0	58.0764455827822	62.425804685904836
9.582684735704149	6.205431061039263	84.73349728091114	22.866671892103216	105.30965700691691	40.059957887606565	-0.0	-0.0	57.86268570088839	63.9070612968078
12.430184909921131	6.1926967318789785	84.50440467879032	22.864380428716114	105.30965700691691	40.53697677886503	-0.0	-0.0	57.65025897074597	65.7459808690241
16.12430945371252	6.178497491362445	84.27584114055045	22.86137982139539	105.30965700691691	41.07372227542425	-0.0	-0.0	57.43927320338823	67.82274608556605
20.647054995847054	6.164402769462091	84.0483753721341	22.857614744974768	105.30965700691691	41.65069790272456	-0.0	-0.0	57.229768372620924	70.00290192283376
25.976379868243534	6.151834636693103	83.82153487811019	22.853075103763818	105.30965700691691	42.24246452236822	-0.0	-0.0	57.021759324686485	72.1439548584563
32.086311526397836	6.142470676538815	83.59566800972654	22.84779750274563	105.30965700691691	42.82130196562353	-0.0	-0.0	56.81522348457268	74.10248638867775
38.947073126946734	6.137860862346948	83.37050291043728	22.841864321800653	105.30965700691691	43.35704470299385	-0.0	-0.0	56.61008332947019	75.741530600341
46.52522864556624	6.139385622906395	83.14622860816121	22.83540041835589	105.30965700691691	43.81988483582116	-0.0	-0.0	56.40623736460948	76.93793422281945
54.78384582795038	6.1479819935791395	82.92272295807807	22.828567451890628	105.30965700691691	44.182323055413654	-0.0	-0.0	56.20351985814779	77.58937333058948
63.682676179681	6.1641880471921855	82.70002502154725	22.821556061354176	105.30965700691691	44.423283715265164	-0.0	-0.0	56.00177198960808	77.6206557461468
73.1783511178781	6.182103921921467	82.47814518145985	22.814558940456635	105.30965700691691	44.54735947947645	-0.0	-0.0	55.8007898719252	77.19302773966272
83.17591699239651	6.1958346866574745	83.02078778015746	22.807640254343443	105.24790648029432	44.63889791104983	118.15933776690768	-0.0	55.60052464239346	76.75143027761912
92.17458510469203	6.209663542677993	89.68055980108832	22.800832626278407	103.51308970866464	44.73109028451996	473.7745005003262	-0.0	55.806851939608634	76.312734545031
98.36929573967741	6.224218276324053	89.92069582150235	22.794511936001083	98.87520088371483	44.82812184216036	871.9942618135486	-0.0	57.83985738049845	75.87889956024677
102.1319730667513	6.239590386919539	91.67454156162636	22.789227578579354	92.59925362592598	44.930602579463596	970.1385650829706	-0.0	61.07710215502076	75.45278324713321
104.66293523927315	6.255784774548611	94.86402738662795	22.785169648112586	86.20859822915946	45.03856516365741	939.0962180405521	-0.0	64.44151175290122	75.03534212755493
106.39648853377287	6.272778922837435	97.83533558744959	22.782317572477336	80.1378808636845	45.1518594855829	877.7834386504993	-0.0	67.64540653738545	74.62642246075914
107.58427882699658	6.290533756890721	100.53588219774035	22.780599186589054	74.54706779210612	45.27022504593814	796.4644980368308	-0.0	70.58872147915086	74.22560061515014
108.4772701398596	6.308997821649288	102.94500692116276	22.779915418272083	69.53648929418722	45.393318810995254	705.6229089837685	-0.0	73.20577710445228	73.83231396407164
109.27133142955617	6.328110518266249	105.05807778822975	22.780152647956818	65.13564653171092	45.52073678844166	615.7863490849546	-0.0	75.47153988140221	73.44592650146032
110.07549660766664	6.347805335175248	106.9170743904894	22.78119544875067	61.3103409537394	45.652035567834986	533.1585125888463	-0.0	77.39731204451662	73.06579610063433
110.91981143839493	6.368013199393738	108.51572986259993	22.78293711148248	57.98824170618424	45.78675466262492	465.15303054107943	-0.0	79.02242572429371	72.69132978902647
111.76307491031451	6.3886658167561805	109.8961365681465	22.785286475973646	55.07531429973158	45.92443877837454	409.90785646913514	-0.0	80.39940768231652	72.32201933921766
112.5542093974584	6.409698713033217	111.05826142664642	22.78816966579382	52.491115732132876	46.064658086888116	366.92685561713415	-0.0	81.578545648415	71.95744991824188
113.25575857323543	6.4310535958619495	112.05341663410357	22.791527255744153	50.17608548485583	46.207023972413	328.954061415674	-0.0	82.59660892757522	71.59728472011149
113.86872298542913	6.452679681947851	112.89470777825777	22.79530942790248	48.09708203841224	46.35119787965234	296.0766263071481	-0.0	83.4759095934316	71.24123912788909
114.4038735325735	6.4745338172754145	113.61519257492719	22.799472154630873	46.230121316021155	46.49689211516943	266.4231337331043	-0.0	84.23050311620192	70.88906040785773
114.86719410989356	6.496579530530166	114.23969288245712	22.803975647876506	44.553051897293656	46.64386353686778	237.64492519151256	-0.0	84.87265982950245	70.54051940689298
115.26546750002525	6.518785469271751	114.74602065949053	22.808784213247147	43.047379757084386	46.79190312847834	216.21798178718947	-0.0	85.41478103968713	70.19540966406349
115.59042756311717	6.541123805424353	115.17989965367514	22.81386608668952	41.69204705871573	46.940825369495684	192.21735574547748	-0.0	85.86792207509505	69.85354643302198
115.85170758958701	6.563569077941557	115.52644417846989	22.81919275888107	40.47519131849169	47.09046051961038	171.09560777688256	-0.0	86.24065666658625	69.51476302062365
116.0555581824962	6.586097638620543	115.79388370281012	22.824738229406822	39.38560267169859	47.24065092413695	153.46238357248032	-0.0	86.53973958774215	69.17890677760406
116.20542156702567	6.608687558770877	115.98995327719331	22.8304786165127	38.412837688084686	47.39125039180585	139.25568600567902	-0.0	86.77128584394428	68.84583697721342
116.29194434300932	6.631318697862112	116.16324726844786	22.836392006625474	37.54394587528482	47.54212465241408	107.62312349365835	-0.0	86.94097216216464	68.51542396283267
116.3187608822933	6.6539726774718355	116.18744296541564	22.842458707259098	36.77169686390277	47.693151183145574	108.71344221847478	-0.0	87.05790043258685	68.18755042049193
116.32023660050277	6.676632672232402	116.22238946968393	22.84866104165831	36.09931666806048	47.84421781488268	93.84157806481687	-0.0	87.11886280625055	67.86211022377118
116.29854668744126	6.6992830944454775	116.22753269193237	22.85497904305561	35.52076235549961	47.99522062963652	79.94535380996369	-0.0	87.1229650314967	67.53898578429953
116.20033317769347	6.721909311527798	116.16465660225731	22.86139599118295	35.01464838768115	48.14606207685199	56.664731440765244	-0.0	87.0851974716999	67.21807718536688
116.07850362498033	6.744497483563494	116.03576357702353	22.867898307073318	34.592305252734036	48.296649890423296	62.02099899317817	-0.0	87.0052558381116	66.89930151294209
115.95731329431838	6.767034508275821	115.84505983556993	22.87446930754678	34.25686489224781	48.44689672183881	100.51274191544555	-0.0	86.87469750665353	66.58255998580077
115.6991448685008	6.789507995710521	115.68114187360398	22.881095332450965	33.96556111317401	48.59671997140347	40.25257185216431	-0.0	86.71438502767127	66.26777023447818
115.40481875603128	6.811906199439057	115.37030898532036	22.88776662687282	33.745376942880654	48.746041329593716	55.73041686531754	-0.0	86.52311928478748	65.9548708039141
115.0691628697553	6.834217723752351	115.2084844054991	22.89447022007108	33.59304248194602	48.89478482501568	-0.0	-0.0	86.2877746320127	65.64378367160549
114.56710846303244	6.856431314611057	114.63503101007375	22.901191232857556	33.543413872085075	49.04287543074038	-0.0	-0.0	86.01122840303802	65.33442121949479
113.17166874357733	6.8785364298470215	114.70084229730651	22.90791406875652	33.543413872085075	49.19024286564681	-0.0	-0.0	85.67893264566347	65.02669250887364
110.71690581379798	6.900522398677272	114.0286509597767	22.91462819221584	33.543413872085075	49.336815991181815	-0.0	-0.0	85.36115130378545	64.72053371501737
107.25061466573224	6.922377584434256	113.96063764998613	22.92133925092695	33.543413872085075	49.48251722956171	-0.0	-0.0	85.03438877700528	64.41596621958638
102.84028505809796	6.944097507361115	113.40624095869107	22.92804201769161	33.543413872085075	49.62731671574077	-0.0	-0.0	84.7157873326335	64.11295424508037
97.57178746984196	6.965684677160101	113.2439747499043	22.934740808678377	33.543413872085075	49.77123118106734	-0.0	-0.0	84.39393813297109	63.81151227055283
91.5477011754213	6.987137447827219	112.77294235620883	22.94143167938437	33.543413872085075	49.91424965218146	-0.0	-0.0	84.07578150535032	63.51161135420286
84.88531699465766	7.008456509783614	112.54621365202343	22.948117796478094	33.543413872085075	50.056376731890765	-0.0	-0.0	83.75778807469236	63.21326002422019
77.7143536042548	7.029644301935844	112.13284129945882	22.954796247337846	33.543413872085075	50.19762867957229	-0.0	-0.0	83.44090675239428	62.916434857071714
70.1744318751437	7.050699886811135	111.86357128823067	22.96146929030855	33.543413872085075	50.337999245407566	-0.0	-0.0	83.12606769522087	62.621139695252566
62.41235641099374	7.071624679760926	111.48923252382095	22.968134816674233	33.543413872085075	50.47749786507284	-0.0	-0.0	82.81099147130726	62.32735543493902
54.579257217295776	7.092420198220065	111.19309786020233	22.974794388024222	33.543413872085075	50.61613465480043	-0.0	-0.0	82.49885728902461	62.035082343411894
46.827647153447316	7.113086023813339	110.84460363099768	22.981446505322943	33.543413872085075	50.75390682542226	-0.0	-0.0	82.1859067269813	61.74430461470493
39.30845246037678	7.133623724845542	110.5325754569755	22.988092209839586	33.543413872085075	50.890824832303615	-0.0	-0.0	81.87620008782784	61.45501986724617
32.16807417995118	7.15403422196879	110.20079571923968	22.994730453329755	33.543413872085075	51.02689481312527	-0.0	-0.0	81.56555591718939	61.16721475643749
25.545537681572505	7.174317579740365	109.88035212751565	23.001318703477164	33.543413872085075	51.1621171982691	-0.0	-0.0	81.2581336685587	61.36048436592055
19.569785795267308	7.194475268616007	109.55916742110276	23.007590909165383	33.543413872085075	51.296501790773384	-0.0	-0.0	80.9501290462756	62.354693025668844
14.357168255010201	7.214507898655978	109.23521008692963	23.01337807039576	33.543413872085075	51.430052657706526	-0.0	-0.0	80.64552491345474	63.702114715926264
10.00917633347322	7.2344159016083305	108.92064746678821	23.018588210290336	33.543413872085075	51.56277267738887	-0.0	-0.0	80.34086935288293	65.2772958046477
6.6436269858822525	7.2295113621334774	108.59628755764027	23.0231614598629	33.735759088642794	51.530075747556516	-0.0	191.3577108864484	80.03948192896372	67.00128800518648
4.457144086177232	7.07942245092966	108.28585887533914	23.02706124634396	35.86204758768487	50.52948300619774	-0.0	404.8362604770313	79.73842390196776	68.80326074345011
3.217547408553712	6.944601584396952	107.9629686370721	23.03027513374959	38.86642671661558	49.630677229313015	-0.0	482.63949899505997	79.44038537418156	70.60655516366195
3.056488175131539	6.831255319813538	107.65520826199788	23.032817507159624	42.12976350263078	48.875035465423586	-0.0	485.71899956932396	79.142957083463	72.31984393783404
3.215641287149354	6.736612301411704	107.33483990961929	23.03473173245567	45.31282574298707	48.24408200941136	-0.0	469.10626556399444	78.84822358465894	73.87303174267
3.3692980577918052	6.648242118227181	107.02893163353946	23.036071779513666	48.3859611558361	47.65494745484787	-0.0	452.69637040428205	78.55425667784834	75.26210574744218
3.5174972556082675	6.564078208631046	106.71160115067079	23.036891023540132	51.34994511216535	47.09385472420698	-0.0	436.3614437183052	78.26263975162036	76.49064278034486
3.6602613526457715	6.483888664496678	106.4071854941107	23.03724153287313	54.205227052915426	46.55925776331119	-0.0	420.0913079208872	77.97189012873939	77.56257041719576
3.797612327320863	6.4076313648522385	106.09307508963349	23.037174050030472	56.95224654641725	46.05087576568159	-0.0	403.888833524413	77.68319158947543	78.48226225520875
3.9295734959545117	6.335282502381705	105.78997481302659	23.03673777400473	59.59146991909023	45.56855001587804	-0.0	387.7587044821813	77.39542703338223	79.25466343066074
4.0561698528224195	6.26681865997204	105.47911831521556	23.035980161073955	62.123397056448376	45.1121243998136	-0.0	371.7062690443239	77.10945849145992	79.88545870220538
4.177428281517482	6.202215321064291	105.17737061012657	23.034946668036866	64.54856563034964	44.681435473761944	-0.0	355.7375296081025	76.8244606268935	80.38129646029972
4.293377781901469	6.141446061956893	104.86963702643583	23.033680354472974	66.86755563802939	44.27630707971262	-0.0	339.85918775790657	76.5410480235369	80.75008212673907
4.404049719839852	6.084482450051894	104.56933776409402	23.03222147083288	69.08099439679705	43.89654966701263	-0.0	324.07876455925435	76.25861875188794	81.0013460155142
4.5094781254595	6.031294002046891	104.26454557988913	23.03060680067425	71.18956250919001	43.54196001364594	-0.0	308.4047539949926	75.9776059133394	81.14665345378032
4.609700042527894	5.981847338386797	103.9658854903164	23.02886901044998	73.19400085055787	43.212315589245314	-0.0	292.8467278136832	75.69757182653474	81.19993569742097
4.7047559180711715	5.9361065614359285	103.66388372785607	23.02703579968194	75.09511836142343	42.90737707623953	-0.0	277.4156001566915	75.41882637997891	81.177448879362
4.794690084663564	5.894032426723819	103.36687562178061	23.025129330287598	76.89380169327127	42.62688284482546	-0.0	262.12381879326784	75.14105695753992	81.09692627178569
4.879551316805625	5.855581694883476	103.06759526230198	23.023165954186997	78.59102633611248	42.37054463255651	-0.0	246.98562433847383	74.86448059259293	80.97571858803667
4.959393490278471	5.8207066176928475	102.77232729967778	23.02115677861664	80.18786980556942	42.13804411795232	-0.0	232.01739258813885	74.58888600887347	80.82856137058133
5.034276353949802	5.7893549646738585	102.47562243152571	23.019108710739	81.68552707899605	41.92903309782572	-0.0	217.2381485150652	74.31442248974736	80.66622000123573
5.104266488576632	5.761467910655028	102.1822019679652	23.017025832090535	83.08532977153263	41.74311940436686	-0.0	202.6699012678	74.04095010286179	80.49558649275053
5.169438425109763	5.736979461488556	101.88796397570069	23.014910453515174	84.38876850219525	41.57986307659037	-0.0	188.33829874370892	73.76856994899653	80.32066132086645
5.2298759416383005	5.715817207189541	101.59644748269038	23.01276393047909	85.597518832766	41.4387813812636	-0.0	174.27371889344792	73.49718987062356	80.14362407503594
5.285673815836642	5.6978957933835535	101.3045866848287	23.010587069328864	86.71347631673284	41.31930528922369	-0.0	160.51128806623532	73.22687479116385	79.96561877362157
5.336939561502367	5.683122889526403	101.01502461957419	23.008380424789408	87.73879123004734	41.220819263509355	-0.0	147.09336491324893	72.95756496863419	79.78723347935835
5.383796072211999	5.671386704990865	100.7254647089653	23.006144390847485	88.67592144423999	41.142578033272436	-0.0	134.06869339513642	72.68929948546781	79.60876712616923
5.426383922615364	5.662567444298698	100.43788820670663	23.003879308405264	89.52767845230728	41.083782961991325	-0.0	121.49679051402303	72.42204120831731	79.4303708939714
5.464865196498543	5.656517267223607	100.15057112965701	23.001585463990704	90.29730392997087	41.04344844815738	-0.0	109.44521195701742	72.15581056000218	79.25212107700445
5.49942647783144	5.65307384773816	99.86499389900709	22.999263140982762	90.98852955662879	41.0204923182544	-0.0	97.99469689309716	71.8905864049686	79.07405635229595
5.5302829667416304	5.652049091571631	99.57988476007637	22.996912597281902	91.60565933483261	41.013660610477544	-0.0	87.23750799899683	71.62637487204816	78.89619641695425
5.557682563032704	5.653219467655955	99.29632930221706	22.994534098839473	92.15365126065407	41.02146311770637	-0.0	77.27261182950393	71.36316754724072	78.71855157761196
5.581907214756484	5.656346839758263	99.01339019261103	22.99212789458835	92.63814429512968	41.04231226505509	-0.0	68.20906510582883	71.10095971574047	78.54112733686651
5.603274342093743	5.6611589200087975	98.73184016383188	22.989694243331105	93.06548684187487	41.074392800058654	-0.0	60.14803504430448	70.83975351049807	78.36392690214961
5.622132643992035	5.667362146361929	98.45103160823915	22.987233389945196	93.44265287984071	41.115747642412856	-0.0	53.16807216853292	70.57953483050039	78.18695223763359
5.638851084562054	5.674667830911269	98.17147836321284	22.984745588638486	93.77702169124107	41.164452206075126	-0.0	47.313281928290856	70.32031389410234	78.01020477451789
5.653803751669466	5.682794848504076	97.89281198105753	22.982231081440418	94.07607503338932	41.21863232336051	-0.0	42.566930264738744	70.06206729241777	77.8336855907134
5.667348412704515	5.6914983739806555	97.6152434049117	22.979690118597127	94.34696825409029	41.276655826537706	-0.0	38.850644521794045	69.80481544676125	77.65739566323485
5.679807223217048	5.700575311463482	97.33866964444266	22.97712293972359	94.59614446434095	41.33716874308988	-0.0	36.027843612991276	69.54852704775242	77.48133584116557
5.691451668234758	5.7098775144558145	97.0630623754402	22.974529791286763	94.82903336469516	41.39918342970543	-0.0	33.935459166129306	69.29322949052347	77.30550697325036
5.702497573867397	5.7193040783602145	96.78860363708199	22.97191091061072	95.04995147734795	41.462027189068095	-0.0	32.40997579142992	69.03888269499343	77.12990984129372
5.713108481102054	5.728787555043395	96.51495172549424	22.96926654018526	95.26216962204109	41.525250366955966	-0.0	31.30402723826102	68.78552278606804	76.95454524437004
5.723403405401905	5.738285050233489	96.24257168994443	22.96659691540223	95.4680681080381	41.58856700155659	-0.0	30.497586822140132	68.53310330841732	76.77941393850455
5.733466396780787	5.747769830147026	95.97082355606095	22.963902274709852	95.66932793561574	41.65179886764684	-0.0	29.89924054871508	68.28166756286419	76.60451669231935
5.743355369303303	5.7572267350286195	95.70052756992791	22.961182851721478	95.86710738606605	41.7148449001908	-0.0	29.444190561676024	68.03115993813107	76.42985424632087
5.753109838963716	5.766645723144834	95.43071480372447	22.958438880601964	96.06219677927432	41.7776381542989	-0.0	29.08595470875786	67.78163040596529	76.2554273420228
5.762756425024072	5.77602069847829	95.16245673984969	22.9556705935711	96.25512850048145	41.84013798985527	-0.0	28.79265689179478	67.53302208066371	76.081236708986
5.772312944607973	5.785348003847726	94.89451126582904	22.95287821997904	96.44625889215945	41.902320025651505	-0.0	28.542795982253793	67.2853845824391	75.90728305983819
5.7817913101295115	5.794625347645792	94.62833138718459	22.95006199136603	96.63582620259022	41.96416898430528	-0.0	28.321852777802754	67.0386582401712	75.73356711780276
5.791199465566219	5.803851471330923	94.36230511099389	22.94722213218961	96.82398931132438	42.025676475539484	-0.0	28.120283787578817	66.79289639715513	75.56008956695725
5.800542738702641	5.813025666475391	94.09805513373196	22.94435887273463	97.01085477405282	42.086837776502605	-0.0	27.93175586669859	66.54804279218008	75.38685112061368
5.809824727266012	5.822147599500277	93.83398235871775	22.941472433164265	97.19649454532023	42.147650663335185	-0.0	27.752108291832336	66.30413934869553	75.21385243732905
5.819047898639577	5.8312171177137	93.57168230195116	22.93856304228486	97.38095797279153	42.20811411809133	-0.0	27.578545866899074	66.06114127976844	75.04109422027666
5.828213967064971	5.840234271572989	93.30957398443981	22.935630916434704	97.56427934129941	42.26822847715326	-0.0	27.409287326581488	65.81908209207516	74.86857710526785
5.837324157144682	5.849199219142489	93.04912725402578	22.932676282248845	97.74648314289362	42.327994794283256	-0.0	27.243189513398054	65.57792806749777	74.69630178073638
5.8463793810050095	5.858112128351772	92.7889744653825	22.929699352887457	97.92758762010018	42.387414189011814	-0.0	27.079451788628578	65.33769900858952	74.52426886343609
5.855380339611071	5.866973227901373	92.53038712483601	22.926700352397425	98.10760679222142	42.446488186009155	-0.0	26.91756894936608	65.09837260695073	74.35247902584528
5.864327594691913	5.875782795217259	92.27220823473364	22.923679491189613	98.28655189383825	42.50521863478173	-0.0	26.75724262389802	64.8599580687844	74.18093286719647
5.873221623354997	5.884541089948951	92.01544684072701	22.920636990497716	98.46443246709993	42.56360726632634	-0.0	26.59824547074722	64.62244583861593	74.00963104269378
5.882062844057163	5.893248385394703	91.75920586412256	22.91757305819274	98.64125688114326	42.62165590263135	-0.0	26.44042990566183	64.38583336826898	73.83857413589641
5.8908516365092325	5.901904963490693	91.50425902124164	22.914487912448976	98.81703273018465	42.67936642327128	-0.0	26.283700963548814	64.15012042546299	73.66776278336833
5.899588352472773	5.9105111274842095	91.24997252171565	22.911381758831837	98.99176704945546	42.73674084989473	-0.0	26.12802017403471	63.91529406265886	73.49719755387292
5.908273330769287	5.919067152753214	90.99681673102693	22.908254812479306	99.16546661538574	42.79378101835476	-0.0	25.973330052101947	63.68136676396754	73.32687906566964
5.916906897263523	5.927573324530388	90.74444051894224	22.905107276748335	99.33813794527045	42.850488830202586	-0.0	25.819599225763874	63.44831470579235	73.15680787365102
5.925489367960191	5.936029940276776	90.49305023133435	22.901939363547104	99.50978735920381	42.90686626851184	-0.0	25.66682235467731	63.21615943938024	72.98698457656997
5.93402105890491	5.944437254198688	90.24265447972742	22.89875127424008	99.68042117809819	42.96291502799125	-0.0	25.514940835932038	62.98486375711094	72.81740971668385
5.942502271507834	5.9527955933048995	89.99298805120725	22.895543217261814	99.85004543015668	43.01863728869933	-0.0	25.364002292946253	62.754466746047726	72.64808387196891
5.950933312197135	5.96110522170078	89.74447417306634	22.89231539247675	100.01866624394269	43.074034811338535	-0.0	25.213971206016712	62.524918493623346	72.47900757447637
5.9593144811632	5.969366426806886	89.49654265524333	22.889068004579524	100.18628962326399	43.12910951204591	-0.0	25.064847949476267	62.29626499441437	72.31018138052517
5.967646081843551	5.977579453219091	89.24998767279789	22.885801252143622	100.352921636871	43.18386302146061	-0.0	24.916575024895938	62.06844718565612	72.1416058131858
5.9759241651269335	5.98577440804885	89.0037750797239	22.882515260766393	100.51848330253866	43.238496053659	-0.0	24.812097505446435	61.84152240145708	71.97317148943566
5.984693825293875	5.998668067602353	88.75905149024912	22.87923024442062	100.6938765058775	43.2673088119423	-0.0	29.55317485956281	61.61541797407272	71.58149082743492
5.995942077060437	6.018616949776688	88.51460229206302	22.87609789421974	100.91884154120872	43.17135582828357	-0.0	37.64544520610327	61.390079017094	70.59316037998605
6.009754829623226	6.042204869569745	88.27169819369723	22.873297487453986	101.19509659246451	42.94075773788929	-0.0	45.03473655587904	61.16526863693077	69.10826870506169
6.025812685620952	6.067645324449331	88.02902368144731	22.87097146333414	101.51625371241904	42.59198165288969	-0.0	51.1325720727374	60.9409099012637	67.25039026155069
6.043692542288007	6.093569933861582	87.78790457294402	22.869216896185254	101.87385084576012	42.15250167983296	-0.0	55.83311717384659	60.71684734058891	65.17372249947482
6.062910761181219	6.1189317339871305	87.54699088755801	22.868077241393827	102.25821522362438	41.65587542141413	-0.0	59.171875079039644	60.49306291678176	63.05083795801754
6.08298238458238	6.142459094416104	87.30765556894492	22.86753922004199	102.65964769164759	41.13439035468801	-0.0	60.96961837347984	60.26951648118753	61.05492409874257
6.103400961696637	6.163184969818488	87.06854279954176	22.86753555407174	103.06801923393273	40.61937970150877	-0.0	61.12692129999435	60.046301722974576	59.34205700647091
6.12361683138202	6.181006123447441	86.83097788268532	22.867953093809675	103.4723366276404	40.14241013349656	-0.0	59.890155736053785	59.823484479554565	58.03628150760866
6.143137399565647	6.195288635094237	86.5935831351733	22.868645050073614	103.86274799131293	39.72600042307812	-0.0	57.091612523530266	59.601211555261614	57.21928718481267
6.161484492086426	6.205608775673683	86.35778230465571	22.869445743872603	104.2296898417285	39.38800380536715	-0.0	52.514452526934036	59.37961462572411	56.92553231423752
6.17812612384973	6.212579222231957	86.12222309847584	22.870186017460995	104.5625224769946	39.14649215330653	-0.0	46.403864590022884	59.15886578569583	57.14263478524216
6.192390986013347	6.217466137532832	85.88809825762647	22.87070785681974	104.84781972026694	39.01797023970328	-0.0	39.5878386624961	58.939091986017914	57.81582854728944
6.203423274705984	6.2208706287167885	85.6543372546011	22.870877144479444	105.06846549411968	39.01071757566079	-0.0	33.02210813493405	58.72044352944556	58.8540995566765
6.21186839978467	6.218655128597574	85.42188320428185	22.87059479712451	105.2373679956934	39.10265582704053	-0.0	20.595401205281558	58.50300754884086	60.13323402374542
6.492909275004768	6.224338005144723	85.18992530628391	22.869811882215405	105.24842395005125	39.36637763245975	-0.0	-0.0	58.28683203534724	61.38938730128124
7.630892967912838	6.21747579687697	84.95910864985689	22.86860731934001	105.24842896594785	39.680263334137514	-0.0	-0.0	58.0718884168574	62.44290579160017
9.638360534704434	6.207344317368125	84.7289386438728	22.866919220948557	105.24842896594785	40.083747936193355	-0.0	-0.0	57.85814278458026	63.9351700133639
12.505528816441497	6.194507974762697	84.49977036774004	22.864615709558514	105.24842896594785	40.56241620934074	-0.0	-0.0	57.64575080801311	65.78241119994263
16.218424625606822	6.180309352198039	84.27132717582494	22.8616008611412	105.24842896594785	41.10078891266462	-0.0	-0.0	57.43478644863891	67.86433145463747
20.758953108914767	6.166176190105171	84.0437674354832	22.857820437738457	105.24842896594785	41.67837881552811	-0.0	-0.0	57.225318906287285	70.04615041104168
26.104985932860764	6.153673004908303	83.81705048944853	22.853265510182258	105.24842896594785	42.27047942699949	-0.0	-0.0	57.01733466505284	72.18522222778294
32.23046912648311	6.1443975059834175	83.59110028055707	22.84797386703631	105.24842896594785	42.848796808403996	-0.0	-0.0	56.81083565061108	74.13816083857269
39.10555005577271	6.139886728060748	83.36610075453335	22.842029033161594	105.24842896594785	43.383053766676674	-0.0	-0.0	56.60571847186424	75.76822256982777
46.696722910961526	6.141605833339696	83.14166626283674	22.835556904612474	105.24842896594785	43.84406061953011	-0.0	-0.0	56.40190223589412	76.95266340483644
54.96699199754406	6.1503898691491194	82.91833093190077	22.828720019722375	105.24842896594785	44.203822568764586	-0.0	-0.0	56.19920028113102	77.58974398578918
63.87605203537654	6.1667893699443885	82.69551888308827	22.821709683822114	105.24842896594785	44.441604976188984	-0.0	-0.0	55.99747274111503	77.60501024629107
73.38048458704543	6.184562562181955	82.47376793600225	22.81471726622459	105.24842896594785	44.56375041454637	-0.0	-0.0	55.796499334044576	77.17397759306583
83.37233841067636	6.1982714987293885	83.21117153580714	22.80780336283524	105.17048827271235	44.65514332486259	120.43678316125082	-0.0	55.596291920772956	76.73250525420237
92.327573426431	6.212112787849169	89.72780519200985	22.80100324745218	103.38747014106944	44.74741858566113	483.7139041808736	-0.0	55.82734929326111	76.29394833723123
98.45520456733497	6.226684609508467	89.91965088203376	22.79470200175508	98.69769707327067	44.84456406338978	876.4700974232429	-0.0	57.89772958828925	75.86031408335133
102.17827944039388	6.242074298345279	91.73119621057494	22.78944451840958	92.41142960965165	44.947161988968524	969.6584402168141	-0.0	61.14362582487361	75.43443642459795
104.68623590310023	6.25828580636577	94.91992645382963	22.785413670977057	86.02856722375414	45.05523870910513	937.5328529893518	-0.0	64.50452241609783	75.01723379426508
106.40333122020807	6.275296152761139	97.88212459633358	22.78258689192178	79.97042183529648	45.16864101840759	875.7331763435163	-0.0	67.70183473111702	74.60854198475928
107.58132721874684	6.293065927793986	100.57305187598672	22.780891246129823	74.39524767432336	45.28710618529324	794.1944225744792	-0.0	70.63658667328978	74.20793337887298
108.46961989542227	6.311543422868002	102.97610263803692	22.78022718862787	69.40120150656126	45.410289485786684	703.1476041093231	-0.0	73.24401157709156	73.81484294562964
109.26161178020003	6.3306678633672835	105.09144614139963	22.780480947498823	65.01584305283608	45.53778575578189	612.6295026294732	-0.0	75.50015093349536	73.42863396936474
110.07041298150389	6.35037264362673	106.92247890919454	22.781537233573083	61.20730824717353	45.66915095751153	532.2725490834953	-0.0	77.41739421050036	73.04866513990903
110.9139675816052	6.370588680648254	108.52380546705442	22.783289719637686	57.896747729551876	45.80392453765503	463.80447422332094	-0.0	79.03509479443598	72.67434557893952
111.75785856781012	6.391247751227356	109.8907219972877	22.785647706701294	54.99440493073753	45.94165167484904	409.92961755284006	-0.0	80.40618663772098	72.3051695579012
112.54344245024954	6.412285520611717	111.06747700090078	22.788537762722402	52.41656065626336	46.081903470744784	364.46795530113303	-0.0	81.58058091556718	71.94072464105459
113.24353435212133	6.4336438822215944	112.05285985793437	22.79190078273323	50.108836349600196	46.224292548143964	327.3540964717363	-0.0	82.59471362803426	71.58067575519742
113.85416331857924	6.45527225527029	112.89124830558059	22.79568714759136	48.03589448327384	46.36848170180193	294.3846992794946	-0.0	83.47053406898902	71.22473936961325
114.38660475344436	6.477127674857054	113.61268835715072	22.799852956943333	46.174131292358666	46.514184499047026	263.91755467650853	-0.0	84.22198858739601	70.87266345596753
114.84995707646998	6.49917382333562	114.22569240805464	22.804358534528397	44.50270889106404	46.66115882223747	237.0312640926935	-0.0	84.86135012650846	70.52421948157013
115.24392598812547	6.521379458703875	114.74093546407161	22.809168298121897	43.00049761493683	46.80919639135917	212.765474560247	-0.0	85.40100094992437	70.17920160463146
115.57162383223248	6.543716826695557	115.15253937353788	22.81425058336782	41.6507330036203	46.958112177970385	194.2101987088059	-0.0	85.85194455956332	69.83742562919691
115.82994889215233	6.566160518352625	115.50324745184776	22.819576959171222	40.43698901488247	47.1077367890175	171.47340793082685	-0.0	86.22268525348257	69.49872529692145
116.03491295519365	6.588686930473905	115.75844199106902	22.82512148751625	39.351553211785294	47.257912869826036	157.741518856693	-0.0	86.5199507394523	69.16294830799302
116.17751215887272	6.611274180336973	115.97710516234167	22.830860343357323	38.37987659997182	47.40849453557982	134.30052005779396	-0.0	86.7498452373176	68.82995425342442
116.27662269897974	6.633902174556452	116.09345170969947	22.83677166587705	37.51819767691765	47.559347830376346	128.3954400873503	-0.0	86.91803532487388	68.49961377193874
116.35234886680755	6.656552578652111	116.11514906821776	22.84283531931933	36.7640069693107	47.710350524347405	146.10948591067125	-0.0	87.02798132148654	68.17180723569136
116.35534089917368	6.679208603826014	116.15853214329775	22.849031490019847	36.09449374299099	47.86139069217343	133.0893986342795	-0.0	87.08286043964863	67.84641733408102
116.26433855733643	6.701854690729048	116.18541350861146	22.8553436983216	35.497462759012556	48.01236460486032	84.28080674297794	-0.0	87.09430731371592	67.52334488110091
116.14164595571822	6.724476229299729	116.07786263215907	22.86175805014782	34.98657802240994	48.16317486199819	75.76608159541777	-0.0	87.0644791583967	67.20250477737855
115.96663959084174	6.7470593996114605	115.99561096898995	22.86825866882924	34.5511161058907	48.31372933074307	-0.0	-0.0	86.98726677024436	66.88380195556002
115.70853520465495	6.769591121893497	115.69162701560936	22.874833116615523	34.178479683566685	48.46394081262331	39.009447754402764	-0.0	86.88407396757972	66.5671599239181
115.6466877158159	6.792059064879973	115.65661629888733	22.88146456368646	33.946111743320756	48.61372709919982	-0.0	-0.0	86.69741415576947	66.2524794678242
115.47505261661715	6.814451511076526	115.46308368060397	22.888128453935753	33.76310638382989	48.76301007384351	32.82078977090322	-0.0	86.47044460984397	65.93962142237548
115.07303562206484	6.836757130093614	115.0773619871887	22.894820658712877	33.59374757072188	48.91171420062409	-0.0	-0.0	86.24654037304795	65.62855458006833
114.45731246741278	6.858964682391634	114.58683603840386	22.90153687308625	33.518168639622075	49.05976454927756	-0.0	-0.0	85.98780961831001	65.3192469095176
113.0360745919447	6.881063298396439	114.69767867462839	22.908256371951754	33.518168639622075	49.207088655976264	-0.0	-0.0	85.6526032420682	65.01158034704798
110.55728109600851	6.9030401411298685	113.98049140325433	22.914967595998252	33.518168639622075	49.35360094086579	-0.0	-0.0	85.33834000906023	64.70548567822154
107.06919485418608	6.924883468279382	113.95657544391139	22.921675510501984	33.518168639622075	49.49922312186255	-0.0	-0.0	85.00866969274122	64.40098068043096
102.6397299824006	6.946592722582912	113.36028543541157	22.928375313673683	33.518168639622075	49.64395148388608	-0.0	-0.0	84.6927835753361	64.09803182856122
97.35512952909428	6.9681687727674255	113.23747693128749	22.93507104591401	33.518168639622075	49.787791818449506	-0.0	-0.0	84.36875087239787	63.7966521413901
91.31828629647991	6.9896097103058095	112.73012309901375	22.94175892194449	33.518168639622075	49.93073140203873	-0.0	-0.0	84.05264936064847	63.49681352549908
84.64673948590021	7.010918107622464	112.53676751858978	22.94844203818084	33.518168639622075	50.07278738414976	-0.0	-0.0	83.73306540638458	63.198524133164184
77.47038617330497	7.03209468810704	112.09342158845901	22.955117485859184	33.518168639622075	50.21396458738027	-0.0	-0.0	83.4177087043815	62.901760569081354
69.92895217305143	7.053138928667168	111.85117093588362	22.961787567234904	33.518168639622075	50.354259524447784	-0.0	-0.0	83.10174765793654	62.60652690281562
62.169271533210306	7.074053135344089	111.45299885738227	22.96845009619375	33.518168639622075	50.493687568960596	-0.0	-0.0	82.78778321612658	62.31280362921785
54.34242763129168	7.0948375506558055	111.17806125453984	22.975106733942845	33.518168639622075	50.63225033770537	-0.0	-0.0	82.47488545404785	62.02059153745769
46.60081153425994	7.1154924348392345	110.8111818186728	22.98175586839158	33.518168639622075	50.7699495655949	-0.0	-0.0	82.16273504027194	61.72987423114873
39.09515489738354	7.13601961346273	110.51532339568816	22.98839866037569	33.518168639622075	50.90679742308487	-0.0	-0.0	81.85253213173016	61.44064995680138
31.97159517242456	7.156419204886243	110.16974754466914	22.995033940498768	33.518168639622075	51.04279469924162	-0.0	-0.0	81.54245738614918	61.15290473573042
25.36883026630657	7.176691934440947	109.86132361969621	23.001619345498913	33.518168639622075	51.17794622960631	-0.0	-0.0	81.23473359225885	61.35595855715553
19.415418050064243	7.1968391830468175	109.53004821836069	23.00788304793887	33.518168639622075	51.31226122031212	-0.0	-0.0	80.92713661216001	62.36357903090713
14.22727329738333	7.216861144405884	109.21482053997347	23.013658415455353	33.518168639622075	51.4457409627059	-0.0	-0.0	80.62237705476745	63.7191983211167
9.905410788211544	7.236758765237528	108.89306123127942	23.018854523474786	33.518168639622075	51.578391768250185	-0.0	-0.0	80.31801871104888	65.30003137569707
6.566854589748495	7.230769737796703	108.57490572034953	23.023412298928086	33.711351461623074	51.53846491864469	-0.0	203.7024711509731	80.01657441306041	67.02774343088423
4.409438554872711	7.07849803574759	108.2594754661914	23.027295698343224	35.87951426773325	50.52332023831727	-0.0	408.43141107740473	79.71573629819946	68.83154979026222
3.1971720954239493	6.9439821927953425	107.94090340568275	23.030493005191616	38.89957947936765	49.62654795196895	-0.0	483.9169671397275	79.41770637737424	70.63455614485419
3.0582679266702084	6.831197471111449	107.62974687421149	23.03301929649592	42.16535853340417	48.87464980740966	-0.0	485.6007583680008	79.12044490295295	72.3450884985457
3.2173836133721236	6.736715193478853	107.31232210117098	23.03491856544901	45.34767226744247	48.244767956525685	-0.0	468.99704024297483	78.82576029133767	73.89485984017657
3.371004162501887	6.648377957216341	107.00418825448556	23.036244763931602	48.42008325003774	47.65585304810894	-0.0	452.5879606989711	78.53192350373325	75.28058603332228
3.519167215998864	6.564234009115066	106.68881801859077	23.03705128826665	51.383344319977276	47.09489339410044	-0.0	436.2529937659599	78.24037924029014	76.50585034752754
3.661895134869308	6.4840630110164525	106.38296905380005	23.03739014158232	54.237902697386154	46.56042007344302	-0.0	419.98272852487224	77.94973684026733	77.57458819647567
3.79920989043518	6.407824218770927	106.07013761264844	23.03731207132374	56.9841978087036	46.05216145847285	-0.0	403.7801326476876	77.66112431232088	78.49118364724907
3.9311348022724673	6.335493860564468	105.76622306226173	23.03686621455225	59.622696045449345	45.56995907042979	-0.0	387.6498950641546	77.37345106662886	79.26059498140388
4.057694870010602	6.2670485950226515	105.45611986954256	23.03610001422944	62.153897400212045	45.11365730015101	-0.0	371.59737325935595	77.0875762929726	79.88852442759907
4.178916985419353	6.202463941819101	105.1539708733055	23.03505886238193	64.57833970838706	44.68309294546067	-0.0	355.62857699429077	76.80265958377683	80.3816429764352
4.294830156964341	6.141713335819538	104.84668360342197	23.033785783210522	66.89660313928682	44.278088905463584	-0.0	339.7502004097272	76.51934334620407	80.74788584397534
4.405465760614854	6.084768382110393	104.54621599568941	23.032320948792044	69.10931521229708	43.89845588073595	-0.0	323.96977303981794	76.23699023993125	80.99682144313624
4.51085783966349	6.031598544475322	104.2417142431721	23.03070107758909	71.2171567932698	43.54399029650215	-0.0	308.2957898686576	75.9560717059179	81.14006194950234
4.611043445724517	5.982170721081254	103.94295567407225	23.028958731667792	73.22086891449035	43.21447147387503	-0.0	292.7378600553677	75.67611388741129	81.1915899368522
4.706063046504829	5.936448767962447	103.64117500119659	23.02712151018185	75.12126093009657	42.90965845308298	-0.0	277.3068834181747	75.39745983929183	81.16770591665623
4.7959609979756905	5.894393211111147	103.34417623161369	23.025211447151744	76.91921995951381	42.62928807407432	-0.0	262.0152921509851	75.11976463884247	81.08615910408062
4.880786093546972	5.855960989306298	103.04500001579868	23.02324478316076	78.61572187093944	42.373073262041984	-0.0	246.87736021141728	74.84327899743985	80.96426912972622
4.960592230595333	5.821104659621587	102.7498267048919	23.021232519647363	80.21184461190667	42.14069773081058	-0.0	231.90952290525038	74.5677572680437	80.81669862380797
5.035439204669358	5.789771270776973	102.45318631172181	23.01918149473549	81.70878409338717	41.93180847184649	-0.0	217.1307305098151	74.29338264849403	80.6541271672287
5.1053936277732435	5.761902375254028	102.15988564511012	23.017095738881206	83.10787255546487	41.74601583502685	-0.0	202.56306849361516	74.01998367318647	80.4833744215284
5.170530061903993	5.737432604884228	101.86567287490799	23.014977538229214	84.41060123807986	41.58288403256152	-0.0	188.23232702239187	73.74769118459679	80.30839210344172
5.2309324023914625	5.716287204747722	101.57430041556407	23.012828230769664	85.61864804782925	41.44191469831815	-0.0	174.1685251337515	73.47638453957978	80.13133103833468
5.286695393740359	5.698384548126938	101.28245167265719	23.010648616581733	86.73390787480719	41.32256365417959	-0.0	160.40751899197616	73.2061553391582	79.95331917801883
5.337926783839931	5.683627242239233	100.99304241545973	23.008439244752573	87.75853567679862	41.22418161492822	-0.0	146.99074341589113	72.9369191266251	79.77493628255998
5.384749362155232	5.671909886677946	100.70348617352809	23.006200508128586	88.69498724310465	41.146065911186305	-0.0	133.96840218002745	72.66873793689119	79.59647687867337
5.427304120507389	5.663104392399282	100.41608449418864	23.00393274574548	89.54608241014778	41.08736261599521	-0.0	121.39817541150802	72.40155324614479	79.41808996386843
5.465753013874535	5.657070432087697	100.12876200812545	23.001636243720533	90.31506027749069	41.04713621391798	-0.0	109.34961654401289	72.13540522143272	79.23985068811035
5.500282892797986	5.65364314755196	99.84336377591104	22.999311285077933	91.00565785595971	41.0242876503464	-0.0	97.90309454824884	71.87025458034704	79.06179716728883
5.531109552803076	5.652627347289301	99.55824092109133	22.996958127236656	91.62219105606151	41.01751564859534	-0.0	87.14850632907641	71.60612491192067	78.88394881242496
5.558480380782165	5.653813515703524	99.27484652174753	22.994577036293045	92.1696076156433	41.025423438023495	-0.0	77.19016085347222	71.34299176710132	78.70631578351461
5.5826782619573	5.6569518124269065	98.99189211705801	22.992168260605617	92.65356523914599	41.04634541617938	-0.0	68.13293553304754	71.08086511730626	78.52890351103397
5.604021325497636	5.661765407874115	98.71050471025278	22.989732059299758	93.08042650995273	41.0784360524941	-0.0	60.07499603437281	70.81973265454205	78.351715167604
5.622857001072088	5.667980527755421	98.42970950656235	22.987268676493898	93.45714002144176	41.11987018503614	-0.0	53.105747501643336	70.55959218936843	78.17475269462804
5.639555814911936	5.675291001468961	98.150311919515	22.984778367098702	93.79111629823872	41.16860667645974	-0.0	47.25938171214314	70.30044539491647	77.99801751853714
5.654491580137274	5.6834203842026545	97.87163526673444	22.98226137207463	94.08983160274548	41.22280256135103	-0.0	42.52117418517811	70.04227744634701	77.82151070684014
5.668022192398477	5.692122046031971	97.5942189049321	22.97971794254142	94.36044384796955	41.28081364021314	-0.0	38.81031888677716	69.7850995970156	77.64523323883687
5.680469076249402	5.701197821421422	97.31767033778257	22.977148316945655	94.60938152498804	41.34131880947615	-0.0	35.993701855342145	69.52888741129388	77.46918595607328
5.692103346720097	5.710499840809487	97.04221133999043	22.9745527426276	94.84206693440194	41.40333227206325	-0.0	33.908419022226184	69.27366306146543	77.29336971116543
5.703140843138702	5.719923936504059	96.76774054513663	22.97193145577937	95.06281686277404	41.46615957669373	-0.0	32.38739469816589	69.01939329042723	77.11778527964103
5.713744565905937	5.729404420259177	96.49420433555919	22.969284699920617	95.27489131811875	41.52936280172785	-0.0	31.284834937673896	68.7661082334884	76.94243346567563
5.724033381136714	5.738897225642478	96.22190000556216	22.966612709155978	95.48066762273427	41.59264817094985	-0.0	30.479341882827022	68.51376123895629	76.76731501839727
5.734090718301117	5.748378755191194	95.95025359508863	22.96391572280293	95.68181436602235	41.65585836794129	-0.0	29.883144172422273	68.26239964871674	76.59243071055288
5.74397454122085	5.757831993912948	95.67999627825283	22.961193973427278	95.879490824417	41.71887995941965	-0.0	29.429420538911625	68.01196544987214	76.41778127708653
5.753724210334275	5.7672471121350455	95.410281346511	22.95844769614777	96.0744842066855	41.78164741423364	-0.0	29.07200307079185	67.76251043119584	76.2433674644187
5.763366234508239	5.7766181498149525	95.14207497882087	22.95567712175265	96.26732469016477	41.84412099876635	-0.0	28.779240898077727	67.51397325599717	76.069189994392
5.7729183578390675	5.785941520683288	94.87428579488032	22.952882481166203	96.45836715678135	41.906276804555255	-0.0	28.529768273923484	67.26640853070526	75.89524958794203
5.782392441983896	5.795214972236149	94.60808943620563	22.950064003796488	96.64784883967792	41.96809981490766	-0.0	28.309152950340838	67.01975560972866	75.72154695662043
5.791796403912519	5.804437217629843	94.34216771107982	22.947221915878867	96.83592807825038	42.02958145086562	-0.0	28.107843341899198	66.7740670926419	75.5480827936103
5.801135554496481	5.813607523741301	94.07801402546862	22.944356445999713	97.02271108992962	42.09071682494201	-0.0	27.919492792693337	66.52928147164567	75.37485780350104
5.810413476499479	5.822725561980524	93.8140091230999	22.941467815699276	97.20826952998956	42.151503746536825	-0.0	27.739959310808533	66.28545281652919	75.20187265205206
5.81963262097441	5.831791229460536	93.55177022715385	22.93855625221537	97.39265241948819	42.211941529736904	-0.0	27.566520099259243	66.04252441489234	75.02912803359673
5.828794697386661	5.840804565467025	93.2896998197793	22.93562197298502	97.5758939477332	42.27203043644683	-0.0	27.397385915863364	65.80053965341365	74.85662458959601
5.837900931637478	5.849765685157117	93.02939109423939	22.932665203608444	97.75801863274954	42.33177123438078	-0.0	27.231362341562704	65.55945171048184	74.68436300338779
5.8469522287565345	5.8586747874857386	92.76927026764353	22.929686157789206	97.93904457513068	42.39116524990492	-0.0	27.067691452638726	65.31929571572161	74.5123438941623
5.855949283359512	5.8675321341486555	92.51081169002398	22.926685059199297	98.11898566719023	42.4502142276577	-0.0	26.90591337088348	65.08003714597236	74.34056793193977
5.864892662647918	5.8763379506536335	92.25261566147142	22.923662117974537	98.29785325295836	42.50891967102422	-0.0	26.745663206531525	64.84169627405252	74.16903571489759
5.873782841682874	5.8850925050455665	91.9960133030281	22.92061755562236	98.47565683365747	42.56728336697044	-0.0	26.586725262210944	64.6042501205961	73.99774789941193
5.8826202357588375	5.893796089272485	91.73977973117996	22.917551579408066	98.65240471517674	42.62530726181657	-0.0	26.428977365819414	64.36770903898048	73.82670506562029
5.8914052229857585	5.902448992770111	91.48497384839602	22.914464408011092	98.82810445971516	42.682993285134074	-0.0	26.272335479017446	64.13206295514674	73.65590785248091
5.900138158846193	5.911051488820459	91.23066633747757	22.91135624622592	99.00276317692385	42.740343258803065	-0.0	26.11672114549662	63.89730894851848	73.48535682487442
5.9088193815444265	5.91960385521959	90.97766242386433	22.90822730973748	99.17638763088853	42.79735903479727	-0.0	25.96208013040753	63.663447450216275	73.31505260375629
5.917449211687924	5.928106413557169	90.72530445332426	22.905077801005543	99.34898423375847	42.85404275704779	-0.0	25.808431119070633	63.430464272334305	73.14499573888581
5.926027971279688	5.936559416162764	90.47405662856872	22.90190793280554	99.52055942559376	42.91039610775176	-0.0	25.655707068646976	63.19837518632166	72.97518683380123
5.934555969955106	5.944963162425291	90.22361423818585	22.898717905383034	99.69111939910212	42.966421082835275	-0.0	25.503912040833804	62.96715130338786	72.80562642443427
5.9430335144728055	5.953317939049594	89.9741238862661	22.895507928142862	99.86067028945611	43.02211959366396	-0.0	25.35303800433534	62.73681889984829	72.63631509400611
5.951460910450737	5.961624015147016	89.72561509398369	22.892278199643	100.02921820901473	43.07749343431344	-0.0	25.203056233667724	62.50733904201956	72.46725336754797
5.959838455664279	5.96988169423483	89.4778636236564	22.889028925674697	100.19676911328557	43.132544628232196	-0.0	25.05398991496969	62.2787491807056	72.29844180685065
5.968166450337232	5.978091242722447	89.23121942990184	22.885760303330905	100.36332900674462	43.187274951482976	-0.0	24.905813057917623	62.05100248224924	72.12988092707604
5.9764455210440035	5.986256293725463	88.98521033161556	22.88247263822577	100.52891042088007	43.24170862483642	-0.0	24.76233616990117	61.82414094801076	71.9617153542727
5.985244048034822	5.999485840391269	88.74043341278885	22.879187524272034	100.70488096069644	43.26912951030394	-0.0	29.83474521892144	61.59810281820429	71.55616635117899
5.996568468886065	6.0194498263618375	88.49617973248857	22.87606010768407	100.9313693777213	43.16903603405353	-0.0	37.81646258226408	61.37282422394227	70.55398355220359
6.0104587552200845	6.0428738079258615	88.25323440601709	22.873268742270984	101.20917510440168	42.93370303924892	-0.0	45.0104520540625	61.148081032845816	69.05789256816686
6.026545460347695	6.068587332277074	88.01070391773533	22.870954885852843	101.53090920695388	42.58386423536528	-0.0	51.26028672945777	60.92376320600524	67.19225037069464
6.044456001830987	6.094611872104027	87.76957982337315	22.86921437182123	101.88912003661974	42.14314237560507	-0.0	55.98876576658012	60.69974627335182	65.11193369826765
6.063705397416707	6.119874730680834	87.52880147125575	22.868089260703393	102.27410794833413	41.645032734198466	-0.0	59.250175771958205	60.476017461774106	62.989784807518525
6.083793219504041	6.143281937002608	87.2895035375029	22.867564866132202	102.6758643900808	41.122927498415876	-0.0	60.97577259584703	60.25252874354819	60.998804748576624
6.104201908076583	6.164082603667574	87.0504461416538	22.86757263511199	103.08403816153165	40.60934020065333	-0.0	61.17633099849137	60.02936652827915	59.29446374008928
6.124421475750523	6.181583613524745	86.81293566248878	22.867998390385527	103.48842951501047	40.13219623351405	-0.0	59.7715116998795	59.806594164453486	57.99987658247584
6.1439417769524445	6.1954958815484416	86.57566135256997	22.86869465947658	103.87883553904888	39.7159560594851	-0.0	56.76382243339341	59.58438382718244	57.195608059786935
6.162182395647692	6.206440229600511	86.33991939603102	22.86949545750821	104.24364791295383	39.38421951044489	-0.0	52.59386487083046	59.362839242992585	56.91493166667782
6.178735343802462	6.213560875624316	86.10437736268831	22.870231699757216	104.57470687604923	39.14653596990279	-0.0	46.65400024505848	59.14215904820278	57.144340688848104
6.19357345459381	6.214931395077931	85.87037359572082	22.870745786123237	104.87146909187621	39.00162879231135	-0.0	36.53589030333809	58.92246064210229	57.82808344992035
6.204818898029817	6.2168010018749875	85.63662832390925	22.870904315226237	105.09637796059634	38.98912480332084	-0.0	27.365699156483284	58.70388111279413	58.87429521993039
6.213592072682545	6.2176249727174	85.40430357495015	22.870609201560995	105.27184145365088	39.10117022925322	-0.0	15.876279544605065	58.48651257816854	60.15761175387052
6.513190925346429	6.222142130394516	85.17237438026484	22.869814462105126	105.29537993435649	39.361418017699435	-0.0	-0.0	58.270428302224985	61.44215615806838
7.67351911533202	6.215969946070909	84.94167285340427	22.86857900931878	105.29537993435649	39.681966024305645	-0.0	-0.0	58.05554481697508	62.52811702306257
9.703529853160305	6.205756139578097	84.71148001269887	22.86685657795353	105.29537993435649	40.087368835396674	-0.0	-0.0	57.84189736299774	64.02801925558984
12.59332985112915	6.19276829344908	84.48243237249538	22.8645167637197	105.29537993435649	40.56700817970636	-0.0	-0.0	57.62961262076803	65.87985526018583
16.328835625705914	6.178748146090956	84.25404842094409	22.861464688328613	105.29537993435649	41.1076323841844	-0.0	-0.0	57.418723365675596	67.96302021355058
20.891842133602776	6.164547515086479	84.02651219595013	22.857647229632214	105.29537993435649	41.68520418827059	-0.0	-0.0	57.20936369235127	70.14258877880096
26.260111494319812	6.152114120639277	83.79990564736072	22.853056596856767	105.29537993435649	42.277203467568015	-0.0	-0.0	57.00146335503169	72.27594096867794
32.40748136681211	6.142944014115539	83.57396715303533	22.847731678193835	105.29537993435649	42.85466294080372	-0.0	-0.0	56.79506070703642	74.2198905650067
39.303992452016004	6.138613350050333	83.34905066841243	22.841757004853598	105.29537993435649	43.38756532425212	-0.0	-0.0	56.59002784635334	75.83806470845407
46.91603449996333	6.1404623491763966	83.12469459874058	22.83525933276101	105.29537993435649	43.8460039748197	-0.0	-0.0	56.386295987102585	77.00825119320709
55.20651010982315	6.14942718011438	82.90141047558657	22.828401861723208	105.29537993435649	44.20283051177149	-0.0	-0.0	56.18367149100752	77.62938557728756
64.13501552467578	6.166020293310308	82.67866593530027	22.821376306482342	105.29537993435649	44.43734323428322	-0.0	-0.0	55.98201764514711	77.6278049067977
73.65803753977379	6.1836393684582145	82.4569738289084	22.814372435745483	105.29537993435649	44.55759578972143	-0.0	-0.0	55.7811120073345	77.19348466506996
83.6482327592746	6.197332721151543	83.47828166082529	22.807447221527788	105.193349197711	44.64888480767696	123.6753769367151	-0.0	55.58109538059304	76.75185053601432
92.54746980506933	6.211193645627896	89.78624339864679	22.800640203628944	103.33706279749674	44.74129097085264	498.50815096448355	-0.0	55.84994694697377	76.31315584787545
98.5895892187055	6.2257905137451965	89.9174142329088	22.794349987396686	98.56938169907154	44.83860342496798	883.4567044975679	-0.0	57.975726138564156	75.87947869033651
102.26793614001268	6.24120639285908	91.8156604225764	22.789114920031608	92.26344533860842	44.94137595239387	969.899383734862	-0.0	61.23639004671569	75.45361809288462
104.75232922965941	6.257444160157971	95.00769363409381	22.78510791043926	85.88426875531883	45.049627734386476	936.4919666504907	-0.0	64.59572799581238	75.03643988643664
106.45210800460859	6.274480293890406	97.9644334849638	22.782303893980057	79.83496209655408	45.16320195926937	874.0084134423595	-0.0	67.78834886736209	74.62776672597471
107.61941699717237	6.292274998075492	100.65029368637984	22.78062909416228	74.27220010682413	45.28183332050328	791.9729149228067	-0.0	70.71619763468043	74.22716660853308
108.50357644380198	6.3107762695510345	103.04310107280918	22.779983395360233	69.29283185904823	45.40517513034023	701.0298020693212	-0.0	73.31558707036454	73.83407156165727
109.29593374180898	6.32992312117243	105.14467684878622	22.780252806165347	64.92245116688795	45.5328208078162	611.2390042954136	-0.0	75.56341256949699	73.44784378706427
110.10255029563668	6.349648817729894	106.98809012838473	22.781322117197888	61.125133136429014	45.664325451532626	529.434996059644	-0.0	77.47276479745055	73.06784246864996
110.94728085820891	6.3698842307885455	108.57996317019902	22.78308529339051	57.82578961330243	45.79922820525697	461.5827032297572	-0.0	79.08391263651177	72.69347833391308
111.78943013320993	6.390561172026528	109.9471003432241	22.78545205633207	54.93165996957615	45.937074480176854	407.19734908116186	-0.0	80.44970441628098	72.32424792556678
112.5775479349166	6.411615410226779	111.09449888407273	22.788349365736284	52.36289152752141	46.07743606817853	365.3415040423787	-0.0	81.61990355326483	71.95974091566833
113.2749973197968	6.432988989908305	112.07837151344464	22.79171840557165	50.06087966496093	46.2199265993887	328.1711787645197	-0.0	82.63047797938225	71.59962378791151
113.8809676775681	6.454631501031546	112.92708612248721	22.79550972788745	47.99210693928663	46.364210006876974	293.00058013130194	-0.0	83.50313356391355	71.24361394230085
114.41210733746286	6.476500140503997	113.64344112397491	22.799679541184425	46.135324924366024	46.51000093669331	263.02083418222827	-0.0	84.25172735608189	70.89145994922988
114.87604232133252	6.498558722377521	114.24329339154748	22.804188265695007	44.46904658907601	46.65705814918348	238.63655143471502	-0.0	84.88852510275964	70.54293380678672
115.26602700470771	6.520776098328437	114.7667915764322	22.80900041662038	42.96977650288152	46.80517398885625	211.96978215018302	-0.0	85.42589486005897	70.1978302060632
115.58964191435737	6.543124575275283	115.18687444935682	22.814084415823253	41.62258851897235	46.95416383516856	190.3918901898124	-0.0	85.87479075477742	69.85596542232079
115.85179218497017	6.5655787863127015	115.51254560172137	22.81941189862541	40.41385593343086	47.10385857541801	174.73463449583053	-0.0	86.24366001724746	69.51717356200767
116.05152169742911	6.588115164400514	115.78226307530628	22.82495697942802	39.33001089807462	47.254101096003424	155.67040820610399	-0.0	86.53920024411426	69.18130261472547
116.1940128346328	6.610711864335159	115.99417554918321	22.830695880721084	38.361409546825314	47.4047457622344	134.10949142571187	-0.0	86.76751051767337	68.84821243377236
116.28460441071458	6.633348831677359	116.13707909056349	22.83660678572155	37.49990555400625	47.55565887784906	115.22707500235376	-0.0	86.93424562319498	68.51777390039241
116.32280237888627	6.656007768203992	116.19469401492857	22.842669845842448	36.73680939704282	47.70671845469328	107.37668627869091	-0.0	87.04560369758772	68.18986890599797
116.31815185533193	6.678671914808215	116.2200183815909	22.848866568994975	36.067740153511764	47.857812765388104	93.9787882274114	-0.0	87.10291420566392	67.86438707875502
116.27028989777271	6.701325734471541	116.19816837291931	22.85517907188866	35.48624481040776	48.00883822981027	80.56635300673649	-0.0	87.10979170462439	67.54122182414388
116.16551520912712	6.723954634307108	116.14794612722972	22.86159105558909	34.98293532698864	48.15969756204739	39.76452402288442	-0.0	87.07121505207795	67.22027542504348
116.03562550791408	6.746544809437461	115.99832334207234	22.868087855321175	34.5627618404996	48.310298729583074	57.941305868580024	-0.0	86.99045582885141	66.90145925505514
115.90955954565798	6.769083191461889	115.89537008541036	22.874652781577424	34.23025046377505	48.46055460974593	35.73585625511052	-0.0	86.85546639193093	66.58467451036834
115.67739632847496	6.7915574224385145	115.68380147405406	22.8812709071651	33.950612961559976	48.61038281625677	-0.0	-0.0	86.68983294443859	66.26983218721652
115.36772662733452	6.813955784592474	115.37472341959615	22.8879333333571	33.73006783574474	48.75970523061649	-0.0	-0.0	86.49787434550339	65.95687537830337
115.06000820034087	6.836266933471848	115.06455451887064	22.89462817959256	33.58967280656806	48.90844622314566	-0.0	-0.0	86.26289371399109	65.64573180623492
114.48498893261835	6.858479655096454	114.6468816030804	22.901340200587477	33.532517310386766	49.05653103397636	-0.0	-0.0	85.9840933281923	65.33631192344497
113.03624874966926	6.880583252407601	114.6402064801039	22.90805378061068	33.532517310386766	49.20388834938401	-0.0	-0.0	85.65397790912417	65.02852470110521
110.53044544251313	6.902566110282371	114.02898618655804	22.914759137352167	33.532517310386766	49.350440735215805	-0.0	-0.0	85.33474672722369	64.72231026715761
107.016367775089	6.924417262355958	113.91032952854873	22.921461093070914	33.532517310386766	49.49611508237306	-0.0	-0.0	85.00928515039209	64.41768566108912
102.5624359243971	6.946133744539002	113.39806644073904	22.928155156457464	33.532517310386766	49.640891630260015	-0.0	-0.0	84.68988141769447	64.11461897153647
97.2553693185215	6.967717026024628	113.20136071758536	22.93484498691921	33.532517310386766	49.78478017349752	-0.0	-0.0	84.36880411120761	63.813121220855884
91.1984981826035	6.989165811369417	112.75860178523426	22.9415272199557	33.532517310386766	49.92777207579611	-0.0	-0.0	84.05027021809887	63.513166514875984
84.50975166743297	7.010481349370614	112.50917914238552	22.94820451268459	33.532517310386766	50.06987566247076	-0.0	-0.0	83.73270784181148	63.214760698417706
77.31936173251589	7.031665247752341	112.11418956088603	22.95487439615603	33.532517310386766	50.21110165168227	-0.0	-0.0	83.41571703674373	62.91788267928673
69.76732748959456	7.05271704048275	111.83049959353187	22.96153874365891	33.532517310386766	50.35144693655167	-0.0	-0.0	83.10109920836656	62.62253427096971
62.000689376737775	7.073638283279232	111.46762747501843	22.96819577733458	33.532517310386766	50.49092188852821	-0.0	-0.0	82.78607310128864	62.328698107974695
54.17066623558646	7.094429978812489	111.16282628378849	22.974846775425608	33.532517310386766	50.62953319208326	-0.0	-0.0	82.4740373737597	62.03637296340283
46.429711033874355	7.1150921524092325	110.82108666750574	22.9814904789738	33.532517310386766	50.76728101606155	-0.0	-0.0	82.16122589616002	61.745544292266196
38.92854255905051	7.135626294244764	110.50420796886841	22.988127725951532	33.532517310386766	50.90417529496509	-0.0	-0.0	81.8515538459175	61.45620863990173
31.81321087697533	7.156033065096234	110.17611241011961	22.99475763815677	33.532517310386766	51.040220433974895	-0.0	-0.0	81.54109010724025	61.168353554312475
25.22225369202223	7.176312868471428	109.85325885078727	23.00133005130939	33.532517310386766	51.17541912314286	-0.0	-0.0	81.2336795026969	61.40831051085366
19.283998975251585	7.196467011750456	109.5338244697345	23.007574992734227	33.532517310386766	51.309780078336374	-0.0	-0.0	80.92588485553934	62.42372692413306
14.114066379167893	7.216496017346945	109.20897148462	23.01332957373967	33.532517310386766	51.443306782312966	-0.0	-0.0	80.62130335871487	63.78394939025111
9.813116087405092	7.236400536873184	108.89499034314574	23.018503787765763	33.532517310386766	51.57600357915456	-0.0	-0.0	80.31686511130566	65.36763804802627
6.50902631426852	7.223347772233612	108.57061791790696	23.023038923874473	33.79526743042555	51.48898514822408	-0.0	211.29385017746785	80.01551127751489	67.09668204680901
4.371491064126896	7.073012103782507	108.26011274358629	23.02689958373415	35.99136537224378	50.48674735855005	-0.0	410.9076112442744	79.71466335881433	68.900164977308
3.18265156193198	6.9391438715105025	107.9376857335565	23.030074523428432	39.021572914465736	49.59429247673668	-0.0	484.5418138289591	79.41667081162664	70.70085590635142
3.0642961707523906	6.8270366797867785	107.62951641144754	23.03257964353387	42.28592341504781	48.846911198578525	-0.0	484.9446172653628	79.1194373827933	72.40670091837497
3.223195454454877	6.732852408496831	107.30982782688388	23.03445938842129	45.463909089097534	48.21901605664554	-0.0	468.35196127231296	78.82475914998851	73.95120656877887
3.3766016338235327	6.644695427004941	107.00340481410791	23.035767796981073	48.53203267647065	47.63130284669961	-0.0	451.9467469446351	78.53096678421775	75.33177855531513
3.524551452322744	6.5607183988601765	106.68679239716502	23.036558167741653	51.49102904645488	47.07145599240118	-0.0	435.6150068105891	78.2394126352094	76.55201003634483
3.667067222751998	6.480712030977535	106.38181774485139	23.03688251148095	54.34134445503996	46.5380802065169	-0.0	419.34806606695594	77.94881980571284	77.61584938674159
3.804170968217509	6.404636594656663	106.06841889245288	23.036791487764482	57.08341936435018	46.03091063104442	-0.0	403.1489819563571	77.660189429009	78.5276966262469
3.93588607757802	6.332468443666641	105.76485630127107	23.036334214927056	59.717721551560395	45.54978962444427	-0.0	387.0224772290865	77.37256422948012	79.29253099921004
4.062237628035201	6.264184221736903	105.4545763564769	23.035558047833696	62.24475256070402	45.09456147824602	-0.0	370.973937233273	77.08666993435271	79.91608150896872
4.183252597158029	6.199759328029621	105.15248870977567	23.0345083307482	64.66505194316059	44.66506218686414	-0.0	355.0093951988799	76.80179557091294	80.40505431914801
4.298960090088053	6.139167145316817	104.84522972563792	23.033227986231427	66.97920180176105	44.26111430211211	-0.0	339.1355790119901	76.51846105607298	80.76743003908452
4.409391589776367	6.082379203395233	104.54467471794005	23.031757101040544	69.18783179552733	43.88252802263489	-0.0	323.3600560538966	76.23614355795097	81.0128350693931
4.514581260059092	6.029364806482664	104.24029799822223	23.030132260781723	71.29162520118183	43.52909870988443	-0.0	307.69135777833156	75.9552092889069	81.152951746579
4.614566290915686	5.98009061943043	103.94142051070594	23.028385892219497	73.29132581831371	43.2006041295362	-0.0	292.13912872494757	75.6752795022946	81.20183866900555
4.709387300331565	5.9345205295785	103.63977538556982	23.026545418304078	75.18774600663131	42.896803530523336	-0.0	276.71434156532877	75.39661294299532	81.1758588016513
4.799088814153169	5.8926151041248085	103.34262013139175	23.02463269732223	76.98177628306337	42.617434027498724	-0.0	261.42951846191255	75.11894086683664	81.09277897497992
4.883719830911446	5.854330749260824	103.04362730150963	23.022663788269647	78.6743966182289	42.36220499507216	-0.0	246.29896954075176	74.84244429248521	80.96986609779488
4.963334469518497	5.819620078896161	102.74829223298026	23.020649547803526	80.26668939036993	42.13080052597441	-0.0	231.33925431301978	74.56694177564329	80.82166891971941
5.037992786796097	5.788429859807263	102.45179972551652	23.018596703253927	81.75985573592193	41.92286573204842	-0.0	216.56942781287924	74.2925597616139	80.6587369532107
5.107761704650775	5.760701023842137	102.15835468913578	23.016509219385025	83.1552340930155	41.73800682561425	-0.0	202.01165176657543	74.01917660799167	80.48778321136449
5.172716119149956	5.736368547710259	101.86428036263005	23.01438934073739	84.45432238299912	41.57579031806839	-0.0	187.69197315020944	73.7468780368985	80.31268829623431
5.232940338661375	5.715357007159713	101.57281555811869	23.012238386057454	85.65880677322748	41.43571338106475	-0.0	173.64055338873501	73.47558532189946	80.13556137391838
5.288529599581927	5.697583815485403	101.28104925668302	23.010057141980596	86.77059199163853	41.31722543656935	-0.0	159.8933660098731	73.20535216030837	79.95750784968709
5.339592150149329	5.682952952976648	100.9915678079667	23.007846154156304	87.79184300298658	41.21968635317766	-0.0	146.49249187827832	72.93612806075694	79.77909556631074
5.386251605253038	5.671353395733323	100.70210942497552	23.00560581050172	88.72503210506075	41.14235597155549	-0.0	133.48730990254415	72.6679434422215	79.60061300951259
5.428649350704837	5.6626665832147225	100.41460822359994	23.003336450258224	89.57298701409674	41.08444388809815	-0.0	120.9383191212275	72.40077105369976	79.4222060719846
5.466948659256856	5.6567401878800645	100.12736962443795	23.0010383573426	90.3389731851371	41.0449345858671	-0.0	108.91267391332632	72.13462088382728	79.2439483893925
5.501337259997066	5.653412706153207	99.84187484053894	22.99871181566926	91.02674519994132	41.02275137435472	-0.0	97.49212986061404	71.86948165303075	79.06587729904764
5.5320317818656575	5.652494116503366	99.55685655734412	22.99635708139876	91.64063563731314	41.01662744335577	-0.0	86.76921063866365	71.60534982877903	78.88801182083976
5.559281679061549	5.653759496394466	99.27336662844088	22.993974421272295	92.18563358123097	41.02506330929644	-0.0	76.84311018762403	71.34222694427233	78.71036193094052
5.583370331025784	5.656971999334086	98.99053587098156	22.99156408302786	92.66740662051568	41.046479995560574	-0.0	67.82406851014527	71.08009769417896	78.53293295876112
5.604616951176495	5.661854258677648	98.70903940779839	22.989126326127707	93.09233902352989	41.07902839118432	-0.0	59.81079934946593	70.81897552945843	78.35572803233909
5.6233713482049925	5.668113824634628	98.42835304059305	22.98666139452866	93.46742696409984	41.12075883089752	-0.0	52.881043643750296	70.5588345578644	78.17874906932019
5.640002625494882	5.6754669209561195	98.1488229539458	22.98416954288446	93.80005250989763	41.1697794730408	-0.0	47.07991574256868	70.29969803887069	78.00199748244953
5.654885465612578	5.683623787400668	97.87031526877131	22.981651012588788	94.09770931225155	41.22415858267112	-0.0	42.38095222804263	70.04152714953808	77.82547433603804
5.668375649152345	5.692349301121937	97.59274643674632	22.979106054024076	94.36751298304691	41.28232867414625	-0.0	38.70856814840215	69.78435939819954	77.64918060237473
5.680793388896819	5.70144117370184	97.31634951518959	22.976534906567867	94.61586777793637	41.342941158012266	-0.0	35.92334269404469	69.52814585712647	77.47311712653088
5.692407956987627	5.710750931617759	97.04071435771444	22.97393781638687	94.84815913975254	41.40500621078506	-0.0	33.85905956141188	69.27293214868737	77.29728475421365
5.703432289865642	5.72018287509634	96.76643180603709	22.97131502105974	95.06864579731284	41.4678858339756	-0.0	32.35601299478364	69.01866054161584	77.1216842675523
5.714027943355158	5.729668832001531	96.49276931481836	22.968666762348818	95.28055886710317	41.531125546676876	-0.0	31.26588460923984	68.76538264590543	76.9463164613013
5.724312113806199	5.739167008072625	96.22054818503491	22.965993276124294	95.48624227612399	41.59444672048417	-0.0	30.470163958397425	68.51303866795082	76.77118209353752
5.734367391634591	5.748652055911985	95.94882102443569	22.96329479999549	95.68734783269183	41.65768037274657	-0.0	29.879617088194447	68.26168232984271	76.59628192810798
5.744250769183814	5.758108641066026	95.67864171457612	22.960571568184136	95.88501538367626	41.720724273773506	-0.0	29.429865657836043	68.01125184357225	76.4216167082979
5.754001077964506	5.7675269103298925	95.40885846507533	22.95782381388773	96.0800215592901	41.78351273553262	-0.0	29.075153014845476	67.76180033038041	76.2471871703351
5.763644462419069	5.776900903296642	95.1407381101644	22.9550517700383	96.27288924838138	41.846006021977615	-0.0	28.784154579357672	67.51326742763042	76.0729940470529
5.773198418767903	5.786227070043842	94.87286544785827	22.95225566519608	96.46396837535805	41.908180466958946	-0.0	28.53577937863624	67.26570672014128	75.89903804708803
5.782674634104131	5.795503246125405	94.60671878284042	22.949435730959905	96.65349268208261	41.97002164083603	-0.0	28.315865717466483	67.01905878318674	75.72531989320443
5.79208091560494	5.804728169298627	94.340816315666	22.94659219178939	96.84161831209879	42.03152112865751	-0.0	28.115002327146	66.77337147047916	75.55184026922483
5.801422502895465	5.813901112129134	94.07661394645234	22.943725277345777	97.0284500579093	42.092674080860895	-0.0	27.926923874717893	66.52859338995026	75.37859988512244
5.810702931922942	5.82302175550455	93.81267562122908	22.94083520854494	97.21405863845884	42.153478370030335	-0.0	27.74754897014312	66.284764895257	75.20559940330466
5.8199246228566315	5.8320900058770455	93.55037206573519	22.937922212871193	97.39849245713262	42.21393337251364	-0.0	27.574198787560032	66.04184378964767	75.03283951923068
5.829089266304102	5.8411058995032255	93.28838405575613	22.93498650774739	97.58178532608204	42.2740393300215	-0.0	27.405101257707685	65.79985947710449	74.86032087425504
5.838198074771735	5.850069559284573	93.02798886806697	22.932028318450687	97.76396149543469	42.33379706189715	-0.0	27.239085558299813	65.55877891844443	74.68804414979199
5.847251947470738	5.858981168368131	92.7679713333691	22.929047859098116	97.94503894941477	42.39320778912087	-0.0	27.075381919504732	65.31862238123972	74.51600996721773
5.856251566580746	5.867841043003372	92.50940435465758	22.92604535309658	98.12503133161492	42.45227362002248	-0.0	26.913607643980075	65.07937388349065	74.34421899463612
5.865197505123548	5.8766493413360905	92.25134279398696	22.923021010335173	98.30395010247095	42.51099560890727	-0.0	26.75331312723583	64.84102905848631	74.17267182931873
5.874090229327299	5.885406382136637	91.99460460600648	22.919975052734586	98.48180458654598	42.56937588091091	-0.0	26.594351854925783	64.60359417416352	74.00136912928318
5.882930157696741	5.894112423771214	91.73850294437347	22.916907687215986	98.65860315393482	42.627416158474766	-0.0	26.436558581906713	64.36704999370606	73.83031147300011
5.891717665150925	5.902767773954362	91.48354233675968	22.913819132588173	98.8343533030185	42.68511849302908	-0.0	26.279874433010146	64.13141565725941	73.65949949985783
5.900453107588603	5.9113726993320554	91.2294260012272	22.910709593632983	99.00906215177204	42.742484662213705	-0.0	26.124212599919645	63.8966563414388	73.48893377457308
5.909136820154707	5.919927498231649	90.97624865580052	22.90757928569277	99.18273640309413	42.799516654877664	-0.0	25.96954716218381	63.662806073684614	73.31861491599668
5.917769128556096	5.928432454175634	90.72406983798562	22.90442841193021	99.35538257112192	42.856216361170894	-0.0	25.815844964306375	63.42981980914466	73.1485434778146
5.926350351993301	5.936887839540399	90.47262041100423	22.901257183910758	99.52700703986602	42.91258559693599	-0.0	25.663066295623608	63.19774160544443	72.97872005684927
5.9348807982212906	5.945293967482492	90.2223803932111	22.898065803441	99.69761596442581	42.96862644988328	-0.0	25.511234364982815	62.96651469341247	72.80914519706022
5.943360776349898	5.953651108005001	89.97272092783234	22.894854478061195	99.86721552699795	43.024340720033344	-0.0	25.360317987831458	62.73619088619182	72.63981947185063
5.9517905914099	5.9619595347974625	89.72436097281819	22.89162340825136	100.03581182819799	43.079730231983085	-0.0	25.210294756759232	62.50671088024248	72.470743416186
5.960170542386553	5.9702195433299	89.47646802655298	22.888372797770447	100.20341084773106	43.13479695553267	-0.0	25.061176328321004	62.27812795121552	72.30191758115804
5.96850092744944	5.978431415365643	89.2299561818986	22.88510284580013	100.37001854898878	43.189542769104285	-0.0	24.912958370348168	62.05038247651079	72.13334249262216
5.976781822505578	5.9865969910695584	88.98383695009812	22.881813747614355	100.53563645011155	43.243979940463724	-0.0	24.767883140243633	61.823526336436395	71.96501119181052
5.985622164367424	6.000126023715752	88.73917338418846	22.878529333698047	100.71244328734848	43.26965779869776	-0.0	30.10799244835994	61.597487966988275	71.54560996319566
5.997007815099625	6.020309994067662	88.49482157321991	22.87540740707199	100.94015630199249	43.16679621442843	-0.0	38.16262812624822	61.372205167221935	70.52999065268095
6.010968741572574	6.0437962249824775	88.25196670499398	22.872625451250904	101.21937483145147	42.92822160888647	-0.0	45.29589068689301	61.1474563845986	69.02333349177705
6.027124624781184	6.069276875789009	88.00935016847623	22.87032386704585	101.54249249562368	42.57406465651178	-0.0	51.32753342981775	60.92314217137838	67.1507534886838
6.045071289563882	6.095387004150441	87.76832156784039	22.868597204348664	101.90142579127763	42.132065222004805	-0.0	56.07791153083312	60.699107595259484	65.06773205470773
6.064345763567722	6.120694376827723	87.52747983723275	22.867486099875414	102.28691527135445	41.6334182215842	-0.0	59.34465712050288	60.47536080194904	62.94729767719021
6.084452906672894	6.14402807913261	87.2882087685787	22.866974463248987	102.68905813345786	41.11101449676115	-0.0	61.02006455857186	60.25186506817255	60.96217741364172
6.104866108162398	6.164758588580999	87.04915154095147	22.866992494521043	103.09732216324794	40.59802040083041	-0.0	61.182350609980546	60.028697918430225	59.26715571931185
6.125078003553245	6.182170454139193	86.81163540565706	22.867425050010944	103.5015600710649	40.12208714797801	-0.0	59.735066431885315	59.80592405519912	57.98435031117415
6.144608130286777	6.1956650341347475	86.57439743572138	22.868124042781762	103.89216260573552	39.70575805945742	-0.0	56.48943698160009	59.5837128377302	57.19315161817285
6.162789019974039	6.20676468776336	86.33859940249118	22.868923268843563	104.25578039948078	39.37764521161481	-0.0	52.42594049545057	59.36217322952572	56.92562138139672
6.179265257372435	6.214110258650526	86.10312450536286	22.869653807749486	104.5853051474487	39.1442401253662	-0.0	46.667039544850546	59.14148918798286	57.16712409553846
6.194220915264542	6.214648102118992	85.86905438666219	22.870158565367884	104.88441830529084	38.9978907025254	-0.0	35.73092747751054	58.921807341444584	57.86093719549423
6.2038200187296635	6.22170811201403	85.63538912326155	22.870304934667676	105.07640037459326	39.01749655602739	-0.0	33.43659417872705	58.70323916022763	58.91437745910488
6.210085594540087	6.225884311304376	85.40298801872297	22.869995876171885	105.20171189080173	39.151582392267834	-0.0	31.42323658963321	58.48588670908015	60.20129032889843
6.529540855862787	6.223424157791988	85.17111958739581	22.869187871314097	105.2575784247112	39.37608719899477	-0.0	-0.0	58.269804388915766	61.47994905658172
7.711269282508324	6.217545321374357	84.94035590610115	22.867997315191392	105.2575784247112	39.701271385704075	-0.0	-0.0	58.05491569307458	62.31084456163573
9.762169279448125	6.207234292632213	84.7102521275075	22.866341735577315	105.2575784247112	40.10876991310428	-0.0	-0.0	57.841205191991065	63.8327249417839
12.672245754859738	6.1942606414619465	84.48113430872505	22.86406183477867	105.2575784247112	40.59066882490829	-0.0	-0.0	57.62885920506388	65.70494810640615
16.427316407491503	6.180116610133217	84.2527975106415	22.861063426029595	105.2575784247112	41.13209944865926	-0.0	-0.0	57.41793097464982	67.80586782815129
21.00908084433767	6.165975919559379	84.02524841920167	22.857294397367564	105.2575784247112	41.710789163999635	-0.0	-0.0	57.20852011076165	69.99965461265126
26.395209767853494	6.153600203840817	83.79864975835639	22.852748232183753	105.2575784247112	42.30298351387494	-0.0	-0.0	57.00058669808933	72.1429681598895
32.55945379813607	6.14452443499682	83.5727020766023	22.847465291575798	105.2575784247112	42.879864752769656	-0.0	-0.0	56.79414520345035	74.09212519843214
39.47177139965877	6.140338233854988	83.34780264876093	22.841531701155542	105.2575784247112	43.41148711540073	-0.0	-0.0	56.58907883992485	75.7105097495377
47.098475289174424	6.14235506837874	83.12344774048022	22.835075843939013	105.2575784247112	43.867845987314126	-0.0	-0.0	56.38530972882653	76.87594038017505
55.40239661114995	6.151508225042588	82.90016461224607	22.8282624925767	105.2575784247112	44.22194683278925	-0.0	-0.0	56.18264995624817	77.48766443197718
64.34306608076886	6.168292974991826	82.6774311359791	22.821284795035872	105.2575784247112	44.453241983372074	-0.0	-0.0	55.98095457410313	77.47260410241783
73.87691121157883	6.185749829471063	82.45573349662632	22.814331664174194	105.2575784247112	44.571665529807085	-0.0	-0.0	55.78000730323827	77.03671301123758
83.86183048595773	6.199413730572176	83.68482302004695	22.807456899366862	105.13738424220863	44.662758203814505	126.21676565325967	-0.0	55.58010812488008	76.59616679017505
92.7132169721353	6.2132730219099885	89.83223404350214	22.800703398143188	103.22628408205071	44.75515347939992	509.20375448044797	-0.0	55.87780124103757	76.15857042157555
98.68662058435201	6.227870558551944	89.92486432046928	22.794479430249233	98.4042797443999	44.85247039034629	888.0079187425334	-0.0	58.04275034737804	75.72605265754545
102.32626917046967	6.243286163503703	91.88307518611336	22.789317899039816	92.08787528566845	44.95524109002469	969.477930946377	-0.0	61.31199070329562	75.30138359874066
104.78823013623663	6.259522039041725	95.073882846706	22.78538434786116	85.7158813263147	45.06348026027817	935.0354303756394	-0.0	64.668003057755	74.88539025833701
106.47186776632644	6.276554309854935	98.02239885961976	22.782651788630112	79.6783669516035	45.17702873236623	872.0391055472235	-0.0	67.85431746590284	74.47788523618284
107.629427995378	6.294342914193644	100.7006140301246	22.78104568660063	74.13034552193602	45.295619427957625	789.6792113718112	-0.0	70.77389326569426	74.07843263746622
108.50871188939519	6.312835656570275	103.08997165158662	22.780465457522606	69.16657250799507	45.41890437713517	698.3456317632199	-0.0	73.3639877474923	73.68646213880363
109.30037125298354	6.331971439221632	105.18618004319227	22.780796958649013	64.81177279011455	45.546476261477544	608.5040746627869	-0.0	75.60264436256057	73.30133526875639
110.10992921668067	6.351683506506749	107.01182631216524	22.781925127894592	61.029612759068534	45.677890043378326	528.0428594407737	-0.0	77.50369389719017	72.92241210907889
110.95645486150032	6.3719028035131915	108.59084351244881	22.78374429263204	57.742608374954585	45.81268535675461	461.41632114028596	-0.0	79.10776579398431	72.54910540965602
111.79768183955088	6.392561304576021	109.9534544992177	22.78616463019785	54.85778299560574	45.95040869717347	407.4069962948426	-0.0	80.4678531150762	72.18091421447895
112.57973895088435	6.413595013956839	111.1184838429981	22.789113524171505	52.29472406336306	46.09063342637893	362.64715593778214	-0.0	81.63346237837895	71.81743051609872
113.27460411197633	6.434946256289837	112.0988716116189	22.79253246422806	49.99917405819975	46.23297504193225	325.29359820348196	-0.0	82.64021314513089	71.4583224861275
113.88305272049412	6.4565649101510045	112.92051147875895	22.79637219054095	47.93818028464307	46.377099401006696	294.32755860803286	-0.0	83.5094848697854	71.10330858648209
114.41233302877642	6.478408434123809	113.63460587918959	22.800589034485334	46.0865941543785	46.522722894158726	264.5665199204429	-0.0	84.25500322874281	70.75213810154047
114.86981054949347	6.500440852650347	114.2543462264647	22.805143525083942	44.42317057212667	46.66960568433565	235.3546028285583	-0.0	84.88904931838842	70.40458366577612
115.26303327133765	6.522631170103715	114.75232609609	22.81000028666463	42.92994782686652	46.817541134024765	214.39133791337773	-0.0	85.42399035082707	70.06044060506832
115.58216951394348	6.5449517991134485	115.18274916214767	22.815127838120667	41.585508791933435	46.96634532742299	189.5991341267755	-0.0	85.8707072218127	69.7195257626075
115.84153149433742	6.567377451240396	115.51177430892433	22.820497890358443	40.37979700362723	47.11584967493597	172.27346483767542	-0.0	86.23759276828382	69.38167369720948
116.03884967128054	6.589884628904808	115.78370923954483	22.82608461877784	39.29879847943114	47.265897526032056	151.5342827752651	-0.0	86.53131605193147	69.04673277192897
116.1844400826273	6.612451556857348	115.97575491219882	22.831864301668197	38.33456312312305	47.41634371238232	137.0462160680232	-0.0	86.75796731033108	68.71456318427454
116.2757287649828	6.635058250939499	116.10985420046929	22.837815174216434	37.47634881927636	47.56705500626333	122.18310360363418	-0.0	86.92318709665606	68.38503613779227
116.31620612170684	6.657686478083984	116.18437981621955	22.843917257298006	36.71679654445939	47.717909853893225	108.92367737942239	-0.0	87.03191797445236	68.058032885447
116.33350961061532	6.680319534391715	116.23751562901745	22.850151456508218	36.0570314641379	47.86879689594477	92.94868661690937	-0.0	87.08322758259456	67.73343994282365
116.26277851415011	6.702941927483744	116.18613488283373	22.856499874949403	35.47105832993987	48.01961284989163	83.05375860534421	-0.0	87.0913476108834	67.41115072039557
116.01870128419691	6.725539101764793	116.52102523400306	22.86294905688407	34.928994936858395	48.17026067843196	-0.0	-0.0	87.05844464428206	67.09108249076874
115.9057208339425	6.748097277760755	115.85596083419766	22.86948570481236	34.51643731862527	48.32064851840504	66.92084859769227	-0.0	86.99450579213016	66.77315380027548
115.86411488226801	6.770603118946329	115.84783628435731	22.876093026606043	34.21078888444046	48.47068745964219	38.2762826298854	-0.0	86.84921036076251	66.45726522467591
115.73650323295028	6.7930440515845225	115.67353050104998	22.882746057108037	33.963320908110255	48.62029367723015	75.28310481792855	-0.0	86.65947271368438	66.14327503440605
115.36566798115783	6.8154089529898965	115.36531691808058	22.889439364205554	33.7272065967588	48.76939301993264	5.621003198025014	-0.0	86.47037345649753	65.83114478230988
115.00006764984111	6.837687201765953	115.00471376251102	22.896168324628892	33.57224298803866	48.917914678439686	-0.0	-0.0	86.24819425615429	65.52084040754276
114.42755616587601	6.859867659725326	114.59552309324712	22.902916203040103	33.52266347499542	49.065784398168844	-0.0	-0.0	85.9682115352193	65.21226445605649
112.95240540278554	6.88193917155203	114.65457621767044	22.909663285591087	33.52266347499542	49.21292781034687	-0.0	-0.0	85.63154032546154	64.9053043677747
110.42148342477137	6.903888055004732	113.97592358400584	22.916402528992432	33.52266347499542	49.359253700031545	-0.0	-0.0	85.31786950690179	64.5999147523305
106.88406806405368	6.9257018118573965	113.92435955172435	22.92313763393548	33.52266347499542	49.50467874571598	-0.0	-0.0	84.98756490854872	64.29610675401435
102.40903388972872	6.94738214001518	113.34735598114416	22.929864930159393	33.52266347499542	49.64921426676787	-0.0	-0.0	84.6724877796786	63.99385283194138
97.08351119862661	6.9689294620482105	113.21217025054294	22.936587524661686	33.52266347499542	49.7928630803214	-0.0	-0.0	84.34771685853852	63.69316111352021
91.01118956156289	6.990341192954716	112.71215587295089	22.94330240240793	33.52266347499542	49.93560795303144	-0.0	-0.0	84.03245838839598	63.394007587796025
84.31029895536732	7.0116211694187855	112.51558390355346	22.950012033838444	33.52266347499542	50.077474462791905	-0.0	-0.0	83.71215447258416	63.09639713350761
77.11130778874892	7.032769339080877	112.07264706093468	22.956714019937287	33.52266347499542	50.218462260539184	-0.0	-0.0	83.39758452403065	62.80030906614093
69.55438264207108	7.053785048275073	111.83231112273859	22.96341025667298	33.52266347499542	50.35856698850049	-0.0	-0.0	83.08098541784986	62.50574533804514
61.786659180807696	7.07467134576414	111.43087775397075	22.970098883281228	33.52266347499542	50.49780897176094	-0.0	-0.0	82.76770953623164	62.21268818353016
53.95937737868476	7.095427776573463	111.16035895098224	22.976781308124433	33.52266347499542	50.63618517715642	-0.0	-0.0	82.4542812384684	61.92113708231357
46.22493682871881	7.116054772150657	110.78861832283903	22.98345611768539	33.52266347499542	50.77369848100438	-0.0	-0.0	82.14270815274264	61.63107670936514
38.733929476061824	7.136554511072579	110.49808500890288	22.99012432394924	33.52266347499542	50.91036340715053	-0.0	-0.0	81.8320853554226	61.34250454926825
31.63220754638984	7.15692659737389	110.14727297502145	22.996784871314954	33.52266347499542	51.046177315825936	-0.0	-0.0	81.52248051501516	61.05540724766143
25.058043758010715	7.177172032173986	109.84414212660603	23.003380930869135	33.52266347499542	51.181146881159904	-0.0	-0.0	81.21444783435032	61.33786076205924
19.139439109361486	7.197292295342835	109.50794947779134	23.009639360210098	33.52266347499542	51.315281968952235	-0.0	-0.0	80.90725080776558	62.37144607066307
13.99163066005932	7.217287258027244	109.19750869169877	23.015402845675958	33.52266347499542	51.44858172018163	-0.0	-0.0	80.60229443763042	63.74336321186763
9.714847829755447	7.237158133536442	108.87145896092976	23.020582650480435	33.52266347499542	51.58105422357628	-0.0	-0.0	80.29826700238915	65.33564636772768
6.444153082522621	7.218605233059408	108.55739042170845	23.025121045770007	33.835034946428	51.457368220396056	-0.0	220.00740762199172	79.9967054806148	67.07105112671707
4.330143824958073	7.069085659192592	108.2383959540004	23.02898319161765	36.06314848240478	50.46057106128395	-0.0	413.74371855009167	79.69613818451114	68.8788208551239
3.16661071181305	6.935746890877785	107.92317594360576	23.03215865896787	39.10522036894238	49.57164593918523	-0.0	485.35658148576283	79.39805002849623	70.68154565211958
3.0684725256185987	6.824234795552333	107.6091667673733	23.034664030374643	42.36945051237198	48.82823197034889	-0.0	484.4947284242197	79.10100895575448	72.38693645007125
3.2272235911664486	6.730258103503853	107.29442042934967	23.036544403898045	45.54447182332897	48.20172069002569	-0.0	467.90988130310706	78.80630734999004	73.93034162157636
3.380482517605414	6.642193181533981	106.98407653832601	23.037853779455798	48.609650352108275	47.614621210226545	-0.0	451.50516773956804	78.51264836690804	75.30982898862212
3.5282850834022432	6.558296353171528	106.67077579574466	23.03864552305721	51.56570166804486	47.05530902114352	-0.0	435.1731889266391	78.22111536142927	76.52899400307005
3.6706535122329873	6.478369118478054	106.36329748766616	23.038971575423183	54.41307024465974	46.522460789853696	-0.0	418.9059863386016	77.93061750180242	77.59178719971385
3.8076098388689283	6.40237298421244	106.05202912583816	23.038882643682662	57.15219677737856	46.015819894749605	-0.0	402.70671286181647	77.64203655816189	78.50261218700714
3.939177477142943	6.3302841429121655	105.7468773618661	23.0384277900946	59.78354954285885	45.535227619414435	-0.0	386.58009080988177	77.3544841306648	79.26645238499535
4.065381531251849	6.2620792832956615	105.43799401332699	23.037654400322836	62.30763062503698	45.08052855530441	-0.0	370.53152295417226	77.06865273033584	79.88904298210399
4.186249014162977	6.197733768167693	105.13493549489965	23.03660777085239	64.72498028325954	44.65155845445129	-0.0	354.5670558939378	76.7838396046879	80.37709806904805
4.301809066733107	6.137221004428795	104.8285551584858	23.03533083855017	67.03618133466213	44.2481400295253	-0.0	338.69343971500325	76.50057442704464	80.73860936144517
4.412093216793618	6.080512463737695	104.52745063190584	23.03386364512052	69.24186433587236	43.87008309158463	-0.0	322.91826045302054	76.21831165950348	80.98321780752339
4.5171356812098304	6.027577415755648	104.22363186910475	23.032242772390614	71.3427136241966	43.51718277170432	-0.0	307.2500747096957	75.93744883404098	81.12262463621006
4.616973706774081	5.9783825991695645	103.92443965898674	23.030500596964323	73.33947413548161	43.189217327797095	-0.0	291.6985700594326	75.65757151576238	81.1709101602369
4.7116479880575435	5.932891547715009	103.62314446191722	23.02866451855456	75.23295976115087	42.885943651433394	-0.0	276.2747228368741	75.37897690302805	81.14445832077452
4.801203135271244	5.89106477983066	103.32587661536739	23.026756337883015	77.02406270542488	42.6070985322044	-0.0	260.9910971373611	75.10135495787141	81.06104677836896
4.885688238075158	5.852858969846045	103.0270691121935	23.0247920796745	78.71376476150316	42.352393132306965	-0.0	245.862096988699	74.82493035623646	80.93793506991356
4.965157539145501	5.818226330139456	102.73171506186905	23.02278255174974	80.30315078291001	42.121508867596376	-0.0	230.9043079657073	74.54947801331977	80.78964724629246
5.039671239085077	5.787113367324434	102.4353524122782	23.02073445940953	81.79342478170155	41.914089115496225	-0.0	216.1368386346015	74.27516581626442	80.62670051446796
5.10929641119764	5.759461541024148	102.14195057443095	23.018651740597807	83.1859282239528	41.729743606827654	-0.0	201.58204437438556	74.00183331398866	80.45577915809453
5.174108176255773	5.735204681706324	101.8479646874066	23.01653663391297	84.48216352511545	41.56803121137549	-0.0	187.26593814855767	73.72960379580644	80.28074390968983
5.234191066033195	5.714268001610354	101.55653851347043	23.014390445790504	85.6838213206639	41.42845334406903	-0.0	173.21896106827467	73.45836187152317	80.10369159727644
5.2896406218949386	5.696568210880488	101.26486490617638	23.012213964587303	86.79281243789877	41.31045473920326	-0.0	159.47719056842223	73.18819643499215	79.9257205307868
5.340565473409568	5.682008335697976	100.97544222825353	23.010007728945002	87.81130946819137	41.21338890465317	-0.0	146.08278096006208	72.91902353865173	79.74739474313427
5.387089562910327	5.670480108231728	100.68602851688324	23.007772130284252	88.74179125820653	41.13653405487819	-0.0	133.0860965036828	72.65090635675298	79.56900067545428
5.429355075926223	5.661857294855693	100.3986327421718	23.005507503328406	89.58710151852445	41.07904863237129	-0.0	120.54620974170815	72.38378397626339	79.39068315619271
5.467525614602439	5.655995311425914	100.11142728410267	23.003214135365685	90.35051229204878	41.03996874283943	-0.0	108.53274184073294	72.1177003235823	79.21251525105185
5.501789781552946	5.652729214344347	99.82606550766208	23.000892306885383	91.03579563105893	41.01819476229564	-0.0	97.12731103794913	71.8526108309184	79.03453400022374
5.532365475136344	5.651861601795558	99.54103264600204	22.998542276799792	91.64730950272688	41.01241067863705	-0.0	86.42052948345578	71.58854545882797	78.85675828838869
5.559502551231938	5.653179003216187	99.25769564492411	22.996164309504803	92.19005102463875	41.02119335477458	-0.0	76.51652271905454	71.32547252903662	78.67919799945346
5.583486117920705	5.656433991425422	98.97481984220674	22.99375865467666	92.66972235841409	41.04289327616948	-0.0	67.52216002206083	71.0634097276909	78.50185843562194
5.604636674571878	5.66134792023191	98.69351068330097	22.99132557012229	93.09273349143754	41.07565280154607	-0.0	59.535307622889164	70.80233638786889	78.32474269577469
5.6233046163804055	5.667634390013437	98.41276846036205	22.988865301140372	93.46609232760811	41.117562600089585	-0.0	52.63659232952378	70.5422606313692	78.14785269453627
5.639860109681097	5.675005244027701	98.13345737490422	22.986378101404643	93.79720219362193	41.16670162685134	-0.0	46.867588978554814	70.2831721372571	77.97118983475251
5.654677573810865	5.683176067852728	97.85481709284264	22.983864212952373	94.0935514762173	41.221173785684854	-0.0	42.20374245983949	70.02506850181334	77.79475518188666
5.668113774403081	5.69189847585464	97.5775059399655	22.981323886013403	94.36227548806161	41.27932317236427	-0.0	38.555723838652575	69.76794847603807	77.61854970678122
5.680485304569241	5.700995441084079	97.30102597290129	22.978757359554287	94.60970609138481	41.3399696072272	-0.0	35.803401125834355	69.51179697619669	77.44257425163683
5.692062784137324	5.710294433329545	97.02556720140969	22.976164880731876	94.84125568274648	41.401962888863636	-0.0	33.75615609801879	69.25663654845819	77.266829668016
5.70305573798833	5.719717406406269	96.7512526352238	22.97354668579801	95.0611147597666	41.46478270937513	-0.0	32.27002132198205	69.00242316111445	77.09131673107622
5.713624835792358	5.729191900634332	96.47774938850424	22.97090301803449	95.27249671584715	41.52794600422888	-0.0	31.192011038458883	68.74919943696166	76.91603624407806
5.723885868069493	5.738678123670865	96.20556906888208	22.968234111818504	95.47771736138985	41.5911874911391	-0.0	30.40585428968818	68.49691003964205	76.74098895760324
5.733920669446888	5.748149363615024	95.93385406330367	22.965540205964377	95.67841338893774	41.65432909076683	-0.0	29.82102254297339	68.24561303963497	76.5661756424002
5.743785297602284	5.757592239867883	95.66380207118246	22.962821533967958	95.87570595204568	41.71728159911922	-0.0	29.37573644353304	67.99523387419076	76.39159703832391
5.7535181196505905	5.766996564999693	95.39403943641425	22.960078329572347	96.0703623930118	41.77997709999796	-0.0	29.024176720777312	67.7458408676671	76.21725388493745
5.763144905412364	5.77635651332831	95.12599525633394	22.957310825022464	96.26289810824728	41.84237675552207	-0.0	28.735439699900745	67.49736023688101	76.04314691201881
5.772682899585071	5.785668549470261	94.85817466715122	22.954519249841603	96.45365799170142	41.904456996468404	-0.0	28.48864892943074	67.24985668452219	75.86927683367357
5.782143605901511	5.79493060244007	94.59210388189	22.951703834624183	96.64287211803021	41.966204016267135	-0.0	28.26990066590195	67.00326078664312	75.69564436782521
5.791534713125941	5.804141420065119	94.32623842115893	22.94886480474991	96.83069426251882	42.027609467100795	-0.0	28.069898177560916	66.75763033385257	75.5222502037346
5.800861377717484	5.813300303997901	94.0621427987632	22.94600238924306	97.01722755434967	42.08866869331934	-0.0	27.882483614736966	66.51290360107282	75.34909504832008
5.810127080754402	5.822406945067347	93.79820743331958	22.943116809387156	97.20254161508802	42.14937963378232	-0.0	27.703637298359784	66.26913237016318	75.17617956653073
5.819334207696179	5.831461237785923	93.53601828025614	22.940208292615505	97.38668415392357	42.20974158523949	-0.0	27.530698876146054	66.0262630811966	75.00350445417453
5.828484417069981	5.840463277162587	93.27402008428827	22.93727705587632	97.56968834139961	42.269755181083916	-0.0	27.361994733350112	65.78433345374278	74.83107035007895
5.837578910268482	5.849413146207213	93.01379127372012	22.93432332568488	97.75157820536963	42.32942097471475	-0.0	27.196318614303202	65.5433043425243	74.65887794307592
5.846618571950483	5.858311053346651	92.75371756154745	22.93134731458674	97.93237143900966	42.388740355644345	-0.0	27.032944480032484	65.30320440765975	74.4869278465006
5.855604085182511	5.867157252731031	92.49531427312778	22.928349247163002	98.11208170365022	42.44771501820688	-0.0	26.871415515050668	65.06400393546419	74.31522073565723
5.864536005261464	5.875951995531019	92.23721315045381	22.925329333011863	98.29072010522928	42.50634663687346	-0.0	26.71140939462334	64.8257177100323	74.14375720592692
5.873414802913109	5.884695540024267	91.9806479627932	22.92228779386	98.46829605826217	42.564636933495116	-0.0	26.552703618414817	64.58832941742078	73.97253791532593
5.882240890785917	5.893388169597485	91.72450678622867	22.91922483686809	98.64481781571834	42.62258779731657	-0.0	26.395168605693556	64.35184302052393	73.80156344383185
5.891014642629953	5.90203018603563	91.46972820299604	22.916140680733413	98.82029285259905	42.68020124023754	-0.0	26.23873973450009	64.11625477047133	73.6308344307228
5.8997364127486795	5.910621857583	91.21551894304622	22.913035530205228	98.99472825497358	42.73747905055333	-0.0	26.08333380043726	63.881554627999925	73.46035144103246
5.908406537856756	5.9191634629825	90.96254605470335	22.909909600977844	99.16813075713512	42.79442308655	-0.0	25.928899327950386	63.647750187300744	73.29011509606764
5.917025338119694	5.927655319169534	90.71028888425214	22.906763095555796	99.34050676239387	42.85103546113023	-0.0	25.775449862514833	63.414820761626316	73.12012594621683
5.925593134672918	5.936097678919243	90.45905133217357	22.903596226517724	99.51186269345835	42.90731785946162	-0.0	25.622919728151253	63.18278886620111	72.9503845942819
5.934110235498011	5.944490848599428	90.20872087808199	22.900409194402062	99.68220470996022	42.963272323996186	-0.0	25.471323460679816	62.95161816751525	72.780891578023
5.942576947658812	5.952835108174786	89.95924404079078	22.897202208195456	99.85153895317623	43.01890072116524	-0.0	25.320644388490305	62.721342046140016	72.6116474788472
5.950993576095314	5.96113072788324	89.71084317900656	22.893975466936013	100.01987152190627	43.074204852554935	-0.0	25.170855900134814	62.49191548405847	72.4426528246185
5.959360418084331	5.9693780111296535	89.46311031266787	22.890729175838416	100.18720836168661	43.129186740864355	-0.0	25.021981642800807	62.26338102681566	72.27390817443062
5.967677772833818	5.977577228104347	89.21658291566679	22.88746353260719	100.35355545667636	43.183848187362315	-0.0	24.87400157610441	62.03568700273596	72.10541404697202
5.9759448241943245	5.985743809981286	88.97056951110889	22.884178803351162	100.51889648388648	43.23829206654191	-0.0	24.747456671041682	61.808881074121736	71.93725595766772
5.984824542867321	5.999445578796048	88.72591032435406	22.88090087057688	100.6964908573464	43.26128960098094	-0.0	30.22936892403597	61.58289303542043	71.50339120953745
5.996277505830712	6.019611818989818	88.48166196980782	22.877790309749003	100.92555011661422	43.15416360651182	-0.0	38.18893259105472	61.3576582689898	70.47351504533235
6.010273055100384	6.0432265599944275	88.23882018824757	22.875024010444932	101.20546110200766	42.91292041660592	-0.0	45.38275064248249	61.13294580135856	68.95492948725942
6.026459794505499	6.068908530799586	87.99632040811586	22.87274147955367	101.52919589010996	42.55741245116585	-0.0	51.50772775400266	60.908659871493846	67.07363129980465
6.044441107580092	6.094913889613279	87.75527932936438	22.87103608477168	101.88882215160184	42.11308737453686	-0.0	56.165370799756765	60.684667130207785	64.98586391680894
6.063735639830298	6.120114281685058	87.51453783178229	22.86994710231223	102.27471279660597	41.61315286342652	-0.0	59.360467618799156	60.46095848186325	62.86501699140374
6.083844523066874	6.143370030753437	87.27533368588	22.869457034787995	102.67689046133748	41.09062820757934	-0.0	60.99462460258427	60.23749430013608	60.8837279180229
6.1042468284564775	6.164013784981922	87.03629825548406	22.869494774173127	103.08493656912954	40.578322101479145	-0.0	61.118203367247915	60.01435820210271	59.196268951291195
6.124436266710134	6.181304844552811	86.79887412967672	22.86994409271765	103.48872533420267	40.10359003036046	-0.0	59.61783386845988	59.79161892239542	57.92391191107224
6.143875007169388	6.195288257438222	86.56163947985863	22.87065613575531	103.87750014338776	39.692504496098955	-0.0	56.68622532681234	59.569445671199176	57.14498806894941
6.162056833241081	6.2058228613861015	86.3259549984912	22.871464290915124	104.24113666482162	39.3640006912081	-0.0	52.3008294299791	59.347949805637846	56.89041810932254
6.178544271936222	6.212407964982674	86.09050065146845	22.87219959736599	104.57088543872443	39.129438359260185	-0.0	46.00522595752875	59.127325206967484	57.14446132602025
6.193681809000487	6.212028006508842	85.85651860989795	22.872705264291174	104.87363618000973	38.98124042924807	-0.0	33.86203396537444	58.90768748146264	57.84940021372132
6.203481966840396	6.217005541257803	85.62286565874484	22.872849293896845	105.06963933680792	38.992548140150866	-0.0	29.072726069083146	58.689171726953475	58.911657440928515
6.211895786051958	6.2166806082027355	85.39056917456843	22.872535583117976	105.23791572103916	39.10465930186621	-0.0	17.293102220931868	58.47187876038322	60.204014420346105
6.548607169997038	6.221223954499727	85.15870135212027	22.871721476071617	105.26079332516349	39.37124676543461	-0.0	-0.0	58.255853437991355	61.476061132344626
7.752189902099156	6.215019385035929	84.92806335025725	22.870474316010796	105.26079332516349	39.697296117004306	-0.0	-0.0	58.041044943124554	62.55933942381045
9.824772587702972	6.2045228052512025	84.69794160604337	22.86873328620947	105.26079332516349	40.10600085491448	-0.0	-0.0	57.827475108024174	64.08143036940375
12.756254464081994	6.191532300764832	84.46895016178414	22.866368524068484	105.26079332516349	40.58951269864642	-0.0	-0.0	57.615254091352945	65.9500807444179
16.532348910445368	6.177308272682346	84.2405749583278	22.863287066094315	105.26079332516349	41.131485529268886	-0.0	-0.0	57.404461987836065	68.04371450980166
21.13465307400601	6.163265836764762	84.01320538346162	22.85943797358449	105.26079332516349	41.71097037467701	-0.0	-0.0	57.19516161283185	70.22674637974418
26.540737556551036	6.1509374432440564	83.78652947943652	22.85481579235989	105.26079332516349	42.30273402213668	-0.0	-0.0	56.98735866443917	72.35624403230665
32.724255724473565	6.141936608187024	83.56068753264475	22.84946179412355	105.26079332516349	42.87837648536734	-0.0	-0.0	56.781021283510185	74.28908074523507
39.655072109451204	6.1378992011958875	83.33585430711615	22.843462805288613	105.26079332516349	43.408269927389256	-0.0	-0.0	56.57607323868314	75.889325472878
47.29940927412402	6.140074361897628	83.1115341140458	22.83694767605853	105.26079332516349	43.86210663959596	-0.0	-0.0	56.372412522744604	77.03558501241814
55.62001242692646	6.1494010535763675	82.8883197893203	22.8300813729497	105.26079332516349	44.21313070610936	-0.0	-0.0	56.16984974244974	77.62796753734449
64.57633098390752	6.16636749817085	82.66561863824734	22.823056957473774	105.26079332516349	44.44103821748358	-0.0	-0.0	55.96824827689357	77.59429253902837
74.1247161925554	6.183660271639139	82.44398933389726	22.816060934128664	105.26079332516349	44.55773514426093	-0.0	-0.0	55.767387347914806	77.15524730370832
84.1051572726692	6.197317415353718	83.91859195552031	22.80914366633078	105.11862374226695	44.648782769024784	129.57962240800097	-0.0	55.56784849896323	76.71385564192167
92.90153582191549	6.211206282970435	89.87450999510438	22.80235225778118	103.1409262924045	44.741375219802904	521.9504999643166	-0.0	55.900961345387245	76.27544242265692
98.79811180090726	6.225840740726282	89.92804888604142	22.796106374699544	98.25421353165895	44.838938271508546	893.4795254161819	-0.0	58.11244631393659	75.84219605275418
102.39692132545493	6.241295762083501	91.95760251891866	22.790932330728584	91.92406245479859	44.94197174722334	969.2980411556931	-0.0	61.39249758496094	75.41685154190067
104.83595503658478	6.2575721775973605	95.1482761829136	22.786987221217746	85.55778979631802	45.050481183982406	933.7510893329151	-0.0	64.74594043294466	75.00019129622905
106.50295207583032	6.274645418359255	98.09012572410566	22.784241955725825	79.5308030154465	45.1643027890617	870.1461783259291	-0.0	67.9267062222694	74.59201684217919
107.65048163760365	6.2924749382210585	100.76183577739255	22.78262120046393	73.99657547133346	45.28316625480706	787.386898175858	-0.0	70.83865550887418	74.19188810435944
108.52555560477099	6.31100816998088	103.14347919774794	22.78202385546347	69.04817483151848	45.40672113320587	695.9790777258139	-0.0	73.4200786450514	73.79923208818524
109.31722474584419	6.330183733829626	105.22967102611196	22.78233560023868	64.70877984628586	45.534558225530844	606.5309841845678	-0.0	75.65000154154956	73.41340943918148
110.1268521372402	6.349934676601045	107.05466993493583	22.783441493181268	60.93965472954046	45.6662311773403	525.8292481475273	-0.0	77.54298016035258	73.0337809260474
110.97426211446512	6.370191828865376	108.6258401239282	22.78523619416038	57.664146877420535	45.8012788591025	459.73685859230693	-0.0	79.14028695533597	72.65976109470186
111.8140955227298	6.3908871291937706	109.98621670715276	22.78763031950758	54.78810329696203	45.93924752795847	405.5972058606091	-0.0	80.4949448194958	72.29085133446485
112.59575924633326	6.41195661429296	111.13756147024664	22.790551658086425	52.23311761130446	46.079710761953066	362.2675804537247	-0.0	81.65623342618689	71.92664579367951
113.28823572396955	6.433342691033699	112.11438807771087	22.79394199186861	49.943769692263146	46.22228460689133	325.0327493703997	-0.0	82.65934365886352	71.56681419522803
113.8931157476953	6.45499534550698	112.94038157557912	22.797752235574595	47.887730104366675	46.3666356367132	292.8243082301335	-0.0	83.52538077229855	71.21107592613339
114.42054321033177	6.476872143685065	113.65185255872926	22.801938833085103	46.04117981658771	46.512480957900436	263.0250152442274	-0.0	84.26798096942873	70.85918086548342
114.87860038601599	6.498937197905646	114.25813411850731	22.806462414323725	44.383151573594155	46.65958131937098	236.30904357595114	-0.0	84.89942511601896	70.51090217849847
115.26686229160448	6.5211595727608245	114.76852289867062	22.811287705002524	42.8927384254779	46.80773048507216	211.77947342470935	-0.0	85.432060589031	70.16603572154469
115.58593596238545	6.543511716767065	115.18943336698906	22.816383312759005	41.552515191281586	46.9567447784471	188.90535615930696	-0.0	85.87671774569826	69.82439879912674
115.84528125708685	6.5659683632977215	115.51008833145363	22.821721016786963	40.35063824650396	47.106455755318144	173.68754505430155	-0.0	86.2417269571654	69.48582632156693
116.04329112070869	6.58850603298382	115.77178215548238	22.827275046647365	39.27337108461482	47.2567068865588	156.3195664987825	-0.0	86.5337317983774	69.15016692745421
116.18219259276502	6.611102970874498	115.98418693279123	22.833021729997355	38.31017186936786	47.40735313916332	133.49348073086156	-0.0	86.75881399530589	68.81728106323534
116.27432469883674	6.633739215031427	116.10774566187362	22.838939347646576	37.45523038281368	47.558261433542846	122.44228569689581	-0.0	86.92260380355754	68.48704016042764
116.32603792462916	6.6563965529679345	116.18358555616521	22.845007861613468	36.70193845699855	47.70931035311956	113.2285880939768	-0.0	87.02835171959246	68.15932514917101
116.31505682367589	6.679058296433495	116.13675789724516	22.851208402557436	36.036108676984	47.860388642889966	126.67637261449144	-0.0	87.08477413174344	67.8340237229068
116.234184169357	6.701708963078409	116.1638743003301	22.857525265289112	35.449629663159946	48.0113930871894	79.5480245664279	-0.0	87.09343233588419	67.5110407696571
116.1812774339464	6.7243340035115535	115.97141147138548	22.86394118780932	34.966375014184855	48.16222669007703	137.43338979477775	-0.0	87.05083179990042	67.19027350016592
116.01612191801989	6.74691965170633	115.88912020076218	22.87044088526512	34.54026166258167	48.3127976780422	106.91190089599073	-0.0	86.96946501188008	66.87163005743255
115.89811882335134	6.769452876788497	115.79817409884336	22.87700821945675	34.2143506615274	48.46301917858998	94.8421067127782	-0.0	86.83108909900177	66.5550145594501
115.65765589763107	6.791921356385759	115.64851088483277	22.883627277723352	33.93644619475743	48.612809042571726	28.688868082358255	-0.0	86.66115666163988	66.24033284964482
115.34238898859114	6.8143133991827485	115.32504093992759	22.89028966774845	33.718322755971435	48.76208932788499	39.513597402912836	-0.0	86.467937456981	65.92753072741604
115.02859639813762	6.836617619080469	115.00700975964531	22.896984257381824	33.58013974631876	48.91078412720313	44.07717622883528	-0.0	86.23251976725727	65.61653987339467
114.4585078161255	6.858822819834789	114.59164289675333	22.903695330504398	33.538347716952515	49.0588187988986	-0.0	-0.0	85.94816174048768	65.30726827482994
112.95580130189839	6.8809183251768795	114.62175327995524	22.910404457845026	33.538347716952515	49.20612216784586	-0.0	-0.0	85.60999557914914	64.99961015694431
110.39779949777979	6.902890314238177	113.96101408436844	22.91710672567393	33.538347716952515	49.35260209492118	-0.0	-0.0	85.29796602510511	64.69353132177174
106.83430748855848	6.924727099404242	113.9002907073781	22.92380452347574	33.538347716952515	49.49818066269495	-0.0	-0.0	84.96626448573251	64.3890359791448
102.33470756372397	6.946430468285205	113.32613612065606	22.93049524950004	33.538347716952515	49.642869788568035	-0.0	-0.0	84.65274836938356	64.08610219246401
96.98660832286184	6.9680003734220834	113.19303075071362	22.937181146774556	33.538347716952515	49.78666915614723	-0.0	-0.0	84.32671826423208	63.7847335095923
90.8941389091767	6.989434736475389	112.68770168096295	22.943859886354094	33.538347716952515	49.92956490983593	-0.0	-0.0	84.01284181019054	63.484909510622465
84.17592158293631	7.010737236620597	112.49891077755966	22.95053339398199	33.538347716952515	50.071581577470646	-0.0	-0.0	83.69147864174167	63.18663217646413
76.96276210941562	7.031907606882797	112.04689257546957	22.957199691928174	33.538347716952515	50.212717379218645	-0.0	-0.0	83.37807668185214	62.88988301931171
69.39510293030936	7.052945550006181	111.8166033399977	22.963860349686637	33.538347716952515	50.35297033337454	-0.0	-0.0	83.06063203249279	62.59466224360179
61.62028870600911	7.073853901330881	111.40495298636183	22.970513749283395	33.538347716952515	50.49235934220587	-0.0	-0.0	82.7483126106189	62.30095334028345
53.78969746959436	7.094632161710257	111.14477582982663	22.977161117634434	33.538347716952515	50.63088107806838	-0.0	-0.0	82.43423805640725	62.008754805764035
46.05579324976425	7.11528097762695	110.7631754470884	22.98380116734929	33.538347716952515	50.76853985084634	-0.0	-0.0	82.12343122255591	61.71805195711716
38.56915754918215	7.135802333511684	110.48213985229185	22.990434821711542	33.538347716952515	50.905348890077896	-0.0	-0.0	81.81233733451296	61.428841784911434
31.475557476100388	7.156195877756672	110.1226041709287	22.997061084979393	33.538347716952515	51.04130585171115	-0.0	-0.0	81.503336143479	61.14740446526709
24.913107613778415	7.1764627165052275	109.82766807997595	23.00362613198787	33.538347716952515	51.17641811003485	-0.0	-0.0	81.1949746659214	61.41654685148196
19.009580886882816	7.196604184968305	109.4841522281577	23.009851442631625	33.538347716952515	51.31069456645537	-0.0	-0.0	80.88824754846486	62.45715934816125
13.87992078324186	7.216620230599167	109.18046410160706	23.01558014180945	33.538347716952515	51.44413487066112	-0.0	-0.0	80.58308119417131	63.83297998842928
9.624003368625182	7.236512099115967	108.84851601325103	23.020724219162123	33.538347716952515	51.57674732743978	-0.0	-0.0	80.27942277338288	65.42738770522028
6.370781709500151	7.220131446369654	108.53982413368378	23.025226494612337	33.81999049364184	51.4675429757977	-0.0	230.40043089010047	79.97774195052193	67.16335569577221
4.2847008259375166	7.066935053169572	108.21623778562855	23.029052626815094	36.085608435537445	50.44623368779715	-0.0	417.0007664285564	79.67746468925712	68.9699991481865
3.148610085281013	6.933743517051311	107.90517453120691	23.032192810999522	39.14150591188588	49.558290113675405	-0.0	486.3854844520379	79.37932438212385	70.76957743440364
3.0703420400456714	6.822815469616016	107.58768138360944	23.034664332815076	42.40684080091342	48.818769797440105	-0.0	484.2825511497875	79.08251248748176	72.46946356721939
3.2290243452099014	6.729022816659932	107.27609408279831	23.03651282359822	45.580486904198025	48.19348544439955	-0.0	467.70707121619074	78.78780447824482	74.00691383920554
3.382216182662546	6.6410390664921195	106.963172464591	23.03779225111055	48.64432365325092	47.60692710994746	-0.0	451.3052517302988	78.49432799719233	75.38057534489315
3.529952480735266	6.557212161165802	106.6522086207346	23.03855596275393	51.599049614705315	47.048081074438684	-0.0	434.97555106799797	78.20282044313517	76.59405516597691
3.6722553989138174	6.477353043521421	106.342855937138	23.03885582619693	54.44510797827634	46.515686956809475	-0.0	418.7106432704753	77.91247120255541	77.65131816826973
3.8091469941662783	6.401424076685195	106.03331273821135	23.038742517281502	57.18293988332557	46.00949384456796	-0.0	402.51374840796717	77.6239358670291	78.55678644880518
3.940650711632548	6.329401617802502	105.72685437796467	23.03826501677852	59.813014232650964	45.52934411868335	-0.0	386.3896111900812	77.33650700446951	79.31546686208475
4.066791692569327	6.261262334261049	105.41919384138191	23.03747065962453	62.33583385138653	45.075082228407	-0.0	370.3436446136651	77.05073518629189	79.93312512364969
4.187596990099405	6.196981535025699	105.11524793770732	23.036404644807856	64.7519398019881	44.646543566838	-0.0	354.3819042472307	76.76602743843758	80.41651471849079
4.303095788922958	6.136532585944051	104.80973299933541	23.03510982886312	67.06191577845915	44.243550572960345	-0.0	338.5111516830994	76.48282986953735	80.77367847115983
4.413319665181236	6.079886936846397	104.50804302911418	23.03362612609755	69.26639330362471	43.86591291230931	-0.0	322.73898816082414	76.20065988660609	81.01432188258666
4.518302888834329	6.027013796889184	104.20483128986105	23.031989992841062	71.36605777668657	43.51342531259456	-0.0	307.07398416900844	75.91986903214294	81.15022388049377
4.6180827648404605	5.977879887852775	103.90526209742644	23.030233631676744	73.36165529680922	43.185865919018504	-0.0	291.52584823351367	75.64007601808432	81.19554737147828
4.71270005249905	5.932448716924889	103.60441212018571	23.028384262844174	75.25400104998101	42.88299144616593	-0.0	276.105580397454	75.36155475668232	81.16674226306523
4.802199436011941	5.890680630003689	103.30690687551252	23.026463476550905	77.04398872023883	42.60453753335793	-0.0	260.82575529361407	75.08401171552872	81.08160023333593
4.886630085870537	5.852532244208525	103.0084089840295	23.0244871100117	78.73260171741073	42.350214961390165	-0.0	245.70080361310227	74.80766182640214	80.957316174346
4.966046331078983	5.817955899847106	102.71293221221408	23.022465802986826	80.32092662157966	42.119705998980706	-0.0	230.7473684530501	74.5322844756726	80.80828490921087
5.040508477062329	5.786897834900568	102.41678928864258	23.020406150075534	81.81016954124658	41.91265223267045	-0.0	215.98457089544596	74.25804765989	80.64488014888967
5.110083713641264	5.759299334681344	102.1233402161504	23.018312011569897	83.20167427282527	41.728662231208965	-0.0	201.43479420151087	73.98478779092423	80.47367035210378
5.174847283644194	5.73509441584679	101.8295083445921	23.016185588094444	84.49694567288388	41.56729610564527	-0.0	187.124145322463	73.71263392846335	80.29844015584322
5.234883869215076	5.714207982212499	101.53808897060951	23.014028160055084	85.69767738430151	41.428053214749994	-0.0	173.08309294191312	73.441463045641	80.1212422663293
5.290289183839922	5.69655639477226	101.24652112070977	23.011840506839587	86.80578367679844	41.3103759651484	-0.0	159.34773510555814	73.171373290331	79.94315114721117
5.341172026541619	5.682043137048903	100.95714468032519	23.009623158441496	87.82344053083237	41.213620913659355	-0.0	145.96042068555863	72.90227028451308	79.76471840787097
5.387656580539505	5.6705588615587335	100.66780430906628	23.007376505169617	88.7531316107901	41.137059077058225	-0.0	132.97139753985354	72.63422856946386	79.58622419674214
5.429885230701203	5.661978275899537	100.38047072321697	23.005100878145548	89.59770461402405	41.079855172663585	-0.0	120.44009018967031	72.36717531696384	79.40781015356211
5.468021904991153	5.65615504411261	100.09332882244729	23.00279656534261	90.36043809982307	41.0410336274174	-0.0	108.43579296104684	72.10116633849906	79.22954776586803
5.502255465932307	5.652924834962367	99.80804429592932	23.000463845171033	91.04510931864613	41.01949889974912	-0.0	97.0403811017804	71.83614559040052	79.0514732744
5.532803995078164	5.652092185575126	99.52304816780358	22.99810297724806	91.65607990156327	41.01394790383417	-0.0	86.34530621904173	71.57215428513234	78.87360517562786
5.559917935133089	5.6534382633551115	99.23982178705332	22.995714224822322	92.19835870266178	41.02292175570074	-0.0	76.45273385482314	71.30914896288108	78.69595315514971
5.58388247080465	5.656719058330899	98.95696537674431	22.993297837778996	92.677649416093	41.044793722205995	-0.0	67.47063598626103	71.04715944233801	78.51852241870834
5.605018021177894	5.6616592457084485	98.6757695706914	22.99085407336265	93.10036042355789	41.07772830472299	-0.0	59.49854227760232	70.78615353704481	78.34131601421008
5.623675652486746	5.667964260687767	98.3950279266986	22.988383176752034	93.47351304973492	41.119761737918445	-0.0	52.61214700583708	70.52615088520912	78.16433583190222
5.640225134585385	5.67535003765459	98.11584409854574	22.985885401380685	93.80450269170768	41.169000251030596	-0.0	46.85409738566422	70.26712916198778	77.98758326085037
5.655040261086734	5.683535306793331	97.83721173171075	22.983360988857473	94.10080522173467	41.223568711955544	-0.0	42.201189043228624	70.00909709291932	77.81105935768674
5.668476913683192	5.692274828610613	97.56003551970416	22.980810189408007	94.36953827366385	41.281832190737425	-0.0	38.566432074588036	69.75204278598237	77.6347650894864
5.680853235502591	5.701372190768407	97.2834906967205	22.978233241577872	94.6170647100518	41.34248127178938	-0.0	35.81109749942808	69.49596639701022	77.45870129448046
5.6924354500854815	5.710688731165781	97.00827956281674	22.975630392480795	94.84870900170962	41.404591541105205	-0.0	33.776176034576416	69.2408660615617	77.28286882161417
5.703435494838	5.720119981183569	96.73383845636089	22.973001877552885	95.06870989675998	41.46746654122379	-0.0	32.29211043889905	68.98672823282644	77.10726844119425
5.714012414706394	5.729603876230049	96.4605791368823	22.97034794081388	95.28024829412787	41.53069250820033	-0.0	31.216443507043913	68.73356516581826	76.93190095894097
5.724281924389879	5.739098557620088	96.18819653767734	22.96766881507004	95.48563848779757	41.593990384133924	-0.0	30.430898391077488	68.48135294320538	76.75676711638225
5.734325359504677	5.74857953203767	95.91686055358295	22.964964740931897	95.68650719009354	41.657196880251135	-0.0	29.847709850373608	68.23011282307779	76.58186769253531
5.744198917315278	5.758031106638954	95.64659306547924	22.962235948753154	95.88397834630555	41.72020737759303	-0.0	29.402582075894813	67.97980810829827	76.40720341011527
5.753940725417115	5.767444259046395	95.37714618564061	22.959482675407678	96.07881450834229	41.78296172697597	-0.0	29.051176427642698	67.7304752669866	76.23277502400305
5.7635765192190735	5.776812989604442	95.10891294087247	22.956705149384423	96.27153038438146	41.84541993069628	-0.0	28.76246510794061	67.4820667199372	76.05858324343279
5.7731235076119125	5.786133773899485	94.84136454002504	22.953903603627197	96.46247015223824	41.907558492663235	-0.0	28.515638568569752	67.23462553607094	75.88462879952468
5.782593184516936	5.795404466706962	94.57520260962936	22.951078264781053	96.65186369033871	41.96936311137975	-0.0	28.296733678582655	66.98809633630857	75.71091238872724
5.791993216228992	5.804623902030367	94.30953412522287	22.94822936161088	96.83986432457984	42.03082601353578	-0.0	28.09658097680146	66.74253091736172	75.53743471708492
5.801328754168836	5.813791375916322	94.04536137677137	22.94535711937222	97.0265750833767	42.091942506108815	-0.0	27.909028274340027	66.49786965345548	75.36419647083112
5.810603279090962	5.822906558512754	93.78158976709271	22.94246176263093	97.21206558181925	42.152710390085026	-0.0	27.7300372134979	66.25416445515037	75.19119833122546
5.819819175590431	5.831969342101855	93.51940393737188	22.93954351502102	97.39638351180861	42.2131289473457	-0.0	27.556948433453574	66.01135547550896	75.0184409732797
5.828978105604573	5.840979793956876	93.25753194405091	22.93660259712393	97.57956211209147	42.27319862637918	-0.0	27.388054367167616	65.7694948822291	74.84592505448828
5.838081264853937	5.849938039931848	92.99727932285532	22.933639231144955	97.76162529707872	42.33292026621232	-0.0	27.22220495054434	65.52852692499447	74.67365123966518
5.84712953485923	5.858844314865812	92.73725799237572	22.930653632978093	97.94259069718458	42.39229543243875	-0.0	27.058709326414707	65.28849546557507	74.50162015857283
5.856123608064247	5.8676988060927044	92.47900725514891	22.927646024451057	98.12247216128493	42.45132537395136	-0.0	26.897023567275642	65.04935074332147	74.32983247192446
5.865064038198211	5.876501779997144	92.2208609149535	22.92461661658089	98.30128076396421	42.51001186664763	-0.0	26.736844661128803	64.81113487004134	74.15828878155746
5.873951293307066	5.885253518543099	91.96444044402216	22.921565629843982	98.47902586614131	42.568356790287325	-0.0	26.577981060495688	64.57380426826147	73.9869897378564
5.882785784743117	5.893954317762724	91.70823251186985	22.91849327159623	98.65571569486234	42.62636211841816	-0.0	26.420320091274846	64.33738633006186	73.8159359208096
5.891567893269142	5.902604430688596	91.45367432564638	22.91539976044812	98.83135786538284	42.684029537923976	-0.0	26.263731431688324	64.10185308262936	73.6451279689261
5.900297971130907	5.911204143992368	91.19938297789217	22.91228530043865	99.00595942261813	42.74136095994912	-0.0	26.108155887409687	63.867220677039406	73.47456644248683
5.90897635006823	5.9197537756250425	90.9466021210759	22.909150107832417	99.1795270013646	42.79835850416695	-0.0	25.95359507468576	63.63347342145385	73.30425196460543
5.917603358007341	5.928253588392086	90.69423406195955	22.905994383829157	99.3520671601468	42.85502392261391	-0.0	25.799988353613056	63.400611733994474	73.1341850785031
5.926179311889402	5.936703868425439	90.44324193754979	22.90281834201422	99.52358623778802	42.91135912283626	-0.0	25.647315327384916	63.16863389927792	72.96436639112191
5.934704522280476	5.94510490574325	90.19279285034291	22.899622181349525	99.6940904456095	42.96736603828833	-0.0	25.49556758386417	62.937529902141	72.79479643132402
5.943179295144043	5.9534569908382435	89.9435467556068	22.896406112190384	99.86358590288086	43.02304660558829	-0.0	25.344742667612966	62.707308831501486	72.62547578674895
5.951603934570543	5.961760402464798	89.69499540515923	22.893170331577497	100.03207869141086	43.07840268309866	-0.0	25.194825726544494	62.47794935443171	72.45640497392743
5.959978742694689	5.970015411487133	89.44751300987699	22.889915046534313	100.19957485389378	43.13343607658089	-0.0	25.045794048657182	62.2494695089384	72.28758456092585
5.9683040154445886	5.978222314068141	89.20085789222125	22.886640452275362	100.36608030889177	43.188148760454276	-0.0	24.897663825588666	62.02184007953586	72.1190150522951
5.97657426003282	5.986421800806702	88.95508893772806	22.88334661830969	100.5314852006564	43.24281200537801	-0.0	24.808694007697923	61.79508941460972	71.95050464673469
5.985520676131561	6.000266345857653	88.71029900806165	22.88006203072056	100.7104135226312	43.262799672653394	-0.0	30.357937312682253	61.56916521822643	71.50199813615266
5.997088596931302	6.0202693036615775	88.46623222118673	22.8769496667817	100.94177193862603	43.150388193932	-0.0	38.063028921017285	61.34398942034918	70.4590369688049
6.011099399691112	6.044517029828072	88.223380244168	22.87418536964288	101.22198799382224	42.90967969819653	-0.0	45.70122409257794	61.11930748785853	68.93035568777613
6.027356675417366	6.0700316310961515	87.9809908379493	22.871907548710436	101.5471335083473	42.550284281795044	-0.0	51.64479383175143	60.8950796899741	67.0427210671691
6.045387060424573	6.0959762453019275	87.73995732484943	22.870208246300198	101.90774120849144	42.10375817365033	-0.0	56.230099189265815	60.67113489489629	64.95293158706308
6.064714615176825	6.121141307573762	87.49930647959819	22.869125306279656	102.2942923035365	41.60280643372064	-0.0	59.3857581816425	60.447473949862484	62.83449753785607
6.084837879393782	6.144477042840609	87.26010150451057	22.868639828556198	102.69675758787564	41.080929962870556	-0.0	61.05282725170602	60.22403904217342	60.85971526065922
6.105250422915593	6.165030131830302	87.0211933167986	22.868679486750647	103.10500845831186	40.5690905459744	-0.0	61.12472337090214	60.000958336446956	59.18211140632832
6.125425779818876	6.182395857409747	86.78378299848501	22.869127127890785	103.50851559637752	40.09651453038381	-0.0	59.67101347747877	59.77826786217036	57.92191265003173
6.14485566522143	6.196174254520264	86.54658963446388	22.86983334730989	103.89711330442859	39.68653248781669	-0.0	56.634016555221656	59.55615304436736	57.156244050454056
6.163031033752959	6.206383214492818	86.31098174439165	22.870631371004674	104.26062067505917	39.35890357573719	-0.0	52.05296625785313	59.334713094190505	56.91479957464899
6.179443381052849	6.213269699720404	86.0755545399763	22.87135247319649	104.58886762105696	39.129045200870536	-0.0	45.9798316299895	59.11414997254017	57.1807125235148
6.193472916308143	6.217574055588263	85.84167526543435	22.871840432509444	104.86945832616286	39.01007780764734	-0.0	38.811354073357045	58.894565328161846	57.89530951532338
6.203763482853073	6.221997861587625	85.60800986952052	22.871964102653248	105.07526965706145	39.02155906088027	-0.0	33.75868289654512	58.67613187399986	58.964218655171344
6.213026236563997	6.217405072300479	85.37582279166713	22.87162845759845	105.26052473127993	39.11319945187764	-0.0	16.543192966598433	58.45889726462236	60.25941336156065
6.568804464371003	6.221829921256583	85.14394387100565	22.870793455046403	105.27492077553521	39.38226506755597	-0.0	-0.0	58.24295256956365	61.499610184721696
7.794367437068497	6.215225141275461	84.91341156412737	22.869537586109118	105.27492077553521	39.7089401025068	-0.0	-0.0	58.028205593236606	62.57973545383599
9.888847019777483	6.204791434490752	84.68328322886511	22.867783992572416	105.27492077553521	40.12052201944106	-0.0	-0.0	57.814681489490106	64.1122344676637
12.842035734911324	6.191772548765247	84.45442437656304	22.865403739065442	105.27492077553521	40.60588428734081	-0.0	-0.0	57.60251422920593	65.98850727140578
16.639541173077443	6.177467832399095	84.22600927366368	22.86230484515578	105.27492077553521	41.148734733423595	-0.0	-0.0	57.391804146768706	68.0865319901457
21.26285613469445	6.163501235579436	83.99877710151836	22.858437476643395	105.27492077553521	41.72923712475869	-0.0	-0.0	57.18256540902785	70.2704359902824
26.68944882512681	6.151239595570093	83.77207007176315	22.853797346942045	105.27492077553521	42.3210493613698	-0.0	-0.0	56.97482429525835	72.39717424465488
32.89287266369364	6.142380886804065	83.54644440098015	22.848426901052942	105.27492077553521	42.89622218425052	-0.0	-0.0	56.768546998600904	74.32369197398964
39.84289517149405	6.138468427122179	83.3214097759502	22.842414086486286	105.27492077553521	43.42453586016094	-0.0	-0.0	56.56366080794889	75.91431804970682
47.5056453098327	6.140829812441887	83.09736773336205	22.83588875804034	105.27492077553521	43.87627160591923	-0.0	-0.0	56.36004791633558	77.04810257850355
55.84377855126688	6.150356202052971	82.87400404425942	22.82901671373222	105.27492077553521	44.224549769798514	-0.0	-0.0	56.15754438184704	77.62576690260835
64.81665887867081	6.16752771966192	82.65152260782239	22.821991618496238	105.27492077553521	44.44928827379093	-0.0	-0.0	55.95598456169846	77.57588980702839
74.38055682550521	6.184655838815517	82.42979535426228	22.81499817387522	105.27492077553521	44.56437225877011	-0.0	-0.0	55.75517173169401	77.13510680632628
84.35555769797169	6.19830364564108	84.15886009169675	22.808083478151925	105.10842722378393	44.6553576376072	133.05181158009248	-0.0	55.55616221435468	76.69383438796858
93.09008286694002	6.21221006804364	89.90576174322022	22.80129986085696	103.05601040835845	44.74806712029093	535.3399864896903	-0.0	55.930035634255184	76.25556721470866
98.90872887545582	6.226865166361123	89.93454375900649	22.795078581957256	98.10385644921182	44.845767775740825	898.7083289257089	-0.0	58.18890235628315	75.82255438507806
102.46834378066738	6.242340812009092	92.03667285484921	22.789938035577727	91.76159046169049	44.948938746727286	968.9429205704714	-0.0	61.478603788549805	75.39748884343523
104.88539664009662	6.258637139169555	95.22567476293963	22.786026798115184	85.40171209312435	45.057580927797034	932.4027932948981	-0.0	64.82895993841609	74.98110805890401
106.53635683692642	6.275729215021221	98.160852962923	22.78331383561988	79.38552492962394	45.17152810014148	868.2138841669761	-0.0	68.00393480031616	74.57320336032028
107.67433689733251	6.293576218286241	100.8258176599081	22.781723069864263	73.86521249025911	45.290508121908275	785.0902695666258	-0.0	70.90813628528642	74.17333081593456
108.54570771699407	6.312125370547666	103.19831554491826	22.78115292014182	68.93228892663323	45.41416913698444	693.732870409658	-0.0	73.48086536416864	73.78091497954998
109.33752716243846	6.331315148359834	105.27436299778647	22.78148891530747	64.60816717309358	45.54210098906556	604.7187567941642	-0.0	75.7020512568632	73.39531579063444
110.14695773334755	6.351078529081893	107.10036417485888	22.78261624889648	60.85174349400058	45.67385686054595	523.6348157485138	-0.0	77.58698218216794	73.01589481572083
110.99429606060968	6.3713463515674	108.6690811889586	22.784429921200523	57.58708760851138	45.808975677116	457.4596577279767	-0.0	79.17755201115658	72.64206847167293
111.83337109997419	6.39205063734611	110.02319228277032	22.786840987287807	54.72003398763635	45.94700424897407	403.6286579869517	-0.0	80.5268253427582	72.27334052468933
112.6152864308987	6.413127568578431	111.15724720222558	22.78977763891449	52.17331324707781	46.08751712385621	362.24788554328603	-0.0	81.68380996783914	71.90930729910858
113.30564821281351	6.434519738121284	112.1292525530233	22.793181946088684	49.89018349127008	46.23013158747523	325.38532447103114	-0.0	82.68327477693883	71.54964007938507
113.90546359409788	6.456177329969383	112.9673689316747	22.797004995927452	47.8383825326464	46.37451553312922	290.56586106782476	-0.0	83.54605906528242	71.19405919897385
114.43095109027341	6.478058091525548	113.676534048143	22.801203344776766	45.99677565250726	46.520387276836985	260.5715521536017	-0.0	84.28572470049637	70.84231516395957
114.8898386671972	6.500126280247549	114.26803325611881	22.805737724693337	44.34418698245563	46.66750853498366	236.56391736073056	-0.0	84.91454787572081	70.49418170910111
115.27426516795084	6.522351063773473	114.78564063162194	22.810572963676815	42.85695104559699	46.81567375848982	209.70505065353322	-0.0	85.4448549799974	70.14945525811268
115.59561915579553	6.544704959319244	115.18685300775931	22.815677758695013	41.521715421728594	46.96469972879496	191.80446637985239	-0.0	85.88742509269738	69.80795361181603
115.84742818111647	6.567162749489971	115.53153003075107	22.821023958023066	40.321022675459744	47.114418329933144	168.61445232507774	-0.0	86.25052551407201	69.46951206795441
116.04454759826423	6.589700998439891	115.78898232773044	22.82658584650674	39.246968226158415	47.26467332293261	151.66039149376283	-0.0	86.54077935279255	69.13397957810461
116.19041415757023	6.61229799601221	115.96591437576637	22.83233980254175	38.28924880080975	47.41531997341474	142.14422380929565	-0.0	86.76425857026169	68.80121687620675
116.27487168742569	6.634933825860727	116.1136903215007	22.83826415396081	37.434801213136865	47.56622550573818	120.44219747766564	-0.0	86.92658007734101	68.47109566025392
116.3101129842614	6.657590317441347	116.20192840974808	22.84433900395773	36.67917458861386	47.71726878294231	98.67427074064692	-0.0	87.03248441239445	68.14349762074664
116.2849853512227	6.680250816995482	116.18524124977729	22.85054598765155	36.01172473657593	47.86833877996988	94.74686870861154	-0.0	87.08855496946468	67.8183131119735
116.22490925561974	6.7028998687756705	116.1542223517137	22.856869101797887	35.43403968285634	48.01933245850447	79.76102652011998	-0.0	87.09586637788483	67.49544545730933
116.14733322971004	6.725522944650428	116.10632904210668	22.86329012736974	34.94584628400222	48.17015296433619	60.74847227957819	-0.0	87.04894919685366	67.17478685048927
115.90995572679036	6.7481062955769096	115.71568216856765	22.86979525165967	34.500985153339045	48.3207086371794	132.2294227471458	-0.0	86.98344806825786	66.85625321418404
115.7933054207463	6.770636667104092	115.71482689241284	22.876375247867074	34.17783904389474	48.47091111402728	84.04205822093111	-0.0	86.8535556362889	66.53978492122395
115.71950208595577	6.793101347261265	115.67701577893729	22.88300132919911	33.95003787802685	48.62067564840844	61.83662047414186	-0.0	86.6505846865173	66.22522001060888
115.40162902978551	6.815489148251287	115.34668270273379	22.88966254317414	33.733099877300226	48.76992765500858	70.32189868494115	-0.0	86.44783186218	65.91249105324034
114.97801209346765	6.837789345804503	114.99833231420126	22.89635805762096	33.56548135967336	48.91859563869669	-0.0	-0.0	86.22943297974076	65.60158402850628
114.38034264102686	6.859990906439191	114.57081730140627	22.903074502502317	33.522933423557014	49.066606042927944	-0.0	-0.0	85.95100455891385	65.292419153634
112.85153467254841	6.8820829462454585	114.6436456968582	22.90978852181748	33.522933423557014	49.21388630830306	-0.0	-0.0	85.60912204209552	64.98486467289257
110.26892880276995	6.904051910721083	113.93997367197846	22.916495992903627	33.522933423557014	49.36034607147389	-0.0	-0.0	85.3003463539323	64.67889057095415
106.68280916524047	6.925886259813541	113.92114641096936	22.923198710722478	33.522933423557014	49.50590839875694	-0.0	-0.0	84.96576660463883	64.37449791941177
102.16299861635578	6.947586997849425	113.30698261721513	22.929894486358158	33.522933423557014	49.65057998566283	-0.0	-0.0	84.65475070754823	64.07166696974814
96.79749926279693	6.969154344775869	113.2114164578869	22.936585295371533	33.522933423557014	49.794362298505796	-0.0	-0.0	84.3265358830634	63.77039985605345
90.69077903332291	6.990586354656749	112.67134432592026	22.943268964518552	33.522933423557014	49.93724236437833	-0.0	-0.0	84.01452952167782	63.47067699022047
83.96173765598193	7.011886296343804	112.51430324911452	22.949947349990808	33.522933423557014	50.079241975625365	-0.0	-0.0	83.69154909345572	63.17249998358913
76.74139164367962	7.033054221683755	112.03356102086894	22.956618480227377	33.522933423557014	50.2203614778917	-0.0	-0.0	83.37951109828562	62.875850390776485
69.17032336224074	7.054089802799002	111.829013199965	22.963283965423226	33.522933423557014	50.36059868532668	-0.0	-0.0	83.06089717667874	62.58072862891766
61.39594384831549	7.074995659226193	111.39451562386952	22.9699421150966	33.522933423557014	50.49997106150796	-0.0	-0.0	82.74954758570777	62.28711781544791
53.569622671037784	7.095771546368864	111.15445919513131	22.976594250346917	33.522933423557014	50.63847697579243	-0.0	-0.0	82.43464923259906	61.99501694247133
45.84374071975385	7.116418004084001	110.75523077143119	22.98323897722977	33.522933423557014	50.776120027226675	-0.0	-0.0	82.12451336515052	61.704410772949096
38.368723301081374	7.136936933939266	110.48952868549114	22.98987733265096	33.522933423557014	50.91291289292844	-0.0	-0.0	81.81285217264785	61.41529689657143
31.290111311721382	7.157328155483315	110.11672567552952	22.996508199574766	33.522933423557014	51.048854369888765	-0.0	-0.0	81.50430295975957	61.127661619180145
24.745727512317806	7.177592655021193	109.83317787747995	23.003068848607654	33.522933423557014	51.18395103347462	-0.0	-0.0	81.19556659034333	61.44682716969759
18.862993075729115	7.197731763689214	109.47993484116742	23.00928299929484	33.522933423557014	51.3182117579281	-0.0	-0.0	80.88914735626793	62.49603868936822
13.756446657470281	7.217745525793045	109.18449753672839	23.014998397839854	33.522933423557014	51.4516368386203	-0.0	-0.0	80.58374948574475	63.87721459581976
9.525514292710412	7.237635085988819	108.84556861901748	23.020127700394987	33.522933423557014	51.584233906592125	-0.0	-0.0	80.28029237762682	65.4751624837457
6.311450743336195	7.212798571895904	108.54273653566516	23.024614351295583	33.88748983127321	51.418657145972695	-0.0	237.34835007849082	79.97847366015468	67.21309358166732
4.246603041137424	7.062347942770173	108.21426314136795	23.028424457648814	36.180525346234845	50.41565295180116	-0.0	419.5045367478722	79.67832356781834	69.0199942174836
3.1352139865341435	6.929874613385236	107.90724259090844	23.03154889052301	39.24662741631003	49.53249742256824	-0.0	486.99721680744057	79.38010787219856	70.81778346398275
3.075527235591692	6.819609967418849	107.58642500000853	23.034005617005395	42.51054471183384	48.797399782792326	-0.0	483.74080946225456	79.08337168657283	72.51349799274638
3.2340308078882276	6.726058525727333	107.2775413833278	23.035840818870067	45.680616157764554	48.17372350484889	-0.0	467.1741991644488	78.78862652932435	74.04635591471109
3.387045492076255	6.638217161021161	106.96241506605152	23.037108416042994	48.740909841525095	47.58811440680774	-0.0	450.7751427364386	78.49519091228902	75.41552084662608
3.5346054272437732	6.554521666212746	106.65322813235143	23.037861765304818	51.69210854487546	47.03014444141831	-0.0	434.44765500064653	78.20366854976957	76.62460900413329
3.676732727401038	6.474792206317482	106.34244086886622	23.03815266115784	54.534654548020754	46.498614708783215	-0.0	418.18502774762004	77.91333806620456	77.67759632815164
3.8134494886563144	6.398992038712023	106.0340234996079	23.038031770882135	57.268989773126286	45.993280258080155	-0.0	401.9905588175943	77.62480050678083	78.57891947864523
3.944779209033282	6.327097623999682	105.72668780974337	23.03754800216741	59.89558418066564	45.51398415999788	-0.0	385.869020440097	77.33737572130576	79.33360372725802
4.070747090374179	6.259085546796231	105.419689971859	23.036748660573394	62.41494180748358	45.06057031197488	-0.0	369.82584215597785	77.05160829007346	79.9474390522533
4.191380251892728	6.1949311009021155	105.11523357584237	23.035678863781754	64.82760503785454	44.632874006014106	-0.0	353.8671050876116	76.76689586895256	80.42721034613982
4.306707954356256	6.134607523618316	104.81009913361463	23.034381411715888	67.1341590871251	44.230716824122105	-0.0	337.9995903531227	76.48370463949853	80.78100154807039
4.416761858360845	6.078086160403658	104.50814137803597	23.03289611611641	69.3352371672169	43.85390773602439	-0.0	322.2309247692962	76.20152458874063	81.0185704300395
4.521576328786374	6.0253361165071775	104.20507010780283	23.03125933786201	71.43152657572746	43.502240776714515	-0.0	306.5697094178586	75.92074203216733	81.1517593818349
4.62118877152834	5.9763244083523235	103.90542470745827	23.029503140597114	73.42377543056679	43.17549605568216	-0.0	291.0257330572315	75.64093398380906	81.19479911291917
4.71564007218568	5.931014101117064	103.60461874065828	23.027654603467013	75.3128014437136	42.87342734078043	-0.0	275.610008541438	75.36242013812374	81.16419505100532
4.804975051995752	5.889365492358092	103.30708860488227	23.02573514776226	77.09950103991505	42.595769949053945	-0.0	260.33517342580933	75.08486239646261	81.07775256041501
4.889243042833976	5.851334907364148	103.00857898296913	23.023760460975367	78.78486085667951	42.342232715760986	-0.0	245.2157040915931	74.8085175613969	80.95261681597121
4.968498558141402	5.816874435211245	102.71313851726804	23.021741047561456	80.36997116282802	42.112496234741634	-0.0	230.26830506360446	74.53312608168106	80.80308007062358
5.042802096166286	5.785930943264023	102.41694500367984	23.01968341220025	81.8560419233257	41.90620628842682	-0.0	215.51230346225847	74.2588926672528	80.63940085317226
5.112221111416278	5.758444544607435	102.12354472270557	23.01759135289484	83.24442222832556	41.72296363071623	-0.0	200.9700589004424	73.98562018861618	80.4680548174455
5.17683112665547	5.734349264505625	101.82964115900623	23.015467038748127	84.5366225331094	41.5623284300375	-0.0	186.66784301436257	73.71346848435287	80.29276489149571
5.236717144384282	5.713570173578929	101.53828167930196	23.013311729588924	85.73434288768563	41.42380115719286	-0.0	172.63636443306328	73.44228623419998	80.11554772182708
5.291975296136152	5.696022385267545	101.24664851197484	23.01112619686594	86.83950592272303	41.30681590178364	-0.0	158.91174616972802	73.17219704572732	79.93745822140775
5.342714799927522	5.681610330392098	100.95732724901114	23.008910964271113	87.85429599855044	41.21073553594732	-0.0	145.53683607264506	72.90308401513525	79.75903766308153
5.389060408490134	5.670223366419747	100.66792149536809	23.006666420754737	88.78120816980268	41.13482244279832	-0.0	132.5620038721534	72.63504215431416	79.58056094099457
5.4311551984932205	5.661734300532663	100.38065630829622	23.004392895341372	89.6231039698644	41.078228670217754	-0.0	120.04663209547007	72.36797932094461	79.4021670041785
5.469163689165788	5.656000194517905	100.09344019469772	23.00209067599034	90.38327378331577	41.04000129678603	-0.0	108.06147132307268	72.10196968233512	79.2239259849928
5.503275926689502	5.652848855530562	99.80822018963067	22.9997600404065	91.06551853379004	41.01899237020375	-0.0	96.68664878134003	71.83693976530981	79.04587344892742
5.533710625878311	5.6520918696327955	99.523169770041	22.997401248497855	91.67421251756622	41.01394579755197	-0.0	86.0164387466447	71.5729468886313	78.86802755101316
5.560719380622001	5.6535074173088065	99.2399946900587	22.995014563071816	92.21438761244002	41.02338278205871	-0.0	76.15282196298	71.30993324972596	78.69039780527856
5.584588954812538	5.656843858409625	98.95706998298874	22.99260023436486	92.69177909625076	41.04562572273083	-0.0	67.2006806127582	71.04794268020979	78.51298933617822
5.6056407247133135	5.661828193989048	98.67591922585198	22.990158519469453	93.11281449426627	41.07885462659365	-0.0	59.259740378552046	70.7869299337751	78.33580514813968
5.624225085920241	5.668183044730618	98.39511311570905	22.987689663383698	93.48450171840481	41.12122029820412	-0.0	52.41538348279633	70.52692436663447	78.1588471091181
5.640714443537576	5.675597042037635	98.1160164999073	22.98519392015739	93.81428887075151	41.17064694691757	-0.0	46.692209267218644	70.26789477658113	77.98211660224224
5.655481769623163	5.683797943289994	97.8373221703585	22.982671530659367	94.10963539246326	41.225319621933295	-0.0	42.068525695309376	70.00985933214463	77.80561467494233
5.668880332093527	5.692557704708783	97.56018815475869	22.980122746091872	94.37760664187053	41.283718031391885	-0.0	38.46863382619026	69.75280032728382	77.62934229667493
5.681228255619654	5.701666880156319	97.2835725206493	22.977547803878185	94.62456511239309	41.34444586770879	-0.0	35.74092938832922	69.49672026425952	77.45330029902946
5.692790285798898	5.710986317723299	97.00842292297041	22.97494695237049	94.85580571597795	41.40657545148866	-0.0	33.72316704099854	69.24161381346636	77.2774895372012
5.703775493186374	5.720422291073185	96.73392295242459	22.97232042594166	95.07550986372748	41.4694819404879	-0.0	32.2556176181098	68.98747201696976	77.1019107753535
5.714342106982463	5.7299074091542845	96.4607016429961	22.969668469769726	95.28684213964925	41.532716061028566	-0.0	31.19024504134004	68.73430448824236	76.926564825689
5.724604283112481	5.739403039020995	96.18828119608318	22.966991315591798	95.49208566224962	41.596020260139966	-0.0	30.412534328498328	68.48208780697398	76.75145242398061
5.734642543061534	5.748884074690528	95.91699976881159	22.9642892050115	95.69285086123068	41.65922716460352	-0.0	29.834472122229517	68.23084184142695	76.57657435478899
5.7445123441916905	5.758335556255947	95.64665916268717	22.961562367517818	95.89024688383381	41.722237041706315	-0.0	29.393039210262323	67.9805343126325	76.40193133629319
5.7542513884586155	5.767748237645881	95.3772770274104	22.958811040990156	96.08502776917231	41.78498825097254	-0.0	29.043985163955792	67.73119547200794	76.22752412896588
5.763885067035275	5.777116367594551	95.10897258421167	22.95603545294559	96.2777013407055	41.84744245063034	-0.0	28.7568476185189	67.48278408051608	76.05335343703521
5.77343036537629	5.78643651515345	94.8414345648148	22.95323583727917	96.4686073075258	41.909576767689664	-0.0	28.511126969526536	67.23533901821483	75.87941999678338
5.782898649625813	5.79570642843805	94.57531792897618	22.950412420033764	96.65797299251625	41.971376189587005	-0.0	28.292864396607783	66.98880250984597	75.70572450174978
5.792297472677148	5.804925092819238	94.30959219318834	22.94756543031418	96.84594945354294	42.03283395212826	-0.0	28.093171036404396	66.74323557227899	75.53226765988403
5.801631927704072	5.814091774277881	94.04546804110414	22.944695093307605	97.03263855408144	42.093945161852545	-0.0	27.905920713408932	66.4985672582237	75.35905015725136
5.810905452892095	5.823206156735541	93.78164535999727	22.941801633642246	97.2181090578419	42.154707711570275	-0.0	27.727134547503173	66.25486007566151	75.18607267562193
5.820120406077152	5.832268132687393	93.51950582806505	22.938885275035442	97.40240812154303	42.21512088458262	-0.0	27.554181409362574	66.01204456365521	75.0133358906054
5.8292784304425505	5.841277779027407	93.25758947490127	22.935946237980474	97.585568608851	42.275185193516045	-0.0	27.385384542736027	65.77018148328695	74.84084045939251
5.838380709220415	5.850235230002316	92.99737660046507	22.932984744791995	97.76761418440829	42.33490153334878	-0.0	27.219616986079213	65.52920679360221	74.66858704747352
5.847428121452021	5.859140683463031	92.73733577127423	22.930001011623567	97.94856242904041	42.394271223086875	-0.0	27.05614765054601	65.28917328176546	74.49657628649243
5.856421348869489	5.867994370731895	92.47906105437741	22.926995259660668	98.12842697738976	42.4532958048793	-0.0	26.894495094728942	65.05002337074379	74.32480883358876
5.865360943808937	5.876796545338454	92.22094640943865	22.923967700859507	98.30721887617872	42.51197696892303	-0.0	26.734342999124497	64.81180286744502	74.15328529588483
5.874247369338724	5.885547510858621	91.9645409008543	22.920918555092875	98.48494738677446	42.570316739057475	-0.0	26.575530944716615	64.57446710355323	73.98200632033563
5.883081043313045	5.894247505255878	91.70828320764977	22.9178480299418	98.6616208662609	42.628316701705856	-0.0	26.41787030453139	64.338047317545	73.8109724891115
5.891862340951124	5.902896816487704	91.45371359997436	22.91475634408638	98.83724681902247	42.6859787765847	-0.0	26.261277977971105	64.10251058586297	73.64018444080277
5.9005916078008465	5.911495776137896	91.1994175609146	22.91164370136555	99.01183215601692	42.74330517425264	-0.0	26.105756473727702	63.86787291511362	73.46964273435059
5.909269185641112	5.920044625519757	90.94666955700811	22.908510318608478	99.18538371282224	42.800297503465046	-0.0	25.951204064845886	63.63412100533177	73.29934799681544
5.917895398383369	5.928543655247458	90.69428185937116	22.905356396436375	99.35790796766736	42.856957701649726	-0.0	25.79759783401568	63.401255267878206	73.12930076819495
5.926470559924716	5.936993172302336	90.4432857736048	22.902182148997884	99.5294111984943	42.91328781534891	-0.0	25.64494635598373	63.16927448467089	72.95950165844052
5.934994982704091	5.945393452115703	90.19283060859061	22.89898777478827	99.69989965408182	42.969289680771354	-0.0	25.49322141718774	62.93816581312435	72.78995119421813
5.943468974090812	5.953744774425179	89.9435980846174	22.895773484628247	99.86937948181622	43.024965162834526	-0.0	25.34240558624863	62.70794045954616	72.62064996587256
5.951892836927722	5.962047426501805	89.69504535554279	22.892539475242238	100.03785673855442	43.0803161766787	-0.0	25.19249587437061	62.478576236965004	72.45159848838688
5.960266871806637	5.970301689886714	89.44754371055627	22.88928595399574	100.20533743613274	43.13534459924476	-0.0	25.04348478157127	62.25009363340939	72.28279733169036
5.968591376308788	5.9785078485530905	89.20087813668874	22.886013115938113	100.37182752617575	43.19005232368727	-0.0	24.89537136234215	62.02246060746151	72.1142469997156
5.976862668588453	5.986695376035776	88.9551298439447	22.882721082639343	100.53725337176905	43.24463584023851	-0.0	24.790002328715136	61.79570519101632	71.94581798192607
5.98584442762623	6.0009421438208355	88.71033701215357	22.8794405827366	100.7168885525246	43.26323521522401	-0.0	30.71819106267262	61.56977290232132	71.4822596507153
5.997433272215279	6.021380979439942	88.46630761354069	22.876337088253177	100.94866544430556	43.14951258136159	-0.0	38.687616901813236	61.34457732783703	70.42588219154061
6.011564943025203	6.045041910106135	88.22334964048132	22.873585574350813	101.23129886050404	42.90136333546327	-0.0	45.74178005454372	61.11990604394842	68.88662290597124
6.0278739910532195	6.070603116311903	87.98104594440456	22.87132340667573	101.55747982106439	42.53955717740303	-0.0	51.677561171825275	60.895658097133385	66.99202591341633
6.045926756680951	6.0968076886955	87.73995576452319	22.869641342119866	101.91853513361902	42.09294142813851	-0.0	56.39200520383434	60.67168108664022	64.89949552756424
6.065284273415558	6.121911154610496	87.49936574421966	22.868575806826748	102.30568546831115	41.59086521275873	-0.0	59.49100835154522	60.448001710124146	62.782725031955295
6.085428028286358	6.145100914384394	87.26009622052534	22.86810650042834	102.70856056572717	41.06832782113312	-0.0	61.07008581234545	60.22456317637662	60.81373704416408
6.105840538944833	6.165606391308221	87.02121660966162	22.86815985872414	103.11681077889666	40.55728909594393	-0.0	61.117638801836236	60.0014634218212	59.145376283690176
6.126010262322168	6.182798354219891	86.78377397724975	22.86861775849444	103.52020524644335	40.08549111808146	-0.0	59.57563045077785	59.7787586483784	57.89688075471686
6.145418270341172	6.19648763589733	86.54663552594688	22.869330180733336	103.90836540682344	39.677352274895014	-0.0	56.49633038755582	59.556634371971384	57.14421304338746
6.163536731273457	6.206857114861286	86.31097473053967	22.870130129516802	104.27073462546913	39.35339106738332	-0.0	52.03387333496657	59.33518775429551	56.91586938398159
6.179851018663994	6.213845441636483	86.07555705357268	22.870849033476663	104.59702037327988	39.12713146165278	-0.0	46.09394142162889	59.114623109557165	57.193866048506834
6.194140457097473	6.216322472930099	85.84168115323965	22.871331160648385	104.88280914194945	39.0011995942184	-0.0	37.23407027896854	58.895048197641394	57.918566164956786
6.204922629848247	6.2186993548760965	85.6080148425115	22.87144614964679	105.09845259696493	39.004575260359005	-0.0	29.343573644677	58.67661739123719	58.994771601147896
6.2138833312999715	6.217130119668596	85.37582643326749	22.871100038590424	105.27766662599943	39.11624280316283	-0.0	14.245149105538665	58.4593902024547	60.29361661903886
6.590019412017978	6.220701569505474	85.14394323239934	22.870255311981904	105.29772938937313	39.38359908959974	-0.0	-0.0	58.24344845713397	61.53272630066142
7.837668649374926	6.214358012834333	84.91341949267768	22.86898220667359	105.29772938937313	39.71453882473557	-0.0	-0.0	58.02870643464067	62.6394442746574
9.954220773301723	6.203782072094288	84.6832735856943	22.86720789552826	105.29772938937313	40.12770273395461	-0.0	-0.0	57.815214479516804	64.18049701400552
12.929360735348217	6.190666486566164	84.45442065485479	22.86480462023409	105.29772938937313	40.61435973572542	-0.0	-0.0	57.60306896921567	66.06235151366789
16.748589146397887	6.17642888127371	84.22599245524587	22.86168142929854	105.29772938937313	41.158795462016414	-0.0	-0.0	57.39236976041107	68.16263579802535
21.39329293963859	6.162469005240534	83.99877733419618	22.857789603234195	105.29772938937313	41.73971470992698	-0.0	-0.0	57.183148540402094	70.34528869332726
26.840836081633974	6.1502879294953665	83.77203168366353	22.85312600490122	105.29772938937313	42.331473704405006	-0.0	-0.0	56.9754299289472	72.46724949043171
33.064669889361404	6.141551583537421	83.54644307206406	22.84773420348076	105.29772938937313	42.90587137135677	-0.0	-0.0	56.76917796607569	74.38562601171564
40.03446241564322	6.137765311041122	83.32137564128975	22.84170319153957	105.29772938937313	43.432451643393684	-0.0	-0.0	56.56430567843666	75.96508697500339
47.716246272305426	6.140303228648507	83.09735937662973	22.83516372641099	105.29772938937313	43.8818936443177	-0.0	-0.0	56.3607025138924	77.08519110089331
56.07258417077793	6.15001904424975	82.87396849115284	22.828282319411155	105.29772938937313	44.227271687824235	-0.0	-0.0	56.15820721830912	77.64732035464242
65.0627513732545	6.16738336154456	82.65150551907277	22.821253118154676	105.29772938937313	44.44872487265761	-0.0	-0.0	55.956649275512284	77.58084012144049
74.64293416540033	6.1843369358108635	82.42975758981994	22.81425874160113	105.29772938937313	44.56224623873909	-0.0	-0.0	55.75583579929718	77.13859432416139
84.61428266113361	6.197975973029609	84.40226733596754	22.807343142527674	105.10827383711688	44.65317315353073	138.13536572850208	-0.0	55.557377510461876	76.69729885379832
93.29397642609338	6.211900964511156	89.95631264288905	22.800563207761275	102.98824056760715	44.746006430074374	548.0782247894822	-0.0	55.96759253456552	76.25903285020068
99.03717126112895	6.2265786393602	89.95377362164648	22.794361382950164	97.9717088867743	44.84385759573467	904.1602665199474	-0.0	58.27248279289732	75.8261039812263
102.55691272938377	6.242077455444819	92.12512596103099	22.78924931584082	91.6150626818295	44.947183036298796	968.9483005567171	-0.0	61.573094178222014	75.40116930818198
104.95125856964229	6.258396664171083	95.31394268551017	22.785367409636116	85.25955373960701	45.055977761140554	931.3207984211944	-0.0	64.92159966295088	74.98492316834019
106.58578599136112	6.275510864956181	98.24300643405121	22.782682588669953	79.25267520055279	45.170072433041206	866.5161049616399	-0.0	68.09165360001745	74.5771461600254
107.71394054568181	6.293378894279731	100.9015086837132	22.781117948677917	73.74506829805392	45.28919262853154	783.0190722946501	-0.0	70.98878730074287	74.17739005247606
108.58118655424921	6.3119477137442805	103.26643658036372	22.78057137804772	68.82647826742682	45.4129847582952	691.6122451559795	-0.0	73.55334177939554	73.78507667246343
109.37246195810357	6.3311556182317705	105.33591906037847	22.780928214819998	64.51647711996603	45.54103745487847	602.7344861506258	-0.0	75.76621236597238	73.39956503196291
110.18268606429636	6.350935484740125	107.1565874796242	22.78207375475951	60.77267959476083	45.672903231600834	521.8705515934904	-0.0	77.64351668906575	73.02021731302415
111.03011036139488	6.371218134703015	108.72192012386257	22.783903317302386	57.51838631051036	45.8081208980201	455.7818791679931	-0.0	79.22764372326364	72.64645168321607
111.86855678644739	6.391935651042653	110.06935784033959	22.786328372755232	54.659883551195506	45.94623767361769	402.40266543563234	-0.0	80.57176494701608	72.27777415436977
112.64869917008336	6.413024343209394	111.19773508611941	22.78927749767492	52.120055862704234	46.0868289547293	361.3679116312844	-0.0	81.72461660075642	71.91378312462754
113.33695836340097	6.434426974842121	112.16505930364362	22.79269303503132	49.842807383053156	46.229513165614144	324.762860219825	-0.0	82.72059060253687	71.55415135419206
113.93422157243012	6.4560939152815235	113.00279287015871	22.79652623453474	47.795986813341564	46.37395943521016	289.53166183411855	-0.0	83.58025673768492	71.19860006524416
114.45803015676174	6.47798308320011	113.70892634864514	22.800733758004665	45.959113722462085	46.519887221334066	259.65234974961055	-0.0	84.31709541091061	70.84688034822348
114.9143675648202	6.500058873149175	114.30197178408396	22.805276433573656	44.31039587353895	46.66705915432784	234.76716181412857	-0.0	84.94338593470599	70.49876646991518
115.29895324085331	6.522290549584527	114.80861572812445	22.810119185793443	42.82759942606448	46.815270330563514	210.07231170622447	-0.0	85.47144362702986	70.15405538575112
115.61817547116647	6.54465069356923	115.20993912693541	22.815230795845952	41.49556167938793	46.9643379571282	191.68012672365148	-0.0	85.91198672312252	69.8125653606782
115.86812699342833	6.567114133005647	115.5542873248489	22.820583176327975	40.29784652137407	47.11409422003764	168.06418467998768	-0.0	86.27322922775343	69.47413204970913
116.06272251500074	6.589657472151974	115.8147221316004	22.82615066348648	39.226270714658575	47.26438314767983	149.3989106587811	-0.0	86.56177092774908	69.1386046920123
116.20359017528783	6.612259042478775	116.0047062830207	22.831909682907703	38.27000328294833	47.415060283191835	133.78920099934078	-0.0	86.78367630916367	68.80584428552304
116.29180067915502	6.634898970222053	116.13046072639268	22.837838605850603	37.41961872695183	47.56599313481369	120.50143463299499	-0.0	86.94454937590194	68.47572277107722
116.34356147709731	6.657559123956516	116.22023701401773	22.843917419901018	36.671751893523236	47.71706082637677	105.35274878788185	-0.0	87.0469299884966	68.14812124439732
116.32874151608286	6.680222881846109	116.22947891411629	22.85012677684448	36.009822657114775	47.868152545640726	94.51790400231846	-0.0	87.09808915188405	67.82292491502653
116.24709915468031	6.702874812460038	116.17703065968139	22.85645135481221	35.4279100512003	48.019165416400256	79.41136285131297	-0.0	87.10638811020634	67.50004073234142
116.1459961590679	6.725500406887799	116.08623147136089	22.862875304441356	34.93498927220474	48.17000271258533	73.34045195955268	-0.0	87.06498341941266	67.1793733530869
116.04542964492238	6.748085935400685	115.99697988003197	22.869381779004243	34.53220799062387	48.32057290267123	66.03392188971218	-0.0	86.97294957290976	66.86082270442013
115.90335889385699	6.770618402435252	115.880303067582	22.87595303561562	34.20348007775019	48.47078934956835	45.5524353327958	-0.0	86.83323341258198	66.54428453639916
115.63815636956326	6.7930855186338315	115.62747950631615	22.882577503279165	33.922552540084126	48.620570124225544	30.99867242706005	-0.0	86.67044018074988	66.22968756266914
115.33040560326702	6.815475620409045	115.31667167397663	22.88924638729365	33.7105977805663	48.769837469393636	35.15755446750579	-0.0	86.47553330517343	65.91697541805632
115.02058011072515	6.837777347873834	115.07383132647143	22.895945674327837	33.57748713792749	48.918515652492225	-0.0	-0.0	86.23309886548124	65.60606463421365
114.39717253430295	6.859979542530396	114.56287397011594	22.902660297877393	33.534962203145334	49.066530283535975	-0.0	-0.0	85.9508492650126	65.29686667180637
112.84099452526127	6.882071889636704	114.64682193328726	22.909374194854774	33.534962203145334	49.21381259757803	-0.0	-0.0	85.6132906614732	64.98928820223553
110.23163954703426	6.904041641048457	113.94662447007721	22.916080403531403	33.534962203145334	49.36027760698972	-0.0	-0.0	85.30051144282939	64.68328424558838
106.61991254657332	6.92587654292323	113.9138304315886	22.922782783695812	33.534962203145334	49.505843619488196	-0.0	-0.0	84.96965090873785	64.3788667571768
102.07613496352798	6.947577649795095	113.32081991405524	22.92947750659446	33.534962203145334	49.65051766530063	-0.0	-0.0	84.6552004437692	64.07600734105799
96.68877555013648	6.969145701230271	113.19944219303467	22.936167828667365	33.534962203145334	49.79430467486848	-0.0	-0.0	84.33009608540242	63.77471488618018
90.56272785726412	6.990578176472614	112.68780828458692	22.94285059049614	33.534962203145334	49.93718784315076	-0.0	-0.0	84.01527533243426	63.47496460027358
83.81726792465851	7.011878567380766	112.50118136146897	22.949528393925373	33.534962203145334	50.07919044920511	-0.0	-0.0	83.69479355134493	63.17676202971484
76.58373193954426	7.03304713388408	112.050034612463	22.956198716205805	33.534962203145334	50.220314225893866	-0.0	-0.0	83.3805296697008	62.8800858171019
69.00295908058725	7.054083153144081	111.81666398941223	22.96286356253872	33.534962203145334	50.360554354293875	-0.0	-0.0	83.06385973069143	62.58493846653966
61.22254933557397	7.0749895078054665	111.40959064598327	22.96952097105937	33.534962203145334	50.49993005203645	-0.0	-0.0	82.75080001141832	62.291301658498405
53.39398968409955	7.095765976656746	111.14383263217987	22.976172437311735	33.534962203145334	50.638439844378304	-0.0	-0.0	82.4373719496053	61.99917530903481
45.66970459927718	7.116412870951232	110.76832404602865	22.982816467735436	33.534962203145334	50.77608580634155	-0.0	-0.0	82.12595596249548	61.70854365016533
38.20008829624218	7.1369323195707315	110.48095968733514	22.989454141800277	33.534962203145334	50.912882130471544	-0.0	-0.0	81.81537880565263	61.41940449966619
31.130576510322665	7.157324075067487	110.12772760594659	22.996084342190912	33.534962203145334	51.048827167116585	-0.0	-0.0	81.505893339649	61.131744156843936
24.59881481839078	7.177589019803823	109.82664677459674	23.00264376676295	33.534962203145334	51.183926798692156	-0.0	-0.0	81.19793659705878	61.463275598018015
18.731978636962126	7.197728648342497	109.4889515488563	23.008850957090768	33.534962203145334	51.31819098894998	-0.0	-0.0	80.89085385789103	62.52521825583702
13.644297077618132	7.2177429100883375	109.17979565916531	23.014556158892322	33.534962203145334	51.45161940058892	-0.0	-0.0	80.58601057363377	63.9140941660116
9.434828870911995	7.2376329251513365	108.85287765770524	23.01967325612615	33.534962203145334	51.58421950100891	-0.0	-0.0	80.28209668971432	65.51711364912435
6.248929781715621	7.209088025409544	108.53957187475251	23.02414635050955	33.93272075278238	51.393920169396964	-0.0	244.96916179566404	79.98066363679986	67.25808617374534
4.207142007485266	7.058637140409064	108.22013032780612	23.027942270530655	36.25529003614064	50.39091426939376	-0.0	422.15926592666113	79.68020714935459	69.06605397614182
3.1214361503242753	6.926618338819305	107.90533285439781	23.031052482483815	39.332249042991414	49.51078892546204	-0.0	487.671904850935	79.38225116998574	70.86270733521364
3.079770175788252	6.816962443799015	107.59114300118144	23.033495801631986	42.595403515765035	48.779749625326765	-0.0	483.2954756157693	79.08531482752757	72.55490080233332
3.238127080967332	6.723627032581384	107.27661221503776	23.0353188289112	45.762541619346635	48.15751355054256	-0.0	466.7373425984665	78.7907388374015	74.08380236637684
3.390996575830285	6.635905589048498	106.9662443580859	23.036575556954066	48.8199315166057	47.57270392698999	-0.0	450.3407746652953	78.4971751072143	75.44909472083319
3.5384120218790116	6.5523194543899015	106.65304490541891	23.037319254640725	51.768240437580225	47.01546302926601	-0.0	434.0152238481164	78.20575726855232	76.65440151819249
3.6803954825518255	6.472697689697253	106.34561891903991	23.037601738515697	54.60790965103651	46.484651264648356	-0.0	417.75457860637414	77.91534697740518	77.70370876971029
3.816969084821177	6.397004545188112	106.03437885094809	23.037473592183257	57.33938169642354	45.98003030125408	-0.0	401.56221967826286	77.62687025252602	78.6014653699395
3.948156372464183	6.325216465527977	105.7293476739674	23.03698372696237	59.96312744928366	45.50144310351985	-0.0	385.4429345785017	77.33939843744814	79.35271291768738
4.0739825974592065	6.257309985111916	105.42046014275444	23.036179364124454	62.47965194918414	45.04873323407944	-0.0	369.4021680070304	77.05366095098343	79.96326209079758
4.194474935792453	6.1932603323229145	105.11752370412245	23.0351056015705	64.88949871584906	44.62173554881943	-0.0	353.44601749511037	76.7689224164174	80.4399252314004
4.309662710442874	6.133040745506347	104.81113991349466	23.033805145966898	67.19325420885747	44.22027163670898	-0.0	337.58128975324905	76.48574142432544	80.79082152926425
4.419577651070666	6.076622568802777	104.51015935762274	23.03231775813459	69.39155302141333	43.84415045868518	-0.0	321.8156418794104	76.20354776531583	81.02575390914193
4.524254200780309	6.023974903850498	104.20633741150756	23.03067968360962	71.48508401560618	43.49316602566999	-0.0	306.1577108973198	75.92276101980278	81.15661891626581
4.623729863667892	5.9750641397992466	103.90725733252599	23.02892289418242	73.47459727335783	43.16709426532831	-0.0	290.61726077129293	75.64294854964987	81.19770573734155
4.718045618694896	5.929853754520341	103.60597372939634	23.027074322956622	75.36091237389792	42.86569169680227	-0.0	275.20539327762145	75.36442321606737	81.16556561726752
4.807246403029895	5.888303917410977	103.30880421197314	23.025155267476556	77.1449280605979	42.58869278273985	-0.0	259.93478922379285	75.0868632138433	81.0780136739547
4.89138167767219	5.850370966645211	103.0100163831568	23.02318126915468	78.8276335534438	42.335806444301404	-0.0	244.81999624379904	74.81050377621754	80.9521501070379
4.970506108517279	5.816006772664843	102.71475372817929	23.021162732885568	80.41012217034557	42.10671181776562	-0.0	229.8777751528467	74.53511160038886	80.80217852000307
5.044680382465124	5.785157436771335	102.41841781589206	23.01910607517912	81.89360764930248	41.90104957847557	-0.0	215.12744105329338	74.26086229344813	80.63825929855909
5.11397213529691	5.757763872582935	102.12510117046757	23.017015051864867	83.2794427059382	41.71842581721957	-0.0	200.59158402180432	73.98758920849228	80.46678891224946
5.178457135112307	5.7337594400909895	101.83114467606597	23.01489179698055	84.56914270224614	41.55839626727327	-0.0	186.29652187082735	73.71542136270736	80.29143857489646
5.23822067411289	5.7130685067155165	101.53979801910802	23.012737560497246	85.7644134822578	41.42045671143678	-0.0	172.27300873225656	73.44423850331256	80.1141948096544
5.293359165393036	5.695607353749809	101.24815955157848	23.010553101137507	86.86718330786071	41.304049024998726	-0.0	158.5575976492401	73.17413375015968	79.93609605174916
5.343982281944569	5.681277665215905	100.95881119685305	23.008338942443526	87.87964563889138	41.208517768106034	-0.0	145.19284229760962	72.90501960598482	79.75767508079952
5.390215158656669	5.6699705482238825	100.66943293608068	23.006095467945734	88.80430317313338	41.133136988159215	-0.0	132.22976914428483	72.63696231288696	79.57920234813997
5.432201403047594	5.6615581363852145	100.38211832794705	23.003823008586135	89.64402806095187	41.077054242568096	-0.0	119.72800772418002	72.36989827552857	79.40081460064484
5.47010624556701	5.655894661379538	100.09494025453073	23.00152184922876	90.4021249113402	41.03929774253025	-0.0	107.75795092837932	72.10387398269955	79.22258084339167
5.504120169596394	5.65281348451076	99.80965869494564	22.99919226962208	91.08240339192788	41.01875656340506	-0.0	96.40193038600337	71.8388424401187	79.04453608638829
5.534463180008884	5.652115532154009	99.52465731459729	22.996834527615167	91.68926360017767	41.014103547693395	-0.0	85.75122161853044	71.57483575641876	78.86669819800194
5.561387434992146	5.653585128640311	99.24139444027013	22.99444888756343	92.22774869984292	41.02390085760208	-0.0	75.91018280185027	71.31182048394858	78.68907655873295
5.5851803291774	5.656973649119474	98.95855495036281	22.992035598471357	92.703606583548	41.04649099412983	-0.0	66.9856887430415	71.04981564536014	78.51167621683337
5.606164487762885	5.662000822878423	98.6773159956453	22.989594918254614	93.12328975525769	41.080005485856155	-0.0	59.07428327725304	70.78879958345102	78.33450014733809
5.624691791289718	5.66838007516437	98.39661340085821	22.98712709165874	93.49383582579435	41.122533834429134	-0.0	52.25435620276803	70.52878116498013	78.15755020000229
5.641132932166294	5.675823473926691	98.11736809768682	22.98463237247669	93.82265864332588	41.17215649284461	-0.0	46.56349278162888	70.26974957820669	77.98082774736464
5.655861430663984	5.684048850797941	97.8387700461112	22.982111002258495	94.11722861327968	41.22699233865294	-0.0	41.97277401330901	70.01170273555714	77.80433383671058
5.669231587025668	5.692812316654437	97.56152342490248	22.979563231307278	94.38463174051336	41.28541544436291	-0.0	38.390045608178895	69.75463901325597	77.62806943123134
5.6815572756414765	5.7019341186291035	97.28505284676085	22.97698929819232	94.63114551282953	41.346227457527355	-0.0	35.68686994857754	69.49854566531522	77.45203536686653
5.693103746923479	5.7112581532040165	97.00973055010844	22.974389450076238	94.86207493846958	41.40838768802678	-0.0	33.68457202538836	69.24343742783387	77.27623249257205
5.704078065635854	5.7206970217812305	96.73537005559159	22.971763922766858	95.08156131271707	41.47131347854154	-0.0	32.22863259721126	68.98928397733346	77.10066157983881
5.714637171343518	5.730184258029772	96.46201006990785	22.969112959751506	95.29274342687036	41.53456172019848	-0.0	31.17198931558425	68.73611201511282	76.92532343190754
5.724894316013468	5.739680887116143	96.18972899314986	22.966436794663963	95.49788632026934	41.597872580774286	-0.0	30.400011413109844	68.48388392759247	76.75021879462075
5.7349291776235995	5.7491628413239155	95.91829897010231	22.963735667128606	95.69858355247199	41.661085608826106	-0.0	29.82622975284923	68.23263329210157	76.57534844202821
5.744796727205706	5.758614923214669	95.6480600085919	22.96100980883457	95.89593454411413	41.72409948809779	-0.0	29.387705772315	67.98231680980639	76.40071310403066
5.754534298594812	5.768027930361209	95.37854733240212	22.958259455481784	96.09068597189622	41.78685286907473	-0.0	29.040523159885826	67.73297272060299	76.22631352978176
5.764167026629044	5.777396171973893	95.11039338632749	22.95548483685899	96.28334053258088	41.84930781315929	-0.0	28.75450545658995	67.48455056450973	76.05215043560284
5.773711705215961	5.786716400013719	94.84277597910344	22.95268618450036	96.47423410431921	41.91144266675813	-0.0	28.50953217539536	67.23709730260833	75.87822454529537
5.783179573326626	5.795986481511615	94.5766263408129	22.949863726708546	96.66359146653251	41.973243210077435	-0.0	28.291902756120944	66.99055784199366	75.7045365642703
5.7925781343616904	5.805205210744831	94.31091787335062	22.947017690838713	96.85156268723381	42.034701404965546	-0.0	28.092566168762588	66.74497978700968	75.53108719151597
5.801912424500421	5.814371916334306	94.0467749790831	22.944148303516975	97.03824849000841	42.09581277556204	-0.0	27.90552346073769	66.50030710214132	75.35787712082258
5.811185845560312	5.823486315162601	93.78297533400719	22.941255788099234	97.22371691120622	42.15657543441734	-0.0	27.726870543627502	66.25658870262652	75.18490702729257
5.820400732176356	5.832548316497484	93.52077942722498	22.938340369627564	97.40801464352711	42.2169887766499	-0.0	27.55402003466107	66.0137709568856	75.01217759350202
5.829558714852452	5.841557989614439	93.25888185345667	22.935402267246623	97.59117429704904	42.27705326409626	-0.0	27.38530030188049	65.77189658152814	74.83968946952051
5.838660970239323	5.850515451823033	92.99864627633275	22.932441704622264	97.77321940478645	42.33676967882022	-0.0	27.21957198381143	65.53091733241148	74.66744332827318
5.847708370992873	5.859420905609319	92.73865029256996	22.92945889693922	97.95416741985746	42.3961393707288	-0.0	27.056116009654815	65.29087308749632	74.49543979650291
5.856701593999036	5.868274590565942	92.48028590071053	22.926454066080705	98.13403187998071	42.455163937106285	-0.0	26.894465702661844	65.05172152312947	74.32367953485814
5.8656411837296885	5.87707680092175	92.22221529799427	22.923427423359563	98.31282367459376	42.51384533947834	-0.0	26.734361307198764	64.81348990953423	74.15216314674586
5.874527612358673	5.885827760766397	91.96574966630905	22.92037918922275	98.49055224717345	42.57218507177598	-0.0	26.57553904406814	64.57614972085152	73.98089128322844
5.883361290284417	5.894527756171761	91.70958978998833	22.917309571248403	98.66722580568833	42.630185041145076	-0.0	26.417874970538467	64.3397187447609	73.80986452582421
5.892142589963143	5.903177090672004	91.45492583514232	22.91421878757616	98.84285179926286	42.687847271146694	-0.0	26.261307932084925	64.10417757731425	73.63908351031475
5.900871863337537	5.911776045579183	91.20070391683555	22.91110704314263	99.01743726675073	42.745173637194554	-0.0	26.105773118275245	63.869531987774955	73.46854880199923
5.909549447159671	5.9203248973815885	90.94785409493196	22.90797455317176	99.19098894319342	42.802165982543926	-0.0	25.951216520036784	63.63577397585549	73.29826101916258
5.918175665568276	5.92882393372972	90.69554967720283	22.904821520264687	99.36351331136551	42.8588262248648	-0.0	25.79761151909699	63.40290027255178	73.1282207123979
5.926750832620841	5.937273459555977	90.44446803321681	22.90164815668885	99.53501665241681	42.915156397039844	-0.0	25.644964095236766	63.170913385303606	72.95842848182095
5.935275261258243	5.945673746207528	90.194072154022	22.89845466267953	99.70550522516486	42.971158308050185	-0.0	25.493240463508947	62.939797401170225	72.78888486338488
5.94374925857403	5.954025075072207	89.9447755245764	22.89524124753253	99.8749851714806	43.02683383381471	-0.0	25.342425518013094	62.70956557226376	72.6195904394583
5.952173126307208	5.962327741162251	89.69628586587562	22.892008109354855	100.04346252614415	43.08218494108167	-0.0	25.19252723408575	62.48019317317289	72.45054573233554
5.9605471689939264	5.970581997598528	89.4486856939941	22.888755454326247	100.21094337987853	43.13721331732352	-0.0	25.04349791438129	62.251706305361296	72.2817513059583
5.968871679411063	5.978788162732972	89.20211548233529	22.885483478692993	100.37743358822125	43.19192108488648	-0.0	24.89538526754155	62.02406369848234	72.11320767042662
5.9771469561049315	5.9869464966965475	88.95626982196562	22.882192385101103	100.54293912209863	43.246309977976985	-0.0	24.7481572440455	61.79730386222756	71.94491536890649
5.986113515031597	6.001804292807025	88.71160996374795	22.878915158781677	100.72227030063195	43.264800219554935	-0.0	31.315708693309354	61.571359049335044	71.4658092477694
5.9978014753130156	6.022154066192501	88.46736800153313	22.87581975483582	100.95602950626031	43.14630253728565	-0.0	39.01329170895259	61.3461551974542	70.39616987896983
6.011998539068813	6.045905889449163	88.22461372826903	22.873080196874735	101.23997078137624	42.89517888589269	-0.0	46.0348715515951	61.121458691004655	68.8465098586973
6.028365868960417	6.071443369227085	87.98212462791982	22.87083278516017	101.56731737920835	42.530498762720654	-0.0	51.88779978633432	60.89719782204039	66.94517440309649
6.046474945088491	6.097424488575562	87.74117477261619	22.869166982038074	101.92949890176982	42.080742342271606	-0.0	56.43001389280325	60.67320887270496	64.85015291567329
6.065853483260599	6.122616007440527	87.50043816804576	22.86811779355391	102.31706966521197	41.57851704012445	-0.0	59.562217564874906	60.449502217824296	62.735297322361426
6.086012008227367	6.145763800941877	87.26127124869964	22.867663522922513	102.72024016454735	41.05597825761356	-0.0	61.11044955371252	60.226038396092434	60.77233290989993
6.106427305192694	6.166190101934628	87.02230615544494	22.86772937150798	103.12854610385388	40.545568183951104	-0.0	61.1160764150552	60.00292389803076	59.11340134407437
6.126584016968004	6.183329567840665	86.78493153120917	22.868196271239945	103.53168033936008	40.07526728917312	-0.0	59.55331165889341	59.78020679346294	57.87673652717675
6.145973103699244	6.196863090524117	86.5477240198098	22.86891360756816	103.91946207398487	39.66859113273647	-0.0	56.397022763214316	59.55807193032446	57.13712856569177
6.1641324170505385	6.20645359624501	86.31209066588598	22.86971418332483	104.28264834101076	39.34300595171654	-0.0	51.43027998810082	59.336627683136584	56.92187221960667
6.1803150648252085	6.21405067425915	86.07665528539077	22.870429603888393	104.60630129650417	39.123226034210376	-0.0	45.91814009322841	59.116049457451524	57.211870021207815
6.194320719411657	6.217692487687622	85.84278458012669	22.870904653791868	104.88641438823313	39.00697805692815	-0.0	38.2195698202877	58.89647311353737	57.94652772589629
6.204647663763506	6.221081810943174	85.60911454417074	22.871009770389257	105.0929532752701	39.01924661311529	-0.0	32.04893443984121	58.678047218509015	59.02982792454775
6.21316912271997	6.217977157170603	85.37691075630974	22.870652055507673	105.26338245439939	39.12562786932961	-0.0	17.33499792802331	58.4608270532843	60.33187940524352
6.609362413932071	6.222339318517527	85.14503586102775	22.869796158407734	105.27540451994274	39.400577312891684	-0.0	-0.0	58.24489318983453	61.547216564858516
7.878554312189821	6.215130295126595	84.91447006442156	22.868521355412852	105.27540451994274	39.72954732685191	-0.0	-0.0	58.03015374493256	62.65219334216479
10.016256719090002	6.204515904376412	84.68436720665801	22.86674154224559	105.27540451994274	40.14503205109407	-0.0	-0.0	57.81664803038617	64.20404658897571
13.012051509964703	6.191347005218121	84.45546175438874	22.864329685825687	105.27540451994274	40.63341369704756	-0.0	-0.0	57.60451201874122	66.09394310630496
16.851338634073656	6.177117401143528	84.22708510548263	22.861195812688553	105.27540451994274	41.17927764396648	-0.0	-0.0	57.3938109804456	68.19904617569438
21.51540726816383	6.163132745589773	83.99978871278732	22.85729230657453	105.27540451994274	41.760620508647655	-0.0	-0.0	57.18460292568832	70.38298826654196
26.981527003967155	6.151020135896822	83.77312712811624	22.852617205103385	105.27540451994274	42.35244544342785	-0.0	-0.0	56.97688411245526	72.50257789772286
33.22305862515558	6.142385385894071	83.54743867852856	22.84721526373148	105.27540451994274	42.92611558039357	-0.0	-0.0	56.77064020148429	74.4149787495888
40.20958393397168	6.1387247430175576	83.32248831421931	22.841176611954754	105.27540451994274	43.451112430115536	-0.0	-0.0	56.56576433819499	75.98510617556614
47.90705399479647	6.1414488922297785	83.09832685242867	22.83463303259347	105.27540451994274	43.89844359574716	-0.0	-0.0	56.36216719953065	77.09295246907047
56.27795507210214	6.151354210250243	82.8750536368879	22.82775189321896	105.27540451994274	44.24099834720664	-0.0	-0.0	56.159662137628764	77.64050702730914
65.28149145423228	6.16891392010796	82.65247642975613	22.820727967834536	105.27540451994274	44.45921088459945	-0.0	-0.0	55.958099293133195	77.55789300058936
74.87378427190619	6.185684386409758	82.43081756669163	22.813741806677637	105.27540451994274	44.57122924273172	-0.0	-0.0	55.75726955812892	77.11479809890257
84.83855307700155	6.199310968061148	84.61366980574526	22.806834397886856	105.06497185152195	44.662073120407655	142.26557704893332	-0.0	55.55944272697657	76.67367055711131
93.46396103095644	6.213249853393867	89.99121882760872	22.800067100934733	102.88319787376675	44.75499902262578	559.0588504811411	-0.0	56.00375952743453	76.2355949732153
99.13887860763037	6.22794494674557	89.97240125429322	22.79389173281617	97.81366848187733	44.85296631163713	908.2857269605993	-0.0	58.34710522387087	75.80292806684164
102.62203436921547	6.24346147707143	92.20080041118734	22.78881319212291	91.44823167659497	44.95640984714287	968.458081809704	-0.0	61.65498266093572	75.37829106814792
104.99455622033933	6.259797867276623	95.38649231415103	22.784964872192614	85.09969279218062	45.06531911517749	929.9063133224483	-0.0	65.0001787426076	74.96234134637682
106.61346891704919	6.276928270071668	98.30811125660766	22.782311976411783	79.10424180700353	45.17952180047779	864.5705231152273	-0.0	68.1641801415367	74.554850478243
107.73267584261194	6.294811192712544	100.95783423902182	22.780776855771137	73.61116505990319	45.29874128475029	780.8557769032069	-0.0	71.05334661820528	74.15536637810384
108.59663685482687	6.313393349133608	103.31234248224956	22.780256941078637	68.70843806719961	45.422622327557384	689.6277934741013	-0.0	73.6090006020119	73.76330854572375
109.38599865071731	6.332612866558931	105.38495146145428	22.780637442587476	64.4125828598622	45.55075244372621	600.0785340550627	-0.0	75.81285572290038	73.37803540950644
110.19931958284505	6.352402538299577	107.18691756001407	22.781803795851946	60.68344459561845	45.68268358866385	520.6881812128911	-0.0	77.68220569991846	72.998909975293
111.04581184039748	6.372693187548566	108.75479547369399	22.783651691700808	57.439595995425535	45.817954583657105	454.083112440128	-0.0	79.25953694255685	72.62535244570078
111.88484207631303	6.3934169799450515	110.08810425704377	22.786093039633048	54.59079409843145	45.95611319963368	402.1273476577216	-0.0	80.59827309380032	72.25687121256365
112.65974022953137	6.41451037443561	111.22930706085981	22.78905682287527	52.05674057285716	46.09673582957073	358.8021532550216	-0.0	81.74676503205441	71.89306687052371
113.34563131480587	6.435916327003472	112.1923873736089	22.792485667607142	49.78575308913048	46.23944218002315	322.16758792238534	-0.0	82.739080329869	71.53361371658922
113.94439053250142	6.457585411629985	113.00856411472648	22.796330995366258	47.74603321725509	46.3839027441999	290.21436490936145	-0.0	83.59549258126502	71.17823391707529
114.46690933253524	6.479475734112167	113.70979913260662	22.800549581879185	45.91436908936471	46.52983822741445	261.0362388511903	-0.0	84.3293780326768	70.82667919771795
114.91791034566182	6.501551838167793	114.31750710638332	22.805102358993647	44.26874373198735	46.67701225445195	232.4570746074758	-0.0	84.95302953064399	70.47872440382791
115.30451358695068	6.523783093905281	114.80447129598318	22.809954354839242	42.79135281808042	46.825220626035204	212.14100543524103	-0.0	85.47875513372688	70.13416706558331
115.61658133205478	6.546142152938913	115.22793685853858	22.81507444090725	41.460972503205795	46.97428101959275	187.0240696179438	-0.0	85.91720139334299	69.79282594997582
115.87180909972086	6.568603894180434	115.54106116600548	22.820434599142377	40.26893581293794	47.124025961202896	172.53206668438415	-0.0	86.27653338853847	69.4545371013972
116.06577855017444	6.591144967447258	115.79697352929324	22.82600922202392	39.20063054363379	47.27429978298172	155.5392293902354	-0.0	86.56332196478776	69.1191500775285
116.20479702899941	6.613743751229167	115.98784430051471	22.831774786817405	38.24696055290367	47.424958341527784	139.7345539357497	-0.0	86.78362472407709	68.78652616925707
116.28785981159972	6.636380419484228	116.12791173608453	22.83770971260046	37.397913152476	47.57586946322819	119.98052673816275	-0.0	86.94303177702227	68.4565375885617
116.32362105517059	6.659036884526319	116.19999921657694	22.84379412305381	36.64788244257683	47.7269125635088	105.47969223233667	-0.0	87.04609557991046	68.12906616556633
116.30124543229833	6.681696560439387	116.21611533241582	22.850009712345884	35.986351026139275	47.877977069595914	87.53118866681451	-0.0	87.09809890047934	67.80400259531135
116.23795477346275	6.704344043603169	116.16903735989774	22.856339929317677	35.41247713887088	48.02896029068779	78.7563789216487	-0.0	87.10250919474598	67.48124735661645
116.15961969067189	6.726964847543259	116.06976257540165	22.862767823053247	34.928595960657155	48.179765650288395	89.92852925696666	-0.0	87.05609762984466	67.16069934649083
116.08213253105512	6.74954526282715	115.95412486134866	22.869276358853078	34.53468311399496	48.330301752181	107.33447849401266	-0.0	86.95871221316708	66.84225755576863
115.8936690515213	6.772072313570766	115.8329628654093	22.875849722694223	34.1945651975174	48.480482090471774	73.91587617068485	-0.0	86.8244431585379	66.5258279243591
115.62380103566943	6.79453372889194	115.54441764989168	22.882478079710975	33.91435958319327	48.6302248592796	84.52517210865125	-0.0	86.66489748765328	66.21134827052677
115.31968767720437	6.816917860360435	115.31176716582345	22.88915050544372	33.705457504298074	48.779452402402896	26.699176471990643	-0.0	86.46557952633262	65.89875099906119
115.0287353384674	6.839213355195724	115.0477224309021	22.895851734994086	33.579709497101774	48.92808903463816	-0.0	-0.0	86.21919044569415	65.58794609106837
114.38539993297374	6.861409062534514	114.56366111598743	22.90256731677617	33.53898277741982	49.07606041689676	-0.0	-0.0	85.93441847142871	65.27884828270894
112.80224067098447	6.883494442333836	114.61456716345974	22.909281780432767	33.53898277741982	49.223296282225576	-0.0	-0.0	85.59779700153354	64.9713673888493
110.16679793954964	6.905457330718342	113.94228860471267	22.915988726450156	33.53898277741982	49.36971553812228	-0.0	-0.0	85.28433494082665	64.66546138996867
106.53038462222575	6.927286318590377	113.88625985763436	22.92269166030014	33.53898277741982	49.51524212393585	-0.0	-0.0	84.95410701266397	64.36114038217424
101.9638028088801	6.948981136046645	113.31266827469004	22.92938707800714	33.53898277741982	49.65987424031097	-0.0	-0.0	84.63927582175636	64.05837767998919
96.55596525715143	6.970542918970122	113.17538653775091	22.936077945521422	33.53898277741982	49.803619459800814	-0.0	-0.0	84.31455739429776	63.75718064791892
90.41216423358689	6.991969581386699	112.6768996493839	22.94276136152745	33.53898277741982	49.94646387591133	-0.0	-0.0	83.99955438132174	63.457525854085496
83.65202144074283	7.013263786428197	112.47969983565845	22.949439700726916	33.53898277741982	50.08842524285465	-0.0	-0.0	83.67929882747815	63.15941765307824
76.40715894568584	7.034426329299547	112.03717824314865	22.95611063930748	33.53898277741982	50.229508861996976	-0.0	-0.0	83.36497960063424	62.862835737014876
68.81863645772005	7.055456548159202	111.79703177009169	22.962776009735126	33.53898277741982	50.36971032106135	-0.0	-0.0	83.04843538115065	62.56778170408794
61.03420485230945	7.076356843848965	111.39541680082633	22.96943399962814	33.53898277741982	50.509045625659766	-0.0	-0.0	82.73539717889227	62.27423802430814
53.20542941588781	7.097127463858603	111.12551533463254	22.976085976395122	33.53898277741982	50.64751642572402	-0.0	-0.0	82.4220356305348	61.982203942259666
45.48473882299268	7.117768588476707	110.75329859894931	22.982730556013504	33.53898277741982	50.78512392317805	-0.0	-0.0	82.11068449506307	61.691664269416876
38.02245730288366	7.138282123777799	110.46356495236192	22.989368725239803	33.53898277741982	50.921880825185326	-0.0	-0.0	81.80014147947311	61.40261633834178
30.96387778040819	7.158668162086691	110.11217240190135	22.995999439546488	33.53898277741982	51.05778774724461	-0.0	-0.0	81.49074291386086	61.12345346016763
24.446432977872746	7.178927392890119	109.80987770312528	23.002552298801575	33.53898277741982	51.19284928593413	-0.0	-0.0	81.18281017726618	61.481414407135254
18.597019557558284	7.19906125421878	109.47311667302351	23.008746831070603	33.53898277741982	51.3270750281252	-0.0	-0.0	80.8758332413931	62.55383569885199
13.529527404501582	7.219069904744521	109.16346825304831	23.014436700154803	33.53898277741982	51.46046603163014	-0.0	-0.0	80.57101932580878	63.949255712424524
9.342622155286836	7.238954283103856	108.83690588473132	23.019536746716348	33.53898277741982	51.59302855402571	-0.0	-0.0	80.26721681119498	65.55666185354646
6.18926679851559	7.205258475290424	108.52355362037129	23.02399166538398	33.99321315341828	51.36838983526949	-0.0	251.99103118648313	79.96581640686037	67.30024266655447
4.169427458695836	7.055435579604452	108.2041434855642	23.027768888769266	36.34363631759769	50.36957053069634	-0.0	424.70637805051683	79.66546926744338	69.10898418790191
3.109098471796475	6.923911088399822	107.889531857551	23.03086050341305	39.43095019787062	49.49274058933215	-0.0	488.28863240680624	79.36755090672357	70.90427686960274
3.084658015289716	6.814852240136724	107.57521713564412	23.033286094377857	42.693160305794315	48.76568160091149	-0.0	482.84276845877895	79.07071753810733	72.59278426475598
3.2428656951926045	6.721726411457909	107.26096534760117	23.035092723170273	45.85731390385209	48.14484274305273	-0.0	466.2926063820673	78.77618203229807	74.1175967952195
3.3955873135680252	6.6341211230027	106.95040249620192	23.036334395736052	48.9117462713605	47.560807486684666	-0.0	449.89816968917216	78.48271307835861	75.47888550240303
3.5428554696326255	6.550641222376294	106.63751395410392	23.037064343938887	51.857109392652504	47.00427481584196	-0.0	433.57422610953165	78.19133874371414	76.68028196437453
3.6846921791049243	6.471124262158726	106.3298844552664	23.037334357580438	54.69384358209848	46.47416174772484	-0.0	417.31523479363017	77.90101456929187	77.72578230804415
3.8211195990835534	6.395535236923696	106.01897328268554	23.0371949800791	57.42239198167106	45.970234912824644	-0.0	401.12464068542204	77.61258326764447	78.61984830343019
3.9521613153195014	6.323850703282951	105.71373850814032	23.036695084544178	60.043226306390025	45.49233802188634	-0.0	385.00725544814816	77.32518991896933	79.36753820953139
4.077842627868235	6.256047166235991	105.40514294173931	23.035881843594268	62.5568525573647	45.04031444157327	-0.0	368.96854018735087	77.03950003428663	79.9746843550483
4.198190765445507	6.1920998160828455	105.10204849917065	23.034800300952607	64.96381530891014	44.61399877388564	-0.0	353.0146111208906	76.75483307406388	80.44812738268159
4.313235111246936	6.131981865985121	104.79591535192529	23.033493097218045	67.26470222493872	44.21321243990081	-0.0	337.152298184569	76.47170097477782	80.79602329621329
4.423007462953256	6.075664562618846	104.49481341614623	23.03199991405077	69.46014925906512	43.83776375079231	-0.0	321.3892791135065	76.18957333151802	81.02822193831629
4.527542339185361	6.023116963248938	104.19120556406654	23.03035690119717	71.55084678370721	43.48744642165959	-0.0	305.73422118561336	75.90883612603977	81.15667647188533
4.626877331694796	5.974305343167085	103.89204158483648	23.028595914624418	73.53754663389593	43.1620356211139	-0.0	290.1969171390662	75.62908517017289	81.19573653355476
4.721053517417426	5.9291931143022305	103.59093280723654	23.02674375449264	75.42107034834852	42.861287428681536	-0.0	274.788509230827	75.35060986733028	81.16200134345004
4.810115945086709	5.8877403958718375	103.293712959737	23.024821574016983	77.20231890173419	42.58493597247892	-0.0	259.5217296760919	75.07310802764835	81.07329581509558
4.894114203554126	5.849903499754815	102.99507484960678	23.022844777567975	78.88228407108251	42.33268999836543	-0.0	244.41119248623428	74.79679892717935	80.94667323940092
4.973103115620328	5.815633769018578	102.69979047961549	23.020823655130897	80.46206231240654	42.10422512679052	-0.0	229.47367133810937	74.52146255768203	80.7962451592246
5.047143530812456	5.7848776642982775	102.40356223854643	23.01876454205202	81.94287061624912	41.89918442865518	-0.0	214.72862720853925	74.24726451500442	80.63207017971135
5.116303287930223	5.757575813373001	102.11025222560367	23.016671142136865	83.32606575860446	41.717172089153344	-0.0	200.1987333630601	73.9740452648629	80.46046355672846
5.180658408462323	5.73366066839165	101.81638147038198	23.01454556047235	84.61316816924645	41.55773778927767	-0.0	185.91030430178677	73.70192897724138	80.28504319331986
5.24029441602725	5.713058078887488	101.52507385022251	23.012389030465833	85.80588832054501	41.420387192583256	-0.0	171.89452850153444	73.43079843248498	80.10776438492826
5.2953081381375755	5.69568092470396	101.23349605427175	23.01020230276202	86.9061627627515	41.3045394980264	-0.0	158.18754426439216	73.16074553466822	79.9296487770887
5.345809501197826	5.681434972891614	100.94420188291193	23.00798589633181	87.91619002395652	41.209566485944094	-0.0	144.8329796036169	72.8916830410321	79.75122020020015
5.391924248829733	5.670206201000545	100.65487199843714	23.005740192545982	88.83848497659466	41.1347080066703	-0.0	131.881090421166	72.62367776585361	79.57274460622912
5.433796407694611	5.66186985453503	100.36760147622205	23.00346552099415	89.6759281538922	41.07913236356686	-0.0	119.39258950004474	72.35666487403992	79.39435641287376
5.471591858485235	5.656278997967715	100.08048699520617	23.00116216619587	90.43183716970469	41.041859986451435	-0.0	107.43810412351384	72.09069187090202	79.21612346073381
5.505502074660093	5.653261133253484	99.79524716519305	22.99883040715397	91.11004149320186	41.02174088835656	-0.0	96.09860124937798	71.82571102551951	79.03808017575328
5.5357473691461845	5.652627449973209	99.51031404061398	22.996470501869577	91.71494738292368	41.017516333154724	-0.0	85.46932228401614	71.5617548583194	78.86024412944312
5.562581258908698	5.654152865157543	99.22710208325417	22.994082714178003	92.25162517817395	41.02768576771695	-0.0	75.65200189388784	71.29878944955627	78.68262455590529
5.586292427476432	5.657584135450065	98.94431316310394	22.99166729327732	92.72584854952864	41.05056090300044	-0.0	66.75126776587892	71.03683533928165	78.50522643089647
5.60720352339998	5.662653511157678	98.66311574621587	22.989224496766234	93.14407046799961	41.08435674105119	-0.0	58.86955269794463	70.7758697531253	78.32805269031155
5.625667372305301	5.669069517360168	98.38245702924651	22.98675456938216	93.51334744610602	41.12713011573446	-0.0	52.08295369820339	70.51590165533453	78.1511051660141
5.642055974425452	5.676533516583482	98.10328353427224	22.98425776478706	93.84111948850904	41.17689011055655	-0.0	46.42032297256063	70.25691866189969	77.97438522096367
5.656742074920028	5.684771417721671	97.82473824839948	22.981734324432853	94.13484149840055	41.23180945147781	-0.0	41.854915184512045	69.99892101225478	77.79789389709661
5.670077871370547	5.693552517231665	97.54753457334715	22.979184498636826	94.40155742741094	41.29035011487777	-0.0	38.3035946918805	69.7419073916011	77.62163215503303
5.682378275163255	5.702676927871051	97.27109418964498	22.976608525758106	94.6475655032651	41.351179519140345	-0.0	35.61833508513964	69.48586429639282	77.44560082889396
5.693905173502735	5.712006949105937	96.99587458864269	22.97400665288362	94.8781034700547	41.41337966070625	-0.0	33.63570982155889	69.23080224284622	77.26980076609813
5.7048652639829145	5.721446349606446	96.72151794138072	22.971379115674647	95.09730527965829	41.47630899737631	-0.0	32.191891082549596	68.9766991366982	77.09423273728473
5.715413759355071	5.730933130934447	96.44822754861372	22.968726157788275	95.30827518710142	41.539554206229646	-0.0	31.144192455592293	68.72357526474327	76.91889754612878
5.725662842701602	5.7404289970222155	96.17597257175872	22.966048012444592	95.51325685403204	41.602859980148104	-0.0	30.3790165251999	68.4713961026445	76.74379593606763
5.735691490325747	5.749909473450182	95.90462312984063	22.963344919542685	95.71382980651494	41.666063156334545	-0.0	29.809796129413016	68.22019295828873	76.56892868249378
5.745554076750564	5.7593597516409245	95.63443927470075	22.96061711024138	95.91108153501129	41.7290650109395	-0.0	29.374388174862585	67.96992326434008	76.39429651236257
5.755287558283491	5.768770560586314	95.36495468491354	22.95786482057854	96.10575116566982	41.7918037372421	-0.0	29.02908272623295	67.72062849135011	76.21990017651125
5.764916738196896	5.778136718967985	95.09685151755949	22.95508827992914	96.29833476393792	41.854244793119896	-0.0	28.744543798659272	67.47225321204672	76.04574038874182
5.774458261414613	5.787454730403823	94.82928265908608	22.95228772005599	96.48916522829225	41.91636486935882	-0.0	28.500514237915915	67.22484797935844	75.87181787408272
5.7839232341211275	5.796722548421606	94.56323020454886	22.949463369058293	96.67846468242254	41.978150322810706	-0.0	28.283513639219134	66.97835423473002	75.69813333679346
5.793319074378935	5.805938996205271	94.29744337139151	22.94661545357255	96.8663814875787	42.039593308035144	-0.0	28.084606355546548	66.73282619280273	75.52468747162841
5.802650763263369	5.815103416477308	94.0335050041003	22.943744201757717	97.05301526526736	42.100689443182056	-0.0	27.89786418117379	66.48819666007421	75.35148098064334
5.8119216670286695	5.82421552488278	93.7696086175748	22.94084983468054	97.23843334057338	42.161436832551864	-0.0	27.719417668520382	66.24452766659354	75.17851452665124
5.821134094729788	5.8332752474290155	93.50758407378376	22.937932579668196	97.42268189459575	42.2218349828601	-0.0	27.54672473637658	66.00175441028422	75.00578880404552
5.830289663391658	5.842282638849922	93.24562366279982	22.934992653461823	97.60579326783315	42.28188425899948	-0.0	27.378111076944993	65.75992772125966	74.83330445023836
5.839389537932409	5.851237829048183	92.98552410388092	22.932030281868723	97.78779075864816	42.34158552698789	-0.0	27.21246395929478	65.51899400552102	74.66106214925081
5.848434584317008	5.860141021135839	92.72552668930605	22.929045677802083	97.96869168634015	42.4009401409056	-0.0	27.049072094564423	65.27899383218598	74.4890625157479
5.857425470266021	5.868992490405219	92.46726913793421	22.92603906533435	98.14850940532041	42.459949936034796	-0.0	26.887520501152334	65.039889357833	74.317306221357
5.866362748049901	5.877792451818597	92.20918237413888	22.923010653469102	98.327254960998	42.51861634545732	-0.0	26.727448167446166	64.80170293932444	74.14579385806984
5.87524688099284	5.8865411814076865	91.95277457503009	22.91996066445669	98.50493761985679	42.57694120938458	-0.0	26.568661538133426	64.56441011535915	73.97452608573145
5.884078276178988	5.895238980356677	91.69666585238036	22.91688930430729	98.68156552357975	42.63492653571118	-0.0	26.41105850028649	64.32802166063388	73.80350347739709
5.892857309195991	5.903886122839918	91.44205271827069	22.913796792340808	98.85714618391981	42.69257415226612	-0.0	26.254539659750915	64.09252723038632	73.63272667518784
5.90158433200047	5.912482885809109	91.18787931996077	22.91068333234107	99.0316866400094	42.749885905394066	-0.0	26.09903471471577	63.85792468571465	73.46219623824975
5.910259677898727	5.921029568124021	90.93504861260611	22.907549140358537	99.20519355797454	42.80686378749347	-0.0	25.94452040568163	63.62421413714713	73.29191278891658
5.918883670807475	5.9295264569141795	90.6828179601414	22.904394418159054	99.37767341614948	42.8635097127612	-0.0	25.790969963711238	63.391382414559914	73.12187687323873
5.927456627651151	5.937973834514531	90.43176887574488	22.90121937845849	99.54913255302301	42.91982556343021	-0.0	25.63835854654587	63.15944079038161	72.95208909378188
5.935978860050973	5.946371980716835	90.18144033415027	22.898024221148543	99.71957720101946	42.9758132047789	-0.0	25.486663995438185	62.92836751729282	72.7825499844873
5.944450673211708	5.954721189599044	89.93214469863605	22.894809155573494	99.88901346423417	43.03147459732696	-0.0	25.335889055024026	62.69818189315298	72.61326012778133
5.952872370419371	5.96302174400654	89.68371978464064	22.89157437978675	100.0574474083874	43.08681162671027	-0.0	25.186024878850706	62.468852774708225	72.44422004561376
5.961244253052004	5.971273918984623	89.43619355555622	22.88832009970422	100.22488506104007	43.141826126564155	-0.0	25.037054954380455	62.24040761959156	72.27543030029368
5.969566615911061	5.979478017554467	89.18971155053322	22.885046511742463	100.39133231822122	43.19652011702978	-0.0	24.889005659383805	62.01280672794625	72.10689140287167
5.977835707515272	5.9876747512801645	88.94376965638952	22.881753813324362	100.55671415030544	43.25116500853443	-0.0	24.797988533463414	61.78609485238627	71.93858904732676
5.986925529509168	6.0023730036352765	88.69922715695851	22.878477714956365	100.73851059018335	43.26430393026343	-0.0	31.071966994089042	61.560191180059206	71.4438094996164
5.998656469378278	6.022946743745806	88.45503907195261	22.875388083218457	100.97312938756555	43.14312352097271	-0.0	38.963343644642784	61.33502769830976	70.3607999203646
6.0128929482652325	6.046893876650888	88.2123185718114	22.872658212341626	101.25785896530465	42.8897227890854	-0.0	46.0983516419346	61.110363476448306	68.80061731916268
6.029289831083206	6.072665737558725	87.96987782685201	22.87042335140854	101.58579662166412	42.52383409743594	-0.0	52.067208055742014	60.886123169817154	66.89239310614596
6.047435790718924	6.098627902269453	87.72895511883145	22.86877167176612	101.94871581437847	42.07220378178193	-0.0	56.56418453321919	60.66216452516437	64.79471181936606
6.066847843688837	6.123630315236983	87.48827463240875	22.867736762908763	102.33695687377673	41.568070229696325	-0.0	59.572682260907946	60.43849432253133	62.68159484784223
6.08701381906953	6.146779772744151	87.24916272608449	22.867295535094833	102.7402763813906	41.04577591808217	-0.0	61.117690603161634	60.21505333344712	60.72448158345271
6.10743041032745	6.167094321770124	87.01024120494705	22.8673719519301	103.148608206549	40.53577824182459	-0.0	61.06549324427923	59.99196722876967	59.07482305711282
6.1276020123616775	6.183806228612877	86.77288357280406	22.867845987301628	103.55204024723355	40.064779471272885	-0.0	59.268571061735216	59.769289766014744	57.84986095268221
6.146911825493713	6.197851620525984	86.53570224590436	22.868566427226984	103.93823650987424	39.66339340719738	-0.0	56.424615102958185	59.547182879682566	57.123225253156356
6.164959760752373	6.207958852953106	86.30018646954464	22.869365857068818	104.29919521504745	39.34345085494714	-0.0	51.84055615583063	59.32577242452723	56.921016723821744
6.181294023304968	6.213936623031736	86.06475660110651	22.870076038310724	104.62588046609935	39.11761616689511	-0.0	45.168157842920614	59.105253699527495	57.22302897444556
6.195241583592669	6.217630970786441	85.83091671389951	22.870542257367806	104.90483167185336	39.00487912238261	-0.0	37.40770909332443	58.88572564564172	57.96771107823134
6.209542139680885	6.208006341846036	85.59730085406505	22.870635735337714	105.1908427936177	38.94807989627586	-0.0	-0.0	58.66733989888579	59.05821604727659
6.2156557265146395	6.21718776580366	85.36512696407374	22.870264636751628	105.31311453029278	39.12595820477775	-0.0	9.785318368032687	58.450177910976095	60.36380831449219
6.63433755842823	6.219360507922292	85.1333221696135	22.86939580479512	105.34742280263283	39.391638224141374	-0.0	-0.0	58.234293781090464	61.57553059768482
7.926226942206859	6.21298306765342	84.90277186885916	22.868106226818856	105.34742280263283	39.72797735235348	-0.0	-0.0	58.01960420050459	62.69250899095657
10.087017494717859	6.2023083983882445	84.67274012004809	22.866308278423865	105.34742280263283	40.14537776069296	-0.0	-0.0	57.80615704027792	64.25375919073129
13.106178570867373	6.189037144156263	84.44382392907842	22.86387570737668	105.34742280263283	40.63485925410824	-0.0	-0.0	57.594084768419485	66.1501558886674
16.968996243980666	6.174970368409201	84.21556504598394	22.860719551863827	105.34742280263283	41.18270183063214	-0.0	-0.0	57.38342827756721	68.25846860654396
21.656645014324656	6.160947333499112	83.98821411518745	22.856793306543743	105.34742280263283	41.76399671610493	-0.0	-0.0	57.17429040827661	70.44209683663287
27.1462795554745	6.148912167708522	83.76169506998752	22.852096171431757	105.34742280263283	42.355551053909466	-0.0	-0.0	56.966625645119464	72.55779052008279
33.411146051343884	6.14038003319382	83.53594482479119	22.846674050744838	105.34742280263283	42.92812811685352	-0.0	-0.0	56.76044189870343	74.46283676539971
40.42071258133559	6.136905634566068	83.31111719744719	22.84061815328988	105.34742280263283	43.45160919731788	-0.0	-0.0	56.555620010131456	76.02245728889851
48.14081791807339	6.139782611990308	83.08694162833072	22.83406121230723	105.34742280263283	43.89635691842501	-0.0	-0.0	56.352073930852605	77.11712695988665
56.53383801268057	6.1498748665774725	82.86375213769908	22.827171362375154	105.34742280263283	44.23590606287482	-0.0	-0.0	56.149614835955944	77.64947839164371
65.55886935613903	6.167626444052069	82.64117957363358	22.820143910382285	105.34742280263283	44.450793499584485	-0.0	-0.0	55.948094081373156	77.5504132595623
75.17192832314177	6.184207203926088	82.41958823278202	22.813157128037673	105.34742280263283	44.56138135950726	-0.0	-0.0	55.74730211993385	77.10675968497983
85.13189612466888	6.197827396415119	84.88600788997044	22.80624911988823	105.10702871694168	44.65218264276746	148.76135628199847	-0.0	55.550748938808965	76.66567120062243
93.68791609139095	6.211784500757824	90.02424283100052	22.799487893786598	102.83775830774523	44.745230005052164	574.2217284596067	-0.0	56.04385174015893	76.22766952061961
99.27993588873369	6.2265014114524435	89.9945560405509	22.79333786978832	97.6949627344455	44.843342743016294	914.1576375748609	-0.0	58.43988773458723	75.79517730402296
102.72354240030424	6.242040209056257	92.30138486927159	22.788294568192494	91.31437257553489	44.946934727041715	968.5009952462304	-0.0	61.759089595829955	75.37076598781354
105.07407712513528	6.258398470062006	95.48581910470756	22.784482362253005	84.96968434060808	45.05598980041337	928.9473730187811	-0.0	65.10273344230795	74.95504534701516
106.67700127408477	6.275549886925805	98.40114581436612	22.781864475368522	78.98282827150426	45.17033257950536	863.0335980566915	-0.0	68.26220788751175	74.54777655397895
107.78675423497147	6.293452628992633	101.04404574869012	22.780362443592193	73.50175069479464	45.289684193284224	779.0017739166716	-0.0	71.1446841355114	74.14850328250415
108.64637338033579	6.312053155370007	103.39330524837415	22.779873167676527	68.6123527535294	45.41368770246672	687.5871812916146	-0.0	73.69247349730115	73.75664230979346
109.43463684066393	6.331289418441216	105.4631758582472	22.780281660554508	64.32954681362692	45.54192945627477	597.8557421464693	-0.0	75.88836681567132	73.37155110252534
110.2501238869389	6.351094119661193	107.2514275367542	22.781473454381597	60.613153658802084	45.67396079774129	519.5023306171223	-0.0	77.7504952932366	72.99259325256043
111.0970921917797	6.3713980747812435	108.81346321650064	22.78334455157837	57.37928228761117	45.809320498541624	453.3504249199676	-0.0	79.32168278305853	72.61919067384602
111.93535547690172	6.392133521690246	110.14109381611061	22.78580725866011	54.53844449730347	45.947556811268306	401.8501579832957	-0.0	80.65550161645471	72.25085390868985
112.70677965687929	6.413237057405795	111.28637438758165	22.78879092466449	52.01006201883677	46.08824704937197	357.54226916098764	-0.0	81.80003307796645	71.88718552683916
113.39039387053336	6.434651818371599	112.24603609087697	22.79223843164637	49.744527024719225	46.231012122477324	320.9239788003928	-0.0	82.78900156774935	71.52786121286077
113.98881812291033	6.4563285716277035	113.05097927647107	22.796101352599234	47.71039560145797	46.375523810851355	290.52624008776496	-0.0	83.64241816496416	71.17260396529933
114.50917062985759	6.47822559963632	113.75210202277741	22.800336562233106	45.88296074172708	46.52150399757547	261.0290685675002	-0.0	84.3735741539102	70.82116606244692
114.95946825208196	6.500307586583066	114.35308677907739	22.804905083422625	44.241641831812345	46.66871724388711	233.61149922555555	-0.0	84.99477876336005	70.47332285756491
115.34064541574038	6.522544001526864	114.85493286368268	22.809772036097367	42.76638427684304	46.816960010179095	209.07924259761776	-0.0	85.5183197836419	70.12887239015288
115.65476481558333	6.544907561689431	115.25997832638991	22.81490637078282	41.440517551076205	46.96605041126288	188.49611143842714	-0.0	85.9547941162138	69.78763386680689
115.90394227419945	6.567373193239981	115.59087147324483	22.820280129538872	40.2498349923749	47.115821288266545	167.85819040462627	-0.0	86.31230842186362	69.44944366990697
116.09581946446949	6.58991758837704	115.84771394045806	22.825867752854073	39.18402631438932	47.266117255846936	149.43057639261096	-0.0	86.59741638654356	69.11415162982509
116.23471113643828	6.612519169582276	116.03175671729306	22.831645762328257	38.233270630960966	47.41679446388184	135.15138816552835	-0.0	86.81616750032799	68.78161928942467
116.31971305075972	6.635158155532176	116.15652426878214	22.83759261786014	37.38757500090252	47.567721036881174	121.18989387726317	-0.0	86.97414537466867	68.45171909289577
116.40954621040797	6.65781649940062	116.00880663508669	22.843688562230682	36.65679374426713	47.7187766626708	189.9119842951344	-0.0	87.07630195744328	68.124333512645
116.36630092912577	6.6804776485968285	116.27199861777464	22.84991429235457	35.99102003964005	47.869850990645524	92.1260442090161	-0.0	87.12033791477694	67.79934801580485
116.28124212304047	6.703126225072538	116.21023366434692	22.85625282886901	35.412756314808284	48.020841500483584	79.94223716171545	-0.0	87.12463538397783	67.4766608865292
116.12168103269869	6.725747762843429	116.21916278660501	22.862690634953655	34.907069127786905	48.17165175228953	-0.0	-0.0	87.08561400223108	67.1561889951209
115.95977503723965	6.748328570996848	115.92769692241065	22.869213853405387	34.49086779059203	48.32219047331232	53.731092810499135	-0.0	87.0097227552175	66.83784797745983
115.9030394980687	6.770855691577342	115.89355720526729	22.875803231898857	34.19120866358834	48.47237127718228	29.213119520632162	-0.0	86.85664866073088	66.5215255484483
115.70242941839695	6.793316870557336	115.70560652457901	22.882438899488967	33.932914932420424	48.62211247038224	-0.0	-0.0	86.67353823113903	66.20710684035404
115.35483926551724	6.815700464700176	115.31385660584915	22.889116089455808	33.713488812896976	48.771336431334504	60.732523166158515	-0.0	86.48195682500084	65.89455685252666
114.98989173343439	6.83799505472429	115.07038983635447	22.895826428173027	33.56855253088875	48.91996703149527	-0.0	-0.0	86.24842781208243	65.58382179151565
114.36841623278886	6.860189512155911	114.62836030967925	22.90255277412079	33.5417040191931	49.06793008103941	-0.0	-0.0	85.9590244025234	65.27480213811572
112.7583526837299	6.882273242647018	114.61310627653022	22.909274777613497	33.5417040191931	49.21515495098012	-0.0	-0.0	85.61785715909204	64.96738206258047
110.09695422345264	6.904232262347522	113.97904166130043	22.91599104173324	33.5417040191931	49.36154841565015	-0.0	-0.0	85.30854344701727	64.66154590479076
106.4360391015657	6.926055671732895	113.90577576930303	22.92270174272059	33.5417040191931	49.507037811552635	-0.0	-0.0	84.97409376554532	64.35728622266552
101.84688646564574	6.947745962723959	113.3334648756269	22.92940608623086	33.5417040191931	49.65163975149306	-0.0	-0.0	84.6631121735029	64.0545906134035
96.41884853418287	6.9693025724832225	113.20619187119203	22.936104865010886	33.5417040191931	49.79535048322148	-0.0	-0.0	84.33461319570996	63.75345498970279
90.25761088138552	6.990723737635547	112.68951335117676	22.942796904491324	33.5417040191931	49.93815825090365	-0.0	-0.0	84.02293315794638	63.4538650266802
83.48313470635323	7.012013294595143	112.5156395629317	22.94948322399884	33.5417040191931	50.08008863063429	-0.0	-0.0	83.69947398212236	63.155817934173506
76.2273211515366	7.033170592342301	112.04640484679537	22.956162550060295	33.5417040191931	50.22113728228201	-0.0	-0.0	83.38788193523412	62.85929894839745
68.6314431467384	7.054195631621108	111.83440196683753	22.96283591580498	33.5417040191931	50.36130421080739	-0.0	-0.0	83.06872913639262	62.5643054520415
60.84339478160525	7.075091226387291	111.40408076951631	22.969502105569514	33.5417040191931	50.500608175915275	-0.0	-0.0	82.757843277077	62.27082306900209
53.014811762015775	7.095856669259515	111.16220085805543	22.97616205399757	33.5417040191931	50.6390444617301	-0.0	-0.0	82.44242081155102	61.97884876017377
45.29811901609233	7.116492845542542	110.76294056234879	22.982814680477826	33.5417040191931	50.776618970283614	-0.0	-0.0	82.13271089738335	61.68836894478489
37.84356293376332	7.1370016431595795	110.49852152648509	22.989460771330496	33.5417040191931	50.91334428773053	-0.0	-0.0	81.82057977634669	61.39937989661318
30.796286023218837	7.157382627916951	110.12347718773988	22.99609940897268	33.5417040191931	51.04921751944634	-0.0	-0.0	81.51239319508153	61.111868978018535
24.29350094143688	7.177637067854815	109.84269638918148	23.002650994781263	33.5417040191931	51.1842471190321	-0.0	-0.0	81.20326655404936	61.51682058706192
18.46181892140789	7.19776618695737	109.48626664301585	23.00883972871149	33.5417040191931	51.31844124638247	-0.0	-0.0	80.89716829109109	62.5954153063421
13.414784612318911	7.217769925440268	109.19412536127126	23.014522161156744	33.5417040191931	51.451799502935124	-0.0	-0.0	80.59147609705944	63.99495241379023
9.250665330219238	7.237649621477999	108.85178091286883	23.019613604232703	33.5417040191931	51.58433080985333	-0.0	-0.0	80.28828613731318	65.60514782149943
6.126784986212846	7.200006392012132	108.55224838171995	23.024059234443303	34.03298132192533	51.33337594674755	-0.0	258.99099957808454	79.98624483028644	67.35018833074761
4.1303712407179765	7.0503899882566445	108.2205661251354	23.02782688406676	36.411159365287716	50.335933255044296	-0.0	427.2015586595708	79.68630687484269	69.15880879315603
3.096316831567145	6.919347026186782	107.91649407782842	23.030909291930076	39.50833635491993	49.46231350791188	-0.0	488.81426653047606	79.38792598194885	70.95197831041041
3.0884487415643753	6.810906376759286	107.59289935119804	23.03332669699204	42.7689748312875	48.73937584506191	-0.0	482.34178981266166	79.09134929265554	72.63608686914978
3.2464909874553416	6.717991716283959	107.28648854837402	23.03512668091767	45.929819749106834	48.119944775226394	-0.0	465.79909354977127	78.79647884304521	74.15618217801034
3.3990484891975234	6.630514063769511	106.9690616789551	23.036363169003824	48.98096978395047	47.536760425130076	-0.0	449.40694076833	78.50315482709456	75.51285269378087
3.5461531771628194	6.547152372923434	106.66188125667973	23.037089427424213	51.92306354325638	46.98101581948956	-0.0	433.08480663149385	78.21153497495197	76.7097397579671
3.6878270279972476	6.467752153404761	106.34924465410126	23.037357144611423	54.756540559944945	46.45168102269841	-0.0	416.8276866259841	77.92127756421192	77.75085106847192
3.8240922355173073	6.392279200142064	106.04240718762529	23.03721688092725	57.48184471034614	45.94852800094709	-0.0	400.6390960565972	77.63266226920054	78.64066393017258
3.954972431703855	6.3207100718256894	105.73361797968957	23.036717408341108	60.0994486340771	45.47140047883793	-0.0	384.52386467892296	77.3452803204206	79.38425597335795
4.0804929699604084	6.2530212999404675	105.42784566400837	23.035905892903337	62.609859399208176	45.02014199960312	-0.0	368.4874768886369	77.05944824004662	79.98748536272164
4.200681140046662	6.189188006444151	105.1222530185129	23.034827270767927	65.01362280093322	44.59458670962767	-0.0	352.53606787085357	76.77475552122213	80.45722593650571
4.315566392296123	6.1291832565185045	104.8180491709059	23.033524144304064	67.31132784592246	44.194555043456695	-0.0	336.6764827158245	76.49150811005595	80.80167738775359
4.425180599957287	6.07297830298993	104.51521991685432	23.03203606819084	69.50361199914573	43.8198553532662	-0.0	320.91643217439054	76.209329889125	81.03074475479731
4.529558371686484	6.020541856264725	104.21283797847356	23.030399109671382	71.59116743372968	43.47027904176483	-0.0	305.2645865247721	75.92849672204198	81.15644822107193
4.628737383908678	5.971840817507622	103.91255470708717	23.028644962691317	73.57474767817355	43.145605450050816	-0.0	289.73084854729217	75.6486762785414	81.19320756507933
4.722758830727079	5.92683809626024	103.6122427873913	23.026800294331263	75.45517661454157	42.8455873084016	-0.0	274.326364201151	75.37011609588153	81.1576780059503
4.811667887402483	5.885493658285433	103.31422653842064	23.024886069019228	77.23335774804966	42.56995772190289	-0.0	259.06391234632497	75.0925370335979	81.06769451982659
4.895514293423428	5.847763364208375	103.01607887940541	23.022917548892988	78.91028586846856	42.31842242805583	-0.0	243.95812534953447	74.81614865180237	80.94025397309896
4.974353031296008	5.8135988521979565	102.72027832906562	23.020904875351018	80.48706062592015	42.09065901465304	-0.0	229.02590204248028	74.54073013589733	80.78935846473503
5.048245138720946	5.782946604862166	102.42432913812735	23.018854302793496	81.96490277441892	41.88631069908111	-0.0	214.28682095226063	74.26645637448155	80.6249480344428
5.117258693445878	5.7557464268038725	102.13066189362553	23.016769464364554	83.34517386891756	41.70497617869248	-0.0	199.76356858765476	73.99315362698727	80.45324359650377
5.181469967241848	5.731931134240486	101.83693065893463	23.014652441365598	84.62939934483697	41.54620756160324	-0.0	185.4826755721807	73.72096373989051	80.27780121310711
5.240964805254317	5.711425791431142	101.54537251070788	23.01250444034054	85.81929610508634	41.40950527620762	-0.0	171.47539659103154	73.44974934998233	80.1005402963907
5.295840381181946	5.694143640117527	101.25385309115087	23.010326210183294	86.91680762363892	41.29429093411685	-0.0	157.77817873037407	73.17962389917372	79.92246302848369
5.346207079128951	5.67998916307438	100.96438157335052	23.008118258466645	87.92414158257903	41.1999277538292	-0.0	144.43469197734072	72.91047776264026	79.74408300963701
5.392191111806576	5.668849139638832	100.67505042971268	23.005880970198007	88.84382223613152	41.12566093092555	-0.0	131.49572897822952	72.64240098954436	79.56566098043821
5.433937152037469	5.660597010918788	100.38766868308873	23.00361466871268	89.67874304074938	41.07064673945859	-0.0	119.02201972778994	72.37530432740688	79.38732867665188
5.47161182744636	5.6550845386574	100.10049786316432	23.00131964268585	90.4322365489272	41.03389692438267	-0.0	107.08428666564494	72.10926097003009	79.20915262278388
5.505407281200186	5.652141913092259	99.81518485470946	22.998996167030054	91.10814562400371	41.01427942061506	-0.0	95.76489175712871	71.84419706120994	79.03116654862743
5.535544887385802	5.651576877939123	99.530149654113	22.99664450329399	91.71089774771603	41.01051251959415	-0.0	85.15867195760244	71.58017170153691	78.8533877108428
5.562279404087963	5.653160214113073	99.24691567574239	22.994264912471802	92.24558808175927	41.021068094087155	-0.0	75.36611059733244	71.31712324882096	78.67582516013128
5.585900064228314	5.65664648548426	98.96399137037915	22.991857646436426	92.71800128456627	41.0443099032284	-0.0	66.49549855814786	71.05510063747123	78.4984838024384
5.606731224847951	5.66175727590113	98.68280435468093	22.989422960980626	93.13462449695902	41.07838183934087	-0.0	58.64408061197399	70.79405305346043	78.32136652370174
5.6251256381752475	5.668211385369562	98.40195135792091	22.986961102338096	93.50251276350495	41.12140923579708	-0.0	51.89276635182096	70.53401681501107	78.1444751428418
5.641456401699714	5.675701465745311	98.12285993619594	22.984472323957682	93.82912803399428	41.17134310496874	-0.0	46.263554801266544	70.2749520473019	77.96781101261276
5.656095705042644	5.683957803000587	97.84408549071385	22.981956867243092	94.12191410085288	41.22638535333725	-0.0	41.72985888271649	70.01688679196297	77.79137517006664
5.669394742269482	5.692751945921736	97.56698046020186	22.97941498337916	94.38789484538964	41.28501297281157	-0.0	38.20765928797361	69.75979229191763	77.61516857847857
5.681667167471854	5.7018840425000015	97.2902836882353	22.97684691002378	94.63334334943708	41.34589361666668	-0.0	35.54651444599323	69.50368280031942	77.43919206778342
5.693173359869288	5.711216627478476	97.01517296614016	22.974252895593164	94.86346719738576	41.408110849856506	-0.0	33.58130768112274	69.24854072837506	77.26344649250984
5.704118029344523	5.720657642413848	96.74057416025869	22.97163317467911	95.08236058689045	41.47105094942566	-0.0	32.151606753518	68.99437070067576	77.08793261792478
5.714655032751025	5.730145191987122	96.46740164284094	22.968987992551764	95.2931006550205	41.534301279914146	-0.0	31.114867061519984	68.7411674942529	76.91265125667088
5.724895565333838	5.7396402167434015	96.19487016480623	22.966317581039533	95.49791130667676	41.59760144495601	-0.0	30.356889055002753	68.48892284421242	76.73760314560442
5.734917689492695	5.7491189861764616	95.92364507284147	22.963622182110267	95.6983537898539	41.660793241176414	-0.0	29.79229837953757	68.23764170069718	76.56278907168974
5.744775078406448	5.758567485889736	95.6532028768888	22.960902024967556	95.89550156812896	41.723783239264904	-0.0	29.360270225348298	67.98730504628624	76.38820975200764
5.754504281302242	5.767976340939298	95.3838411889605	22.958157348346013	96.09008562604484	41.78650893959532	-0.0	29.017300482919165	67.73793427136033	76.21386595239011
5.764129807015095	5.777340389225773	95.11547529114686	22.955388379041494	96.2825961403019	41.84893592817182	-0.0	28.73432421629861	67.48949202044169	76.03975837361905
5.773668098678878	5.786656173866379	94.84802972341707	22.95259535205669	96.47336197357757	41.911041159109196	-0.0	28.491309187518777	67.24201243792905	75.86588775854047
5.783130121089314	5.795921712830121	94.5817011701376	22.949778492179703	96.66260242178626	41.97281141886747	-0.0	28.274979819629692	66.99545053502409	75.69225479452234
5.7925232009939185	5.805135856068668	94.31611628510582	22.94693803060685	96.85046401987836	42.03423904045779	-0.0	28.076519409853233	66.7498486151048	75.5188602012955
5.801852254620005	5.814297990684218	94.05180627536728	22.94407419044105	97.0370450924001	42.095319937894786	-0.0	27.890114808177028	66.50515353823953	75.34570465441048
5.811120611788393	5.823407817210994	93.78808548415161	22.941187198700135	97.22241223576786	42.156052114739964	-0.0	27.711916911548755	66.26141349002452	75.17278884887962
5.820330560795378	5.832465225921205	93.52583553056016	22.9382772770938	97.40661121590756	42.2164348394747	-0.0	27.53936401524524	66.01856831884902	75.00011345026452
5.829483695949923	5.841470318383447	93.26394847457698	22.93534464821717	97.58967391899846	42.27646878922298	-0.0	27.370858629119198	65.77667560710461	74.8276791274718
5.838581169960981	5.850423232788237	93.00365590077047	22.932389532639164	97.7716233992196	42.33615488525491	-0.0	27.205310634203357	65.53566986640458	74.6554865373023
5.847623841350824	5.85932417462181	92.74364602173885	22.929412148644488	97.95247682701648	42.39549449747874	-0.0	27.042019699656986	65.29560763139393	74.48353632333736
5.856612380625206	5.868173363351125	92.48531596810665	22.926412715502515	98.13224761250412	42.4544890890075	-0.0	26.88050260634864	65.0564259980808	74.31182913299028
5.86554732909802	5.876971072376141	92.22717021218146	22.923391447292104	98.3109465819604	42.51314048250761	-0.0	26.720478193373253	64.81817998926121	74.14036558516908
5.874429148845557	5.8857175721330535	91.97072796878139	22.920348561928613	98.48858297691115	42.57145048088702	-0.0	26.561747974644067	64.58081085409091	73.96914631754152
5.883258246739053	5.894413155265457	91.71446656997892	22.917284269435502	98.66516493478105	42.62942103510304	-0.0	26.40420009960983	64.3443650781484	73.7981719249115
5.892034999204937	5.903058082768225	91.45991563324897	22.91419878625377	98.84069998409873	42.6870538851215	-0.0	26.247718428569687	64.10879259460582	73.62744303502477
5.900759755611514	5.911652646540814	91.20553853572251	22.911092318761806	99.01519511223027	42.74435097693876	-0.0	26.092253315520004	63.874133519715876	73.45696022119037
5.90943284885315	5.920197145160629	90.95280110623625	22.907965081435208	99.188656977063	42.80131430107086	-0.0	25.937781694228153	63.640346347524535	73.2867240979975
5.918054602313749	5.928691867203009	90.70031831729395	22.904817277358028	99.36109204627498	42.85794578135339	-0.0	25.784279233260367	63.407458843317436	73.11673521902061
5.926625334631215	5.937137081093187	90.44941034858485	22.901649118894735	99.5325066926243	42.914247207287914	-0.0	25.631702125946973	63.17544089806923	72.9469941857205
5.935145358263586	5.945533059253889	90.19883374790733	22.89846080606757	99.70290716527171	42.970220395025926	-0.0	25.480017894301554	62.9443099485373	72.77750153339103
5.943614968901639	5.953880163313773	89.94966450866416	22.895252549297858	99.87229937803278	43.02586775542515	-0.0	25.329323930148032	62.71405330847589	72.60825785006324
5.9520344819745965	5.962178587712635	89.7009871810149	22.892024544844244	100.04068963949192	43.0811905847509	-0.0	25.17948785474778	62.48466320690041	72.43926364968364
5.960404192287747	5.970428653951038	89.4535700459842	22.888777001493246	100.20808384575494	43.136191026340256	-0.0	25.030558402794355	62.256149675338364	72.27051950977972
5.968724399766609	5.978630627714058	89.2067845683231	22.885510112914734	100.37448799533217	43.19087085142706	-0.0	24.88250885090937	62.02849036063786	72.10202592779746
5.976995721107929	5.986787777829373	88.96108341828231	22.882224159674667	100.53991442215859	43.24525185219582	-0.0	24.73870540449162	61.80170628477924	71.93389993290033
5.98614201032854	6.001694044364473	88.716182971655	22.87895725254305	100.7228402065708	43.255402768319435	-0.0	31.176948651941498	61.57574569592616	71.42267226851997
5.9979183404179865	6.02256239518416	88.47221612605281	22.875881763156265	100.95836680835973	43.13208216012236	-0.0	39.24606251442084	61.35050014270974	70.32641435347576
6.01222336497817	6.046470406908996	88.22918277857957	22.87316988953878	101.2444672995634	42.8749919869925	-0.0	46.264890799358874	61.125768242781405	68.75575222028897
6.028668490864657	6.072236230516754	87.98690016246915	22.870955846659864	101.57336981729313	42.50652524088241	-0.0	52.18221659009972	60.901452891303265	66.84065435861336
6.046852002472026	6.0981383387080825	87.74571642607773	22.869326519732777	101.93704004944051	42.052988580540884	-0.0	56.61621688839302	60.67742114414764	64.74031036781851
6.066292499944006	6.1229990319804735	87.50509987571859	22.86831409123533	102.32584999888012	41.54748315560732	-0.0	59.532833397035766	60.453681297561786	62.62891672355347
6.086458231717483	6.146233795385713	87.26588632381296	22.86789407677331	102.72916463434964	41.026172397839126	-0.0	61.1226040779056	60.23014793289446	60.67763229568609
6.1068697400775545	6.166491481908883	87.02692420578565	22.867989207203756	103.13739480155108	40.517121914137746	-0.0	61.04390931500084	60.00699395521414	59.03722314510181
6.126991034530175	6.183534705411574	86.78950875631112	22.868478498136056	103.53982069060348	40.05000729499535	-0.0	59.44728278136425	59.784236447213615	57.82394515414752
6.14631485796782	6.197002325402952	86.55229648317138	22.86921013121033	103.9262971593564	39.6477736732819	-0.0	56.28469343165839	59.562073637393205	57.1102731510947
6.164345260275889	6.20675301762637	86.31665938695522	22.870016467490327	104.28690520551777	39.3286942827108	-0.0	51.48285961759558	59.34059885046907	56.92112208870533
6.180536410459026	6.213436128420469	86.08120683195251	22.870729427353147	104.61072820918051	39.109927861935255	-0.0	45.34569850151359	59.12001969524204	57.23518177090123
6.194220472996696	6.218003697583713	85.8473109745999	22.871194782693667	104.8844094599339	39.005275534331844	-0.0	38.55452679891924	58.90042750593699	57.9899455009452
6.204150405309328	6.2223154428411025	85.61361790657529	22.8712845338102	105.08300810618654	39.02920900020386	-0.0	33.6944334532564	58.68200613232096	59.08773904485509
6.213514814789146	6.218583803540103	85.38140795842928	22.870907897534636	105.27029629578291	39.13856902087268	-0.0	17.799207761436133	58.46478480006018	60.39673342764199
