20.950000000000003	100.0	5.69270894774507	400.0	-0.0	-0.0	0.0
22.627159255673835	99.79291830645806	5.546108926861298	400.0	-0.0	-0.0	91.83641029203524
27.650463361967283	99.30351690217202	5.361325711953123	400.0	-0.0	-0.0	92.8532280611525
35.99543117115296	99.04460311606478	5.147175977986751	400.0	-0.0	-0.0	92.48841831390696
47.6213933577449	98.58056073702024	4.913782101781939	400.0	-0.0	-0.0	92.11441367978672
62.47169062106438	98.30246523816045	4.672044274932569	400.0	-0.0	-0.0	91.7339307832316
80.47394981518939	97.86247592645098	4.433086937519847	400.0	-0.0	-0.0	91.36221719052493
101.47578871910986	100.65795848712483	4.207714138724248	399.7434412511308	271.30189988028553	-0.0	90.98757952520862
124.25571882198786	112.60787964839673	4.0058920608797886	395.7951399897818	1023.8679239155806	-0.0	91.67405474981373
147.2186128586448	112.8065094907122	3.8362770185622384	386.24066050173064	1759.8549096769127	-0.0	96.05028476567398
169.89271159258013	120.70524888572537	3.705803512961824	373.25494472748096	2104.0132232514434	-0.0	102.54567846077309
191.9029279873978	129.25776735879094	3.6193428496405526	358.30109485263404	2374.4608770360096	-0.0	110.17074679425376
212.58051882212789	138.70836934405196	3.5794558239769927	341.74897147505305	2578.4672681705374	-0.0	118.72957103812104
231.38473066804735	148.74979746406726	3.5631696601520257	324.0348040389472	2727.112756810435	-0.0	127.94861590102605
247.83037758234275	159.1110960463052	3.5472151184540994	305.49426150311365	2825.7273998465207	-0.0	137.64161209068757
261.55516476325266	169.6296383135175	3.5316063837975835	286.45873666736827	2876.334017543193	-0.0	147.61941891334627
272.3231287162293	180.09741319590552	3.5163580508609837	267.238764616581	2881.026622027144	-0.0	157.7076719646729
280.047323152744	190.3524286423813	3.5014847991610663	248.13733278341456	2841.221657303887	-0.0	167.73073103142116
284.79364705315686	200.22143512451652	3.4870011025717296	229.4443990061182	2758.894538321034	-0.0	177.52794516659108
286.7828990487608	209.55770256617834	3.4729209530922858	211.4357554312007	2636.3360338607104	-0.0	186.95087636817377
286.3844883264878	218.2265827673606	3.459257598820634	194.3695376220165	2476.7340390767536	-0.0	195.85354190867164
284.0987320024546	226.11852694759983	3.4460233014597548	178.47962440758235	2284.34201794235	-0.0	204.09186759577028
280.5250577038141	233.12918012590922	3.433229120627517	163.96580310515745	2065.3399192412476	-0.0	211.5531033943613
276.31519645132227	239.22106275010137	3.4208847275832914	150.9815257208424	1827.1486072867422	-0.0	218.15970735470057
272.1162339816416	244.40639040394282	3.4089982592498727	139.62248373436094	1579.2042052859688	-0.0	223.85545426774047
268.4986763371148	248.70193736400762	3.3975762264478764	129.91286084070302	1334.8057939564255	-0.0	228.5985491462376
265.849041791352	252.20664222258887	3.386623493541694	121.78015886509615	1108.068572421709	-0.0	232.41643030507194
264.3205275017867	255.06086078183066	3.376143336569312	115.062320403535	912.8910147416539	-0.0	235.40696147745257
263.7826322021545	257.3780354668565	3.3661375897849006	109.51097156726654	759.2191423935657	-0.0	237.69381885779032
263.8972329189302	259.247642447895	3.356606879641215	104.84173225332874	646.8872717816975	-0.0	239.43866086946466
264.2865282507159	260.6894747012382	3.347550902692873	100.80464216747049	568.9769937818135	-0.0	240.79565943684437
264.66819560550357	261.8071878456215	3.338968689398698	97.22501901033259	507.4354130225689	-0.0	241.8754215300848
264.94713078669554	262.64588501239575	3.3308587966195433	94.02037221304543	455.0957258500466	-0.0	242.73658953521905
265.12221382858786	263.286871345286	3.323219413356256	91.1520994339362	406.4244376229959	-0.0	243.4035388864558
265.21593659973513	263.7515292983451	3.316048408597654	88.59508822950598	363.0380932148923	-0.0	243.89107787018037
265.2216472215515	264.07342035651726	3.3093433603632003	86.31877155472341	321.466044634705	-0.0	244.2155999054856
265.1382154416925	264.2260140493928	3.3031015854605377	84.2986899453108	286.52770425732814	-0.0	244.3938333021763
264.95452161789285	264.2580546706045	3.2973201692244727	82.51085600530917	250.36378583163912	-0.0	244.43902417918298
264.68647572633466	264.1432514580417	3.29199598975281	80.94276523582316	221.11124834880954	-0.0	244.36089433257962
264.3324892214033	263.9127869088526	3.2871257362344943	79.57897415712716	194.35330748295826	-0.0	244.1676504838335
263.88806700644665	263.59188197239735	3.2827059244027974	78.40555643824108	163.2686530367576	-0.0	243.8669023914232
263.424635096897	262.9172669242697	3.278732910630716	77.43283208321108	213.68934352573095	-0.0	243.46525337740744
262.75004205446027	262.5313689744716	3.2752029053614655	76.5961424158032	140.2874805496897	-0.0	242.9721768966633
262.22334639812925	261.9512878051179	3.2721119823976865	75.9923826906621	156.47770886302914	-0.0	242.36131502065342
261.44536490035506	261.36352289421814	3.269456053681353	75.50110544839377	85.82412570089569	-0.0	241.66965810320184
260.4395569856255	260.4491482155112	3.267230920349549	75.12560774846449	-0.0	-0.0	240.93232282589307
258.7386745030484	258.95529369850976	3.26543232267324	75.00001331327454	-0.0	-0.0	240.10057133831597
255.0165463755187	259.2698076700243	3.2640558580772274	75.00001331327454	-0.0	-0.0	239.09728688683524
248.90606318238537	257.2400255918222	3.26309693093371	75.00001331327454	-0.0	-0.0	238.17247437594744
240.5261979177554	257.2169081154246	3.2625510257025385	75.00001331327454	-0.0	-0.0	237.19019158440503
230.0401091452378	255.49953093103966	3.2624136236406756	75.00001331327454	-0.0	-0.0	236.26082591582204
217.65196425034102	255.21675449792252	3.2626802765494873	75.00001331327454	-0.0	-0.0	235.29678554916308
203.6029642384514	253.73944472690434	3.2633465487418207	75.00001331327454	-0.0	-0.0	234.3667215885955
188.16664747679673	253.26304134405103	3.26440806123069	75.00001331327454	-0.0	-0.0	233.41751400168926
171.64356381799467	251.9661917600583	3.2658604577774772	75.00001331327454	-0.0	-0.0	232.48952735130368
154.35542280164083	251.34935757053486	3.2676994295145847	75.00001331327454	-0.0	-0.0	231.55268045645676
136.63882987025895	250.18544555926087	3.26992069676935	75.00001331327454	-0.0	-0.0	230.62872672576816
118.83873255742378	249.4700388315806	3.2725200210999317	75.00001331327454	-0.0	-0.0	229.70247975525209
101.30170425279567	248.4022885989268	3.275493197066821	75.00001331327454	-0.0	-0.0	228.7839010010663
84.36919631123385	247.62014076307275	3.278836056520443	75.00001331327454	-0.0	-0.0	227.86702567574653
68.37088988951056	246.62098770412993	3.282544466329845	75.00001331327454	-0.0	-0.0	226.95470557464722
53.61827695241355	245.79568255742333	3.2866143281867943	75.00001331327454	-0.0	-0.0	226.04636281906872
40.39859542803403	244.84486045519535	3.2910415796426844	75.00001331327454	-0.0	-0.0	225.1408586393672
28.96923659663316	243.9934444161701	3.2958221915598283	75.00001331327454	-0.0	-0.0	224.2404875555403
19.552733602958426	243.07648613605477	3.3009521707597376	75.00001331327454	-0.0	-0.0	223.34212526934954
12.332428667218517	242.2109930838614	3.3064275564567724	75.00001331327454	-0.0	-0.0	222.44935592162602
7.4489033554563235	241.31776531061453	3.3122444234804482	75.00001331327454	-0.0	-0.0	221.55830513317386
4.997241413060695	240.44645859705557	3.3183988784854366	75.00001331327454	-0.0	-0.0	220.67289645137333
4.7056289622756236	239.57002482042472	3.3248870631512637	75.11257924551248	-0.0	35.651269522795516	219.78922345781987
4.720946064527213	238.69849176444038	3.331705150605299	75.41892129054428	-0.0	54.13426611818197	218.91102174413194
4.7409565354807555	237.8343526042489	3.3388493482928774	75.81913070961511	-0.0	65.17488315437191	218.03472369706307
4.764037945169926	236.9659869421014	3.346315894816897	76.28075890339852	-0.0	72.87226366323442	217.1636252874842
4.789322145207683	236.11134064821715	3.354101062352029	76.78644290415365	-0.0	78.53536118436709	216.29466138417652
4.816252001763138	235.2482487319708	3.362201153970005	77.32504003526275	-0.0	82.82600007132727	215.43059714051174
4.844439677786289	234.4012764380322	3.370612505573447	77.88879355572577	-0.0	86.1313914171793	214.56890578378324
4.8736008446460035	233.54479627052592	3.3793314836977206	78.47201689292007	-0.0	88.69949030836901	213.7118196614722
4.903519544749273	232.70449179209666	3.3883544869954885	79.07039089498547	-0.0	90.69926353226977	212.85732513297617
4.934027433054119	231.85519648261368	3.3976779444679552	79.68054866108238	-0.0	92.25110135236385	212.00717404689772
4.964990738523484	231.02103617405572	3.4072983165602078	80.2998147704697	-0.0	93.4441654557154	211.15979691283204
4.996301641739198	230.1792098361694	3.417212093754124	80.92603283478395	-0.0	94.34620268072588	210.31653863851568
5.027872228771133	229.35093104380266	3.4274157973435675	81.55744457542266	-0.0	95.00976045177806	209.47619961867775
5.0596302002225135	228.5166013888594	3.4379059783211248	82.19260400445026	-0.0	95.47651434236377	208.63979353965306
5.091515710796911	227.6941679355215	3.448679217899377	82.83031421593822	-0.0	95.77984695254779	207.80641383544315
5.123478940195629	226.86722193324658	3.4597321266272147	83.46957880391258	-0.0	95.94682818506537	206.9768168355666
5.15547826208422	226.05060837551775	3.471061344716976	84.1095652416844	-0.0	95.99972607882877	206.15032354828526
5.1874787975671035	225.23096476227852	3.482663541337269	84.74957595134207	-0.0	95.95688253707343	205.32748873128776
5.2194512458879805	224.42023333062846	3.4945354147919123	85.38902491775961	-0.0	95.83355831323443	204.50781058295175
5.251370973620447	223.60767278033666	3.506673691947989	86.02741947240894	-0.0	95.64255936609557	203.69169204741928
5.283217256399185	222.80288096551362	3.519075128305146	86.6643451279837	-0.0	95.3945955732111	202.8787611088064
5.314972652165581	221.99725124828046	3.531736507523356	87.29945304331162	-0.0	95.09871732133884	202.06930859458805
5.346622501814697	221.1984663136055	3.5446546414130373	87.93245003629394	-0.0	94.76259521317772	201.26305951765056
5.3781544966773	220.39954782536873	3.5578263695368793	88.56308993354598	-0.0	94.39269930159367	200.4602224820003
5.409558320538324	219.6069559605792	3.571248559142901	89.19116641076648	-0.0	93.99454579392689	199.6605917481838
5.440825357263041	218.81459694122088	3.5849181048208956	89.81650714526081	-0.0	93.57283146180517	198.86431821868587
5.471948432354862	218.02803183369195	3.598831928394911	90.43896864709724	-0.0	93.13153177225625	198.07124701502877
5.502921599675618	217.2423165614794	3.6129869786217217	91.05843199351236	-0.0	92.67405567300428	197.2814774496495
5.533739962894533	216.46175955509034	3.627380231048084	91.67479925789065	-0.0	92.20331035657223	196.49491364995188
5.564399518820873	215.68236720627547	3.6420086877528846	92.28799037641747	-0.0	91.72175037669251	195.71160017348618
5.594897024873636	214.90784425359075	3.6568693771691403	92.89794049747272	-0.0	91.23149406743606	194.93148180581463
5.625229888977821	214.13493430420164	3.6719593538618827	93.50459777955642	-0.0	90.7343421391327	194.1545636738526
5.655396072444645	213.36642067241934	3.6872756983234205	94.1079214488929	-0.0	90.231813572837	193.38083304397372
5.685394007871822	212.59983176926949	3.7028155167827927	94.70788015743643	-0.0	89.72521909742844	192.61026189360956
5.715222529185404	211.83716884096535	3.718575940979438	95.30445058370807	-0.0	89.21566927871858	191.84286781440738
5.74488081141926	211.07688122101905	3.734554127997868	95.89761622838519	-0.0	88.70410241934628	191.07858881424403
5.774368320407506	210.32012513831432	3.7507472600224925	96.48736640815011	-0.0	88.19132155062151	190.31747123123495
5.803684767247496	209.5661163754161	3.7671525441950133	97.07369534494993	-0.0	87.67800582640753	189.55942928936494
5.832830071996131	208.81506810893845	3.78376721235377	97.65660143992262	-0.0	87.16472579016956	188.8045413792563
5.861804330486818	208.06728684046473	3.8005885209151073	98.23608660973635	-0.0	86.6519759693937	188.05268575508248
5.890607788580084	207.32204813149227	3.817613750593861	98.81215577160167	-0.0	86.140159119257	187.30396665238877
5.919240817237139	206.58042733492658	3.8348402063048463	99.38481634474276	-0.0	85.62961879426695	186.55824431584873
5.947703892439114	205.8408854612072	3.852265216873468	99.95407784878228	-0.0	85.12065112655085	185.81564248678689
5.975997579043347	205.10529724073294	3.8698861349509355	100.51995158086693	-0.0	84.6134960862669	185.07600665586017
6.00412251575677	204.3713926000968	3.8877003367195226	101.0824503151354	-0.0	84.10835804791526	184.33946987867412
6.032079404587593	203.64204933140172	3.9057052218172434	101.64158809175186	-0.0	83.60539527692706	183.60585983193195
6.059868995464363	202.91370001236564	3.9238982130361335	102.19737990928726	-0.0	83.10475660901209	182.87533566853278
6.087492082411839	202.19023246544225	3.942276756261014	102.74984164823678	-0.0	82.60655511597423	182.1477130506471
6.114949493566	201.46761549909223	3.960838320166461	103.29898987131999	-0.0	82.11088520750567	181.42314274714695
6.142242085842486	200.74995581514685	3.9795803961518277	103.84484171684973	-0.0	81.61781629564068	180.70145495759292
6.169370737804627	200.0330665310229	3.99850049805259	104.38741475609254	-0.0	81.12741324516836	179.98278729405803
6.196336346624451	199.32104412740892	4.017596162064552	104.92672693248902	-0.0	80.63972215500424	179.26699160020823
6.223139822045853	198.6098446385894	4.0368649464763084	105.46279644091706	-0.0	80.1547894770538	178.55417232578426
6.249782087997864	197.9035398546013	4.056304431572139	105.99564175995727	-0.0	79.67262946463802	177.84421175275045
6.276264074125682	197.1980826285083	4.07591221939104	106.52528148251363	-0.0	79.19326465543648	177.13719101644438
6.302586714185853	196.4972027874641	4.095685933609905	107.05173428371705	-0.0	78.71672372753319	176.43302613247437
6.328750949918121	195.79739926766118	4.115623219330738	107.57501899836242	-0.0	78.24299933934918	175.73175693344075
6.354757722854771	195.10195472855128	4.135721742937982	108.09515445709542	-0.0	77.7720958217977	175.03333278578523
6.380607973430124	194.40793658654007	4.155979191915188	108.61215946860248	-0.0	77.30402851213985	174.3377594239816
6.406302645535898	193.71782607402034	4.176393274677649	109.12605291071795	-0.0	76.83878088326487	173.64503005119107
6.431842679269353	193.02946955988094	4.196961720421194	109.63685358538706	-0.0	76.37635130708453	172.9551115006903
6.45722901315401	192.34463903035103	4.217682278930303	110.1445802630802	-0.0	75.91673250993034	172.2680251644986
6.482462582761125	191.6619734867514	4.238552720450908	110.64925165522249	-0.0	75.45991646940254	171.58371043131407
6.507544320327625	190.98237644830078	4.2595708354815764	111.15088640655249	-0.0	75.00589308448588	170.90221845294366
6.532475154969563	190.3052655310413	4.280734434667515	111.64950309939125	-0.0	74.55464661936044	170.22346530993926
6.557256010570782	189.6308419876995	4.3020413485782285	112.14512021141564	-0.0	74.10616820254359	169.54752176918586
6.581887807737007	188.95938368268693	4.323489427618617	112.63775615474013	-0.0	73.66043897524908	168.87427702928994
6.606370398506014	188.29010014473502	4.345092000046748	113.12740797012027	-0.0	73.22672223838084	168.20383208696813
6.631196759794104	187.62414258152393	4.398374897431555	113.62393519588208	-0.0	76.50744901167806	167.53604574124176
6.657619375340141	186.95989870367663	4.511063272486464	114.15238750680281	-0.0	82.16073734708714	166.87096813296262
6.685998097386751	186.2994332683772	4.679001134801215	114.719961947735	-0.0	88.09193940104835	166.20835763283722
6.7163115126445705	185.64034961715524	4.8948927595327465	115.3262302528914	-0.0	93.6417943927908	165.54826409575725
6.74836237771795	184.98525386653802	5.148642239627154	115.96724755435898	-0.0	98.39780496994737	164.89046072395786
6.781829112171494	184.3311986978621	5.4278787637694075	116.63658224342988	-0.0	102.15998376973762	164.235019870045
6.816339446790156	183.68142063763003	5.71864004443297	117.32678893580312	-0.0	104.6481703259036	163.58176169316425
6.851460001154141	183.03251959942386	6.006170955169822	118.02920002308282	-0.0	105.80413808690837	162.93080520612088
6.886737890860098	182.38797445946375	6.275782747389042	118.73475781720195	-0.0	105.6175678002507	162.28201758982294
6.921724050504958	181.7441432927987	6.513712116197865	119.43448101009915	-0.0	104.0433158326251	161.63555268957697
6.955969019740705	181.10473182406977	6.7079197676458096	120.11938039481409	-0.0	101.09745565320247	160.99133503587794
6.989023841359169	180.4660858952324	6.84877490289816	120.78047682718338	-0.0	96.88309954850581	160.3495414108288
7.0204497301944615	179.83173465902965	6.929583912921934	121.40899460388923	-0.0	91.50796263386825	159.7101483181691
7.049867307153692	179.19816313388807	6.946936604817603	121.99734614307383	-0.0	84.78594463772842	159.0733414716644
7.07795718148902	178.56878649055173	6.900859055835366	122.55275434020359	-0.0	75.62175101446093	158.43912937400032
7.617507049503229	177.9403838354412	6.794776650066262	122.60932949920608	-0.0	-0.0	157.80765375435118
9.173957665655493	177.31593664637822	6.6353022083292075	122.60932949920608	-0.0	-0.0	157.17895627243217
11.742552551218916	176.69261386517667	6.4318716988618405	122.60932949920608	-0.0	-0.0	156.5531526174595
15.310773620584175	176.07297434055064	6.196253726649225	122.60932949920608	-0.0	-0.0	155.9302599551762
19.861231094977487	175.45477665188966	5.941959770272678	122.60932949920608	-0.0	-0.0	155.31031695498544
25.371748251807805	174.83993308936647	5.683581092670162	122.60932949920608	-0.0	-0.0	154.69334525235487
31.815469503255596	174.22675615209783	5.43607684173907	122.60932949920608	-0.0	-0.0	154.07932119496022
39.16099127738294	173.6165276632656	5.214037272285705	122.60932949920608	-0.0	-0.0	153.46823230725374
47.372515063910534	173.00859261600095	5.030947016838399	122.60932949920608	-0.0	-0.0	152.85996230787944
56.41002187879346	172.4028883249056	4.898475960312983	122.60932949920608	-0.0	-0.0	152.25452038510474
66.22946729733906	171.79989926444068	4.825829087030847	122.60932949920608	-0.0	-0.0	151.65170591051756
76.78299610536834	171.1987942659183	4.819165266412147	122.60932949920608	-0.0	-0.0	151.05152217194018
88.01917552232025	170.60087114486623	4.844925384695756	122.60932949920608	-0.0	-0.0	150.45372988499994
99.88324585967634	170.00430627733903	4.870763137950499	122.60932949920608	-0.0	-0.0	149.85843534953793
112.31738739312254	169.41123815149072	4.896676965903479	122.60932949920608	-0.0	-0.0	149.2654788530343
125.26100214783933	168.81919952952563	4.922665328036774	122.60932949920608	-0.0	-0.0	148.6749935861828
138.65100922364107	168.2309534250021	4.948726698690938	122.60932949920608	-0.0	-0.0	148.08682485613386
152.4221522206856	167.64353751418528	4.9748595668355495	122.60932949920608	-0.0	-0.0	147.50110737914395
166.50731726751582	167.05998282548177	5.00106243605587	122.60932949920608	-0.0	-0.0	146.91769085272324
178.18140547819033	175.35521253060958	5.027333846792404	120.81299103407302	504.33854233269494	-0.0	146.68595628995007
184.40666901577964	174.34309353418422	5.053673238580175	115.76541010202378	951.6941700691393	-0.0	148.53725492346146
186.68079189931498	175.4081415742143	5.080083151448447	109.06408742771083	1007.2430338597832	-0.0	151.69478694529232
187.84050703126402	178.37482645006014	5.1065682747580885	102.61720747171066	922.990385815773	-0.0	154.75951398158796
188.5864327461668	180.9154070858962	5.133133290543652	96.76684424675844	830.8984952594113	-0.0	157.49278229701306
189.1518697587631	183.13928357694053	5.159782302871238	91.54470645600357	735.6172621438619	-0.0	159.8681780775032
189.71043855633542	185.07710400197007	5.186518779705426	86.94389028655011	645.7554567271432	-0.0	161.8813800100985
190.31704849786408	186.73277245556667	5.2133455520018614	82.90473384614845	567.9655304741357	-0.0	163.56209830129038
190.94159425607265	188.12611477838402	5.240264866285224	79.3424081041682	503.38171698222845	-0.0	164.95804365856773
191.52691014407642	189.28415080480136	5.267278467717333	76.17587422043212	449.27535046422935	-0.0	166.11780172508512
192.03130575566502	190.24362463131126	5.29438768490224	73.34322217137529	401.1125791992041	-0.0	167.07975557048206
192.45048341417737	191.0021714490273	5.3215934979794275	70.80580985511293	361.03750063325475	-0.0	167.8700610939776
192.77930317958666	191.6247299725021	5.348896586230565	68.53053546465287	322.3532047887996	-0.0	168.50678427638556
193.0299276878422	192.09342596047983	5.37629736179686	66.49507131108987	290.3190580423751	-0.0	169.004913261395
193.19365612877385	192.45709096326823	5.403795997310812	64.67355836826313	257.4701242775677	-0.0	169.37807451833095
193.27767945025644	192.69726269025966	5.43139245075883	63.0489065938356	228.5552633384543	-0.0	169.63816746515462
193.28366920270958	192.8298720927161	5.459086487185512	61.60485574014851	202.09339400240827	-0.0	169.79488174822168
193.21588833625393	192.86326940307262	5.486877696646253	60.3283304269374	178.14517671359332	-0.0	169.85619529334076
193.07639046341686	192.8082883722326	5.514765509136697	59.2075959830276	155.33572739902266	-0.0	169.82904544194275
192.87177988640565	192.65507304447593	5.542749207561709	58.23409149759224	139.65534638414272	-0.0	169.71948411449722
192.59202620170038	192.4448017489656	5.570827939096865	57.39589595409506	115.10951631437686	-0.0	169.53292138338335
192.29344397376497	192.1989497444709	5.599000724899607	56.702021283961905	92.21974103447907	-0.0	169.2671535025694
191.8712047449131	191.7979735848613	5.627266459745513	56.115692959275975	81.18376934253008	-0.0	168.937394950691
191.34457222543585	191.30185798721288	5.65562393616589	55.63789057316504	62.00226963642004	-0.0	168.55528753618503
190.83677678789982	190.76662086809694	5.684071860736873	55.30012850424456	79.46088838076092	-0.0	168.09823519377
190.2838679978401	190.26618346951014	5.712608825248684	55.08137966828326	39.894956444354	-0.0	167.56838263341268
189.05856572400955	189.2842527602938	5.741233309849496	55.00723509092421	-0.0	-0.0	166.9814475699552
186.29768895702875	189.3908095146311	5.7699436942571225	55.00723509092421	-0.0	-0.0	166.29763085850126
181.79548811638625	188.07918833277935	5.798738243628473	55.00723509092421	-0.0	-0.0	165.65897103786037
175.6396224423016	187.97440793354144	5.827615263153553	55.00723509092421	-0.0	-0.0	164.98833089029924
167.94994853979458	186.8577631513082	5.856573051364851	55.00723509092421	-0.0	-0.0	164.3476337665894
158.876186733589	186.59298540304016	5.885609940892011	55.00723509092421	-0.0	-0.0	163.6883454497595
148.595005967167	185.62430088266282	5.91472426692669	55.00723509092421	-0.0	-0.0	163.04795149876924
137.30658400390263	185.241965315083	5.943914390836073	55.00723509092421	-0.0	-0.0	162.39795154582825
125.23070990421256	184.38325800875367	5.973178682482343	55.00723509092421	-0.0	-0.0	161.75952360638766
112.60250466470131	183.91699949877577	6.002515532679337	55.00723509092421	-0.0	-0.0	161.11733404109492
99.66784333977186	183.13846763424232	6.031923344417293	55.00723509092421	-0.0	-0.0	160.48202829250897
86.67856777841526	182.61429027669163	6.061400538294407	55.00723509092421	-0.0	-0.0	159.84660761385587
73.88758318566535	181.89322396386726	6.0909455492186195	55.00723509092421	-0.0	-0.0	159.2152047741803
61.543933980183944	181.33066809220492	6.120556827640853	55.00723509092421	-0.0	-0.0	158.58583648966442
49.88795482254765	180.6502976655164	6.150232839421394	55.00723509092421	-0.0	-0.0	157.9588375249117
39.146591225215396	180.0636187504866	6.1799720647382	55.00723509092421	-0.0	-0.0	157.33503932101672
29.528980853339593	179.41171904248287	6.209772999613862	55.00723509092421	-0.0	-0.0	156.71275490409823
21.222381549864696	178.8110993379742	6.239634153697551	55.00723509092421	-0.0	-0.0	156.0942067421166
14.388525367518818	178.1791170933263	6.269554052506421	55.00723509092421	-0.0	-0.0	155.47680869407833
9.159512617303923	177.57162914614028	6.299531234815962	55.00090166085061	-0.0	40.98241016517868	154.86330450807603
5.819074589667231	176.95363649034812	6.286958901370302	57.0914983689049	-0.0	447.7724671383793	154.2508815000525
4.187938002983774	176.34405645945753	6.1777918063782264	60.458142594914015	-0.0	541.2776640842486	153.642415659595
4.153934990505633	175.73607937330394	6.067401135840267	64.07869981011265	-0.0	536.5366529091688	153.0353285337522
4.330117680963355	175.1275488736056	5.985019324557477	67.60235361926708	-0.0	520.4360026935897	152.43212134680994
4.500967424952706	174.52702568826356	5.930030445698864	71.01934849905412	-0.0	504.50643672225925	151.83038683777798
4.666519500162847	173.92146242054883	5.899882319606122	74.33039000325694	-0.0	488.65172541985874	151.2322371017832
4.826797052958605	173.32679986279692	5.89039542325271	77.53594105917209	-0.0	472.86476730128305	150.63564824914744
4.981823064294432	172.7254259011261	5.894981518056408	80.63646128588864	-0.0	457.1483662488139	150.04236511036865
5.131621732978974	172.1356294351316	5.906134498719507	83.63243465957949	-0.0	441.5066739416247	149.45075690836833
5.276218728579935	171.53905266295294	5.919252650166534	86.5243745715987	-0.0	425.9443415374516	148.8622303264816
5.4156413485513	170.95363930804524	5.9328397964682535	89.312826971026	-0.0	410.4664826750002	148.27551238333245
5.549918672479581	170.36215296387758	5.946559247886546	91.99837344959163	-0.0	395.07868651593645	147.69170127551484
5.679081734242194	169.78084198734263	5.9603433005596775	94.58163468484388	-0.0	379.7871026175891	147.1098165315757
5.803163721811779	169.19456124693306	5.9741782630233855	97.06327443623557	-0.0	364.5985105107945	146.5306931749714
5.922200196233904	168.61725666706354	5.988060993511539	99.44400392467807	-0.0	349.5203772471941	145.95358799987136
6.036229340184598	168.03612271944274	6.001990412341712	101.72458680369196	-0.0	334.5609793980608	145.37912633940806
6.145292243546347	167.4628351167339	6.0159658475245905	103.90584487092694	-0.0	319.7295018451078	144.8067488369202
6.2494332209666865	166.88678926578984	6.029986710372097	105.98866441933372	-0.0	305.03616001956135	144.23691938865713
6.348700186710874	166.31752108987615	6.044052431923289	107.97400373421748	-0.0	290.49230496231525	143.6692210875032
6.443145058998898	165.74640381426457	6.058162450123556	109.86290117997794	-0.0	276.11066409227635	143.10399517777643
6.532824243494168	165.1812259271791	6.072316207433322	111.65648486988334	-0.0	261.9054606175255	142.540928600924
6.617799170837256	164.61492771134894	6.086513150142831	113.35598341674512	-0.0	247.89268814877303	141.98027373560902
6.698136933408397	164.053930828567	6.100752728348424	114.96273866816793	-0.0	234.09023253261708	141.42179355733455
6.773910957918688	163.49234096467393	6.115034395914913	116.47821915837376	-0.0	220.51838634621473	140.86567602090122
6.845201848812621	162.93547679006906	6.1293576104041865	117.90403697625241	-0.0	207.1999252919687	140.31174193655863
6.912098274493255	162.3785352218825	6.143721833082921	119.2419654898651	-0.0	194.1606412544028	139.76012664769902
6.974698061919354	161.82583071172724	6.158126528789265	120.49396123838707	-0.0	181.42929412508866	139.21069732403484
7.033109202366386	161.2734450518445	6.1725711662336105	121.66218404732773	-0.0	169.03899102481694	138.66354904454
7.087451378657649	160.72492079703883	6.187055217463513	122.74902757315297	-0.0	157.02582928782599	138.1185841339091
7.1378571094095316	160.177032925666	6.20157815827155	123.75714218819063	-0.0	145.4306939214239	137.57586622461235
7.184473087943864	159.63266419168082	6.216139468320256	124.68946175887729	-0.0	134.29997773582707	137.0353297191011
7.227462175903971	159.08914670235887	6.230738630211665	125.54924351807942	-0.0	123.68158147049212	136.49700877239349
7.267004171153246	158.54892184790737	6.245375130402681	126.34008342306491	-0.0	113.62761852708185	135.96086193665167
7.303296205760969	158.00984886090797	6.260048459387886	127.06592411521936	-0.0	104.19669660854987	135.4268942916179
7.336554907039925	157.47373078281024	6.274758110132403	127.73109814079851	-0.0	95.43950246019948	134.89510236940248
7.367013810981078	156.93899772084802	6.2895035798385495	128.34027621962156	-0.0	87.40859975264345	134.3654583562096
7.3949225054729055	156.40693300627493	6.304284368898225	128.8984501094581	-0.0	80.14650923586906	133.83798162716838
7.4205426302633475	155.8765675223794	6.319099981234783	129.41085260526694	-0.0	73.68287876862891	133.31262315459261
7.444142582150355	155.34851999384207	6.33394992414108	129.8828516430071	-0.0	68.02808480843068	132.78942490745695
7.465990539717666	154.82241773597775	6.348833708241435	130.31981079435332	-0.0	63.168249789979924	132.26832025116894
7.486346009060227	154.29834318737096	6.363750847661327	130.72692018120455	-0.0	59.066813447404684	131.749365823602
7.505452413928413	153.77658385432284	6.3787008597393635	131.10904827856825	-0.0	55.66260067798136	131.2324746743679
7.523529776580401	153.256452460508	6.393683265356523	131.470595531608	-0.0	52.880145006350176	130.71772658541482
7.540770934450954	152.73890866405196	6.408697588526896	131.81541868901908	-0.0	50.63201334891249	130.20501829213472
7.557339347795595	152.22266319858682	6.423743356521255	132.1467869559119	-0.0	48.82916943295139	129.69444313970223
7.573369447947127	151.70932736276535	6.438820100123585	132.46738895894254	-0.0	47.38924397018569	129.18588300359184
7.588969422914684	151.19704156086937	6.45392735320389	132.77938845829368	-0.0	46.2374058154355	128.67944001528352
7.604224406602455	150.6878361418335	6.469064652918893	133.0844881320491	-0.0	45.310186074853966	128.1749952028814
7.619200314483999	150.17938308238598	6.484231539538934	133.38400628967997	-0.0	44.55532428470468	127.67265357983143
7.633947441567236	149.67427374701893	6.499427556713539	133.6789488313447	-0.0	43.93156174317144	127.17229052978499
7.648503842568172	149.1697692459834	6.514652251160489	133.97007685136344	-0.0	43.40642527254226	126.67400961376708
7.6628980594094	148.66864123532824	6.529905172851342	134.257961188188	-0.0	42.9550573318403	126.17769728363412
7.677151396601213	148.16804048873396	6.545185874718214	134.54302793202424	-0.0	42.55856939494408	125.68344557042631
7.691279687560658	147.67082748873577	6.560493912987843	134.82559375121315	-0.0	42.20286406947915	125.1911503855915
7.705294689453904	147.17420114047508	6.575828846929032	135.10589378907807	-0.0	41.877431258166084	124.70088822109386
7.719205129899641	146.68085962357256	6.591190239043011	135.3841025979928	-0.0	41.57452355687791	124.21257995158022
7.733017512331035	146.18806359954286	6.606577654571782	135.66035024662068	-0.0	41.2883717585275	123.72627927630018
7.746736692218748	145.6985483541918	6.621990662061969	135.93473384437496	-0.0	41.014791800941744	123.24192215322522
7.76036632309543	145.20972424879514	6.6374288331068385	136.2073264619086	-0.0	40.75073662541193	122.75954444459919
7.773909185378492	144.72392905650744	6.652891742202706	136.47818370756983	-0.0	40.49395798752055	122.27910762028382
7.787367419924934	144.23900713365722	6.668378966861182	136.74734839849867	-0.0	40.24282406705046	121.80062419433743
7.800742703024404	143.75687397274493	6.68389008758789	137.01485406048806	-0.0	39.99615082540766	121.32407506975014
7.814036370782954	143.2759126505956	6.699424687960847	137.28072741565907	-0.0	39.75310481363484	120.84944778563016
7.827249520644671	142.797407579472	6.714982354287182	137.5449904128934	-0.0	39.51303965155915	120.37675510032119
7.840383069143711	142.32030931724512	6.730562675959906	137.80766138287422	-0.0	39.275512492939924	119.90595748964037
7.853437805119909	141.84540432099834	6.746165245228776	138.06875610239817	-0.0	39.04019810891365	119.4370868076352
7.866414425040637	141.37221444907996	6.761789657232462	138.32828850081273	-0.0	38.80685489846978	118.97008363687495
7.879313555941635	140.9008542484424	6.777435510024144	138.58627111883268	-0.0	38.575321590159554	118.50500293827504
7.8921357778968275	140.431453080851	6.793102404462605	138.84271555793654	-0.0	38.34546310985518	118.04176793364533
7.9048818327609345	139.9636394946486	6.8089291457079595	139.09763665521868	-0.0	38.14762885246754	117.58044508520958
7.918598012552946	139.49809012226854	6.871901313230384	139.3719602510589	-0.0	45.46466655126005	117.1209262461398
7.935319785677699	139.03378978151295	7.0065215630770705	139.70639571355397	-0.0	54.76658575725005	116.66320743270448
7.955080832035375	138.57198282631563	7.199156826489679	140.1016166407075	-0.0	63.33972776806124	116.2070803558524
7.977510641316236	138.11114675313917	7.4323327910804	140.55021282632472	-0.0	70.94252698928466	115.75253418004294
8.002200076737818	137.65306939685198	7.684749960715941	141.04400153475635	-0.0	76.91892698707382	115.2994243494813
8.028606487847057	137.1957781088271	7.93368032740553	141.57212975694114	-0.0	81.19964398401902	114.84782368951167
8.05615015372802	136.74134448352743	8.157598240568664	142.1230030745604	-0.0	83.71377829096876	114.39763768321205
8.084230830187405	136.28754555574648	8.33855375705696	142.6846166037481	-0.0	84.41605937674001	113.94900239052038
8.112242553676655	135.83671361337875	8.46396119322266	143.2448510735331	-0.0	83.26688904177873	113.50189712291225
8.139585601186134	135.38646111486494	8.527610327903794	143.79171202372265	-0.0	80.21124393063195	113.05649718819552
8.165592525638502	134.93922544066046	8.529865367001811	144.31185051277	-0.0	75.61744722832408	112.6128030794582
8.189726287607655	134.49239435081137	8.477191748328757	144.79452575215308	-0.0	69.00149899973026	112.17099447823269
8.211387941321085	134.04867564510388	8.381360105909073	145.2277588264217	-0.0	60.16142681643094	111.73106993805345
8.229839253842815	133.60542267651778	8.259135292695683	145.5967850768563	-0.0	49.52118379686924	111.29313951130663
8.245563757807984	133.16509156645077	8.136901398654107	145.8808131639393	-0.0	36.55556122123437	110.85717533951156
8.91586358784356	132.7253876354218	8.036834843742621	145.88879606281913	-0.0	-0.0	110.42320185580323
10.800545054600882	132.2883873810373	7.871462404125688	145.88879606281913	-0.0	-0.0	109.99118007204272
13.890822363617401	131.8522223303751	7.650125602687579	145.88879606281913	-0.0	-0.0	109.56123204150082
18.171635002186523	131.41851048884857	7.386773449243801	145.88879606281913	-0.0	-0.0	109.1334185357761
23.622120365859384	130.98590177131152	7.097754809127713	145.88879606281913	-0.0	-0.0	108.70776989780065
30.21571543265901	130.55543143861445	6.80102050259306	145.88879606281913	-0.0	-0.0	108.28434942315135
37.92028621836559	130.12629793103497	6.51524334077181	145.88879606281913	-0.0	-0.0	107.86311266061429
46.698284381969344	129.69906424262146	6.258886302626015	145.88879606281913	-0.0	-0.0	107.44406757156105
56.506930218072384	129.27339469939162	6.049251489505903	145.88879606281913	-0.0	-0.0	107.0270984652132
67.29842114442299	128.84932816370858	5.901546836078273	145.88879606281913	-0.0	-0.0	106.61217320364536
79.02016466851556	128.42704494756805	5.828013234338031	145.88879606281913	-0.0	-0.0	106.19911709804393
91.61503469789064	128.0061229972527	5.8370423363351565	145.88879606281913	-0.0	-0.0	105.78786895715325
105.02164994499785	127.58732040981144	5.884689856767483	145.88879606281913	-0.0	-0.0	105.37821010474232
119.17467306982441	127.1695075996826	5.932185945773125	145.88879606281913	-0.0	-0.0	104.97020318544565
133.44124069281614	132.60956886240626	5.979530960272428	145.27452567092402	273.5881297441259	-0.0	104.5931643478653
144.98783337366336	136.7366413635496	6.026725493356243	141.54243869488968	861.7466454302203	-0.0	105.55632802410429
152.42034682382084	136.5832379939597	6.073772415169835	134.44448340389178	1193.8759544808256	-0.0	108.8894724946541
157.3632175403191	140.51302755177613	6.120678168397591	126.28914596982946	1231.4694876321007	-0.0	112.97499344662246
160.7556123499262	144.50071522636281	6.1674506156338085	118.13153073204302	1209.520872544457	-0.0	117.09611949239601
162.88457855259398	148.23334185259185	6.214097693967749	110.24983812918369	1148.3080174762308	-0.0	121.0896143258144
164.12483167480528	151.6963772692218	6.260627066836484	102.88321898851578	1057.6203933843713	-0.0	124.80728932185893
164.83265098886508	154.79433292862544	6.307045882207599	96.18200155913496	950.4991454081209	-0.0	128.15534057241217
165.31364213942956	157.51532828246962	6.353360613605114	90.21947948887154	837.763837323141	-0.0	131.0835109500007
165.7875167410724	159.87165007909084	6.399576978783708	84.99913214864317	729.6766404225513	-0.0	133.58173546109762
166.360028225185	161.90259268380464	6.44569992723932	80.46320155677064	633.3791903151166	-0.0	135.6757420803141
167.03493303299607	163.63047472917006	6.491733688360645	76.51643359551326	553.5352268323493	-0.0	137.41754137037367
167.74565569444846	165.09353066155148	6.537681862647671	73.05042907736602	488.5603882435904	-0.0	138.86936111946227
168.42057647079403	166.30573877704563	6.5835475300734485	69.97416392138338	436.2744462346562	-0.0	140.0878761265394
169.0114307218369	167.31930301017582	6.629333348850044	67.2213663504971	390.2454279674478	-0.0	141.11414969912067
169.51366374661615	168.14805816728708	6.6750416285717336	64.75297878541902	350.57738395340954	-0.0	141.97415021437362
169.92992483722657	168.83928551167278	6.720674377861041	62.53856451424616	313.30103622528964	-0.0	142.6852149964862
170.27003054943614	169.38790599694778	6.7662333369563585	60.554784507041475	281.76445787918806	-0.0	143.26211107455026
170.52822693411315	169.82799616590842	6.811720004975839	58.7765067035474	251.039377664991	-0.0	143.71869767298193
170.7105040966596	170.14440518594452	6.85713566510284	57.186098453549604	225.71863450844629	-0.0	144.06704739399217
170.8172148450164	170.36128812818055	6.902481406580061	55.76672500231927	202.56703708951827	-0.0	144.31681827997517
170.8522780311877	170.49108182608924	6.947758142635781	54.505102863957234	180.29880326519265	-0.0	144.47588696029229
170.82010912229737	170.53607492747005	6.992966625276438	53.390091656200056	159.88457566150095	-0.0	144.55119847939073
170.71960289839538	170.52022817055828	7.038107458283556	52.41060813291302	133.95419181697395	-0.0	144.54875560673634
170.59406303201575	170.3032888717311	7.083181108422134	51.570447056014956	161.7704374279151	-0.0	144.47332274357285
170.29853644336524	170.25616846935424	7.1281879153736485	50.81874142581975	61.750446646077236	-0.0	144.3352596267859
170.02849429090236	169.93337858119628	7.1731281081311575	50.20700980957299	92.52250468695212	-0.0	144.13340270376432
169.75284884163037	169.68332903044288	7.218001803743147	49.72014953265074	79.09982937323011	-0.0	143.8566091847498
169.4401026811027	169.30648980809866	7.262808992766932	49.344585677435404	109.65928401354626	-0.0	143.51443547127323
168.9099216091012	168.88736038158285	7.307549559392973	49.02550492378238	45.06118592148258	-0.0	143.1398072130369
168.3269839801093	168.35231423956742	7.35222332513385	48.80846934892086	-0.0	-0.0	142.71936841596784
167.23346985046217	167.57293201298248	7.396830033643934	48.75144673755208	-0.0	-0.0	142.22714854366382
164.75319506548814	167.64466906387912	7.441369304146153	48.75144673755208	-0.0	-0.0	141.64523503482926
160.7348753722947	166.5265162749451	7.4858406414968135	48.75144673755208	-0.0	-0.0	141.1124819534371
155.25674869578359	166.45259677866613	7.53024358727527	48.75144673755208	-0.0	-0.0	140.5424067776084
148.42547585347154	165.47601887368575	7.574577662318927	48.75144673755208	-0.0	-0.0	140.00707545005773
140.37406383644648	165.28235325071827	7.6188424170811375	48.75144673755208	-0.0	-0.0	139.44730967536017
131.25927612219107	164.4213747646709	7.663037390615364	48.75144673755208	-0.0	-0.0	138.9113130200651
121.25858044128238	164.1331709198584	7.70716214353365	48.75144673755208	-0.0	-0.0	138.36011692835655
110.56669342589245	163.36370516567575	7.751216231568377	48.75144673755208	-0.0	-0.0	137.8249071203731
99.3917894168499	163.00342405946935	7.795199226351586	48.75144673755208	-0.0	-0.0	137.28095647602305
87.95144724495889	162.3046386240642	7.83911069908859	48.75144673755208	-0.0	-0.0	136.74760965647963
76.46841390399833	161.89125166349342	7.882950233002652	48.75144673755208	-0.0	-0.0	136.20991670940165
65.16626759798586	161.2460324533431	7.926717413830862	48.75144673755208	-0.0	-0.0	135.6792080901896
54.265064604528675	160.79477115224603	7.97041183673217	48.75144673755208	-0.0	-0.0	135.14705413535563
43.97705471116517	160.18948143627134	8.014033101241454	48.75144673755208	-0.0	-0.0	134.61952392463155
34.50254864647926	159.71232534770266	8.057580814624739	48.75144673755208	-0.0	-0.0	134.09239292175894
26.026017968377847	159.1363815670983	8.101054589636073	48.75144673755208	-0.0	-0.0	133.56840877756088
18.712503345910882	158.6424002861832	8.058966708005222	48.75144673755208	-0.0	-0.0	133.0459563571809
12.704401166496048	158.08798543596296	7.882667695181958	48.75144673755208	-0.0	-0.0	132.52597853501055
8.173252154258993	157.58387426008494	7.654432338269292	49.117437114319635	-0.0	264.43792574931643	132.008513368569
5.299775091380093	157.0452082845201	7.4023696392361655	51.76337086856706	-0.0	488.078829517115	131.49326876316178
3.8919462629979	156.53575654331954	7.1479939185718555	55.32187483905043	-0.0	562.4783937570706	130.9809473476939
3.903421475411912	156.00867903161844	6.913107360739956	59.06842950823823	-0.0	554.6885073751087	130.4706268891583
4.085549678957579	155.49735208223714	6.708721893899036	62.710993579151584	-0.0	537.9394018826194	129.96329942552148
4.262120721504587	154.97898515274358	6.5345012503422915	66.24241443009173	-0.0	521.321388898491	129.45779690927958
4.433161224620296	154.46799550768552	6.38960156322019	69.6632244924059	-0.0	504.7588742265682	128.95519163232774
4.598688245963681	153.95642919555928	6.273010436353694	72.97376491927362	-0.0	488.24613699716775	128.45431015779133
4.758718664758607	153.44732678977496	6.183475942825029	76.17437329517215	-0.0	471.7852302677542	127.95617490927188
4.913270265358681	152.94123976831403	6.119398804226839	79.26540530717361	-0.0	455.37925973796405	127.45971473661957
5.062361939206078	152.43498289077283	6.078671508913812	82.24723878412156	-0.0	439.0317461438416	126.96583160062798
5.20601381332083	151.93358082789274	6.058459945474102	85.1202762664166	-0.0	422.7465740983583	126.47360215121249
5.3442473721759525	151.43074001833475	6.054997336061609	87.88494744351905	-0.0	406.5280227157262	125.98379020858275
5.47708560406556	150.93348563149033	6.0636638691002895	90.54171208131119	-0.0	390.38084146187555	125.49563343640351
5.604553168005913	150.43441950223243	6.07974563900131	93.09106336011827	-0.0	374.3102994166313	125.00976206537958
5.726676573931338	149.9410115127008	6.099588894908941	95.53353147862677	-0.0	358.3222831357335	124.52557050120564
5.843484408188833	149.44590859568447	6.12107283247676	97.86968816377666	-0.0	342.4233593067109	124.04356848477988
5.9550075799200926	148.95615481005044	6.14321039560603	100.10015159840185	-0.0	326.6208890820752	123.56328287788929
6.061279604278553	148.46504067921694	6.165596700475119	102.22559208557107	-0.0	310.92317668327723	123.08511324436849
6.162336939429783	147.97888724399095	6.188075001905306	104.24673878859565	-0.0	295.33964107409093	122.60869149331135
6.2582193854923664	147.49178619089454	6.210585939046891	106.16438770984732	-0.0	279.8809374690471	122.13432533904945
6.348970544539952	147.00917268524753	6.23310712331694	107.97941089079904	-0.0	264.559177948921	121.66173081828855
6.434638341049411	146.5260274124838	6.255630020869321	109.69276682098821	-0.0	249.3883612536211	121.19114127666678
6.515275701329203	146.04694813588273	6.278151263861285	111.30551402658405	-0.0	234.3844346634097	120.72233805717217
6.590941277036216	145.56770948940783	6.300669410004686	112.81882554072432	-0.0	219.5659607026473	120.25549753242154
6.66170038829433	145.09217134017894	6.3231837344273	114.23400776588659	-0.0	204.95439748196884	119.7904507660355
6.727626060039611	144.61673238323627	6.345693780556872	115.55252120079221	-0.0	190.57505233399894	119.32733251682762
6.788800512680807	144.14482002080604	6.368199193099722	116.77601025361614	-0.0	176.4566005870654	118.8660068301592
6.8453163500479475	143.6731404790242	6.390699655890237	117.90632700095894	-0.0	162.63457531364548	118.40658128842193
6.897278964550653	143.2047445233487	6.413194868821481	118.94557929101305	-0.0	149.14900708603298	117.94894663916247
6.944808404909901	142.73681501882692	6.435684539203343	119.89616809819802	-0.0	136.04832147069422	117.49318385255356
6.988042152163258	142.27193478614745	6.4581683786160715	120.76084304326515	-0.0	123.3901871284222	117.03920903534299
7.027138640976396	141.80768450584873	6.480646101653145	121.54277281952791	-0.0	111.24042510848626	116.58708104464392
7.0622803600104085	141.34630254950108	6.503117425519064	122.24560720020816	-0.0	99.67730155213982	116.13673557978197
7.0936773043023535	140.88571243395566	6.525582069807727	122.87354608604706	-0.0	88.79452450932719	115.68821031802626
7.1215724874817905	140.42786318884214	6.548039756460935	123.4314497496358	-0.0	78.68814430160226	115.24146174845289
7.146242997910346	139.97087270276126	6.570490209704673	123.92485995820692	-0.0	69.46416273076986	114.79651232680453
7.168000589448719	139.51644960014445	6.592933156051374	124.36001178897438	-0.0	61.230734355572956	114.35333386088818
7.187190088089611	139.06307238490885	6.6153683242617145	124.74380176179221	-0.0	54.07243473142121	113.91192934964126
7.204179469080502	138.61208409782208	6.6377954453435075	125.08358938161004	-0.0	48.03721644658163	113.4722886640833
7.219344438776752	138.1622850719412	6.660214252530054	125.38688877553504	-0.0	43.117115642397394	113.03440076127029
7.2330468153224174	137.71464219284556	6.6826244812696896	125.66093630644835	-0.0	39.24904066227184	112.59827255489695
7.2456168364619495	137.2684466258257	6.705025869213366	125.91233672923899	-0.0	36.29866945313188	112.16386976054228
7.257334467151502	136.8241440880076	6.727418156192111	126.14668934303002	-0.0	34.1087945831394	111.73122206988747
7.26842494263463	136.38147062717437	6.749801084220112	126.3684988526926	-0.0	32.50937837930842	111.30027924661668
7.279059478299971	135.9404599164077	6.772174397457964	126.58118956599942	-0.0	31.349755532220662	110.87108475789712
7.289363207793652	135.50135640714615	6.794537842230073	126.78726415587305	-0.0	30.506097797010217	110.44357101949512
7.299424759267566	135.06361997854708	6.816891166973895	126.98849518535131	-0.0	29.88349674183725	110.01779900291608
7.309305544536294	134.62799489691497	6.83923412226856	127.18611089072589	-0.0	29.41218620451098	109.59368921149316
7.319047388775782	134.19349134577038	6.861566460774629	127.38094777551562	-0.0	29.04310787016773	109.17131282621128
7.3286784429638745	133.7613494224613	6.883887937275128	127.57356885927749	-0.0	28.74286812247643	108.75057838579848
7.33821758022176	133.33010204592946	6.906198308604575	127.76435160443519	-0.0	28.488602910094773	108.33156600319329
7.347677397623713	132.90139300806695	6.928497333693511	127.95354795247424	-0.0	28.26497395722853	107.91418205874876
7.357066296151956	132.47325215804167	6.95078477350144	128.14132592303912	-0.0	28.061817922082877	107.49850855041643
7.366389903145327	132.04804687562302	6.973060391054291	128.32779806290654	-0.0	27.872376821638426	107.08444378606079
7.375652006225022	131.62312410215924	6.995323951379769	128.51304012450044	-0.0	27.692243911680357	106.67207796356526
7.384855190263837	131.20116184016246	7.017575221554677	128.69710380527673	-0.0	27.518515084787317	106.26131504607915
7.39400124730798	130.77948710747486	7.039813970634115	128.88002494615958	-0.0	27.34931492460459	105.85222534522642
7.403091461044376	130.3608448500948	7.062039969681022	129.06182922088752	-0.0	27.18334868338505	105.44473211777567
7.412126770922687	129.94243473359572	7.084252991720833	129.24253541845374	-0.0	27.019819488404938	105.03889318102381
7.421107894932672	129.52689436861985	7.106452811771654	129.42215789865344	-0.0	26.858225114666205	104.6346485909635
7.430035412560304	129.111785005227	7.1286392067803455	129.60070825120607	-0.0	26.698199434118663	104.23203285793343
7.43890980851868	128.6993539197366	7.150811955654032	129.7781961703736	-0.0	26.53950665627073	103.8310067150982
7.447731503073678	128.28755754210556	7.172970839221765	129.95463006147355	-0.0	26.382019654591648	103.43158674709288
7.456500878422594	127.87816943564563	7.195115640237924	130.13001756845188	-0.0	26.225641725649588	103.03375445300904
7.465218291775432	127.46962306063111	7.217246143355537	130.30436583550863	-0.0	26.07029248054978	102.63750652677366
7.473884081103698	127.06327201002449	7.239362135126693	130.47768162207396	-0.0	25.91592686730372	102.2428404139298
7.482498569536107	126.6580003566768	7.2614634039917645	130.64997139072213	-0.0	25.762541970153293	101.8497355694505
7.491062076463708	126.25465544926097	7.283549740250223	130.82124152927415	-0.0	25.610096454889483	101.45821010385124
7.499572956119714	125.85258294014238	7.3056281558696226	130.99145912239428	-0.0	25.478029356901263	101.0682258912629
7.50805497078398	125.45210606495787	7.327888052891173	131.1610994156796	-0.0	25.2478533849238	100.67982022503949
7.517817009021218	125.05349572239822	7.405702656911275	131.35634018042435	-0.0	34.528089383790594	100.29289689343202
7.530973574901755	124.6558353784148	7.5641363964364565	131.6194714980351	-0.0	44.238715387472	99.907442512846
7.5472170027099565	124.26036655050132	7.787455888340941	131.94434005419913	-0.0	52.81417084092072	99.52322761601602
7.566088664616366	123.86568457830037	8.056412233987757	132.32177329232732	-0.0	60.041347945476154	99.14024475714935
7.587083564680416	123.47334741013762	8.347633112704917	132.7416712936083	-0.0	65.637428368146	98.75833098771523
7.609646380588725	123.08164147591158	8.636025210399808	133.19292761177448	-0.0	69.40509981889497	98.3775613716715
7.6331695354328035	122.69239134704715	8.897565464161117	133.66339070865607	-0.0	71.37185988733253	97.99784467230181
7.6570418799213575	122.30359284170085	9.111871772798533	134.14083759842714	-0.0	71.48941477670704	97.6193227119601
7.680644719103109	121.91739805028664	9.264184439570387	134.61289438206217	-0.0	69.74384371395719	97.24198290174198
7.703371578552119	121.53157936131024	9.346538468826473	135.06743157104236	-0.0	66.06148959879211	96.86601207071517
7.724525193349341	121.14846867832645	9.358070079067339	135.4905038669868	-0.0	60.79302156342275	96.49142771858878
7.743586929738029	120.76549892426596	9.304575671486832	135.8717385947606	-0.0	53.27121684900235	96.118429264029
7.760032704938645	120.38535309062745	9.197629537169778	136.2006540987729	-0.0	42.72664090831266	95.74702308712364
7.775744504589368	120.00541871481946	9.053884330632986	136.51489009178735	-0.0	4.648660980581331	95.3773433998539
7.785266099489092	119.62810993290829	8.896293845368369	136.64115364016533	-0.0	4.904343653197105	95.00938651694939
8.44040374428406	119.25122483429998	8.776628759483417	136.63208349310577	-0.0	-0.0	94.64318229315144
10.233018046411079	118.87668569651336	8.6079537376219	136.63208349310577	-0.0	-0.0	94.2786697429778
13.153918951349235	118.50280698978435	8.376250766663876	136.63208349310577	-0.0	-0.0	93.91594581063038
17.188871404832188	118.13106620222035	8.09679607620723	136.63208349310577	-0.0	-0.0	93.5550785575918
22.318211005701823	117.76011473379786	7.7876585303586445	136.63208349310577	-0.0	-0.0	93.19615204897923
28.516939840661585	117.39115109468322	7.468820710089392	136.63208349310577	-0.0	-0.0	92.83917695717213
35.75484831198099	117.0231122401045	7.161197555798206	136.63208349310577	-0.0	-0.0	92.48415634189615
43.99666236442169	116.65690548689402	6.885586547572104	136.63208349310577	-0.0	-0.0	92.1310599343619
53.20221539387632	116.29172821678883	6.661586694140813	136.63208349310577	-0.0	-0.0	91.77981076184295
63.32664399990821	115.92819342417351	6.506529088992503	136.63208349310577	-0.0	-0.0	91.43033138602635
74.32060662821462	115.56597194939397	6.434468690063264	136.63208349310577	-0.0	-0.0	91.08245428499689
86.13052403741735	115.20505693602921	6.455001546359778	136.63208349310577	-0.0	-0.0	90.73609762655983
98.69884041830892	114.8456406308551	6.516652085909411	136.63208349310577	-0.0	-0.0	90.39105847903703
111.96430389294399	114.48743836385228	6.578028279416309	136.63208349310577	-0.0	-0.0	90.04734495254272
124.60842737325355	122.5222776908708	6.639131455962819	135.27009784237993	433.3052866218549	-0.0	89.90642868439826
133.98129356039018	123.40806768484678	6.699963570521426	130.45652941038276	975.4949147991013	-0.0	91.71406473700142
139.91175276471637	124.77919352432251	6.760529555143945	123.11982231175482	1167.0177083641222	-0.0	95.3430410203191
143.9734535041521	128.78432865173397	6.820837224540062	115.29766616151467	1169.1968340350704	-0.0	99.32498810712471
146.71433236811322	132.49837543841934	6.8808951233404665	107.60794285058641	1131.1216219631065	-0.0	103.26351402399192
148.42549978986952	135.9878705002077	6.940711686619925	100.29307652199029	1058.0106975213268	-0.0	107.01177961054542
149.45660311396398	139.16788310213306	7.000294969763924	93.54866728589506	962.2810405826266	-0.0	110.44856651663962
150.12357448398723	141.98879918250648	7.0596524479271405	87.48522709717325	855.6458245870583	-0.0	113.50258289784824
150.67862101140346	144.4561821488501	7.118790896978564	82.14035205897356	748.3445046432842	-0.0	116.14371596760508
151.27871201272777	146.5939953748166	7.1777163467846075	77.48668335748197	649.3261872218046	-0.0	118.38020673496462
151.97415381862646	148.42850468719666	7.236434099325973	73.44696472689992	564.8968240561119	-0.0	120.25148440002337
152.72811880323104	149.99198166514122	7.294948799197873	69.91789585843996	496.2381912228073	-0.0	121.81523849320315
153.46861230593433	151.3116732480113	7.353264534317014	66.80005070726084	440.59563685206143	-0.0	123.1309346944313
154.1403501708558	152.40787665965206	7.411384939245969	64.01862890405043	394.8703787426166	-0.0	124.24611749766937
154.72027044011196	153.32516044908064	7.469313278784215	61.524119672853686	354.3443229301391	-0.0	125.19194002892667
155.21333983336044	154.09162306600055	7.527052504420841	59.28545826358802	317.73339305523064	-0.0	125.98782777506126
155.62828880373658	154.7257639594687	7.584605290694053	57.27768408936358	285.00392275214136	-0.0	126.64856531814841
155.96657967296554	155.24139462997906	7.6419740628724355	55.47704703253102	255.47339170407423	-0.0	127.18804451237003
156.2281329781661	155.64464553767112	7.699161022332139	53.862783444886624	229.15904879481997	-0.0	127.6190312895401
156.4144234013137	155.94892931043395	7.756168169706766	52.41765976757375	204.68138210198373	-0.0	127.95198835796549
156.53104256590836	156.16154584857418	7.812997324157283	51.12826471259479	182.35872493543266	-0.0	128.19520813028913
156.58169441428436	156.2917331622728	7.869650138933251	49.982601583215164	161.5441508722603	-0.0	128.35580908204543
156.5689377860377	156.343760577854	7.926128114745663	48.9701228235967	142.3585218261759	-0.0	128.4402511288782
156.4942820441857	156.3248714572451	7.982432611815019	48.08156656956677	123.47855208356121	-0.0	128.45414809204823
156.3621049658313	156.23436156854646	8.038564860400246	47.30995761821736	107.22362498831508	-0.0	128.40211478516844
156.19947916590422	156.28383853120957	8.09452596882329	46.656220437432204	-0.0	-0.0	128.2786853734878
156.00764687313062	155.91076206258003	8.150316918204	46.114590833933505	93.37897487953707	-0.0	128.0990439289544
155.70851168253785	155.5487755599366	8.205938586284653	45.65756184825058	119.90100514221452	-0.0	127.87577920517944
155.34240138638495	155.2256260768325	8.261391766988478	45.29321164492788	102.51720762740594	-0.0	127.5968095739879
154.9147909542861	154.86084905465177	8.316677156358931	45.020164912975694	69.6761865136897	-0.0	127.26697142845131
154.42701151183982	154.4525190101709	8.371795358104585	44.83772291007703	-0.0	-0.0	126.8874985148263
153.21720324892038	153.86835921957544	8.426746886873683	44.736463567322225	-0.0	-0.0	126.4634509529486
150.90959849969667	153.70135484813693	8.481532180345724	44.736463567322225	-0.0	-0.0	125.98532115310421
147.19473093383596	152.97702238241033	8.536151578832907	44.736463567322225	-0.0	-0.0	125.48589458837874
142.14493016964275	152.62016330433394	8.590605392337803	44.736463567322225	-0.0	-0.0	125.0105895613994
135.85851738689595	152.04993821096875	8.64489395162795	44.736463567322225	-0.0	-0.0	124.5148192370729
128.45789098312108	151.5822659600049	8.699017569139631	44.736463567322225	-0.0	-0.0	124.04278227078223
120.08714343901194	151.1016555642618	8.75297657669098	44.736463567322225	-0.0	-0.0	123.5517684153362
110.90925579334177	150.57526460513685	8.806771289873868	44.736463567322225	-0.0	-0.0	123.08221574947846
101.10292435183399	150.14245007163578	8.8604020410979	44.736463567322225	-0.0	-0.0	122.59641160464749
90.85908141491504	149.59053865082865	8.913869149240387	44.736463567322225	-0.0	-0.0	122.12903842411404
80.37717776689563	149.17934701493596	8.967172947149589	44.736463567322225	-0.0	-0.0	121.64853254657696
69.86129930761813	148.6220433233037	9.020313756890115	44.736463567322225	-0.0	-0.0	121.18330987062157
59.516193436986846	148.21721269710847	9.073291911765102	44.736463567322225	-0.0	-0.0	120.70798523087457
49.54328255989162	147.6658717168252	9.126107736810763	44.736463567322225	-0.0	-0.0	120.2450304519439
40.136742329794316	147.25906871142342	9.178761565882674	44.736463567322225	-0.0	-0.0	119.77467327497776
31.47972098882345	146.71944254858292	9.22386810761699	44.736463567322225	-0.0	-0.0	119.31416614917786
23.74077341495118	146.30683558862555	9.106919838653809	44.736463567322225	-0.0	-0.0	118.8486090899869
17.070579306494665	145.78118598324428	8.903927575442456	44.736463567322225	-0.0	-0.0	118.39112878747548
11.59900940186578	145.36163526853755	8.654380607561196	44.736463567322225	-0.0	-0.0	117.93077467319358
7.488108456139339	144.85012953610175	8.376992714566233	45.113897614895805	-0.0	259.6953812761071	117.47702864259512
4.896885284467967	144.42409471443662	8.086969958962626	47.66330114708506	-0.0	467.4425015801928	117.02193468719516
3.6472117243177573	143.92574529786384	7.800187408202161	51.06173767533366	-0.0	535.8782775868655	116.57222280714488
3.681175232037026	143.49428176076356	7.534826001908437	54.62350464074052	-0.0	526.6728715791958	116.12223608935324
3.8539495789948077	143.00781775925705	7.299953303760201	58.078991579896154	-0.0	509.83985179870064	115.67661190331788
4.021138024855997	142.57239000593637	7.095183439714103	61.42276049711994	-0.0	493.1346732790803	115.23141897638763
4.182766885305221	142.09620545592693	6.919760148637026	64.65533770610442	-0.0	476.48525940431523	114.78978078674757
4.338853426820629	141.6582327231796	6.772810995460504	67.77706853641259	-0.0	459.8864805941857	114.34904696220184
4.489414866655771	141.19089965985617	6.653308467114198	70.78829733311541	-0.0	443.3406975462641	113.91126349258013
4.634469428679795	140.75169982151286	6.560015211744697	73.6893885735959	-0.0	426.8513344675706	113.47469262768924
4.7740365585378335	140.291951883057	6.491407351026384	76.48073117075666	-0.0	410.4222774839029	113.04062554269252
4.908137070647605	139.85264841618726	6.445570650548458	79.16274141295209	-0.0	394.0578495121401	112.60795899176503
5.036793296693392	139.39938229983466	6.420073746219192	81.73586593386783	-0.0	377.7628489236446	112.17747306611147
5.1600292611383525	138.96086956412472	6.411856194730929	84.20058522276705	-0.0	361.5426487204938	111.74849630930002
5.277870885523483	138.5132594517519	6.417243562663476	86.55741771046966	-0.0	345.40326362331524	111.32147228195785
5.390346216935925	138.07622654926033	6.432265060444291	88.8069243387185	-0.0	329.3514545202777	110.89602192081277
5.497485700394877	137.6335998026556	6.453293216412516	90.94971400789754	-0.0	313.3948748576099	110.47237603082075
5.599322497991256	137.1985983843242	6.477626521432097	92.98644995982512	-0.0	297.5421929110784	110.05034598075406
5.695892858894087	136.76043513837328	6.503605605118442	94.91785717788174	-0.0	281.8032715197737	109.63003202475498
5.787236555618006	136.3278166500423	6.530347746126261	96.74473111236011	-0.0	266.18943382704254	109.2113620221898
5.873397407748578	135.89378054708914	6.557423042359108	98.46794815497155	-0.0	250.7136998432688	108.79435248340788
5.954423900024171	135.46382447003305	6.584631759050229	100.0884780004834	-0.0	235.39114137626296	108.37900053520394
6.0303699419484325	135.03361443142632	6.61188320211648	101.60739883896865	-0.0	220.23922507214402	107.96527453448802
6.101295755398034	134.60649427861912	6.639136610582464	103.02591510796069	-0.0	205.27839071826276	107.55320756589524
6.167268938912418	134.1799161618434	6.666373718464089	104.34537877824835	-0.0	190.53287385371016	107.14274144510736
6.22836589293297	133.75576635166325	6.693586315178776	105.56731785865941	-0.0	176.03089739549432	106.73392841007504
6.284673295492484	133.33267543548462	6.720770670957521	106.69346590984968	-0.0	161.80664892296627	106.32669816062388
6.336290290788981	132.91156217885708	6.7479250459524796	107.72580581577962	-0.0	147.90027155835816	105.92111105346048
6.383330703789296	132.4918519695693	6.775048584796905	108.66661407578592	-0.0	134.36093939700336	105.51709155956024
6.425926357669205	132.07382050241478	6.8021408245248365	109.5185271533841	-0.0	121.24655475109128	105.11470307894243
6.464230317099947	131.65741281719414	6.829201477010126	110.28460634199892	-0.0	108.62837104870147	104.71386868350373
6.498421727957886	131.2424652864393	6.856230332215639	110.96843455915771	-0.0	96.58967344655834	104.31465262107785
6.5287099967189555	130.82933386979207	6.883227215596269	111.57419993437911	-0.0	85.2323321771387	103.9169764501294
6.555340990979794	130.41744024622434	6.910191969103072	112.10681981959588	-0.0	74.67080056765494	103.52090821922299
6.578601154906561	130.00752255487973	6.937124442911588	112.57202309813121	-0.0	65.0330891610852	103.12636555405719
6.5988205977958065	129.5986875632537	6.964024491664479	112.97641195591612	-0.0	56.44872593741581	102.73341847638471
6.616370513984749	129.19196433882652	6.990891972900425	113.32741027969497	-0.0	49.03561766761637	102.34198372404393
6.631654420172804	128.7861795628569	7.017726746265828	113.63308840345607	-0.0	42.867119968741385	101.95213168874122
6.645089701528175	128.38261717028146	7.044528673241979	113.9017940305635	-0.0	37.93565029060535	101.56377920617746
6.657077755401823	127.97984994073643	7.071297616954674	114.14155510803646	-0.0	34.16022988359185	101.17699748289127
6.667978356564996	127.57939948011989	7.098033442152197	114.35956713129991	-0.0	31.38101194292871	100.7917040351993
6.678089935463089	127.179648346623	7.124736015110666	114.56179870926178	-0.0	29.3957289462449	100.40796645008463
6.687643302453858	126.78230735275231	7.151405203662269	114.75286604907716	-0.0	27.99974973688605	100.02570565883407
6.696805922802907	126.38554522652477	7.178040877135664	114.93611845605814	-0.0	27.024655586233177	99.6449878440947
6.705694741561292	125.99123651554693	7.20464290639759	115.11389483122582	-0.0	26.337726394493757	99.26573802687491
6.714388722676288	125.5974795834719	7.231211163795341	115.28777445352576	-0.0	25.843080580141955	98.88801290061063
6.722940129680353	125.20619456756508	7.25774552316303	115.45880259360706	-0.0	25.47367548639854	98.51174805702254
6.7313829210220035	124.81541508746402	7.284245859798969	115.62765842044007	-0.0	25.18542451618139	98.1369930595984
6.7397390079654285	124.42705889863403	7.3107120504900225	115.79478015930856	-0.0	24.949509183589452	97.76369239079706
6.74802246211855	124.03929271515588	7.337143973492096	115.960449242371	-0.0	24.7473286936913	97.39187827294005
6.756242348518291	123.6538724675721	7.363541508462424	116.12484697036581	-0.0	24.56663303340621	97.02151696166618
6.7644044765900055	123.26908437536802	7.389904536529381	116.2880895318001	-0.0	24.399833216213423	96.65262356926763
6.772512615152387	122.88650285973813	7.416232940235344	116.45025230304773	-0.0	24.24206975461293	96.28517836066712
6.780569227916042	122.50475233330553	7.4425266035742	116.61138455832084	-0.0	24.09036323016079	95.9191771803104
6.788575977821259	122.12495662445907	7.468785411893969	116.77151955642518	-0.0	23.942696025532253	95.5546264264511
6.796534000954146	121.74620886510662	7.495009251989102	116.93068001908291	-0.0	23.7978890576156	95.19149767631741
6.804444113764767	121.36918695968005	7.52119801202007	117.08888227529533	-0.0	23.655177362008597	94.82981435371315
6.812306928783412	120.99343228914792	7.547351581545039	117.24613857566824	-0.0	23.51408584512052	94.46953446806847
6.820122930934993	120.61916963135299	7.573469851482918	117.40245861869984	-0.0	23.374319252111615	94.11069454431616
6.827892527012325	120.24634030978467	7.5995527141201995	117.55785054024649	-0.0	23.23567315866048	93.75324257846901
6.8356160717325585	119.87480832288004	7.625600063088873	117.71232143465116	-0.0	23.098027454935583	93.39722370651822
6.843293885882445	119.50491790399393	7.651611793389769	117.86587771764889	-0.0	22.961326799862576	93.04257571189389
6.850926272334323	119.1361295828668	7.677587801332926	118.01852544668647	-0.0	22.825515920271148	92.68935278000465
6.858513518574132	118.76918722950774	7.703527984576458	118.17027037148264	-0.0	22.69057759961851	92.33748464927585
6.866055913449699	118.40294988624976	7.729432242062283	118.32111826899397	-0.0	22.55639744331517	91.98704109321159
6.873553720361642	118.03894528049773	7.755300474096559	118.47107440723282	-0.0	22.423073188526505	91.63793144474627
6.8810072122763435	117.67543187344098	7.781132582236722	118.62014424552686	-0.0	22.2905583595582	91.29023639784405
6.888416655583545	117.31423138953636	7.806928469370111	118.7683331116709	-0.0	22.158844615093525	90.9438664653323
6.8957823169834	116.95341557897329	7.832688039622062	118.915646339668	-0.0	22.02789305649401	90.59889874315805
6.903104454840166	116.59497251364407	7.85841119844087	119.06208909680332	-0.0	21.897731411313412	90.25524732782166
6.910389043479556	116.23689376117208	7.884624845250084	119.20778086959112	-0.0	21.96190584050943	89.91298060211261
6.919076070462097	115.88119571855972	7.974464567167064	119.38152140924194	-0.0	30.881643690448747	89.57200494323891
6.930987303151183	115.52577792871374	8.153482700711596	119.61974606302365	-0.0	40.29352071796782	89.23225561129487
6.945795127315448	115.17274698128072	8.404266966686414	119.91590254630896	-0.0	48.45001175983816	88.8935361484845
6.963066901303104	114.82009068616875	8.705685069457722	120.26133802606206	-0.0	54.891460542160054	88.55579603825524
6.9822580554020695	114.46969994333533	9.03215847913111	120.64516110804138	-0.0	59.931809588557044	88.21890387297849
7.002835586485584	114.11979581776532	9.356154681697928	121.05671172971167	-0.0	63.32918937521025	87.88286699426335
7.024248284002953	113.77197322305594	9.651161512667644	121.48496568005905	-0.0	64.82674656792567	87.54768928129596
7.045880947284845	113.42477604299351	9.894458204340557	121.91761894569689	-0.0	64.66429176861155	87.21342144611802
7.067162607037507	113.07955301560041	10.069280312207159	122.34325214075014	-0.0	62.66881921494405	86.88014753278742
7.087500687007313	112.73510273099164	10.166137641815673	122.75001374014624	-0.0	58.862123383903246	86.54797904400533
7.106278034719832	112.39240166859997	10.183212806399068	123.12556069439664	-0.0	53.389816828791375	86.21704331692499
7.122875325418896	112.05066946062833	10.125948473261811	123.4575065083779	-0.0	46.29085320818043	85.88744332253228
7.1370259001846446	111.71051756660663	10.006117714610662	123.74051800369288	-0.0	35.35588994345873	85.55931809807589
7.147128974620993	111.37146583390556	9.840946190277558	123.94257949241985	-0.0	22.806646648128357	85.23272040002442
7.157620689993859	111.03382558192723	9.651877937797945	124.04892724535577	-0.0	-0.0	84.90773908522134
7.778155823407137	110.69742173477962	9.508269579765214	124.04749309224718	-0.0	-0.0	84.58434183376868
9.430150273786436	110.36229889025414	9.326383506137718	124.04749309224718	-0.0	-0.0	84.26251646453369
12.105481253495567	110.02850867821954	9.075524918941252	124.04749309224718	-0.0	-0.0	83.94229863752543
15.79111049697321	109.69585899337737	8.77232236943878	124.04749309224718	-0.0	-0.0	83.62381683864446
20.469076034952234	109.36465054592685	8.436604335866505	124.04749309224718	-0.0	-0.0	83.30710186137337
26.116579732386402	109.03439934831378	8.090317633608247	124.04749309224718	-0.0	-0.0	82.99222314110828
32.70609839549962	108.70589379588861	7.756448167853642	124.04749309224718	-0.0	-0.0	82.67916217041258
40.20551790648709	108.37797509254986	7.457864219830223	124.04749309224718	-0.0	-0.0	82.36790933313662
48.57828973214621	108.05201007263142	7.216123601082849	124.04749309224718	-0.0	-0.0	82.05833184069276
57.78360904370048	107.7265353143626	7.050292230855646	124.04749309224718	-0.0	-0.0	81.75038197538923
67.77661357974338	107.40297072624786	6.9758293996947645	124.04749309224718	-0.0	-0.0	81.44387771953062
78.50860228314038	107.08000702236633	7.003038919814906	124.04749309224718	-0.0	-0.0	81.13870688031271
89.9272726463598	106.75878286778335	7.073006716844015	124.04749309224718	-0.0	-0.0	80.83467937094598
101.97697560852582	106.43830653059557	7.14262604447677	124.04749309224718	-0.0	-0.0	80.5317813574976
113.80909233395535	112.7111614987904	7.211898809638116	123.19189981679071	314.3465844650535	-0.0	80.31308943739323
122.84508262240546	114.97660441278592	7.280827274204138	119.30284777842627	841.5242354595372	-0.0	81.6031494440672
128.36386963283738	115.4400580448646	7.3494161000520375	112.6930340778666	1078.491095428029	-0.0	84.83645563365381
131.94128549908848	118.9374504981571	7.4176729305462565	105.43916470667138	1081.824916557122	-0.0	88.55472332856726
134.35489314737018	122.3951777162851	7.485606349286979	98.35705770824612	1037.4846450900643	-0.0	92.20491882331719
135.8927454833764	125.57423365133577	7.553224814439005	91.67080356984886	963.6732147796032	-0.0	95.65094831797802
136.87849244990977	128.46347414368745	7.6205363794420355	85.5494550952361	870.2595288533238	-0.0	98.78653295984485
137.59668445412734	131.02309261970728	7.687548518979163	80.08212267946023	769.1705045682687	-0.0	101.55186939782895
138.25617983821675	133.25932993782163	7.7542680300551625	75.28502577269902	670.6090448506945	-0.0	103.92961003440523
138.96775404180244	135.19258475953117	7.820701006183735	71.11403649776341	582.893845742442	-0.0	105.93847197603229
139.742388874972	136.85967010132063	7.886852872917561	67.48289186789096	509.35713367795546	-0.0	107.62366869617888
140.5305935700029	138.2784553129115	7.952728467654435	64.29367799663754	450.21377493167347	-0.0	109.04215651725426
141.2683852482868	139.47961955465155	8.018332138475659	61.46029834127295	401.23423635972506	-0.0	110.24637860013168
141.92257585572744	140.4768226626133	8.08366783559213	58.92452975429671	360.7184322713117	-0.0	111.27442412990118
142.48482615853837	141.32206399641643	8.148739179056395	56.64756048696681	323.4943501685528	-0.0	112.1499106007172
142.9668406553132	142.03025917564878	8.213549502371965	54.60421702604669	290.3314195360163	-0.0	112.88854639111997
143.3746529544676	142.61693972504364	8.278101882123238	52.7710847887385	261.1401743281873	-0.0	113.5039530819635
143.70596461677727	143.10133123226797	8.342399163215592	51.12534317599748	233.2745262685939	-0.0	114.00925838149605
143.96456284042716	143.47727535324222	8.406443982694164	49.649580445211456	209.41794060358077	-0.0	114.4159249635454
144.152783687004	143.7623285684818	8.470238790627896	48.32845923361356	187.4592240115108	-0.0	114.73300916896264
144.27547478927713	143.96735371114002	8.533785866966317	47.149681409985135	166.52596503950818	-0.0	114.96783033154637
144.33678010133	144.1027376617055	8.597087335339257	46.10256438266125	145.13379884163427	-0.0	115.12670373333648
144.31523240483338	144.25199631501778	8.660145175014346	45.170152638971594	75.44036110335324	-0.0	115.21581098406952
144.25368912851744	144.11025150808211	8.722961233067899	44.35695100682849	113.61947825605839	-0.0	115.24594890738624
144.18326127458894	143.97373405789097	8.785537240175302	43.66437178281184	137.32242898673925	-0.0	115.2097434372101
144.08437409172717	144.0097930734105	8.847874801576708	43.07970871827356	81.92857650722998	-0.0	115.0990199886361
143.81940429287891	143.76829704965814	8.909975393922027	42.557424855101445	67.82073348076736	-0.0	114.95676737223638
143.54177992655795	143.49514276785905	8.971840418716988	42.138356495015394	64.78691444189162	-0.0	114.7676241198623
143.28853262817807	143.19247662912204	9.033471187582165	41.82931066026528	92.97870678302141	-0.0	114.51226845813018
142.9116884878898	142.86757860910993	9.094868897470198	41.58502860201907	63.007055876209094	-0.0	114.21647116866843
142.44654738282745	142.4354694507108	9.156034664398561	41.415543790484854	31.575526765176985	-0.0	113.88518006594445
141.4735803846712	141.85597288653634	9.216969533176496	41.3728178984375	-0.0	-0.0	113.49841507851164
139.31035815802787	141.88134623223007	9.277674442315876	41.3728178984375	-0.0	-0.0	113.03984085569937
135.84946699024624	141.00820230273555	9.338150232226925	41.3728178984375	-0.0	-0.0	112.62408179311198
131.15829150075743	140.93965623522487	9.398397767465942	41.3728178984375	-0.0	-0.0	112.17486995965123
125.3281703245311	140.16243352205217	9.458417884283413	41.3728178984375	-0.0	-0.0	111.75678016202417
118.47261772065595	140.01090140693833	9.518211436850477	41.3728178984375	-0.0	-0.0	111.31580464999274
110.72511341467282	139.3167393617127	9.577779258970036	41.3728178984375	-0.0	-0.0	110.89680498362578
102.23650370711248	139.096040431418	9.637122195638876	41.3728178984375	-0.0	-0.0	110.46274803114835
93.17206444945744	138.47072597212403	9.696241077255367	41.3728178984375	-0.0	-0.0	110.0439630732899
83.70828307229196	138.1948845710233	9.755136740562817	41.3728178984375	-0.0	-0.0	109.61578330379412
74.02942232054605	137.6248202853181	9.813810011824954	41.3728178984375	-0.0	-0.0	109.19807901807216
64.32393260096899	137.30664760627306	9.872261720242275	41.3728178984375	-0.0	-0.0	108.77497540006637
54.78078279453282	136.77981143499073	9.930492687405057	41.3728178984375	-0.0	-0.0	108.35899877850191
45.58578097398949	136.4303427676728	9.988503735508822	41.3728178984375	-0.0	-0.0	107.9403670441103
36.91795666332675	135.93670753282274	10.04640580806857	41.3728178984375	-0.0	-0.0	107.52658721088216
28.94607507767394	135.56490976244524	9.98791311041404	41.3728178984375	-0.0	-0.0	107.11201857448583
21.825351212463357	135.0963776301845	9.80602903248597	41.3728178984375	-0.0	-0.0	106.70104844540887
15.694427759553768	134.70935401550733	9.56672411477234	41.3728178984375	-0.0	-0.0	106.29083958189179
10.67267569122005	134.25964358731005	9.290208780377695	41.3728178984375	-0.0	-0.0	105.88350844172324
6.914443083146948	133.86284147595725	8.990362231263115	41.76272274630698	-0.0	251.82757915854322	105.47779736855598
4.558112828771023	133.427170675552	8.680378212173565	44.21259560357607	-0.0	447.61677964785133	105.07446035594337
3.4411037145920154	133.0246538193745	8.375104722219818	47.46036183480615	-0.0	511.110262748907	104.67319845984603
3.4925467877451326	132.5994602819692	8.091968664534837	50.85093575490265	-0.0	500.8089015510596	104.2739667665669
3.656709394662963	132.194166037483	7.839341328292875	54.13418789325926	-0.0	484.041361507484	103.87696724719466
3.815307845083385	131.77693453368164	7.616807749444913	57.30615690166769	-0.0	467.4023486614044	103.48173009319073
3.9683694127848517	131.3709376802674	7.423653111676118	60.36738825569703	-0.0	450.82315071810444	103.08871615063478
4.115912857364481	130.95986834500886	7.259066505222338	63.31825714728962	-0.0	434.2993979726853	102.6972905746786
4.257957091682408	130.55459254117878	7.122112085038258	66.15914183364815	-0.0	417.8340109726859	102.3080092078105
4.394522228425272	130.14844408124398	7.0116897613249884	68.89044456850543	-0.0	401.4310071391517	101.9202058723642
4.525629807749944	129.7448693558888	6.926481747651059	71.51259615499886	-0.0	385.0949248794234	101.534432627111
4.651302976740368	129.34282225580264	6.8648813375176605	74.02605953480735	-0.0	368.8308742602194	101.15006543295084
4.771566679770608	128.94153060308957	6.8249035132714315	76.43133359541216	-0.0	352.6445385534475	100.76760480189603
4.886447870265252	128.54307626805127	6.804089309270293	78.72895740530505	-0.0	336.54229921863987	100.38650253489286
4.995975764967285	128.14443063641104	6.799447307328368	80.91951529934569	-0.0	320.53140063835326	100.00719159394771
5.100182145037578	127.74919508602106	6.807525759890081	83.00364290075156	-0.0	304.6199822020484	99.62921211278469
5.199101691200982	127.35345592702937	6.824722034844899	84.98203382401965	-0.0	288.81732933741836	99.25292663678832
5.292772396744992	126.9612429359702	6.847790111861998	86.85544793489983	-0.0	273.13406830083875	98.87796774569959
5.381236043505777	126.56850424754552	6.874265820919738	88.62472087011554	-0.0	257.5823982627476	98.50463212857998
5.464538789492928	126.17918870119675	6.902555956997653	90.29077578985856	-0.0	242.17633774570578	98.13263206430888
5.542731840871038	125.78947708722289	6.931749948657118	91.85463681742077	-0.0	226.93220771150513	97.76220486328309
5.615872269497927	125.40301362613572	6.961367420259445	93.31744538995852	-0.0	211.869123027836	97.39312527972774
5.684024048961125	125.01635263029453	6.991166382239006	94.6804809792225	-0.0	197.0093840647876	97.02557941150282
5.747259261206604	124.63268970958134	7.021027941667154	95.94518522413206	-0.0	182.37927779526447	96.65939169619766
5.805659526013517	124.24904315117239	7.050894432978544	97.11319052027032	-0.0	168.010354429067	96.29470511180833
5.85931795279545	123.86817107707162	7.080738061258757	98.186359055909	-0.0	153.9397839716204	95.9313825275102
5.908341253271571	123.48749370843551	7.110545471999209	99.16682506543141	-0.0	140.2126064330554	95.56953463970653
5.952852654806823	123.10941215296154	7.140310247602688	100.05705309613646	-0.0	126.88237851043758	95.20905191120112
5.992994991030379	122.7316834889121	7.170029295108041	100.85989982060757	-0.0	114.0149889875618	94.85002051575033
6.028935237715792	122.35637204814367	7.199701110444042	101.57870475431582	-0.0	101.6874928074879	94.49235368752366
6.0608685244835305	121.9815593371023	7.229324948923495	102.2173704896706	-0.0	89.99488806075928	94.13611720319744
6.089024225144758	121.60900774362784	7.258900427971958	102.78048450289515	-0.0	79.04551751390261	93.78124244756461
6.113670688332132	121.2370689024978	7.2884273380752	103.27341376664263	-0.0	68.9627398161181	93.42777942450034
6.135118681833665	120.86727053714945	7.317905552562167	103.7023736366733	-0.0	59.8826706603781	93.07567366185617
6.153723835018482	120.49817269805543	7.347334984597979	104.07447670036963	-0.0	51.927004411074215	92.72496264990791
6.1698788633353345	120.1311159123428	7.376715566889367	104.39757726670668	-0.0	45.192857012736056	92.37560281658045
6.1839988696094785	119.76483843579304	7.406047241942596	104.67997739218956	-0.0	39.720816367590956	92.02762115786308
6.196498332013683	119.40050961986555	7.435329957476087	104.92996664027366	-0.0	35.459257054117884	91.68098476935852
6.207761017369228	119.03700620677822	7.464563664223939	105.15522034738456	-0.0	32.270992924924066	91.33571181307846
6.218115037209987	118.6753704173271	7.493748314933069	105.36230074419973	-0.0	29.964796404758438	90.99177820746972
6.227819467427611	118.31466166642407	7.52288386389773	105.5563893485522	-0.0	28.34750023520944	90.64918874018589
6.237070106293798	117.9557037195811	7.551970266587775	105.74140212587595	-0.0	27.215572221052533	90.30793629221131
6.246003675101363	117.59774334093524	7.581007479700086	105.92007350202726	-0.0	26.42391642853099	89.96801145024091
6.254713972644332	117.2414264556661	7.60999546098416	106.09427945288662	-0.0	25.85992722958612	89.62941789570007
6.263263118518723	116.88627666833762	7.638934169299072	106.26526237037446	-0.0	25.447074356750193	89.2921319477667
6.271691999738568	116.53244488531766	7.667823564474467	106.43383999477136	-0.0	25.130766898400303	88.9561819202019
6.2800267653330435	116.18012058493744	7.696663607460109	106.60053530666086	-0.0	24.87774929467723	88.62151456543963
6.288284361632921	115.82886429358003	7.725454260157845	106.76568723265841	-0.0	24.664910549771704	88.28817970326271
6.296475600936148	115.47930362611854	7.754195485519006	106.92951201872296	-0.0	24.477841486463234	87.95611176198808
6.304607430124181	115.13049596560464	7.782887247464697	107.0921486024836	-0.0	24.307211423676808	87.6253748356834
6.312684301372786	114.78368583381926	7.811529510967778	107.25368602745571	-0.0	24.14736054658626	87.29588677557669
6.3207091308596635	114.43745284294326	7.840122241942366	107.41418261719326	-0.0	23.994543675371887	86.96772025803533
6.328683845679316	114.09328618141812	7.868665407318397	107.57367691358631	-0.0	23.846433286915154	86.6407940742873
6.336609756010635	113.74959792987404	7.897158974962446	107.7321951202127	-0.0	23.701555066143943	86.31517817157922
6.344487778915428	113.40804180135638	7.92560291376133	107.88975557830855	-0.0	23.55902971273503	85.9907942673694
6.352318593807063	113.06691254317607	7.953997193505557	108.04637187614127	-0.0	23.418257002090687	85.6677049783197
6.360102719764071	112.72802284876856	7.982341785045048	108.20205439528141	-0.0	23.278936186515246	85.34584348111999
6.367840593263581	112.38930573162294	8.010636660014958	108.35681186527161	-0.0	23.14076369400776	85.02526488115741
6.375532580692376	112.0529844825697	8.038881791116602	108.51065161384751	-0.0	23.00362169526976	84.70590540002038
6.383179010162764	111.71688194200739	8.067077151958323	108.66358020325528	-0.0	22.86745206100929	84.38781111174401
6.390780190168606	111.38301786276578	8.09522271706609	108.81560380337211	-0.0	22.732179600897982	84.07093549561047
6.398336414023284	111.04948555575596	8.123318461864582	108.96672828046567	-0.0	22.59774516647489	83.7553083160481
6.405847961915797	110.71802791795844	8.151364362723912	109.11695923831594	-0.0	22.464134975564928	83.4408976098746
6.413315103789977	110.38710233920618	8.179360396938153	109.26630207579954	-0.0	22.33137665326958	83.12771425344383
6.420738113909108	110.05807286139479	8.207306542638637	109.41476227818215	-0.0	22.199405569678664	82.815747058121
6.428117259609957	109.72969740903784	8.235202778881003	109.56234519219913	-0.0	22.06819613729134	82.50499072393507
6.435452796427409	109.40299856044474	8.263049085652353	109.70905592854817	-0.0	21.937819610124293	82.19545090842401
6.442744992420083	109.07723507094552	8.29084544373623	109.85489984840166	-0.0	21.808189982071067	81.88709790559871
6.449994101579652	108.75286348958595	8.318591834859237	109.99988203159302	-0.0	21.679351621037352	81.57996313951035
6.457200383752538	108.42962164764972	8.346288241574323	110.14400767505074	-0.0	21.551265352216078	81.27399963769489
6.464364032946513	108.1075761664351	8.374931438662221	110.28728065893026	-0.0	21.759718638869742	80.9692494804084
6.472934808902226	107.7868598805346	8.474458746825901	110.4586961780445	-0.0	30.202357850100572	80.66563025093556
6.484529589613625	107.46715837565465	8.670267501281174	110.69059179227249	-0.0	38.91412465607116	80.36306198424683
6.498832118840301	107.14892004272	8.943579096465719	110.97664237680601	-0.0	46.48602428224302	80.06133436870557
6.515405895030301	106.83150831388036	9.271609416500157	111.308117900606	-0.0	52.722855573957055	79.76039237892006
6.533793300321794	106.5157340180737	9.626834516216796	111.67586600643588	-0.0	57.29596288468606	79.46010295883703
6.553459243092053	106.20058937117425	9.97961069483383	112.06918486184105	-0.0	60.24801316528596	79.16049699769555
6.573838654935997	105.8874056287621	10.301316544507252	112.47677309871993	-0.0	61.674742452352824	78.86149064804242
6.594398498491028	105.57448602265696	10.567294256001547	112.88796996982055	-0.0	61.34679454142821	78.56325173605553
6.6145684426652664	105.26370535091621	10.759164036688588	113.29136885330533	-0.0	59.33805475835606	78.2657870910651
6.633774534632307	104.95314033617535	10.866255140914587	113.67549069264614	-0.0	55.75951898200829	77.96928995454645
6.651506242225465	104.64472047465581	10.88607187179348	114.03012484450929	-0.0	50.24426940118946	77.67382584961753
6.667194295778408	104.33651942386247	10.823897765662343	114.34388591556815	-0.0	42.862725825049296	77.37959272009907
6.680028701935928	104.03038389754165	10.691831826077157	114.60057403871855	-0.0	34.64481258515096	77.08664594248147
6.689416496483651	103.7245800219007	10.507810913977655	114.78832992967301	-0.0	24.825007842772273	76.79514753228541
6.703236857356128	103.42066621981094	10.296031355435487	114.91504252232703	-0.0	-0.0	76.50511156851137
7.301707519348945	103.11725619956177	10.12074345430493	114.91504252232703	-0.0	-0.0	76.21659355935536
8.854887544539459	102.81556369412941	9.923585713619234	114.91504252232703	-0.0	-0.0	75.92950612108564
11.355207486834244	102.51449967790835	9.652632628934839	114.91504252232703	-0.0	-0.0	75.64394067434594
14.790481999581587	102.21502665154739	9.3260349364843	114.91504252232703	-0.0	-0.0	75.35996504036214
19.143969221040606	101.91622093503878	8.965135399514736	114.91504252232703	-0.0	-0.0	75.0776805782076
24.39445236609513	101.61897250018168	8.593517767435	114.91504252232703	-0.0	-0.0	74.7971179002292
30.516343126573332	101.32244926132317	8.235845846601553	114.91504252232703	-0.0	-0.0	74.51826989442998
37.47980637625042	101.02734522927122	7.916620871025591	114.91504252232703	-0.0	-0.0	74.24109979918599
45.25090557278297	100.73308773322387	7.658901720996891	114.91504252232703	-0.0	-0.0	73.96551982757698
53.79176814795554	100.44012445417286	7.483039231701177	114.91504252232703	-0.0	-0.0	73.6914334712737
63.06077008020875	100.14808987371423	7.405484102329057	114.91504252232703	-0.0	-0.0	73.41867811806175
73.01273874993116	99.85723861669231	7.436799041793116	114.91504252232703	-0.0	-0.0	73.1471013438194
83.59917308889685	99.56740607931718	7.5114125580958735	114.91504252232703	-0.0	-0.0	72.8765307255455
94.76847995094865	99.27866867787517	7.58563172704446	114.91504252232703	-0.0	-0.0	72.60693363331052
105.78283761445752	104.91141205336548	7.65945883496281	114.17690891080862	280.05053204427855	-0.0	72.4030653859646
114.20511218009047	107.43743000780889	7.732896460356073	110.62486704779245	780.4430764029767	-0.0	73.5557428107804
119.22781296813704	107.71975461712302	7.8059493622161815	104.42702937091651	1017.7058767597161	-0.0	76.58917530512457
122.37300275632184	110.88222180204077	7.878625167080218	97.58628156395962	1016.9416334703263	-0.0	80.12049252050414
124.48905630061445	114.12880970145396	7.950932446031002	90.9621321898215	965.6201084921772	-0.0	83.55738752368153
125.86824825959908	117.07861955885217	8.022879608227495	84.7654404471799	889.4192392045624	-0.0	86.76909685293987
126.80692290088649	119.74150005383547	8.094474623619675	79.13676889559746	797.4258938826807	-0.0	89.66608575841126
127.5567122402306	122.09409789554631	8.1657248760857	74.14205548007709	701.1670920840378	-0.0	92.20157608652745
128.2843521028558	124.15593173712777	8.23663708733718	69.77614788042212	609.5554387547713	-0.0	94.37020325000569
129.06422313953018	125.92940300282928	8.307217311292439	65.98233905959067	531.1626985237968	-0.0	96.20014676968431
129.87806762888155	127.46306015616184	8.377470984780178	62.66858248592454	466.20882932949024	-0.0	97.74052005657998
130.67194977848374	128.76469464438034	8.447403013702823	59.74391756797508	414.31022443249634	-0.0	99.04604949762904
131.39191699599894	129.87547049587434	8.517017867842391	57.13410928750172	369.4322468480711	-0.0	100.1622778706931
132.02294070414334	130.80191981612424	8.58631966076557	54.79387663333005	331.49944181207724	-0.0	101.11969501646765
132.57034231488288	131.57512136666492	8.65531220475594	52.69327893447635	299.282283704894	-0.0	101.93690705168113
133.03940620958576	132.23903275936692	8.723999045714889	50.806981487746846	268.39077949828265	-0.0	102.62764431411557
133.4346296651958	132.79849557836425	8.79238348906576	49.11320531990246	239.2740433370082	-0.0	103.20497133502415
133.76021194217046	133.24020685071548	8.86046862367138	47.593323511465684	216.33413561189982	-0.0	103.68122059546229
134.01505027759583	133.58809947439323	8.928257344151058	46.229663839597194	196.02441758167296	-0.0	104.06657453389747
134.19882656305003	133.87512280628454	8.995752369595625	45.00735868623718	170.68490884930247	-0.0	104.36896531983793
134.3255153150024	134.0702610420424	9.062956258483185	43.918261118461295	151.5680855800461	-0.0	104.59512085649261
134.39509307031204	134.19002306994594	9.129871421367742	42.9512012772617	135.85396583445612	-0.0	104.75122460082586
134.39763219156288	134.29064549343136	9.196500132385038	42.09357966925557	98.12646346341509	-0.0	104.84255514753656
134.39700378779668	134.27883703546811	9.262844537921053	41.35674408886564	103.1261737366932	-0.0	104.86788477867692
134.3030467511188	134.2087633936337	9.328906660371153	40.70614081801627	92.11678551524281	-0.0	104.84197482493995
134.16568786910048	133.92004509406615	9.394688419373107	40.151133867914716	148.68708670590527	-0.0	104.7727285718467
134.0318645654058	133.86906367790323	9.460191640302885	39.70038313195776	121.04577594956618	-0.0	104.6343282037671
133.80155093851008	133.68351393638733	9.52541802817483	39.32061982532873	103.06954055901905	-0.0	104.4520922302001
133.43996374000884	133.3961031779075	9.59036919896999	38.998992636427346	62.82874015226577	-0.0	104.2430761277389
133.0739236325474	133.07262374605497	9.65504670606261	38.76954929286676	10.816181596059952	-0.0	103.9879798377463
132.71647391248845	132.71157200465055	9.719452015206423	38.63645365655336	21.004087826216608	-0.0	103.67793405224243
131.82933055025757	132.23801582086492	9.783586491203382	38.611152310370095	-0.0	-0.0	103.31629581288719
129.78328079937006	132.1296241283423	9.847451396268625	38.611152310370095	-0.0	-0.0	102.90460275836112
126.52961463984107	131.44424603676515	9.911047919675548	38.611152310370095	-0.0	-0.0	102.5261693895873
122.13168195621877	131.2912985195856	9.974377267040436	38.611152310370095	-0.0	-0.0	102.12173337941125
116.67511185551824	130.65809108922147	10.037440618029901	38.611152310370095	-0.0	-0.0	101.74226089874372
110.26614544207105	130.45952712693884	10.100239163680328	38.611152310370095	-0.0	-0.0	101.3443522854434
103.02956727042425	129.87653670860777	10.162774074939007	38.611152310370095	-0.0	-0.0	100.96472415398141
95.1062757515504	129.6363613745416	10.225046529139142	38.611152310370095	-0.0	-0.0	100.57248418052474
86.65053981728076	129.098132798435	10.287057687960765	38.611152310370095	-0.0	-0.0	100.19344349981914
77.82699525658477	128.8226109610312	10.348808715757187	38.611152310370095	-0.0	-0.0	99.8061574511885
68.80743920592788	128.32236089791968	10.410300764519535	38.611152310370095	-0.0	-0.0	99.42830375656094
59.76748520600205	128.01839218260406	10.471534986219176	38.611152310370095	-0.0	-0.0	99.04539619955762
50.883143951863616	127.54928530028782	10.532512522852832	38.611152310370095	-0.0	-0.0	98.66919550446028
42.32739631037232	127.22341013856082	10.59323451449651	38.611152310370095	-0.0	-0.0	98.29021694030494
34.26682532930683	126.7791816443067	10.64943648534525	38.611152310370095	-0.0	-0.0	97.91602038824315
26.858372814010334	126.43716679175401	10.539457632081326	38.611152310370095	-0.0	-0.0	97.54070327459961
20.246283621980865	126.01251664923103	10.335942517124005	38.611152310370095	-0.0	-0.0	97.16915185112182
14.559297170972956	125.65914373796745	10.079887849677736	38.611152310370095	-0.0	-0.0	96.7979135203244
9.908140842786825	125.24969281388772	9.788486967812057	38.611152310370095	-0.0	-0.0	96.42975532277873
6.446327371299399	124.88880342582993	9.474688262826056	39.050977878335026	-0.0	258.96922648983923	96.06273054418659
4.286511367098138	124.4911100515231	9.151367466858328	41.47958458777236	-0.0	438.31149603035396	95.69828240067878
3.2793837189380373	124.12568251166036	8.833306212356545	44.6451699470168	-0.0	496.516769669913	95.335438846543
3.3466401157664016	123.7370723394667	8.53785879322953	47.93280231532803	-0.0	485.24093320536485	94.97479579200397
3.505628199063386	123.3693580571279	8.272994138928171	51.11256398126772	-0.0	468.566075778827	94.615953538143
3.659082553734212	122.98784989095212	8.038277009508416	54.18165107468423	-0.0	452.018670728089	94.25900039486916
3.8070311414564335	122.61947765504232	7.8330195386866	57.14062282912867	-0.0	435.5347798806051	93.90388737738768
3.9494941317468424	122.24362191296908	7.656448438453211	59.98988263493685	-0.0	419.1109356667563	93.5504424083811
4.086492054755533	121.87577634755046	7.507680799749782	62.72984109511066	-0.0	402.75053535375986	93.19880578961529
4.218046796663769	121.50454704897612	7.385691606805014	65.36093593327537	-0.0	386.4580965016909	92.84868201036608
4.344181853627288	121.13801732928458	7.2892701431361475	67.88363707254575	-0.0	370.23875045256915	92.50029665984766
4.464922533369824	120.77070716060527	7.216962307042331	70.2984506673965	-0.0	354.09823313154465	92.15331190243646
4.580296166452285	120.40603425284544	7.166997445536709	72.60592332904571	-0.0	338.0429733026705	91.80797820674142
4.690332361498683	120.04214787759385	7.13720497482257	74.80664722997366	-0.0	322.0802252100506	91.46396394985173
4.795063300080473	119.67969300285205	7.124944222854567	76.90126600160947	-0.0	306.21817913813123	91.12151165081693
4.8945240723263215	119.31890562906545	7.12710579591247	78.89048144652644	-0.0	290.4661492117973	90.78032303108317
4.988753085509394	118.95890178383854	7.140275159118404	80.77506171018788	-0.0	274.83477184754605	90.44061937636945
5.077792544362575	118.60097727367176	7.161104277668136	82.5558508872515	-0.0	259.3361996007983	90.10214930460512
5.161689012006181	118.24353233346704	7.1867612169158885	84.23378024012362	-0.0	243.98442154433192	89.76510684400854
5.240494070694665	117.88837845181138	7.215197699519669	85.8098814138933	-0.0	228.79575188691834	89.42928638070883
5.314265157120227	117.53356722949012	7.245120826065297	87.28530314240453	-0.0	213.78909427920243	89.09485553392834
5.383066551017453	117.18107313091359	7.27579193337368	88.66133102034907	-0.0	198.98644224511784	88.7616463797617
5.44697048849957	116.82890758180154	7.306815007561578	89.9394097699914	-0.0	184.4140622458101	88.42979806753883
5.506058718024276	116.47903570578295	7.337985368732581	91.12117436048551	-0.0	170.10260072308847	88.09917254633599
5.560424157887849	116.1295041466783	7.369199395958624	92.20848315775697	-0.0	156.08885109148267	87.76988564428036
5.610173164207416	115.78222950323702	7.400405203870578	93.20346328414833	-0.0	142.41632447963636	87.44182047884043
5.655427972141502	115.43533221708398	7.431576982891683	94.10855944283003	-0.0	129.1380337256953	87.11507397647416
5.6963301863452775	115.09061797082553	7.462701941258673	94.92660372690554	-0.0	116.31631785385169	86.78954796200445
5.733044253072726	114.74633618463406	7.493773759802211	95.66088506145452	-0.0	104.0269596668153	86.46532220908603
5.7657620374572565	114.40417237418052	7.52478932396536	96.31524074914513	-0.0	92.35995361806863	86.14231401548001
5.794708116644492	114.06246868099592	7.5557471035752135	96.89416233288983	-0.0	81.41732733726795	85.82059012492523
5.820143460129364	113.72283850046625	7.586646350745576	97.40286920258727	-0.0	71.31963200555276	85.50007920628406
5.842370229176614	113.3837047599749	7.617486702912026	97.84740458353228	-0.0	62.19284243873061	85.18083693272797
5.861732738432096	113.04659619562887	7.648267987551704	98.2346547686419	-0.0	54.153506967056785	84.86280229648234
5.878611036228609	112.7100055831346	7.678990125880868	98.57222072457216	-0.0	47.29809222298612	84.54602212770891
5.8934081396407265	112.37538616658762	7.709653085479061	98.86816279281453	-0.0	41.67310728871608	84.23044513118556
5.906529846552922	112.04131256253278	7.740256856965013	99.13059693105843	-0.0	37.23874092229606	83.91610796548085
5.91835641747387	111.70918116965105	7.770801442659102	99.3671283494774	-0.0	33.875080566084996	83.60296741245376
5.9292178836326475	111.37762704938277	7.80128685096969	99.58435767265294	-0.0	31.410659611280575	83.2910523529769
5.9393807617905825	111.04793234583704	7.831713093706383	99.78761523581164	-0.0	29.656247156868588	82.98033173623202
5.949049117770934	110.71886675563287	7.862080184600989	99.98098235541867	-0.0	28.417184257766248	82.67081964005132
5.958368961588814	110.3916011393938	7.892388138807807	100.16737923177627	-0.0	27.543297619168513	82.36249731068142
5.967441829274186	110.06503507572346	7.922636972474368	100.34883658548372	-0.0	26.918368474484403	82.05536894143836
5.976336095496522	109.74012314215382	7.952826702684617	100.52672190993043	-0.0	26.460833436151074	81.74942947304704
5.985097307790118	109.41610502559897	7.982957347229636	100.70194615580236	-0.0	26.11225013831121	81.44466190392014
5.993755090378972	109.09350103200165	8.013028924730351	100.87510180757944	-0.0	25.83527276051756	81.14108518399608
6.002328778093274	108.771960661408	8.043041454483557	101.04657556186547	-0.0	25.604444881650142	80.8386643984823
6.010830848968222	108.45161677042417	8.072994956523722	101.21661697936445	-0.0	25.40357626065783	80.53743284025045
6.019269408098776	108.13272089814122	8.102889451561403	101.38538816197551	-0.0	25.221932180441133	80.23733208571869
6.0276496812580955	107.81457566940624	8.132724961050378	101.5529936251619	-0.0	25.05300795825138	79.93842664970046
6.035975115596347	107.49812290500557	8.162501507104455	101.71950231192695	-0.0	24.89240344934876	79.64063706580392
6.044247992292882	107.1822396158616	8.192219112511076	101.88495984585764	-0.0	24.737385058371743	79.34403577151686
6.052469863986176	106.86830554974271	8.22187780074567	102.04939727972352	-0.0	24.586159748928456	79.04853559989292
6.060641805224665	106.55467489414315	8.251477595964218	102.21283610449329	-0.0	24.43769893556495	78.75421847216448
6.06876460483164	106.24310420358012	8.281018522988354	102.37529209663279	-0.0	24.291280387447042	78.46099514592446
6.0768388640857065	105.93176080912183	8.310500607281934	102.53677728171412	-0.0	24.146446880225504	78.16894263631289
6.084865064040708	105.62253908205729	8.339923874976234	102.69730128081414	-0.0	24.00292520704779	77.87797714177395
6.092843610352976	105.31350984274071	8.36928835284952	102.85687220705952	-0.0	23.86054706545821	77.58816942281092
6.1007748617341795	105.00657417555381	8.398594068348725	103.01549723468358	-0.0	23.71920310899789	77.2994455121955
6.108659149374016	104.69984417450691	8.427841049500831	103.1731829874803	-0.0	23.57879403561597	77.01186561728025
6.116496780403702	104.39516344031901	8.45702932502321	103.32993560807404	-0.0	23.439290242788275	76.72536544062304
6.124288049613346	104.09075310828774	8.486158924246038	103.48576099226692	-0.0	23.300673747671798	76.43999358338009
6.13203324585561	103.78831070890949	8.515229877118678	103.6406649171122	-0.0	23.162907568727938	76.15569914201677
6.139732651753538	103.48618025676366	8.544242214181477	103.79465303507075	-0.0	23.025962512343902	75.87251962110315
6.1473865440709545	103.18592398048786	8.573195966622926	103.94773088141908	-0.0	22.889830067967434	75.59041520480521
6.154995190196697	102.8860966420249	8.602091166282023	104.09990380393393	-0.0	22.7545675982455	75.30940722002939
6.162558868786212	102.58805187286224	8.630927845479187	104.25117737572423	-0.0	22.62008668349176	75.02947360519704
6.170077848149623	102.29049718256702	8.659706037208224	104.40155696299244	-0.0	22.486385607768884	74.75062251265808
6.177552389901761	101.9945701553538	8.68842577508897	104.55104779803521	-0.0	22.35351265575801	74.47284437721888
6.1849827622318845	101.69930081290357	8.717087093254573	104.69965524463768	-0.0	22.221427145319815	74.19613203147803
6.192382854146043	101.4055059987508	8.747135951996984	104.84765708292085	-0.0	22.37825265660165	73.92048967670264
6.201123583457561	101.11250047229414	8.85438855888885	105.02247166915122	-0.0	30.75373747245005	73.64586822695995
6.212769903805075	100.82079064600323	9.062909357258276	105.25539807610149	-0.0	39.02182090420146	73.37214675079098
6.227005051958172	100.53004120960142	9.353021297669967	105.54010103916343	-0.0	46.097154243988044	73.0991465760277
6.243403129299099	100.24044215109521	9.700662780818888	105.86806258598197	-0.0	51.96372429681444	72.82676368164317
6.261516936269169	99.95194254638501	10.076813679787035	106.23033872538338	-0.0	56.31951088729394	72.55489157958537
6.280825054264636	99.66436942637019	10.450240337223459	106.61650108529273	-0.0	59.2417107014078	72.28352541680182
6.300824407960765	99.3781244760007	10.790769418177453	107.0164881592153	-0.0	60.46246157868684	72.01265516699088
6.320960327195209	99.09264354746642	11.072353369864695	107.41920654390418	-0.0	60.104209754076244	71.74237869960353
6.340703042182728	98.80861441809054	11.275488911408445	107.81406084365456	-0.0	58.08159224922857	71.47274238783866
6.359518393579805	98.52519719114923	11.388722192393619	108.19036787159608	-0.0	54.38937818404276	71.20393809327793
6.376843316408	98.24335249943375	11.409154606574141	108.53686632816	-0.0	49.24944259126067	70.93604592913891
6.391953073112484	97.96202164896943	11.342052316438656	108.83906146224967	-0.0	43.54531643123033	70.66926306953
6.40326528888848	97.68234227322111	11.199855484066164	109.06530577776958	-0.0	40.03083662090254	70.40367790836409
6.416020402514462	97.4031089519694	11.001143977016582	109.32040805028923	-0.0	16.769442789170682	70.13943832795852
6.430856292856688	97.12549218331817	10.770895186301699	109.41197955972464	-0.0	-0.0	69.8765716079104
7.023133970471432	96.84838620647704	10.583512277205962	109.4111010555185	-0.0	-0.0	69.61514298175834
8.523910866527299	96.57282453879903	10.371674701382082	109.4111010555185	-0.0	-0.0	69.3550377125396
10.925828914036252	96.29778353234686	10.08313798046699	109.4111010555185	-0.0	-0.0	69.09638036232705
14.217182329452966	96.02427280044407	9.736840724675524	109.4111010555185	-0.0	-0.0	68.83922940901482
18.38193065265732	95.75128770707568	9.355303977394971	109.4111010555185	-0.0	-0.0	68.58369949263862
23.399776920378326	95.47981351474826	8.963351957144138	109.4111010555185	-0.0	-0.0	68.32977643158817
29.24626658374599	95.20880615686579	8.586889106052169	109.4111010555185	-0.0	-0.0	68.07750635003305
35.892906687905715	94.93934444992617	8.251594137529214	109.4111010555185	-0.0	-0.0	67.82683865855566
43.307304732851925	94.6703626961232	7.981577988250109	109.4111010555185	-0.0	-0.0	67.57768033205508
51.45332653876974	94.4028196460726	7.798059593808192	109.4111010555185	-0.0	-0.0	67.32990955495889
60.2912723464956	94.13588493768805	7.718121976424943	109.4111010555185	-0.0	-0.0	67.0833796098448
69.77807029489462	93.87021978347668	7.752211736379057	109.4111010555185	-0.0	-0.0	66.83791090121272
79.86748633220812	93.60529910243855	7.829141645668806	109.4111010555185	-0.0	-0.0	66.5933427564776
90.51034953840868	93.34152288378442	7.905650387190253	109.4111010555185	-0.0	-0.0	66.3496290889569
100.76555121269192	99.59091095266814	7.9817404779990335	108.45333694717371	325.1424663161367	-0.0	66.22756074148322
108.30345250997271	101.19103184413855	8.057414848882548	104.63695431937658	800.0736590621358	-0.0	67.61548172588917
112.7114945238061	101.8477410189587	8.132678777777157	98.48744473903835	988.8062577857532	-0.0	70.68384145457014
115.4897582293401	104.96676375474516	8.207540144405199	91.9009185495378	973.1749599704796	-0.0	74.10919363694806
117.36384542468652	108.05025794873043	8.282007530412287	85.59091158903897	915.5451233205536	-0.0	77.4028439014237
118.61216351542238	110.84377238452848	8.35608927909841	79.74093262620715	836.1550106173204	-0.0	80.44964914444132
119.50920714427473	113.35192124968978	8.429793258588077	74.46748711334065	744.4163690520548	-0.0	83.17398890386283
120.27637897120157	115.5624464718099	8.503126738257123	69.81474748735688	651.3477757275674	-0.0	85.54203511089024
121.04945837041366	117.48107117109606	8.576096334540962	65.76161911097006	566.7052566710352	-0.0	87.55909766927395
121.86366179596743	119.15993264400241	8.64870802319527	62.23568007108976	493.2906077322493	-0.0	89.26024966780625
122.69223623343248	120.59554174716217	8.720967202061685	59.14777601480763	434.3990144605853	-0.0	90.69737967300809
123.47975492393215	121.80305089736041	8.792878780931817	56.41255345195714	388.46281983152096	-0.0	91.92230191162344
124.18067816751159	122.84097200834938	8.86444727162349	53.96456402766472	347.2370290228253	-0.0	92.97477235652518
124.79361607682756	123.70542073316427	8.93567685828117	51.76778677077663	312.94980576714823	-0.0	93.87990588137725
125.32197878304191	124.45643434283735	9.00657144322107	49.79380524290142	279.1039226138004	-0.0	94.65334720285304
125.78202050719476	125.07421852544374	9.077134676605054	48.02341297386074	252.3929047290982	-0.0	95.30799349230027
126.16897865230908	125.59662515204826	9.147369980535926	46.43268495882738	226.96214447231847	-0.0	95.85655236830965
126.48298959705714	126.02890850228363	9.217280572172871	45.00296338847987	202.15661881228684	-0.0	96.31058577065417
126.7299281747749	126.3702803140426	9.286869484687378	43.72026074729198	179.91194364440219	-0.0	96.67926745024032
126.91621429215093	126.62743889506612	9.35613958426013	42.572835652831124	161.21347877157316	-0.0	96.96980873612083
127.04312385325437	126.81854804671667	9.425093583717473	41.549054585438654	142.1682896724619	-0.0	97.18858140920156
127.11734675106294	126.93262390268416	9.493734054518795	40.64067532454216	128.93818811388067	-0.0	97.3414232355986
127.13296652041241	126.99487777599826	9.562063437640008	39.83689230985896	111.4808817567986	-0.0	97.43362029938591
127.11437800151914	126.93196942658103	9.630084053571272	39.13752141882428	128.12795067599322	-0.0	97.46958100553901
127.02240601983215	126.94068388281441	9.697798110283026	38.52412262530418	85.761251924142	-0.0	97.45128613019156
126.9024436705783	126.77494789207998	9.765207708622919	38.00482275116725	107.11965302804288	-0.0	97.38487176816022
126.76985240837308	126.68214328801652	9.83231485062887	37.57926516706797	88.84717683804459	-0.0	97.26382826908637
126.5633825910048	126.54236882582806	9.899121433518477	37.225773016067585	43.488376216018146	-0.0	97.09653746048619
126.25088735534496	126.24737443641492	9.965629264173948	36.932330035675704	17.780964644916814	-0.0	96.90185507608724
125.90764544296157	125.9298278633553	10.031840085085598	36.718353444514456	-0.0	-0.0	96.66712264622521
125.55018954985181	125.62327742434044	10.097755558793477	36.590011135190636	-0.0	-0.0	96.38219910423292
124.69880023776585	125.13323420204708	10.163377253505587	36.571054610376706	-0.0	-0.0	96.04812572783256
122.73462548637414	125.04383739049266	10.228706637949074	36.571054610376706	-0.0	-0.0	95.66606556191117
119.62956845692659	124.39485963208875	10.293745109708919	36.571054610376706	-0.0	-0.0	95.31704296894009
115.44408556833399	124.26445675597559	10.358494081283744	36.571054610376706	-0.0	-0.0	94.94195245000837
110.2596694645164	123.6643025712486	10.42295493756169	36.571054610376706	-0.0	-0.0	94.5917043913581
104.1772623274712	123.49059602385883	10.487129073212595	36.571054610376706	-0.0	-0.0	94.22284838404518
97.31529050182358	122.9383675991274	10.551017861114703	36.571054610376706	-0.0	-0.0	93.87222849144483
89.8073586973465	122.72446978781721	10.614622679009852	36.571054610376706	-0.0	-0.0	93.5087754261095
81.79964866400836	122.21544904270978	10.67794488728368	36.571054610376706	-0.0	-0.0	93.15851021270386
73.44807298817946	121.96703239885387	10.740985847509844	36.571054610376706	-0.0	-0.0	92.79976132138086
64.91523942643806	121.49493013655108	10.803746907216858	36.571054610376706	-0.0	-0.0	92.45044210739351
56.36728488236186	121.218478374584	10.86622941244976	36.571054610376706	-0.0	-0.0	92.09583191692217
47.97064066972147	120.77684206674093	10.928434697626555	36.571054610376706	-0.0	-0.0	91.74792086725436
39.88879204342193	120.47859136068061	10.99036409379427	36.571054610376706	-0.0	-0.0	91.39700692451699
32.279095091125384	120.06137551960579	11.037223666423188	36.571054610376706	-0.0	-0.0	91.05085405141682
25.28971296164159	119.74690615422963	10.912112285040836	36.571054610376706	-0.0	-0.0	90.70339725132155
19.05673108269175	119.34895548758817	10.698789095707882	36.571054610376706	-0.0	-0.0	90.35969187537457
13.701507535610698	119.02295722415681	10.433587876549762	36.571054610376706	-0.0	-0.0	90.0161271062991
9.32831017604491	118.63996923936848	10.133167621424125	36.571054610376706	-0.0	-0.0	89.67560590444077
6.0928414321675595	118.30623395002132	9.810418658945238	37.070769850968475	-0.0	274.33343011807693	89.3360608913163
4.08484235321831	117.93480776176366	9.478311221418977	39.5318039254129	-0.0	437.0678126810157	88.99904220104852
3.1639153786113883	117.59627051277909	9.15179574272	42.66982679996328	-0.0	490.2335591978956	88.66348423450805
3.245528820506955	117.23375325665937	8.848309355514445	45.9105764101391	-0.0	478.09656488026656	88.3300643932015
3.4021483957900633	116.89268295831161	8.575492767890516	49.04296791580126	-0.0	461.49992284377043	87.99831148258467
3.5532594384081833	116.53709592283957	8.332887623231308	52.06518876816366	-0.0	445.02751496528396	87.66837644598363
3.6988900530247704	116.19509715841424	8.11982306129871	54.9778010604954	-0.0	428.62089313213505	87.3401568374793
3.839061333707354	115.84500713750556	7.9355486704338185	57.78122667414707	-0.0	412.27740016530015	87.01352657885714
3.9737948960624365	115.50326309618087	7.779212613438239	60.47589792124873	-0.0	396.0007663835038	86.68858757283282
4.103113816450611	115.15763854463799	7.649832470831933	63.062276329012214	-0.0	379.79582146228165	86.36507694918419
4.227042889694669	114.8169577089403	7.546256343691056	65.54085779389337	-0.0	363.66803867510885	86.04319316472456
4.345608843457699	114.47508008908676	7.467111510269825	67.91217686915397	-0.0	347.6235421953889	85.72262102684566
4.458840566352007	114.1360070952498	7.41073889893256	70.17681132704016	-0.0	331.66919985720784	85.40359215579541
4.566769380682887	113.79738498036417	7.37511622439818	72.33538761365773	-0.0	315.8127647480324	85.08578981845972
4.669429359161956	113.46028974616372	7.357785736612984	74.38858718323912	-0.0	300.06300052874025	84.76944354410769
4.7668576877454125	113.12458131976095	7.35582979079467	76.33715375490826	-0.0	284.42987048395014	84.45426468658877
4.859095102801075	112.7897056382005	7.36597110556775	78.1819020560215	-0.0	268.92475617375516	84.14046417553799
4.946186406316263	112.45668600662061	7.384863936020602	79.92372812632526	-0.0	253.560677249636	83.82779684522225
5.028181070292344	112.12413281038941	7.409517225502857	81.56362140584689	-0.0	238.35262132080751	83.51645004486643
5.1051339377830764	111.79369852572809	7.4376307522705645	83.10267875566153	-0.0	223.31811522183432	83.20622065264332
5.177106146165992	111.4635674075203	7.467667339927972	84.54212292331984	-0.0	208.47733195141268	82.89727360301856
5.244166142458701	111.13560580051032	7.498706826653448	85.88332284917401	-0.0	193.85389813417504	82.58944189654069
5.306390901161264	110.80790572550767	7.530237808614276	87.12781802322527	-0.0	179.4759538520181	82.28286479899809
5.363867594638674	110.48236820534457	7.561988534187409	88.27735189277348	-0.0	165.3761685102074	81.97740393995798
5.4166952985141945	110.15710441030355	7.593818326646266	89.3339059702839	-0.0	151.5938972741249	81.67317580608253
5.464987415874283	109.83396612744592	7.625655385780916	90.29974831748567	-0.0	138.1754946377813	81.37006399236961
5.508874257877862	109.51113110398657	7.657463382852224	91.17748515755723	-0.0	125.17686885012508	81.06816586926163
5.5485064713196754	109.190364935978	7.689224032721934	91.9701294263935	-0.0	112.66422949879254	80.76738327966964
5.5840588807218685	108.86993712611472	7.720928174618349	92.68117761443736	-0.0	100.71563568600527	80.46779744133102
5.6157344516590895	108.5515304595762	7.752571241728005	93.31468903318178	-0.0	89.42464641137418	80.16932466770251
5.643769605235293	108.23349451159277	7.784150973246554	93.87539210470585	-0.0	78.8947137937729	79.87203336341662
5.668437366240144	107.91742743176097	7.815666264910336	94.36874732480287	-0.0	69.24234757599966	79.57585153523449
5.690049910739249	107.60176316395246	7.847116590809021	94.80099821478497	-0.0	60.587841919260846	79.28083649054037
5.708958002715227	107.28802596372064	7.878501714147647	95.17916005430453	-0.0	53.03414809325099	78.98692675001644
5.725542378366824	106.974705315017	7.909821542599223	95.51084756733647	-0.0	46.65219277091733	78.694170823849
5.740198028798554	106.66326961246371	7.941076056071909	95.80396057597108	-0.0	41.45843476693267	78.40251598771664
5.753312350889908	106.35228298830933	7.9722652706093315	96.06624701779815	-0.0	37.394654779591946	78.11200053190063
5.765241597051135	106.04315043835278	8.00338922045459	96.3048319410227	-0.0	34.3228974416359	77.82258117805216
5.776288956545151	105.73447928105023	8.034447949174982	96.525779130903	-0.0	32.069862721224	77.53428902110758
5.786696366043926	105.42759252016302	8.065441505244696	96.73392732087852	-0.0	30.45337272534684	77.24708968579696
5.79664667670627	105.12124242582557	8.096369939788007	96.93293353412538	-0.0	29.3036624153298	76.96100180881609
5.806271626607136	104.81660254593343	8.127233305507595	97.12543253214271	-0.0	28.482120445040252	76.67600323952851
5.815662734336411	104.5125464427979	8.158031656152904	97.31325468672821	-0.0	27.88581053246627	76.39210351593236
5.824882105706312	104.21009993299359	8.188765046286484	97.49764211412622	-0.0	27.441575642672966	76.10929004277278
5.8339713148120325	103.90836830161679	8.219433531080305	97.67942629624065	-0.0	27.098035443911584	75.82755862327173
5.842957803552714	103.60808746930326	8.250037166294328	97.85915607105429	-0.0	26.82078030290885	75.54691245480035
5.85185959343353	103.30863469651484	8.280576008209849	98.03719186867059	-0.0	26.586872076292195	75.26733478712063
5.860688466725253	103.01050340669322	8.311050113637698	98.21376933450505	-0.0	26.381357343078886	74.98883867217647
5.869452143504902	102.71337553712118	8.341459539885147	98.38904287009804	-0.0	26.194421976614336	74.71139446973535
5.878155688518966	102.41733582344663	8.37180434477723	98.56311377037932	-0.0	26.019790309774937	74.43503214249111
5.886802465470617	102.12246962632577	8.402084586610034	98.73604930941234	-0.0	25.85334595872131	74.15970796920465
5.895394731621189	101.8285135142175	8.432300324158618	98.90789463242378	-0.0	25.6924700408759	73.8854620856667
5.903934043503488	101.53599614519504	8.462451616677573	99.07868087006976	-0.0	25.53541031808395	73.6122367880358
5.912421489082492	101.24407821470257	8.49253852391849	99.24842978164983	-0.0	25.381168119405746	73.34009044803764
5.920857876101102	100.95378108452198	8.522561106095152	99.41715752202202	-0.0	25.229025346270177	73.06895325572229
5.9292438232087505	100.66394222976295	8.552519423868668	99.58487646417501	-0.0	25.078544116506883	72.79888724967803
5.937579834459919	100.37590124982151	8.58241353837851	99.75159668919838	-0.0	24.929401148899007	72.52981983284346
5.945866328915056	100.08813229534613	8.612243511208879	99.91732657830111	-0.0	24.781461612604822	72.26181708703616
5.954103682492723	99.8022275172046	8.642009404415335	100.08207364985445	-0.0	24.634596632821296	71.99480700538294
5.962292239130925	99.51656914543686	8.671711280487283	100.2458447826185	-0.0	24.48872158469761	71.72884942189278
5.970432321483988	99.23278357313872	8.701349202347604	100.40864642967975	-0.0	24.343783208036445	71.46387974296763
5.978524237463445	98.9492434486204	8.730923233372078	100.57048474926889	-0.0	24.19975676929149	71.1999502093198
5.986568285014055	98.66753438114249	8.760433437405531	100.73136570028109	-0.0	24.0566351667041	70.93700624362224
5.994564760218917	98.38608580747274	8.789879878640933	100.89129520437832	-0.0	23.91436994427704	70.67508997192108
6.002513950844783	98.10643368543057	8.819262621757186	101.05027901689566	-0.0	23.772955058604083	70.41415492792723
6.0104161398348275	97.82710720438003	8.848581731856314	101.20832279669654	-0.0	23.632399710573104	70.15423367950648
6.0182716086019035	97.54947919395083	8.87783727445923	101.36543217203806	-0.0	23.492700887186547	69.89529268595999
6.026080639598121	97.27222835789289	8.907029315450725	101.5216127919624	-0.0	23.35382104946921	69.63735283022471
6.033843511289113	96.9965971574316	8.93615792115569	101.67687022578227	-0.0	23.215741965007645	69.3803902903863
6.041560490836083	96.72146396996534	8.965223158387307	101.83120981672167	-0.0	23.07854413171519	69.12441203184984
6.049247363181926	96.44779597215457	8.99626088225896	101.9849472636385	-0.0	23.341999473655488	68.86941392593161
6.058295268824986	96.17475414059155	9.109491732719162	102.16590537649971	-0.0	31.234134638572964	68.61535286123524
6.070109626740795	95.90303506723224	9.327046320336585	102.40219253481588	-0.0	39.46956969708652	68.36208291250526
6.084455090039498	95.63209445133828	9.628675091105961	102.68910180078994	-0.0	46.353837616089095	68.10943817711123
6.100899050160452	95.36227739570246	9.989410060335953	103.01798100320903	-0.0	52.06396559587435	67.85731441862603
6.1190102311759205	95.0934131666091	10.379198421733065	103.38020462351841	-0.0	56.288778120906755	67.605594859955
6.138287733313646	94.82552431090612	10.765746056858836	103.76575466627293	-0.0	59.02544456940683	67.35427772155111
6.158214833934743	94.55875843516942	11.117881130038265	104.16429667869484	-0.0	60.224921644089015	67.10333803208012
6.178270760503359	94.29276912316169	11.4086975252816	104.56541521006717	-0.0	59.81828277557511	66.85290062691833
6.197919646855133	94.02804145576368	11.618033640622956	104.95839293710264	-0.0	57.87898702130845	66.60301192211394
6.2166448319439525	93.76397767368837	11.734015994382212	105.33289663887903	-0.0	54.35296434292745	66.35385910667544
6.2339622249174145	93.50130927051443	11.753580644782518	105.67924449834828	-0.0	49.0120244676586	66.10554139582288
6.249253083137312	93.23916054755767	11.682077577626107	105.98506166274622	-0.0	42.52575246957304	65.85825157863201
6.262079889252568	92.97846941048655	11.532259133058023	106.24159778505137	-0.0	34.16851643518869	65.6120801539699
6.270588890618214	92.71828122441684	11.323216313114878	106.41177781236426	-0.0	28.75956141505018	65.36719185320305
6.288349199665168	92.45951455705541	11.080701799482155	106.49527028903576	-0.0	-0.0	65.12361364103234
6.8867582367588644	92.20128968649858	10.899082009716901	106.49286380182001	-0.0	-0.0	64.88141166077982
8.369163567974734	91.94442317794696	10.687449658823654	106.49286380182001	-0.0	-0.0	64.64044625673478
10.728220034480806	91.68811972095675	10.384696791454035	106.49286380182001	-0.0	-0.0	64.4008412366441
13.952430739289461	91.43316007678057	10.022992400493754	106.49286380182001	-0.0	-0.0	64.16269191837328
18.026082443284942	91.17871995009911	9.62572632530321	106.49286380182001	-0.0	-0.0	63.92609850533255
22.92932214393302	90.92567800676939	9.21861269908165	106.49286380182001	-0.0	-0.0	63.69108542337477
28.63825382918327	90.67309022042996	8.828422371721693	106.49286380182001	-0.0	-0.0	63.45767187748512
35.12505493504573	90.42188471524899	8.481632738981107	106.49286380182001	-0.0	-0.0	63.225782789825985
42.35811193926478	90.1711530951713	8.203043532815933	106.49286380182001	-0.0	-0.0	62.99534002573688
50.302174430300944	89.9217593268435	8.014414323994064	106.49286380182001	-0.0	-0.0	62.76622493871024
58.918526900733774	89.672902857378	7.933188282068996	106.49286380182001	-0.0	-0.0	62.538281926746905
68.16517742787333	89.42524519063524	7.969404972364303	106.49286380182001	-0.0	-0.0	62.31132152611467
77.99706232201191	89.17825156634433	8.047260615629291	106.49286380182001	-0.0	-0.0	62.08518342932594
88.3662657450033	88.93233969034175	8.124680964544474	106.49286380182001	-0.0	-0.0	61.859820107804744
97.90576820415808	96.01659653058856	8.2016686768526	105.07892988321248	412.3414248183863	-0.0	61.89810400199249
104.55712331348684	96.59182622985725	8.27822708297441	100.75642613185256	846.6857371697384	-0.0	63.67261228641391
108.434878506433	97.87810386480643	8.354362126564464	94.52644474662621	974.7357168722148	-0.0	66.84490999438721
110.94713329132058	101.02738288569897	8.4300819801788	88.0954657885513	944.8690578624878	-0.0	70.20915105367592
112.64942996197256	103.99880255322546	8.505395227059381	81.99125110663556	882.3584684170254	-0.0	73.40968481731025
113.80611413609542	106.68924865706524	8.580310140659424	76.373361000896	800.3236177401716	-0.0	76.3459886306475
114.6751798039888	109.09373200022297	8.654834490370137	71.33998874937612	708.7526383294276	-0.0	78.95297505999821
115.45384581317548	111.20885922248065	8.728975435759358	66.91797237540436	618.1009570956301	-0.0	81.2070411969973
116.25272542655907	113.04184195329618	8.80273948967676	63.073260609135325	537.568146929912	-0.0	83.12153927901569
117.08732807233244	114.6387076283406	8.876132544074398	59.72675720876893	469.4420517585379	-0.0	84.73662950569775
117.91956090747986	116.00307926638556	8.949159941070162	56.78838241078216	415.3111456468363	-0.0	86.10515831158207
118.6916666572075	117.17539206718989	9.021826564432144	54.17623349335626	369.4113061366496	-0.0	87.27630668284806
119.37837901430568	118.15364675993021	9.09413692526445	51.83733928644708	332.00286579153516	-0.0	88.28567181964286
119.97499179151697	118.98947954442455	9.166095225227142	49.73613346645604	297.81890846337717	-0.0	89.15483967530442
120.49395274632096	119.70313781494484	9.237705396531155	47.84942731980259	266.7833274847787	-0.0	89.8979196993756
120.94529149404029	120.29464176685124	9.308971128747897	46.15664459922827	241.9885853651249	-0.0	90.52745927251624
121.32134843153227	120.80796214848377	9.379895892094765	44.63391414399764	214.95293781282774	-0.0	91.0559129528575
121.62993624795492	121.21694538373762	9.45048295998614	43.26630442945542	192.79309577771787	-0.0	91.49420880226174
121.87606940325105	121.5303907662302	9.520735428894902	42.040153683104634	176.38332498248468	-0.0	91.85081124335441
122.05628165647418	121.79561033991672	9.590656234149247	40.94102050031598	153.1679421098674	-0.0	92.13250908766054
122.18877605235552	121.95729951519812	9.660248162798409	39.96345264491568	144.33602580148343	-0.0	92.3454798982622
122.26205223831015	122.07592236790384	9.729513865181623	39.09373186208325	129.42831350430018	-0.0	92.49533176382617
122.33476599973565	121.95157818874085	9.798455865426321	38.34150574824199	185.70649689639782	-0.0	92.58663182405579
122.27063559665544	122.16780994629039	9.867076568645052	37.657430655575986	96.19931669640039	-0.0	92.61975281341735
122.16239380826669	122.0891549948267	9.935378268654876	37.064214750256845	81.18801148937382	-0.0	92.61244926994985
121.97906422956937	122.18518334209178	10.003363168571465	36.5473492745446	-0.0	-0.0	92.5545430468577
121.8390918852117	121.62964918195507	10.071033372915407	36.13705683355075	137.29473148339108	-0.0	92.45708911132319
121.64911132667882	121.6301524085796	10.138390901799221	35.80204124181428	41.30741614927544	-0.0	92.30690479383303
121.51680659528348	121.50362840598339	10.205437669963652	35.570397813333216	34.43888844037038	-0.0	92.0893160008228
121.1887895763525	121.17021408099048	10.272175475239592	35.36724421501576	40.88758469979128	-0.0	91.85909975105169
120.75226589127229	120.76187302018819	10.338606071017757	35.220410294823374	-0.0	-0.0	91.60822925570804
119.87490797354596	120.40401963913314	10.404731159705747	35.19351967439349	-0.0	-0.0	91.29748920763555
117.95884213897295	120.30986122473743	10.470552332296426	35.19351967439349	-0.0	-0.0	90.93318617237915
114.94727267336886	119.69334072934456	10.536071098824051	35.19351967439349	-0.0	-0.0	90.60478520556525
110.89883576391387	119.57542282473356	10.601288985601188	35.19351967439349	-0.0	-0.0	90.24726760465317
105.89235572700922	118.99443273560426	10.66620748787848	35.19351967439349	-0.0	-0.0	89.91737453882827
100.02531027449842	118.84275609655361	10.73082811215692	35.19351967439349	-0.0	-0.0	89.56608757151936
93.41193259252903	118.30259982350236	10.795152340031876	35.19351967439349	-0.0	-0.0	89.2354773897771
86.18098718614897	118.11534634406755	10.859181659088685	35.19351967439349	-0.0	-0.0	88.88963973245184
78.47326279465229	117.61520472295372	10.922917536830225	35.19351967439349	-0.0	-0.0	88.5590158553081
70.43883119135353	117.39499498218856	10.986361442710717	35.19351967439349	-0.0	-0.0	88.21793718840375
62.23412523983922	116.93094828089804	11.0495148297951	35.19351967439349	-0.0	-0.0	87.88789794250197
54.018893097815855	116.68248315082982	11.112379150088506	35.19351967439349	-0.0	-0.0	87.55099896578886
45.9530878711751	116.24931627078205	11.174955841970467	35.19351967439349	-0.0	-0.0	87.22203132712286
38.193753277633	115.97795819298572	11.23724634057894	35.19351967439349	-0.0	-0.0	86.88884256843268
30.891965957072152	115.57029740035232	11.283196046858057	35.19351967439349	-0.0	-0.0	86.56132711105187
24.18989396272017	115.28122937222254	11.150968163865791	35.19351967439349	-0.0	-0.0	86.23158643024875
18.218028705270502	114.8940611198575	10.931812275518103	35.19351967439349	-0.0	-0.0	85.9062614363766
13.092644244831934	114.5919420684677	10.660757218198226	35.19351967439349	-0.0	-0.0	85.58039001082295
8.913533399079704	114.22098696678258	10.354392013268708	35.19351967439349	-0.0	-0.0	85.25802337424528
5.857833315840386	113.90963363092519	10.025698334393814	35.88117610945247	-0.0	288.3020215022585	84.93612571172837
3.951669269387717	113.55135419442168	9.687793849669925	38.38628788422181	-0.0	439.1976829779318	84.61705879598931
3.0932660544919734	113.23393603987132	9.355813465473283	41.523407973085284	-0.0	488.3468448838419	84.29908081418144
3.187363381873386	112.88544589929234	9.047272904454118	44.74726763746772	-0.0	475.4771322216094	83.98343052359282
3.3431191437399725	112.56437763798849	8.769481984530065	47.86238287479945	-0.0	458.93543884733	83.66917372209477
3.4933837070710747	112.22356607204634	8.521961067650551	50.86767414142149	-0.0	442.5140131088529	83.35683814841117
3.6381849852428907	111.90066304082687	8.304049969822852	53.76369970485781	-0.0	426.15947112420434	83.04601716705267
3.7775445763566156	111.565890754112	8.11501223694692	56.55089152713231	-0.0	409.8698048599834	82.73682891954017
3.9114847147583736	111.24250268317587	7.954014472012816	59.22969429516747	-0.0	393.64895257973825	82.42918200723705
4.040029156344582	110.91256902582741	7.82009886354451	61.80058312689165	-0.0	377.5019031143395	82.12296591572644
4.163203426457001	110.58967859594163	7.712146618100713	64.26406852914	-0.0	361.43428958239747	81.81825965742563
4.2810350435900775	110.26372023989134	7.628829695794086	66.62070087180155	-0.0	345.4524392267136	81.51484088762973
4.393553756805127	109.94199131101415	7.568548930435825	68.87107513610253	-0.0	329.5634277690668	81.21287004918673
4.500791820718171	109.61941832860825	7.529360271282225	71.01583641436342	-0.0	313.7752353030679	80.91208354385729
4.6027843238013215	109.29930279746134	7.508901755721867	73.05568647602642	-0.0	298.0969051231857	80.61267178162961
4.699569563846517	108.97970294997468	7.504357473263245	74.99139127693034	-0.0	282.53868549050344	80.3143728775831
4.791189491584275	108.66150962094962	7.512527871908119	76.82378983168549	-0.0	267.1122810849796	80.01737889946381
4.877690238353019	108.34459610806779	7.530078667930764	78.55380476706038	-0.0	251.83111179267559	79.72145527940214
4.959122733113692	108.02851653400458	7.553942117203627	80.18245466227384	-0.0	236.71062443088655	79.42678124789242
5.035543452160253	107.71411092094205	7.581680901189236	81.71086904320505	-0.0	221.76866574450867	79.13315951953552
5.1070153209455205	107.40019497178784	7.61161566403114	83.1403064189104	-0.0	207.0258676835045	78.840751036811
5.173608646626469	107.08826151681363	7.64271573564428	84.47217293252938	-0.0	192.50707342481164	78.54938568790924
5.235402706152399	106.77659765704519	7.674397208445676	85.70805412304799	-0.0	178.24014241100494	78.2592121169073
5.29248695735319	106.46698029257087	7.70634572868324	86.84973914706379	-0.0	164.25905018924325	77.97008023556876
5.344963138944773	106.1576106366812	7.738396809758702	87.89926277889546	-0.0	150.60351400977368	77.68211800388491
5.3929474455808855	105.8502667609941	7.770465819212518	88.8589489116177	-0.0	137.32092536006903	77.395199932925
5.436573316325	105.54319615944405	7.802509627363924	89.7314663265	-0.0	124.46734079503219	77.1094312748301
5.475994584149071	105.23809233563779	7.8345063937258885	90.51989168298142	-0.0	112.10956573201334	76.82470821285196
5.51138927801658	104.93330809714223	7.866445114533408	91.2277855603316	-0.0	100.32606623007338	76.5411166055693
5.542963643676094	104.63043691160324	7.898320277779222	91.85927287352187	-0.0	89.20850819182455	76.25856948193187
5.570956704231573	104.32791248986862	7.9301291457853536	92.41913408463147	-0.0	78.8584596621911	75.97713880720663
5.5956428789499375	104.02725038452706	7.961870379848469	92.91285757899874	-0.0	69.39021790360917	75.69675022950837
5.617334520975807	103.72695219623795	7.993543344745429	93.34669041951614	-0.0	60.9163146398622	75.41746411634404
5.636380382590597	103.42854382024865	8.025147759045083	93.72760765181194	-0.0	53.526967720069564	75.13921502895536
5.6531542288843015	103.13045409507687	8.056683518905235	94.06308457768603	-0.0	47.29336823408607	74.86205654410334
5.668043107766863	102.83421360438183	8.088150609538989	94.36086215533726	-0.0	42.21763161786392	74.58593158058326
5.681424423271992	102.53833839898965	8.119549060890092	94.62848846543984	-0.0	38.22936992310535	74.31088403931437
5.693641450057577	102.24424650226366	8.15087892548787	94.87282900115154	-0.0	35.20532184085218	74.03686662371702
5.704987576260484	101.95058589208679	8.18214026729008	95.09975152520967	-0.0	32.97760050836373	73.76391242959016
5.71569818237195	101.65863979527666	8.213333156125126	95.313963647439	-0.0	31.364824945792353	73.49198483260697
5.725951174519179	101.36716165042311	8.24445766495771	95.51902349038357	-0.0	30.206654764309896	73.22110866215054
5.735875425078111	101.07732192007563	8.275513868547499	95.71750850156222	-0.0	29.373194628282615	72.9512557912464
5.745561515104534	100.78803361981181	8.306501842702053	95.91123030209067	-0.0	28.764189597747922	72.68243974807629
5.755071524881124	100.50029740331554	8.337421663939692	96.10143049762249	-0.0	28.3070759345789	72.41464410583006
5.76444725289227	100.2131652119115	8.368273409334794	96.2889450578454	-0.0	27.951647833418033	72.14787348021812
5.773716546098785	99.92749187212014	8.399057156462767	96.47433092197569	-0.0	27.663904431103752	71.88212002182328
5.782897871016776	99.64254698838789	8.429772983294882	96.65795742033552	-0.0	27.42082889894832	71.61737616953737
5.792003409845323	99.35890131468334	8.46042096821766	96.84006819690646	-0.0	27.20725369277939	71.35364888461751
5.801041211272369	99.07610073653743	8.491001189986642	97.02082422544737	-0.0	27.013152682877585	71.0909182931756
5.810016604147697	98.79448160365327	8.52151372773579	97.20033208295393	-0.0	26.831998849988086	70.82920043638158
5.818933147952608	98.51385741291284	8.551958660974735	97.37866295905215	-0.0	26.65952843413005	70.56846477129122
5.827793246327861	98.23420382156365	8.582336069589054	97.5558649265572	-0.0	26.493012164812225	70.30874162556798
5.83659856021531	97.95571131556723	8.61264603381812	97.73197120430619	-0.0	26.33065173778404	70.04998775740698
5.845350266850547	97.67804251645494	8.642888634240352	97.90700533701093	-0.0	26.171290975284606	69.79224196012322
5.854049234428581	97.40169951085993	8.673063951795559	98.08098468857162	-0.0	26.01415189080374	69.5354525491826
5.862696122646424	97.12597457587627	8.703172067779004	98.25392245292848	-0.0	25.858790268746375	69.27966884053144
5.87129146551396	96.85172095986292	8.733213063841132	98.4258293102792	-0.0	25.70489290198362	69.02483140132917
5.879835713080694	96.57794324252137	8.76318702193453	98.59671426161387	-0.0	25.552254752910034	68.77099252890896
5.888329261492086	96.30584124420675	8.793094024421324	98.76658522984172	-0.0	25.400735943277862	68.5180897189678
5.896772470892074	96.03394631146017	8.822934153881016	98.93544941784148	-0.0	25.250250503039606	68.26618224779948
5.905165677356774	95.76388976751014	8.852707493324928	99.10331354713547	-0.0	25.100748065144987	68.0152017663321
5.91350920222555	95.49399086750796	8.882414126038228	99.270184044511	-0.0	24.95219042341482	67.76520457387247
5.921803353604515	95.22595233897593	8.912054135714326	99.4360670720903	-0.0	24.804580542875314	67.5161334983994
5.930048440058929	94.95796451604913	8.941627606197233	99.60096880117857	-0.0	24.657848741416704	67.26803475007978
5.938244758309979	94.69188505732232	8.971134621779084	99.76489516619958	-0.0	24.51199797357847	67.02085763232988
5.946392600010924	94.42593157791391	9.00057526705563	99.92785200021846	-0.0	24.367046062965432	66.77463827181644
5.954492258875713	94.16175146525617	9.02994962687813	100.08984517751425	-0.0	24.222958420153123	66.52934072664733
5.962544024464748	93.89780172404387	9.059257786408086	100.25088048929496	-0.0	24.079718150583616	66.28498800431241
5.970548180530197	93.63547998902978	9.088499831158046	100.41096361060393	-0.0	23.937345369697717	66.04155613755157
5.978505011710019	93.37353823731804	9.117675846897333	100.57010023420037	-0.0	23.79582974133615	65.79905453184438
5.986433491758234	93.11308597787237	9.149531817208764	100.72866983516467	-0.0	24.156501462193365	65.55747161724008
5.995717989141799	92.85313408973819	9.267445949170247	100.91435978283597	-0.0	32.25256062443955	65.31676702588982
6.007773600928846	92.59450533556704	9.491329432149882	101.1554720185769	-0.0	39.97275173409631	65.07679971487316
6.02228238233434	92.33652243943546	9.800543911859476	101.4456476466868	-0.0	46.759582208403636	64.8373921979053
6.038852961150094	92.07973780621315	10.169508479583468	101.77705922300187	-0.0	52.451591748604216	64.59841720697796
6.0570774153272575	91.82375081408179	10.567499669947544	102.14154830654515	-0.0	56.52746046336471	64.35979653784304
6.076428720229385	91.56872728732719	10.961572431064496	102.5285744045877	-0.0	59.297966546740554	64.1215018650872
6.096428723473003	91.3147311678176	11.319980094016541	102.92857446946005	-0.0	60.418317185558564	63.88353779165216
6.116541941028178	91.06154185461968	11.615360581037566	103.33083882056354	-0.0	60.00295637888098	63.645996333009414
6.13625727298284	90.80949923776835	11.827242507136416	103.7251454596568	-0.0	57.97349420174388	63.408947338190316
6.155049306269698	90.55811330577414	11.943600818504704	104.10098612539394	-0.0	54.4184757312772	63.172578201070216
6.172382835059744	90.30799692560176	11.961376453359117	104.44765670119487	-0.0	49.52043751773275	62.9369866841454
6.187654840691121	90.05843488597228	11.886068681663204	104.75309681382242	-0.0	43.605781742574486	62.7023776650289
6.201050653397918	89.81024469959243	11.730706610525697	105.02101306795836	-0.0	32.3778542712386	62.468851647664316
6.211195097021278	89.56250582125875	11.514774905729807	105.22390194042556	-0.0	20.06939908582469	62.2365531368173
6.234059601637474	89.3161462037051	11.264514348148028	105.33022128391683	-0.0	-0.0	62.0055291234671
6.847818259852584	89.07026188657457	11.060558534324933	105.32877815516119	-0.0	-0.0	61.77583950097097
8.335644841505314	88.82572279469804	10.829524961050458	105.32877815516119	-0.0	-0.0	61.54737160006381
10.6902160023125	88.58163538844907	10.519207499517426	105.32877815516119	-0.0	-0.0	61.32025061577247
13.900056704489844	88.33891008156019	10.149700545387137	105.32877815516119	-0.0	-0.0	61.094537947564724
17.949523741345565	88.09661932382829	9.744836375860814	105.32877815516119	-0.0	-0.0	60.87036298200732
22.81888197468227	87.85571987587666	9.330763810256432	105.32877815516119	-0.0	-0.0	60.64768843778451
28.484400514288218	87.6150987492902	8.934658525810157	105.32877815516119	-0.0	-0.0	60.42657607633246
34.91846837078595	87.37598271952184	8.58335163799894	105.32877815516119	-0.0	-0.0	60.206968550731446
42.08972901820213	87.13715780566932	8.30192594841564	105.32877815516119	-0.0	-0.0	59.988764102068224
49.96323321046598	86.89969874195029	8.1123365994593	105.32877815516119	-0.0	-0.0	59.77183358648118
58.500609307085476	86.66268851760383	8.032121727360366	105.32877815516119	-0.0	-0.0	59.55602326677487
67.6602502779021	86.42685388748114	8.07067414987867	105.32877815516119	-0.0	-0.0	59.34114480767899
77.39751647558856	86.19162222259457	8.148924727497587	105.32877815516119	-0.0	-0.0	59.127033761240135
87.56685246697052	87.38617520830876	8.226732228378967	105.21068280120323	127.51844289967777	-0.0	58.91396241723314
96.50850519954676	93.59824727417445	8.304099406722763	103.28957690212461	511.7843425540758	-0.0	59.19898873887051
102.42501587329537	93.61146167820193	8.381030058192472	98.44689250014873	890.6289224802937	-0.0	61.36417807971897
105.93474860766038	95.53520950799363	8.457530771849044	92.12732625297784	967.4494916893634	-0.0	64.6273548671218
108.27377179868317	98.69520728283204	8.533609954254405	85.78458613488338	928.4776822447599	-0.0	67.95828918504561
109.8623296019219	101.60089701968884	8.609276189115217	79.80191304954033	862.2812374167578	-0.0	71.1042438600619
110.95903156561509	104.23061418165481	8.684537701517701	74.32541701803687	778.1757928363135	-0.0	73.97303433223567
111.8108005950396	106.56701024079639	8.759402191124932	69.4405756934144	686.9797172274363	-0.0	76.5072397535285
112.59613614762459	108.62340692701903	8.83387673902735	65.16087226258333	597.9511935388207	-0.0	78.69022170268396
113.40831170634179	110.41065359584064	8.907967783091015	61.443393519056954	519.4123890947379	-0.0	80.54098031087523
114.25136234231344	111.96454904246218	8.98168115304916	58.20555150033418	453.6663939356909	-0.0	82.10296323954064
115.08270262945445	113.2835679149494	9.055022146874023	55.35804378832138	402.395482461538	-0.0	83.42936769604765
115.84616471924004	114.41479981447678	9.127995622859002	52.82238249164012	358.918990064183	-0.0	84.56738074598815
116.52054933747364	115.36689044276285	9.200606082036341	50.549382651204304	322.225542941541	-0.0	85.54980541405993
117.10937462081603	116.169456087299	9.272857726772411	48.508246661873144	290.8481872326742	-0.0	86.39622549412198
117.62165615056045	116.86071774439762	9.344754497302903	46.675155409359895	261.69535065540475	-0.0	87.11995861723283
118.06175404959248	117.45852793915581	9.416300097075107	45.02817302079136	233.0028968474424	-0.0	87.73343620755277
118.43597346623429	117.93886742481402	9.487498015683865	43.54938071415745	211.51724215255837	-0.0	88.24893378412904
118.73713047458149	118.34750029421564	9.558351551030404	42.218817686537534	187.26109108121483	-0.0	88.6769171059196
118.97925313979235	118.65503294247165	9.628863828424176	41.026580001050284	170.82101088233526	-0.0	89.02541945576765
119.1603712099359	118.90221856347306	9.699037815634806	39.95904117768448	152.42617288922597	-0.0	89.30100264875949
119.28849926771127	119.07363918519364	9.768876335331399	39.007713816204635	139.05900699554434	-0.0	89.5097339568349
119.37567627100069	119.13306940852593	9.838382076412145	38.16671540848849	147.76541416288276	-0.0	89.65714291106934
119.38338424046587	119.2598654365806	9.907557604210643	37.415705659146944	105.43572615425377	-0.0	89.7473634352605
119.34957788162728	119.25552308350211	9.976405369091033	36.759568999085744	92.0050641609765	-0.0	89.78644927763395
119.27323317989905	119.20696925048308	10.0449277163783	36.191812801757116	77.22534329763172	-0.0	89.77612573423328
119.14504391730884	119.13347877049884	10.113126890690056	35.704517477954155	32.26241176508629	-0.0	89.71782437806944
119.02551643909334	118.9659310163008	10.181005040416867	35.31104961759158	73.23037656142667	-0.0	89.61366702003794
118.87750137453517	118.80593962260834	10.248564217443116	34.99680507080845	80.25308513331602	-0.0	89.45780825160728
118.60506011728586	118.53365166117337	10.315806377468437	34.73149718024536	80.1670820856317	-0.0	89.27615832130391
118.26551124650737	118.24841078901966	10.38273341330827	34.52972879633572	39.23061526275499	-0.0	89.06318894188567
117.92001058458375	117.94766446845836	10.449347149689073	34.412630624061755	-0.0	-0.0	88.80364197977137
117.07174366099396	117.6223749864499	10.515649321385714	34.39681929663636	-0.0	-0.0	88.49109373920817
115.17303957932451	117.40362562857169	10.581641562038088	34.39681929663636	-0.0	-0.0	88.14579119228686
112.20553849836772	116.92347127396621	10.647325448053836	34.39681929663636	-0.0	-0.0	87.8219163871494
108.22701858025223	116.70220537090132	10.712702561342198	34.39681929663636	-0.0	-0.0	87.4813409158919
103.31494283597277	116.23548218831309	10.777774461404244	34.39681929663636	-0.0	-0.0	87.15769944432117
97.56495089665283	116.00226706609078	10.842542710740055	34.39681929663636	-0.0	-0.0	86.82165367095753
91.08899688040215	115.5550736247292	10.907008852984097	34.39681929663636	-0.0	-0.0	86.49861461235437
84.01316961107662	115.30633325058439	10.971174431801616	34.39681929663636	-0.0	-0.0	86.16669453696015
76.4752376299532	114.88026530320657	11.035040974839614	34.39681929663636	-0.0	-0.0	85.84461607769289
68.62196679970168	114.615807600127	11.098610007454973	34.39681929663636	-0.0	-0.0	85.51644584534016
60.60626272773105	114.20995223313528	11.16188304122137	34.39681929663636	-0.0	-0.0	85.19564657899984
52.584193646810505	113.93139112230008	11.224861583667158	34.39681929663636	-0.0	-0.0	84.87089734027688
44.71195171839837	113.5436175603207	11.287547130251031	34.39681929663636	-0.0	-0.0	84.55164357456235
37.14281192304133	113.25334998397207	11.349941171101646	34.39681929663636	-0.0	-0.0	84.23004088270527
30.024147749186252	112.88107256554669	11.395160904777088	34.39681929663636	-0.0	-0.0	83.91254552288929
23.494561785865336	112.58168295314005	11.264061300173301	34.39681929663636	-0.0	-0.0	83.59397425671453
17.681187087500312	112.2223021707254	11.043765113505389	34.39681929663636	-0.0	-0.0	83.27885031458625
12.697211854086131	111.916244243694	10.77069173961937	34.39681929663636	-0.0	-0.0	82.96384218790983
8.639675621995487	111.56743726354328	10.461874045829664	34.39681929663636	-0.0	-0.0	82.65177292009295
5.692818106803714	111.25680408435396	10.130570061262754	35.16293614518632	-0.0	301.8521939567271	82.34051492605116
3.8590276305974043	110.91657469507078	9.790122601226074	37.719070273124245	-0.0	443.2091834981679	82.03178109504437
3.049430540457767	110.60315025656854	9.455885201540058	40.870307213422734	-0.0	488.9511961368582	81.72427458763902
3.1547197605209325	110.26983970509127	9.145458514429075	44.09439521041865	-0.0	475.4357266063297	81.41894739961461
3.3104678545853483	109.95501987224745	8.865826855612076	47.20935709170696	-0.0	458.92911592150875	81.11502912860539
3.4607354969594484	109.62735990089635	8.61648790795399	50.214709939188964	-0.0	442.5387389067153	80.81297739507546
3.605550222641691	109.31221599553864	8.396785536579717	53.11100445283381	-0.0	426.2155324751111	80.51238569550607
3.7449338350567554	108.98921682883007	8.205988504402843	55.8986767011351	-0.0	409.95798939181776	80.21342306255094
3.8789088516340784	108.6745562869859	8.043270211502218	58.578177032681566	-0.0	393.77015596251283	79.91591201106147
4.007499335797219	108.35547775857879	7.907681793413332	61.14998671594436	-0.0	377.657071089853	79.61985159391001
4.130731136697166	108.04189611252066	7.798116334326948	63.61462273394333	-0.0	361.6244210187696	79.32519744433844
4.2486321167628684	107.72619261704594	7.7132616236777825	65.97264233525738	-0.0	345.67859652714054	79.03185780673354
4.3612323883295865	107.41409921443059	7.651539475843846	68.22464776659172	-0.0	329.82673056900836	78.73986073708429
4.4685645891334005	107.10138536978425	7.611032982740611	70.371291782668	-0.0	314.07686633190133	78.44907322942011
4.5706642139124245	106.79106751269171	7.589413242181479	72.4132842782485	-0.0	298.4381108484318	78.15955946782061
4.667569985886936	106.48107352282088	7.583899595500218	74.35139971773872	-0.0	282.9207817807285	77.87117722276305
4.759324302712864	106.1727222436497	7.591320075739043	76.18648605425729	-0.0	267.53665628769426	77.5840065198149
4.845973770537446	105.86525550324832	7.608345824523934	77.91947541074893	-0.0	252.29918167980316	77.29791560494797
4.92756980530376	105.5589789124878	7.631883802619451	79.55139610607519	-0.0	237.22385930880745	77.01299021320482
5.004169378959894	105.25392228243089	7.65944886998265	81.08338757919788	-0.0	222.32862543659306	76.72911654646549
5.075835905898735	104.94979863550675	7.689310451288121	82.5167181179747	-0.0	207.63428160467961	76.4463786339483
5.142640300032324	104.64705776361956	7.72039710110892	83.85280600064648	-0.0	193.16503589764562	76.16468120970993
5.204662226103582	104.3451160534833	7.752098236068288	85.09324452207163	-0.0	178.94938884730684	75.88409932116946
5.26199164976304	104.04463884248156	7.78408353193742	86.2398329952608	-0.0	165.0208487529033	75.60455259558493
5.314730716808827	103.74489089499004	7.81617963779375	87.29461433617655	-0.0	151.418744756502	75.32610586937032
5.36299583446366	103.44663950477786	7.848297156145101	88.25991668927318	-0.0	138.19040787290663	75.04869046209323
5.406920606440205	103.14909100704374	7.880390437020654	89.13841212880409	-0.0	125.39066914138633	74.77236108641395
5.446658555785915	102.8530321410593	7.912436334076216	89.9331711157183	-0.0	113.08597631841985	74.4970593555366
5.482387189325986	102.55767150693889	7.94442316885666	90.64774378651971	-0.0	101.35261360511932	74.22283094804945
5.514311572091193	102.2637937939236	7.976345088207854	91.28623144182386	-0.0	90.2797359721454	73.94962529299558
5.542668349111493	101.97060134285653	8.008199184854917	91.85336698222986	-0.0	79.96834839979365	73.67748159837743
5.567729279573737	101.67888140489006	8.03998403875773	92.35458559147474	-0.0	70.52613745077292	73.40635530481565
5.589802346924048	101.38783880436422	8.071698979460585	92.79604693848096	-0.0	62.06171744109952	73.13628029962966
5.609229756598877	101.09825955804166	8.103343713539676	93.18459513197753	-0.0	54.66927731744007	72.86721686923254
5.626380335243895	100.80935651351199	8.134918137013049	93.5276067048779	-0.0	48.40711762795291	72.59919430225372
5.641633870991089	100.52190419858408	8.166422241118841	93.83267741982178	-0.0	43.28431339480506	72.33217736165201
5.655361645295856	100.23512266185497	8.19785606484948	94.10723290591712	-0.0	39.241603023796586	72.06619097229783
5.66790481338237	99.94978731973995	8.229219671258392	94.3580962676474	-0.0	36.15313276066205	71.80120401590086
5.679555780678315	99.66510100638367	8.260513135562757	94.59111561356629	-0.0	33.859363511857644	71.53723825636422
5.690550796734342	99.38186043845555	8.29173653922809	94.81101593468682	-0.0	32.1876623704598	71.27426610524562
5.701070111689276	99.09927053973509	8.322889967021672	95.02140223378552	-0.0	30.982648906913695	71.01230369455196
5.711246203298395	98.81810656106377	8.353973505432915	95.2249240659679	-0.0	30.110231284509823	70.75133036913641
5.721172542054012	98.53758961580725	8.384987242039774	95.42345084108022	-0.0	29.47013508212638	70.49135665867534
5.73091373155484	98.25847700885407	8.415931265089888	95.6182746310968	-0.0	28.98894747701121	70.23236656191071
5.740513623125607	97.98004704844156	8.4468056633638	95.81027246251213	-0.0	28.61529412837016	69.97436407219642
5.750001718734784	97.7029311240322	8.477610526019308	96.00003437469567	-0.0	28.313423149454636	69.71734391711392
5.759397676175996	97.42660483160522	8.508345942587457	96.18795352351992	-0.0	28.05932704643902	69.46129636030102
5.768714560716656	97.15146930996639	8.53901200292928	96.37429121433313	-0.0	27.836943463225655	69.20622915423259
5.777961051288711	96.87720708088554	8.569608797216326	96.55922102577422	-0.0	27.635620313019114	68.9521229451294
5.787142919510278	96.60396644751414	8.60013641594757	96.74285839020555	-0.0	27.448419344547883	68.69899668815492
5.796264055985688	96.33193078510523	8.630594949887396	96.92528111971376	-0.0	27.27059596689189	68.44680905384095
5.805327071430655	96.06052662976226	8.660984490160043	97.1065414286131	-0.0	27.099325002681393	68.19560845862372
5.814333786653177	95.79056976752223	8.691305128151738	97.28667573306353	-0.0	26.93259119237609	67.9453322136956
5.823285486273105	95.52108184715586	8.721556955537242	97.46570972546209	-0.0	26.769132170769893	67.69603731335125
5.8321831135295525	95.25318995795367	8.751740064294802	97.64366227059105	-0.0	26.608099877997695	67.44765722173767
5.841027384718375	94.98559799705018	8.781854546647423	97.82054769436749	-0.0	26.448966380910832	67.20025348889513
5.849818871231715	94.71970585782866	8.811900495155548	97.9963774246343	-0.0	26.291393596319434	66.95375701257429
5.858558050965186	94.45404702683885	8.841878002614754	98.17116101930371	-0.0	26.135154492105624	66.70822665171474
5.867245341337055	94.19015102884404	8.871787162135643	98.3449068267411	-0.0	25.98009104420698	66.46359904728763
5.87588111866206	93.92639863686905	8.901628067024927	98.5176223732412	-0.0	25.826108971507377	66.21992845951578
5.884465732755977	93.66442157376822	8.931400810924094	98.68931465511955	-0.0	25.673144740122105	65.97715697567642
5.892999514146888	93.40261775681923	8.961105487751182	98.85999028293776	-0.0	25.521173949953017	65.73532906700609
5.901482786634101	93.1425606907878	8.990742191595531	99.029655732682	-0.0	25.370135232098317	65.49439785198673
5.909915861727142	92.88270428565932	9.020311016863355	99.19831723454283	-0.0	25.22001424680924	65.25439846228335
5.918299042183731	92.62449507291502	9.049812058267033	99.36598084367462	-0.0	25.070832412388267	65.01529570677525
5.926632633674118	92.36656563146083	9.079245410651364	99.53265267348236	-0.0	24.92254088235289	64.77711114580781
5.934916935183986	92.11020951346113	9.10861116916994	99.69833870367971	-0.0	24.775124216876197	64.53982035457936
5.943152239739395	91.85423515938503	9.137909429242317	99.8630447947879	-0.0	24.62860166307809	64.30343510547891
5.951338840809274	91.59968592034595	9.167140286502926	100.02677681618546	-0.0	24.482963777874204	64.06794339305793
5.959477030865167	91.34563123969113	9.196303836807664	100.18954061730334	-0.0	24.338188721166674	63.83334493686444
5.967650307464654	91.0928790337913	9.228957732670233	100.35300614929307	-0.0	24.30049904477507	63.599639217415806
5.9770494873971	90.84078148015433	9.350651969616827	100.54098974794199	-0.0	32.98496491381434	63.36676852669157
5.989313888741879	90.58977091565104	9.578874037298675	100.78627777483759	-0.0	40.597748572450286	63.134601266166044
6.004007091655085	90.33959673412153	9.892773882667585	101.08014183310169	-0.0	47.27398430253116	62.90294687344943
6.020745914606946	90.09036504313431	10.266378501258236	101.41491829213892	-0.0	52.82921989727152	62.671701481857745
6.039096795434082	89.84210529871872	10.66857281207207	101.78193590868163	-0.0	57.01918190525345	62.44074864249558
6.0585881349735935	89.59462571455667	11.066074100176909	102.17176269947186	-0.0	59.654707599186956	62.210105289859996
6.078704719907033	89.34824704695453	11.426881766137464	102.57409439814064	-0.0	60.75644138663906	61.979741713184666
6.098924874846126	89.10251922996669	11.723478787631102	102.97849749692251	-0.0	60.33966790472568	61.74977325303195
6.118750725536781	88.85808939559446	11.935340921700297	103.37501451073561	-0.0	58.244428168678596	61.52026075667213
6.137636596203798	88.61410122387355	12.050485077741593	103.75273192407595	-0.0	54.74482808265439	61.291399679325465
6.155061297027498	88.37152340200987	12.06597486504594	104.10122594054994	-0.0	49.92468840704777	61.06328445131167
6.170594553538741	88.12930705248378	11.987496269039271	104.41189107077481	-0.0	43.193662025807754	60.83613470253206
6.184215956159287	87.88856444839955	11.828315841847237	104.68431912318573	-0.0	32.00674865410664	60.61003107199005
6.193104444937032	87.64814290416365	11.60820783006897	104.86208889874064	-0.0	26.28938968702228	60.38513446356712
6.219685488498841	87.40915619480565	11.353907266358206	104.95112835624886	-0.0	-0.0	60.161488858667674
6.852965895182786	87.17054402045147	11.147850706484075	104.948401412484	-0.0	-0.0	59.93915300355284
8.357063221899477	86.93330369151165	10.911363730362744	104.948401412484	-0.0	-0.0	59.71801360870433
10.72451030012213	86.69645222346519	10.5954272806029	104.948401412484	-0.0	-0.0	59.49819824829836
13.943769341090286	86.460948890026	10.220436550560242	104.948401412484	-0.0	-0.0	59.27977342685651
17.999151237697113	86.22584359220083	9.810520126682942	104.948401412484	-0.0	-0.0	59.06284495959502
22.870892025587732	85.99206534610914	9.3921012660667	104.948401412484	-0.0	-0.0	58.84742308174087
28.53524920313514	85.7586612158591	8.992594079004332	104.948401412484	-0.0	-0.0	58.63354166692998
34.96461744087724	85.52657117569262	8.639019279181536	104.948401412484	-0.0	-0.0	58.42112076801467
42.127663116502994	85.29487773968005	8.356589470761003	104.948401412484	-0.0	-0.0	58.21008114859949
49.98947701972962	85.06442722425035	8.167321330156451	104.948401412484	-0.0	-0.0	58.00028746161695
58.51174448286126	84.83446171623234	8.088740944448443	104.948401412484	-0.0	-0.0	57.791585191980545
67.65293210789532	84.60559874709674	8.12944271128625	104.948401412484	-0.0	-0.0	57.583780579758034
77.3684901801591	84.37734048891167	8.207685563520432	104.948401412484	-0.0	-0.0	57.37671367874783
87.38469255321614	87.11266805641664	8.285482396312286	104.6767092245383	156.46790313657067	-0.0	57.17564503118337
95.86641425975269	92.0079474562546	8.362836056823067	102.31650840576387	589.2894130347397	-0.0	57.7134857585017
101.29268952543586	91.93345012664356	8.439750751116605	97.10726913282947	917.7862201467763	-0.0	60.154714805772834
104.5862697114206	94.28289802964294	8.516233519435985	90.73741054702714	962.965965836794	-0.0	63.46823560651682
106.8186212196796	97.42949027327094	8.59229289526186	84.44472386947662	919.2506650401614	-0.0	66.7804281126643
108.33591432276083	100.29764730206735	8.667937449701714	78.5324156947886	850.5551315831405	-0.0	69.89454266707943
109.39514044896676	102.89250695681015	8.743175367010906	73.13952929457989	765.0078524394991	-0.0	72.72266258849474
110.23467089545412	105.19681754477499	8.81801429165402	68.3423620156731	673.3548853027811	-0.0	75.21258943736886
111.02540271142756	107.20819526634328	8.892461243671676	64.14849343404744	586.1302500789267	-0.0	77.35259218099227
111.84371705852033	108.97475001477187	8.966522601972168	60.50586202881648	508.140761932519	-0.0	79.16474725137564
112.69231670412734	110.49215804785159	9.040204145360644	57.332977298234916	444.98795384236774	-0.0	80.69477332800284
113.51972181748403	111.79432081173844	9.113511132117237	54.537878659226045	394.06356151908074	-0.0	81.99580387880604
114.2788792365348	112.8889639962648	9.186448392236573	52.04813197862582	353.68399967244767	-0.0	83.11377363930092
114.94493741550997	113.826053067218	9.259020407621605	49.813908223233945	317.33198916320646	-0.0	84.07968845770556
115.52626514027006	114.61992195445313	9.331231367801278	47.80735131012608	285.6061741691223	-0.0	84.91199522806045
116.03396644641363	115.29713883897972	9.403085204465095	46.00598576301699	257.51598915223076	-0.0	85.62363010213117
116.47053408242418	115.88000085646223	9.474585616053037	44.38752131558843	230.53847908012096	-0.0	86.22698194666208
116.83662227342121	116.36876833988899	9.545736090535813	42.93236971746485	205.19954682674205	-0.0	86.73418755210703
117.13976852742402	116.74541804967666	9.616539927311505	41.62625018962343	188.39199292237177	-0.0	87.15542756609277
117.37548585135573	117.06360682689011	9.687000255816686	40.45293450892596	167.53839023312324	-0.0	87.49847030792964
117.55668729805961	117.2986199601321	9.75712005013566	39.40421961511214	152.40098560533085	-0.0	87.76976150081144
117.6781221727521	117.48901857080996	9.826902141207022	38.46740184231134	130.45813188449495	-0.0	87.97530152437692
117.74715403682357	117.61127206890608	9.896349228020604	37.63547517385506	110.58651415328573	-0.0	88.12061096311615
117.7737810045494	117.65325697163856	9.965463887932364	36.903387940540895	104.14971417136272	-0.0	88.21007965744808
117.74905994151085	117.6466151131107	10.034248584961404	36.26134207860208	96.02101101328657	-0.0	88.24759912519661
117.69835989903704	117.63215451984544	10.102705676567318	35.71100075091917	77.1912179411886	-0.0	88.23219459660888
117.53007406010414	117.6389152669443	10.170837416375313	35.220212082193555	-0.0	-0.0	88.1772732897855
117.32488536755147	117.2984320752079	10.238645973306426	34.80894019136261	48.793404379298714	-0.0	88.09247422754103
117.20709961364777	117.21513039367585	10.306133442497085	34.50943436569935	-0.0	-0.0	87.94090582982963
117.04678204390247	117.02747798030563	10.373301801302176	34.28098828330501	41.681719298933686	-0.0	87.73963614746977
116.71105317948602	116.67903068284737	10.440152930628704	34.08371190359012	53.684492150696165	-0.0	87.52696848095074
116.29717310801661	116.36223618540484	10.506688669590742	33.95060881398218	-0.0	-0.0	87.28384807580231
115.4436196908287	116.04482465740233	10.572910791723844	33.938043250673495	-0.0	-0.0	86.97907868568414
113.54411383593313	115.83887210200785	10.63882095799892	33.938043250673495	-0.0	-0.0	86.63606450185195
110.59167146137816	115.34902428988396	10.704420765902535	33.938043250673495	-0.0	-0.0	86.32164723107242
106.64377753163014	115.15536326147652	10.769711824282046	33.938043250673495	-0.0	-0.0	85.98391607910784
101.7772987602358	114.66916869651388	10.834695714129346	33.938043250673495	-0.0	-0.0	85.66910167512825
96.08698699118058	114.46927439900345	10.899374023946587	33.938043250673495	-0.0	-0.0	85.33643680470689
89.68363435123565	113.99984469626695	10.963748318950335	33.938043250673495	-0.0	-0.0	85.02160323210975
82.69191609304774	113.78480621471944	11.02782016791278	33.938043250673495	-0.0	-0.0	84.69356290738358
75.24796312948213	113.33766767632649	11.091591120105308	33.938043250673495	-0.0	-0.0	84.37912732762815
67.49671152272496	113.10450025176684	11.155062725168966	33.938043250673495	-0.0	-0.0	84.05526396644821
59.58908053440996	112.68068564461184	11.2182365162786	33.938043250673495	-0.0	-0.0	83.74162468194987
51.67903418100477	112.42973768104693	11.281114024504204	33.938043250673495	-0.0	-0.0	83.421527871359
43.92058350688112	112.02782580509647	11.343696766815661	33.938043250673495	-0.0	-0.0	83.10903361683363
36.46478794173672	111.76117618467948	11.405986256217446	33.938043250673495	-0.0	-0.0	82.79234981400283
29.45681412686627	111.37858910233683	11.455674136813682	33.938043250673495	-0.0	-0.0	82.48128983743997
23.033109475841854	111.09905370291277	11.325317173163237	33.938043250673495	-0.0	-0.0	82.16782509510325
17.31874550124873	110.73286255651355	11.1042268789558	33.938043250673495	-0.0	-0.0	81.85887051218377
12.42498263372488	110.44331957872078	10.829789331398436	33.938043250673495	-0.0	-0.0	81.54910518071324
8.447103947030122	110.09065127970311	10.519365910632123	33.938043250673495	-0.0	-0.0	81.24300598086663
5.581943310827552	109.79376202320606	10.186426147563433	34.8192087174033	-0.0	312.64033046829417	80.93708230993764
3.7968875533935167	109.45209621387086	9.844492091559895	37.420413126361034	-0.0	447.36036815716426	80.63416392021574
3.0257925831292765	109.15017055369732	9.50909898982118	40.58935328162366	-0.0	490.3353647899283	80.3320464101895
3.1409646541179455	108.81732616154501	9.197890570617526	43.819293082358904	-0.0	476.25183893884576	80.03241162313385
3.296988260522261	108.5122569690379	8.917512991107909	46.939765210445216	-0.0	459.764258253696	79.73390629852594
3.447536876620467	108.18649626039362	8.667444265616565	49.950737532409335	-0.0	443.38902647533035	79.43744856281079
3.5926375667057067	107.87978426683709	8.447030163088577	52.85275133411413	-0.0	427.08077116489943	79.1422719319199
3.732312164009125	107.55973007865843	8.255541784735218	55.646243280182496	-0.0	410.8384146166329	78.84882341497776
3.8665832717165927	107.25252693284853	8.092155428409399	58.331665434331846	-0.0	394.6660230350479	78.55671420663724
3.9954750383876103	106.93714999997903	7.955925852201646	60.909500767752206	-0.0	378.56864484574805	78.26610089210642
4.1190134051561795	106.6303023916144	7.845750691657918	63.38026810312359	-0.0	362.55198257296894	77.97682509936496
4.237226324038827	106.31882501410617	7.760323452713756	65.74452648077653	-0.0	346.62240491490917	77.68887482611605
4.350143992918049	106.01295474453968	7.6980730406689135	68.00287985836098	-0.0	330.7870381289306	77.40222513459372
4.4577991340795196	105.70481750526986	7.657091047903728	70.15598268159039	-0.0	315.0539274803252	77.1167752602015
4.560227320080518	105.40034676724568	7.635057933506854	72.20454640161036	-0.0	299.4321400887371	76.83257424364703
4.657467344645735	105.0951673376025	7.629201627026651	74.14934689291468	-0.0	283.93195396983674	76.54947954297337
4.749561661614607	104.79239432101382	7.636354608031975	75.99123323229212	-0.0	268.565120421164	76.2675842923174
4.836556910987701	104.48987805536576	7.653184480525134	77.73113821975402	-0.0	253.34504515373845	75.98673582352033
4.91850452551726	104.18900033898754	7.676585593688223	79.3700905103452	-0.0	238.28714395441784	75.70704385635625
4.995461469402667	103.88897394535087	7.704055293231424	80.90922938805333	-0.0	223.40918449616248	75.42836937653315
5.067491095869225	103.59008517762119	7.733846779603361	82.34982191738449	-0.0	208.73180136407981	75.15082327503265
5.134664173836267	103.29242688478742	7.764877041199538	83.69328347672534	-0.0	194.27916444608323	74.87428166388887
5.197060197103537	102.99562454577932	7.7965284855092465	84.94120394207073	-0.0	180.07930108463688	74.59884857289295
5.254768818705805	102.70023888314144	7.828467043783993	86.09537637411609	-0.0	166.16537211458018	74.32441577141327
5.307891686286192	102.40555128688484	7.860517471459873	87.15783372572383	-0.0	152.57652436049966	74.05107516054719
5.356544679997681	102.11238227628958	7.892589437013995	88.13089359995361	-0.0	139.35867100152578	73.7787320782019
5.400860325214605	101.81981552576424	7.924636864635519	89.0172065042921	-0.0	126.56694870983645	73.507467006818
5.440991102921261	101.52882568780785	7.9566364021047935	89.81982205842522	-0.0	114.26545309956202	73.23719592415522
5.477112786053217	101.23838560335412	7.9885762848142265	90.54225572106434	-0.0	102.52945323736607	72.96798998881822
5.509428093946066	100.94954750157135	8.020450622789475	91.18856187892132	-0.0	91.4472880427621	72.6997742909716
5.538170983044028	100.66121445117024	8.052256495439394	91.76341966088056	-0.0	81.116737754481	72.43261206458305
5.563609831579587	100.37454514637145	8.083992480552013	92.27219663159174	-0.0	71.64179441467893	72.16643383326209
5.586047786620504	100.08829792714464	8.115657910138701	92.72095573241006	-0.0	63.13322018277109	71.90129926572622
5.605822595250811	99.80375327621121	8.147252495050303	93.11645190501622	-0.0	55.68264194783172	71.63714311947908
5.623298889799847	99.51955934386058	8.178776136488842	93.46597779599695	-0.0	49.34578576814217	71.37402127644317
5.638851922639838	99.23711862053467	8.210228831180682	93.77703845279676	-0.0	44.14103977492322	71.1118718999201
5.652851176113893	98.95501120357655	8.241610623656829	94.05702352227786	-0.0	40.01247172312399	70.85074490596814
5.6656376159111765	98.67465763065039	8.27292158254321	94.31275231822353	-0.0	36.842757389743866	70.59058615272706
5.677506028292032	98.39460369626234	8.304161788564988	94.55012056584063	-0.0	34.47553246596594	70.33143947631015
5.688695952318639	98.11629041930503	8.335331328697727	94.77391904637278	-0.0	32.7431396242698	70.07325714427986
5.699391891872236	97.83831065718577	8.36643029315318	94.98783783744472	-0.0	31.48928976502726	69.81607318584717
5.709730262457364	97.56203410171149	8.397458773836615	95.19460524914727	-0.0	30.579013349918025	69.55985062057619
5.7198079492559994	97.2861047317688	8.428416863694956	95.39615898511998	-0.0	29.910321606862436	69.30461555026311
5.7296922777223855	97.01179734920873	8.459304656347854	95.59384555444771	-0.0	29.40818903650941	69.0503395141876
5.739429249223226	96.73794903552495	8.490122245902542	95.78858498446452	-0.0	29.019160670690958	68.79703517025014
5.749049962402846	96.46561993535883	8.520869726759877	95.98099924805692	-0.0	28.70577704309976	68.54468924504089
5.7585752026333905	96.1938103960438	8.551547193697187	96.1715040526678	-0.0	28.442971422414264	68.2933030786033
5.768018835497154	95.92340921773028	8.582154741798709	96.36037670994307	-0.0	28.2139155043907	68.04287267268252
5.777390106041385	95.653673882812	8.61269246643271	96.5478021208277	-0.0	28.00736275188784	67.79338738725153
5.786695188985584	95.38518002943349	8.643160463237031	96.73390377971168	-0.0	27.815876356014655	67.54485716273011
5.795938235041907	95.11747152249258	8.673558828114082	96.91876470083814	-0.0	27.63454585689921	67.29726018843074
5.805122057325192	94.85083194526585	8.703887657265156	97.10244114650382	-0.0	27.460201126555503	67.05061721547892
5.81424860929646	94.5852690480647	8.734147047093128	97.28497218592919	-0.0	27.29066051823644	66.80488746350082
5.823319256598903	94.32043784943814	8.764337094351646	97.46638513197804	-0.0	27.12464487781856	66.56011666292395
5.832335006038891	94.05687729210129	8.794457895986257	97.64670012077781	-0.0	26.961221013039196	66.31624664613298
5.8412966175218415	93.79389858135428	8.824509549204272	97.82593235043682	-0.0	26.799811417576077	66.07333090904872
5.850204696846073	93.53240105506681	8.854492151461788	98.00409393692145	-0.0	26.64000414063785	65.83130332740315
5.859059738356022	93.27125986765083	8.884405800492928	98.18119476712043	-0.0	26.48160155935921	65.59022686725349
5.8678621760461525	93.01171093265863	8.914250594250301	98.35724352092305	-0.0	26.324425427116484	65.35003159921757
5.8766123998868265	92.75243080192304	8.944026630915921	98.53224799773652	-0.0	26.16835256778787	65.11077912480565
5.885310767927474	92.49481786968143	8.973734008923739	98.70621535854947	-0.0	26.013323577078665	64.87240137799677
5.893957619413818	92.23742143092765	9.003372826942023	98.87915238827637	-0.0	25.859298340551558	64.63495684937376
5.902553281115711	91.98169630912028	9.032943183884502	99.05106562231423	-0.0	25.706245258837765	64.39838370134893
5.911098073027818	91.72616793454164	9.06244517883757	99.22196146055636	-0.0	25.554119152180817	64.16273371576602
5.9195923047603785	91.47230604494956	9.09187891116846	99.39184609520755	-0.0	25.402921671996292	63.92795113195677
5.928036283399166	91.21866966049205	9.121244480431521	99.56072566798332	-0.0	25.252635183792762	63.6940791046733
5.936430309011055	90.96666661697957	9.150541986477712	99.72860618022109	-0.0	25.103278256930064	63.461074052037155
5.94477468614406	90.71484795769567	9.1797715292158	99.89549372288118	-0.0	24.95479584261761	63.22896875458356
5.953069711161724	90.46467106203663	9.208933208884282	100.06139422323447	-0.0	24.80719020505538	62.99772665600722
5.961315675752333	90.21474888012916	9.238027125943752	100.22631351504666	-0.0	24.660489196935604	62.767371115715676
5.969537289629499	89.96635538177127	9.271456262799765	100.39074579258997	-0.0	25.303940926847893	62.53787868019266
5.97922447385462	89.71829591424627	9.396486635416455	100.58448947709239	-0.0	33.18024995903666	62.30921812068148
5.991601670841547	89.47164982039354	9.628050009173174	100.83203341683094	-0.0	41.09760870855335	62.081214582122556
6.006431280045681	89.22547922762224	9.945178608130059	101.12862560091361	-0.0	47.715958399923764	61.85372580663712
6.023300896485893	88.98058451798485	10.321621302336572	101.46601792971786	-0.0	53.18435380903783	61.626613631000986
6.0417652676365465	88.73627030497676	10.726013474277575	101.83530535273093	-0.0	57.38040957205947	61.399774819281646
6.06137221998777	88.49307942269735	11.124893083596753	102.22744439975538	-0.0	59.911796240468746	61.173223172907754
6.08158205509523	88.2506927915499	11.486167013500117	102.63164110190459	-0.0	61.03678461657611	60.94692871985764
6.101895344595079	88.00919841189545	11.782314183848793	103.03790689190159	-0.0	60.573527441089055	60.72101827591758
6.121790517934764	87.76865884579709	11.99288583466643	103.43581035869528	-0.0	58.56338650109489	60.49555089104882
6.140760740378383	87.52888906813946	12.106036987387238	103.81521480756766	-0.0	54.97038407554746	60.27071477501382
6.158296236702138	87.2902177107731	12.119011814982697	104.16592473404275	-0.0	49.84028992974957	60.04661966367045
6.17382971858258	87.05217145856211	12.03770062992798	104.47659437165159	-0.0	43.570365447364196	59.823462642090995
6.185907249427781	86.81530841480038	11.875586925076284	104.71814498855561	-0.0	39.49837745476896	59.60134594566113
6.198729569903816	86.57898909887507	11.652681683021804	104.97459139807631	-0.0	19.377384731454047	59.38043253130829
6.23134623506743	86.34389272058098	11.395869146821475	105.07985391546343	-0.0	-0.0	59.16075207168452
6.887414521163567	86.1093246344635	11.185045355878598	105.07985391546343	-0.0	-0.0	58.942371616310346
8.415132042137861	85.87596172269362	10.944763368854556	105.07985391546343	-0.0	-0.0	58.72517036214285
10.807053443793754	85.64310593618197	10.625117425008632	105.07985391546343	-0.0	-0.0	58.50929401082363
14.051521661387724	85.41147184009283	10.246812535574657	105.07985391546343	-0.0	-0.0	58.29479264477996
18.132724730514003	85.18030522486372	9.834152996658386	105.07985391546343	-0.0	-0.0	58.081779414922444
23.03077284694701	84.95038840250858	9.413708391855376	105.07985391546343	-0.0	-0.0	57.87025657229053
28.721795299900492	84.72086567785058	9.0130019850518	105.07985391546343	-0.0	-0.0	57.66026412406328
35.17805680629366	84.49263800613589	8.659120088965793	105.07985391546343	-0.0	-0.0	57.45171619327175
42.368092679068276	84.26477448118767	8.377292703169713	105.07985391546343	-0.0	-0.0	57.24453824608625
50.256862170811864	84.0381582856038	8.18950315733138	105.07985391546343	-0.0	-0.0	57.03858199960213
58.80591924536465	83.81198680838322	8.11319343404612	105.07985391546343	-0.0	-0.0	56.833704615419144
67.97359994515189	83.58693861036004	8.156040870969225	105.07985391546343	-0.0	-0.0	56.62969985236614
77.71522544110461	83.36243740563926	8.234150526445768	105.07985391546343	-0.0	-0.0	56.42641990736162
87.62889446692157	87.21114502643846	8.311813467285042	104.65576646459887	193.9006179553835	-0.0	56.243572294960714
95.75220151722043	91.07431615236816	8.389032616566574	101.91080665681321	648.8525894505658	-0.0	57.0137451293828
100.85414883754856	91.12091909465241	8.465812532566371	96.43752336705361	935.9437359481893	-0.0	59.65150295302941
104.02070593718364	93.75087595876799	8.542160575956597	90.03069434181704	961.3972633918862	-0.0	62.99768245346284
106.18754943595533	96.88437317213585	8.618085356045155	83.75919521536235	915.0332582719348	-0.0	66.30279814077286
107.66000006758037	99.73417628881502	8.69359543429275	77.88126656864067	844.5851881775345	-0.0	69.40149219567948
108.69539527677058	102.30979786626293	8.768698968021468	72.53225954311277	758.0921889491337	-0.0	72.20801468991488
109.52674059795186	104.5949052084062	8.843403564710842	67.78243340570793	666.2320804787989	-0.0	74.67357846500288
110.31840179442545	106.58890487886814	8.91771620291774	63.63448317776041	579.3571630696895	-0.0	76.78945493557468
111.14098321137303	108.33565313477713	8.991643220639464	60.03330103858932	502.47358825477625	-0.0	78.57996338622475
111.99134590194781	109.83678664017846	9.06519036007608	56.89517416280382	440.35251056311864	-0.0	80.09197712710184
112.81658583903015	111.12499383104854	9.138362849227784	54.1285903849366	390.1836499884959	-0.0	81.3787094996933
113.57078718752396	112.20900886859337	9.21116549423072	51.662621404884284	350.0857733524073	-0.0	82.4852880669632
114.23166996550725	113.1370260193517	9.28360275822794	49.44923967689034	313.8757001648903	-0.0	83.44171447946331
114.81028590674968	113.91587637760945	9.355678815416319	47.462080796229046	283.7196814156907	-0.0	84.26579660904656
115.31305800502783	114.5940683677167	9.427397584477863	45.677026889479976	254.37976994643518	-0.0	84.9702780654278
115.74831033707547	115.16239328775889	9.498762752798712	44.074360951278486	229.63565585181234	-0.0	85.56755405773542
116.11162187627332	115.644913727277	9.569777799190323	42.63273514761922	204.9481237037037	-0.0	86.06967284744023
116.4072720451708	116.03838090685944	9.640446015631918	41.33698656187068	182.20922712097195	-0.0	86.48664249556069
116.64293547113785	116.34397906126475	9.710770525592947	40.17532826332117	164.0307193442099	-0.0	86.82609206056846
116.82122880614155	116.58106091603086	9.780754298396387	39.13607575228611	147.02078121803567	-0.0	87.09440489513358
116.94609164913446	116.7497524353831	9.850400161306734	38.20967813776729	132.93054290727252	-0.0	87.29754615375182
117.01703188779484	116.86700943583169	9.919710810654848	37.38662780432961	116.19819566879586	-0.0	87.44084343272462
117.037108252519	116.9311319363804	9.988688821694343	36.65987341336351	97.6620113067245	-0.0	87.5285282620465
117.00431101975042	116.91767880916967	10.057336657231078	36.02193568038214	88.30005069232463	-0.0	87.56637605826845
116.93057329688484	116.86815981688068	10.125656677214453	35.47055350624783	74.94807002435128	-0.0	87.5556708311595
116.75991988773696	116.85246113729251	10.193651142326452	34.98425342153576	-0.0	-0.0	87.49961769007773
116.584109701719	116.48601070261589	10.261322227271105	34.58602049919165	93.96227923629972	-0.0	87.41900119891518
116.52741372432259	116.53644469599008	10.328672027554187	34.307911039212186	-0.0	-0.0	87.2487609559733
116.3312175499386	116.29438090258192	10.395702497289175	34.07228076881165	57.57862678200264	-0.0	87.05171274584082
115.93583165180408	115.94213385783361	10.462415523627254	33.86057235726582	-0.0	-0.0	86.85191747080377
115.53358137174106	115.65009869904044	10.528812965740983	33.734310304643515	-0.0	-0.0	86.6091091260692
114.65705150875047	115.32788656961195	10.594896600988177	33.721472173088365	-0.0	-0.0	86.30443003569744
112.74335037695508	115.10756234248902	10.660668093582396	33.721472173088365	-0.0	-0.0	85.96770203511528
109.78481918456283	114.6435502086315	10.726129049866477	33.721472173088365	-0.0	-0.0	85.65262712114054
105.8390614472018	114.4255370205062	10.791281081841579	33.721472173088365	-0.0	-0.0	85.3205214579669
100.9829022860957	113.9709911440499	10.856125778534052	33.721472173088365	-0.0	-0.0	85.0056448818064
95.31089261923084	113.74403667440775	10.920664732014801	33.721472173088365	-0.0	-0.0	84.67798170192313
88.93346822579893	113.30656795464633	10.984899514912973	33.721472173088365	-0.0	-0.0	84.36364023385215
81.97479952748287	113.06583185543656	11.048831699929247	33.721472173088365	-0.0	-0.0	84.04004125510379
74.57037395201468	112.64805117436637	11.112462843197767	33.721472173088365	-0.0	-0.0	83.72657594315008
66.86435795113402	112.39253922682667	11.175794498574108	33.721472173088365	-0.0	-0.0	83.40667678711593
59.00679003525961	111.99420686591033	11.238828205625264	33.721472173088365	-0.0	-0.0	83.09439943572924
51.15065947738397	111.72499798610241	11.301565499846742	33.721472173088365	-0.0	-0.0	82.77787675234102
43.448927564699915	111.34437691552253	11.364007904206332	33.721472173088365	-0.0	-0.0	82.46705225528157
36.05154939510843	111.06355130661977	11.426156936276287	33.721472173088365	-0.0	-0.0	82.15363252309524
29.10255420517913	110.69831409760211	11.472699680439444	33.721472173088365	-0.0	-0.0	81.844475152424
22.737241076449493	110.40826484123221	11.341720042069554	33.721472173088365	-0.0	-0.0	81.53403918061275
17.07954462053847	110.05596851028656	11.119749979991722	33.721472173088365	-0.0	-0.0	81.22716255956418
12.239621934004843	109.75903914577441	10.844375316194473	33.721472173088365	-0.0	-0.0	80.92024501952184
8.311707805662163	109.4173949807567	10.53305910160503	33.721472173088365	-0.0	-0.0	80.61634517129181
5.5056235378973035	109.11568280165856	10.199371409507288	34.71939522868588	-0.0	320.5469853486079	80.31313359065877
3.7538258460332514	108.78270873199376	9.85694272514673	37.3553337858324	-0.0	450.7341723821875	80.01249640811537
3.0148515625794183	108.47796910871662	9.521437417784002	40.53879091275652	-0.0	491.4252111867211	79.71298857735081
3.1386544179233247	108.15202911212695	9.210480760666945	43.773088358466495	-0.0	476.8405397873852	79.41568507045665
3.294876637592996	107.84567116015778	8.930376312263121	46.89753275185992	-0.0	460.3656887353574	79.11971127833873
3.445627341547838	107.52545680213811	8.680579927484017	49.91254683095676	-0.0	443.99980053904653	78.82561107031127
3.5909331748324167	107.21858420259284	8.460437043044546	52.818663496648334	-0.0	427.7006575786425	78.5329065270674
3.730815965701249	106.90308288448703	8.269218253406072	55.61631931402498	-0.0	411.46750348719536	78.24182579376814
3.8652983592974275	106.59652839471217	8.106099096684675	58.305967185948546	-0.0	395.30446376775865	77.95214296370514
3.9944045545534976	106.28497748233278	7.97013320282643	60.888091091069946	-0.0	379.2165795841893	77.66389677835745
4.118160536705111	105.9793571176408	7.860216540735948	63.36321073410222	-0.0	363.2095418798961	77.37701119605391
4.2365943037557	105.67119334370985	7.775040165884538	65.73188607511399	-0.0	347.2897301047093	77.09141971683871
4.349736097666819	105.36693530317596	7.713029418366591	67.99472195333638	-0.0	331.46425242652117	76.80713053189294
4.457618678552881	105.0617565701242	7.67227081879774	70.15237357105761	-0.0	315.741132399069	76.52402653773144
4.560277653013539	104.75916407006899	7.650438002328647	72.20555306027079	-0.0	300.1294361911907	76.24215961259236
4.657751840174276	104.45668438665786	7.644750563173286	74.15503680348552	-0.0	284.63941544490126	75.96139702638825
4.750083712077957	104.15596270940819	7.652032826519016	76.00167424155913	-0.0	269.28276628948805	75.68181185739104
4.83731991440616	103.85598264850722	7.668947606962804	77.74639828812319	-0.0	254.07284480951293	75.40327751231804
4.91951185892208	103.55725758475832	7.692390855196996	79.3902371784416	-0.0	239.025030559329	75.12587604961948
4.996716467756697	103.25963318384885	7.719867492361641	80.93432935513394	-0.0	224.1570247525102	74.84949707392403
5.068997039049103	102.96297346392242	7.749640738097567	82.37994078098205	-0.0	209.48925595629103	74.57422227297454
5.136424211522276	102.6676445658802	7.780636618146914	83.72848423044552	-0.0	195.04584498425214	74.29995656808921
5.199077299807578	102.37309902180978	7.81224397681691	84.98154599615155	-0.0	180.8546882860932	74.02677747783906
5.257045740080019	102.07997850754128	7.844132828905303	86.14091480160039	-0.0	166.94852005632154	73.75460124754827
5.310430825380169	101.78756305010837	7.876130359930579	87.20861650760337	-0.0	153.36622174272503	73.48349682800604
5.359347947284074	101.49661121052512	7.908147611886438	88.18695894568148	-0.0	140.15337783060647	73.21339179115236
5.403929029973767	101.20632985478268	7.940139267781503	89.07858059947534	-0.0	127.36429610743893	72.94434463982604
5.444325742452899	100.91752482018633	7.9720823924182636	89.88651484905797	-0.0	115.06197262527105	72.67629330778713
5.480712447473657	100.6293606057087	8.003965447668492	90.61424894947314	-0.0	103.32250692077595	72.40928766496575
5.513290659494023	100.34268603962691	8.035782663711272	91.26581318988046	-0.0	92.23117899587129	72.14327283188771
5.542292615182797	100.0566125854163	8.067531186459753	91.84585230365593	-0.0	81.88299996502035	71.8782935139881
5.567983404708104	99.77205231739806	8.09920962993088	92.35966809416207	-0.0	72.38703482629107	71.61429920219909
5.590664286473841	99.48806541217085	8.130817345676231	92.81328572947683	-0.0	63.846675685001145	71.35133012505162
5.610670401265151	99.20562193758448	8.16235405608422	93.21340802530301	-0.0	56.34935392843741	71.08933956067888
5.628361396643218	98.92370748980592	8.193819669380556	93.56722793286436	-0.0	49.96662393812937	70.82836455004926
5.644111729391239	98.64332295575045	8.22521418676321	93.88223458782477	-0.0	44.70724349224054	70.56836308562045
5.658289699679769	98.36347889624622	8.256537656082106	94.16579399359537	-0.0	40.51761913603918	70.30936670307733
5.6712356268390876	98.0851392349372	8.287790148618448	94.42471253678175	-0.0	37.29085217098124	70.05133887557437
5.683245432677763	97.80735781077779	8.31897174745341	94.66490865355526	-0.0	34.876832845552464	69.79430475921367
5.6945617132508275	97.5310563427967	8.350082541633935	94.89123426501655	-0.0	33.10434086330026	69.53823445997782
5.705371940099535	97.25530841637044	8.381122623348515	95.10743880199068	-0.0	31.81550144324501	69.2831481939556
5.715814685988483	96.9810148012176	8.412092086496553	95.31629371976965	-0.0	30.879245725569316	69.0290208626719
5.72598922615701	96.70731238490642	8.44299102597061	95.51978452314019	-0.0	30.19179725132075	68.77586538616403
5.735964894425352	96.4350001759896	8.473819537251071	95.71929788850703	-0.0	29.67561001337006	68.52366627992846
5.745789140518748	96.16332319431471	8.504577716288733	95.91578281037495	-0.0	29.275954311218	68.2724274533628
5.755494094713734	95.89298391855934	8.535265659368733	96.10988189427468	-0.0	28.95472397945927	68.02214055340485
5.76510131570359	95.6233358099908	8.565883463121715	96.3020263140718	-0.0	28.686102568450472	67.77280225201807
5.774625231918138	95.35490542803264	8.59643122444541	96.49250463836276	-0.0	28.452592679540547	67.52441510563939
5.784075473847248	95.08730809159317	8.62690904053191	96.68150947694495	-0.0	28.242568278213852	67.27696148108397
5.793458488746225	94.82078367021721	8.657317008819337	96.8691697749245	-0.0	28.048280848248027	67.03045724818813
5.802778614320947	94.55518883157215	8.687655227009417	97.05557228641894	-0.0	27.864622619676542	66.78487547923986
5.812038797225712	94.29053041992834	8.717923793060661	97.24077594451424	-0.0	27.68824504423798	66.54024076497545
5.821241074360176	94.02700271104736	8.748122805176664	97.42482148720352	-0.0	27.516922007081796	66.29651311822359
5.830386877624389	93.7641761722691	8.778252361841698	97.60773755248778	-0.0	27.349261968706138	66.05373265094201
5.83947725446487	93.50263318395947	8.808312561759523	97.78954508929739	-0.0	27.18430424359262	65.81184851277219
5.848512994172065	93.24162554039943	8.838303503858901	97.97025988344129	-0.0	27.021439397227528	65.57090714960496
5.857494724050493	92.98217335929158	8.868225287352473	98.14989448100985	-0.0	26.860227721936983	65.33084843885416
5.866422954278213	92.72293687731849	8.898078011622228	98.32845908556425	-0.0	26.700446131772722	65.09173215776451
5.8752981285050945	92.46542853613705	8.927861776348564	98.50596257010189	-0.0	26.541915903004558	64.85348971209014
5.884120642532249	92.20806787032308	8.95757668140823	98.68241285064497	-0.0	26.38453048454439	64.61617956001136
5.892890863034735	91.9524731626564	8.987222826922075	98.85781726069469	-0.0	26.22820105982188	64.37973960758393
5.9016091350592434	91.6969659229282	9.016800313176969	99.03218270118487	-0.0	26.07287593038643	64.14422253370677
5.910275789317025	91.44321951904217	9.04630924074107	99.20551578634048	-0.0	25.918524509824074	63.90957285392194
5.9188911445041725	91.18960485078173	9.075749710417426	99.37782289008344	-0.0	25.765148789658983	63.675832148730926
5.9274555189328035	90.93770770063257	9.105121823127803	99.54911037865607	-0.0	25.612694835740413	63.44295727555839
5.935969221925581	90.68597315520599	9.134425680058369	99.71938443851161	-0.0	25.461152460645206	63.210980481848296
5.944432556720812	90.43585019168377	9.163661382639603	99.88865113441622	-0.0	25.31053554019777	62.97986869243626
5.9528458268363575	90.1860069114574	9.192829032453757	100.05691653672714	-0.0	25.16082698878308	62.74964121654499
5.961209334066511	89.9376690143961	9.2219287312769	100.22418668133021	-0.0	25.0120007209566	62.5202767747983
5.9695233753053785	89.68971537298256	9.250960581107291	100.39046750610757	-0.0	24.864056990504096	62.291784654927994
5.977818848579006	89.4431098875681	9.285259208354633	100.55637697158012	-0.0	25.66251467551251	62.06415604010173
5.987651801887207	89.19701442288293	9.413283292360548	100.75303603774414	-0.0	33.420809288676296	61.83734349137077
6.000146274198008	88.95216225870203	9.647467206619327	101.00292548396015	-0.0	41.373302341626626	61.611181159784
6.015090385630023	88.70793885140674	9.966763781843607	101.30180771260045	-0.0	48.03119551331406	61.38550829119148
6.032060072218885	88.46478640962908	10.344731725956196	101.64120144437769	-0.0	53.56782635162216	61.16021065336354
6.050639026278438	88.22242472333839	10.749867375224593	102.01278052556876	-0.0	57.60792603035301	60.93518847931479
6.070327440066032	87.98100666634447	11.14865177861963	102.40654880132064	-0.0	60.2116872565141	60.7104255365982
6.090624439307619	87.74049956106333	11.50902192500435	102.81248878615237	-0.0	61.26450188484466	60.48592416699761
6.111011883965654	87.50078127969275	11.80356544061668	103.22023767931307	-0.0	60.756952350375684	60.26179463696167
6.130965386050801	87.26210899558689	12.012002316837718	103.61930772101601	-0.0	58.751196047646715	60.03810813569669
6.14992606275087	87.02407213029605	12.12269292562307	103.9985212550174	-0.0	55.552011996890506	59.815041502220225
6.1675687237741785	86.78732990463114	12.133099036013064	104.35137447548357	-0.0	49.90301018574761	59.5927271945042
6.183185053187906	86.55095187153849	12.049320907526514	104.66370106375811	-0.0	43.248140876326886	59.37134657187055
6.1959713017628175	86.31599683092449	11.885034799825808	104.91942603525634	-0.0	36.95972267278812	59.150989688342804
6.20756639382321	86.08136671520033	11.66043969447784	105.15132787646421	-0.0	19.968453802435953	58.9318393312862
6.246100753619578	85.84813081489102	11.403073951989244	105.25892405798972	-0.0	-0.0	58.71391486149662
6.925145745726331	85.61524104950445	11.186667492973662	105.2582626160969	-0.0	-0.0	58.49728189937749
8.477232693971771	85.38374031419652	10.943912655590669	105.2582626160969	-0.0	-0.0	58.28184946119689
10.894764196954082	85.15255951573398	10.622077411398903	105.2582626160969	-0.0	-0.0	58.06771522197661
14.165958378720573	84.92275095610967	10.24214248082126	105.2582626160969	-0.0	-0.0	57.854953019701334
18.274873025479273	84.69325436982383	9.82850089337207	105.2582626160969	-0.0	-0.0	57.643684248037445
23.201483280214237	84.46512196927415	9.407778155323046	105.2582626160969	-0.0	-0.0	57.43390784357416
28.921779234131776	84.23731475349017	9.007517316602097	105.2582626160969	-0.0	-0.0	57.225643719165184
35.40788293930609	84.01082370873418	8.654786362948158	105.2582626160969	-0.0	-0.0	57.01880827905191
42.628184272276656	83.78465430910353	8.374758396023937	105.2582626160969	-0.0	-0.0	56.81334111281551
50.54749498645792	83.55974750215631	8.189322550960522	105.2582626160969	-0.0	-0.0	56.609088661685924
59.12722020258313	83.33528528227983	8.115792586993205	105.2582626160969	-0.0	-0.0	56.405898633090324
68.32554650143526	83.11191797889396	8.160832322281403	105.2582626160969	-0.0	-0.0	56.20357522790621
78.09764570215759	82.88912300393358	8.238814585679275	105.2582626160969	-0.0	-0.0	56.00196262590782
87.94693937672282	87.40053100889871	8.316350295898475	104.72268642711539	221.75832138652711	-0.0	55.83593076481849
95.8443541108522	90.62532250134787	8.39344242997094	101.72626497260424	685.3559986280046	-0.0	56.76198933376294
100.75742123376463	90.80863671115215	8.470095775949016	96.0969047534616	946.2508161344558	-0.0	59.514725082426295
103.85013387769897	93.59010162630278	8.546317881376536	89.66778439167956	960.9385529916345	-0.0	62.879198853191006
105.97519878694636	96.7147234238787	8.622117394575257	83.40536167148048	912.9308750809615	-0.0	66.18142141105558
107.4186581048314	99.55624892743583	8.697502869060624	77.5453821056195	841.1996350246477	-0.0	69.2717233645109
108.43849730651601	102.1209503462432	8.772482443382872	72.22090857731209	754.041926171584	-0.0	72.06577037138355
109.26539243281236	104.3874518390572	8.84706369946985	67.49884944323934	662.5818088643575	-0.0	74.5170112861523
110.05620274510673	106.37694938332272	8.92125358719515	63.376652397309556	575.4413980246472	-0.0	76.61833702360644
110.88238538521055	108.10345414799264	8.995058416006906	59.79993432983051	500.1038005750533	-0.0	78.39586099260067
111.73246537191048	109.60041160617092	9.068483902069147	56.68100679519069	438.0466172869733	-0.0	79.89699660461454
112.55777801883401	110.86988139438654	9.141535251156734	53.931297693928784	389.75722725854973	-0.0	81.17510792275063
113.30617986929957	111.9604972961511	9.21421725102987	51.47747972681182	348.0106773984987	-0.0	82.27472640615555
113.9653349886551	112.87363722515131	9.28653434946362	49.27649350503903	313.45302473471355	-0.0	83.22529221193511
114.53711475048114	113.66756807151904	9.358490707257882	47.2981980373649	279.74846041862065	-0.0	84.04419113398791
115.03894917751039	114.33393731398705	9.430090231016413	45.523238818054296	251.8949537348863	-0.0	84.74410413298598
115.47054013454222	114.90429176979208	9.501336597169995	43.9285286075924	225.74842818392418	-0.0	85.33741483072166
115.83275400672174	115.37752173899867	9.572233274677696	42.49489023936458	202.41270734585035	-0.0	85.83612550518403
116.13031589705331	115.75048552651305	9.642783546673996	41.20733203691166	184.89113918363842	-0.0	86.25013419398546
116.36419823484712	116.05392257908122	9.712990528611998	40.05180309720342	167.10717823879253	-0.0	86.58698458231602
116.53668648121699	116.30655937808903	9.782857182481953	39.0167138762825	143.91469446000292	-0.0	86.85303017243659
116.66196158591985	116.46597708160043	9.852386328835026	38.095970310010145	132.81041144710144	-0.0	87.05421628948
116.73011539526294	116.57705234067426	9.921580657874035	37.27702710906892	117.36982113380618	-0.0	87.19605768205379
116.74822192111078	116.63781488743597	9.990442739763248	36.55418589489086	99.6826616354801	-0.0	87.28296288027835
116.74703673480822	116.65994748367048	10.058975032217456	35.92988517238325	88.53266404212997	-0.0	87.31375566667926
116.65862012152779	116.59288427341956	10.127179882620169	35.377702515982314	76.9170093655554	-0.0	87.30201088429752
116.54228285357055	116.37396920304758	10.195059547144126	34.910638834855305	123.07814000490822	-0.0	87.2503903817017
116.43748784795568	116.30422055153126	10.262616195220177	34.53585933035629	109.51738071282517	-0.0	87.14126434706824
116.25437788849275	116.19322634491058	10.329851888809168	34.22372655334268	74.18651442408728	-0.0	86.98977891996917
115.96833086539242	115.90141407616736	10.396768603691623	33.96478953599215	77.60483896159772	-0.0	86.81618536242878
115.6333929795929	115.65994903364769	10.46336825877163	33.772666445433295	-0.0	-0.0	86.60670782970321
115.30821209802488	115.32129687779525	10.529652698716957	33.672018457760615	-0.0	-0.0	86.3490984413656
114.41650582775313	115.06064249443436	10.59562367571982	33.662211024408634	-0.0	-0.0	86.04039336311182
112.4796574435805	114.77795633764616	10.661282843581782	33.662211024408634	-0.0	-0.0	85.70534823379025
109.50106512830205	114.36528091129092	10.72663180798023	33.662211024408634	-0.0	-0.0	85.39088266953988
105.53872299380177	114.1088846489346	10.791672180227904	33.662211024408634	-0.0	-0.0	85.05996042473579
100.6697790646353	113.6858422470136	10.856405548733425	33.662211024408634	-0.0	-0.0	84.746104483438
94.98903318216998	113.43675504569522	10.920833505133274	33.662211024408634	-0.0	-0.0	84.41930998604516
88.60709122241022	113.01755195882315	10.984957621255147	33.662211024408634	-0.0	-0.0	84.1061992360651
81.64821156545338	112.76534992992428	11.048779469479129	33.662211024408634	-0.0	-0.0	83.78331309463447
74.24788574645973	112.35728356701881	11.112300605059415	33.662211024408634	-0.0	-0.0	83.47116371229595
66.55020039364267	112.0970707121031	11.175522581563543	33.662211024408634	-0.0	-0.0	83.15191900209525
58.70503181713551	111.70314645370341	11.23844693766259	33.662211024408634	-0.0	-0.0	82.84096821729464
50.865127870967676	111.43330345808953	11.301075208550152	33.662211024408634	-0.0	-0.0	82.52509741127786
43.18313390518444	111.05399635947094	11.363408916315834	33.662211024408634	-0.0	-0.0	82.21557014055867
35.808620713769756	110.77482938373602	11.425449578193273	33.662211024408634	-0.0	-0.0	81.90282769571509
28.885172345113475	110.40920965148322	11.47162608084804	33.662211024408634	-0.0	-0.0	81.5949204124669
22.54759047625445	110.12199578080252	11.345017122436019	33.662211024408634	-0.0	-0.0	81.28519311403215
16.9192697826226	109.76856411535356	11.122292834721632	33.662211024408634	-0.0	-0.0	80.9795057975506
12.109795405613681	109.47490969942707	10.846186740034637	33.662211024408634	-0.0	-0.0	80.67333536995628
8.212821536994808	109.13190376666986	10.534232986368743	33.66226645580614	-0.0	-0.0	80.37057405053119
5.447124426537453	108.83346713246434	10.200085396321334	34.74688814951145	-0.0	327.0381983107335	80.06814761348537
3.7207695611186002	108.49923305493003	9.857471177594489	37.41227484237827	-0.0	453.6846886040066	79.76860172008998
3.0108652285003026	108.19756732798189	9.522172961922236	40.608450919124365	-0.0	492.32318434940436	79.46991009120774
3.1423011680213815	107.87061479837632	9.2117848993764	43.84602336042763	-0.0	477.2915522071369	79.17365486525004
3.2986750205517277	107.56704852268236	8.932258949350214	46.97350041103455	-0.0	460.8231656442725	78.87851931443677
3.4495788295985523	107.24612097114563	8.683035975605254	49.99157659197105	-0.0	444.4606757922425	78.5854298182686
3.595038828796411	106.94171491471629	8.4634604082073	52.90077657592821	-0.0	428.1646140548122	78.29357934734573
3.73507680934021	106.62579214431217	8.272801470911588	55.70153618680419	-0.0	411.93452901459295	78.00347794223892
3.8697154141750985	106.32140463658189	8.110232823607639	58.394308283501964	-0.0	395.77454553479566	77.71465944202919
3.9989788374320447	106.00971341130393	7.97480550391847	60.97957674864089	-0.0	379.68971087932044	77.42736597556174
4.122893063619314	105.7059890790863	7.865411880630188	63.45786127238626	-0.0	363.6857159470343	77.14135036112222
4.241486083344176	105.39790787758861	7.780737996754728	65.82972166688351	-0.0	347.76890785564586	76.85669003510573
4.354788125188767	105.09532432273257	7.719202250204926	68.09576250377533	-0.0	331.9463943260354	76.573272933249
4.462831934631232	104.7904258521489	7.678881752370251	70.25663869262465	-0.0	316.2261861226215	76.29108149919959
4.565653094246855	104.4893189386315	7.65743803782666	72.3130618849371	-0.0	300.6173120450881	76.01008611845967
4.663290390975357	104.18727098176888	7.6520768375974795	74.26580781950715	-0.0	285.1300107581252	75.73022080099415
4.755786255534112	103.88788587041924	7.659610096328834	76.11572511068222	-0.0	269.77595242878726	75.45150456355486
4.843187280536896	103.58846055397673	7.676695191765453	77.86374561073792	-0.0	254.56842754376447	75.17385455621704
4.925544816606884	103.29093545191687	7.700233992808241	79.51089633213768	-0.0	239.5227178346386	74.897319494997
5.00291567508619	102.99396909540133	7.727746998636513	81.0583135017238	-0.0	224.65659600563436	74.62181289180367
5.075363044656522	102.69844095003204	7.757515708703047	82.50726089313044	-0.0	209.99035902334006	74.3473994800719
5.142957448151438	102.40381706050205	7.788481574470678	83.85914896302876	-0.0	195.54783373113992	74.07399764657825
5.205777973443425	102.1103252957818	7.820044181253185	85.1155594688685	-0.0	181.35703669146915	73.80167479015068
5.263913842503448	101.81796145500297	7.851880073982901	86.27827685006895	-0.0	167.4503669662959	73.53035424660935
5.317466027654652	101.52654300439806	7.883820217450629	87.34932055309304	-0.0	153.86661004258795	73.26010063279921
5.366549578311585	101.23639557949429	7.915777741807708	88.3309915662317	-0.0	140.65077906740058	72.99084289858345
5.411295839508654	100.9470464724887	7.947708468941015	89.22591679017307	-0.0	127.85738638364424	72.72264183291864
5.451855837971256	100.65907966027832	7.979590069373985	90.03711675942512	-0.0	115.54914144054476	72.45542955156593
5.488403451731359	100.37181421142436	8.011411327478234	90.76806903462717	-0.0	103.7996035180963	72.18926423546223
5.521138886097531	100.08599550090439	8.043166646274786	91.42277772195062	-0.0	92.69556411200375	71.92408167513119
5.550292941281973	99.8008068644173	8.074853260911816	92.00585882563945	-0.0	82.33312056290077	71.65993601550647
5.576130268897899	99.51712237903138	8.10646983224844	92.52260537795797	-0.0	72.81382684286501	71.39676646600847
5.598949696341632	99.2339908161886	8.138015736952806	92.97899392683263	-0.0	64.24624604730255	71.13462476506947
5.6190840753976685	98.95241175060572	8.169490710286087	93.38168150795336	-0.0	56.72279499890593	70.87345297468913
5.6368932800524405	98.67131635925145	8.200894667217762	93.73786560104881	-0.0	50.3027472727257	70.61330007255496
5.652749712118417	98.39183440280424	8.232227612625532	94.05499424236832	-0.0	45.003620056713466	70.35410987885406
5.667020754502898	98.11278395167263	8.263489596350603	94.34041509005796	-0.0	40.77867788028383	70.095928836069
5.680047598123232	97.83536371591576	8.294680690785876	94.60095196246463	-0.0	37.52040431712	69.83870553424117
5.6921281528558785	97.55833337349422	8.3258009796359	94.84256305711756	-0.0	35.07393680476606	69.58248172478379
5.703505925723595	97.28295860779242	8.356850552416327	95.0701185144719	-0.0	33.275305268345875	69.32720959720038
5.714370149326364	97.0079670090872	8.387829501637391	95.28740298652728	-0.0	31.96711793606287	69.0729253601237
5.724861077710968	96.73460765948865	8.41873792151314	95.49722155421937	-0.0	31.017687746069463	68.8195911126988
5.735079755913852	96.46160407236141	8.449575907065903	95.70159511827704	-0.0	30.319266004802074	68.56723288740999
5.745096471410821	96.19024860610502	8.480343554017846	95.9019294282164	-0.0	29.79491746009545	68.31581937140318
5.754959502371064	95.91929507356672	8.511040958497865	96.09919004742129	-0.0	29.389334943411413	68.06536951151676
5.764701562853222	95.64986287506463	8.541668217069628	96.29403125706445	-0.0	29.064118662490205	67.8158656831685
5.774344716918834	95.38093421757121	8.572225426453603	96.48689433837667	-0.0	28.792438840315175	67.56730923433244
5.783903683803664	95.11342416443694	8.60271268376551	96.67807367607327	-0.0	28.556656912104916	67.31969718159652
5.793388314414758	94.8465349625416	8.6331300863534	96.86776628829516	-0.0	28.344874071822126	67.07302017908343
5.802805202191435	94.58089720289976	8.663477731855789	97.0561040438287	-0.0	28.149213346260286	66.8272863608079
5.8121587887837	94.31603079392804	8.693755718143393	97.24317577567399	-0.0	27.96444396983821	66.58247433016714
5.8214520933461396	94.05228282464653	8.723964143332626	97.42904186692279	-0.0	27.78711716816017	66.33860202012646
5.830687195878099	93.78944228232432	8.75410310582896	97.61374391756196	-0.0	27.61500454018511	66.09563932555466
5.839865570286328	93.52749199464101	8.784172704218234	97.79731140572655	-0.0	27.446587973052562	65.8536173960433
5.848988279713216	93.26666693947615	8.814173037419973	97.97976559426432	-0.0	27.28094729871395	65.6124906066289
5.858056132155717	93.00657905411985	8.84410420450535	98.16112264311433	-0.0	27.117426855643476	65.37230043287977
5.867069762894766	92.74772947048474	8.873966304818264	98.34139525789531	-0.0	26.955601262554847	65.13299592958082
5.876029690983302	92.48947494750043	8.903759437947837	98.52059381966602	-0.0	26.795226660265218	64.8946232726994
5.884936365455228	92.23255684446764	8.933483703702805	98.69872730910454	-0.0	26.636120684840623	64.65712853496338
5.893790187540425	91.97614245460203	8.963139202098004	98.8758037508085	-0.0	26.47815726243516	64.42055875899777
5.902591526701677	91.7211627917637	8.992726033381453	99.05183053403354	-0.0	26.32124817278132	64.1848585574861
5.91134072759917	91.46657926280409	9.022244298040153	99.2268145519834	-0.0	26.165367926828132	63.95007670228197
5.920038124616001	91.21349672703175	9.051694096749907	99.40076249232001	-0.0	26.010466677106084	63.71615922634786
5.928684038795214	90.96069331455413	9.081075530468915	99.57368077590426	-0.0	25.85653949429229	63.483151540881416
5.937278789579557	90.70954943900554	9.110388700234004	99.74557579159114	-0.0	25.703535294446688	63.251000346468366
5.945822686896136	90.45856142997343	9.139633707383087	99.91645373792272	-0.0	25.551450308453997	63.01975218897086
5.954316037715113	90.2092184524985	9.168810653445364	100.08632075430226	-0.0	25.400273834087287	62.789358890404465
5.962759140701043	89.9600724188633	9.19791964022621	100.25518281402086	-0.0	25.250049332291333	62.55985306265146
5.971152303974341	89.7125875159722	9.226960769541634	100.42304607948681	-0.0	25.100698192790347	62.33120095845767
5.979495825147534	89.4652704521274	9.255934143533768	100.58991650295067	-0.0	24.95222504129945	62.10342619313745
5.9878322055371855	89.21951555625952	9.291193096674721	100.75664411074371	-0.0	25.85982459356443	61.87650447302754
5.99775009646806	88.974071362928	9.422103113092469	100.9550019293612	-0.0	33.77578976308782	61.65039871393894
6.010350329324259	88.7300566896843	9.658698658318972	101.20700658648518	-0.0	41.60592905232109	61.42493408237522
6.025369304052521	88.48647462787966	9.979858477613998	101.50738608105043	-0.0	48.40878250702395	61.19995017234078
6.0424368786255735	88.24416057760969	10.358976116927982	101.84873757251147	-0.0	53.78497252727788	60.975339037875045
6.061089170142294	88.00242295314371	10.7644411123493	102.22178340284587	-0.0	57.81881262565156	60.75099972834867
6.080840084083832	87.76182860190517	11.162712836645968	102.61680168167663	-0.0	60.419261262737024	60.526908695593626
6.101196512641151	87.52198323317815	11.521793734358804	103.023930252823	-0.0	61.39872793955511	60.30309222845372
6.121627809446173	87.28302086777158	11.81441218620763	103.43255618892346	-0.0	60.85708460727362	60.079636887345686
6.141613332529423	87.04505004857232	12.020483178258795	103.83226665058845	-0.0	58.81685463797135	59.85662759720791
6.160643968622417	86.8078021111376	12.128590830413712	104.21287937244834	-0.0	55.256341963034856	59.63424493965813
6.178248225306789	86.57166625748148	12.136424063579247	104.56496450613578	-0.0	49.923563949936586	59.41260500798466
6.19384565048025	86.33610937300458	12.050293744815638	104.87691300960499	-0.0	43.34205331337576	59.19190179981346
6.206646943677051	86.10176141618399	11.884061418029168	105.13293887354102	-0.0	36.79138806252785	58.972229641698526
6.218296989209239	85.8679296188116	11.658099317031809	105.36593978418476	-0.0	22.67200617694773	58.753761372121744
6.264915581354664	85.63531978968163	11.400159970879681	105.50730316387659	-0.0	-0.0	58.53651884174273
6.967551553361349	85.40322572965093	11.191086583098363	105.50730316387659	-0.0	-0.0	58.32056423786317
8.545143856268218	85.17232282813507	10.945358401372836	105.50730316387659	-0.0	-0.0	58.105788241204706
10.99000407038032	84.94192684840934	10.62119092367414	105.50730316387659	-0.0	-0.0	57.89232803756982
14.290217132862377	84.71272643902496	10.239481312658462	105.50730316387659	-0.0	-0.0	57.680238622345556
18.429699405971856	84.48399436790962	9.824716708009463	105.50730316387659	-0.0	-0.0	57.46963952115064
23.38827706091198	84.25654374441676	9.403583465444	105.50730316387659	-0.0	-0.0	57.26051526400749
29.141784395283818	84.02937129353236	9.003648664372736	105.50730316387659	-0.0	-0.0	57.05291491129372
35.66218160500015	83.80360145991958	8.651965330403335	105.50730316387659	-0.0	-0.0	56.8467526155853
42.91769143669439	83.57809544978706	8.373652017417111	105.50730316387659	-0.0	-0.0	56.64193993199582
50.87295405463554	83.35389762747918	8.190504941898851	105.50730316387659	-0.0	-0.0	56.43833697280767
59.489199367418365	83.13008401972895	8.119709809039918	105.50730316387659	-0.0	-0.0	56.2357927873787
68.7244359745837	82.90741633928664	8.166833479571718	105.50730316387659	-0.0	-0.0	56.03410530853425
78.53365581233444	82.68526933945208	8.244661790602692	105.50730316387659	-0.0	-0.0	55.83312654534251
88.30966894948638	87.57894392948305	8.322044331314007	104.84199759174487	256.4473665302493	-0.0	55.694350456710886
95.99117564895	90.35712802358016	8.398984148033785	101.60038004873807	712.0844656944048	-0.0	56.784005926254224
100.79321238170145	90.79648006038825	8.475486256277613	95.88385483511117	948.5282857765435	-0.0	59.604324470808294
103.8618241953978	93.65598939829793	8.55155831833165	89.46323693991397	958.3971680566405	-0.0	62.965218148846176
105.97240316266766	96.76132349508714	8.627208977655792	83.21715561516102	910.4928171502766	-0.0	66.2583244168536
107.40515475312537	99.5928653917771	8.702446764132526	77.37438420718145	838.5141874299712	-0.0	69.33898313819601
108.4198468587022	102.14737024752405	8.777279791708365	72.06836822268404	751.3473863706678	-0.0	72.12254558808506
109.24567187889188	104.40437911472692	8.851715616591846	67.3644301670264	660.088137126283	-0.0	74.56327886298655
110.03677674431098	106.39037836217135	8.925761163097782	63.258324900284194	572.8663495027155	-0.0	76.65480754927
110.86512844223316	108.10395093618159	8.999422716541398	59.6962645108536	498.5037367409005	-0.0	78.42391677148169
111.71543145961569	109.59302742792727	9.072705971294583	56.5889286059968	437.0541875465303	-0.0	79.91813978729226
112.53770476139633	110.86511405972621	9.145616114063255	53.84769768617814	387.98603473618806	-0.0	81.19071821911733
113.28534808732046	111.94168604231173	9.218157916016352	51.40227744444483	347.7493120780909	-0.0	82.28583683503194
113.94176955046694	112.8523864909547	9.290335810164631	49.20782560960294	313.1205444491018	-0.0	83.23249894912426
114.5111756151655	113.644349678158	9.362153943715393	47.23542659133771	279.31046226497756	-0.0	84.04789204845446
115.01215470399062	114.30284049803146	9.4336162104753	45.466269775845056	252.66238053244965	-0.0	84.7446533110634
115.44209074310865	114.86963180758671	9.504726274773303	43.87643121910885	226.98304825905896	-0.0	85.33516398092878
115.80085616669082	115.34762899368583	9.575487594146832	42.44649925286447	201.96644664510265	-0.0	85.83138786139264
116.09398891359737	115.72999064974724	9.645903440918934	41.1619026738431	180.99680590140855	-0.0	86.24315528784764
116.32557441030943	116.03416367715964	9.715976920227725	40.00972920047685	161.94741734118824	-0.0	86.5779612989765
116.50365718458023	116.25568717069298	9.78571098415941	38.98026426715071	149.38976286832008	-0.0	86.84214171306853
116.62167018146847	116.43728743753582	9.855108443735498	38.06060734157585	128.81943546662242	-0.0	87.0416263233235
116.68886761219997	116.5447345640582	9.924171979979308	37.24456005654814	113.89457551946501	-0.0	87.18193047249623
116.70841427519849	116.59534315125852	9.992904154158477	36.5251207401319	100.87815003556369	-0.0	87.26729753100336
116.65087010310535	116.63068852274155	10.061307415913147	35.886558443822224	42.6185667607644	-0.0	87.30301538834472
116.56358707219667	116.51258218483481	10.129384114017933	35.33753404862931	67.75278490635661	-0.0	87.29513420561055
116.4692517779162	116.42490254784883	10.197136503674589	34.879544285168436	63.177770663922146	-0.0	87.23417943037865
116.2405759139653	116.19664708606214	10.264566737243518	34.4711636135842	62.87761534349311	-0.0	87.14082517079967
116.1253506271036	116.05840781198086	10.331676891040955	34.181124829917174	77.61992889101948	-0.0	86.99259575997303
115.97425526237365	115.98852363473493	10.398468937744203	33.96310793075241	-0.0	-0.0	86.78463968190133
115.64538908563647	115.65177774684928	10.464944742028544	33.77470759414626	-0.0	-0.0	86.56821401793026
115.2154681347383	115.23633590075882	10.531106130402874	33.64782452969342	-0.0	-0.0	86.32878663792532
114.28271969743388	115.02661433996003	10.596954874319927	33.63386261714901	-0.0	-0.0	86.02491453963859
112.3209859262809	114.73728262474053	10.662492631406076	33.63386261714901	-0.0	-0.0	85.68821751382796
109.31961789221982	114.32487974196454	10.727721000548021	33.63386261714901	-0.0	-0.0	85.37543157739294
105.33705315741236	114.07305170178103	10.7926415887942	33.63386261714901	-0.0	-0.0	85.04299314844133
100.4508334866807	113.64228420918411	10.857255977719094	33.63386261714901	-0.0	-0.0	84.73059234084437
94.75609508541378	113.4032254111573	10.921565754548208	33.63386261714901	-0.0	-0.0	84.40252514247831
88.3637162682815	112.97280703445875	10.985572484577316	33.63386261714901	-0.0	-0.0	84.09061935109882
81.39815862421135	112.73258797623986	11.049277735631302	33.63386261714901	-0.0	-0.0	83.7667100634616
73.99504371083582	112.31254236055734	11.112683056722767	33.63386261714901	-0.0	-0.0	83.45552401189926
66.29851246089693	112.06419448988873	11.175789996738123	33.63386261714901	-0.0	-0.0	83.13548626598642
58.45841871378869	111.65902241912006	11.238600088370685	33.63386261714901	-0.0	-0.0	82.82528461936973
50.627411515045516	111.39989154876989	11.301114862035268	33.63386261714901	-0.0	-0.0	82.50881824967486
42.95796299229384	111.01077677027935	11.363335834075176	33.63386261714901	-0.0	-0.0	82.19986042001965
35.59939967587085	110.7407028624407	11.425264516878213	33.63386261714901	-0.0	-0.0	81.88668504102723
28.694995065170815	110.36700120552558	11.469686124976688	33.63386261714901	-0.0	-0.0	81.57920133097514
22.379180049391987	110.08715074948991	11.33575752458044	33.63386261714901	-0.0	-0.0	81.26917966782614
16.77492549661332	109.72726948520662	11.111902577166273	33.63386261714901	-0.0	-0.0	80.96381789373342
11.991347973038868	109.43940646641087	10.835011563013692	33.63386261714901	-0.0	-0.0	80.65745918835677
8.122371785856107	109.09145244391561	10.522536619629182	33.63746701354069	-0.0	-0.0	80.35493952425382
5.386862756797308	108.79743939118994	10.188145279196727	34.7563926208066	-0.0	333.4801227780767	80.05240060335464
3.686987303721816	108.459504602816	9.845619791547357	37.45070024856851	-0.0	456.5332717309225	79.75303365927238
3.006710283431404	108.1611435366279	9.510832325995297	40.65882241957472	-0.0	493.10075517221105	79.45428276947298
3.144953645549564	107.8314943982842	9.20131007118864	43.89907291099128	-0.0	477.67123995648217	79.15815956515698
3.301454929371602	107.53031872124092	8.922647158056549	47.02909858743204	-0.0	461.20687443158124	78.8630005534176
3.452486901154235	107.20748351044263	8.674274351125444	50.0497380230847	-0.0	444.84569770905296	78.57000814551652
3.5980754309576715	106.90478763985011	8.455534340222663	52.96150861915343	-0.0	428.55062995413687	78.27815716367961
3.7382422593455	106.58755045541986	8.265694085000153	55.764845186909994	-0.0	412.32146131199795	77.98812848551152
3.873010009439809	106.28436179424642	8.103924270647878	58.46020018879618	-0.0	396.16234964490593	77.69932412985199
4.002402860656029	105.9717610486951	7.969271986533749	61.04805721312058	-0.0	380.078338379808	77.41208708086342
4.126446777840284	105.66893044236596	7.860624321362115	63.52893555680567	-0.0	364.07509287333664	77.12609290592879
4.245169726673648	105.36022719018999	7.776660230630752	65.90339453347296	-0.0	348.15896373353877	76.84147769160111
4.358601909710762	105.0582601147824	7.715788649898378	68.17203819421523	-0.0	332.33703987800754	76.55808706157575
4.466776038400562	104.75297135312317	7.676074355667199	70.33552076801125	-0.0	316.61730658331675	76.27593241860698
4.569727655232715	104.45228131392108	7.655163734750498	72.39455310465429	-0.0	301.00878194461785	75.99496616887248
4.667495500676393	104.15001463786766	7.650246204960189	74.34991001352788	-0.0	285.52167388968405	75.71513196442064
4.760121947723917	103.85090899730162	7.658120745394706	76.20243895447834	-0.0	270.1676170066209	75.43644594751417
4.847653517370285	103.55136167971881	7.6754419316585265	77.95307034740568	-0.0	254.95989256631862	75.15882417066105
4.930141481811834	103.25404077761857	7.699123035493657	79.60282963623666	-0.0	239.9137055622089	74.8823189494233
5.007642562170045	102.9570381790637	7.726706667907106	81.1528512434009	-0.0	225.0467042611141	74.6068389268318
5.080219799960519	102.6616404118204	7.756498250172071	82.60439599921037	-0.0	210.37929193404418	74.33245584563991
5.147943588753135	102.36701944204027	7.787458135443035	83.95887177506269	-0.0	195.93508193580737	74.05908057896673
5.210892853131093	102.07361963172151	7.818998483281654	85.21785706262186	-0.0	181.74187355353612	73.78678780098312
5.2691565391634825	101.78128885343045	7.85080333800646	86.38313078326965	-0.0	167.83228929418522	73.51549380075126
5.322835447014943	101.48993632951306	7.882707814695947	87.45670894029885	-0.0	154.2442956487307	73.24527024791259
5.372044103881549	101.19984719800307	7.914627320884235	88.44088207763099	-0.0	141.02390572102115	72.97603858477787
5.416913692729448	100.91056952906297	7.946518860269902	89.33827385458896	-0.0	128.22375649998202	72.70786700409758
5.457594580741678	100.62265789225529	7.978360739188023	90.15189161483356	-0.0	115.90719181079707	72.4406816204675
5.494259929463513	100.33546079766525	8.010142067570198	90.88519858927026	-0.0	104.14804969331378	72.17454517309787
5.527109443684302	100.0496973249717	8.041857417024014	91.54218887368604	-0.0	93.03099001813507	71.90938961438
5.556372926593097	99.76456190819135	8.073504110545324	92.12745853186193	-0.0	82.65224330104047	71.64527315263267
5.5823135879646975	99.4809244042556	8.105080853722825	92.64627175929394	-0.0	73.11592001016639	71.38213128449647
5.605229911907983	99.19785363869804	8.136587045799708	93.10459823815967	-0.0	64.52486364572266	71.12001861233982
5.625453241201856	98.91632518821096	8.168022433590561	93.50906482403713	-0.0	56.97417104095875	70.85887441585442
5.643341830939112	98.63530819796563	8.199386937661522	93.86683661878223	-0.0	50.52900780180126	70.59874958719065
5.659268469158847	98.35586766927142	8.230680565479583	94.18536938317693	-0.0	45.20069107888256	70.33958704375384
5.6736002387256255	98.07688541749476	8.261903367972135	94.4720047745125	-0.0	40.946033528107286	70.08143475037316
5.6866787299145605	97.79950601070901	8.293055417846196	94.73357459829121	-0.0	37.660459677038745	69.82423935535475
5.698802489887198	97.52254946744662	8.324136798745723	94.97604979774395	-0.0	35.1940479116891	69.56804372469529
5.710217036602862	97.2472285508591	8.35514759987502	95.20434073205723	-0.0	33.377723918375125	69.31279876512686
5.721112773481457	96.9722886517755	8.386087913361909	95.42225546962915	-0.0	32.05588637181918	69.05854442991931
5.73163139906014	96.69897358170303	8.416957832928532	95.63262798120279	-0.0	31.09469832498601	68.8052371689894
5.741874595653203	96.42604513892277	8.447757453252695	95.83749191306407	-0.0	30.38936166360943	68.55290717192517
5.751913742028381	96.15475944280672	8.47848686950639	96.03827484056761	-0.0	29.859813417290404	68.30152047426992
5.7617976948315475	95.88382479341875	8.509146177357527	96.23595389663095	-0.0	29.450405835307812	68.05110139636007
5.7715596185255125	95.61447011305287	8.53973547281504	96.43119237051025	-0.0	29.122194368575762	67.80162328895105
5.781221814260556	95.34558653361405	8.5702548522783	96.62443628521112	-0.0	28.84866444743447	67.55309525614139
5.790799272853587	95.07815516637955	8.600704412256604	96.81598545707173	-0.0	28.61143629996329	67.30551127995237
5.800301977530289	94.81129089228823	8.631084249678914	97.00603955060578	-0.0	28.398595438054485	67.05886283375096
5.8097366298188495	94.5457472096632	8.661394461657974	97.19473259637698	-0.0	28.20209007135818	66.81315636580494
5.819107733764312	94.28093265791188	8.69163514564233	97.38215467528623	-0.0	28.016672101454876	66.56837069866518
5.828418359031789	94.01721866888727	8.721806399249129	97.56836718063578	-0.0	27.838808830615537	66.32452897225392
5.837670617657274	93.75442285346134	8.751908320420268	97.75341235314548	-0.0	27.66623220779361	66.08159380125294
5.846866002446308	93.49257040807261	8.781941007286605	97.93732004892615	-0.0	27.497425392056897	65.83959922375537
5.856005596628913	93.23178942155286	8.811904558255481	98.12011193257825	-0.0	27.331399437275355	65.59849944009098
5.865090213362556	92.97176287420416	8.841799071981873	98.30180426725111	-0.0	27.16753311743733	65.35833771664117
5.8741204946705485	92.71293851574451	8.871624647342472	98.48240989341096	-0.0	27.00539520812968	65.11906141593829
5.8830969678243425	92.45475192109942	8.901381383434192	98.66193935648684	-0.0	26.84470298151579	64.88071747018236
5.892020084893756	92.19790512223977	8.931069379605614	98.84040169787511	-0.0	26.685272670978147	64.64324895565018
5.900890246223404	91.9415444013727	8.96068873544425	99.01780492446807	-0.0	26.52700918607451	64.40670764721371
5.909707822980308	91.68665325272104	8.990239550727619	99.19415645960615	-0.0	26.36982390762837	64.17103413473636
5.918473165645083	91.43200904830195	9.01972192550831	99.36946331290166	-0.0	26.213645354299153	63.9362836687554
5.927186606854015	91.17911312417094	9.049135959973837	99.5437321370803	-0.0	26.0584520983007	63.7023894132061
5.935848470445391	90.92628970972697	9.078481754591735	99.71696940890781	-0.0	25.904219824346754	63.46941203604841
5.944459072231755	90.67523214448948	9.107759410053951	99.8891814446351	-0.0	25.750941267803846	63.237287882762395
5.953018726133994	90.42426120236127	9.136969027201092	100.06037452267988	-0.0	25.598580125854543	63.00606893901478
5.9615277389966845	90.17501907223324	9.166110707115646	100.23055477993368	-0.0	25.447133272883097	62.77570049369688
5.969986415421397	89.92592824561048	9.195184551070806	100.39972830842794	-0.0	25.296590369920512	62.546223837312176
5.978395053520878	89.67847779020627	9.224190660622721	100.56790107041756	-0.0	25.146980306074962	62.31759935045686
5.986753957931763	89.43118972288927	9.253129137350182	100.73507915863524	-0.0	24.998242410215276	62.089854037795554
5.995156768073882	89.18551216357508	9.289418580756315	100.90313536147764	-0.0	25.71077511626312	61.86295959659554
6.005086921861531	88.94010535526263	9.423148345980401	101.10173843723061	-0.0	34.21547666869477	61.63687606150602
6.01779767131606	88.69616894795091	9.661982678967197	101.35595342632121	-0.0	41.789770249940446	61.411435648334084
6.032893358182436	88.45260504411843	9.984742979824121	101.65786716364872	-0.0	48.577487536276784	61.186471614667674
6.050023547770327	88.21037413521117	10.364683941793325	102.00047095540654	-0.0	54.00983975734463	60.961867627527546
6.068736663748368	87.96867673405376	10.770119913080059	102.37473327496735	-0.0	58.00597954572274	60.73754256990564
6.088541827927413	87.72816376985438	11.167522792543341	102.77083655854825	-0.0	60.528508873637996	60.513471615148624
6.1089324054521335	87.48830548272934	11.524993727532568	103.17864810904265	-0.0	61.50567902864112	60.289668120372276
6.129389879737816	87.24948949968174	11.815431046571307	103.58779759475631	-0.0	60.9228145007546	60.066230081349
6.149390519608908	87.01147648840947	12.018967731638439	103.98781039217816	-0.0	58.83226450074829	59.84324561760408
6.1684315353863255	86.7743816461249	12.1244265796245	104.36863070772651	-0.0	55.174197287165256	59.62088640520994
6.185958448066338	86.53820508414715	12.129729890404343	104.71916896132676	-0.0	50.18851408727777	59.399275443208786
6.2016357806290765	86.30276366577804	12.041396644852304	105.03271561258153	-0.0	42.88635597341193	59.17861344322528
6.214439343044599	86.06841559092669	11.873463024615646	105.28878686089199	-0.0	36.10108221949295	58.958977669529176
6.226031107706227	85.83469261796819	11.646457973040333	105.52062215412452	-0.0	19.054669711269867	58.74054592009224
6.27756425388104	85.60208575556628	11.388587752428686	105.6219363715248	-0.0	-0.0	58.52334602507242
7.002907279034713	85.37008226571847	11.179901205358103	105.62156739574188	-0.0	-0.0	58.30743092311806
8.60404138258646	85.1391963962722	10.932272941842287	105.62156739574188	-0.0	-0.0	58.092702357262986
11.073144800856081	84.90888567341673	10.606538696410002	105.62156739574188	-0.0	-0.0	57.87927546854393
14.398184321388765	84.67971538079641	10.22387649289679	105.62156739574188	-0.0	-0.0	57.6672334261398
18.56295531432652	84.45106086057568	9.808829404383294	105.62156739574188	-0.0	-0.0	57.45668095326883
23.547160705918834	84.22358552713487	9.388106261684767	105.62156739574188	-0.0	-0.0	57.247614631362815
29.32650989660878	83.99656402495224	8.989261481496959	105.62156739574188	-0.0	-0.0	57.04006213220083
35.872837141639366	83.7708078685414	8.639299888116035	105.62156739574188	-0.0	-0.0	56.83392612911197
43.15423881722395	83.54534880031382	8.363257287005295	105.62156739574188	-0.0	-0.0	56.629160577766044
51.13522890334463	83.3212003563078	8.182815171932658	105.62156739574188	-0.0	-0.0	56.4255921211289
59.77691192539498	83.09743449094232	8.115016884280742	105.62156739574188	-0.0	-0.0	56.22308084997436
69.03717251185905	82.87482278387142	8.164252253799242	105.62156739574188	-0.0	-0.0	56.02141902622725
78.87088064420233	82.65271864493296	8.241994280458076	105.62156739574188	-0.0	-0.0	55.82046601115277
88.64382593649903	87.8881517368325	8.319291115355991	104.92636114687801	260.78856947724466	-0.0	55.68478959796432
96.27419427463083	90.3955511659553	8.396145808356165	101.61876515911487	727.3773984533738	-0.0	56.80819974154158
100.9821697271924	90.80503721217164	8.472563429173107	95.81696470804349	957.0485496315578	-0.0	59.68614966939598
103.99491568351036	93.73719503889969	8.548551725012402	89.3636911528479	960.830296157943	-0.0	63.06890731270276
106.070676692881	96.84902830153614	8.624119375305447	83.10868165823831	911.0150137187844	-0.0	66.36839155342808
107.47938820319322	99.67997620030526	8.6992749166564	77.26688431390768	837.8228215201091	-0.0	69.44919664014427
108.47971411017586	102.2333030632874	8.774026458253292	71.96823443766175	749.7846318910265	-0.0	72.22868901978951
109.29837334545596	104.4915212958615	8.848381544456526	67.27480648992346	657.7360294704107	-0.0	74.66300005291232
110.0906654842054	106.45742516353154	8.922347083758764	63.182190747654346	571.8318186850463	-0.0	76.74752538747153
110.91629579007979	108.18547093316347	8.99592934430928	59.629433989136636	495.7562275175858	-0.0	78.50969665313
111.76670066325782	109.66902304847926	9.06913400397489	56.531387465285164	434.5008461787739	-0.0	79.99814370905376
112.58941782417975	110.92644259314095	9.14196623473287	53.79832247339505	386.8691908041942	-0.0	81.26610217252976
113.33321931004915	112.00764017280639	9.214430795036286	51.35810126603176	345.4013930948281	-0.0	82.35744554402015
113.9872111338142	112.91536312229773	9.286532106754953	49.16877886798217	310.59027839982673	-0.0	83.30085391432956
114.55685468120203	113.69337041392943	9.35827430692625	47.20197420616992	278.7715624925428	-0.0	84.11329164281842
115.05375054886561	114.36077281281764	9.429661279786535	45.43610658054514	249.7358529412964	-0.0	84.80734569641454
115.48209823304826	114.92425424032405	9.500696680609279	43.850101066494396	224.06686355902656	-0.0	85.39543036317697
115.84133706882712	115.3898066809823	9.57138395840461	42.424347156137486	201.58803264587186	-0.0	85.88947992117154
116.13512975114094	115.76019331337369	9.641726377450656	41.14360408144081	183.69616054521165	-0.0	86.29926016744433
116.36523125015887	116.0627922156023	9.711727035220381	39.99422457003367	164.9833722230557	-0.0	86.63222087434963
116.53725049839744	116.30194470899089	9.781388876436669	38.965804140449954	145.5249842693335	-0.0	86.8946865123109
116.65614339623816	116.47272200493886	9.850714705032582	38.04928584570366	128.48317094832868	-0.0	87.09257929538843
116.72387475691723	116.57612143119196	9.9197071951961	37.23605425979337	115.31608437366206	-0.0	87.23126198261042
116.7606030731669	116.54369889727157	9.988368901420724	36.5243639755663	139.71891722519297	-0.0	87.31542023890786
116.69550723931198	116.60918844296984	10.056702267513387	35.88577321439875	88.1401819307896	-0.0	87.35065077143071
116.62744054347668	116.5683781644205	10.124709635583699	35.34463664037242	72.90825820890782	-0.0	87.33505633279748
116.37803159779722	116.77718334150791	10.192393245841213	34.843181563794296	-0.0	-0.0	87.27589467041155
116.26685126988205	116.24096989813617	10.259755254820885	34.47135559490699	48.26306514436677	-0.0	87.19111080739614
116.2248964507809	116.2351542097544	10.326797739141142	34.204454396235484	-0.0	-0.0	87.01661567647726
116.0189182474451	115.96018243946328	10.393522633816342	33.97258121936986	72.706414561328	-0.0	86.81940030834076
115.61264020660857	115.63282052932708	10.459931812735633	33.76400663539436	-0.0	-0.0	86.61820161872957
115.22469343624947	115.23969274175154	10.526027120597007	33.65297263461612	-0.0	-0.0	86.37217334308117
114.29554761078069	115.14042102701835	10.591810316363567	33.64793998266257	-0.0	-0.0	86.05566334952888
112.30641363252172	114.67390887030494	10.657283037449043	33.64793998266257	-0.0	-0.0	85.72542669153891
109.27841562932056	114.41503955561862	10.72244688312844	33.64793998266257	-0.0	-0.0	85.40697272949213
105.27050965705882	114.03053787545463	10.78730345279883	33.64793998266257	-0.0	-0.0	85.07888214632334
100.36073088227491	113.71324788063356	10.851854327344926	33.64793998266257	-0.0	-0.0	84.76267441825374
94.64467421338811	113.37725610560874	10.916101087748098	33.64793998266257	-0.0	-0.0	84.43738814241186
88.23363303831512	113.02867832360236	10.980045297543363	33.64793998266257	-0.0	-0.0	84.1229928320266
81.25243230785847	112.71933072633405	11.043688519303359	33.64793998266257	-0.0	-0.0	83.80076883139833
73.83699815537013	112.3568650577151	11.107032299559314	33.64793998266257	-0.0	-0.0	83.48800356541983
66.13171137298065	112.06042302662571	11.170078182635725	33.64793998266257	-0.0	-0.0	83.1689049937395
58.2865962730037	111.69472141761298	11.232827698279511	33.64793998266257	-0.0	-0.0	82.85773568422262
50.454399668264166	111.40300555385845	11.295282372815603	33.64793998266257	-0.0	-0.0	82.54171650741533
42.787616844490444	111.04016192027338	11.35744371935857	33.64793998266257	-0.0	-0.0	82.23218838862311
35.43552243003766	110.7486656765271	11.419313246524068	33.64793998266257	-0.0	-0.0	81.91914722291106
28.54126397278179	110.39183813486959	11.46110371445033	33.64793998266257	-0.0	-0.0	81.61134231239907
22.239074813181322	110.0984196325327	11.325056103089329	33.64793998266257	-0.0	-0.0	81.30127004539607
16.651660519689067	109.74890908009021	11.100106750859801	33.64793998266257	-0.0	-0.0	80.99574129640988
11.8878097734621	109.45284000458919	10.822478098574537	33.64793998266257	-0.0	-0.0	80.68922914731887
8.04027621915395	109.11086613127387	10.509536767503326	33.64793998266257	-0.0	-0.0	80.38662533819007
5.338721734437174	108.81221703393363	10.174961808335839	34.85546296367884	-0.0	338.2973394784426	80.08388037433623
3.659900256800777	108.47740405085142	9.832589081426375	37.57183930346303	-0.0	458.696181658858	79.78446772281403
3.0073567132682317	108.17667168260449	9.498379448103526	40.7881576521888	-0.0	493.3817907824405	79.48548998215603
3.151407786011741	107.84834236814231	9.189775831851323	44.028155720234814	-0.0	477.6074823280262	79.18933159296787
3.3078885677983694	107.54620791131697	8.912027667412936	47.157771355967384	-0.0	461.14667865612415	78.89394134153187
3.458900658060612	107.22362115873638	8.664554503882076	50.178013161212235	-0.0	444.78652231817784	78.6009087070824
3.604469591760319	106.92077807294574	8.446697119971	53.08939183520638	-0.0	428.4922411751668	78.30883255744615
3.7446170838315758	106.6032119885465	8.257720009115975	55.89234167663151	-0.0	412.2638576658799	78.01875092308079
3.8793657645688455	106.30029361036483	8.096790643205608	58.58731529137691	-0.0	396.10555937927506	77.72973202599542
4.008739824135012	105.98708661933767	7.962951886017891	61.17479648270024	-0.0	380.022396418037	77.44242723649037
4.132765238565004	105.68464943299415	7.855085220447697	63.65530477130008	-0.0	364.0200395425696	77.15623185498207
4.251469987639284	105.37528270888792	7.771862144450265	66.02939975278568	-0.0	348.1048427541874	76.87153348681007
4.364884288681775	105.07376694431377	7.711681734923484	68.29768577363551	-0.0	332.28389613054424	76.5879526340663
4.473040868711267	104.76776867146721	7.672596064625512	70.46081737422533	-0.0	316.56518963516316	76.30570321953508
4.57597528843511	104.4675501891486	7.652236152707867	72.51950576870219	-0.0	300.95774618309605	76.02455570413915
4.673726306959406	104.16460128448466	7.647775265956298	74.4745261391881	-0.0	285.4717817915735	75.744616521685
4.766336316573943	103.86592493156377	7.6560002158696365	76.32672633147885	-0.0	270.1189512366958	75.46575798982393
4.853851872261956	103.56574729396704	7.673564204535597	78.0770374452391	-0.0	254.91247790984715	75.18802285505127
4.936324257768515	103.2687878983646	7.697393742438115	79.72648515537028	-0.0	239.86767183604653	74.91135310661976
5.013810228412512	102.9712205640331	7.725054701354584	81.27620456825024	-0.0	225.00216019330554	74.63575437625951
5.0863728711421174	102.67610940523974	7.754876776703525	82.72745742284235	-0.0	210.3362783402169	74.36121364212148
5.154082604694584	102.38101154312686	7.785839282555669	84.08165209389168	-0.0	195.89372771990372	74.08771430567039
5.217018377372218	102.08784150879566	7.817366681258455	85.34036754744436	-0.0	181.70244003746677	73.81526977199378
5.27526925927808	101.79510538588114	7.849150225742145	86.5053851855616	-0.0	167.79455357274975	73.54384876332797
5.328935936068502	101.50391336257745	7.881029067830736	87.57871872137004	-0.0	154.20913973512134	73.2734787791191
5.378133226819152	101.21344829495608	7.912920724698939	88.56266453638304	-0.0	140.9907210828438	73.00411929810598
5.422992167493876	100.92429359203058	7.944783342851813	89.45984334987752	-0.0	128.19334561053302	72.7358043845603
5.463663433625338	100.63606960038399	7.976595807851487	90.27326867250675	-0.0	115.87884790273505	72.46848983311556
5.5003199234176074	100.34892841260103	8.008347535234886	91.00639846835215	-0.0	104.12330975633664	72.2022146156253
5.533161691290997	100.06288908134293	8.04003325010768	91.66323382581993	-0.0	93.00968911200243	71.936929109897
5.56241869030229	99.77779617957458	8.071650355571439	92.2483738060458	-0.0	82.63374628484314	71.67267602710825
5.588353933580491	99.49391584497381	8.103197597867943	92.76707867160981	-0.0	73.10139565378013	71.40940426901899
5.6112659869996735	99.21087229113112	8.134674396525188	93.22531973999347	-0.0	64.51538270405928	71.14715693238973
5.631486704763467	98.92912107875618	8.16608050845251	93.62973409526933	-0.0	56.967129623612564	70.8858830529741
5.649373838523708	98.64810332398093	8.197415859136097	93.98747677047416	-0.0	50.52501566960792	70.62562596065632
5.665299783903601	98.36845190701328	8.228680458231912	94.30599567807201	-0.0	45.20281750528179	70.36633464206649
5.679632354959948	98.08945063000253	8.259874357483511	94.59264709919897	-0.0	40.95017301822851	70.10805247878794
5.692712477160861	97.81189242800725	8.290997629751839	94.85424954321722	-0.0	37.66612769596294	69.85072792816584
5.704838501733341	97.53490714777739	8.322050358474534	95.0967700346668	-0.0	35.20073553413476	69.5944040871289
5.7162555233680745	97.25942145626675	8.353032632503059	95.32511046736148	-0.0	33.387046692621425	69.33903088135392
5.727154259253331	96.98440760804489	8.383944543483356	95.54308518506663	-0.0	32.06541489359409	69.08465134723674
5.737676001192766	96.71097786851303	8.41478618463951	95.75352002385532	-0.0	31.104737812080124	68.83121452455774
5.747922508146524	96.43796354104991	8.445557650072871	95.95845016293048	-0.0	30.398905925276	68.57876164566838
5.7579649154671575	96.16655467278358	8.476259034513284	96.15929830934314	-0.0	29.869637407647875	68.32724715689984
5.767852155879583	95.89550864619322	8.506890433045307	96.35704311759166	-0.0	29.46037028080793	68.07670709929997
5.7776173756253035	95.62610236030973	8.537451941146427	96.55234751250606	-0.0	29.1321803346951	67.82709909306726
5.787282880052626	95.35705923487153	8.567943654595133	96.74565760105251	-0.0	28.858442331115214	67.5784543094847
5.796863605418017	95.08960359529456	8.598365669526679	96.93727210836033	-0.0	28.621225117300515	67.33074088439972
5.806369564769615	94.82253144634737	8.628718082216722	97.1273912953923	-0.0	28.408327928974746	67.08397709707418
5.815807450275255	94.55701721974621	8.659000989303356	97.3161490055051	-0.0	28.21177538871279	66.83814115000983
5.825181772394003	94.29195037067083	8.689214487631086	97.50363544788004	-0.0	28.02625888781864	66.59324272216244
5.834495588078749	94.02829918651041	8.719358674411465	97.68991176157498	-0.0	27.848366358388578	66.34927381749523
5.843751022022501	93.76526674983698	8.749433646941156	97.87502044045002	-0.0	27.67571223610547	66.10622306601775
5.852949559647509	93.50345521563467	8.779439502913217	98.05899119295017	-0.0	27.50685399031828	65.86410449064064
5.862092287527951	93.24240880507794	8.809376340174385	98.24184575055902	-0.0	27.340773584542596	65.62289114517253
5.871180018746394	92.98242227515752	8.839244256873233	98.42360037492787	-0.0	27.17685278055795	65.38260824332383
5.880213397167997	92.72341037953235	8.869043351351372	98.60426794335993	-0.0	27.014645066186635	65.14321527096416
5.8891929467829325	92.4652345492159	8.898773722234246	98.78385893565864	-0.0	26.853902036909695	64.90475212127303
5.898119120837266	92.20818384756696	8.92843546834222	98.96238241674531	-0.0	26.69443021404361	64.66716853257275
5.906992323811255	91.95179460350303	8.958028688720592	99.13984647622509	-0.0	26.536095416825994	64.43051149495464
5.915812922703239	91.69670102269782	8.987553482702108	99.31625845406477	-0.0	26.378851581909636	64.19472329572073
5.924581267651661	91.4421383944762	9.017009949773307	99.49162535303321	-0.0	26.222632355305823	63.95985569694773
5.933297695078861	91.18896875655386	9.04639818966549	99.66595390157721	-0.0	26.067379761331548	63.72584902331149
5.94196252626592	90.93621345576311	9.07571830233785	99.83925052531839	-0.0	25.913096178876103	63.492756845227994
5.950576078376769	90.68491928821442	9.104970387969805	100.01152156753537	-0.0	25.75976205445469	63.260519679363576
5.959138663896951	90.43397947225897	9.13415454692782	100.18277327793902	-0.0	25.6073567407745	63.029188465642115
5.967650592153643	90.18455879887533	9.163270879785701	100.35301184307286	-0.0	25.455853081485806	62.798705972567916
5.976112165255968	89.93543127332045	9.192319487346417	100.52224330511935	-0.0	25.305267088595784	62.569121256106115
5.984523686069426	89.68783966896115	9.22130047059739	100.69047372138851	-0.0	25.155580675944293	62.34038199914651
5.99288518124397	89.44049085778911	9.250214456546376	100.8577036248794	-0.0	25.009574568854617	62.11252978288438
6.001259112145147	89.19475318547791	9.287628875919731	101.02518224290293	-0.0	26.26476783082491	61.88551739009992
6.011320211687233	88.9492192680459	9.42417076176629	101.22640423374465	-0.0	34.503873569667334	61.659325802324865
6.024104178086736	88.70523800191373	9.665240657446432	101.48208356173471	-0.0	41.983095606287	61.43376710826509
6.03926621507509	88.46151032541468	9.989597476219059	101.78532430150179	-0.0	48.706845125022795	61.20869202842113
6.056437927994402	88.21927637635405	10.370356768792448	102.12875855988804	-0.0	54.24695978413199	60.983953767239235
6.075204745813976	87.97739357856642	10.775760033733597	102.50409491627951	-0.0	58.12268671873715	60.75951640808691
6.095044693621954	87.73690650964976	11.172294086341934	102.90089387243907	-0.0	60.609285468847126	60.53532369961097
6.115457296234667	87.49683900049467	11.528160481817373	103.30914592469334	-0.0	61.55895257445871	60.31140608245425
6.135928792572662	87.25806610689243	11.816428499073252	103.71857585145324	-0.0	60.913892835065845	60.08784726882778
6.155929758284575	87.01984577640093	12.017449071887016	104.11859516569149	-0.0	58.7676201561892	59.864758160058834
6.174944053280329	86.7827883014478	12.120282749718614	104.49888106560657	-0.0	55.15597241743249	59.64228637284113
6.192529286208243	86.54637905025928	12.123083524688647	104.85058572416486	-0.0	49.68251899998514	59.420584978178134
6.208036032731258	86.31101628739454	12.032576291877753	105.16072065462514	-0.0	42.98513107926455	59.19981390223229
6.220943982017495	86.0764341581549	11.862969581481599	105.4188796403499	-0.0	35.11805957581252	58.98009309559644
6.23002187039544	85.84276298690267	11.634947022027495	105.6004374079088	-0.0	29.675049547992145	58.761565887100765
6.288611712826296	85.60995018529616	11.377968260804673	105.69367802755052	-0.0	-0.0	58.54428024702594
7.036443660924654	85.37797588100298	11.157449882417417	105.69367802755052	-0.0	-0.0	58.32827713409369
8.660508426925382	85.14690569750438	10.908257584636802	105.69367802755052	-0.0	-0.0	58.113480329072274
11.152891106889992	84.91660860146558	10.581554157035669	105.69367802755052	-0.0	-0.0	57.899985160964825
14.50144503653353	84.68725546804708	10.198576380405955	105.69367802755052	-0.0	-0.0	57.68787748461952
18.68985098817327	84.45860937953543	9.783894161406847	105.69367802755052	-0.0	-0.0	57.47725305094947
23.6976967027339	84.230983537836	9.364209797328822	105.69367802755052	-0.0	-0.0	57.26812668807346
29.500576369190714	84.00395047621932	8.96703753056809	105.69367802755052	-0.0	-0.0	57.06050168609521
36.070209566661006	83.77800851397329	8.619309271697727	105.69367802755052	-0.0	-0.0	56.854302128286584
43.37457908945018	83.55257685799296	8.345957348987884	105.69367802755052	-0.0	-0.0	56.64945943608467
51.37808698339329	83.32827392787735	8.168532768842653	105.69367802755052	-0.0	-0.0	56.44581214724983
60.04172803301051	83.10448259521407	8.103926484868165	105.69367802755052	-0.0	-0.0	56.24321900274845
69.32327985401008	82.88175203246895	8.155274919374637	105.69367802755052	-0.0	-0.0	56.041468664634046
79.1775086647073	82.65959544440213	8.2329880531392	105.69367802755052	-0.0	-0.0	55.840427717486875
88.9240010098039	88.09498154206065	8.310256230552136	104.9460515532666	273.15151856962575	-0.0	55.71595895338704
96.47116023014426	90.39917607136643	8.38708252749322	101.54615357508442	739.2418915957113	-0.0	56.89886909284236
101.11581748335662	90.88373170302732	8.463472099658926	95.69790744329372	959.6289492452992	-0.0	59.81058520850105
104.10023364919252	93.85257253380449	8.53943274978068	89.24071432409272	960.3590476404762	-0.0	63.19669949161176
106.15694634719209	96.95798472582062	8.614973163848722	82.99123950976634	909.8937003427554	-0.0	66.49342454131038
107.55259193054748	99.78248646314691	8.69010187117819	77.15903692735733	836.2472672996015	-0.0	69.5689946353995
108.54603355178945	102.32752388653654	8.764826969273992	71.87270835761757	748.1081939617837	-0.0	72.3414912263118
109.36178257813211	104.5815053201209	8.839155987986285	67.19203479199251	655.9153552258165	-0.0	74.76801175708411
110.15284950024382	106.54976711236648	8.913095820165374	63.11103550164549	569.4536108489964	-0.0	76.84492579946478
110.98060407936639	108.26411421644775	8.98665271869283	59.56982510626074	494.4533220261314	-0.0	78.60046080875789
111.8314061397241	109.73961231110118	9.05983234765616	56.48076301412602	433.89105150493947	-0.0	80.08338634693861
112.65057633528536	111.00454931157643	9.132639867293667	53.75357362058187	384.89275406768115	-0.0	81.34690952070953
113.39427831063428	112.07053762023413	9.2050800262635	51.319975566136236	345.1617912458053	-0.0	82.43465418915943
114.04493470797992	112.98118628661221	9.277157238067291	49.1350920163427	309.41454058122974	-0.0	83.37490887420714
114.61477597304635	113.74619023954061	9.348875632250326	47.173611379491376	279.5938411616331	-0.0	84.184489590586
115.10839599445508	114.41902366663828	9.420239086120382	45.41112684197565	249.08534582249482	-0.0	84.87593729546954
115.53521603674645	114.97942403115934	9.491251248515967	43.828767759436126	223.6543773388746	-0.0	85.46168504938335
115.89392507855864	115.4376005130585	9.56191556250489	42.4066429402593	202.65539937295668	-0.0	85.95363271760004
116.1857333846557	115.80785323937783	9.632235286860773	41.128678443164524	184.415869910939	-0.0	86.36148668059678
116.41439744352536	116.1086315787982	9.702213513894122	39.98200223133274	165.8882992421248	-0.0	86.69265805204147
116.58349593994734	116.3524361266626	9.771853183438795	38.95556631145717	144.2060442409645	-0.0	86.95345943205895
116.70169080792635	116.51893014500342	9.841157094786524	38.04157203764274	128.25154838466386	-0.0	87.14980280358725
116.76133829413337	116.61439095583027	9.91012791773293	37.228375351854694	115.0011323738961	-0.0	87.28782093762962
116.77185498859014	116.65921283436876	9.978768204138579	36.51110047480303	100.68661221793026	-0.0	87.37227828502915
116.75172078580992	116.66676739446967	10.047080395387445	35.888527238637096	87.44029517689464	-0.0	87.40175609991631
116.6806215074758	116.61891422468915	10.115066823665588	35.34861484931366	74.52285186973914	-0.0	87.38357292334206
116.53058436083408	116.32661883987683	10.18272972341594	34.878373189894326	135.48762632119914	-0.0	87.3293157816415
116.36034797200918	116.30249660145569	10.250071252103972	34.491112427737804	72.15693556280213	-0.0	87.23194718558119
116.28624158155922	116.24173560415288	10.317093471093637	34.2168193192218	63.289319530004974	-0.0	87.05964914857063
116.0270740908919	115.96735294930802	10.383798315732692	33.971637456766054	73.31372819976535	-0.0	86.87140622176794
115.643326449296	115.63937438383655	10.450187670878623	33.77148902543187	18.85963656463093	-0.0	86.66780681497879
115.2614112892233	115.32079855410156	10.516263376726126	33.66617746894255	-0.0	-0.0	86.4144805092893
114.30363112359164	115.14350299016691	10.582027179912956	33.66085322935166	-0.0	-0.0	86.09845012101165
112.28717016622086	114.72798345473728	10.647480716297759	33.66085322935166	-0.0	-0.0	85.76883203034775
109.23266613933377	114.43221613862727	10.712625584405503	33.66085322935166	-0.0	-0.0	85.44925703027442
105.19959117927571	114.07281821639782	10.777463380953966	33.66085322935166	-0.0	-0.0	85.12202816446799
100.26647050054731	113.7390605337994	10.841995686068325	33.66085322935166	-0.0	-0.0	84.80456466046174
94.52935348564334	113.41224910595096	10.906224078056114	33.66085322935166	-0.0	-0.0	84.48018181016005
88.0999435739189	113.05945588138573	10.970150119680305	33.66085322935166	-0.0	-0.0	84.16456197133505
81.10342336114971	112.7500483129123	11.033775370946124	33.66085322935166	-0.0	-0.0	83.84316290966706
73.67601725573753	112.39016616839167	11.097101377531411	33.66085322935166	-0.0	-0.0	83.52928863410496
65.96233914743213	112.0888217725283	11.160129681343454	33.66085322935166	-0.0	-0.0	83.21088138992586
58.11257673025321	111.72899780232005	11.222861811168547	33.66085322935166	-0.0	-0.0	82.89875197294711
50.279567301726246	111.43028575648337	11.28529929107594	33.66085322935166	-0.0	-0.0	82.58327343718221
42.615821973505646	111.0744883290957	11.347443633110583	33.66085322935166	-0.0	-0.0	82.27293806723866
35.27055623298054	110.7755472841107	11.409296343787206	33.66085322935166	-0.0	-0.0	81.96029223933813
28.386784671631133	110.42570351435694	11.459333294940935	33.66085322935166	-0.0	-0.0	81.65181902152521
22.098536446813657	110.12527423618549	11.319021859025572	33.66085322935166	-0.0	-0.0	81.34200455210599
16.52824569267757	109.78204537313711	11.091997158773975	33.66085322935166	-0.0	-0.0	81.03592431145582
11.784367689785487	109.47984839325483	10.813029771303716	33.66085322935166	-0.0	-0.0	80.72956954354683
7.9590734365378175	109.14318274831409	10.499212219852385	33.65994383492921	-0.0	-0.0	80.42651891637047
5.288876165420796	108.839418496774	10.16415317216466	34.938477417286414	-0.0	343.1635266297019	80.12384847843443
3.6321866839590564	108.50886854620293	9.821696829934828	37.676964701127226	-0.0	460.8370912993111	79.82407057647262
3.0079851347502986	108.20406225760532	9.487863024194914	40.90122361288469	-0.0	493.61168447483936	79.52509945283738
3.157045128380404	107.87904546551347	9.17997490870759	44.14090256760808	-0.0	477.54189066232937	79.22863652224137
3.3135046480258303	107.5737263824828	8.90293866312193	47.27009296051661	-0.0	461.0837964040377	78.93320058299642
3.4644958534656745	107.25361646627724	8.656165394188942	50.28991706931348	-0.0	444.72402061767076	78.63990721241245
3.610043971092791	106.94833602177557	8.438994371251798	53.20087942185582	-0.0	428.42986149253795	78.34774645076624
3.7501706853833294	106.63256167937595	8.250688145729077	56.00341370766659	-0.0	412.2015935932359	78.05743614690319
3.884898628684315	106.32783473105694	8.090411663366503	58.69797257368629	-0.0	396.04342042187255	77.76830398372081
4.014251994254971	106.01588241370257	7.957204468854993	61.28503988509941	-0.0	379.9603954833641	77.48079259505569
4.138256764692564	105.71210991036884	7.849943652027402	63.76513529385126	-0.0	363.9582023000243	77.19446426287375
4.2569409272262515	105.4035776549501	7.7672948757537235	66.13881854452502	-0.0	348.0431834704752	76.90957483483876
4.370334704899781	105.10108195098985	7.707649524828074	68.40669409799563	-0.0	332.2224383512381	76.62584775325327
4.478470833521151	104.79564244533783	7.669049794456078	70.56941667042302	-0.0	316.50396985755316	76.34341672735329
4.581384884016604	104.49468036730117	7.64911480984455	72.62769768033206	-0.0	300.89679187236584	76.0621148496477
4.679115628131562	104.19207334505829	7.645005455590907	74.58231256263123	-0.0	285.4111153187433	75.78200074221353
4.771705472603909	103.89282850266054	7.653499478909183	76.43410945207816	-0.0	270.05859706327715	75.50298308243225
4.859200972242995	103.59284850808265	7.671249593746126	78.1840194448599	-0.0	254.85255800363765	75.22507799142542
4.941653448750142	103.29546947525313	7.695192861258575	79.83306897500282	-0.0	239.8081821219435	74.9482456758213
5.019119672064902	102.99798230694486	7.722913484626059	81.38239344129805	-0.0	224.9431472325827	74.67248052245576
5.091662735534435	102.70255379614318	7.752759861311189	82.83325471068869	-0.0	210.27790628845872	74.39777632912975
5.159353124950059	102.4074520800395	7.783725641017119	84.18706249900117	-0.0	195.8359247359506	74.12411387452802
5.222269766483671	102.11401878480967	7.815244679029284	85.44539532967342	-0.0	181.64551145612216	73.85150661199305
5.2805017972872905	101.82121169930168	7.8470136278799005	86.6100359457458	-0.0	167.73864175994666	73.57992494422346
5.334149986630185	101.5298229677934	7.87887463882669	87.68299973260369	-0.0	154.15417935523615	73.30939224079466
5.383329175965628	101.23926732812942	7.9107468374195244	88.66658351931255	-0.0	140.93690281436102	73.03987367155858
5.428170452569456	100.94992642871026	7.942589206019238	89.56340905138913	-0.0	128.1409873721885	72.77139800207475
5.468824446836587	100.66157613169163	7.974381064610319	90.37648893673173	-0.0	115.82916253809212	72.50392619503467
5.505464627496332	100.37429619388206	8.006112050530511	91.10929254992664	-0.0	104.07443691469273	72.23749049541168
5.538290612801785	100.08812771595433	8.037777006764147	91.7658122560357	-0.0	92.96341644190701	71.9720492227456
5.567532551583074	99.80290410736212	8.069373393922728	92.35065103166149	-0.0	82.5915827987741	71.70763720228116
5.5934541562513616	99.51887770133565	8.100899987852507	92.86908312502723	-0.0	73.06104486389306	71.44421092469203
5.616353607622664	99.23568923876826	8.132356223258174	93.32707215245328	-0.0	64.47814266818197	71.18180706660388
5.63656261686401	98.95379374599872	8.163741864348049	93.7312523372802	-0.0	56.93652149509253	70.92037993062169
5.654439788976208	98.67264270307138	8.195056840057507	94.08879577952415	-0.0	50.49901712894539	70.65996795005627
5.670357730956766	98.3928662968316	8.226301161598458	94.40715461913533	-0.0	45.17754356826558	70.40052365310459
5.684683088500753	98.11372217102843	8.257474881291214	94.69366177001505	-0.0	40.93051725004807	70.14208811634548
5.697757371463703	97.83603478292996	8.288578072021213	94.95514742927405	-0.0	37.65127125890881	69.88461234061114
5.709878764941128	97.55889452617102	8.31961081701754	95.19757529882256	-0.0	35.18948423967496	69.62813725360796
5.721292323988377	97.2832939179976	8.35057320477981	95.42584647976753	-0.0	33.376569199370216	69.37261346358257
5.732188074043567	97.00814335251815	8.381465326569144	95.64376148087133	-0.0	32.05722318605353	69.11808333893036
5.74270739921971	96.73458236867233	8.412287275179274	95.8541479843942	-0.0	31.097962708238423	68.86449831505648
5.75295184219948	96.46143041608478	8.443039144284265	96.0590368439896	-0.0	30.393415251301896	68.61189618127116
5.762992501029379	96.18990198190245	8.47372102812423	96.25985002058758	-0.0	29.864731450687895	68.36023403064135
5.772878180516225	95.91872435954906	8.504333021347474	96.45756361032448	-0.0	29.455847731244095	68.10954607851161
5.782641960118325	95.64917902870133	8.534875218986656	96.65283920236651	-0.0	29.127985758791603	67.85979283144529
5.792306109309868	95.38001429706702	8.565347716390168	96.84612218619735	-0.0	28.854524975651813	67.61100105025837
5.801885550659318	95.11241745916958	8.595750609190409	97.03771101318635	-0.0	28.617446150074255	67.3631429704803
5.811390268207756	94.8452329000144	8.626083993258021	97.22780536415512	-0.0	28.404660190079902	67.11623416310546
5.820826945092179	94.57957238374459	8.65634796475656	97.41653890184357	-0.0	28.20817629406148	66.87025499737601
5.830200078598234	94.31439731999406	8.686542620133086	97.60400157196467	-0.0	28.022740600917626	66.6252127133752
5.839512727827696	94.05060999034589	8.71666805608778	97.7902545565539	-0.0	27.84487355986477	66.38110014878978
5.848767005263177	93.78743188296295	8.746724369555197	97.97534010526354	-0.0	27.67227581394296	66.1379102221287
5.857964400965066	93.52552930941636	8.776711657724887	98.15928801930133	-0.0	27.503438890525423	65.89564720866922
5.867105995153466	93.26433844871973	8.806630018051859	98.34211990306932	-0.0	27.33739121925248	65.65429519054567
5.876192603402811	93.00425645306593	8.836479548216309	98.52385206805621	-0.0	27.173481985473565	65.4138697399801
5.885224864142611	92.74506424826511	8.86626034617639	98.7044972828522	-0.0	27.01131085688264	65.17434086887583
5.894203305005814	92.48682880245484	8.895972510083816	98.88406610011626	-0.0	26.850589068581773	64.93573568678136
5.903128376675238	92.22961682287644	8.925616138353636	99.06256753350476	-0.0	26.691146162138086	64.69801573950268
5.9120004860768125	91.9731240559563	8.955191329590324	99.24000972153624	-0.0	26.532820870303063	64.46122035850391
5.920819997014014	91.71789470880532	8.984698182718105	99.41639994028027	-0.0	26.375597447401468	64.22529578934264
5.9295872609025935	91.46323506546459	9.014136796796452	99.59174521805186	-0.0	26.219396147399937	63.9902909314191
5.938302613022286	91.2099132337547	9.043507271143003	99.7660522604457	-0.0	26.0641689834795	63.7561496174017
5.946966376366836	90.95706180844158	9.072809705286758	99.93932752733672	-0.0	25.90990076867767	63.522921627530316
5.955578866749178	90.70562497755571	9.102044199003934	100.11157733498355	-0.0	25.75658501513254	63.290550659456116
5.964140396184074	90.45457073388032	9.131210852239176	100.28280792368147	-0.0	25.60420497205423	63.05908522607898
5.9726512753478325	90.20505450526532	9.160309765176226	100.45302550695665	-0.0	25.45271964986313	62.82846899741217
5.981111805860743	89.95577347971056	9.189341038176524	100.62223611721485	-0.0	25.30214957944033	62.59875253962803
5.989522289938343	89.70809200890945	9.218304771844194	100.79044579876684	-0.0	25.152482568637957	62.369880214937055
5.997883025702129	89.46062580942883	9.24720106698444	100.95766051404257	-0.0	25.003724806543964	62.141896950927176
6.006264849547613	89.21476309891848	9.285867926467258	101.12529699095226	-0.0	26.46240550571736	61.914753359500075
6.016397826868733	88.96910741213675	9.425193063432753	101.32795653737465	-0.0	34.6457765520982	61.68843009610367
6.029227202330957	88.7250050376371	9.66848999789604	101.58454404661913	-0.0	42.440500222114935	61.46272152180496
6.0444769661362585	88.48116904003146	9.994432956140278	101.88953932272516	-0.0	48.85279591354887	61.23752058291883
6.061713528082558	88.23885268040777	10.375999979939168	102.23427056165116	-0.0	54.233598718692996	61.012649544093186
6.080502370977852	87.99682658700625	10.781361522241568	102.61004741955703	-0.0	58.2752232744576	60.788055314373224
6.100375134148585	87.75623434873151	11.177021215495088	103.0075026829717	-0.0	60.70355866774237	60.56371772943697
6.120807167626758	87.51604339464195	11.531282786002398	103.41614335253516	-0.0	61.604793635633285	60.3396710520597
6.141279605511268	87.27718785409007	11.817387448895524	103.82559211022534	-0.0	60.958416415404514	60.11597535904761
6.161311896494299	87.03883309257569	12.015904257520425	104.22623792988597	-0.0	58.51335427663836	59.89275928789563
6.180265250872434	86.80165614229992	12.11613076099983	104.60530501744867	-0.0	55.08167861248343	59.670162168836065
6.197790632556294	86.56516750295101	12.116451146444335	104.95581265112587	-0.0	49.67723833929001	59.44833293721421
6.213235143088138	86.32967492406418	12.0237943709617	105.26470286176276	-0.0	43.203959216238395	59.22744149361823
6.226333432063767	86.0949920217319	11.852539434506099	105.52666864127534	-0.0	33.88945445671042	59.007610824357926
6.237156206809039	85.86119457171016	11.623523008444492	105.74312413618077	-0.0	14.17985423998824	58.78897481693671
6.303455951563629	85.62829500280081	11.36563541025653	105.82938472497793	-0.0	-0.0	58.571579687342016
7.074248119461301	85.39618733203999	11.162590822768644	105.82928653204577	-0.0	-0.0	58.35546009264155
8.72226691226065	85.1650389861927	10.910713598778916	105.82928653204577	-0.0	-0.0	58.14052894422419
11.23947571800607	84.93460180106203	10.581754013785362	105.82928653204577	-0.0	-0.0	57.92690659322501
14.613606881917093	84.70518339427265	10.197070588594375	105.82928653204577	-0.0	-0.0	57.71467108455506
18.828216525277096	84.47639065454487	9.781327356515462	105.82928653204577	-0.0	-0.0	57.50393149400351
23.862764684927058	84.2486884226055	9.361288299086183	105.82928653204577	-0.0	-0.0	57.294679945959956
29.692715415076588	84.02152449133065	8.964493272112621	105.82928653204577	-0.0	-0.0	57.0869367977193
36.289656363608984	83.79551836726758	8.617861431554417	105.82928653204577	-0.0	-0.0	56.88061705841747
43.62143724009626	83.56991514798808	8.34627321140864	105.82928653204577	-0.0	-0.0	56.675656082098186
51.65232650073103	83.34557935224439	8.171189578561833	105.82928653204577	-0.0	-0.0	56.471883390157
60.34318548653322	83.12162554557794	8.109376326429189	105.82928653204577	-0.0	-0.0	56.26916484159766
69.65165916619178	82.8988414052843	8.162630692206971	105.82928653204577	-0.0	-0.0	56.06728268702156
79.53238255394639	82.67654198217618	8.240250054114902	105.82928653204577	-0.0	-0.0	55.86611060393084
89.25034725662138	88.33202345285957	8.31742515603777	105.01969875647201	287.4876385839272	-0.0	55.755591881552405
96.7072035198649	90.41399635949915	8.394159102165036	101.51471988536767	752.5879645814952	-0.0	57.00646271544422
101.28624965252152	90.98822416230765	8.470457143627936	95.61397373222773	962.7161025552905	-0.0	59.955919105232674
104.24298312969276	93.99744217167932	8.546327142583824	89.15014968529692	960.2596972804853	-0.0	63.34669054068346
106.28090962887059	97.09825550060584	8.621777791031958	82.90355283015273	909.0868338854253	-0.0	66.6418652087406
107.66319469005104	99.92038704393555	8.696817609873722	77.07825455710623	834.7770290025921	-0.0	69.71336548438398
108.64914747878483	102.4621772679703	8.771454683722894	71.80171986281627	746.2086296561484	-0.0	72.48002739158053
109.46330968976979	104.70425063763095	8.845696526543176	67.13279052052901	654.458031269	-0.0	74.90000108954241
110.2544622275285	106.66653815287117	8.919550013979233	63.06251944184519	568.2544911561723	-0.0	76.97024763798188
111.08324088054842	108.37355083683899	8.993021381881123	59.530795616931435	493.8340854313811	-0.0	78.71982953970551
111.93320743665595	109.84856628730824	9.066116278565168	56.448850467846334	433.1485927961596	-0.0	80.19780648514306
112.75278770743357	111.09978279782277	9.138839850306354	53.72834528723114	385.7077155891129	-0.0	81.45740047079673
113.49318881102316	112.16962219314563	9.211196833541965	51.29890475924983	345.1390960308291	-0.0	82.54189015529629
114.14357934869756	113.06853903718408	9.283191630832306	49.11892566628409	311.0524522266507	-0.0	83.47930587570785
114.70756799991274	113.85194895433148	9.35482836155774	47.15950709132411	277.49903441690344	-0.0	84.2862719122769
115.20383356365963	114.50210569131791	9.42611089336082	45.4021006708481	251.3075973995909	-0.0	84.97533944268788
115.62916281052999	115.06029342223248	9.497042865856633	43.82277200105726	226.27029179009847	-0.0	85.55892680329161
115.9834828046432	115.52921434098671	9.567627713335115	42.40232718934843	202.19832276525958	-0.0	86.04891174291053
116.27046247706093	115.91184287365147	9.637868686187824	41.12570269141781	179.6545694015376	-0.0	86.4549495349076
116.49804077421467	116.20910927865403	9.707768868652362	39.981481773100406	161.25704511883563	-0.0	86.78441632256131
116.6688738754668	116.43827038743463	9.777331192738195	38.95823221539735	144.06357597566287	-0.0	87.0436142715132
116.7871317981784	116.59763525402842	9.846558450139842	38.04668035303738	130.59360234520582	-0.0	87.23844639156165
116.8507556755033	116.70713774265778	9.91545330324815	37.23700436080237	113.69087015278045	-0.0	87.37418818715253
116.88284087921	116.7747425478782	9.984018294653032	36.528476103949664	98.63493204671954	-0.0	87.45216872134851
116.83903841058552	116.75433386699122	10.052255852129914	35.90069967081701	87.31213502994238	-0.0	87.48292319192666
116.74024529359284	116.67969820414802	10.120168304571243	35.35455220218302	73.8189545444321	-0.0	87.4701640588421
116.64339305884153	116.5617919763416	10.187757889105356	34.90194316766663	85.69770956678867	-0.0	87.40667653451912
116.54320892827232	116.49878791831547	10.255026740411246	34.5368483332833	63.2288770746124	-0.0	87.28742860664221
116.33566668364767	116.27500052246876	10.321976889306892	34.225795840166406	73.89150496574251	-0.0	87.13854247724703
116.02077581917364	116.02741902831035	10.388610297766716	33.96660047163931	-0.0	-0.0	86.96448975231314
115.72613903526647	115.7404117603998	10.454928867572496	33.7939200946746	-0.0	-0.0	86.74616869184932
115.3741655053677	115.38677318165213	10.520934414568233	33.70132065901808	-0.0	-0.0	86.4821084716677
114.38879656740185	115.19347967441132	10.586628664437606	33.69619633655925	-0.0	-0.0	86.16770719712278
112.34360921671261	114.80655391045273	10.652013247746561	33.69619633655925	-0.0	-0.0	85.83455237294986
109.26050136141406	114.47944371044456	10.71708975567283	33.69619633655925	-0.0	-0.0	85.51757421916669
105.19950206322133	114.15160901028872	10.781859782536655	33.69619633655925	-0.0	-0.0	85.18748583534997
100.23968023212036	113.78609162583535	10.846324901905874	33.69619633655925	-0.0	-0.0	84.87200483051802
94.4776051302861	113.4894078465506	10.910486689252906	33.69619633655925	-0.0	-0.0	84.54534499763957
88.02546613872957	113.10758847492751	10.974346701321178	33.69619633655925	-0.0	-0.0	84.23117370761668
81.00888839542544	112.8247212322532	11.037906494920174	33.69619633655925	-0.0	-0.0	83.90799099246559
73.5644868350864	112.43993151214134	11.101167610161816	33.69619633655925	-0.0	-0.0	83.59512445685165
65.83720625422023	112.16073816870096	11.164131585478872	33.69619633655925	-0.0	-0.0	83.27533319671274
57.9774991911846	111.78048288092906	11.226799944464153	33.69619633655925	-0.0	-0.0	82.96386088830225
50.13839656882769	111.49952023035132	11.289174207508344	33.69619633655925	-0.0	-0.0	82.64731266471988
42.472528135176965	111.12752735463162	11.351255881764109	33.69619633655925	-0.0	-0.0	82.33736394215722
35.12915071512945	110.84234562977834	11.413046469927302	33.69619633655925	-0.0	-0.0	82.0238884664988
28.251242133986857	110.4800106298624	11.450618099762286	33.69619633655925	-0.0	-0.0	81.71560097899682
21.972717395070873	110.18994280853664	11.309016357519202	33.69619633655925	-0.0	-0.0	81.40515414168297
16.415821313258704	109.83731776154684	11.08122764993905	33.69619633655925	-0.0	-0.0	81.09913209487678
11.688748370707899	109.54273101231125	10.801718979229049	33.69619633655925	-0.0	-0.0	80.79227858997008
7.883221471003427	109.19911093270743	10.487565817158435	33.694701701090764	-0.0	-0.0	80.48918382270669
5.24037577329346	108.90076224869904	10.152418014992996	35.02917518839025	-0.0	347.46029033944825	80.18610766726025
3.6053706867481288	108.56519599092442	9.810190481197786	37.78684372988771	-0.0	462.6097457173506	79.88621245810873
3.0095486725382554	108.26413005084532	9.477004380038268	41.01673329754633	-0.0	493.5043345048935	79.58689989871763
3.162707648911744	107.93554651889818	9.170079246405548	44.25415297823488	-0.0	477.18957168233516	79.29026859718621
3.3190503350934266	107.63272671402572	8.89399580565458	47.38100670186853	-0.0	460.73439565529196	78.99453218476941
3.469925184185327	107.3101234425352	8.648157620016454	50.39850368370654	-0.0	444.3753138433706	78.70103561849349
3.61535713560118	107.00645593371591	8.4319018752058	53.3071427120236	-0.0	428.0816851215599	78.40860017942205
3.7553678661030307	106.68894529926176	8.244488460979646	56.10735732206061	-0.0	411.8539938606094	78.11806416484266
3.8899800294792413	106.38516241023227	8.08507888934722	58.79960058958482	-0.0	395.69647462101375	77.82867407140775
4.019217847299176	106.07202914408607	7.952708231525483	61.38435694598352	-0.0	379.6141916703598	77.54092302214497
4.143107333875777	105.76877275417033	7.846247707647879	63.86214667751553	-0.0	363.6128400129775	77.25434552138861
4.2616765118289806	105.45940923104709	7.764355259770533	66.23353023657961	-0.0	347.69877879337673	76.96920889805526
4.374955645539497	105.15713399276181	7.705412194908718	68.49911291078995	-0.0	331.87912194355454	76.6852377133277
4.482977518078866	104.85111644908837	7.6674479273345915	70.65955036157732	-0.0	316.16188633208475	76.40255509763772
4.5857777530465516	104.55016620023716	7.6480664735644	72.71555506093102	-0.0	300.55611272102294	76.12101229999277
4.683395182391305	104.24715388477995	7.644413438832955	74.6679036478261	-0.0	285.07204759999314	75.84064478840908
4.775872284652195	103.94779537212868	7.653256096311201	76.5174456930439	-0.0	269.72137222110354	75.56138752925371
4.8632556975823995	103.64750594121305	7.671248073148653	78.26511395164798	-0.0	254.5174406377965	75.28322961726265
4.945596843401846	103.34993587598838	7.695341616879891	79.91193686803692	-0.0	239.475450650268	75.00615956504018
5.0229525918329685	103.05220780528369	7.723145072265932	81.45905183665937	-0.0	224.6132144589417	74.73014284871986
5.095386181236662	102.75654520035155	7.753030725628084	82.90772362473322	-0.0	209.95116344181176	74.45520192302516
5.162968243508829	102.46124583409326	7.784010285724034	84.25936487017658	-0.0	195.51290578642678	74.18129046254141
5.2257778958284	102.167542917282	7.815529076589973	85.51555791656799	-0.0	181.3268039405515	73.90844805764338
5.283904494346677	101.87456272707638	7.847290360064361	86.67808988693353	-0.0	167.42495805730138	73.63662002429211
5.337449063683081	101.58289248837384	7.879139884200079	87.74898127366163	-0.0	153.84642738058164	73.3658534125534
5.386526772682891	101.29217414633233	7.910998671783367	88.73053545365782	-0.0	140.6360819804899	73.09609145452792
5.431269070840454	101.00255000965925	7.942826691364432	89.62538141680908	-0.0	127.84842337784421	72.82738287725253
5.471827131707843	100.71404032946334	7.9746037686277695	90.43654263415685	-0.0	115.54583280078587	72.55967070599506
5.508374728693411	100.42647166319301	8.006319801037158	91.16749457386823	-0.0	103.80314610107054	72.29300366925669
5.541112361041231	100.14014059260002	8.037969761769034	91.82224722082461	-0.0	92.70569467652989	72.02732481663493
5.570270938397469	99.85463313213803	8.069551178505549	92.40541876794937	-0.0	82.34899766932725	71.76268296276277
5.596114747978094	99.5704620277543	8.101062860662733	92.92229495956187	-0.0	72.83698523096706	71.49902117448623
5.618942813602171	99.2869999587046	8.132504259562602	93.37885627204342	-0.0	64.27619995188732	71.23638851847285
5.6390875679320125	99.00500104611854	8.163875147585888	93.78175135864025	-0.0	56.76069345774106	70.97472671252262
5.656909686085652	98.72346034471984	8.195175457531251	94.13819372171304	-0.0	50.34113631281945	70.71409137232075
5.6727796595942905	98.4436269163814	8.226405202380565	94.45559319188581	-0.0	45.04659452678285	70.45441426830682
5.687065223342343	98.16412485026225	8.257564435025909	94.74130446684686	-0.0	40.82440819701814	70.19575532772248
5.700107295933744	97.88636737201618	8.288653228429071	95.00214591867488	-0.0	37.56574684956622	69.93804939468417
5.7122031033955585	97.6088897184127	8.31967166557731	95.24406206791117	-0.0	35.11883953514571	69.6813519734857
5.723595897557879	97.3331710003921	8.350619834661735	95.47191795115758	-0.0	33.320086173465924	69.42560266532116
5.734474790905539	97.057733880939	8.381497826536021	95.68949581811077	-0.0	32.01225462274029	69.17084964116239
5.744980332668298	96.78404110272766	8.412305733531943	95.89960665336596	-0.0	31.06070348974519	68.91704116067538
5.755213199268438	96.5106182889734	8.443043648827015	96.10426398536875	-0.0	30.361057000113078	68.66421840248614
5.765243778249349	96.2388979855699	8.473711666203645	96.30487556498699	-0.0	29.83578925139814	68.4123378058519
5.775120352090875	95.96750378393196	8.50430987994173	96.50240704181749	-0.0	29.42989486578558	68.16142680505784
5.784875792370575	95.69778858312374	8.534838384504209	96.6975158474115	-0.0	29.10391261211053	67.91145729001494
5.794532121449733	95.42839373926654	8.565297274777338	96.89064242899465	-0.0	28.831680001436357	67.66244608918099
5.80410409964454	95.16057734004214	8.595686645920418	97.0820819928908	-0.0	28.59543258503367	67.41437448729859
5.813601596473707	94.89324115224763	8.626006593405702	97.27203192947414	-0.0	28.383296092479576	67.16724496467161
5.823031232753102	94.62732778188189	8.656257212897916	97.46062465506205	-0.0	28.187293123770118	66.92105552734182
5.832397461368998	94.36199979571816	8.686438600370638	97.64794922737997	-0.0	28.00219931595123	66.67579571475825
5.841703306989654	94.0979485186595	8.716550852078996	97.83406613979307	-0.0	27.824599900698164	66.43147418967408
5.850950862393041	93.83466746045016	8.746594064494595	98.0190172478608	-0.0	27.652207624247662	66.1880669234052
5.86014160030081	93.57246047385001	8.776568334384496	98.20283200601621	-0.0	27.48356275942248	65.94559781910218
5.8692765948915415	93.31116229842699	8.80647375872412	98.38553189783083	-0.0	27.317672923382236	65.70403172347892
5.878356653416147	93.05079515034237	8.83631043476423	98.56713306832293	-0.0	27.153914654889693	65.46340027631933
5.887382412392343	92.79150577409109	8.866078459993558	98.74764824784685	-0.0	26.991869978390785	65.22365938953085
5.896354394120097	92.53297376961198	8.895777932148514	98.92708788240193	-0.0	26.831277925500704	64.98484991302631
5.9052730475163875	92.27569675379287	8.925408949190993	99.10546095032774	-0.0	26.67196845668472	64.74691960847647
5.914138780657833	92.01885055103646	8.95497160929483	99.28277561315664	-0.0	26.513756775183193	64.50992274978869
5.922951954727655	91.76359215581655	8.984466010925342	99.45903909455308	-0.0	26.356644632054202	64.2737891472151
5.9317129201651015	91.5085817444837	9.013892252725373	99.63425840330203	-0.0	26.200555435870733	64.03858372542449
5.940422010543775	91.25521768801347	9.04325043359564	99.80844021087549	-0.0	26.045453351707987	63.804236458702356
5.949079551484402	91.00203375501407	9.072540652606008	99.98159102968803	-0.0	25.891292869279496	63.57080883555425
5.957685856890912	90.75053082889764	9.101763009113265	100.15371713781823	-0.0	25.738083145656695	63.33823479076132
5.966241239516523	90.4991969565289	9.130917602623734	100.32482479033045	-0.0	25.585797009432945	63.10656825696428
5.974746004461675	90.24958708685655	9.160004532973597	100.49492008923349	-0.0	25.434446956483484	62.875753875491434
5.983200459836419	90.00000852724362	9.189023900011668	100.66400919672837	-0.0	25.28398552808893	62.64583767292016
5.991604905751832	89.75221762871931	9.21797580394782	100.83209811503664	-0.0	25.13441930230408	62.41676961905341
5.999959638577419	89.5045189714173	9.246860345190086	100.99919277154838	-0.0	24.985769859732812	62.18858598720255
6.008351425311806	89.25849786208892	9.286814558800309	101.16702850623612	-0.0	26.601809381108087	61.96124978991957
6.018544286847721	89.01265705722243	9.428971873053666	101.37088573695442	-0.0	34.87816486920817	61.734722427758435
6.0314494973001045	88.76835649161906	9.67457089394105	101.62898994600208	-0.0	42.44872684249669	61.508823940236375
6.046739487967435	88.52437335184607	10.002200298072562	101.93478975934869	-0.0	48.9982604536188	61.283407193604745
6.064013373645616	88.28180798625483	10.384693792368681	102.28026747291231	-0.0	54.41679139151548	61.05832823652836
6.082844198535973	88.03968336590849	10.790143442276214	102.65688397071946	-0.0	58.33857940945953	60.833531149034755
6.102736721454572	87.79882688372848	11.18506102837471	103.05473442909143	-0.0	60.73832493644727	60.60899520321141
6.123175661996566	87.55854050958212	11.53784309016452	103.46351323993132	-0.0	61.60853453194346	60.384736515600494
6.143649281969756	87.31940761689938	11.821893716226338	103.87298563939511	-0.0	60.87186578990666	60.16084650999259
6.16362437129593	87.08097647772698	12.017991910225382	104.2724874259186	-0.0	58.64479603318281	59.93742802721634
6.182592919681895	86.8435415619482	12.115665827313977	104.6518583936379	-0.0	54.904483959476565	59.71464356868698
6.200038133175941	86.60693174936753	12.113525536316764	105.00076266351881	-0.0	49.70682598828214	59.49262644831108
6.215442662387448	86.3712040237131	12.01870218308801	105.30885324774896	-0.0	42.94867441481501	59.271560519656056
6.228735244663476	86.1364248236957	11.8457459553134	105.5747048932695	-0.0	31.93851206922845	59.05155358189536
6.238679233816356	85.90238775213504	11.6156512546386	105.77358467632712	-0.0	19.557089078753457	58.832740374768576
6.313503700271852	85.6693664471078	11.357666159236267	105.85914255879548	-0.0	-0.0	58.61517372881854
7.106495856710949	85.43704356847721	11.1579787179346	105.85871409589001	-0.0	-0.0	58.39888128236079
8.776828784735248	85.20575224382853	10.903877293733471	105.85871409589001	-0.0	-0.0	58.1837758215022
11.31634038042392	84.975125610123	10.573179233846252	105.85871409589001	-0.0	-0.0	57.96998193336391
14.712654296013255	84.74557193211196	10.18734111018949	105.85871409589001	-0.0	-0.0	57.75757536095178
18.94921854481926	84.51655841074451	9.771096288115224	105.85871409589001	-0.0	-0.0	57.546676749771954
24.005386167578006	84.2887296685996	9.351245782678113	105.85871409589001	-0.0	-0.0	57.337260619537226
29.856515855728542	84.06135580863823	8.955331746372977	105.85871409589001	-0.0	-0.0	57.129354147406204
36.47409204117734	83.83520990459634	8.610239702782444	105.85871409589001	-0.0	-0.0	56.92286732634439
43.82586386737108	83.60944899823902	8.340780724970305	105.85871409589001	-0.0	-0.0	56.71773950362368
51.87600236430043	83.3849142012338	8.168312523717658	105.85871409589001	-0.0	-0.0	56.51379897568136
60.58527506155267	83.16082422025744	8.109467387353305	105.85871409589001	-0.0	-0.0	56.31090542308443
69.9112371883093	82.93784751943966	8.164625205996412	105.85871409589001	-0.0	-0.0	56.108847285780634
79.80843852860855	82.71540797983214	8.242205736448993	105.85871409589001	-0.0	-0.0	55.90749565128657
89.50132654839545	88.51653169851262	8.319342348051698	105.0039922783733	297.7104910638099	-0.0	55.80771018076278
96.8894943003898	90.44752433662718	8.396038167089408	101.42690047222527	761.4310846942326	-0.0	57.10583710929383
101.41726556546213	91.08560956772061	8.472298511922197	95.49318799048321	964.2868037035126	-0.0	60.079378313718074
104.34907980641626	94.11815623610018	8.548131283725077	89.02866267209014	959.5744480385288	-0.0	63.47139329223914
106.36955606462116	97.21228915615055	8.623545175964495	82.7887511180844	907.829291090762	-0.0	66.76307750711823
107.74009169675523	100.02757779584518	8.698548700490901	76.97375818442464	833.1423954414424	-0.0	69.82889303428604
108.72013545837613	102.56030797360329	8.773149929050275	71.70988469263641	744.5699924315754	-0.0	72.58839107387143
109.53181480987648	104.79843459558354	8.847356360355983	67.05364863919075	652.6899871197384	-0.0	75.00054142833092
110.32185969575218	106.76366692941646	8.921174853986567	62.9947645485233	565.8951748956824	-0.0	77.06328023564048
111.15255191440374	108.4584155983088	8.994611630289082	59.47420978222164	492.41473216034535	-0.0	78.80636708638119
112.0030665974641	109.92431804049355	9.067672323657291	56.40110987591574	432.53597552960804	-0.0	80.27898460434297
112.81828531881847	111.18755534714991	9.140362068492633	53.685914588974285	383.10011413489576	-0.0	81.53426838130764
113.55888994760579	112.24069484201827	9.21268559126474	51.26309052091225	344.43803434417174	-0.0	82.61526245371812
114.2049242051758	113.14807141807582	9.284647285942741	49.08699005516685	308.4100368648831	-0.0	83.54960062689835
114.77143346449658	113.90705072700703	9.356251264158278	47.13374407077154	278.9165580851367	-0.0	84.35378573996326
115.26155821438775	114.57664551437652	9.42750138635415	45.37848764209217	248.2783578989724	-0.0	85.04030908856676
115.68499294911274	115.13328596324831	9.498401285434309	43.80260580229109	222.8309420340867	-0.0	85.6216209329908
116.04017476268768	115.58846315197822	9.568954389462682	42.38624092273098	201.62848252132432	-0.0	86.10955850177484
116.3287274302638	115.95563228105199	9.639163943032532	41.11357369026008	183.24454542785878	-0.0	86.51371779230945
116.5535979648695	116.25687073438343	9.70903302491639	39.971537354776885	163.41802453752248	-0.0	86.84143743632784
116.72368462193553	116.48207305528875	9.77856456192691	38.950918489009986	147.46199848845924	-0.0	87.09901049257311
116.83738854032032	116.65296695464576	9.847761340805603	38.040580653261394	128.83300318905117	-0.0	87.29232870931956
116.90770110215092	116.72150795122602	9.916626019225209	37.235521751861825	129.45031318325064	-0.0	87.42688968844128
116.93057937878524	116.82450407356822	9.98516113572654	36.52650286056879	97.70761213708818	-0.0	87.50445051834156
116.90520460676859	116.81878638830048	10.053369113543678	35.906541655188505	88.19092732322308	-0.0	87.52909539171915
116.78921385750127	116.72545657362267	10.121252271918397	35.3573733583556	75.75061418281784	-0.0	87.51723439316163
116.68797988599293	116.54342758938218	10.188812846567076	34.9055551973279	114.06010124038957	-0.0	87.45654517082357
116.57765553928364	116.54996051860303	10.256052974052897	34.539545352444556	49.92546305498781	-0.0	87.33568771956102
116.37667976422628	116.35670743011427	10.322974680758456	34.23239605020709	42.397052610777955	-0.0	87.18264589913036
116.0669072329803	116.06759725117466	10.389579920494251	33.976639459102245	-0.0	-0.0	87.00747996445033
115.76422446331782	115.75905005891559	10.455870591073884	33.80361414503387	21.579999911962805	-0.0	86.79017144881429
115.39076177756219	115.44914505871458	10.52184850758683	33.70917099943931	-0.0	-0.0	86.52560330443826
114.3897604538684	115.25026318431637	10.587515393026115	33.70746953481964	-0.0	-0.0	86.20913116524434
112.3173394037949	114.83316261867161	10.652872873340835	33.70746953481964	-0.0	-0.0	85.87657470577261
109.20789892993298	114.53096013618904	10.717922538014585	33.70746953481964	-0.0	-0.0	85.5588108681279
105.12198079821182	114.18214960644622	10.782665978875636	33.70746953481964	-0.0	-0.0	85.22901284559973
100.13913909599509	113.8336243966965	10.847104767692104	33.70746953481964	-0.0	-0.0	84.913011387793
94.35639128945833	113.52273494004311	10.911240477657964	33.70746953481964	-0.0	-0.0	84.58643030977328
87.8863292635519	113.15215817635675	10.975074663604262	33.70746953481964	-0.0	-0.0	84.27191086364815
80.85492712326753	112.85995114174042	11.03860888020749	33.70746953481964	-0.0	-0.0	83.94867308390057
73.3990884388981	112.48231544173261	11.101844665609176	33.70746953481964	-0.0	-0.0	83.63556588193066
65.6639806912909	112.1972028095955	11.164783556208508	33.70746953481964	-0.0	-0.0	83.3156392406708
57.80020881615007	111.82126059760918	11.227427073606737	33.70746953481964	-0.0	-0.0	83.00399017029488
49.96088287947447	111.53671414101719	11.289776736229692	33.70746953481964	-0.0	-0.0	82.68726192050157
42.29863697729438	111.16713777268157	11.351834049241202	33.70746953481964	-0.0	-0.0	82.37717082374401
34.9626574026908	110.87990748929475	11.413600513420889	33.70746953481964	-0.0	-0.0	82.0634941530406
28.095777942642588	110.51876076656129	11.446512468164897	33.70746953481964	-0.0	-0.0	81.75508101523332
21.831698860069647	110.2276288477985	11.30128256826316	33.70746953481964	-0.0	-0.0	81.44443501330265
16.292383708468826	109.87542111147776	11.07171543468842	33.70746953481964	-0.0	-0.0	81.13830563434345
11.585684663850222	109.58033376418622	10.79107226006852	33.70746953481964	-0.0	-0.0	80.83126258954118
7.8032426095990814	109.23671105674269	10.476204981464138	33.70746953481964	-0.0	-0.0	80.52806225991834
5.188374784895475	108.93822630751532	10.140713171083878	35.08839753623917	-0.0	351.95771209703133	80.22480439110682
3.5769651105567135	108.60238875380823	9.798530923443666	37.86598371343198	-0.0	464.4309062660277	79.92480175200946
3.0103967460771868	108.30135730706779	9.465845887105079	41.1016315582812	-0.0	493.3946943084626	79.62531396208185
3.1668515211368677	107.9723939508244	9.159736427234167	44.33703042273736	-0.0	476.8869283180251	79.32856925940943
3.3230939638702526	107.66966667464348	8.884455898984232	47.46187927740505	-0.0	460.4348873123064	79.03266300290093
3.473869165585095	107.3466587535099	8.639404455383838	50.4773833117019	-0.0	444.07696465142385	78.73904516263697
3.6192018174771565	107.04307812624153	8.423917477887503	53.38403634954312	-0.0	427.7843398259193	78.44644481872554
3.759113588829475	106.7251936949703	8.237252567467564	56.1822717765895	-0.0	411.5576953884225	78.15578036250768
3.8936271567462266	106.42148148792946	8.078568304487558	58.87254313492453	-0.0	395.40131054777925	77.86622919013755
4.022766772766744	106.10800519328656	7.946895968816266	61.455335455334875	-0.0	379.3202551665395	77.57834368855931
4.146558482740547	105.80475862805223	7.841101840964643	63.931169654810944	-0.0	363.32023159256846	77.29160880860995
4.26503034680355	105.49511423376335	7.759837420059024	66.30060693607099	-0.0	347.4076207245477	77.00633288063047
4.378212671272334	105.19280893118484	7.7014756853268205	68.56425342544668	-0.0	331.58954179229573	76.72220646177686
4.4861382841843	104.88653872332662	7.664035619398422	70.72276568368598	-0.0	315.8740340190119	76.43938163856087
4.588842862900949	104.58554014752735	7.645109108974043	72.77685725801898	-0.0	300.270162983546	76.15768474678238
4.686365299832575	104.28229643403073	7.64182982994847	74.7273059966515	-0.0	284.78818829026756	75.87717342077508
4.778748142533614	103.98286091693335	7.650957484644398	76.57496285067226	-0.0	269.43981512591006	75.59776364363121
4.8660381126065335	103.68238948260938	7.66914773414041	78.32076225213068	-0.0	254.23840339174959	75.31946025187251
4.948286703026015	103.38470751758035	7.693366309770161	79.96573406052029	-0.0	239.19931378003406	75.0422390524834
5.025550907087516	103.08680216489121	7.721241535113706	81.51101814175033	-0.0	224.3402828520126	74.7660780528238
5.097894101084125	102.79099649627335	7.751165035456376	82.95788202168251	-0.0	209.68169860325006	74.49098839052033
5.165386992172696	102.49554264177166	7.7821629025338055	84.30773984345392	-0.0	195.24766794942568	74.21693168047341
5.228108952960549	102.2017344895342	7.81368926098364	85.56217905921098	-0.0	181.06606147776276	73.94394134278697
5.286149473799589	101.90858905936764	7.8454525167656906	86.72298947599178	-0.0	167.16948877823572	73.67196967130951
5.3396098449317195	101.61680338689372	7.877301134947996	87.79219689863439	-0.0	153.5969069593453	73.40105648515943
5.388605475535292	101.3259199426592	7.909157568740203	88.77210951070583	-0.0	140.3935630556366	73.13115228716484
5.433268193176516	101.03618633799212	7.94098251690037	89.6653638635303	-0.0	127.61379779183157	72.8622980868404
5.473749567530954	100.7475210581414	7.9727561797403546	90.47499135061908	-0.0	115.32010681627447	72.59444466975332
5.510223673145806	100.45983818890524	8.004468643922952	91.20447346291611	-0.0	103.58857912281209	72.32763339765371
5.54289177628409	100.17333898788432	8.036114976861677	91.8578355256818	-0.0	92.50316555066506	72.06181472306487
5.571985264427802	99.88772154562851	8.06769275455978	92.43970528855604	-0.0	82.16034147322735	71.79702977336503
5.597768827799687	99.60336834419891	8.099200810326085	92.95537655599374	-0.0	72.66593640800039	71.53322998772958
5.620542595134579	99.3198018662566	8.130638607225041	93.41085190269159	-0.0	64.1233405748635	71.27045580749294
5.640640230997872	99.03760513569456	8.162005923517468	93.81280461995743	-0.0	56.621165108951786	71.00865744144085
5.658420240814719	98.75606512725851	8.193302694889585	94.16840481629437	-0.0	50.22906136295139	70.74787822023869
5.674255778417893	98.47596148524626	8.224528935513732	94.48511556835787	-0.0	44.955896397761755	70.48806723668571
5.68851400175558	98.1964512240707	8.255684698824114	94.7702800351116	-0.0	40.74973848494657	70.22926710759468
5.701534414721354	97.91843152697038	8.286770057940313	95.03068829442707	-0.0	37.507086190462	69.97142799793407
5.713613291045028	97.64095235738583	8.317785095840954	95.27226582090054	-0.0	35.076090084007824	69.7145903769123
5.724993407799686	97.3649945163946	8.348729900557853	95.49986815599372	-0.0	33.28850363109107	69.45870739015992
5.735862919694497	97.08951828087626	8.379604562748636	95.71725839388992	-0.0	31.98720554680939	69.2038176861001
5.746361201462586	96.81559798000778	8.410409174569375	95.92722402925173	-0.0	31.04115731030124	68.94987633320996
5.75658835360022	96.54213539783602	8.441143829016001	96.1317670720044	-0.0	30.345821587602618	68.69691746724328
5.766614321613315	96.27023657373701	8.471808619670199	96.3322864322663	-0.0	29.823729616157575	68.44490258367934
5.776487132387057	95.998753650536	8.502403640487458	96.52974264774114	-0.0	29.419393696717663	68.19386085866354
5.786239301323325	95.72884837272942	8.532928985814042	96.72478602646649	-0.0	29.094625426606697	67.9437573366197
5.795892704909626	95.45938101166986	8.563384750305705	96.91785409819252	-0.0	28.823257770662714	67.69461490918518
5.8054619883574095	95.19142085097376	8.593771028952618	97.10923976714818	-0.0	28.587673145137707	67.44641033555439
5.814956963643298	94.92393913609989	8.624087916919063	97.29913927286596	-0.0	28.375922357623438	67.1991531210694
5.824384189294155	94.65791912940769	8.654335509721047	97.48768378588309	-0.0	28.180189207123213	66.95283031805374
5.833748086070716	94.392451055387	8.684513903097663	97.6749617214143	-0.0	27.995277135407395	66.70744274482404
5.843051651562542	94.12827948727985	8.714623193146057	97.86103303125083	-0.0	27.81784415288093	66.4629916240254
5.852296971444352	93.86487770614627	8.744663476064858	98.04593942888702	-0.0	27.645547130179263	66.21945524822023
5.861485503737874	93.6025356483472	8.7746348484538	98.22971007475746	-0.0	27.476987272223578	65.97685881624763
5.870618317621277	93.34112124341279	8.804537407075179	98.41236635242554	-0.0	27.31116648443336	65.73516441424269
5.879696215548396	93.08060537966823	8.834371248978233	98.59392431096792	-0.0	27.14747140924029	65.49440757020908
5.888719833421866	92.8212468447011	8.864136471434323	98.7743966684373	-0.0	26.985467219724512	65.2545374235815
5.897689689043571	92.5625331851933	8.893833171997368	98.95379378087142	-0.0	26.82492087299899	65.01560465340448
5.906606232608084	92.30512748417283	8.923461448421378	99.13212465216168	-0.0	26.665638754796316	64.77754872105989
5.9154698664957905	92.04823345882201	8.953021398685104	99.3093973299158	-0.0	26.50748623951221	64.54042491328656
5.924280956602096	91.79277290372254	8.982513121051184	99.4856191320419	-0.0	26.35041273798357	64.30416911254235
5.933039850703326	91.53772245758866	9.011936713972739	99.66079701406652	-0.0	26.194364718455986	64.06883786087526
5.941746883029116	91.2841640281919	9.041292276141302	99.83493766058231	-0.0	26.0392977068042	63.83436882593371
5.950402378182212	91.0309286355622	9.070579906440347	100.00804756364424	-0.0	25.88517402202171	63.60081705146102
5.959006649959339	90.77924923490352	9.099799704034746	100.18013299918678	-0.0	25.732002617130796	63.36812158886915
5.967560010451746	90.52784338175218	9.1289517682482	100.35120020903491	-0.0	25.5797619549203	63.136333484338316
5.976062767671895	90.27805196660141	9.158036198676806	100.52125535343788	-0.0	25.428433804654865	62.905397334790926
5.984515225743989	90.02844034801099	9.187053095035491	100.69030451487977	-0.0	25.27801019196714	62.67536033610278
5.992917686076757	89.78046371862088	9.21600255732354	100.85835372153512	-0.0	25.128483798454475	62.44617153455148
6.0012704454000065	89.53269095733864	9.244884685768046	101.02540890800012	-0.0	24.979871512849847	62.21786942990803
6.009672088257891	89.28652952080175	9.286269274604685	101.19344176515781	-0.0	26.821305754439486	61.99041178532343
6.01993198888013	89.04059018440186	9.431210175308108	101.3986397776026	-0.0	35.154352652093905	61.76376232200705
6.032911069125191	88.796173850263	9.679058523076558	101.65822138250383	-0.0	42.597082713463664	61.537739024764086
6.04825476087404	88.55206270423261	10.008306251497558	101.9650952174808	-0.0	49.13696233577386	61.312195722873085
6.065572155409512	88.30940154315506	10.391646249937887	102.31144310819023	-0.0	54.53834096413821	61.0869824434105
6.08443546424915	88.06714103436492	10.797099425552721	102.688709284983	-0.0	58.43645737828386	60.862054685006534
6.104350963638097	87.82619866878265	11.191193953745941	103.08701927276192	-0.0	60.783525197986094	60.63738890304641
6.124798412475857	87.58576724640186	11.54242710780115	103.49596824951713	-0.0	61.616649451344834	60.41300565441601
6.14527265872064	87.34655693403488	11.824372447865363	103.9054531744128	-0.0	60.80693568890042	60.18898824943752
6.16521567013138	87.10798474494003	12.01802366920095	104.30431340262759	-0.0	58.647482415565044	59.965449211616
6.18416844232395	86.87045290100244	12.11314199075905	104.68336884647898	-0.0	54.758256590206194	59.74255076328923
6.20157044325563	86.63372524935029	12.108563545978152	105.0314088651126	-0.0	49.52387751324897	59.52042206030828
6.216977288608112	86.39790337497361	12.01161979482058	105.33954577216223	-0.0	42.465254970716224	59.299249930999
6.230178958904274	86.16299270511537	11.837028730737051	105.60357917808547	-0.0	31.97936107763726	59.07913682306036
6.238863381045213	85.9288674885569	11.605934488350373	105.77726762090425	-0.0	24.694171701467816	58.860223663520394
6.32166837446758	85.69571949638471	11.347975202958384	105.84084937929187	-0.0	-0.0	58.642557648958686
7.136499439146831	85.46330284202644	11.148055021566178	105.84013372715836	-0.0	-0.0	58.42616491225585
8.828378937961979	85.23189628580127	10.891985347499961	105.84013372715836	-0.0	-0.0	58.210962630595056
11.389025144721966	85.00116033326668	10.559836218903465	105.84013372715836	-0.0	-0.0	57.997075658856865
14.805958711819745	84.77148358303572	10.173149043495014	105.84013372715836	-0.0	-0.0	57.7845797614736
19.06252716239121	84.54239487115854	9.756712691104152	105.84013372715836	-0.0	-0.0	57.57358391100569
24.13798604639573	84.31443567397169	9.33735144826078	105.84013372715836	-0.0	-0.0	57.36408145774974
30.007600039022066	84.08697624371048	8.942596731037103	105.84013372715836	-0.0	-0.0	57.15608500498761
36.64276348864225	83.86070507316886	8.599288732935909	105.84013372715836	-0.0	-0.0	56.94951167042489
44.01113982690784	83.63481299104085	8.332159362210149	105.84013372715836	-0.0	-0.0	56.744283079320454
52.07681916147143	83.41023487207488	8.162455610954446	105.84013372715836	-0.0	-0.0	56.540243250756035
60.80049328341563	83.18598956603547	8.106671523055352	105.84013372715836	-0.0	-0.0	56.33724788577926
70.1396472363631	82.96294942680136	8.163691573482183	105.84013372715836	-0.0	-0.0	56.13508211833166
80.04876651378986	82.74037312811613	8.24126147628222	105.84013372715836	-0.0	-0.0	55.93362249106458
89.7144316994326	88.6674348965035	8.318387579284824	104.9436604278512	306.96858514124716	-0.0	55.84422628993703
97.03674417775517	90.46526094037098	8.395073030952883	101.30270743740957	769.0471320826681	-0.0	57.184698148840944
101.5153987097583	91.16155096590896	8.471323211151772	95.34196837751645	965.321861840102	-0.0	60.17847982376523
104.42181355161684	94.21211603760013	8.547146055183651	88.87927237392081	958.5785185687732	-0.0	63.57023771031119
106.42419168573616	97.29953782212547	8.622550256879734	82.6480287617393	906.2112599857509	-0.0	66.85730651952713
107.78247004402775	100.10942560734192	8.69754431879673	76.84511974270872	831.0078214443739	-0.0	69.91630923379556
108.75586093827758	102.63767168362847	8.772136299652473	71.59527056433076	742.0492119249369	-0.0	72.66763043639361
109.56622089433218	104.86609755241334	8.846333682887913	66.95406413776593	650.3930356120794	-0.0	75.071305665303
110.35819174333767	106.81686616461107	8.920143312168491	62.909652714863114	564.5523023470846	-0.0	77.12593774802684
111.1889491657215	108.5109085042871	8.993571392712795	59.400370103182404	490.94160500928774	-0.0	78.86184520798987
112.03871777313749	109.97480004514001	9.066623545603486	56.33648288339031	430.9902499126552	-0.0	80.32861645361743
112.8546544661053	111.220695270393	9.139304894189845	53.62992235754836	383.4792401344663	-0.0	81.5792765494155
113.59172634294502	112.27703541018654	9.211620155963042	51.21274389183043	343.9799179432765	-0.0	82.6564522151351
114.23713610527214	113.17301025683012	9.28357371740898	49.04280715271073	309.4694271810733	-0.0	83.58748054914862
114.79855175338109	113.94541734220509	9.355169683592653	47.093193832679745	277.09582639556317	-0.0	84.38866029174046
115.29024300619544	114.59666116408408	9.426411908998972	45.34369822737244	249.84468333351043	-0.0	85.07248236024648
115.71189349013413	115.15155513562743	9.497304021115351	43.77173539134373	224.56725474922382	-0.0	85.65138275809255
116.0650680897853	115.60613770497685	9.567849443124164	42.358798855628486	203.23320258452077	-0.0	86.13716635223192
116.3499872929363	115.98034467133527	9.638051415206178	41.08865025264675	182.3947256476809	-0.0	86.53936653093545
116.57519503490595	116.2722457033053	9.707913012088065	39.950210212654824	165.12249950887352	-0.0	86.86528286233698
116.7407354311612	116.50890181760647	9.777437156833207	38.93128786100505	144.44730949355002	-0.0	87.12119484374021
116.85440266283952	116.67292553764534	9.84662663270344	38.02391358308707	127.80039619451891	-0.0	87.3129822558951
116.9246313059267	116.73797501943884	9.915484094132166	37.221586758162616	129.61121010123864	-0.0	87.44601122425746
116.92632793645453	116.82184034668624	9.984012076690368	36.50865609729232	96.97362053231517	-0.0	87.52454451518557
116.88819174542482	116.80661640337081	10.052213005453599	35.887387905695334	85.6841921527	-0.0	87.5529448928007
116.81074463498975	116.74989320466092	10.12008920245827	35.352103460242645	74.00424805100185	-0.0	87.53266673487191
116.72923141313798	116.53622488376057	10.187642891007181	34.90823754359781	131.79752518149652	-0.0	87.4665929965893
116.58934329778059	116.54636019613771	10.254876198571804	34.535687772730874	62.197099191672514	-0.0	87.34821108270744
116.37854968950212	116.3396194954022	10.321791154039786	34.22777087981031	59.192207840160044	-0.0	87.19727656514847
116.08800881998019	116.0308068027615	10.388389713654771	33.979553356200945	71.75082960971031	-0.0	87.01934802418478
115.78013162828564	115.77183264336938	10.454673770756385	33.807017647976686	27.32962938760644	-0.0	86.79887524547163
115.38382605454889	115.48872819576067	10.5206451350844	33.71048975510276	-0.0	-0.0	86.53379963686172
114.36142186432978	115.24512091722212	10.58630552822393	33.71048975510276	-0.0	-0.0	86.21845945371159
112.26230371200072	114.85087131265176	10.65165657671385	33.71048975510276	-0.0	-0.0	85.8847624698033
109.12734207599775	114.52810114954117	10.716699868743078	33.71048975510276	-0.0	-0.0	85.56789517547705
105.01757562714887	114.19752036879946	10.781436996336492	33.71048975510276	-0.0	-0.0	85.23727440686652
100.013022786923	113.83283545049294	10.845869530226173	33.71048975510276	-0.0	-0.0	84.92189467805322
94.21112374404451	113.53606601158486	10.909999043604182	33.71048975510276	-0.0	-0.0	84.59472947464847
87.72484326395964	113.15312315998145	10.973827090449602	33.71048975510276	-0.0	-0.0	84.28062688974141
80.68047122995603	112.87154745497696	11.037355225292668	33.71048975510276	-0.0	-0.0	83.9569814110809
73.21516374017595	112.48470893960163	11.100584985558813	33.71048975510276	-0.0	-0.0	83.64414099508754
65.4742726360154	112.20738476853943	11.16351790739882	33.71048975510276	-0.0	-0.0	83.32393474424885
57.60851545693228	111.82477625144142	11.226155511796698	33.71048975510276	-0.0	-0.0	83.01244504142487
49.77104092339365	111.54580183476486	11.288499316859765	33.71048975510276	-0.0	-0.0	82.69552696954226
42.11444708404334	111.17148714549782	11.350550827205158	33.71048975510276	-0.0	-0.0	82.38552149812591
34.7878101845542	110.88814799908135	11.412311543248407	33.71048975510276	-0.0	-0.0	82.07171683063767
27.93378210713654	110.52371712165167	11.442654011447278	33.71048975510276	-0.0	-0.0	81.76333957298696
21.685812894323128	110.23522256452425	11.294279429093537	33.71048975510276	-0.0	-0.0	81.45261232947016
16.165552435473398	109.88080072588707	11.063098564479871	33.71048975510276	-0.0	-0.0	81.14649561219412
11.480481905847325	109.58745724824962	10.78140703413234	33.71048975510276	-0.0	-0.0	80.839404190635
7.719335692295837	109.2423761077714	10.465873751334765	33.69839510344871	-0.0	-0.0	80.53619984864969
5.137247483584133	108.94498211096612	10.130065362901078	35.150858693089006	-0.0	356.3228075938638	80.23291293049112
3.549371867810307	108.60823737216802	9.78794510026548	37.947884947560276	-0.0	466.20784936885514	79.93289439984883
3.0121994627570605	108.30784488497741	9.45577468934777	41.189010925957696	-0.0	493.2427135228347	79.63338790258558
3.171124594139857	107.97835235240454	9.15047825760088	44.42249188279714	-0.0	476.5931149478733	79.33661853449256
3.3272697080733606	107.67596496009935	8.875999599490957	47.545394161467215	-0.0	460.14404258910065	79.04069662942715
3.477948128741591	107.35266109656301	8.631733661012838	50.558962574831824	-0.0	443.7871468025269	78.74704852882155
3.623184301404904	107.04924253279059	8.41701400928763	53.463686028098074	-0.0	427.4953782087426	78.4544315590821
3.7629998854229334	106.73117889724118	8.231095946799314	56.25999770845866	-0.0	411.2696426509723	78.1637346341535
3.897417581920289	106.42751774483617	8.073135107212561	58.94835163840578	-0.0	395.11424503589336	77.87416468358127
4.026461669082705	106.11396858886226	7.942158961391405	61.529233381654095	-0.0	379.0342558959885	77.58624435381927
4.150158222254159	105.81070525052134	7.837028832660275	64.00316444508319	-0.0	363.03540223220483	77.29948835620806
4.268535337942964	105.50103917030673	7.75638975553069	66.37070675885928	-0.0	347.1240710582398	77.01417624159483
4.381623360058139	105.19867188018821	7.698606366245641	68.63246720116277	-0.0	331.3073933802085	76.73002621293502
4.489455161151827	104.89241622785691	7.661687214405038	70.78910322303653	-0.0	315.5934294021752	76.44716440193164
4.592066468983399	104.59133388649744	7.643212107155705	72.84132937966798	-0.0	299.991262090188	76.16544147348887
4.689496232115457	104.28811608099055	7.640302951569033	74.78992464230913	-0.0	284.51117146426265	75.8848929653989
4.781787063449926	103.98859162929189	7.6497121968327475	76.6357412689985	-0.0	269.1648962166661	75.60545506379906
4.8689857596011965	103.68814825010645	7.668097907217994	78.37971519202394	-0.0	253.96582503106902	75.3271149298801
4.951143901871788	103.39037458238191	7.692439485047421	80.02287803743575	-0.0	238.92934053421033	75.04986434613558
5.028318583065043	103.0925012758753	7.720385367573992	81.56637166130086	-0.0	224.07323695707777	74.77366693561606
5.10057327568289	102.79663344623238	7.7503463474402094	83.0114655136578	-0.0	209.4180882818961	74.498545977261
5.167978879100045	102.501187218243	7.781362440034999	84.3595775820009	-0.0	194.98770312256045	74.2244554504711
5.230614880935769	102.20728772801823	7.812896622498437	85.61229761871537	-0.0	180.81034156364296	73.9514337958791
5.288570945143244	101.91415426698552	7.844662231204905	86.77141890286487	-0.0	166.91880856761247	73.67942871285375
5.341948688897307	101.62228940510228	7.876510376290281	87.83897377794612	-0.0	153.35151879965412	73.40848410416775
5.390863599729792	101.33142348624277	7.908364918529156	88.81727199459583	-0.0	140.1550969141435	73.1385462422306
5.435448034961342	101.04162676167039	7.940187256070543	89.70896069922684	-0.0	127.38266117900892	72.8696608525204
5.475853712426909	100.75295571575649	7.971957957777253	90.51707424853818	-0.0	115.09841289093504	72.60177461163644
5.512255571631984	100.46521920376513	8.003667291012553	91.24511143263967	-0.0	103.37589197535644	72.334931967009
5.544854825684075	100.17872830061668	8.035310418002037	91.89709651368149	-0.0	92.30301617235429	72.06908061141047
5.5738837072215075	99.8930598950611	8.066884960014846	92.47767414443015	-0.0	81.97484600336475	71.8042645854573
5.599607999884264	99.60870820668441	8.09838977372911	92.99215999768528	-0.0	72.49413216545105	71.54043244997123
5.622327754114836	99.32509916233515	8.12982433408041	93.44655508229671	-0.0	63.96921537050902	71.27762669993479
5.642377016522921	99.04286342007673	8.161188424994542	93.8475403304584	-0.0	56.490329671253285	71.01579785160295
5.660116400345353	98.76128852771105	8.192481984935924	94.20232800690705	-0.0	50.11367391744445	70.75498743973554
5.675917391803251	98.48115941739988	8.223705029544341	94.51834783606502	-0.0	44.86049587400311	70.49514609957433
5.690147091682114	98.20162927090358	8.254857612872762	94.80294183364228	-0.0	40.676838406930564	70.23631429656717
5.703145471225917	97.92357758245917	8.28593980829494	95.06290942451834	-0.0	37.44920555501963	69.97844484486352
5.715207328463874	97.6460746291866	8.316951698887246	95.30414656927748	-0.0	35.029972880846934	69.72157619486504
5.726574212457195	97.37007115729168	8.347893372706485	95.5314842491439	-0.0	33.25290490388045	69.46566403277856
5.73743337757765	97.0945887102624	8.378764920386738	95.748667551553	-0.0	31.960866461528703	69.21074276183671
5.747923719059558	96.82063059525771	8.409566433997568	95.95847438119115	-0.0	31.020313879706006	68.9567717174012
5.7581445373400095	96.54714992559076	8.440298006453862	96.16289074680019	-0.0	30.328660902326064	68.7037826993644
5.768165281106086	96.27519677177946	8.470959731256944	96.36330562212171	-0.0	29.809030667219123	68.45173914048729
5.778033580805993	96.00372351132755	8.50155170234849	96.56067161611986	-0.0	29.40675659215006	68.20066563338759
5.787781770246611	95.7337697005349	8.532074013958034	96.75563540493222	-0.0	29.083373229655013	67.9505336697104
5.79743155988984	95.46428142549603	8.562526760654112	96.9486311977968	-0.0	28.81289699485975	67.7013620641554
5.80699748424926	95.19627839310523	8.592910037296724	97.1399496849852	-0.0	28.577825074724405	67.45312781012457
5.816489256339075	94.92880393538809	8.623223939077658	97.3297851267815	-0.0	28.366503881987136	67.20584020815004
5.8259133967970715	94.66271411943885	8.653468561366614	97.51826793594142	-0.0	28.17106215932334	66.95949027967973
5.835274287305056	94.39724675214703	8.683643999879585	97.70548574610112	-0.0	27.986394850368328	66.71407309414968
5.8445749138104945	94.13306460314912	8.713750350539007	97.89149827620989	-0.0	27.80908423174607	66.46959060278583
5.853817334675783	93.86959708533078	8.743787709567249	98.07634669351566	-0.0	27.63692380740692	66.22602887294205
5.863003007119259	93.6072513766605	8.773756173412206	98.26006014238517	-0.0	27.468440905864096	65.98340200058512
5.872132987619825	93.34580554423027	8.803655838816605	98.4426597523965	-0.0	27.30270471281651	65.7416805618909
5.881208077290734	93.08531901552543	8.833486802727375	98.62416154581467	-0.0	27.139079146241432	65.50089172492652
5.890228906462268	92.82585890053382	8.86324916235742	98.80457812924536	-0.0	26.977159979733912	65.26099712121731
5.899195998093447	92.56715432720789	8.892943015132282	98.98391996186892	-0.0	26.816646166496877	65.022034784716
5.908109794422208	92.3096964439628	8.922568458782672	99.16219588844415	-0.0	26.657412119015532	64.78395247892249
5.916970696646047	92.05282640638325	8.952125591217316	99.33941393292093	-0.0	26.499327555141807	64.54679838953847
5.925779072242866	91.7973329134621	8.981614510600263	99.51558144485732	-0.0	26.34232061961011	64.31051539956808
5.93453527292475	91.5422054162078	9.011035315297482	99.69070545849499	-0.0	26.186295065406753	64.07515794709174
5.943239625626197	91.28865768207788	9.040388103954623	99.86479251252393	-0.0	26.03127629930822	63.84066107253
5.951892455400987	91.03537403900063	9.069672975388134	100.03784910801973	-0.0	25.877219965751408	63.607081851811664
5.960494080663474	90.78370756562286	9.098890028663016	100.20988161326947	-0.0	25.72408727454413	63.37435858953506
5.969044810256778	90.5322601562719	9.12803936304298	100.38089620513556	-0.0	25.571887559958643	63.14254357108141
5.977544952974615	90.28242279035345	9.157121078003945	100.55089905949228	-0.0	25.420593529907116	62.911582461616646
5.985994808317434	90.03277876082544	9.186135273334791	100.71989616634868	-0.0	25.270242848555544	62.6815164893184
5.994394683624712	89.78483519134679	9.215082048825968	100.88789367249424	-0.0	25.120767066318933	62.45230077863686
6.002744876274143	89.53701005368174	9.243961504616568	101.05489752548286	-0.0	24.97217538042062	62.2239711478931
6.011173330088761	89.29081690911084	9.286806705769944	101.22346660177521	-0.0	26.887287625348947	61.996489929124124
6.021506340858835	89.04484802745655	9.434546518953205	101.43012681717668	-0.0	35.066696937002526	61.76981532660359
6.034516925340714	88.80041043129633	9.68466747875809	101.69033850681427	-0.0	42.84302828426842	61.54375020429461
6.049910999171694	88.55630519952193	10.015560566351635	101.99821998343388	-0.0	49.43384846140993	61.31815907587798
6.067293087507469	88.31358599380519	10.399777863691016	102.34586175014937	-0.0	54.6179527691108	61.09292270812047
6.086191927790955	88.07131674091906	10.805268218827864	102.72383855581909	-0.0	58.47026178395026	60.86795701238318
6.106121098005868	87.83031781331005	11.198574421933571	103.12242196011735	-0.0	60.85534827013629	60.643239750115576
6.126582671172243	87.58993935936876	11.548292205277784	103.53165342344485	-0.0	61.60336696079079	60.41881783201563
6.147041860980579	87.35061175509371	11.82816222255923	103.94083721961157	-0.0	60.83670348473906	60.194771630741684
6.166979045437229	87.1120932115405	12.019390446525522	104.33958090874457	-0.0	58.562933718606764	59.97119875992432
6.185892155951625	86.87447996321777	12.11196905984835	104.7178431190325	-0.0	54.70406946581991	59.74827524050789
6.203285954289097	86.63780811911523	12.104958669174072	105.06571908578194	-0.0	49.171645450384844	59.52612401219208
6.2185790930614955	86.40188213740811	12.005890149475311	105.3715818612299	-0.0	42.45617924797936	59.304930124733076
6.230907102566367	86.1670092682231	11.829649861164704	105.61814205132734	-0.0	35.92181283389345	59.08479577016128
6.24216502388096	85.93280192613578	11.597540130410621	105.8433004776192	-0.0	20.136090201983443	58.86587570765427
6.333950394397422	85.69968758491387	11.338707730402016	105.89275619337486	-0.0	-0.0	58.6481943393489
7.171229387769043	85.46720059914682	11.143513569323375	105.89275619337486	-0.0	-0.0	58.43178798309769
8.885806442282343	85.23581098028488	10.885261732697318	105.89275619337486	-0.0	-0.0	58.21656572521493
11.46932554100491	85.00501556673082	10.551417636604446	105.89275619337486	-0.0	-0.0	58.002666943025915
14.909195864953924	84.77535327702736	10.1636194930451	105.89275619337486	-0.0	-0.0	57.79016399526034
19.188653154630266	84.54621934672298	9.74672437614495	105.89275619337486	-0.0	-0.0	57.57915389990256
24.286841410902532	84.31826484221699	9.327592635952977	105.89275619337486	-0.0	-0.0	57.36963426509053
30.178914537012798	84.09074487897466	8.9337571971272	105.89275619337486	-0.0	-0.0	57.1616292116163
36.83615742642247	83.86448234608406	8.592024012980755	105.89275619337486	-0.0	-0.0	56.95504295588069
44.22612590628882	83.63859063489346	8.327055205255945	105.89275619337486	-0.0	-0.0	56.74980384561657
52.31280485465497	83.41393232986532	8.159994264945805	105.89275619337486	-0.0	-0.0	56.54574618676459
61.05678372065421	83.18971255864027	8.10720165944276	105.89275619337486	-0.0	-0.0	56.34272727409409
70.41544859245384	82.96661269093416	8.165982494301927	105.89275619337486	-0.0	-0.0	56.14053456309186
80.34318987675495	82.74404526689317	8.243529120456781	105.89275619337486	-0.0	-0.0	55.93904577654012
89.97380186371154	88.83754264705624	8.320632118823069	104.93739227197733	319.78638104049617	-0.0	55.86501073454382
97.21295448897311	90.46288993915454	8.397294669697393	101.20910340258051	779.4265901825981	-0.0	57.26352237660247
101.6339289953355	91.2421914664345	8.473522237470371	95.21043008955046	967.0865409057708	-0.0	60.285081010740036
104.51365306916297	94.3181100182696	8.549322804512837	88.7466572512896	957.9138137538276	-0.0	63.67850258668897
106.4973398735419	97.39853840642792	8.6247050681282	82.52214741887622	904.9265893100163	-0.0	66.9621730917514
107.84303202276762	100.20207758065668	8.699677522926407	76.72984617190575	829.2682918030716	-0.0	70.01534150635918
108.80966765047262	102.72433646169537	8.774248215497817	71.4928907569778	740.0539216773007	-0.0	72.75918693602877
109.61712058440071	104.95113906662336	8.848424614536551	66.86482821782178	648.02649374849	-0.0	75.15477333026693
110.4109509571268	106.8871506769579	8.922213548047928	62.83411353734692	563.1536426368925	-0.0	77.20177584470429
111.24053336919434	108.58756669123962	8.995621206156175	59.33481208647583	488.63790378553836	-0.0	78.93083187014828
112.09011693153074	110.04604648301572	9.06865319651107	56.27990364962702	428.91297528327664	-0.0	80.39205861465224
112.90632947716283	111.27728144120111	9.141314631157096	53.58130341386053	382.90249834201194	-0.0	81.63831400242472
113.639441805382	112.3392368900187	9.213610218256214	51.16918618671381	342.07958486688136	-0.0	82.71184650383859
114.28386220357866	113.22581885875694	9.285544336385732	49.004917004388695	308.5837018281351	-0.0	83.63970901480828
114.84249639542811	114.00016439665856	9.357121083567257	47.0595812649475	275.335940060973	-0.0	84.43800943932807
115.33399775914111	114.64176210680161	9.428344307814374	45.31486370761893	249.6021007735221	-0.0	85.11922830948136
115.75437558027767	115.19251868662175	9.499217630655956	43.746772153587074	224.87134194697262	-0.0	85.69580098456635
116.10468982617951	115.65030624678987	9.56974446982439	42.33673986590886	202.22394058337352	-0.0	86.17949673433684
116.38763696693664	116.02425107542811	9.63992806049549	41.06950519426103	180.84449185907644	-0.0	86.57979033826095
116.61217772139119	116.3110894671136	9.709771472737481	39.934143323106035	164.61452817106655	-0.0	86.90394297092844
116.776304414484	116.54629831354967	9.779277625235126	38.91779646603613	143.8768538858489	-0.0	87.15822303397711
116.88881274057154	116.708079409098	9.848449297127145	38.012871131268064	127.53822890654385	-0.0	87.34849889321964
116.91743962531767	116.93054843155976	9.917289138956146	37.200182566413446	-0.0	-0.0	87.48007647236548
116.9502398501145	116.84195398059882	9.985799682870928	36.499497809332134	98.72045510638343	-0.0	87.55900021416592
116.9179752901508	116.83834953724855	10.053983352407503	35.88238111794542	84.6541065820399	-0.0	87.58513978996685
116.84571304814068	116.78622059758153	10.12184246501393	35.35087123906594	73.17322290512635	-0.0	87.56190693965327
116.74841176214782	116.59067811115465	10.189379238240882	34.90450299129486	119.14708804409017	-0.0	87.49567351506589
116.62884235367814	116.50698878343523	10.256595797680601	34.5399485083539	104.72259222279335	-0.0	87.3773505577713
116.41672865938288	116.32399269025252	10.323494170855435	34.233651627608495	91.35774308580712	-0.0	87.22451480689256
116.11063350718018	116.07614312170892	10.390076309952802	33.98295249613836	55.71476188958591	-0.0	87.04480268245882
115.79510991483146	115.81255703429316	10.456344104369949	33.81020468028607	-0.0	-0.0	86.82420859468583
115.41654564455105	115.43249085540539	10.522299362218025	33.723346619747296	-0.0	-0.0	86.55857931424586
114.34524561457341	115.27696541796054	10.587943802370862	33.71721729580197	-0.0	-0.0	86.24115569566173
112.21921014359022	114.86570375266562	10.65327904857941	33.71721729580197	-0.0	-0.0	85.90970355732088
109.05840273646143	114.56231364577572	10.718306689702862	33.71721729580197	-0.0	-0.0	85.59062159170988
104.9243652891567	114.2108530347146	10.78302831490144	33.71721729580197	-0.0	-0.0	85.2617962520895
99.89758878697745	113.86724893012608	10.847445495161319	33.71721729580197	-0.0	-0.0	84.9446320909054
94.07594612020682	113.54949417889662	10.91155980118773	33.71721729580197	-0.0	-0.0	84.61885515658702
87.57278646874323	113.18657219182425	10.975372786896411	33.71721729580197	-0.0	-0.0	84.30335082873826
80.51472835855172	112.88591062139665	11.03888600465773	33.71721729580197	-0.0	-0.0	83.98074145152886
73.03919435990296	112.51664846453316	11.102100991570554	33.71721729580197	-0.0	-0.0	83.66682267941924
65.2917354274775	112.22301289817226	11.16501928189725	33.71721729580197	-0.0	-0.0	83.34736193770112
57.423196978377135	111.8550403242055	11.22764239608623	33.71721729580197	-0.0	-0.0	83.03505579095481
49.58678188525475	111.56272268258657	11.28997185057515	33.71721729580197	-0.0	-0.0	82.71865219433988
41.935067569122204	111.20013778838137	11.352009149285983	33.71721729580197	-0.0	-0.0	82.40803550551382
34.61703526982901	110.90624718323204	11.413755791136506	33.71721729580197	-0.0	-0.0	82.09456747033654
27.77516933536329	110.55090058703763	11.440536213637499	33.71721729580197	-0.0	-0.0	81.78573685438555
21.54268300758008	110.25432795258463	11.290350090361564	33.71721729580197	-0.0	-0.0	81.47521670363822
16.040924719287627	109.90674076937843	11.058082881397246	33.71721729580197	-0.0	-0.0	81.16877215300721
11.377015402773454	109.60734816565532	10.775608041777172	33.71721729580197	-0.0	-0.0	80.86179482668724
7.640032658608093	109.26727949729752	10.459539430889736	33.70869458686818	-0.0	-0.0	80.55834934875405
5.085792612577141	108.96546673962446	10.123468955750388	35.20660409626531	-0.0	360.50825176522926	80.25510880050345
3.5218721506908426	108.63229427511746	9.781423159501124	38.02202378728104	-0.0	467.8380617790919	79.95490970695703
3.0144006568807074	108.32874039760308	9.449761940266457	41.26765245469271	-0.0	492.93843975509486	79.655401570985
3.1749214719378873	108.00170249864321	9.145262538926806	44.498429438757746	-0.0	476.1991070391438	79.35849148714856
3.3309357731703066	107.69713029098638	8.871565550528302	47.61871546340613	-0.0	459.7526199587366	79.06253272178209
3.481483834346767	107.3754667284924	8.628065957979562	50.62967668693534	-0.0	443.39647604461305	78.76876912816168
3.626589866730528	107.07055206566305	8.414095567885091	53.53179733461055	-0.0	427.10534386438275	78.4760922660117
3.7662755339637966	106.75354970750872	8.228907440154678	56.32551067927593	-0.0	410.8803171291262	78.18529459703026
3.900563561830179	106.44888984235219	8.071654323629659	59.01127123660357	-0.0	394.7257043458868	77.89564962684652
4.029478258644609	106.13597616665407	7.9413599416408855	61.58956517289217	-0.0	378.6466088792526	77.60763808703815
4.153045739632789	105.83207610465243	7.836880716060772	64.0609147926558	-0.0	362.6487672244062	77.32079684668449
4.271294140122102	105.52272267755741	7.756855261891056	66.42588280244202	-0.0	346.73856917480407	77.03539910460906
4.384253850701798	105.21999873212387	7.699639885978621	68.68507701403595	-0.0	330.9231794152707	76.7511573517694
4.491957798801268	104.91384315988695	7.663232674575277	70.83915597602535	-0.0	315.2106758660326	76.46821208084205
4.594441766621431	104.61260085214481	7.645201260623383	72.88883533242861	-0.0	299.61018977000873	76.18639414247997
4.691744785940412	104.30929155750592	7.642655559856071	74.83489571880824	-0.0	284.13196054625746	75.9057630494311
4.783909542851746	104.00971966670708	7.652340557407479	76.67819085703492	-0.0	268.7878117930715	75.62622983504998
4.870982923078339	103.7091330386155	7.6709165085208415	78.41965846156678	-0.0	253.59119217362968	75.34780625666998
4.953016616642801	103.41136504049446	7.695376225295869	80.060332332856	-0.0	238.55755348394842	75.07046050978235
5.030067867488726	103.11332419255852	7.723388000797928	81.60135734977452	-0.0	223.70458792993608	74.79417877998286
5.102200267608255	102.81745437796734	7.753381711229769	83.0440053521651	-0.0	209.05313827321427	74.51896532416761
5.169484900029533	102.52184089767093	7.784411288164935	84.38969800059067	-0.0	194.62707210248047	74.24479003428162
5.232001477599574	102.22794443915137	7.815948447437896	85.64002955199146	-0.0	180.45464768427573	73.97167723361449
5.289839901305803	101.93465702448859	7.847711508072412	86.79679802611605	-0.0	166.5688856580669	73.699586853206
5.343102054329771	101.64279371420196	7.879554264774835	87.86204108659541	-0.0	153.00858715279603	73.4285525506183
5.391903904169545	101.35177588700269	7.9114019775663635	88.83807808339088	-0.0	139.81976267754052	73.1585298787058
5.436378079412741	101.06195723670196	7.9432167799667495	89.72756158825482	-0.0	127.0568087174847	72.88955632409515
5.476676935525382	100.77315499847973	7.9749796077534345	90.53353871050764	-0.0	114.78338877665034	72.62158511505876
5.512975809478865	100.48539152983277	8.006680918377635	91.2595161895773	-0.0	103.0747604932042	72.35465581533032
5.5454770917960445	100.19876986894425	8.038315968473253	91.90954183592089	-0.0	92.01616841972901	72.08871998225935
5.574413395863657	99.91305176272951	8.069882428575532	92.48826791727315	-0.0	81.7058757929155	71.82381898749026
5.600051345677999	99.62860028498125	8.101379179268669	93.00102691355997	-0.0	72.24744946744077	71.55990178729456
5.622692473783434	99.3449322629213	8.132805707489787	93.45384947566866	-0.0	63.74553182042142	71.29701249268163
5.642671590349035	99.06261631616508	8.164161803231462	93.85343180698071	-0.0	56.2905231119195	71.03509854064258
5.660349187602317	98.78096729006795	8.195447407863185	94.20698375204634	-0.0	49.94366867901908	70.7742057011607
5.676097869928691	98.50076551270955	8.226662538327998	94.52195739857382	-0.0	44.718544181756606	70.51427982401212
5.69028437465106	98.22114014548424	8.257807249254869	94.80568749302118	-0.0	40.560146415351134	70.25536725027597
5.703247750637739	97.94304676871403	8.288881614185485	95.06495501275477	-0.0	37.35472731730666	69.99741303564542
5.715281493069216	97.66543116232357	8.319885716191349	95.3056298613843	-0.0	34.95487444060182	69.74046452451763
5.726625968391853	97.38940158452542	8.35081964320164	95.53251936783705	-0.0	33.19281804923497	69.48446839195333
5.737467078795932	97.11377762324038	8.381683485703341	95.74934157591863	-0.0	31.91210963605119	69.22946854750161
5.747942604824849	96.83981898054637	8.412477335556016	95.95885209649698	-0.0	30.979742365634838	68.97541356365691
5.758150931358454	96.56619472936478	8.443201285491009	96.16301862716908	-0.0	30.293874962896233	68.72234642165363
5.768160821190435	96.29423048808025	8.47385542880217	96.3632164238087	-0.0	29.778289198407094	68.47022101605117
5.778019389920895	96.02260343483432	8.504439859257264	96.56038779841789	-0.0	29.378983305263496	68.21906912699684
5.787758657873308	95.752673389543	8.53495467083379	96.75517315746616	-0.0	29.057532895972184	67.96885573032463
5.797400073768748	95.48302969333582	8.565399957914629	96.94800147537495	-0.0	28.788400694254683	67.71960610782592
5.806958004681676	95.21500953238623	8.595775815163606	97.13916009363352	-0.0	28.554285058147542	67.4712931078878
5.816442050794333	94.94741658837911	8.62608233758333	97.32884101588665	-0.0	28.34366387208872	67.22392634806467
5.825858660960633	94.68131523782489	8.656319620315836	97.51717321921265	-0.0	28.148722806423628	66.9774981921131
5.835212166335794	94.41572591008473	8.686487758869433	97.70424332671588	-0.0	27.964410834284607	66.73200308698948
5.844505515161274	94.15149605420473	8.716586848987944	97.89011030322548	-0.0	27.787385711435345	66.4874442993323
5.853740744348706	93.88794273350808	8.746616986695766	98.07481488697412	-0.0	27.61545926062145	66.24380443548341
5.862919294740574	93.62556762490506	8.776578268250516	98.25838589481147	-0.0	27.44718719860949	66.00109999650088
5.872042216969147	93.36400428348205	8.80647079015601	98.44084433938293	-0.0	27.28161027104537	65.75930289926454
5.881110299394842	93.10340285053466	8.836294649216848	98.62220598789683	-0.0	27.118160389435907	65.5184415213992
5.8901241769660615	92.84398152387777	8.86604994238597	98.80248353932123	-0.0	26.956346969982597	65.27846552115196
5.899084357225149	92.58513563553491	8.895736766978246	98.98168714450298	-0.0	26.795995543411603	65.03943105514601
5.90799128894884	92.32766581151338	8.925355220472177	99.1598257789768	-0.0	26.636898127748484	64.80127050101234
5.916845371529226	92.07065426014243	8.954905400582092	99.33690743058452	-0.0	26.47892799630439	64.56404523023294
5.925646969911362	91.81512217557548	8.984387405301893	99.51293939822725	-0.0	26.32203027190699	64.32768619036285
5.93439643041328	91.55995794975618	9.013801332822377	99.6879286082656	-0.0	26.166155547373567	64.09225412672146
5.943094086769072	91.30632136752605	9.04314728156813	99.86188173538143	-0.0	26.011255294556786	63.85768311921946
5.951740261858847	91.05298616085129	9.072425350167627	100.03480523717693	-0.0	25.857303409660187	63.62403082927761
5.960335269704807	90.80122078496896	9.101635637522632	100.20670539409612	-0.0	25.704301083773718	63.39123466988874
5.968879421403186	90.54971801127287	9.130778242706565	100.37758842806372	-0.0	25.55223166527575	63.15934730035828
5.97737302623865	90.29982910131555	9.159853265019521	100.547460524773	-0.0	25.40106053882653	62.92831104929108
5.985816386012407	90.05014276727799	9.188860803962577	100.71632772024813	-0.0	25.250798909748678	62.69817504745263
5.994209803264226	89.80206619082804	9.21780095925263	100.88419606528453	-0.0	25.10142419624237	62.46888789519819
6.002553571155016	89.55418878877441	9.2466738309062	101.05107142310032	-0.0	24.952986401260013	62.24048735105096
6.010988994045619	89.30797593207478	9.29103307017746	101.21977988091238	-0.0	27.09020187128752	62.012931578168235
6.021380696476147	89.06190487126655	9.441620440873573	101.42761392952292	-0.0	35.43152124018242	61.78618006705987
6.034464446137672	88.81742557903064	9.694100152887298	101.68928892275345	-0.0	43.04384697791886	61.560037269285516
6.049920757999837	88.57321337351435	10.026757972729866	101.99841515999674	-0.0	49.44785745859205	61.334377117786225
6.0673291941530145	88.3304839476687	10.41199643576354	102.34658388306029	-0.0	54.719857420847575	61.10904519193121
6.086242807919246	88.08813379457163	10.817680256551602	102.72485615838491	-0.0	58.65028785324732	60.88398212637565
6.1062033864803995	87.84709009177755	11.210353920340445	103.12406772960799	-0.0	60.82881579825521	60.65919904990938
6.126658106505115	87.60659588655469	11.55869897442511	103.53316213010228	-0.0	61.606268027052664	60.43469302457772
6.147105849756059	87.36727501397544	11.836611290421999	103.94211699512117	-0.0	60.79346433611685	60.21056362352054
6.167025442408446	87.12863448113578	12.025499469961806	104.34050884816891	-0.0	58.4184231349995	59.986915789525135
6.185905016867107	86.8909983055134	12.11557949800946	104.71810033734214	-0.0	54.485902531730076	59.763919513371235
6.203206393870616	86.65420454558202	12.106132638136005	105.06412787741232	-0.0	49.22243499174488	59.54169698484452
6.218505338531298	86.41828267018406	12.004888995148985	105.37010677062594	-0.0	42.05674854838588	59.32044223265872
6.230374043370177	86.18330390209431	11.826906256823179	105.60748086740354	-0.0	36.340786639404016	59.10025264060617
6.2417952033704225	85.94907502445183	11.593650293739957	105.83590406740845	-0.0	19.46440071367173	58.881268632660024
6.344381887206753	85.71586860777175	11.334151216404365	105.89733238802698	-0.0	-0.0	58.66353520804913
7.203698413029567	85.4833299665662	11.136065644844255	105.89733238802698	-0.0	-0.0	58.44707488721263
8.940194348035622	85.25188128613733	10.875780119640568	105.89733238802698	-0.0	-0.0	58.23180153881858
11.54540685330018	85.02099077161141	10.540407242294343	105.89733238802698	-0.0	-0.0	58.01785057767822
15.006639386697032	84.79134080601423	10.15167447620933	105.89733238802698	-0.0	-0.0	57.80530782492199
19.307023579685797	84.56206114580895	9.734499228750067	105.89733238802698	-0.0	-0.0	57.594264202329654
24.425601445552484	84.33411981604944	9.315770095965343	105.89733238802698	-0.0	-0.0	57.384702415373084
30.337427518473724	84.10647425423218	8.923014119009869	105.89733238802698	-0.0	-0.0	57.1766535773258
37.01369042562918	83.8802385340148	8.582996393148091	105.89733238802698	-0.0	-0.0	56.970016621951636
44.421853299834986	83.65420743614452	8.320303712394807	105.89733238802698	-0.0	-0.0	56.76473569115542
52.525812348481125	83.42955028427737	8.15597185245152	105.89733238802698	-0.0	-0.0	56.560625566014245
61.286072805873744	83.20522116306134	8.106225040839654	105.89733238802698	-0.0	-0.0	56.35755288389643
70.6599414116008	82.98210443119196	8.16671017356003	105.89733238802698	-0.0	-0.0	56.15529976432838
80.60173447673856	82.75944367277181	8.244251353085478	105.89733238802698	-0.0	-0.0	55.953750875015146
90.19924632730924	88.98496314735834	8.321348968684573	104.8913087096232	330.58355403071806	-0.0	55.893442352007554
97.36569749041217	90.4714675567565	8.398006228923256	101.09138238322852	787.705969273441	-0.0	57.34002389938669
101.7357394452429	91.32015874953858	8.474228668729584	95.06376464874809	968.1953638669155	-0.0	60.38311103511604
104.58990801346856	94.4141954247253	8.550024307721312	88.60136223966887	956.9817829963603	-0.0	63.77649999304919
106.55534355790208	97.48801286302981	8.625401844365637	82.38505862343241	903.3602617663144	-0.0	67.05585101578349
107.88888175181503	100.28583935892958	8.700369764678197	76.60458687199032	827.2084473454627	-0.0	70.10246701397668
108.84956533171936	102.80000294301823	8.774936102832129	71.38179785924436	737.8757449483633	-0.0	72.83838394190933
109.65630502167222	105.0137391743955	8.849108312775726	66.7688102753699	646.398426866051	-0.0	75.22561800501343
110.44852163781351	106.95683094910085	8.922893207092054	62.75026114484676	560.5819850692135	-0.0	77.2644512429613
111.28195060672795	108.63371948311332	8.996296961258587	59.264101570220184	488.20159885575544	-0.0	78.98659821791816
112.13153828102698	110.08592296497379	9.069325170065477	56.21855405391577	429.0750265918384	-0.0	80.44209331073397
112.94275469950307	111.3319052718906	9.14198293493758	53.52569001085635	380.75772938329413	-0.0	81.68376158410254
113.67686082242727	112.37233568933539	9.214274955449335	51.121192633919435	342.6474310107544	-0.0	82.7535801558593
114.31629635094004	113.27033454601421	9.286205603039301	48.961104859845705	306.8168222951997	-0.0	83.67817107541934
114.87661653056315	114.02425617844536	9.357778969477051	47.02211257522899	276.9700916897019	-0.0	84.47352839920616
115.36176763427362	114.68591724138548	9.42899889711524	45.27994153066089	246.6303617966213	-0.0	85.15207684128812
115.77981382993464	115.23682902931832	9.499869002354668	43.71555764269574	221.06250712291572	-0.0	85.72627790420954
116.12922371117493	115.68847882738211	9.570392698325612	42.30935150450162	199.16585937693625	-0.0	86.20785392643438
116.41211246944476	116.05363501450559	9.640573216058979	41.04586647034803	179.6189604260249	-0.0	86.60621703782557
116.63180975903093	116.35291418746375	9.710413621834393	39.9123087894689	158.43169329728775	-0.0	86.92858952610865
116.7988025387771	116.5687827005825	9.779916830836372	38.900093272701184	143.8811503898735	-0.0	87.18123047064101
116.91015965555407	116.72835928196325	9.849085618967123	37.99772094609494	127.9141650606906	-0.0	87.36999430662962
116.97106137361688	116.8318507923285	9.917922633752523	37.19783169474527	111.93280268069014	-0.0	87.49976941346031
116.95403638589008	116.96775429768672	9.986430403619131	36.48424166468843	-0.0	-0.0	87.57550525585003
116.9269436077282	116.84256947834515	10.054611347600812	35.87116654743914	87.14167570384758	-0.0	87.60378968575914
116.85204389026303	116.79558466510096	10.12246778497048	35.341200580061454	71.28345014508285	-0.0	87.58071872557194
116.76152558054261	116.69761388083349	10.190001932888434	34.89904358424981	75.84229014093076	-0.0	87.50857462976883
116.63790359913402	116.60536618014568	10.257215907955274	34.53542991296613	54.114394655679604	-0.0	87.38762697946521
116.40361219779099	116.38459368446757	10.32411173328862	34.22481207285003	41.372287815728754	-0.0	87.23879854726027
116.11749849566446	116.0631617191391	10.39069136600199	33.98188513722276	69.9307506557913	-0.0	87.05938937999684
115.81963213950868	115.81262828958765	10.456956695622834	33.816168477728496	25.106702150881308	-0.0	86.83442291468141
115.40611876798425	115.55022050355282	10.522909523528229	33.724061345449776	-0.0	-0.0	86.56572493218219
114.32878277740238	115.25723521618163	10.588551563697619	33.724061345449776	-0.0	-0.0	86.2502528699437
112.17583734922884	114.8989643643887	10.65388444118256	33.724061345449776	-0.0	-0.0	85.91709445043038
108.98920099557749	114.55046310067542	10.718909743431519	33.724061345449776	-0.0	-0.0	85.59931804776866
104.83091850998109	114.23705702255947	10.78362906023206	33.724061345449776	-0.0	-0.0	85.26939829973176
99.78195293612126	113.86143739904783	10.848043961605638	33.724061345449776	-0.0	-0.0	84.95303240336709
93.94060919235658	113.57034143112739	10.912156018531649	33.724061345449776	-0.0	-0.0	84.62658040880272
87.42062004463632	113.18526185669609	10.975966784257805	33.724061345449776	-0.0	-0.0	84.31153094170215
80.34893169441305	112.90278000832846	11.039477811195157	33.724061345449776	-0.0	-0.0	83.98852656142307
72.86323209693857	112.51860335835732	11.102690635969948	33.724061345449776	-0.0	-0.0	83.67483705363551
65.10927013424073	112.23700853762875	11.165606792736728	33.724061345449776	-0.0	-0.0	83.35516198269711
57.238017839428274	111.8592976373935	11.228227801595756	33.724061345449776	-0.0	-0.0	83.04294289804524
49.40273092456782	111.57467397322179	11.290555178787036	33.724061345449776	-0.0	-0.0	82.72643708786522
41.75596484469225	111.20597839241375	11.352590427960454	33.724061345449776	-0.0	-0.0	82.41582138421947
34.44660449596359	110.91678598531699	11.41433504778585	33.724061345449776	-0.0	-0.0	82.10231595362205
27.61696538081538	110.55780135188854	11.437225988402664	33.724061345449776	-0.0	-0.0	81.79343892164455
21.40002268115611	110.26389579042187	11.28386019911135	33.724061345449776	-0.0	-0.0	81.48292552569507
15.916822190553264	109.91430841172159	11.049953138556717	33.724061345449776	-0.0	-0.0	81.17642151019894
11.274123515252628	109.61626649601705	10.766412941740862	33.724061345449776	-0.0	-0.0	80.8694731544057
7.562685565556297	109.27522756811504	10.449669790777287	33.7258771570303	-0.0	-0.0	80.56596370691025
5.034138604723634	108.97398224651502	10.113281262607657	35.25639856303321	-0.0	364.6328923791367	80.2627575584159
3.4945897604650775	108.64047547619384	9.77130234383341	38.089861216048206	-0.0	469.4150539642132	79.96249594072303
3.0171109644866276	108.33699748305013	9.440165364496076	41.33964649748398	-0.0	492.5703817808233	79.66301997422187
3.178385636993899	108.00997512289722	9.136467073429147	44.567712739877976	-0.0	475.7946436163145	79.36605081050848
3.3342657985712902	107.70520964585923	8.863557288468474	47.6853159714258	-0.0	459.3516987962739	79.07011629111413
3.4846805235543266	107.38373398378566	8.620828174266228	50.69361047108653	-0.0	442.99745440512896	78.77629783465889
3.6296538268451157	107.07851376711236	8.407609716454079	53.59307653690231	-0.0	426.70813674223945	78.48363601752834
3.7692073827212726	106.76178577577377	8.223152671534379	56.38414765442545	-0.0	410.48500992019467	78.19278801171413
3.9033639531219158	106.45679684583094	8.066606847901262	59.06727906243831	-0.0	394.3324230953775	77.90314853914197
4.032147891481159	106.14414406758948	7.936992178743692	61.64295782962317	-0.0	378.25549484396623	77.61509143275046
4.155585361348139	105.83992677465318	7.833160169903635	64.11170722696278	-0.0	362.2599720543548	77.32824783758564
4.2737045524480965	105.53083896553689	7.753743055762534	66.47409104896194	-0.0	346.3522703994921	77.04280729641286
4.38653591738326	105.2277933850817	7.697088953340386	68.7307183476652	-0.0	330.53957224534264	76.75855723668937
4.49411245209655	104.92188765105068	7.661185791617448	70.882249041931	-0.0	314.82997274801494	76.47557155578345
4.596470021093589	104.62031252355064	7.643589587004459	72.92940042187179	-0.0	299.2326043079686	76.19374075254562
4.693647730243692	104.31728750670915	7.641399288997811	74.87295460487383	-0.0	283.75782723564663	75.91307077889526
4.78568837125744	104.01741767552387	7.651353634384562	76.7137674251488	-0.0	268.41745574267605	75.63351959232065
4.872638957468389	103.7170629454555	7.670116081772606	78.45277914936777	-0.0	253.22489531836035	75.35505903568915
4.954551289197401	103.41902723571685	7.694693875793358	80.091025783948	-0.0	238.1957744138084	75.07769491928259
5.031482747821108	103.12113182573397	7.7227747470938635	81.62965495642214	-0.0	223.34792428574804	74.80137834039141
5.103497149938813	102.82507216617665	7.752806751012421	83.06994299877627	-0.0	208.70192571308996	74.52614319628314
5.170665708577961	102.52957335263983	7.78385711166321	84.41331417155922	-0.0	194.28219231005616	74.25193481275846
5.233068434261791	102.2355262180084	7.815405532996889	85.66136868523581	-0.0	180.1166681503276	73.97879836527541
5.290795459718283	101.94232920867405	7.847174911168229	86.81590919436566	-0.0	166.23878263842792	73.70667668513897
5.343949022850281	101.65032698554191	7.879021446544522	87.87898045700562	-0.0	152.68725810098704	73.43561816912849
5.3926453929594995	101.35937702966467	7.910871654881476	88.85290785918998	-0.0	139.50879402682838	73.16556532004935
5.437017766205684	101.06944673307137	7.942688302839106	89.74035532411366	-0.0	126.7571844745774	72.89656695898623
5.477218886481763	100.78069778222033	7.9744526524243105	90.54437772963526	-0.0	114.49720322324583	72.62856635538809
5.5134248555871075	100.49283623505819	8.006155321951962	91.26849711174215	-0.0	102.803352852898	72.36161169730708
5.5458384178314875	100.20628750389791	8.03779165034996	91.91676835662975	-0.0	91.76338771764519	72.09564568189982
5.574693555096764	99.9204257067971	8.069359348111334	92.49387110193527	-0.0	81.47178116487349	71.83072134539782
5.6002571057151505	99.63605000459722	8.100857316585033	93.00514211430301	-0.0	72.03644610297124	71.56677454807733
5.622831823424916	99.35224106957965	8.132285052657195	93.45663646849833	-0.0	63.55904085339871	71.30386196424129
5.6427532263139915	99.07001120578948	8.163642351373912	93.85506452627982	-0.0	56.12929923314351	71.0419186850337
5.660381708479575	98.78824301907056	8.194929156606346	94.20763416959149	-0.0	49.811609386595336	70.78100128539148
5.676090529996524	98.50811297649483	8.226145486487159	94.52181059993049	-0.0	44.61348347966978	70.52104689119146
5.690246166881588	98.22836483720279	8.257291396239612	94.80492333763175	-0.0	40.476453846455975	70.26210984026628
5.703185733862557	97.95031514545404	8.288366959718806	95.06371467725113	-0.0	37.29377862084452	70.00412899963025
5.715202242947169	97.67260945236652	8.31937226010424	95.30404485894337	-0.0	34.91107616261492	69.74715435299763
5.726534389064225	97.39662677605519	8.350307385417686	95.5306877812845	-0.0	33.1632515446065	69.49113199042019
5.737367194782511	97.12091410200901	8.381172426097006	95.74734389565022	-0.0	31.89115493445206	69.23610641491106
5.747837032838763	96.84695989598143	8.41196747405222	95.95674065677527	-0.0	30.965570410199966	68.98202722486533
5.758041552395908	96.5732992079268	8.442692622010249	96.16083104791817	-0.0	30.284655994012468	68.72893196904742
5.768048928234613	96.30133070239717	8.473347963276687	96.36097856469226	-0.0	29.772672574523394	68.47678226458932
5.777905944416288	96.02967230708892	8.50393359149493	96.55811888832575	-0.0	29.37523350488899	68.22560442649826
5.787644226610726	95.75966981516909	8.534449600714368	96.75288453221451	-0.0	29.055151109261026	67.97536820878656
5.797285034095383	95.49005867347492	8.564896085321845	96.94570068190765	-0.0	28.787032289718457	67.72609012361735
5.806842616418612	95.2219794021985	8.59527313994376	97.13685232837223	-0.0	28.553589398670645	67.4777535070254
5.816326493217583	94.95438565568196	8.625580859504204	97.32652986435166	-0.0	28.34333460977366	67.23036218222596
5.825743042561071	94.68820862795575	8.655819339183186	97.51486085122141	-0.0	28.148633439260685	66.98390969009203
5.8350965531057	94.42266075646297	8.685988674511236	97.701931062114	-0.0	27.964520304081034	66.7383874049112
5.84438995641425	94.15834015781586	8.716088961153524	97.88779912828498	-0.0	27.78760554870176	66.49380617514633
5.853625269979401	93.89481063402658	8.746120295141184	98.07250539958801	-0.0	27.615748332857436	66.25014076236758
5.86280392421415	93.63235375541723	8.776082772705738	98.256078484283	-0.0	27.447514883653	66.00741339676976
5.8719269612645855	93.37083719593358	8.805976490356835	98.4385392252917	-0.0	27.281969878395174	65.76558995834789
5.880995168359129	93.11022616573632	8.835801544857485	98.61990336718257	-0.0	27.118517149803292	65.52470167692232
5.890009169972799	92.8506717996873	8.865558033195168	98.80018339945599	-0.0	26.956744523265275	65.28470760381519
5.8989694814446665	92.59189896614403	8.895246052601271	98.97938962889332	-0.0	26.796384623960893	65.04564408094795
5.90787654501027	92.33431883382534	8.924865700579169	99.15753090020539	-0.0	26.63728294008583	64.8074642532021
5.916730757889038	92.07738609641211	8.954417074844972	99.33461515778075	-0.0	26.47932816670664	64.57020984524547
5.925532486460227	91.8217656510438	8.983900273350654	99.51064972920453	-0.0	26.322446882492734	64.33383009653929
5.934282081460795	91.5665869811436	9.013315394255137	99.6856416292159	-0.0	26.166542370695158	64.09837320794416
5.942979868926998	91.31291124718744	9.042662536002124	99.85959737853996	-0.0	26.011641618329374	63.86378022514108
5.951626173396438	91.0595758678458	9.07194179720838	100.03252346792874	-0.0	25.85770074636652	63.63010255614355
5.960221311353713	90.80777307445175	9.101153276745947	100.20442622707426	-0.0	25.70469544199311	63.39728401744152
5.96876559403555	90.55626793975499	9.130297073655417	100.375311880711	-0.0	25.552607379572407	63.165372117601045
5.977259327018741	90.3063094550291	9.159373287250995	100.54518654037481	-0.0	25.40143889881971	62.93431488322898
5.985702813395114	90.05664241179595	9.188382017037021	100.71405626790227	-0.0	25.251188102013373	62.70415362417116
5.9940963558269535	89.80851967583995	9.217323362716947	100.88192711653906	-0.0	25.101831258430458	62.47484336783203
6.002434538967816	89.5606677606201	9.246223698560149	101.04869077935632	-0.0	25.010771619686103	62.24642002272202
6.01089055168874	89.31433459098673	9.292193342144028	101.2178110337748	-0.0	27.351399494401424	62.0188413818244
6.021360989149159	89.06831071416917	9.445557680574943	101.42721978298316	-0.0	35.572704201458016	61.79206509692346
6.03451930114662	88.82378579172658	9.700298956770707	101.69038602293239	-0.0	43.05135208427502	61.56589854042666
6.050011001909694	88.57957051739348	10.034590695453769	102.00022003819387	-0.0	49.62978950031569	61.34019274635001
6.0674539249324155	88.33677242641873	10.420694468015895	102.3490784986483	-0.0	54.978984745691825	61.1148146061854
6.08642623537591	88.0944265375391	10.826404697797964	102.72852470751819	-0.0	58.60467033043895	60.88973542511885
6.106391445131687	87.85335411077972	11.218282845695061	103.12782890263374	-0.0	60.89017748628079	60.664912323263714
6.126855572251353	87.61284702720737	11.565110524201469	103.53711144502705	-0.0	61.604863626903295	60.440368717543606
6.147299916072299	87.37349074593531	11.840951555268841	103.94599832144597	-0.0	60.729592367515316	60.216206243366734
6.167199672465383	87.13484692563935	12.02742658388153	104.34399344930765	-0.0	58.3206337401141	59.992530478890664
6.1860324180875015	86.89718969916397	12.114981339651168	104.72064836175002	-0.0	54.46685080374773	59.7695074531983
6.203318601765003	86.66036751584586	12.103119752573862	105.06637203530005	-0.0	48.97948539258529	59.547268956839574
6.218495340456123	86.42441127019777	11.999769337847196	105.36990680912244	-0.0	41.980067085734184	59.32599736257803
6.230998709499236	86.18942200436379	11.820154503326126	105.6199741899847	-0.0	33.686071187002476	59.1057919705549
6.243089126230142	85.95516819078482	11.585897597899452	105.86178252460283	-0.0	-0.0	58.88679993224784
6.35474282192309	85.72193467758265	11.328361640212583	105.88971395033361	-0.0	-0.0	58.669054691621966
7.2359941548902	85.48939347359554	11.125124257958928	105.88972116983946	-0.0	-0.0	58.45258480838132
8.994201293935479	85.25789603469015	10.862968726953673	105.88972116983946	-0.0	-0.0	58.23731124158675
11.620795958820617	85.02704637612374	10.526252465546039	105.88972116983946	-0.0	-0.0	58.02336251920078
15.10297740114664	84.7972757990493	10.136783351694683	105.88972116983946	-0.0	-0.0	57.81081946074783
19.423775157545823	84.5680815086483	9.719529776083567	105.88972116983946	-0.0	-0.0	57.5997713578815
24.562131755503664	84.34001250884947	9.301399191574108	105.88972116983946	-0.0	-0.0	57.39021481619174
30.493005337247894	84.11244561698138	8.909903765747035	105.88972116983946	-0.0	-0.0	57.18216333997975
37.18749170163896	83.88608233107412	8.571759562737887	105.88972116983946	-0.0	-0.0	56.975527972229706
44.61296516920138	83.6601297788333	8.311471089794855	105.88972116983946	-0.0	-0.0	56.770239585603164
52.733237583889505	83.43536712299075	8.149961000238847	105.88972116983946	-0.0	-0.0	56.56612228928247
61.508734676571066	83.2110854423732	8.103313706750392	105.88972116983946	-0.0	-0.0	56.36303435066019
70.89668893087847	82.98789000477491	8.165440270493828	105.88972116983946	-0.0	-0.0	56.16076389065773
80.85134801125433	82.7652544086987	8.242987956004884	105.88972116983946	-0.0	-0.0	55.95919430125357
90.41276894849932	89.11706950311239	8.320092042698805	104.8313169552089	341.4863834544852	-0.0	55.91365515465207
97.50532918473787	90.4699949868723	8.396755769478517	100.96047188924946	795.7261324148543	-0.0	57.40818607722936
101.82452603611257	91.38951924543531	8.472984742421914	94.90553215872671	969.09783363753	-0.0	60.471742164990204
104.65307280853996	94.4993599141851	8.548787017498345	88.44558375674953	955.9467351751022	-0.0	63.86478795072837
106.6002843120695	97.56507695037675	8.624171294044917	82.23843956459892	901.7586498350588	-0.0	67.13947478833516
107.92195414295564	100.35461893153409	8.699146049533633	76.47077062016227	825.2636966618244	-0.0	70.17913881848618
108.8765074451634	102.86132964683459	8.773719305731897	71.26266421362817	735.7757823206691	-0.0	72.90662863143307
109.68015422318842	105.07657147985594	8.847898501900932	66.66386048959774	643.6788383191755	-0.0	75.2849605487901
110.47481885736453	107.00254189097436	8.921690435334728	62.660343272421045	559.0214011780902	-0.0	77.31560928508777
111.3063593339729	108.69021270831149	8.995101267063538	59.184654498639404	485.23519689891344	-0.0	79.03045572881706
112.15559771900158	110.13715487688694	9.068136579335063	56.14879190666462	426.2157385530448	-0.0	80.48009100880755
112.96843409715773	111.35994526014848	9.140801463341589	53.465221688418374	380.4786397826194	-0.0	81.7171208347276
113.69716651490614	112.41284497878219	9.213100610516312	51.065752060870864	339.98373233311605	-0.0	82.7830804762431
114.3373316983279	113.29197330632569	9.285038385643617	48.91261512476284	306.7283085732376	-0.0	83.70433300925399
114.8924723360272	114.059424106235	9.356618874745797	46.977393600126526	273.8144274527874	-0.0	84.49665484218484
115.38071824389382	114.69523355350279	9.427845915040603	45.241722152308085	248.38200847725105	-0.0	85.17248371639947
115.79747548603629	115.24206422736465	9.498723118347337	43.681555267192834	223.5777566763912	-0.0	85.74426201779653
116.1449868594984	115.69269850085605	9.56925389375916	42.27891243118587	201.75716165185167	-0.0	86.22367736692878
116.42567605415074	116.05883121719327	9.639441468742024	41.01852922957605	181.70315166824216	-0.0	86.62007867735832
116.64453970193418	116.35398395657478	9.709288906378251	39.88823282386912	161.70966910591918	-0.0	86.94064956363344
116.81027590988884	116.56803471227033	9.778799118954028	38.87885587085327	147.6540137810891	-0.0	87.19163731378153
116.91828705473407	116.73435162237199	9.847974879745962	37.978420465641165	128.66308294373684	-0.0	87.37888312829055
116.97412418617793	116.8336461709108	9.916818833943987	37.179759891881005	112.44119073561143	-0.0	87.50784246761981
116.96489355574937	116.92417701631354	9.985333508679343	36.47120867366889	60.53501919736293	-0.0	87.58291543476587
116.92253723721015	116.84155045314355	10.053521322043075	35.855988860443965	85.37453113191094	-0.0	87.61027931402609
116.853126623304	116.797485192328	10.121384591931488	35.33003083623802	70.76530779866378	-0.0	87.58531324790466
116.72222163894477	116.67587284520073	10.188925532858661	34.87829117872191	64.5863099810171	-0.0	87.51614346744527
116.61650343820654	116.5265364066277	10.256146266564741	34.52213075750761	89.9835142795353	-0.0	87.39828082435815
116.42233263665507	116.40257092897804	10.323048819377833	34.22518918746187	42.17290232996871	-0.0	87.2377293542623
116.12444090835733	116.12722158698374	10.389635132208188	33.98088954089793	-0.0	-0.0	87.05383368057342
115.80223781741319	115.81753980790904	10.455907087494973	33.8102015231346	-0.0	-0.0	86.833850496497
115.39717552356005	115.45348025057268	10.521866493578246	33.725397037140254	-0.0	-0.0	86.56745933655537
114.29256017661713	115.33565203823991	10.58751506707859	33.725397037140254	-0.0	-0.0	86.24396229383495
112.11308681853687	114.82484437403146	10.652854424936445	33.725397037140254	-0.0	-0.0	85.9164211830662
108.90119046841771	114.60836067685729	10.717886158787346	33.725397037140254	-0.0	-0.0	85.59404695416062
104.71940773972158	114.18145662894054	10.782611855603973	33.725397037140254	-0.0	-0.0	85.26789772511725
99.6491592331178	113.90286669028146	10.84703308835159	33.725397037140254	-0.0	-0.0	84.94851362386949
93.7891642522357	113.52936903958351	10.911151426329758	33.725397037140254	-0.0	-0.0	84.62450224314365
87.25351870836896	113.21388836343132	10.97496842477365	33.725397037140254	-0.0	-0.0	84.30754669471212
80.16947363783628	112.87302713579952	11.038485635198082	33.725397037140254	-0.0	-0.0	83.98605906458181
72.6749575850444	112.5375480622319	11.101704595561454	33.725397037140254	-0.0	-0.0	83.67122608468402
64.91589109114005	112.21563232947685	11.164626839648362	33.725397037140254	-0.0	-0.0	83.35244237654044
57.043345576014005	111.87111974459297	11.227253888454452	33.725397037140254	-0.0	-0.0	83.03958756672611
49.21060193115236	111.55940865527099	11.289587258191498	33.725397037140254	-0.0	-0.0	82.72356360030173
41.5701660933071	111.21267770571413	11.351628453123347	33.725397037140254	-0.0	-0.0	82.41263909253396
34.270799706906026	110.90586717378407	11.413378972104022	33.725397037140254	-0.0	-0.0	82.09935722711054
27.454623688823638	110.56091801489981	11.43594941143045	33.725397037140254	-0.0	-0.0	81.79037180097065
21.254351090330807	110.25599656127281	11.279283800674209	33.725397037140254	-0.0	-0.0	81.4799291669188
15.79070313296881	109.91497752782753	11.043617233883099	33.725397037140254	-0.0	-0.0	81.1734406578521
11.170058729126463	109.61040614964425	10.758918545516202	33.725397037140254	-0.0	-0.0	80.8664837324528
7.482383251762656	109.27429456603365	10.441423157472403	33.725397037140254	-0.0	-0.0	80.56305518766291
4.986764167972433	108.96946642306654	10.104648847516945	35.338527219029416	-0.0	368.25519391274497	80.25980110068826
3.4699714780402915	108.63850185189779	9.76267620455299	38.18792156426189	-0.0	470.7814311925544	79.95964879602283
3.0220257412541307	108.33332601195258	9.432015095429474	41.44051482508261	-0.0	492.04148049211733	79.6601095735427
3.183253329491302	108.00737990265539	9.129052589385081	44.66506658982604	-0.0	475.2759855136856	79.3632544502491
3.3389612914621365	107.7020629568229	8.856864128323355	47.779225829242726	-0.0	458.836728677043	79.06725475968494
3.4892047038461613	107.38080217084826	8.614841119478612	50.784094076923225	-0.0	442.48467742747226	78.77354247087467
3.634007407728443	107.07566788238995	8.402311875389913	53.680148154568855	-0.0	426.1974999586969	78.48082133010296
3.773391097803392	106.7586681672742	8.218525035604799	56.467821956067844	-0.0	409.97664189247973	78.19006701594965
3.907378584676021	106.45409685772603	8.06262769960502	59.14757169352041	-0.0	393.82648167025803	77.90037786634826
4.035994276375842	106.14097559228829	7.933636304579246	61.71988552751683	-0.0	377.7521528474823	77.61239916221017
4.159264398020096	105.83729902909998	7.8303978144201185	64.18528796040192	-0.0	361.75942567654226	77.32551607894844
4.277217208794514	105.52765805507893	7.751538561044562	66.54434417589027	-0.0	345.8547352668249	77.04014064099248
4.3898832371920395	105.22519278587524	7.695399077484221	68.7976647438408	-0.0	330.0452916127772	76.75585994104699
4.497295565157897	104.91872521873168	7.659957884939717	70.94591130315793	-0.0	314.339227537025	76.47292754839933
4.599490154754111	104.61773761493667	7.642760260030974	72.98980309508222	-0.0	298.7457101129127	76.19107283620372
4.696506223463439	104.3141670125861	7.640894968545167	74.93012446926879	-0.0	283.2751299403963	75.91044700499529
4.788386690352819	104.0148167844282	7.651095019158764	76.76773380705639	-0.0	267.9393428551913	75.63087902223992
4.875178701997729	103.71398581458132	7.670027226925222	78.50357403995459	-0.0	252.75187697609792	75.35245490015144
4.956934240864478	103.41640555424657	7.69471159800236	80.13868481728956	-0.0	237.7283137298418	75.07507768821986
5.0337108664077785	103.11814299673063	7.7228542558227815	81.67421732815556	-0.0	222.886645429805	74.79879178954477
5.105572607428683	102.82244307470219	7.752919947704651	83.11145214857365	-0.0	208.24759551081854	74.52354881571654
5.172590959555702	102.5266324549275	7.783987871892094	84.45181919111404	-0.0	193.83551921508774	74.24936648457523
5.23484618769649	102.23289193241072	7.815545177341763	85.6969237539298	-0.0	179.67879007740413	73.976225952747
5.292428834377645	101.9394319423806	7.847318878586572	86.8485766875529	-0.0	165.8106135360541	73.70412678699266
5.3454414658383484	101.64769445126409	7.879167409883851	87.90882931676697	-0.0	152.27046256699975	73.43306713302853
5.394000970454694	101.35651829046054	7.911018423791134	88.88001940909388	-0.0	139.10440496712081	73.16303397092635
5.438240936839054	101.06681532100342	7.9428352821442045	89.76481873678108	-0.0	126.36768497921145	72.89403688314546
5.478314907283712	100.77786332745835	7.974599540022191	90.56629814567424	-0.0	114.1246008830664	72.6260541157691
5.514399883276822	100.49019730581135	8.006301966635727	91.28799766553645	-0.0	102.44921865725371	72.35910272963356
5.546699200004335	100.20346178358882	8.037937977043402	91.9339840000867	-0.0	91.43169133178945	72.09315317383953
5.575447873043905	99.9178407142416	8.06950531884856	92.50895746087811	-0.0	81.16678249824795	71.82823114919171
5.600914463972231	99.63326277355763	8.101002912274836	93.01828927944462	-0.0	71.75798944865728	71.56430026742986
5.623401963985176	99.34966470376813	8.132430263882373	93.46803927970353	-0.0	63.3125296280775	71.30139151613555
5.643246848894816	99.06723423734665	8.163787173325161	93.86493697789632	-0.0	55.91953414114191	71.03946342583968
5.660810814789297	98.78567173420815	8.19507358679422	94.21621629578594	-0.0	49.636824184359924	70.7785511482507
5.676467226102087	98.50536999949094	8.22628952360153	94.52934452204174	-0.0	44.4693969801855	70.51860994814464
5.69058080723706	98.225807149537	8.257435039591133	94.8116161447412	-0.0	40.36611956451778	70.25967895632252
5.703488249368875	97.94760668617273	8.288510208891608	95.0697649873775	-0.0	37.21254557760465	70.00170999264299
5.715480979238374	97.6700451414853	8.319515114833145	95.30961958476747	-0.0	34.85317173698301	69.74474425560132
5.726796330264011	97.39394692017761	8.350449845466196	95.53592660528021	-0.0	33.11958208888306	69.4887309825802
5.737616922963068	97.11836701603497	8.381314491332901	95.75233845926135	-0.0	31.860066185466213	69.23371475146044
5.7480780570311	96.84432414069978	8.412109144356734	95.961561140622	-0.0	30.943851482570476	68.97964391774963
5.7582763918962785	96.5707283065118	8.442833897275833	96.16552783792557	-0.0	30.269394808595884	68.72656092106239
5.768279360702849	96.29873921749146	8.473488843369386	96.36558721405697	-0.0	29.76137960276858	68.47441617491111
5.778133115471527	96.02711201405091	8.504074076321071	96.56266230943054	-0.0	29.366724512637507	68.22325168753535
5.787868909149337	95.75712242922413	8.53458969019873	96.75737818298673	-0.0	29.048579996226277	67.97301994190549
5.7975077539032025	95.4874879690726	8.565035779376412	96.95015507806404	-0.0	28.78173526589473	67.72375647216013
5.807063720232551	95.21948245278261	8.595412438501999	97.14127440465101	-0.0	28.54914690069881	67.47542255244498
5.816546213748689	94.9518125365452	8.625719762483422	97.33092427497377	-0.0	28.339443111743194	67.22804689919288
5.825961531484091	94.68575016078223	8.655957846530436	97.51923062968181	-0.0	28.145118778743097	66.98159637611457
5.835313915099384	94.42008029016577	8.686126786145694	97.70627830198767	-0.0	27.961235068111712	66.73609099921087
5.844606256414586	94.15592428103182	8.716226677058243	97.89212512829172	-0.0	27.784502446234818	66.49151027353615
5.853840555555265	93.89222911550861	8.746257615259193	98.07681111110529	-0.0	27.61276456029543	66.24786210898509
5.863018229108978	93.62996774641309	8.776219696987535	98.26036458217956	-0.0	27.444600808029524	66.00513530108117
5.872140306154825	93.36826464802078	8.806113018790075	98.44280612309649	-0.0	27.279123211585816	65.763327993471
5.881207571899861	93.10783781355435	8.83593767739214	98.6241514379972	-0.0	27.115703931420068	65.52244301451749
5.89022064338062	92.8481231505488	8.865693769828953	98.8044128676124	-0.0	26.953969876196002	65.28246286974368
5.899180034850559	92.5895486760369	8.895381393318823	98.98360069701118	-0.0	26.79364199389484	65.04340245593689
5.908086186097877	92.33181845131908	8.925000645377404	99.16172372195753	-0.0	26.634575767558268	64.80523446747115
5.916939497515854	92.07499664786948	8.95455162368776	99.33878995031706	-0.0	26.47661875425347	64.567988175426
5.925740329716469	91.81925214094743	8.984034426265213	99.51480659432936	-0.0	26.319748293873726	64.33161897661692
5.934489031196691	91.56425906750826	9.01344915125801	99.6897806239338	-0.0	26.163886395014398	64.09616765295124
5.943185934269122	91.31044094042895	9.042795897088995	99.86371868538244	-0.0	26.008994340410812	63.86158482827018
5.951831359465222	91.05724696190744	9.072074762406697	100.03662718930444	-0.0	25.8550663043234	63.627914714443286
5.960425622641836	90.80532496948899	9.10128584607997	100.2085124528367	-0.0	25.702083201078867	63.39510539266784
5.96896903560937	90.553932718738	9.130429247168255	100.3793807121874	-0.0	25.5500198205931	63.16320230957956
5.977461905910911	90.3039146137377	9.15950506496319	100.54923811821821	-0.0	25.398857936948563	62.932151584215724
5.985904534549719	90.05431319533344	9.188513398986327	100.71809069099437	-0.0	25.248616216867276	62.70200088176919
5.994297224207966	89.80616550181368	9.217454348930634	100.88594448415932	-0.0	25.099270192881605	62.47269697394805
6.002640271726815	89.55828622151301	9.246328014780634	101.05280543453628	-0.0	24.95083185278261	62.244285646410916
6.0111122305157	89.31205855142754	9.294059998652477	101.222244610314	-0.0	27.526660824475066	62.016709858671035
6.021646269378177	89.06595295637699	9.450187746529087	101.43292538756354	-0.0	35.847920199008506	61.789941054188475
6.034861102275828	88.82149888779566	9.707187690043448	101.69722204551655	-0.0	43.39954251035716	61.563763682514924
6.0504268617675	88.57720807966058	10.043113869864921	102.00853723534999	-0.0	49.72656495565777	61.33807290745185
6.067920675963435	88.33454344916667	10.430086070880506	102.3584135192687	-0.0	54.949541112128124	61.11269162480788
6.086901669345081	88.0920793462404	10.835827779311899	102.7380333869016	-0.0	58.76723992422525	60.88759532118659
6.106895008732397	87.85114384647628	11.22691659489564	103.13790017464792	-0.0	60.925419676564886	60.66275923854217
6.1273641926252855	87.6104959663222	11.572233831875968	103.5472838525057	-0.0	61.6071844378684	60.438221944113934
6.14780186333437	87.37130650303912	11.846010385950333	103.95603726668739	-0.0	60.68871791009649	60.21405030340533
6.167689533628742	87.13250779598904	12.030078088263915	104.35379067257485	-0.0	58.18498000225919	59.99038459553898
6.186486814286447	86.89501856977178	12.115111428553096	104.72973628572893	-0.0	54.30545141365709	59.76735985199509
6.203701852491051	86.65804311488644	12.10083608967555	105.07403704982102	-0.0	48.936177127350554	59.5451343266201
6.2191472404818295	86.42226829016803	11.995376515343112	105.38294480963658	-0.0	40.422443917456235	59.323874404964045
6.231245057785625	86.18711387707152	11.814123931983625	105.6249011557125	-0.0	33.182942621194215	59.10368818477762
6.241567311533329	85.95302601333914	11.578858908911016	105.83134623066657	-0.0	18.10533894830976	58.88470984908323
6.366578249269755	85.71966276346717	11.321205626344737	105.90017816349669	-0.0	-0.0	58.666988741757294
7.269913366971156	85.48725334018592	11.121649629977188	105.90017816349669	-0.0	-0.0	58.450531398670435
9.050129811636326	85.25565012451786	10.857308492090658	105.90017816349669	-0.0	-0.0	58.23527613946067
11.698551671782694	85.02491432557377	10.518892974100575	105.90017816349669	-0.0	-0.0	58.0213454497714
15.202271823848577	84.79505145160064	10.12830846487283	105.90017816349669	-0.0	-0.0	57.80882259169622
19.544214835242016	84.56596510961468	9.710592317939168	105.90017816349669	-0.0	-0.0	57.597790797911486
24.703220181731965	84.33781530803641	9.292688791138744	105.90017816349669	-0.0	-0.0	57.38825611408831
30.65414537356115	84.11033552419806	8.902112204316985	105.90017816349669	-0.0	-0.0	57.18022924082198
37.36798848776823	83.8839004470511	8.565544862603783	105.90017816349669	-0.0	-0.0	56.973617341509474
44.81202950947204	83.65801760520083	8.307421757292564	105.90017816349669	-0.0	-0.0	56.76834201999565
52.94998979336154	83.43321984981911	8.148562061560416	105.90017816349669	-0.0	-0.0	56.56423721886025
61.74220886823133	83.20897614169934	8.104916397745589	105.90017816349669	-0.0	-0.0	56.36115845774386
71.14583772285029	82.98576710330104	8.168571552844764	105.90017816349669	-0.0	-0.0	56.15889085857681
81.11504763129633	82.76315258576062	8.246102227963231	105.90017816349669	-0.0	-0.0	55.95732454562086
90.63610766319307	89.24744429837608	8.323189420629157	104.78271050921492	353.5246848998373	-0.0	55.929008704105726
97.64960803393573	90.46149901929232	8.399836403244574	100.83482610424684	804.3194709304926	-0.0	57.475876842412326
101.91632696990663	91.45928360210355	8.476048858638332	94.75072235131591	970.1205611171621	-0.0	60.561190919955976
104.71879164692952	94.58585881666157	8.551834880587489	88.29256460483987	954.9680385877399	-0.0	63.953949961964526
106.64724556701043	97.64511071250286	8.627203168812239	82.09393270891304	900.1067363961241	-0.0	67.22414830677687
107.95644775634032	100.42981084713404	8.70216219147223	76.33845269968542	823.0415067471179	-0.0	70.25701748125354
108.90486245860252	102.92969320581739	8.776719957107709	71.14487755930634	733.3247798558714	-0.0	72.97633985520099
109.70831278160931	105.12929953423608	8.850883889388387	66.56187546906273	641.9588711620008	-0.0	75.34615204741216
110.50208299521087	107.05840479869161	8.924660769369257	62.571273618090125	556.7145028528835	-0.0	77.36847378828192
111.33726236261454	108.72377027779744	8.998056742688089	59.10889027852223	484.98895619749806	-0.0	79.07624833165943
112.18641180881617	110.16461176328275	9.071077378072083	56.082602196810775	426.570045945573	-0.0	80.5200435064709
112.99411782274423	111.40241491949382	9.143727755500793	53.404948925363556	378.4881256955582	-0.0	81.75240190425347
113.72369248155789	112.4343283932348	9.216012557268487	51.013245903759056	340.65050704362494	-0.0	82.81457017558405
114.35843473636889	113.32693769338054	9.287936140488515	48.864306227547964	304.6879286564392	-0.0	83.73247956384843
114.91531703725391	114.07354092936404	9.359502584412327	46.9356317165292	275.2450720904706	-0.0	84.52179711951653
115.39678660243872	114.73122531641593	9.430715720096567	45.20250980782929	244.7458186405876	-0.0	85.19490616640925
115.81193542272028	115.27465707565584	9.501579153756063	43.646472301056875	219.89781998873912	-0.0	85.76427491014235
116.15718630034621	115.72510308446986	9.572096289426213	42.24729571068038	197.19911112596625	-0.0	86.24153864967843
116.43604626759056	116.08987500197578	9.64227034998875	40.9901762575251	176.50896267705332	-0.0	86.63598387313031
116.65673773583973	116.36917116780685	9.712104394311217	39.86406089021193	160.87570084682926	-0.0	86.95475659718102
116.8179327639646	116.5944836810086	9.781601330767456	38.85644733805458	141.8112035984491	-0.0	87.20409213829224
116.92703865595628	116.74927950379141	9.850763928999061	37.95939064175825	126.48448005521493	-0.0	87.38981913767063
117.0597016395222	116.5496642664931	9.919594830804533	37.18748434078736	214.25070261873032	-0.0	87.51726095537259
117.00130934794468	116.8951826288253	9.98809655903849	36.46605130405419	97.73128834076066	-0.0	87.58795157316187
116.94696599149698	116.86697651173526	10.056271524883874	35.84953952619838	84.84723436008342	-0.0	87.61312936692893
116.85688150034622	116.79791501074779	10.12412204226023	35.319709675812234	72.84904984870391	-0.0	87.59044017719609
116.7914698372997	116.62604639710729	10.191650327582872	34.88937022886523	122.0168415314753	-0.0	87.51611234326676
116.66638632514726	116.5427297442792	10.258858493626086	34.52955041522918	105.4945130237835	-0.0	87.39182832985743
116.41326883548687	116.34803657559011	10.325748557890405	34.21761898602492	76.62182059118935	-0.0	87.24222410166557
116.0973727803997	116.1151212730526	10.39232247535426	33.97020102933417	-0.0	-0.0	87.06166645149521
115.8139348743605	115.81982395812133	10.458582133132245	33.81259818658476	-0.0	-0.0	86.8342162322651
115.40233197127229	115.44712481891824	10.524529328402966	33.73096339817676	-0.0	-0.0	86.56404259192567
114.2703021876379	115.33368263489764	10.590165771125156	33.73096339817676	-0.0	-0.0	86.24138995767385
112.06404013509723	114.82263610219206	10.65549307769419	33.73096339817676	-0.0	-0.0	85.9128200218982
108.82650241689507	114.6034349772765	10.720512838337843	33.73096339817676	-0.0	-0.0	85.59142281529098
104.62072489185482	114.18135317726859	10.785226640280483	33.73096339817676	-0.0	-0.0	85.2643878994812
99.52859534672169	113.89658154376491	10.849636055247737	33.73096339817676	-0.0	-0.0	84.94582931783714
93.64925911572139	113.53012136463703	10.913742652658259	33.73096339817676	-0.0	-0.0	84.62108901073911
87.09718869023705	113.20721312096018	10.977547986653633	33.73096339817676	-0.0	-0.0	84.30480278205773
79.99995490411959	112.87389953775116	11.041053608741171	33.73096339817676	-0.0	-0.0	83.98273707045311
72.49574309012883	112.53103619777512	11.104261055919151	33.73096339817676	-0.0	-0.0	83.66842990677135
64.73066256887455	112.21622094770342	11.167171861854195	33.73096339817676	-0.0	-0.0	83.349202402468
56.8559018552249	111.86504969445546	11.229787546697052	33.73096339817676	-0.0	-0.0	83.03674956155379
49.02478497125682	111.55954996654076	11.292109626450282	33.73096339817676	-0.0	-0.0	82.72039434160368
41.389786180197895	111.20714738765649	11.354139604628157	33.73096339817676	-0.0	-0.0	82.4097703761303
34.099561265480354	110.90549647349746	11.415878979803447	33.73096339817676	-0.0	-0.0	82.09624839744741
27.296053156714965	110.55593213647849	11.430650651182074	33.73096339817676	-0.0	-0.0	81.78748491629386
21.111728257063564	110.25514595594761	11.271222058708206	33.73096339817676	-0.0	-0.0	81.47688700855495
15.666997281447848	109.91049434534085	11.034076217140678	33.73096339817676	-0.0	-0.0	81.17057308135485
11.067870822784478	109.60913831583879	10.748421906412982	33.73096339817676	-0.0	-0.0	80.86352055667862
7.4038723787779155	109.27024322355267	10.430340715051308	33.73084628128593	-0.0	-0.0	80.56022328313793
4.937012873475414	108.96783572558542	10.09332769498469	35.39619368362664	-0.0	372.15261150528937	80.25691570892151
3.4444367092958266	108.63480694766108	9.751498198030253	38.26268364374992	-0.0	472.2581600982647	79.95686114682421
3.0259414820658432	108.33141158225935	9.421437869183096	41.51882964131686	-0.0	491.622385924586	79.65729674410422
3.187033322243854	108.00398454134735	9.11932788258385	44.74066644487707	-0.0	474.8752982093642	79.36051282253206
3.3426083788898064	107.69993544486472	8.847975425698394	47.85216757779613	-0.0	458.4395054839938	79.06450589679203
3.492719693549294	107.37763159693702	8.60677039626659	50.85439387098588	-0.0	442.0893956489091	78.7708450538667
3.637390925840908	107.0733773522063	8.395039145996918	53.74781851681815	-0.0	425.80409549382625	78.47812798685482
3.7766437831075925	106.75568459265176	8.212027834261189	56.532875662151845	-0.0	409.58520081086726	78.18741023057228
3.9105011134118133	106.45169512227135	8.0568803957412	59.21002226823626	-0.0	393.4371394486477	77.89773205173476
4.038987371503191	106.1381238836077	7.928609188769916	61.779747430063814	-0.0	377.3650470441458	77.60977996220738
4.162128830174607	105.83481908739681	7.82605589127716	64.24257660349215	-0.0	361.3747086984971	77.3229112883158
4.279953804693164	105.5249150186761	7.747839981456153	66.59907609386327	-0.0	345.4725888629598	77.03755491009571
4.392492885841191	105.22266753115349	7.692293217405582	68.84985771682382	-0.0	329.6659101960329	76.75329027470845
4.49977922365143	104.9160668852918	7.657383283695615	70.9955844730286	-0.0	313.96283095706383	76.47037198590915
4.60184886030023	104.61516723640958	7.640643165071226	73.03697720600458	-0.0	298.37254584722524	76.18853410730364
4.698741100182234	104.31157398147211	7.639150172922108	74.97482200364469	-0.0	282.9054789672791	75.907918620148
4.790498960948067	104.01224332326406	7.64963122329689	76.80997921896133	-0.0	267.57353305455155	75.62836697326303
4.877169703978403	103.71142514088804	7.66875739666796	78.54339407956805	-0.0	252.39028596549795	75.34995223633437
4.9588054471279275	103.41383806047035	7.693564126809601	80.17610894255854	-0.0	237.37133190033416	75.07259033829686
5.035463898416476	103.11561337351706	7.72177849652942	81.70927796832952	-0.0	222.53474053092393	74.7963131650099
5.107209239074833	102.81990639763713	7.751884359540757	83.14418478149665	-0.0	207.90145490238544	74.52108476889235
5.174113218378337	102.5241265694782	7.782974440395098	84.48226436756673	-0.0	193.4955638699929	74.24691102094594
5.236256277085542	102.23036898419804	7.814544236516275	85.72512554171084	-0.0	179.34594334457694	73.97378527408159
5.293729256229442	101.93694186497967	7.846325376257062	86.87458512458883	-0.0	165.4857658721826	73.70169502080891
5.34663506507999	101.6451867309918	7.8781787574935365	87.9327013015998	-0.0	151.95451673805934	73.43064925084877
5.395090893632704	101.35404596575906	7.910033310538073	88.90181787265408	-0.0	138.7989433221306	73.16062563604342
5.439230892087613	101.064326482396	7.941853040335648	89.78461784175225	-0.0	126.07374646988215	72.89164133560176
5.479209087227891	100.7754220355861	7.973619831861861	90.58418174455781	-0.0	113.84366935747619	72.62366829401617
5.515202834345045	100.48774074004749	8.005324618894932	91.30405668690089	-0.0	102.18471544389244	72.35672897034652
5.547416690518839	100.20102340287157	8.036962897210323	91.94833381037677	-0.0	91.18378235120623	72.09079060499245
5.576086026443121	99.91539065975091	8.068532456712433	92.52172052886242	-0.0	80.9385316618855	71.82587993745082
5.601480278142685	99.63083813248917	8.100032237867374	93.0296055628537	-0.0	71.55221218701301	71.56196029903982
5.623903100662992	99.34722892417163	8.131461757463434	93.47806201325983	-0.0	63.13280000527158	71.29906285565055
5.643692222299976	99.0648412235759	8.162820820226766	93.87384444599952	-0.0	55.76466583642997	71.037144981995
5.661209296673969	98.78326164306006	8.194109374949509	94.22418593347939	-0.0	49.50783488378252	70.77624381498545
5.676827374475892	98.5029812137797	8.225327442233631	94.53654748951784	-0.0	44.36837046518691	70.51631398193113
5.690911233342669	98.22342662317116	8.256475078563941	94.81822466685337	-0.0	40.289352917065536	70.25739298835681
5.703796415587732	97.94523211227111	8.287552358422683	95.07592831175464	-0.0	37.156580966387004	69.99943567132924
5.715773358089723	97.66769358443824	8.318559365317135	95.31546716179446	-0.0	34.81163305939376	69.74247936161717
5.727077429495528	97.39157375661925	8.3494961874394	95.54154858991055	-0.0	33.091691138862515	69.48647885980219
5.73789044658482	97.11604031777328	8.380362915400944	95.75780893169639	-0.0	31.84184787493007	69.23147101412125
5.748346626960767	96.84197219893412	8.41115964119356	95.96693253921532	-0.0	30.932547565376684	68.97741243486828
5.75854191128857	96.56842033302576	8.441886457574714	96.17083822577139	-0.0	30.26229911051879	68.72433862005306
5.768543061371363	96.29639167397768	8.472543457880205	96.37086122742726	-0.0	29.75720616050251	68.47220635496744
5.778395819355993	96.02482776867856	8.503130735858345	96.56791638711985	-0.0	29.364637274011297	68.2210497772016
5.788131171897112	95.75479949428411	8.533648385628467	96.76262343794222	-0.0	29.047928917510358	67.97083058795286
5.797769952570721	95.48520769820169	8.564096501574017	96.9553990514144	-0.0	28.781987488597096	67.72157626781475
5.807326100569704	95.21717433459398	8.594475178381755	97.14652201139408	-0.0	28.54995580136981	67.4732537676213
5.816808931798964	94.94955719495285	8.62478451101213	97.33617863597928	-0.0	28.340614974825897	67.22588671167384
5.826224687290132	94.6834537361213	8.655024594725276	97.52449374580263	-0.0	28.146529020364405	66.9794486739451
5.835577570918614	94.41783612435283	8.685195525078036	97.71155141837228	-0.0	27.96281806357152	66.73395109353912
5.844870455644656	94.15364956134214	8.715297397792273	97.8974091128931	-0.0	27.78617591703797	66.48938260182317
5.854105322854062	93.89000874513198	8.745330308932553	98.08210645708124	-0.0	27.614493868550213	66.24574218683057
5.863283579860237	93.6276988706432	8.775294354763444	98.26567159720473	-0.0	27.446357473306858	66.00302832402471
5.872406245666443	93.36610295028058	8.805189631906702	98.44812491332887	-0.0	27.28092136692174	65.76122572150557
5.881474108640035	93.1055405269225	8.835016237062728	98.62948217280069	-0.0	27.11748977635838	65.52035771241479
5.890487776602708	92.84599069321013	8.864774267358051	98.80975553205414	-0.0	26.95575791029064	65.28038042146973
5.899447763706244	92.58727070153282	8.894463820036888	98.98895527412488	-0.0	26.79543229002597	65.04133643762013
5.908354510316968	92.32970154549578	8.924084992641554	99.16709020633935	-0.0	26.636352648935738	64.80317244039816
5.917208413691571	92.07274013932428	8.95363788291213	99.34416827383141	-0.0	26.478392368417055	64.56594075466916
5.926009835719202	91.81714429263563	8.983122588889472	99.52019671438403	-0.0	26.32151161280239	64.32957690776888
5.934759123011823	91.56199921248455	9.012539208770967	99.69518246023644	-0.0	26.16564878737634	64.0941400079283
5.9434566102458675	91.30835947939994	9.04188784100902	99.86913220491735	-0.0	26.01074058324102	63.8595619207164
5.9521026158582035	91.05501555378866	9.071168584288701	100.04205231716406	-0.0	25.856800700282644	63.62590542970579
5.9606974561253	90.80325041873506	9.100381537520473	100.213949122506	-0.0	25.703805593008934	63.39310222909768
5.969241442670544	90.55173773402932	9.129526799807515	100.38482885341088	-0.0	25.55173192469994	63.161210990475844
5.977734882733031	90.30183225806894	9.158604470474287	100.55469765466063	-0.0	25.400564083195732	62.93016821273455
5.986178078306235	90.05215113783082	9.18761464907358	100.7235615661247	-0.0	25.25031103600511	62.700027617200575
5.994571330333717	89.8040704449364	9.216557435371353	100.89142660667434	-0.0	25.10096602380387	62.470732557894266
6.002915292802037	89.55619919668193	9.245421566462621	101.05830585604073	-0.0	24.950067215287895	62.2423296205039
6.011405173211079	89.30993046902896	9.29500625190289	101.22810346422158	-0.0	27.799525197154896	62.01476465208839
6.021998876926172	89.06389975114045	9.453857630929386	101.43997753852342	-0.0	36.43475595170904	61.787986442188064
6.035326483855803	88.81942429585028	9.713070932904955	101.70652967711605	-0.0	43.37655802405352	61.561830730732765
6.050929773748031	88.57514200846542	10.050575043874995	102.01859547496062	-0.0	49.8385525759959	61.3361321961458
6.068457782125764	88.33245464239441	10.438349813866479	102.36915564251527	-0.0	55.10035182869207	61.11074311886412
6.087478042611907	88.09003912637667	10.844053617997755	102.74956085223813	-0.0	58.79964556047263	60.88564458163527
6.107485591852539	87.8490627457998	11.23428663342023	103.14971183705077	-0.0	60.96284216055933	60.66080654384051
6.127961450108961	87.60848573244351	11.578035649113824	103.55922900217921	-0.0	61.60049956239196	60.43625843030238
6.148399340437107	87.36922256270613	11.849703599010864	103.96798680874214	-0.0	60.59167867526956	60.21209301774226
6.16824838062274	87.13051556137081	12.0313369651728	104.36496761245479	-0.0	58.1896438959806	59.98842366539507
6.187018032462708	86.8929576137912	12.113840920297555	104.74036064925416	-0.0	54.248430027768194	59.7654095033194
6.204234826533527	86.65607535307345	12.09716314901918	105.08469653067054	-0.0	48.56490793681218	59.54319547956713
6.21930450111858	86.42021126176972	11.989623810807682	105.38609002237159	-0.0	41.449223392895355	59.32194945042631
6.23160694374285	86.18516430104023	11.806778969357048	105.632138874857	-0.0	33.40437024711845	59.101778853855954
6.24256263858923	85.95099207219475	11.570565705462126	105.85125277178459	-0.0	14.668268583312539	58.88282398671351
6.378855185811319	85.71771729783259	11.313597827196736	105.90846132784435	-0.0	-0.0	58.66512065484922
7.304256913883491	85.48524084984196	11.112275048501509	105.90846132784435	-0.0	-0.0	58.44868609253932
9.106444248551062	85.25371343457361	10.846014228104622	105.90846132784435	-0.0	-0.0	58.23345144710174
11.77663420287379	85.02291894423418	10.506200895998246	105.90846132784435	-0.0	-0.0	58.01954748491247
15.301813566151685	84.79313095662977	10.114823427358656	105.90846132784435	-0.0	-0.0	57.80705230034342
19.664802324013316	84.56398434506846	9.69697278100502	105.90846132784435	-0.0	-0.0	57.59605176316141
24.844337385455063	84.33590904356807	9.279614577735547	105.90846132784435	-0.0	-0.0	57.386544344620226
30.815176208863157	84.10836777284652	8.890250513300213	105.90846132784435	-0.0	-0.0	57.178544150089
37.54821982187958	83.88199955848586	8.555515724316114	105.90846132784435	-0.0	-0.0	56.97195465888653
45.01065463571505	83.65608037516843	8.299764291060274	105.90846132784435	-0.0	-0.0	56.766702974121955
53.16611236263848	83.4313179991847	8.143703084110719	105.90846132784435	-0.0	-0.0	56.56261543211607
61.97484725738048	83.20705948987876	8.103143155190992	105.90846132784435	-0.0	-0.0	56.35954897688088
71.39392981863334	82.98387201232443	8.16827259502299	105.90846132784435	-0.0	-0.0	56.15728981290672
81.37745600658994	82.76125342678866	8.24580384278701	105.90846132784435	-0.0	-0.0	55.95572966020799
90.85628981862247	89.3710522909202	8.322891602875172	104.73041434276836	365.610964678583	-0.0	55.945663791686826
97.79102976165176	90.45373828564297	8.399539183273022	100.70667320915683	812.623057044772	-0.0	57.54432551293828
102.00635384801853	91.53031120891369	8.475752343750578	94.59487364450708	971.0014611314631	-0.0	60.6503110460972
104.78318084885659	94.67155237621925	8.551539215091733	88.13902559570661	953.9636065056991	-0.0	64.04267372977009
106.69323655073121	97.72329117598441	8.62690849765877	81.94923443423795	898.4960120819746	-0.0	67.30832996843186
107.99053531993705	100.50062846488852	8.701868650977858	76.20634014568923	821.0308258246871	-0.0	70.3343604626635
108.93333082963953	102.99102468175721	8.776427671060494	71.02758750904916	731.3053762344489	-0.0	73.04542737773802
109.73494911330734	105.18511533833754	8.850592966730352	66.45932889554058	639.9101809998665	-0.0	75.40648721803683
110.52848187607032	107.11353161059046	8.924371303597725	62.48201973554954	554.3875214082541	-0.0	77.42054813954566
111.36443110760109	108.77352995361298	8.997768812721445	59.031413339237886	482.8882933546124	-0.0	79.12120099512873
112.21319485573244	110.20921967100195	9.070791050150897	56.01463385592421	424.68549142364674	-0.0	80.55920638565799
113.01963600675255	111.43986472508966	9.143443085493221	53.344791664425834	377.0668579306059	-0.0	81.78696056855179
113.74556120137235	112.4747658671518	9.215729592731417	50.958843015774114	338.1886752684803	-0.0	82.84532553572419
114.37974064867547	113.35530694523204	9.287654922118966	48.81623459659781	303.64293719747195	-0.0	83.759919429825
114.93281627595891	114.10858083045979	9.35922314693194	46.891848898718905	272.3622405821362	-0.0	84.54622746267401
115.41646721344816	114.74487063935058	9.430438092855065	45.16481445995465	245.85298791916682	-0.0	85.21663641157356
115.83086385593688	115.28168756833547	9.501303361283515	43.61315820676808	222.31928815135922	-0.0	85.78360157417657
116.1746350881575	115.72927801906317	9.571822351974946	42.21765836107421	200.20523524246195	-0.0	86.25871911480097
116.45236068637813	116.09053245674217	9.641998284000346	40.96397296542399	180.45647859591102	-0.0	86.65121319263103
116.66814889294525	116.38292293475688	9.711834212779637	39.83970758013778	160.21964997138755	-0.0	86.96819219077074
116.83030369096535	116.59710258588436	9.781333043535845	38.83565646756629	144.8727008697272	-0.0	87.2158820156392
116.93639073791665	116.75723634220549	9.850497543032029	37.94062342833693	126.9799024019349	-0.0	87.40009781701863
116.99135379113244	116.85075370637763	9.919330350435215	37.147280994725186	112.49003346044826	-0.0	87.52612102351479
117.01314305993667	116.91055197817825	9.98783398695488	36.45343581704885	96.08952782825875	-0.0	87.59603967798482
116.97834317917251	116.89401733336622	10.056010860162559	35.84523243298696	87.116738475256	-0.0	87.61406986616099
116.8596823093295	116.80033439476773	10.123863274919085	35.30916242258429	73.08428224015908	-0.0	87.59439834095396
116.75121228957583	116.48791488196164	10.19139345151948	34.86845184632666	153.93754150718735	-0.0	87.52939979667278
116.51921166151018	116.43302079955942	10.258603521929135	34.47990512114311	88.07484076380261	-0.0	87.42587889505825
116.41761338228562	116.42314242003076	10.325495526732151	34.21395908361661	-0.0	-0.0	87.24883777171996
116.18152369868479	116.18965530810169	10.392071383543655	33.99142023153164	-0.0	-0.0	87.045444485441
115.80630296214349	115.81594140774011	10.458332945092454	33.809520117311436	-0.0	-0.0	86.83048980432899
115.3494481932861	115.37694994346653	10.524282024410034	33.72011984320399	-0.0	-0.0	86.57264688148776
114.19058970780497	115.40602608867682	10.58992034939631	33.72011984320399	-0.0	-0.0	86.24385033537789
111.9586762289369	114.76984780743099	10.655249532036686	33.72011984320399	-0.0	-0.0	85.92015163534705
108.69716380111856	114.65969115194726	10.720271165984405	33.72011984320399	-0.0	-0.0	85.59468545287565
104.46955507816737	114.14313488796562	10.784986835628736	33.72011984320399	-0.0	-0.0	85.2709563739699
99.35816290699867	113.93963297738274	10.849398114994704	33.72011984320399	-0.0	-0.0	84.94966690251454
93.46250767110281	113.5036096654348	10.913506571639198	33.72011984320399	-0.0	-0.0	84.62709903634362
86.89737959793474	113.23981462482584	10.977313761185416	33.72011984320399	-0.0	-0.0	84.30903684663024
79.79060375777384	112.85651014121412	11.040821233963111	33.72011984320399	-0.0	-0.0	83.9883441433178
72.28055127011774	112.55560344092731	11.104030527884584	33.72011984320399	-0.0	-0.0	83.67292642234365
64.51344517529984	112.20573567693674	11.166943175907596	33.72011984320399	-0.0	-0.0	83.35452263369265
56.6405134267225	111.88358826270934	11.229560698713648	33.72011984320399	-0.0	-0.0	83.04141016271313
48.815044435956345	111.55414023738435	11.291884611908332	33.72011984320399	-0.0	-0.0	82.72551201049599
41.18940249999252	111.22128602628979	11.353916419286124	33.72011984320399	-0.0	-0.0	82.41452440125018
33.912061221422064	110.90374812830908	11.415657619223245	33.72011984320399	-0.0	-0.0	82.10122274257797
27.124712681470882	110.5669321195361	11.429105146095454	33.72011984320399	-0.0	-0.0	81.79228259608782
20.95950865151137	110.2559467981705	11.267323655991316	33.72011984320399	-0.0	-0.0	81.48176155899078
15.536487557229691	109.91930079758858	11.028821779182016	33.72011984320399	-0.0	-0.0	81.17539128796513
10.961237293448749	109.61166956080815	10.742232129537621	33.72011984320399	-0.0	-0.0	80.86833547201523
7.324338583086326	109.27755689409815	10.423531823193748	33.727878004373665	-0.0	-0.0	80.56504896355752
4.888297704751581	108.97152388220466	10.086216825681877	35.45853981987868	-0.0	375.8490982305956	80.26169467874894
3.419802198941592	108.64111366965552	9.744452011037508	38.34122191555583	-0.0	473.6317693093326	79.96168380845405
3.0300081027982335	108.33584149634339	9.414914650647868	41.60016205596467	-0.0	491.1586896560344	79.66205150566138
3.1909499130787453	108.00964672360674	9.113561479832532	44.818998261574905	-0.0	474.42804808971266	79.36532276796005
3.346376434787168	107.70479868947223	8.842952726802281	47.927528695743355	-0.0	457.9951365085829	79.06924030332888
3.496339855752743	107.38285737728536	8.602476090059902	50.92679711505486	-0.0	441.64649559413846	78.77563360222732
3.640863664492414	107.07849607805372	8.391456188746997	53.81727328984827	-0.0	425.3626157327998	78.48284017034997
3.7799695872288046	106.76069422520155	8.209136978732273	56.59939174457609	-0.0	409.14524184075367	78.19216930117285
3.91368050862774	106.45692971640572	8.054659566052187	59.273610172554804	-0.0	392.99880740231924	77.90241982906379
4.042020924663701	106.14295110176579	7.927032647454695	61.840418493274015	-0.0	376.9284850816687	77.61450578945937
4.165017157372038	105.84012827104412	7.825093132242028	64.30034314744076	-0.0	360.9400882951306	77.3275695976326
4.282697578151312	105.52964243358691	7.747454268284997	66.65395156302625	-0.0	345.04007119268664	77.04224355483996
4.395092838718825	105.22796728687493	7.692439788058467	68.9018567743765	-0.0	329.235695382785	76.75791690781553
4.5022361602575796	104.92071802268968	7.658007397282318	71.0447232051516	-0.0	313.5351404079759	76.47502007501107
4.604163662677154	104.62045309745983	7.641678687616973	73.08327325354308	-0.0	297.94762459258135	76.19312529054818
4.700914739941355	104.31621422872702	7.640520217318918	75.0182947988271	-0.0	282.483623921493	75.91252271966478
4.792532514235578	104.01744750510842	7.651252958594996	76.85065028471156	-0.0	267.1550708992379	75.63292151489154
4.879064363883775	103.71608184614865	7.67055154123645	78.5812872776755	-0.0	251.9755924030571	75.35451085414525
4.960562542809749	103.41895922632479	7.6954652210982335	80.21125085619497	-0.0	236.96085671244577	75.07710629242874
5.0370849155831365	103.12027129954859	7.723740058180075	81.74169831166273	-0.0	222.1290088899747	74.80082684340283
5.108695861514659	102.82494278489183	7.753877262480246	83.17391723029317	-0.0	207.500979693424	74.52556102103625
5.175467313330006	102.5287896259072	7.784982026530015	84.50934626660012	-0.0	193.10118441588045	74.25138057685331
5.237479993995467	102.23533883188148	7.816557471318357	85.74959987990933	-0.0	178.9584215966822	73.97822114541758
5.294825051063291	101.94160928639678	7.848339532462422	86.8965010212658	-0.0	165.10596229387403	73.70612055518407
5.3476056887557935	101.65009696281146	7.880191413724925	87.95211377511586	-0.0	151.58386354444286	73.43504474965388
5.395939651320058	101.35871124438214	7.912043233234483	88.91879302640115	-0.0	138.43820036482322	73.16500781049366
5.439961365327795	101.06918123186041	7.943859619719846	89.79922730655589	-0.0	125.72537923479452	72.89599683609063
5.479825672660733	100.78005452223877	7.97562276483829	90.59651345321467	-0.0	113.50896954208166	72.62800885616485
5.5157104690251755	100.49253737388106	8.007323762950294	91.3142093805035	-0.0	101.86626788301578	72.3610446999208
5.547821172358982	100.20563439872736	8.038958189294341	91.95642344717963	-0.0	90.88415595747367	72.09509012507456
5.576394237530617	99.92013805658277	8.07052387389961	92.52788475061234	-0.0	80.65935379147345	71.83015579480535
5.6016994713991615	99.63543354788672	8.102019777606273	93.03398942798323	-0.0	71.29933782465959	71.56621844735719
5.624042372660902	99.35195941230411	8.13344542700743	93.48084745321805	-0.0	62.90612974237303	71.3032976126471
5.6437609348313655	99.06940318979656	8.164800631951938	93.87521869662731	-0.0	55.56767086528434	71.04136284249532
5.661217602789693	98.78792602263744	8.196085343664853	94.22435205579386	-0.0	49.34119650827896	70.78044034070494
5.676785282166278	98.50751745326377	8.227299583945591	94.53570564332556	-0.0	44.233273088762104	70.52049195105376
5.690828583298458	98.2280541335921	8.258443409817499	94.81657166596916	-0.0	40.18294193175409	70.2615505176248
5.703682237045778	97.94976690153005	8.289516895990726	95.07364474091555	-0.0	37.072692169287485	70.00357289593737
5.715634811271462	97.6722593213671	8.320520126068418	95.31269622542924	-0.0	34.74736313272176	69.74659865231146
5.726920220923614	97.39608215792451	8.351453188253242	95.53840441847228	-0.0	33.043709454293726	69.49057699954679
5.737719046087647	97.12054187091942	8.38231617309999	95.75438092175294	-0.0	31.805766006492828	69.2355530319374
5.748164423260434	96.84648600539322	8.41310917253363	95.96328846520868	-0.0	30.903603845141138	68.98147071147865
5.758351091014361	96.57287948483746	8.443832279257117	96.1670218202872	-0.0	30.238935124867243	68.7283821868825
5.768345183510514	96.30087754746408	8.474485586553476	96.36690367021028	-0.0	29.73790335461505	68.47622668109386
5.778191981890974	96.02923267952355	8.505069188076133	96.56383963781948	-0.0	29.348069315320394	68.22505552597083
5.787922120881361	95.75930134223405	8.535583177898868	96.75844241762721	-0.0	29.033185723840266	67.97481172773352
5.797556198176603	95.4895717526853	8.566027650272773	96.95112396353205	-0.0	28.768426711112607	67.72554455292801
5.807107979982558	95.22161789303006	8.59640269985169	97.14215959965114	-0.0	28.53723009484664	67.47719908356584
5.8165866745533865	94.95389217967694	8.626708421558778	97.33173349106772	-0.0	28.328500763518743	67.22981751488102
5.8259984577411785	94.68788401621177	8.656944910527407	97.51996915482356	-0.0	28.134831285332773	66.98335540803232
5.835347488849298	94.4221620387305	8.687112262199218	97.70694977698597	-0.0	27.95136622392122	66.73784421029313
5.84463659655531	94.15804985916306	8.717210572358159	97.8927319311062	-0.0	27.77495623486202	66.49325320928534
5.85386775078655	93.89428248168132	8.747239936878934	98.077355015731	-0.0	27.60343163468791	66.24959920677718
5.8630423418606	93.63206027698237	8.777200451999558	98.260846837212	-0.0	27.435423351042267	66.00686271029535
5.872161382014863	93.37030315876562	8.807092214254313	98.44322764029724	-0.0	27.270075117653608	65.76504898839715
5.881225647333353	93.10993998451036	8.836915320317894	98.62451294666705	-0.0	27.106761231444143	65.52415307653162
5.890235750057838	92.85014757550786	8.866669867173716	98.80471500115675	-0.0	26.945097875653616	65.28416767757093
5.899192197049265	92.59161949303059	8.896355952041155	98.9838439409853	-0.0	26.784841474724576	65.0450973940227
5.908095427449801	92.3338100364548	8.925973672383481	99.16190854899601	-0.0	26.625828838589662	64.80692450218288
5.916945835275552	92.07710140359218	8.955523125896558	99.33891670551102	-0.0	26.467954226112006	64.56966520042488
5.925743786665151	91.82122771794364	8.98500441049237	99.514875733303	-0.0	26.311129341863456	64.33329257728381
5.93448962363717	91.56629716799229	9.014417624350171	99.68979247274338	-0.0	26.15533287249472	64.09783164964456
5.943183682401628	91.31244523061731	9.043762865818643	99.86367364803256	-0.0	26.000482020334598	63.86324081539693
5.951826279036996	91.05926717846958	9.073040233551557	100.0365255807399	-0.0	25.846611983525708	63.629563273226005
5.960417731458417	90.80732248643194	9.102249826362172	100.20835462916834	-0.0	25.693680113203566	63.39674534129176
5.9689583513968945	90.5559344751152	9.131391743282704	100.37916702793788	-0.0	25.541659888060117	63.164835552053205
5.977448444189372	90.30589798935246	9.160466083590151	100.54896888378744	-0.0	25.39055368521345	62.93377628933211
5.985888312210039	90.05630051986623	9.189472946765944	100.71776624420077	-0.0	25.240364737664606	62.70361887288593
5.9942782566429615	89.80814815980146	9.218412432490041	100.88556513285923	-0.0	25.091082576041803	62.47430539893931
6.0026172158764926	89.560273087563	9.247273985964883	101.05234431752984	-0.0	24.957951234821362	62.245888177047775
6.011135238168631	89.31399405849976	9.298721777594064	101.2227047633726	-0.0	27.924644192138686	62.018303964339545
6.021835364173448	89.0679188136189	9.460340805435091	101.43670728346896	-0.0	36.05539567604727	61.79152508203947
6.035160404423297	88.82345448960513	9.7218349811151	101.70320808846593	-0.0	43.616921748082866	61.56532192510621
6.050813397241864	88.57916163775859	10.061004346462369	102.01626794483727	-0.0	50.093413071857576	61.33958993159848
6.068390123963401	88.33646793403486	10.449684103639566	102.36780247926802	-0.0	55.2758632753323	61.114173553182525
6.087450734064993	88.09398688837655	10.855459616494224	102.74901468129985	-0.0	58.82176698147496	60.8890596953057
6.107470274732764	87.85308485270099	11.244944967230047	103.14940549465527	-0.0	60.98745877699499	60.664176527504566
6.127951251286584	87.61241306533272	11.5872235362828	103.55902502573167	-0.0	61.56977510983249	60.43960262468462
6.148367899139487	87.37323490113006	11.856862110584407	103.96735798278972	-0.0	60.60716750416259	60.21540527049094
6.168196890834164	87.13438849571052	12.03611513339203	104.36393781668326	-0.0	58.14901542398951	59.99171953123452
6.186949467864507	86.89694808601628	12.116113634413047	104.73898935729014	-0.0	54.0265741892996	59.76868335338922
6.204155653982049	86.65993162227797	12.097024806790765	105.08311307964098	-0.0	48.06621512318737	59.546463565943185
6.219099422470339	86.42418509244295	11.987364668683988	105.38198844940676	-0.0	41.33978701066136	59.32519447370398
6.230771212795042	86.18897593315151	11.802857257650603	105.61542425590083	-0.0	36.07616520688859	59.10501943416208
6.241097299135188	85.95493230843077	11.565602271479186	105.82194598270375	-0.0	20.23126900124955	58.88605683771155
6.3894707906170725	85.72151797656606	11.308989999638655	105.87365683188006	-0.0	-0.0	58.668352383078755
7.336555160125125	85.48913400010052	11.110168237040156	105.87373111885381	-0.0	-0.0	58.45190736522081
9.159963479333296	85.25750712057884	10.841681725375347	105.87373111885381	-0.0	-0.0	58.23666724569616
11.850813158129304	85.026791759716	10.50012589250886	105.87373111885381	-0.0	-0.0	58.02275602536559
15.395990300342447	84.796906270554	10.107588793897339	105.87373111885381	-0.0	-0.0	57.81025652517369
19.77821743212151	84.56780307702672	9.689232534025033	105.87373111885381	-0.0	-0.0	57.59926199478971
24.976137703964284	84.33965922149386	9.272061602442273	105.87373111885381	-0.0	-0.0	57.389754977906065
30.964418973653558	84.11218034962572	8.883581669258025	105.87373111885381	-0.0	-0.0	57.18175212974974
37.71387726281085	83.88576360313057	8.550395586369103	105.87373111885381	-0.0	-0.0	56.97515742738043
45.19161898547712	83.65981235029203	8.296788957181132	105.87373111885381	-0.0	-0.0	56.76990388809209
53.36120125546752	83.43506822959748	8.143365717594033	105.87373111885381	-0.0	-0.0	56.56580498050232
62.182809491354234	83.21076575059084	8.10580317403706	105.87373111885381	-0.0	-0.0	56.362727987709945
71.61345145339016	82.98759646252608	8.172299816007843	105.87373111885381	-0.0	-0.0	56.16044926027852
81.60716676686997	82.76493588498448	8.249811681755055	105.87373111885381	-0.0	-0.0	55.95887246002427
91.04507938419788	89.47440975741785	8.326880201412576	104.64196278374679	375.97907709100355	-0.0	55.965627598330755
97.90912506191628	90.45110958726893	8.403508713847268	100.55500740507237	819.2810218223426	-0.0	57.60794763410045
102.07789362924704	91.59425960546872	8.479703042754492	94.42254837301063	971.353211833908	-0.0	60.72982427566171
104.82989947669256	94.7449820621689	8.555471346699683	87.97128405017776	952.7027696543813	-0.0	64.12037031545928
106.72199201465455	97.78916585777665	8.630822323077293	81.79191725887235	896.6350172277517	-0.0	67.38052931737215
108.0076160379958	100.5600405118689	8.705764420374297	76.06278747420356	818.7073942205608	-0.0	70.39889329613248
108.94435527189887	103.04555171784031	8.78030561996978	70.89942253106243	728.6235789934817	-0.0	73.10103023180118
109.74479833297585	105.23188268142398	8.854453314031167	66.34705124327276	637.3087231787023	-0.0	75.45299446433005
110.54089254011205	107.1434895706803	8.928214251149551	62.385228942978905	552.9613614429653	-0.0	77.45856595798081
111.37728529570418	108.80030995750127	9.001594546436577	58.94667750479659	481.5888084645056	-0.0	79.15179435429151
112.22585086618975	110.22961177243776	9.074599742065402	55.939908004907764	423.8649766584617	-0.0	80.58379849051492
113.03046957364373	111.4559286811187	9.14723489618969	53.277974364302366	376.4421341019785	-0.0	81.80677708758306
113.75531698675933	112.47996854986904	9.219504673479676	50.89925129499824	338.79397769164297	-0.0	82.86121220234969
114.38552746655023	113.3662498477816	9.29141341637568	48.76177682878579	302.8778395478553	-0.0	83.77235634462755
114.93840391512255	114.1082963890604	9.362965191263152	46.84340998704313	273.3307105789496	-0.0	84.55556016539822
115.4169999740722	114.75794324064091	9.434163817575293	45.119855052973946	243.54692773429858	-0.0	85.22317604733097
115.82944433042425	115.29292999891912	9.505012891044666	43.572407419557244	219.7414158402139	-0.0	85.78767134643307
116.17151376842685	115.7378594913854	9.575515806340555	42.18076321937017	197.55729531893016	-0.0	86.26058959273769
116.44781417524035	116.09615149435001	9.645675777940395	40.93064296931313	177.9034605625501	-0.0	86.65108985992069
116.66509760536805	116.37427504438718	9.71549585705696	39.81058454637165	161.78390058432387	-0.0	86.96624326019773
116.82535651842213	116.58909271342466	9.784978945026818	38.809288032663574	145.82092596665169	-0.0	87.21226392299815
116.9294645574611	116.75038726855057	9.85412780502013	37.91674346290234	126.95257382955286	-0.0	87.39495189376399
116.97396518094926	116.84265084705092	9.922945072966689	37.12304131872985	108.7119590976589	-0.0	87.52072453310375
116.98562543946545	116.87832877063285	9.991433268727292	36.42886104278951	98.26851069866838	-0.0	87.59114313491735
116.94350488487522	116.87635266054056	10.05959480066604	35.821091893211054	77.74123867111756	-0.0	87.61028289991465
116.85691025879203	116.8003488804048	10.127431972958975	35.29702199338142	71.34790855274349	-0.0	87.58356515635377
116.73753498213767	116.66102712950122	10.194946994990588	34.85536951480425	82.98015869640645	-0.0	87.512163693024
116.6178626736818	116.5582908027818	10.262141982674592	34.50156070036744	73.22204846219542	-0.0	87.38856686490466
116.40317972953439	116.37656075882747	10.329018953093502	34.204946712583656	48.94596371124813	-0.0	87.22993763287022
116.1063246387602	116.07164646749952	10.39557984759049	33.967046511266105	55.86622784349402	-0.0	87.04518405117413
115.7897988694553	115.79836744778667	10.461826545718992	33.80395603295993	-0.0	-0.0	86.81953367204696
115.33219808198861	115.47893654483029	10.527760846170453	33.7196673325763	-0.0	-0.0	86.54968625116419
114.14616638830678	115.28396598072435	10.593384459338369	33.7196673325763	-0.0	-0.0	86.2290450844463
111.88792899830827	114.83926820701214	10.658699003726639	33.7196673325763	-0.0	-0.0	85.89948355038844
108.6014544911031	114.56670252548184	10.723706068664255	33.7196673325763	-0.0	-0.0	85.5788324352565
104.35073153990366	114.18729897098865	10.78840724132573	33.7196673325763	-0.0	-0.0	85.25141878775861
99.21852303277728	113.86892642982647	10.852804092900099	33.7196673325763	-0.0	-0.0	84.93312599161564
93.30475465371237	113.52874697429702	10.916898192455546	33.7196673325763	-0.0	-0.0	84.6083715953831
86.72456929864414	113.18578867663545	10.980691093827117	33.7196673325763	-0.0	-0.0	84.29207852550209
79.60608520778179	112.86763224401696	11.044184348014216	33.7196673325763	-0.0	-0.0	83.97019610122753
72.08790146387857	112.51371097563849	11.107379491825228	33.7196673325763	-0.0	-0.0	83.65574402853258
64.3163994253329	112.20686190692227	11.170278058351032	33.7196673325763	-0.0	-0.0	83.33678975753341
56.44289263593689	111.85034923141762	11.23288156759862	33.7196673325763	-0.0	-0.0	83.02413811953988
48.620680703475216	111.54830314845465	11.295191534981095	33.7196673325763	-0.0	-0.0	82.70808177832765
41.00206450902062	111.19407011006312	11.357209463874307	33.7196673325763	-0.0	-0.0	82.39725342834262
33.73538086178831	110.89319740844392	11.418936852277959	33.7196673325763	-0.0	-0.0	82.08401950107074
26.962114335654984	110.54381468133462	11.42641864575325	33.7196673325763	-0.0	-0.0	81.7750740906459
20.814142520818606	110.24232432255057	11.262135898654824	33.7196673325763	-0.0	-0.0	81.46474953809594
15.411168326430147	109.89889911062967	11.022217988715509	33.7196673325763	-0.0	-0.0	81.15830433523072
10.85838932797381	109.59615812239124	10.73467490329879	33.7196673325763	-0.0	-0.0	80.85150043209265
7.242308823752236	109.25889586094307	10.415361681143573	33.7084504177357	-0.0	53.696739312674815	80.54811475978501
4.836808082308122	108.9548631454762	10.077766147357586	35.49147433301286	-0.0	379.9221653291956	80.24502424675768
3.394050547450435	108.62355707087127	9.736097213464827	38.39208589719853	-0.0	475.192232916763	79.94491631362776
3.0327483669590873	108.31859029978551	9.40711590436089	41.654967339181745	-0.0	490.88845963881437	79.64553606488127
3.1936027106207483	107.99274550782877	9.10654505058588	44.872054212414966	-0.0	474.17380893943243	79.34872598859955
3.348944958972483	107.68729924569622	8.836703012629666	47.97889917944966	-0.0	457.7432799583965	79.05287067830689
3.4988245861462843	107.36636524069861	8.59697683785636	50.97649172292568	-0.0	441.3956260418884	78.75920291418264
3.6432649057254096	107.06096644887936	8.386689337817801	53.865298114508185	-0.0	425.1126349861623	78.46660942585285
3.782287642482717	106.74440062611608	8.205082176678054	56.645752849654336	-0.0	408.8962009023454	78.17589947502702
3.915915702949025	106.43948659112618	8.051293525227534	59.31831405898049	-0.0	392.7507844005176	77.88632252798213
4.044173609023096	106.12681187526594	7.924328285738422	61.8834721804619	-0.0	376.6815569411316	77.59838866283383
4.167087711994054	105.82280959876765	7.823018429853188	64.34175423988108	-0.0	360.6943358698266	77.3116031795895
4.284686413595988	105.5135981340876	7.745970794929123	66.69372827191977	-0.0	344.7956050405014	77.02627196499756
4.397000402166975	105.21083176307512	7.691500876157126	68.94000804333949	-0.0	328.9926267974217	76.7420765819437
4.504062939056682	104.90476283805856	7.657556194927783	71.08125878113366	-0.0	313.2936000555133	76.45918763264878
4.60591019025882	104.60348853626543	7.641646794560004	73.11820380517639	-0.0	297.70776399232216	76.17740875092936
4.702581603254716	104.30029731238582	7.640828514526867	75.05163206509432	-0.0	282.2455997276359	75.89682502087354
4.794120358783546	104.00070949392492	7.651816754712972	76.88240717567092	-0.0	266.91907463731803	75.61732505464659
4.880573896182183	103.70016979748428	7.671290367726196	78.61147792364365	-0.0	251.74189427967224	75.3389442857312
4.961994567665421	103.4024397377683	7.696313063465881	80.23989135330842	-0.0	236.72962539643984	75.06162900395948
5.03844031467941	103.1044164850658	7.724650419469543	81.7688062935882	-0.0	221.90055307417143	74.78538687941663
5.109975613123207	102.8086185382259	7.754821191622112	83.19951226246413	-0.0	207.2757172026583	74.51020225576197
5.176672551705161	102.51300394460527	7.785942991145707	84.53345103410321	-0.0	192.87937655287234	74.23606496331183
5.238611954123271	102.21918517622237	7.817526585302173	85.77223908246542	-0.0	178.74069285168844	73.96298119402103
5.29588516602101	101.92588685760924	7.849312132497491	86.91770332042019	-0.0	164.89284577267497	73.69092799916142
5.348595596091918	101.63410467202357	7.8811651072425875	87.97191192183836	-0.0	151.37597377229304	73.4199229867383
5.396861218078416	101.34307496516973	7.9130168034552435	88.93722436156831	-0.0	138.23634104377578	73.14993645000104
5.440816758270031	101.05333340501394	7.944832449023708	89.8163351654006	-0.0	125.53038507457337	72.88099275051036
5.480617337710778	100.76451390546633	7.976594540699519	90.61234675421557	-0.0	113.3222086376737	72.61305709236203
5.516441362407969	100.47683128323672	8.008294325566755	91.32882724815937	-0.0	101.68850519124747	72.34615750695579
5.548494553888796	100.1901940965238	8.0399274566579	91.96989107777591	-0.0	90.71732973235946	72.08025663301338
5.577013881845727	99.90457418619236	8.071491802562182	92.54027763691454	-0.0	80.50553024130416	71.81538470026807
5.602270053119471	99.62009797093262	8.102986343473358	93.04540106238942	-0.0	71.15822983045642	71.55150230543252
5.624568570486035	99.33652049009146	8.134410615897526	93.4913714097207	-0.0	62.781090618428095	71.28864226179445
5.64424783054461	99.05418608112747	8.165764434505485	93.88495661089219	-0.0	55.46246360060478	71.02676222600367
5.661671760540346	98.77260012745673	8.197047752947999	94.23343521080693	-0.0	49.24999868761752	70.76590007306967
5.677212089137094	98.49240961810669	8.228260594324151	94.54424178274188	-0.0	44.15849555793272	70.50600651355857
5.691233388688404	98.21285080637591	8.25940301629753	94.82466777376807	-0.0	40.12427416814069	70.24712398493351
5.7040697864769445	97.93475695928808	8.290475093933225	95.08139572953888	-0.0	37.02924006048942	69.98920213297392
5.7160094741496685	97.6571892200486	8.321476911017648	95.32018948299337	-0.0	34.71425372874438	69.73228470284339
5.727285264017655	97.3811750757689	8.35240855587618	95.54570528035309	-0.0	33.01815711304931	69.47631962570043
5.738076880920376	97.10561821350268	8.383270119163255	95.76153761840752	-0.0	31.785788902388834	69.22134965470816
5.748516627537646	96.83165872169606	8.414061692897784	95.97033255075291	-0.0	30.88921466651617	68.96732666510286
5.75869902908524	96.55807811036051	8.444783369816241	96.1739805817048	-0.0	30.2277751873897	68.71429030647789
5.768689749753974	96.28614800973394	8.475435243246924	96.37379499507946	-0.0	29.728758283032107	68.46219388606697
5.77853376587671	96.0145800200227	8.506017406910463	96.5706753175342	-0.0	29.34028543019585	68.21107301792169
5.788261506529756	95.74463659520853	8.536529954943298	96.76523013059513	-0.0	29.02646225639842	67.9608907807757
5.797893461849016	95.47503954906114	8.566972981650284	96.95786923698032	-0.0	28.762399503896123	67.71167153415458
5.80744330901205	95.20706980695205	8.597346581725862	97.14886618024099	-0.0	28.53164924043415	67.46338634132718
5.816920198326209	94.93949418971114	8.627650850095442	97.33840396652418	-0.0	28.32317908439678	67.21605204883838
5.8263302516830695	94.67341978314566	8.657885882062251	97.52660503366138	-0.0	28.129762000384016	66.96965331027445
5.83567761542682	94.40786960702722	8.68805177303291	97.71355230853639	-0.0	27.946456512088925	66.72418736277795
5.844965100802325	94.14367390427546	8.718148618813142	97.89930201604649	-0.0	27.77013573994505	66.47965791986736
5.854194662466169	93.8801304548519	8.748176515383447	98.08389324932337	-0.0	27.59868021192467	66.23604839975124
5.86336768019801	93.61777351963596	8.778135559057105	98.26735360396019	-0.0	27.430761466760288	65.99337477565294
5.872485170155129	93.3562787600967	8.808025846321037	98.44970340310257	-0.0	27.265443407326472	65.75160453250948
5.8815478985542	93.09575076026309	8.837847473974866	98.630957971084	-0.0	27.1021688190764	65.51077015836567
5.890556476325349	92.83624635882127	8.867600539034912	98.81112952650697	-0.0	26.940549411306296	65.27082792268808
5.899511411243388	92.57751723348625	8.89728513874649	98.99022822486776	-0.0	26.78031992754183	65.03181918791067
5.908413138932552	92.31999087307929	8.926901370652764	99.16826277865103	-0.0	26.621344165908205	64.7936910148009
5.917262054260037	92.06308675367688	8.956449332465814	99.34524108520074	-0.0	26.46350284163385	64.55649163066684
5.926058524386512	91.80754346102793	8.985929122152324	99.52117048773023	-0.0	26.306693203770887	64.32016223131772
5.934802889205657	91.5524423677457	9.015340837938368	99.69605778411314	-0.0	26.150912841028326	64.08475770546495
5.943495481171833	91.29879805919637	9.044684578255733	99.86990962343664	-0.0	25.996114783926526	63.85021625590235
5.952136623265406	91.04552656105108	9.073960441744898	100.0427324653081	-0.0	25.84226345663833	63.61659151809289
5.960726630663132	90.79377246213278	9.103168527280738	100.21453261326263	-0.0	25.68934274324945	63.38382344990845
5.969265812129765	90.54233027678903	9.132308933966213	100.3853162425953	-0.0	25.53735505501788	63.151963544994416
5.977754474369823	90.29243623527192	9.16138176111336	100.55508948739646	-0.0	25.386288207850022	62.92095620362578
5.986192922237895	90.04278147812494	9.190387108244298	100.7238584447579	-0.0	25.236119810615502	62.69084814648993
5.994581456376591	89.79475348412863	9.219325075061285	100.89162912753181	-0.0	25.08684405805175	62.46158666261473
6.002920067698919	89.54692126572654	9.24819742129721	101.05840135397837	-0.0	24.941538396167523	62.233214953605085
6.011463558697676	89.30068825186792	9.301549343445773	101.2292711739535	-0.0	28.103982452543757	62.00568477933474
6.02222045367375	89.05466751004143	9.465917330042762	101.44440907347499	-0.0	36.23744460731903	61.778946519352694
6.0356019973376736	88.81021770408871	9.72965952454832	101.71203994675346	-0.0	43.895586580825416	61.55278478286638
6.0513099611059324	88.5660454013348	10.070444043665402	102.02619922211865	-0.0	50.36167433310589	61.327080154607664
6.06895153215702	88.32333526560735	10.459968443053082	102.3790306431404	-0.0	55.269321839212814	61.10171987926787
6.088032825623657	88.08097307165507	10.865751527263058	102.76065651247313	-0.0	58.89315443658844	60.876629158004576
6.1080689540776305	87.84001585603153	11.254427197719266	103.16137908155261	-0.0	61.036194249065616	60.65177992932605
6.128555705489154	87.5995047737014	11.595181246894159	103.57111410978307	-0.0	61.57446929693809	60.4272389204287
6.1489640636799	87.36026071690779	11.862749124682795	103.97928127359799	-0.0	60.57686263288841	60.20308643710136
6.168773749756799	87.1215853124242	12.039596560400325	104.37547499513596	-0.0	58.067672622793175	59.97943710378486
6.1875166191381545	86.88406294982266	12.117082246274512	104.75033238276308	-0.0	53.770833560236674	59.756454007816416
6.204572624590146	86.647233637204	12.095593151372926	105.09145249180291	-0.0	48.31738663152534	59.53427070699868
6.219540762217995	86.41138941703915	11.983840155157456	105.39081524435989	-0.0	41.142768454733435	59.31306337413902
6.231182621080958	86.17637806292484	11.797713283707145	105.62365242161916	-0.0	35.550921928852226	59.09293863056387
6.241313606461853	85.94224166249455	11.559474030324509	105.82627212923705	-0.0	20.182581497147115	58.87403850633838
6.402550405901719	85.70900381599398	11.303303576800822	105.8761553035853	-0.0	-0.0	58.656387693421195
7.3716390018639775	85.47655588381753	11.123763003807367	105.8762104353383	-0.0	-0.0	58.43999563495105
9.216902990778626	85.24508024354283	10.852362812884904	105.8762104353383	-0.0	-0.0	58.22477840346806
11.929352291022596	85.01430711728618	10.50829304311781	105.8762104353383	-0.0	-0.0	58.01090003770103
15.495767740341163	84.78460298084738	10.113778493210765	105.8762104353383	-0.0	-0.0	57.79842189735754
19.8987683596806	84.5553847932405	9.69409121016699	105.8762104353383	-0.0	-0.0	57.58747957165383
25.11689605963158	84.32745027662666	9.276313135702209	105.8762104353383	-0.0	-0.0	57.37801399603137
31.124720216779213	84.09985749060048	8.887990388332742	105.8762104353383	-0.0	-0.0	57.170055352975446
37.89296161018795	83.87360501088044	8.55572612866571	105.8762104353383	-0.0	-0.0	56.96349831798695
45.38863511415921	83.6476100050709	8.303764605389013	105.8762104353383	-0.0	-0.0	56.75828061285708
53.57521045170356	83.42299629166777	8.152627128398011	105.8762104353383	-0.0	-0.0	56.55421730390848
62.41279022542422	83.19867654242194	8.117869716190622	105.8762104353383	-0.0	-0.0	56.35117057906575
71.85830435805059	82.9755993228563	8.185592803993746	105.8762104353383	-0.0	-0.0	56.14891940393683
81.87113507736294	82.6656060660838	8.263036586712442	105.88323335314216	-0.0	-0.0	55.947380713031095
91.24939441878756	89.5670645073652	8.340037479584371	104.5715202172197	389.11398333651823	-0.0	55.97895977115361
98.03198102192182	90.43569556412899	8.416598862720427	100.4087983461967	826.8407895123189	-0.0	57.67425193845103
102.15257637718892	91.66308051549453	8.492726636164345	94.25381490245339	971.6247359719159	-0.0	60.813410218318545
104.88074535508399	94.82305046264779	8.56842898738983	87.80765754874032	951.4160710852315	-0.0	64.20194851076569
106.75553649211831	97.85832010751288	8.643714608139678	81.63885966404567	894.8460619651229	-0.0	67.4565970309588
108.03023648818687	100.62024753007704	8.71859193341216	75.92364943903733	816.6388468777892	-0.0	70.4673724305387
108.96174655620479	103.09700589878769	8.793068927681976	70.77583506274047	726.5167989575596	-0.0	73.16064616357735
109.75975905053771	105.28358046807044	8.867152964281386	66.23823117552458	634.7094393673804	-0.0	75.50342708650072
110.55786244397663	107.18178965672912	8.940850772677603	62.2913158751725	551.2227778786684	-0.0	77.50061304745296
111.39289817384515	108.84585045197159	9.014168449959083	58.86366640963996	478.78418412539605	-0.0	79.18650141289307
112.24092564093412	110.27008992617826	9.087111522360486	55.86661537643563	421.1593692748955	-0.0	80.61262132900471
113.0475362726029	111.4705242570071	9.159685034503717	53.214272229154844	376.73741704749983	-0.0	81.83094012430495
113.76769496791074	112.50323179490628	9.231893639640871	50.84100333190753	337.3450541662071	-0.0	82.88147606187081
114.39837545975129	113.37232126144967	9.303741670273494	48.710456009129416	303.8830002602087	-0.0	83.7892238601591
114.9476624896071	114.12030162159425	9.375233183759448	46.79659318162755	272.8781378585616	-0.0	84.56934465494176
115.42475411846365	114.76630022097403	9.446371991145844	45.07781160858423	243.4355166652269	-0.0	85.2341963167236
115.8338389113773	115.30628989671588	9.517161680373336	43.53393128426009	217.89770838521358	-0.0	85.79623829363301
116.1740781704565	115.74930211664898	9.58760563889885	42.14600906641719	195.52453769968818	-0.0	86.26696898787549
116.44844158595355	116.1069686622279	9.657707074486025	40.89920091897498	175.30705386637524	-0.0	86.65548201606858
116.66637096687133	116.37443988827708	9.727469032027084	39.78300143512279	162.09194018667958	-0.0	86.96881269783185
116.82530878098945	116.58748501230492	9.796894406865805	38.78460076476644	146.30153513072545	-0.0	87.21316398500032
116.92790865250093	116.7479039488647	9.865985956482717	37.89464946871856	127.28088358925146	-0.0	87.3943240577131
116.97900687703977	116.84145903363532	9.934746311329727	37.10585889643818	111.26232923321503	-0.0	87.51765531549309
116.97462437344801	116.86781117460484	10.003177984659109	36.40940088013498	98.04686581367768	-0.0	87.58802144493835
116.92859463850665	116.85052110212557	10.071283382022115	35.80300239958736	83.82492633040309	-0.0	87.60854360046388
116.85311811548218	116.80362225602902	10.13906480615693	35.28463725553387	66.74299476937159	-0.0	87.57771887636302
116.69159089990616	116.48746717123899	10.206524458928138	34.83290765171343	135.54016223999923	-0.0	87.51473724910586
116.56756941604114	116.47144227426445	10.273664465372955	34.48010752862126	93.01313219057931	-0.0	87.39435473665418
116.42153502226175	116.42660619695042	10.340486843191867	34.20541945809824	-0.0	-0.0	87.21708253498883
116.11957809643803	116.11335660135906	10.406993504947883	33.968057447003204	23.66293635852842	-0.0	87.02729626801944
115.75956717424346	115.75954196143427	10.473186319042277	33.79451858342918	1.5063707469407857	-0.0	86.8108895537471
115.32621959101208	115.32968507322643	10.53906709389121	33.72263713154528	-0.0	-0.0	86.54221160035746
114.11290300201486	115.38817386110162	10.604637538004898	33.72263713154528	-0.0	-0.0	86.20913408678445
111.82813100075145	114.71985685413013	10.669899254040926	33.72263713154528	-0.0	-0.0	85.88870989182494
108.51638880340704	114.64338091990886	10.734853835334727	33.72263713154528	-0.0	-0.0	85.5605203069353
104.24215705291779	114.09338638293558	10.799502861419311	33.72263713154528	-0.0	-0.0	85.23941327218904
99.08865636093799	113.92266633806274	10.863847905568248	33.72263713154528	-0.0	-0.0	84.91602792289271
93.15622697685401	113.45570072908315	10.927890531031387	33.72263713154528	-0.0	-0.0	84.5954966238666
86.56037513214828	113.22111641461164	10.991632292247274	33.72263713154528	-0.0	-0.0	84.275875074144
79.42952409840274	112.8110838193658	11.055074735698827	33.72263713154528	-0.0	-0.0	83.95673145722009
71.90251374658129	112.53481327315868	11.118219397768321	33.72263713154528	-0.0	-0.0	83.64019092684161
64.12589729185171	112.16292326876233	11.18106780794003	33.72263713154528	-0.0	-0.0	83.32294637287494
56.25108785727616	111.8607413187556	11.243621485101908	33.72263713154528	-0.0	-0.0	83.00905429672164
48.43141041353058	111.5138120660415	11.305881941681905	33.72263713154528	-0.0	-0.0	82.69401228173744
40.81911649442645	111.19660449399447	11.367850679487594	33.72263713154528	-0.0	-0.0	82.38250828197701
33.56241981251393	110.86560695631239	11.429529193948692	33.72263713154528	-0.0	-0.0	82.0698337689828
26.80261049237949	110.54071732245302	11.430188970536728	33.72263713154528	-0.0	-0.0	81.76057736529667
20.671304108258784	110.21966959610043	11.262800046450051	33.72263713154528	-0.0	-0.0	81.45053694662613
15.287879088225782	109.8918986494708	11.021086837851383	33.72263713154528	-0.0	-0.0	81.14401896726342
10.75715237930508	109.57692281436007	10.73230051640707	33.72263713154528	-0.0	-0.0	80.83733503071517
7.171365794881949	109.24926847947314	10.412131472166122	33.74400444892272	-0.0	83.89765156407977	80.53400868946787
4.792897599926004	108.93800820826749	10.074040318522023	35.588101213353355	-0.0	383.0697352101016	80.23094580790924
3.3727601766438915	108.61221596978955	9.732269913946917	38.502369397335045	-0.0	476.2833321988207	79.93096689379406
3.038324121027979	108.30330788251366	9.403656730616877	41.766482420559576	-0.0	490.27631245414625	79.63156796716369
3.1989777252630653	107.98034564013872	9.103673053582654	44.979554505261305	-0.0	473.5771209499555	79.33491460622555
3.354121640138397	107.67305284788466	8.83440736522796	48.08243280276794	-0.0	457.149655987519	79.03902206452568
3.503803671046929	107.35335017273557	8.595245669648222	51.07607342093858	-0.0	440.8038357588286	78.74551578919593
3.648046994385484	107.04737121414605	8.38550942371052	53.96093988770968	-0.0	424.5226646662515	78.45288301382377
3.7868733624372504	106.73108794708803	8.204438567774238	56.737467248745006	-0.0	408.30818042029296	78.16232614059055
3.92030573221761	106.4263389738433	8.05116905600406	59.40611464435219	-0.0	392.164871018981	77.87271646974739
4.048368681030844	106.11335377061904	7.924702921220714	61.96737362061688	-0.0	376.0979452466308	77.58492410571937
4.171088626996998	105.80991698670496	7.823868382282639	64.42177253993995	-0.0	360.1132287553437	77.29811499198075
4.288494044777208	105.50015366222912	7.747267379492622	66.76988089554416	-0.0	344.2172308908251	77.01290997990884
4.400615704067023	105.19810579105983	7.693209099554349	69.01231408134045	-0.0	328.41724881557747	76.72870283723256
4.507486958645144	104.89140197913295	7.659633231230504	71.14973917290287	-0.0	312.72151748503967	76.44592497703648
4.609144080223389	104.59086168618714	7.644040901364545	73.18288160446778	-0.0	297.1393147009583	76.1641455834696
4.705626635638493	104.28706075173504	7.643479626401212	75.11253271276985	-0.0	281.68117393705734	75.88365931476771
4.7969779448003855	103.98817050010751	7.654660359500757	76.93955889600771	-0.0	266.35910662958344	75.60416840946992
4.883245609802556	103.6870604794523	7.674265040592342	78.6649121960511	-0.0	251.18685383646167	75.32587471466049
4.964482145363343	103.38997438176364	7.699368464186557	80.28964290726685	-0.0	236.18019385929819	75.04857549855782
5.0407457280927295	103.09145502864448	7.727750883358406	81.8149145618546	-0.0	221.3573504823921	74.7724122029089
5.112101077076447	102.79621051406545	7.757944509554445	83.24202154152893	-0.0	206.73950357944602	74.49725086669201
5.178620530072801	102.50016325770665	7.789076494435258	84.57241060145603	-0.0	192.35130953342514	74.22318575709774
5.240385345783593	102.20684061441195	7.820663362701983	85.80770691567184	-0.0	178.2214734758063	73.95012996859174
5.297487143375291	101.91318724432323	7.85244860428543	86.9497428675058	-0.0	164.38421718483485	73.67814312858451
5.350029953109488	101.62182905985254	7.88429940924683	88.00059906218976	-0.0	150.87895831053103	73.40717046895776
5.39813210666486	101.33050162622287	7.916147999007722	88.96264213329721	-0.0	137.75361701414914	73.13724605542264
5.441929283419521	101.0411366185951	7.947960058190841	89.83858566839041	-0.0	125.06312031306527	72.86833728867296
5.481577109597713	100.75207392674359	7.9797183286949105	90.63154219195425	-0.0	112.873869277825	72.60046028590281
5.5172551516970545	100.46472315023829	8.011414175822205	91.34510303394109	-0.0	101.26151557062809	72.3335979870546
5.549170139611586	100.17787727977874	8.043043314286411	91.98340279223171	-0.0	90.31500901605177	72.06775305385588
5.577560071162565	99.89255101018706	8.074603643501668	92.5512014232513	-0.0	80.13292358770055	71.80292016261828
5.602697475557792	99.60788683341953	8.106094158922824	93.05394951115584	-0.0	70.81717321998947	71.53909185032144
5.624888533059925	99.32456763617877	8.137514405030599	93.4977706611985	-0.0	62.47750034114898	71.27627323474756
5.644473537274603	99.04207006722272	8.16886420029049	93.88947074549206	-0.0	55.19618036698745	71.0144449145268
5.661815889845233	98.76076756318149	8.20014350037706	94.23631779690466	-0.0	49.029149359739144	70.7536231521178
5.677288999707819	98.48040469016318	8.231352329306766	94.54577999415636	-0.0	43.97719924973845	70.49378033532973
5.691256222563289	98.2010844933383	8.26249074526402	94.82512445126578	-0.0	39.978339119764655	70.23494058535373
5.7040499625539764	97.92284532455213	8.293558823565927	95.08099925107952	-0.0	36.915485504354464	69.97706784293979
5.715956496249174	97.64552627739566	8.324556648129516	95.31912992498347	-0.0	34.629112910855746	69.72019286011101
5.727207175513253	97.3693902599942	8.355484307323191	95.54414351026504	-0.0	32.953111721244994	69.46427450056856
5.737979574959265	97.09401820110409	8.386341891842086	95.7595914991853	-0.0	31.73523997637509	69.2093501712496
5.748404351888206	96.81996991484814	8.417129493714633	95.96808703776412	-0.0	30.849099880248158	68.95537175653762
5.758574743716266	96.54655807007786	8.447847205713654	96.1714948743253	-0.0	30.19546314655187	68.70238135723052
5.768555583801052	96.27459660781953	8.478495121172632	96.37111167602104	-0.0	29.701664182979666	68.4503267302957
5.778391163203053	96.00311427184003	8.50907333380686	96.56782326406105	-0.0	29.31677139636645	68.19925553348665
5.788111469844217	95.73318924628619	8.539581937712978	96.76222939688432	-0.0	29.00523432666176	67.94911171603687
5.797736649523136	95.46365608613729	8.570021027250867	96.95473299046272	-0.0	28.742788975462936	67.69994190292024
5.807280167666064	95.19578748344937	8.60039069716794	97.14560335332126	-0.0	28.513225441005083	67.4516940400759
5.816751045163318	94.92812817235321	8.63069104232341	97.33502090326637	-0.0	28.305561416180677	67.20441335619353
5.826155313265144	94.66225406957828	8.66092215797692	97.52310626530286	-0.0	28.112639326077044	66.95804686755571
5.835497041302116	94.39658824670147	8.691084139622106	97.70994082604231	-0.0	27.929720050427083	66.71263525442326
5.844779001168852	94.13263186554968	8.721177083075581	97.89558002337702	-0.0	27.753704042394865	66.46813862346343
5.854003122488312	93.86890544923607	8.75120108427508	98.08006244976623	-0.0	27.58248058271937	66.22458385147227
5.8631707695848965	93.60684605343246	8.781156239513678	98.26341539169792	-0.0	27.414715597173416	65.98194077821886
5.872282939093836	93.34512334289843	8.811042645357011	98.4456587818767	-0.0	27.249559913688906	65.74022584295203
5.8813403941446945	93.08492362352494	8.840860398556739	98.62680788289389	-0.0	27.08641854785861	65.49942229466987
5.890343740810384	92.82516303763116	8.870609596124215	98.80687481620768	-0.0	26.924905307639055	65.25953486448319
5.899293480308736	92.5667963372021	8.90029033534285	98.98586960617472	-0.0	26.764789246608103	65.0205565588974
5.9081900482435294	92.30901347921058	8.929902713725717	99.16380096487059	-0.0	26.605913812806303	64.78248080271626
5.917033837496472	92.05247639777735	8.95944682900634	99.34067674992943	-0.0	26.448165398112366	64.54531259553585
5.9258252129132485	91.79663470040116	8.988922779139827	99.51650425826496	-0.0	26.291454659743792	64.30903567637968
5.9345645128418685	91.54185895226317	9.018330662386541	99.69129025683736	-0.0	26.135787524539705	64.07366653535281
5.943252075322983	91.28804551536655	9.047670577109185	99.86504150645965	-0.0	25.98105605873663	63.83916953489309
5.951888214952712	91.03501684957197	9.076942622022607	100.03776429905423	-0.0	25.82730463037796	63.60558361443808
5.960473249702264	90.78311358446155	9.1061468959797	100.20946499404526	-0.0	25.67448596671572	63.37285846688549
5.9690074903210615	90.53186789199475	9.135283498063197	100.38014980642122	-0.0	25.522579774598373	63.141039900488934
5.977491241567029	90.28188218884966	9.164352527601794	100.54982483134057	-0.0	25.371590997328017	62.91007228330401
5.985924806087667	90.03242021503215	9.193354084117038	100.71849612175333	-0.0	25.221517490055188	62.680005714757876
5.994308484707035	89.78432573804048	9.222288267337348	100.88616969414069	-0.0	25.072349660466532	62.450782367269674
6.002640513544058	89.53658166357174	9.251144501958938	101.05281027088115	-0.0	24.946778404172573	62.22245595897596
6.011208322176242	89.29035535949664	9.306560881742548	101.22416644352484	-0.0	28.31231790679505	61.99496031361105
6.022045621570107	89.04440082357083	9.47367977879838	101.44091243140213	-0.0	36.397980556606434	61.76826439034884
6.035488926593698	88.80000893806438	9.739702751204112	101.70977853187395	-0.0	43.95303106895683	61.54213115479843
6.051244974970055	88.55582177848343	10.082158859128707	102.0248994994011	-0.0	50.368111066652055	61.31646549414473
6.068907847636018	88.31321943736094	10.472598032047195	102.37815695272035	-0.0	55.42381968123647	61.091111287607255
6.088020296931241	88.07083209676657	10.878465092593903	102.7604059386248	-0.0	58.95568330398237	60.86605447518011
6.1080709614558035	87.83001304972532	11.266407203900469	103.16141922911606	-0.0	61.0464059989283	60.64122582835506
6.12855708129503	87.58942795947797	11.605705980144048	103.5711416259006	-0.0	61.55137576732824	60.416717259426086
6.148956663860765	87.35035383024179	11.871259494186532	103.97913327721528	-0.0	60.48160723241162	60.19258327227624
6.168735458205191	87.11157270917442	12.045739761577092	104.37470916410382	-0.0	57.969368480189665	59.96897287644389
6.187407973680888	86.8742641327164	12.120729478943856	104.74815947361776	-0.0	53.82294698444041	59.7460128850437
6.204563737147442	86.63728673914616	12.096833435423227	105.09127474294884	-0.0	47.534297890067755	59.52388669439424
6.219368111743051	86.40168760917861	11.982957220045558	105.387362234861	-0.0	40.74491063305275	59.302709640853024
6.231641679585904	86.16651066587944	11.795158881710979	105.63283359171807	-0.0	31.573179764560763	59.08263996484316
6.238767735525565	85.93260851078679	11.55586725716167	105.7753547105113	-0.0	28.995253858944093	58.86377656260005
6.4141762951080175	85.69923530673258	11.298211383691529	105.83982629571518	-0.0	-0.0	58.64618427341658
7.404898087120974	85.46699628672762	11.104892484048046	105.83982629571518	-0.0	-0.0	58.4298359529355
9.271321282871064	85.23539317835588	10.832028372768276	105.83982629571518	-0.0	-0.0	58.21470157440684
12.004349840987913	85.00481538104631	10.487074505993336	105.83982629571518	-0.0	-0.0	58.000896351626906
15.59066430589778	84.7749540046388	10.092314234518344	105.83982629571518	-0.0	-0.0	57.78851118040987
20.012786720392874	84.54602861998893	9.673047495076109	105.83982629571518	-0.0	-0.0	57.57761926609348
25.24916580471669	84.31787329856196	9.25635184441887	105.83982629571518	-0.0	-0.0	57.3682328288207
31.274281987045033	84.09055640897401	8.86973621273491	105.83982629571518	-0.0	-0.0	57.16034312651251
38.0587717735142	83.86412622798616	8.53973436344997	105.83982629571518	-0.0	-0.0	56.953864305970335
45.56957085162447	83.63839130997378	8.290490793410191	105.83982629571518	-0.0	-0.0	56.74870445275487
53.770075229690526	83.41360944572264	8.142400002714194	105.83982629571518	-0.0	-0.0	56.54470396049896
62.620319626910685	83.1894924054875	8.11086900498193	105.83982629571518	-0.0	-0.0	56.341709920231786
72.07717224479592	82.96632156167603	8.179870615424866	105.83982629571518	-0.0	-0.0	56.13950937500114
82.09454497059741	82.74381422840409	8.25734880397474	105.83982629571518	-0.0	-0.0	55.93800486042109
91.43857357241833	89.66582331470175	8.334383848706267	104.48384567131397	399.43400355314304	-0.0	55.984848978918535
98.14784094449854	90.42052207606035	8.410979161573206	100.25599151269127	833.941663522957	-0.0	57.7247954880375
102.21853925593989	91.71476694873847	8.487140710465344	94.07773886967581	972.2857129713094	-0.0	60.88151214893186
104.91954549916572	94.88533115202281	8.562876716046048	87.63463531589186	950.3048412182596	-0.0	64.2692509066542
106.77484962869273	97.91384284129656	8.63819587158063	81.4755634395893	893.0232980531113	-0.0	67.51890469579084
108.03698144895311	100.66993017192176	8.71310660457416	75.77393927908062	814.2693749201314	-0.0	70.52221777089176
108.96230462323466	103.1404866041808	8.787616867837919	70.64183388421174	723.853315054126	-0.0	73.2066220501411
109.75964097020993	105.315513818472	8.861734020663787	66.12076133970827	632.4329558588909	-0.0	75.54023962522638
110.558720323317	107.20639453008195	8.935464777933339	62.18872138825406	549.280730948351	-0.0	77.52872664305616
111.39556984221015	108.85890274184378	9.00881522316024	58.774155800293926	477.80753346193023	-0.0	79.20713211201581
112.24345431875687	110.27615163863257	9.081790871073286	55.78737963332205	420.781702562252	-0.0	80.62716921236695
113.04569357677049	111.48597895509302	9.154396757240441	53.14197217142147	374.66560550839523	-0.0	81.84063135977702
113.76559791552054	112.50274745758475	9.226637528016026	50.776547073110514	337.12985808768383	-0.0	82.88719617304866
114.3912534927422	113.38257801453477	9.298517510500963	48.65090161574006	301.2985115108736	-0.0	83.79144666122555
114.94018146621215	114.11962949114152	9.370040757567473	46.74319900392562	271.752971936567	-0.0	84.56842665879239
115.41552689500013	114.76282621969837	9.4412110764125	45.0293615249149	242.3696779243606	-0.0	85.230462644285
115.82503797053367	115.29017227084668	9.51203205171696	43.490688919917645	219.40353910506784	-0.0	85.79001813000112
116.16419698612437	115.72821293051844	9.582507068252285	42.10691851389227	198.0872661342307	-0.0	86.25853803809612
116.43784149204356	116.08040548059546	9.65263933158631	40.86397843260423	179.35785745355315	-0.0	86.64505127137755
116.64726933837774	116.37590125529265	9.722431884795201	39.74867905721999	156.27900523633494	-0.0	86.95655520984612
116.80362875276495	116.59181366971792	9.791887621719955	38.752941792906775	138.07011796269518	-0.0	87.19924407137064
116.90776419739653	116.73878844057471	9.861009298625945	37.866717720594366	123.31998262229862	-0.0	87.37889064508936
116.95765497717541	116.82555107373447	9.929799545023403	37.080531043579356	109.03830203045247	-0.0	87.50095612361989
116.9569937447383	116.86998948791258	9.99826087363829	36.38798454879354	88.4894519946585	-0.0	87.56921220069724
116.9154704949135	116.83627523064996	10.066395687921766	35.78551253717489	84.42495948307696	-0.0	87.58718014678114
116.82799549883357	116.7728904146673	10.134206288618357	35.26599990444086	70.42341638236839	-0.0	87.55754372351318
116.67114755405129	116.62433518207729	10.201694879939357	34.81796276808709	64.90850081198865	-0.0	87.48841231861591
116.55992209588753	116.53724683439223	10.268863579128741	34.47106476386128	45.174921522637845	-0.0	87.36322168597148
116.37698923012758	116.37552254551605	10.335714399438134	34.18784826435809	11.489195578351389	-0.0	87.19578802933685
116.06929404939972	116.07651013964544	10.402249268354398	33.95092317957503	-0.0	-0.0	87.008338755012
115.74375940274373	115.7371399515591	10.46847005974141	33.789252610151856	24.40800292152151	-0.0	86.78502632711694
115.28928908487838	115.34458638742518	10.534378573938973	33.71694358596928	-0.0	-0.0	86.51312067043841
114.04902587548297	115.32139703072973	10.59997651650321	33.71694358596928	-0.0	-0.0	86.184148067967
111.73835419340901	114.72637741352699	10.665265495438554	33.71694358596928	-0.0	-0.0	85.86056709775069
108.40226352962486	114.58502943815776	10.730247103577947	33.71694358596928	-0.0	-0.0	85.53524595631795
104.10570859921872	114.09239780615128	10.794922924251066	33.71694358596928	-0.0	-0.0	85.2119524514893
98.93234465305812	113.87169708286213	10.859294530917518	33.71694358596928	-0.0	-0.0	84.89059128685946
92.9828986842127	113.44834950597932	10.923363489971447	33.71694358596928	-0.0	-0.0	84.56859861134964
86.37320824232953	113.17630820183723	10.98713135654464	33.71694358596928	-0.0	-0.0	84.25037863194142
79.23196604074255	112.79860784628751	11.050599679783888	33.71694358596928	-0.0	-0.0	83.93030096103506
71.69821426966476	112.4949543618245	11.113769997120853	33.71694358596928	-0.0	-0.0	83.61471463215129
63.91863740177796	112.146476890063	11.17664384035653	33.71694358596928	-0.0	-0.0	83.29690961611136
56.04470620030231	111.8247492027087	11.239222729669256	33.71694358596928	-0.0	-0.0	82.98365843045354
48.22972853644425	111.49436889271752	11.301508179556647	33.71694358596928	-0.0	-0.0	82.66831412467414
40.62586443784602	111.16356771841721	11.363501693272582	33.71694358596928	-0.0	-0.0	82.35723657685128
33.38116348585829	110.84399088526622	11.425204768142516	33.71694358596928	-0.0	-0.0	82.04443339781082
26.636682244495155	110.50992000038563	11.424756717356159	33.71694358596928	-0.0	-0.0	81.73546026695611
20.52373784557397	110.19652974141049	11.2555527590205	33.71694358596928	-0.0	-0.0	81.42540649081764
15.161351203644667	109.86274389135717	11.0127632108793	33.71694358596928	-0.0	-0.0	81.11908591177479
10.653929642015525	109.55277687348553	10.723245436861328	33.71694358596928	-0.0	-0.0	80.81246285296449
7.090598478518703	109.22131675516914	10.402627766842524	33.724274546123304	-0.0	110.76489817269129	80.50928078340262
4.7421849358509345	108.91321498553759	10.06438970976416	35.6181148379788	-0.0	387.0336236208555	80.2063211166416
3.348159142753853	108.58516340607002	9.722833939500095	38.54982899161723	-0.0	477.78509684865946	79.90645424000508
3.0408712858003972	108.2781505986633	9.394893985373233	41.817425716007946	-0.0	490.04379197117635	79.60718044416913
3.2014505559521536	107.95394020035046	9.09577766493664	45.02901111904307	-0.0	473.35844229341245	79.31062057737955
3.356522016005764	107.64771833183347	8.82736299520533	48.13044032011528	-0.0	456.9332044907619	79.0148603703434
3.506132063610824	107.32742935878825	8.589034247290412	51.12264127221648	-0.0	440.5884151922375	78.72143688028648
3.650303725590715	107.02199738447874	8.380110851445142	54.0060745118143	-0.0	424.3081949032969	78.4289366927582
3.7890587578185944	106.70553012641186	8.199830176100537	56.78117515637189	-0.0	408.0947165229557	78.1384579511163
3.922420136095573	106.40099747733848	8.047324879184789	59.44840272191146	-0.0	391.95247763713104	77.84897728869377
4.050412462561166	106.08810344879625	7.921592724138999	62.008249251223326	-0.0	375.88668874367374	77.56125993580017
4.173062181095479	105.78469746249975	7.82145638343521	64.46124362190957	-0.0	359.90320298231586	77.27457514188052
4.290397795508726	105.47514240384406	7.745510579423049	66.80795591017453	-0.0	344.0085279286552	76.98944525865197
4.4024501092064074	105.17303177424533	7.692055229230399	69.04900218412814	-0.0	328.20997450363774	76.70535572068594
4.509252514826944	104.86659742692657	7.659018579607914	71.18505029653886	-0.0	312.51578725081805	76.42265383917685
4.610841323470453	104.56596566051327	7.643888869190144	73.21682646940906	-0.0	296.9352649348819	76.14098573037288
4.707256151616267	104.26243780843645	7.643701773121429	75.14512303232534	-0.0	281.4789541717293	75.86057704401553
4.798540373776293	103.96345134332428	7.655162376753638	76.97080747552585	-0.0	266.1588858018865	75.58119208416831
4.884741650757681	103.66263605158767	7.6749578040390976	78.69483301515362	-0.0	250.98883844165564	75.30297649549948
4.9659125688375525	103.36544284054253	7.700179385081278	80.31825137675104	-0.0	235.9846249966257	75.0257795155388
5.042111394721873	103.06719320805695	7.728629059350899	81.84222789443746	-0.0	221.16444657435255	74.74969587203948
5.113402927499567	102.77186683122271	7.758858407980115	83.26805854999132	-0.0	206.54961709374248	74.47463324322578
5.179859631939386	102.47607862713966	7.790008162804926	84.59719263878772	-0.0	192.1647395144507	74.20064889532235
5.241562873288255	102.18269078889293	7.821603141783633	85.8312574657651	-0.0	178.03872127518076	73.92768912154847
5.298604447334706	101.88926817467754	7.853391438286022	86.97208894669411	-0.0	164.20567927711244	73.65578428782455
5.351088522649481	101.5978690238681	7.885242703580485	88.02177045298961	-0.0	150.70538728700745	73.3849050146949
5.399133725754388	101.30675432852082	7.917090428352158	88.98267451508775	-0.0	137.585288588706	73.11506300185924
5.442875830431947	101.01736427905159	7.948900953782666	89.85751660863895	-0.0	124.90143292840793	72.84624635424478
5.482470953626123	100.72848535966725	7.980657347660983	90.64941907252246	-0.0	112.71901754689137	72.578452064722
5.518098718497682	100.44112947419408	8.012351144340027	91.36197436995364	-0.0	101.11569258004525	72.31168020813162
5.549966626917249	100.15445341717381	8.043978141416734	91.99933253834499	-0.0	90.17799319570607	72.0459181096109
5.578312777093977	99.86912359122331	8.075536281083016	92.56625554187954	-0.0	80.00672320300758	71.78117497631825
5.6034099356673845	99.58463197505283	8.107024579824742	93.06819871334768	-0.0	70.70536782985646	71.51742852142148
5.625565644357034	99.30133009098323	8.138442592597109	93.51131288714068	-0.0	62.37729287981426	71.2546972260118
5.645119612654385	99.01899354619422	8.169790143375598	93.9023922530877	-0.0	55.11105400972857	70.99295115836694
5.662436138542879	98.73767742142975	8.20106719047076	94.24872277085758	-0.0	48.95696426252126	70.73221735409734
5.677887809067594	98.45748758363233	8.232273759324784	94.55775618135188	-0.0	43.921300540811515	70.47245611063795
5.691838258637225	98.17818620910178	8.263409908816131	94.8367651727445	-0.0	39.93703026254371	70.21370188762975
5.704619743009517	97.90011307691958	8.29447571465045	95.09239486019034	-0.0	36.882949338649155	69.9559100381064
5.716517202232687	97.62278105985047	8.325471261000748	95.33034404465374	-0.0	34.60457393831457	69.69912070726225
5.727761200049351	97.346801535937	8.356396636404703	95.55522400098702	-0.0	32.93653314441391	69.44328390850698
5.738528874307455	97.07142763330943	8.387251931656087	95.77057748614911	-0.0	31.724919827445706	69.18844357661175
5.74895057509849	96.79759086785337	8.418037238868258	95.97901150196981	-0.0	30.841403114828463	68.9345441672518
5.7591188205770765	96.52413826631768	8.448752650894267	96.18237641154153	-0.0	30.189837806570495	68.68163791098503
5.769098141076045	96.25234992065985	8.479398261160394	96.38196282152089	-0.0	29.697800721030706	68.42966413990327
5.7789326604668245	95.98087208925976	8.509974163461886	96.5786532093365	-0.0	29.314107537421314	68.17867324747007
5.788652212779778	95.7111346699656	8.540480451995794	96.77304425559555	-0.0	29.003396206074697	67.92861023656617
5.798276851732301	95.44157315627963	8.570917221145718	96.96553703464602	-0.0	28.741434498536563	67.67952186425426
5.807819970699981	95.1738200598688	8.601284565688392	97.15639941399962	-0.0	28.512125254547005	67.43135545752617
5.8172905281109175	94.90627067705866	8.631582580664888	97.34581056221835	-0.0	28.304688650861753	67.18415060027296
5.826694532848514	94.64044820379704	8.661811361376124	97.53389065697026	-0.0	28.11193684377717	66.93786692589029
5.836036038437052	94.37487517845537	8.69197100335451	97.72072076874103	-0.0	27.929116078015205	66.69253291977721
5.845317806122917	94.11094130884975	8.7220616024325	97.90635612245835	-0.0	27.75311912544938	66.4481181156629
5.854541745266345	93.84738079299257	8.752083254765584	98.09083490532689	-0.0	27.581958958400868	66.2046368399477
5.863709222177469	93.585342966262	8.7820360566216	98.27418444354939	-0.0	27.414235999318826	65.96207559009896
5.872821232276138	93.32375842957428	8.811920104609744	98.45642464552274	-0.0	27.249081960972255	65.7204353820966
5.881878531703903	93.06355352118374	8.841735495602801	98.63757063407805	-0.0	27.08595069273784	65.47971354206477
5.890881725087597	92.80396189547356	8.8714823266791	98.81763450175194	-0.0	26.92445633608584	65.23989901690535
5.899831314530197	92.54559813983906	8.901160695170761	98.99662629060394	-0.0	26.76435127890625	65.00100061232548
5.9087277357287755	92.2879657378299	8.930770698645112	99.1745547145755	-0.0	26.605472830542897	64.76299863473425
5.917571379640237	92.03140855655865	8.960312434918803	99.35142759280474	-0.0	26.44772199660079	64.52591058795653
5.9263626085005345	91.77573435918646	8.989786002043438	99.52725217001068	-0.0	26.29103370907115	64.28970663358568
5.935101766950517	91.52100210923788	9.019191498273962	99.70203533901034	-0.0	26.135349721368424	64.05441280531441
5.943789182700426	91.26731414957435	9.048529022129195	99.87578365400852	-0.0	25.980663894368963	63.819990815796025
5.952425185026006	91.01424076666535	9.07779867227566	100.04850370052011	-0.0	25.82687328359895	63.58648330165053
5.961010079194371	90.76254000971967	9.107000547723874	100.22020158388742	-0.0	25.674057425250837	63.35383015887752
5.969544178756724	90.51126873881874	9.136134747598343	100.39088357513448	-0.0	25.5221675432622	63.12208765450513
5.978027790792308	90.26145114796341	9.165201371280704	100.56055581584616	-0.0	25.37118533568608	62.89119257904667
5.986461218967414	90.01196103449881	9.19420051833125	100.72922437934828	-0.0	25.221097844497397	62.66120170506011
5.9948447616661635	89.76399915326114	9.223132288575284	100.89689523332326	-0.0	25.07191997836445	62.43205216828419
6.003178717742634	89.51630047937961	9.25199678198743	101.06357435485268	-0.0	24.923639845968605	62.2037976269548
6.011772724412765	89.27020814916065	9.309472358219665	101.2354544882553	-0.0	28.543813225888606	61.97637409978686
6.022656950703377	89.02427713786017	9.479314815792105	101.45313901406753	-0.0	36.76085905424146	61.749741681704876
6.03617927296788	88.77997386231175	9.747553627681611	101.7235854593576	-0.0	44.21209681053152	61.52367650131326
6.052002037596864	88.53585358489411	10.091584122266802	102.04004075193727	-0.0	50.4527856780875	61.29807627121155
6.069704666873491	88.29333489262733	10.482821506235055	102.39409333746983	-0.0	55.508305211318635	61.07277758146183
6.088835479549664	88.05103716870423	10.888648029296888	102.77670959099328	-0.0	59.13536542793102	60.84776226392312
6.108916466125083	87.81026627500563	11.27573528522635	103.17832932250165	-0.0	61.07917596564399	60.62300549978638
6.12940540644386	87.56975599629541	11.613471501222037	103.5881081288772	-0.0	61.57227016664287	60.398554808491234
6.149801537407011	87.33074284090793	11.876926488174401	103.99603074814021	-0.0	60.43462767282041	60.174482523137016
6.169573688646111	87.09207716039894	12.048985386617339	104.39147377292223	-0.0	57.78398346350453	59.950934582101134
6.188196713511818	86.8547753029072	12.121458919880734	104.76393427023636	-0.0	53.72483012531178	59.728043486928065
6.205188996928978	86.61792517277615	12.095171044185564	105.10377993857955	-0.0	48.06478965872431	59.505977277534924
6.220393460962334	86.38233344711801	11.979220921722344	105.40786921924666	-0.0	39.03715459531714	59.28488912938841
6.232045935023131	86.1473045548007	11.789831240283661	105.64091870046262	-0.0	31.54931765512821	59.06489223492614
6.242720407474785	85.91340090442054	11.5495898614488	105.8544081494957	-0.0	17.107956144096086	58.846111318672435
6.43203220381498	85.68016018664747	11.29445903384626	105.91337388598505	-0.0	-0.0	58.628595242237864
7.445433639141952	85.4479292195891	11.098875091631003	105.91337388598505	-0.0	-0.0	58.41233265397963
9.334975150213234	85.21646105713221	10.823976044974037	105.91337388598505	-0.0	-0.0	58.197272563440514
12.091448028198911	84.98589038384254	10.477499902218144	105.91337388598505	-0.0	-0.0	57.9835479325787
15.701418561285163	84.75615411222721	10.081818881992616	105.91337388598505	-0.0	-0.0	57.77124510164633
20.147293504058183	84.52716413635187	9.662292429481766	105.91337388598505	-0.0	-0.0	57.560420169666216
25.40740581846425	84.29928762144206	9.246025047974173	105.91337388598505	-0.0	-0.0	57.35114608495497
31.456120268421586	84.07183286806797	8.860517988156978	105.91337388598505	-0.0	-0.0	57.14334608117186
38.26395835356644	83.8456540300107	8.532261874399426	105.91337388598505	-0.0	-0.0	56.93693546134609
45.7977419731016	83.61982444399139	8.285323189473853	105.91337388598505	-0.0	-0.0	56.73185965989704
54.02075511984667	83.39525123020476	8.13998575541908	105.91337388598505	-0.0	-0.0	56.52792960257826
62.8929228161752	83.17108332461852	8.111517323108805	105.91337388598505	-0.0	-0.0	56.32500705059806
72.37100642007191	82.94807496061361	8.181660511853238	105.91337388598505	-0.0	-0.0	56.122869049502235
82.40881434926544	82.72555483884172	8.259126677463364	105.91337388598505	-0.0	-0.0	55.92142889768605
91.69310100479771	89.77787854442967	8.336149757586146	104.47091588646211	415.1746878521423	-0.0	55.997376367888734
98.30932682729346	90.40354429571234	8.41273321626904	100.15026023089939	843.5167027642673	-0.0	57.80158296246554
102.32633998164184	91.79923593150126	8.48888311745253	93.94075143730377	973.3649698405281	-0.0	60.98122453340631
105.0018344379316	94.98352102873918	8.564607723447438	87.49847340831165	949.5515819729429	-0.0	64.36930666164507
106.83857607598709	98.00555904334026	8.639915728895897	81.34661697622546	891.611761327886	-0.0	67.6152709920835
108.08869225267115	100.75604996209589	8.7148155533872	75.65613813971133	812.3655618942581	-0.0	70.61243175877983
109.00810414137031	103.22008301667087	8.789315137698283	70.53744434618122	721.749195512506	-0.0	73.28917595936868
109.80402792454345	105.38790403001612	8.863421826597156	66.03030100845976	630.4372692881186	-0.0	75.61467826444752
110.60354731768733	107.27401023165778	8.937142319731777	62.1109885917292	547.4105751103638	-0.0	77.5954456419922
111.44150678251775	108.91869703971152	9.010482686165567	58.70754531380053	476.5006577671859	-0.0	79.2671862452726
112.28901542297614	110.33046221205616	9.08344842798104	55.729559374434835	419.8449582676891	-0.0	80.68180507200553
113.08885293843672	111.53963159969251	9.156044570280962	53.09081096967057	373.40316078868204	-0.0	81.8909443931513
113.80657938090923	112.55208701717018	9.228275750875333	50.731279032508674	336.01236991592174	-0.0	82.93393254063483
114.43013960847112	113.42862443035926	9.300146289646975	48.610836362779715	300.2271906907622	-0.0	83.83502997461203
114.97687991005598	114.16487133995894	9.371660233050559	46.707679277182294	270.3345544112599	-0.0	84.60914530874665
115.45204639680726	114.79844763265717	9.44282138242255	44.99863882914372	242.53636587841433	-0.0	85.26860099106251
115.86015713436817	115.32224296930555	9.513633317105645	43.46380939397915	220.02789563061202	-0.0	85.82585596929096
116.19749517328115	115.7589478087519	9.584099417044046	42.08334052360087	198.66872629488788	-0.0	86.29231096741174
116.46806705513656	116.11589331899773	9.654222883412025	40.84294570032434	178.0326831019914	-0.0	86.6769351214077
116.67645638563141	116.40801666645962	9.72400675522749	39.730621784271904	155.43350580058836	-0.0	86.98669433355582
116.83321359871603	116.61515868600115	9.793453922550015	38.738074326372434	140.08905076535743	-0.0	87.22777374958675
116.9352978667189	116.7635692266106	9.862567138119461	37.85402352694393	124.3204633588006	-0.0	87.40593346126049
116.97984968460997	116.85913748177532	9.931349028154385	37.06882120552316	104.23098510097077	-0.0	87.52666737751517
116.9766214658129	116.87513941968427	9.999802102781679	36.378002420095044	95.56874045197054	-0.0	87.59513680805433
116.93918496942872	116.86083644520436	10.067928764193933	35.77913653520709	83.97241916363396	-0.0	87.61066371732736
116.85235065956957	116.81066475713922	10.135731308765916	35.26205678228058	61.251377280278675	-0.0	87.57844206216295
116.60542315324714	116.54048525838824	10.203211936988735	34.78984032686224	76.44874451095342	-0.0	87.52188323087967
116.51271941750619	116.46865086235907	10.27037278423086	34.450620625973905	62.977535385570974	-0.0	87.40249043086642
116.44226830283804	116.44987949523495	10.337215869159815	34.2019178849364	-0.0	-0.0	87.20912688190622
116.14665644027359	116.08287956259349	10.403743082396465	33.97039059886889	75.76225307637597	-0.0	87.01446283244827
115.73060501145325	115.74550850946768	10.469956284843793	33.78479431941896	-0.0	-0.0	86.80391797362068
115.23984288492106	115.40899913020428	10.535857293525797	33.70786113795913	-0.0	-0.0	86.53582341360895
113.97278890298944	115.31601562474938	10.601447820920407	33.70786113795913	-0.0	-0.0	86.2077464405424
111.63649691820032	114.77504603055448	10.666729476226244	33.70786113795913	-0.0	-0.0	85.88400872743445
108.27645525672504	114.59220848826351	10.731703851719637	33.70786113795913	-0.0	-0.0	85.5584264656085
103.9580849669706	114.13052135822079	10.796372529612695	33.70786113795913	-0.0	-0.0	85.23536790915499
98.76546605158268	113.88704712946614	10.86073708298774	33.70786113795913	-0.0	-0.0	84.91347034660691
92.79970040383125	113.47961458909134	10.924799076990935	33.70786113795913	-0.0	-0.0	84.59189201022018
86.17694332254356	113.19674515310955	10.988560066467823	33.70786113795913	-0.0	-0.0	84.27303298591161
79.0261419325635	112.82558138771921	11.052021599298584	33.70786113795913	-0.0	-0.0	83.95341685884661
71.48652454444964	112.51836420336988	11.115185212636224	33.70786113795913	-0.0	-0.0	83.63718906691231
63.70488983625823	112.1708886683961	11.178052437057367	33.70786113795913	-0.0	-0.0	83.31981811001012
55.832748637995486	111.84973340341526	11.240624792425594	33.70786113795913	-0.0	-0.0	83.00597602546611
48.02337396895265	111.51735148827106	11.302903792085658	33.70786113795913	-0.0	-0.0	82.69100269785545
40.42881676473723	111.1892252572808	11.3648909389222	33.70786113795913	-0.0	-0.0	82.37940781286618
33.196945398585086	110.86626056650454	11.426587729188826	33.70786113795913	-0.0	-0.0	82.06689900033291
26.468566638521104	110.53569730365074	11.420338474813567	33.70786113795913	-0.0	-0.0	81.75748988671423
20.374684096070574	110.21850553347157	11.248642719895797	33.70786113795913	-0.0	-0.0	81.4476647575954
15.033947545566294	109.88833091607906	11.00443559410431	33.70786113795913	-0.0	-0.0	81.14099384189208
10.55034277634394	109.57467664996555	10.7139835135436	33.70786113795913	-0.0	-0.0	80.8345368199094
7.0205760584491115	109.24655919692826	10.392789370770576	33.75905778137425	-0.0	127.2021970144846	80.53107234053529
4.69751149209389	108.93517431536732	10.054321043878192	35.699075672570935	-0.0	390.09373919126494	80.22822260340725
3.327151309057083	108.60997805344398	9.712923017485986	38.64384644894486	-0.0	478.775895376066	79.92812838580838
3.045597562212519	108.30019602353285	9.38560795247727	41.91195124425038	-0.0	489.4129090520098	79.62891696848088
3.2059695595200415	107.97832044629895	9.087305161883702	45.119391190400826	-0.0	472.7424685799403	79.332171064163
3.360836383364593	107.66984506522269	8.819688232142767	48.216727667291856	-0.0	456.3211328194953	79.0364342018104
3.5102428536216843	107.35138296949864	8.582140017926598	51.20485707243368	-0.0	439.9791973739906	78.74285571957607
3.654211888768089	107.044206115747	8.373978023122392	54.08423777536178	-0.0	423.7018712300604	78.45034709775248
3.7927652844237567	106.72910185446226	8.194437174164563	56.85530568847513	-0.0	407.4914527603702	78.15973719774168
3.9259260787683004	106.42321284905134	8.04264700385061	59.518521575366	-0.0	391.35247731899244	77.87022545710566
4.053718943976163	106.11135707654984	7.917601241840587	62.07437887952325	-0.0	375.290171476561	77.58239221352383
4.1761704016625	105.80689186429495	7.818117319279753	64.52340803324998	-0.0	359.3104089065753	77.2956602635729
4.293309042460725	105.4980820180103	7.742783162801464	66.8661808492145	-0.0	343.41973329437025	77.01042584268545
4.405165766030132	105.19518333586807	7.6898899961699625	69.10331532060263	-0.0	327.62548477331376	76.72627689984833
4.511774073336706	104.88926141250792	7.65735538178629	71.23548146673411	-0.0	311.9359473169562	76.44347832757428
4.613170398692	104.5880587574564	7.642655608477866	73.26340797383999	-0.0	296.3604636824266	76.1617418516561
4.70939449569193	104.28484911674877	7.6428155924957375	75.18788991383859	-0.0	280.90963217896325	75.88124260843524
4.800489893566121	103.9854410797261	7.654535395651991	77.00979787132242	-0.0	265.59556104168524	75.60178347818848
4.8865044396408	103.6848379425555	7.674507459583542	78.73008879281599	-0.0	250.4320529576099	75.32348073647367
4.967490920908848	103.38730988936801	7.699838980310118	80.34981841817695	-0.0	235.43502747464515	75.04620711038314
5.043507824021382	103.089191397346	7.728352166023407	81.87015648042764	-0.0	220.62289263663695	74.77003919613702
5.114620253287813	102.79360492074167	7.758616353797188	83.29240506575626	-0.0	206.01686553827557	74.494897914418
5.1809009557566865	102.49788212192107	7.789784780873029	84.61801911513373	-0.0	191.64191218388288	74.22083154956658
5.24243169067655	102.20429310866325	7.8213897440116265	85.84863381353098	-0.0	177.526942969867	73.94779218231245
5.299304678710149	101.91089482724236	7.853183515041626	86.98609357420297	-0.0	163.70632466894793	73.67580693367039
5.351624596235147	101.61932772471518	7.885037954014171	88.03249192470294	-0.0	150.2200525603797	73.40484830701477
5.3995106029060524	101.3281969327487	7.916887694018042	88.99021205812105	-0.0	137.1162703824076	73.13492744578943
5.44309931047779	101.03868203410434	7.948699652084588	89.86198620955581	-0.0	124.45043595953213	72.86603077988806
5.482547459969565	100.74976672016814	7.980457194263219	90.65094919939129	-0.0	112.28940657126114	72.59815887215389
5.51803591329629	100.4623023403908	8.01215200046148	91.3607182659258	-0.0	100.70930515308649	72.3313073196523
5.549772834189308	100.17557481219998	8.043779943454563	91.99545668378614	-0.0	89.7998195187233	72.06546838561395
5.577997878467865	99.89015813222977	8.075339001768693	92.55995756935731	-0.0	79.6597117637279	71.80064549642431
5.602985057261022	99.60558453295832	8.106828210519769	93.05970114522044	-0.0	70.39258553977731	71.53682418339277
5.625042963808117	99.3222072221981	8.138247133815984	93.50085927616234	-0.0	62.10256112627148	71.2740137834826
5.644512356067351	99.03978051739874	8.169595600121568	93.89024712134703	-0.0	54.876927671684456	71.01219368402397
5.661757669042646	98.75843540962971	8.200873569949263	94.2351533808529	-0.0	48.76773426972625	70.75137954610479
5.677152629441737	98.47811976591024	8.232081069736054	94.54305258883474	-0.0	43.76937881960917	70.49154557108079
5.691058883288937	98.1987756000124	8.263218158883998	94.82117766577873	-0.0	39.82107930612704	70.23271291423825
5.703807390982422	97.92059072483877	8.294284913275266	95.07614781964844	-0.0	36.798022637684376	69.97484835283137
5.7156809861898665	97.64323501344367	8.325281417150748	95.31361972379733	-0.0	34.54620790780555	69.71798075011998
5.726908564598602	97.36714063174578	8.356207759005402	95.53817129197205	-0.0	32.89716363558702	69.46207114304461
5.737665368646921	97.09174665145882	8.387064029593105	95.75330737293841	-0.0	31.697982467142733	69.20715399791314
5.748079907234493	96.81774900473462	8.417850320948306	95.96159814468984	-0.0	30.8243031772124	68.95318351647549
5.758243686313148	96.54431568293033	8.448566725878798	96.16487372626295	-0.0	30.17950301856023	68.70019989511769
5.768220380971104	96.27236763037273	8.479213337717518	96.36440761942207	-0.0	29.69204226664341	68.44815540032924
5.778053507299815	96.00088536567803	8.509790250201892	96.56107014599631	-0.0	29.31143945664264	68.19708970687311
5.787772505823941	95.73099159639074	8.540297557383404	96.75545011647883	-0.0	29.002633576648634	67.94695478156899
5.797397123693064	95.46145532621371	8.57073535362603	96.94794247386127	-0.0	28.741960579585243	67.69779196959749
5.806940572713419	95.19354733245252	8.601103733615489	97.13881145426836	-0.0	28.51350493315059	67.4495542232185
5.816411690095434	94.9259878443892	8.631402792307753	97.32823380190867	-0.0	28.30661605723277	67.2022766131783
5.8258164016329195	94.66004792202887	8.661632624928872	97.51632803265838	-0.0	28.114220722346964	66.95592130192667
5.835158707958442	94.3944332547306	8.691793326933858	97.70317415916882	-0.0	27.93162810977363	66.71051593796153
5.844441335305985	94.13042540877525	8.721884994077335	97.8888267061197	-0.0	27.75577567271347	66.46602823335022
5.853666173563674	93.86679932650146	8.751907722390275	98.07332347127348	-0.0	27.584673177670524	66.22247768568711
5.862834567557968	93.60467405564272	8.781861608149342	98.25669135115936	-0.0	27.417005040000554	65.97984477146959
5.8719475056533454	93.34300837519771	8.811746747852382	98.4389501130669	-0.0	27.251891055447462	65.73813591906779
5.881005741328981	93.0827647870244	8.841563238259724	98.62011482657962	-0.0	27.088758337440307	65.49734144679697
5.890009871629335	92.82307540758332	8.871311176413231	98.80019743258669	-0.0	26.92726193576341	65.25745865422195
5.898960396964238	92.56465247691288	8.900990659555935	98.97920793928476	-0.0	26.767148643368348	65.01849048939394
5.907857750058418	92.30693285259217	8.930601785203912	99.15715500116835	-0.0	26.60827130703476	64.7804199875332
5.91670232343637	92.05034819084081	8.960144651066903	99.3340464687274	-0.0	26.45050689641776	64.54326130762244
5.9254944766538635	91.79459782491887	8.989619355140684	99.50988953307726	-0.0	26.293810880976395	64.30698801969729
5.934234557148761	91.53975265616681	9.01902599557983	99.68469114297521	-0.0	26.13809380898362	64.07162852031098
5.942922889756222	91.2859717515098	9.04836467086783	99.85845779512442	-0.0	25.983376167243538	63.837139194282315
5.951559798541413	91.0329408462401	9.077635479612413	100.03119597082825	-0.0	25.829605980105978	63.60355990459519
5.960145598722091	90.78107100985223	9.106838520690008	100.20291197444182	-0.0	25.676762375450302	63.37084221896159
5.96868059841534	90.52982466052535	9.135973893196455	100.3736119683068	-0.0	25.524850789926617	63.13902950524705
5.977165104029377	90.27983610620238	9.1650416964414	100.54330208058754	-0.0	25.373859542186707	62.908070701172065
5.985599419941009	90.03037613035679	9.194042029918897	100.71198839882017	-0.0	25.223768813387096	62.67801052363013
5.9939838478003225	89.78227857495294	9.222974993346948	100.87967695600645	-0.0	25.074560419909112	62.448795743706164
6.002318682980521	89.53459369572336	9.25184068666973	101.04637365961041	-0.0	24.926257892273174	62.2204735888814
6.010951398271206	89.28834767837229	9.311491897307512	101.2190279654241	-0.0	28.695148387500026	61.99298614088335
6.0218628619007415	89.04238889384432	9.484011905661285	101.43725723801482	-0.0	36.97300957902991	61.76628394716065
6.035460640811145	88.79802726623143	9.754424758526838	101.70921281622289	-0.0	44.338727468255875	61.54014229099489
6.051328281339391	88.55383628738727	10.099976991282938	102.02656562678781	-0.0	50.71567476034843	61.31445902183822
6.069083011687366	88.31124699111767	10.491951269295168	102.38166023374731	-0.0	55.68702305329791	61.089084242910275
6.088262379431039	88.06885051732228	10.897673279067568	102.76524758862077	-0.0	59.10696432772064	60.86400700499783
6.1083510245805295	87.82806366275004	11.283845553895326	103.16702049161059	-0.0	61.118787558912146	60.63915792058019
6.128849689619713	87.58747455469279	11.619968336650851	103.57699379239425	-0.0	61.534722593317454	60.41462786374992
6.149229343471344	87.34841546341194	11.881287715570451	103.98458686942686	-0.0	60.42368305819477	60.19048430945859
6.168969988550401	87.10964470703598	12.05090504016297	104.37939977100802	-0.0	57.814303636387166	59.96686756550879
6.1875861052789976	86.87232481719076	12.12086063041921	104.75172210557994	-0.0	53.51989842763849	59.74391385489344
6.204609072796983	86.63538625372033	12.092197390546765	105.09218145593965	-0.0	47.37442499749329	59.52179314942645
6.21928787541162	86.39975827822097	11.974206520940314	105.38575750823239	-0.0	40.61017417417492	59.30063593489628
6.230400142695091	86.16462557769995	11.78327355205939	105.60800285390181	-0.0	36.194704130240815	59.080587946199195
6.239980021533579	85.9306956059423	11.542152298775108	105.79960043067156	-0.0	20.954746950155933	58.8617583528382
6.443215335467173	85.69736235598204	11.288313339147283	105.84739172149422	-0.0	-0.0	58.64419105046367
7.477960402431215	85.46509311198452	11.091253851580726	105.8476064089335	-0.0	-0.0	58.42788092060003
9.388106959004197	85.23354388521473	10.814407619357917	105.8476064089335	-0.0	-0.0	58.212768056696696
12.164357022985655	85.00293662473915	10.466507148435824	105.8476064089335	-0.0	-0.0	57.998998555352
15.793180498149912	84.77312052788659	10.070009020529367	105.8476064089335	-0.0	-0.0	57.7866564033681
20.256892258990447	84.54414186881964	9.650327491153895	105.8476064089335	-0.0	-0.0	57.57581572667678
25.533738339446014	84.31607223727524	9.234589351317473	105.8476064089335	-0.0	-0.0	57.366470811358724
31.598001951190238	84.08869900900434	8.850283762972325	105.8476064089335	-0.0	-0.0	57.15861937979834
38.420128814767395	83.8623275986034	8.52385425395228	105.8476064089335	-0.0	-0.0	56.95216985449489
45.96687119282227	83.63654173587945	8.279285966189411	105.8476064089335	-0.0	-0.0	56.747047910888185
54.20144992345949	83.41182035324468	8.136749521863354	105.8476064089335	-0.0	-0.0	56.543067535297055
63.083733664010225	83.18766416161522	8.111371809943076	105.8476064089335	-0.0	-0.0	56.34008769211246
72.57043447176633	82.96453821460558	8.182587347049662	105.8476064089335	-0.0	-0.0	56.1378901705839
82.6153365122375	82.74172008704225	8.260050919889238	105.84762920368722	-0.0	-0.0	55.93638853302673
91.85751332222823	89.86033766341228	8.33707145270896	104.35522874759262	423.96439625684997	-0.0	56.02955738377376
98.41166750044039	90.41600835261004	8.413652439670901	99.98475948075016	848.2978977368338	-0.0	57.8689054327254
102.38848901444135	91.86618552785868	8.489799997057732	93.7625116347563	973.1430078834459	-0.0	61.058803429892365
105.04076267132514	95.05305275657135	8.565522406187014	87.32684994092145	948.1001488913718	-0.0	64.44388738704748
106.8606848259668	98.06688199258113	8.64082835683989	81.18662847799429	889.6304035973086	-0.0	67.68373324508163
108.10051253854131	100.80821577505189	8.715726257232406	75.51101467488762	810.1275879230676	-0.0	70.67281368239409
109.01560161312663	103.2610481106823	8.790224033508279	70.40881305352356	719.6595133950433	-0.0	73.34038989986051
109.80986449191367	105.42640544002094	8.864329014101646	65.91715351000119	628.1013570040631	-0.0	75.65648698273948
110.60997921916716	107.30838027633646	8.938047882238791	62.01214643723999	545.109076107491	-0.0	77.62865056075758
111.44780243879335	108.95265464898617	9.011386691828575	58.62047535805601	473.88110437391987	-0.0	79.2930400765666
112.29452032956327	110.36008664745303	9.084350931985972	55.65225935836872	417.25176019990795	-0.0	80.70174963278954
113.09594584691285	111.54505723890028	9.156945617300993	53.02307883317782	373.60403466923555	-0.0	81.90620892804048
113.80942912853028	112.56349038988314	9.229175377172075	50.66936974286002	334.8648779407041	-0.0	82.94527560133756
114.43277580426066	113.42636076976072	9.301044524514825	48.5557052710938	300.9607168801178	-0.0	83.84294418219726
114.97751246018207	114.16064358757079	9.372557099700694	46.65783004229123	271.14239531105284	-0.0	84.61395700826897
115.44829843785091	114.80424645266575	9.44371689861495	44.95255679456922	240.75854848097126	-0.0	85.27063347176725
115.85392037835899	115.32868757143139	9.514527495741046	43.421749696846376	217.41884146385385	-0.0	85.82543280660605
116.1900985628157	115.760365891223	9.58499226673632	42.045348386473094	196.66199542195042	-0.0	86.28970066941231
116.46104776765766	116.1067643792798	9.6551144089732	40.80915169062738	178.56512804578585	-0.0	86.67234124762926
116.66702514734685	116.40123019067161	9.724896958046124	39.69971740007645	154.66591770901334	-0.0	86.98028543255558
116.82187427691653	116.60890570845352	9.794342800907364	38.709950267609536	138.44555305848962	-0.0	87.21970904099409
116.92271946564932	116.75526966961372	9.86345468748119	37.82864937933527	122.76189002782503	-0.0	87.39635852860444
116.97412862873169	116.83532941341588	9.932235241403319	37.04849552016677	111.76730013032989	-0.0	87.51534033467799
116.99348644875033	116.89092538508451	10.000686969213934	36.36723631476694	96.07546892898075	-0.0	87.57771775260407
116.9417644486749	116.86292963519296	10.068812264228358	35.766477425015914	84.23261371568171	-0.0	87.59172893963961
116.82104659045355	116.76340065738005	10.136613420919073	35.24171052510951	72.02870244989269	-0.0	87.56641965587853
116.70431084551124	116.59884128809753	10.204092647926512	34.80988339077632	97.42823085345515	-0.0	87.49254311178632
116.60772099062068	116.49173942758546	10.271252054833212	34.47140604455401	102.16819795401008	-0.0	87.3601894976912
116.38446202393689	116.30473718078005	10.338093644118931	34.18063790332871	84.70676409895212	-0.0	87.1971357980762
116.05182040419811	116.05223249544126	10.40461934798432	33.940601973311104	-0.0	-0.0	87.01130165524933
115.74238886540672	115.74531920353486	10.470831041916178	33.787511517290916	-0.0	-0.0	86.78230750595397
115.28240835074362	115.29283473279375	10.536730517758828	33.72531989971454	-0.0	-0.0	86.50703567257494
113.98754393207675	115.35256738072326	10.602319472970557	33.72531989971454	-0.0	-0.0	86.172289034448
111.62375759685986	114.67907549597031	10.667599509262264	33.72531989971454	-0.0	-0.0	85.85348823067879
108.23707299475473	114.61097414974418	10.732572222714058	33.72531989971454	-0.0	-0.0	85.52408883556647
103.89342992044729	114.05101001411286	10.797239193346636	33.72531989971454	-0.0	-0.0	85.20436767487845
98.6774004455032	113.8916202546755	10.861601996958177	33.72531989971454	-0.0	-0.0	84.88001597075983
92.69054227400851	113.41311235240975	10.925662197476555	33.72531989971454	-0.0	-0.0	84.56062819444338
86.04942138274528	113.19038571958588	10.989421351636297	33.72531989971454	-0.0	-0.0	84.24027090870607
78.88334244559958	112.76908290087964	11.052881006767793	33.72531989971454	-0.0	-0.0	83.92204986612519
71.33183123169295	112.50382854213196	11.116042701346592	33.72531989971454	-0.0	-0.0	83.60497705514184
63.54191799554149	112.12185813695085	11.178907965845434	33.72531989971454	-0.0	-0.0	83.28846639832874
55.665274752642205	111.82927919053253	11.241478321073998	33.72531989971454	-0.0	-0.0	82.97421041643824
47.85526217849778	111.4738463037842	11.303755280558848	33.72531989971454	-0.0	-0.0	82.65974766219341
40.263943628908414	111.16457737519302	11.36574034788793	33.72531989971454	-0.0	-0.0	82.348016037719
33.03912441951696	110.82673536577259	11.427435019672227	33.72531989971454	-0.0	-0.0	82.035797815726
26.321474010671576	110.50818143413362	11.417089624045555	33.72531989971454	-0.0	-0.0	81.72642237721246
20.241787129597654	110.18180243726042	11.242774884849558	33.72531989971454	-0.0	-0.0	81.41676449138744
14.918437156703233	109.85894478009577	10.997064412111563	33.72531989971454	-0.0	-0.0	81.11023376755742
10.455071359307539	109.53995233628882	10.705615513771553	33.72531989971454	-0.0	-0.0	80.80387744818206
6.953142309150612	109.21601593034862	10.383796282902804	33.805496433821844	-0.0	142.26869158078466	80.50060592733409
4.653785021645448	108.9018062469714	10.045058197292228	35.78469175277813	-0.0	393.34017825920535	80.19782456188854
3.307147663059777	108.57878395894654	9.703784956106961	38.743597383237436	-0.0	479.9126771762935	79.89794390365577
3.0506606076861313	108.26776732846162	9.377063098038457	42.01321215372263	-0.0	488.96471731281906	79.5987884633715
3.2108860858865405	107.94682871890704	9.079533168724623	45.217721717730804	-0.0	472.30763127771013	79.30225701881348
3.365608496499645	107.63807415944017	8.812674122482125	48.3121699299929	-0.0	455.8892025758864	79.00657437768604
3.5148712825086106	107.31983257846073	8.575867353435328	51.29742565017221	-0.0	439.5491452524086	78.71320109685233
3.6586972494028647	107.01286704180939	8.36842852951946	54.17394498805729	-0.0	423.27367617998897	78.42075270562054
3.797108213580099	106.69762069547923	8.189590250476535	56.94216427160198	-0.0	407.06522171574204	78.13033374564556
3.930127254777014	106.39225224733414	8.038479068518033	59.60254509554027	-0.0	390.9283443219707	77.84088866103217
4.057779091756721	106.0800193694262	7.9140848646778315	62.15558183513442	-0.0	374.8682937496898	77.55323381512534
4.1800902998487395	105.77618184908138	7.8152200657465745	64.60180599697478	-0.0	358.89095275888064	77.26657583109393
4.297089529096291	105.46698003826421	7.740466102841857	66.94179058192582	-0.0	343.0028875821475	76.98150527563364
4.408807745533421	105.16469506677073	7.688105892762149	69.17615491066843	-0.0	327.21146003904994	76.69743814838857
4.515278524471101	104.85840828253951	7.656046799363094	71.30557048942201	-0.0	311.5249800650718	76.41479113953655
4.6165383852733495	104.55776345691704	7.641753729333443	73.33076770546698	-0.0	295.95281871936805	76.1331429633425
4.712627176134525	104.25425783999258	7.642241400225655	75.2525435226905	-0.0	280.5056139373275	75.85278451941272
4.803588534655271	103.95534327472751	7.654205270163319	77.07177069310542	-0.0	265.19551662601424	75.57341880065358
4.889470428607124	103.6545068800894	7.674343139200541	78.78940857214248	-0.0	250.0364051320469	75.29524902538326
4.970325793548636	103.35739821687261	7.6997773399616944	80.4065158709727	-0.0	235.04421521125425	75.01807274966467
5.046213284014095	103.05911132654523	7.7283493601150735	81.92426568028189	-0.0	220.23740222483016	74.74203145413897
5.117198171373182	102.76389796972967	7.758645446607883	83.34396342746362	-0.0	205.63742052113784	74.4669902384883
5.1833534642916925	102.46805151806144	7.789830494328888	84.66706928583385	-0.0	191.26906747033058	74.19304616971455
5.244761136533549	102.17478435019477	7.821443901228274	85.89522273067098	-0.0	177.16167003890982	73.92010905252761
5.301513734038525	101.88130288772369	7.853241842254748	87.0302746807705	-0.0	163.34959020379114	73.6482427029129
5.353716279376069	101.59002153701294	7.885098256536158	88.07432558752139	-0.0	149.87307110691847	73.37738721404124
5.401488387844493	101.29884151241146	7.91694884917972	89.02976775688985	-0.0	136.78022826032318	73.10758264713513
5.4449671171001235	101.00957208431757	7.9487610875427235	89.89934234200247	-0.0	124.1270898008962	72.8387899614665
5.484309887927128	100.72064432673716	7.980518612936338	90.68619775854255	-0.0	111.980126348054	72.57103162886374
5.519697967519162	100.43340028573904	8.01221324607608	91.39395935038324	-0.0	100.41756120043898	72.30428456999485
5.551340698869003	100.14666412967782	8.04384092857743	92.02681397738006	-0.0	89.52668238444824	72.03855780493862
5.579478340771811	99.86145695167963	8.075399674874822	92.58956681543621	-0.0	79.40814792509	71.77383917014205
5.604385687256655	99.57689204791775	8.106888537639051	93.0877137451331	-0.0	70.16654655959177	71.51012826507385
5.6263726780129275	99.29371834811653	8.138307089771772	93.52745356025855	-0.0	61.902556468243475	71.24742154357159
5.645780306077487	99.01130520977341	8.169655164309422	93.91560612154974	-0.0	54.70624381084596	70.98571036029303
5.662973724752178	98.73015295068888	8.200932724030636	94.25947449504356	-0.0	48.62636313800832	70.72499975369105
5.6783265533905425	98.44985475248653	8.232139796585091	94.56653106781084	-0.0	43.65615217617823	70.4652735324532
5.692199286219	98.17068472180351	8.263276442056771	94.84398572438	-0.0	39.73766634259465	70.20654488192923
5.70492315631506	97.89256041983475	8.294342736681644	95.09846312630121	-0.0	36.733578349297005	69.948784517688
5.716778365969507	97.6153457976688	8.325338764995745	95.33556731939014	-0.0	34.49968932119952	69.69202152337415
5.727992836248901	97.33930440420414	8.356264615667097	95.559856724978	-0.0	32.86362718635209	69.43621566150675
5.73874034048123	97.06406703496786	8.387120379612826	95.7748068096246	-0.0	31.674380744807404	69.18140159846907
5.74914833816313	96.79011812578224	8.417906149019828	95.9829667632626	-0.0	30.807976268356608	68.92753422326383
5.759307536193984	96.516844501861	8.448622016827677	96.18615072387968	-0.0	30.16818682994497	68.67465283685515
5.769280999454394	96.24497501932376	8.479268076480238	96.38561998908787	-0.0	29.68406861868779	68.42270920664394
5.779111819291778	95.97357406584739	8.509844421855037	96.58223638583556	-0.0	29.30551839010401	68.17174757297848
5.78882910439556	95.7038090031327	8.540351147110915	96.77658208791121	-0.0	28.99814365480627	67.92171135840991
5.798452405420454	95.43434322179895	8.570788346756718	96.96904810840907	-0.0	28.73845793996709	67.67265141369388
5.807994804631326	95.16656765354836	8.601156115591117	97.15989609262651	-0.0	28.510654600199807	67.42451232706652
5.817465046406304	94.89904349368778	8.63145454871983	97.34930092812607	-0.0	28.304217440476545	67.17733748806648
5.82686900411488	94.63327475226565	8.661683741416207	97.5373800822976	-0.0	28.11208070627047	66.9310783830985
5.836210632387386	94.36771442365406	8.691843789302135	97.72421264774772	-0.0	27.929664629766865	66.6857739202538
5.84549262983811	94.10384071466989	8.721934788285079	97.90985259676219	-0.0	27.753957559943885	66.44138341951857
5.854716873985108	93.84025992072118	8.751956834468483	98.09433747970216	-0.0	27.582947856260446	66.19793409857694
5.863884700049533	93.57828522698722	8.781910024224342	98.27769400099065	-0.0	27.415320260173146	65.95539579840626
5.872997086245364	93.3166918160175	8.81179445419878	98.45994172490728	-0.0	27.250232405965807	65.71378599710468
5.882054777905854	93.05656826696438	8.841610221316131	98.64109555811706	-0.0	27.087151319796785	65.47308758273364
5.891058374693851	92.7969216404741	8.87135742266031	98.82116749387701	-0.0	26.925681161857625	65.23330409276623
5.900008374512832	92.538661623106	8.90103615560311	99.00016749025663	-0.0	26.765576207252646	64.99442899773624
5.908905206675934	92.28098450727654	8.930646517792177	99.17810413351867	-0.0	26.6067117789331	64.75645612977266
5.9177492635242235	92.02452384033893	8.960188607043339	99.35498527048446	-0.0	26.44895981224651	64.51939243426925
5.92654090462163	91.76880515187526	8.989662521467888	99.5308180924326	-0.0	26.292270836420016	64.28321689671563
5.9352804750720125	91.51416360073674	9.01906835934211	99.70560950144025	-0.0	26.13657561481125	64.04794782519426
5.943968300727161	91.26043269401832	9.048406219245647	99.87936601454322	-0.0	25.981882618421846	63.813553238562
5.952604710185793	91.00745702519673	9.077676199870268	100.05209420371585	-0.0	25.828092730128958	63.5800707520481
5.96119000981222	90.75571447882446	9.106878400269652	100.22380019624438	-0.0	25.67527311105684	63.34744433042877
5.969724512945473	90.5045329114294	9.136012919600885	100.39449025890946	-0.0	25.52337618898291	63.115727226064365
5.978208526811263	90.25468346533711	9.165079857278064	100.56417053622525	-0.0	25.372381280956994	62.884858058189074
5.98664235353178	90.00527117686552	9.194079312916154	100.73284707063559	-0.0	25.222291028774517	62.6548927243333
5.995026292489709	89.75728690386687	9.223011386370656	100.90052584979418	-0.0	25.073110039818808	62.42576852185354
6.003360642117343	89.5096313173103	9.251876177651674	101.06721284234686	-0.0	24.924830542524422	62.1975408418008
6.0120194852515	89.26357134743287	9.313760579507175	101.24038970502998	-0.0	28.972286967660278	61.970138798447735
6.02304444041511	89.01765098432679	9.48896720775409	101.4608888083022	-0.0	37.172752468524365	61.74352414973208
6.036692314611046	88.77339663509491	9.761540073688334	101.73384629222092	-0.0	44.55574719449662	61.51746475012728
6.0526232613306465	88.52927220595791	10.108597768824417	102.05246522661292	-0.0	50.72835149934335	61.291870134210996
6.070409666275252	88.28680998432887	10.501291814732234	102.40819332550502	-0.0	55.71974063779896	61.06656487701653
6.089605197016023	88.04449527080537	10.90689240005347	102.79210394032044	-0.0	59.229043278838546	60.84155233652477
6.109715516813521	87.80378403114217	11.292133976535945	103.19431033627042	-0.0	61.15323342355413	60.616784465529264
6.130214762418018	87.5632759396685	11.626630164016511	103.60429524836036	-0.0	61.55791010733216	60.392335953262986
6.150593039330989	87.32431909078272	11.885804198728264	104.01186078661976	-0.0	60.35049879542238	60.16826757669315
6.170332688468389	87.08563980507458	12.05297395308614	104.40665376936778	-0.0	57.55695017881896	59.94473732126905
6.188875186789426	86.8484127108051	12.120409157337617	104.77750373578851	-0.0	53.5014707309421	59.72186175499801
6.205771318405143	86.61152421763335	12.089371387744222	105.11542636810285	-0.0	47.78377434588654	59.49982772102785
6.220996606580985	86.3760220659686	11.969343465260744	105.41993213161969	-0.0	38.00684559519169	59.27877379806477
6.232408876930091	86.14094907295653	11.776873304252245	105.64817753860181	-0.0	30.64964429424048	59.058820887199616
6.242485948990127	85.90713550454389	11.534894348924157	105.84971897980253	-0.0	16.99760076348103	58.84008372200411
6.460839907329641	85.67386656603162	11.282880873791008	105.89492557845215	-0.0	-0.0	58.62261970512338
7.518015339374904	85.44171388525085	11.0911349295754	105.89492557845215	-0.0	-0.0	58.40638561651225
9.450817532279883	85.21020936811895	10.812005771098917	105.89492557845215	-0.0	-0.0	58.19137287501929
12.249826945634341	84.97969621007405	10.46230834779771	105.89492557845215	-0.0	-0.0	57.977691906630874
15.901402565182952	84.74998052986003	10.064601255525018	105.89492557845215	-0.0	-0.0	57.76544180834354
20.387748382500405	84.52108086953331	9.644371860145949	105.89492557845215	-0.0	-0.0	57.55468686551535
25.68700012412036	84.29308274363461	9.228787254776172	105.89492557845215	-0.0	-0.0	57.345431676051724
31.77333180738025	84.06578540003085	8.845341350957865	105.89492557845215	-0.0	-0.0	57.137680327234584
38.6170816037567	83.83951645108378	8.520445420415427	105.89492557845215	-0.0	-0.0	56.93132387553975
46.1848963962007	83.61380531241397	8.278015388331616	105.89492557845215	-0.0	-0.0	56.72628653024527
54.43989432609807	83.3891695002276	8.138117487026046	105.89492557845215	-0.0	-0.0	56.52238880243309
63.34184453750796	83.16509058902464	8.115742800085352	105.89492557845215	-0.0	-0.0	56.31948823845621
72.84736324286749	82.94205173610004	8.187918890432249	105.89492557845215	-0.0	-0.0	56.11736413693988
82.90087601271411	82.86752117719693	8.26535163182534	105.88308103491218	54.789918749214806	-0.0	55.91593566534957
92.0877001248154	89.94549166925383	8.342341516386163	104.31450032658007	439.08855712776386	-0.0	56.040427546020254
98.55212804638153	90.39755383654672	8.41889209131322	99.85854499462737	856.6864530766974	-0.0	57.93969358979474
102.47865708851344	91.9426777186603	8.495009562086356	93.61056619747472	973.775201618311	-0.0	61.14875423727587
105.1059154446812	95.13863255000621	8.570702244614482	87.17761831564638	947.1301180517646	-0.0	64.53299020030576
106.90749585543122	98.14612277076347	8.64597882699709	81.04592867365864	887.9885008377629	-0.0	67.7683441170108
108.13545106632498	100.88295080186785	8.720847707440955	75.38248368676031	807.9139952997109	-0.0	70.75056305257085
109.0445543551924	103.33180702297628	8.795316798175648	70.29440524888881	717.040626393966	-0.0	73.40993978504444
109.83882537584212	105.482989732124	8.869393411459855	65.8181710291572	626.1191643246763	-0.0	75.7176342148413
110.63945032931852	107.36051296094175	8.9430842138429	61.92644011449139	543.2350901349338	-0.0	77.6817511823704
111.48007457616394	108.98686141523112	9.016395243540623	58.5472212965764	473.6973553693901	-0.0	79.33928418758924
112.32653238294111	110.38788734702983	9.08933197593359	55.58820392044272	417.7057016991928	-0.0	80.74239681013415
113.1215239694839	111.59410086168644	9.161899414170305	52.964126212898975	370.7668805351571	-0.0	81.94236153483189
113.8341161754218	112.60056875149219	9.23410217819081	50.61725315291449	333.19554041683193	-0.0	82.97774356859495
114.45462700038244	113.46354453388913	9.305944572809503	48.50878747635298	298.65937451283514	-0.0	83.87215003182425
114.996447487531	114.2001076492479	9.377430631124971	46.61545378728336	267.71362581213396	-0.0	84.64020639007884
115.47119710153196	114.8140017709466	9.44856414233927	44.91683369245482	243.2027544101459	-0.0	85.29423352145285
115.87271371782315	115.34734019523091	9.519348674809859	43.389049442157194	217.44796396678663	-0.0	85.84667018394966
116.2051034579687	115.78615471410946	9.589787598609583	42.01544287805198	194.17874998910716	-0.0	86.30882367193185
116.47235297043947	116.13959927709057	9.659884105984137	40.78177088335961	173.05442034632205	-0.0	86.68953588942333
116.68477369955416	116.39913332428932	9.729641227757796	39.6779923655849	160.33600273748564	-0.0	86.99570648790173
116.83510519302716	116.61842636534372	9.799061846410988	38.689905588633714	139.64631929094816	-0.0	87.23349981777086
116.93352372138439	116.76763725649958	9.868148707672978	37.81077790268267	122.18748642816333	-0.0	87.4086514643288
116.98217726095893	116.8468277062581	9.93690443125895	37.03251778485247	110.36965127731177	-0.0	87.52639694440758
116.99839231808193	116.89911542700817	10.00533152026972	36.35288450958474	94.52470680535382	-0.0	87.58790329428896
116.94814102347024	116.86877095401346	10.073432365067113	35.75501577042629	84.51808239134833	-0.0	87.60053899752872
116.82850210343494	116.7743566081371	10.141209256457552	35.23288229460509	69.80755386636962	-0.0	87.57334211099038
116.69019824941726	116.55576795465502	10.208664399091797	34.79695441798627	109.99421134133178	-0.0	87.50236764120866
116.57682263849078	116.54346882667782	10.275799905101458	34.45578871633951	54.78907795506541	-0.0	87.37016352880816
116.38890950645636	116.36656467554306	10.3426177754438	34.177312926677686	44.84456245964261	-0.0	87.19947116461749
116.07537922986232	116.02580394375367	10.409119930151936	33.944762519222685	66.79652498280419	-0.0	87.01147067067784
115.7295963489732	115.75990591240458	10.475308239681238	33.78325530346736	-0.0	-0.0	86.78528897316565
115.27268001112533	115.29516693819406	10.54118449792491	33.72800347634514	-0.0	-0.0	86.50791634396882
113.95058885834048	115.35236409676715	10.606750398760296	33.72800347634514	-0.0	-0.0	86.17204339505807
111.56038805956952	114.67848822183822	10.672007540895065	33.72800347634514	-0.0	-0.0	85.85400343713489
108.14861556222596	114.61285025292794	10.736957519884916	33.72800347634514	-0.0	-0.0	85.52387497000406
103.7816996300689	114.04898972369446	10.801601914047735	33.72800347634514	-0.0	-0.0	85.20481077785684
98.54466546438162	113.8944530003218	10.865942298596938	33.72800347634514	-0.0	-0.0	84.87984683390707
92.53947973707088	113.41053752043659	10.929980235880633	33.72800347634514	-0.0	-0.0	84.5609968224383
85.88306526808194	113.19346455690376	10.993717281959405	33.72800347634514	-0.0	-0.0	84.24014538648917
78.70502450198751	112.76647701270349	11.057154982699775	33.72800347634514	-0.0	-0.0	83.9223489842336
71.14511610840397	112.50677281192665	11.120294875824504	33.72800347634514	-0.0	-0.0	83.60488911161359
63.35053383754018	112.11954520982655	11.183138490445367	33.72800347634514	-0.0	-0.0	83.2887025302641
55.473040612428164	111.83186576656863	11.245687346553778	33.72800347634514	-0.0	-0.0	82.9741532988176
47.66601365799072	111.4718888408823	11.30794295640411	33.72800347634514	-0.0	-0.0	82.65993100043971
40.081458199090754	111.16677400710574	11.369906822715288	33.72800347634514	-0.0	-0.0	82.34798050680247
32.86704787191124	110.82516522662911	11.43158044089887	33.72800347634514	-0.0	-0.0	82.03593687634829
26.16324947263936	110.51000592524504	11.419217425248453	33.72800347634514	-0.0	-0.0	81.72640082099831
20.10058802561202	110.18059612314634	11.24229279563604	33.72800347634514	-0.0	-0.0	81.41687059357274
14.797105420770398	109.86041291771409	10.995001872295697	33.72800347634514	-0.0	-0.0	81.11023269479836
10.356062101650078	109.53906794236563	10.702446017447594	33.72800347634514	-0.0	-0.0	80.80397072392492
6.879735023310504	109.2171905479623	10.379874017535412	33.81623440463324	-0.0	157.355482849571	80.50062984005496
4.607454442390972	108.90119744047688	10.04072935669977	35.84081495349824	-0.0	396.71526598291854	80.19791627466314
3.2860399553702035	108.57970722212063	9.699441127433701	38.81429702322285	-0.0	481.071665189904	79.89799268979705
3.0542691635729144	108.26736979996315	9.373177516548063	42.085383271458284	-0.0	488.563453248712	79.59888401301556
3.214363348234048	107.94755169797438	9.076272070429285	45.28726696468095	-0.0	471.917610125249	79.30232713161301
3.3689561181879633	107.63785324248352	8.810026159391168	48.379122363759265	-0.0	455.5011307808267	79.00667374524832
3.5180896926816887	107.32041788254793	8.573820011342487	51.36179385363377	-0.0	439.1620478709267	78.71328484343492
3.6617867623010425	107.01279976019606	8.366967821463575	54.235735246020845	-0.0	422.88752506193225	78.42085348529592
3.8000691586519215	106.69807594782866	8.188700311985023	57.00138317303843	-0.0	406.6801088842386	78.1304263035155
3.932959991943168	106.39224261900304	8.038141613404429	59.65919983886336	-0.0	390.54436589010334	77.8409903503233
4.060484017189838	106.08041631887072	7.91427845485573	62.20968034379676	-0.0	374.485560282398	77.55332903559957
4.182667850973342	105.77624970913956	7.815919143427625	64.65335701946682	-0.0	358.50959388985274	77.26667504817031
4.2995401871620835	105.46730870199875	7.741639724153617	66.99080374324167	-0.0	342.62304548563316	76.98159992846492
4.41113204344817	105.1648161889462	7.689716166297227	69.22264086896338	-0.0	326.83330325575605	76.69753216589096
4.517477054771833	104.85869169849958	7.658047231574029	71.34954109543665	-0.0	311.1486957111968	76.41488159924008
4.618611805729772	104.55792979584741	7.644088123631779	73.37223611459544	-0.0	295.578618655036	76.13322939528285
4.714576221775392	104.25449681026684	7.644844709194937	75.29152443550782	-0.0	280.1337441377061	75.85286855471315
4.805414029544403	103.95553868912798	7.65700815559688	77.10828059088807	-0.0	264.8262501306699	75.57349636013763
4.891173294697801	103.65472758090591	7.6772803174397914	78.823465893956	-0.0	249.6700739685281	75.295324147578
4.971907071164216	103.3576060266865	7.702795895769509	80.4381414232843	-0.0	234.68120648269826	75.01814077754186
5.047674152403848	103.0593178777838	7.731412319838024	81.95348304807696	-0.0	219.87814822501218	74.74209696124925
5.11853996849624	102.76410763205052	7.761729928365179	83.3707993699248	-0.0	205.28243538580045	74.46704863913159
5.1845777123601975	102.46825664322463	7.792923476289718	84.69155424720394	-0.0	190.91899269869236	74.19310165466938
5.2458695812765	102.1750004942217	7.824538350624377	85.91739162552999	-0.0	176.81724611245278	73.9201575508695
5.3025084028553175	101.88150538148102	7.856334076581874	87.05016805710635	-0.0	163.01157603081214	73.64828814790931
5.354599471070137	101.59024350616171	7.888186390514663	88.09198942140274	-0.0	149.54267776725055	73.37742598278481
5.402262871326876	101.29904168127335	7.9200319256417915	89.04525742653752	-0.0	136.45822679597686	73.10761799919455
5.4456359271491115	101.00979964276424	7.951838635248733	89.91271854298222	-0.0	123.8156814943371	72.83881925153196
5.484876768139311	100.7208275096137	7.9835904014699794	90.69753536278623	-0.0	111.68061888569683	72.57105808392681
5.520167270015776	100.43362015793757	8.015279170809823	91.40334540031552	-0.0	100.13167289067526	72.30430495192654
5.551717320310015	100.14685082774616	8.046900948333953	92.0343464062003	-0.0	89.25767222004495	72.03857464588724
5.579768352849278	99.86168346185613	8.07845377960744	92.59536705698557	-0.0	79.1571842349387	71.77385019280851
5.604595703290902	99.57708916177083	8.109936733582892	93.09191406581803	-0.0	69.93725856342893	71.51013515962832
5.626510058218977	99.29394992651999	8.141349391094206	93.53020116437953	-0.0	61.69955673310174	71.24742299332638
5.645854151548958	99.01149837806311	8.172691589051206	93.91708303097916	-0.0	54.52676749138087	70.98570822534062
5.662992631949654	98.73036663492577	8.203963292283337	94.25985263899308	-0.0	48.473675234057005	70.72499324022237
5.678299190897335	98.45005308671949	8.235164529348896	94.5659838179467	-0.0	43.532501639773635	70.4652623263096
5.692134974383388	98.17093318939857	8.266295360724133	94.84269948766774	-0.0	39.63506174553502	70.20652741463053
5.704828520625607	97.89273438230671	8.297355862862924	95.09657041251214	-0.0	36.657346751386406	69.94876505572574
5.716660838743622	97.6155646145495	8.328346120275672	95.33321677487244	-0.0	34.43716383380552	69.69199708688399
5.727857063545948	97.33949822808987	8.35926622167103	95.55714127091896	-0.0	32.81463034500885	69.43618712106068
5.738590100438593	97.06430305107385	8.390116257900253	95.77180200877186	-0.0	31.63610713252091	69.18136792328983
5.748986431921535	96.79038637993851	8.420896321066548	95.9797286384307	-0.0	30.777747562543986	68.92749426272319
5.759136162908584	96.51696816298656	8.4516065040384	96.18272325817168	-0.0	30.1419725438206	68.67461454433425
5.769101474155563	96.24524309893475	8.482246900178382	96.38202948311125	-0.0	29.661077351681755	68.42266108219387
5.7789250793580385	95.9737529177767	8.512817603262603	96.57850158716076	-0.0	29.28491501943046	68.1716985646239
5.788635803423033	95.70405550123468	8.543318707419507	96.77271606846067	-0.0	28.97924213290875	67.92165646397645
5.7982530015590035	95.43450243962644	8.57375030706941	96.96506003118007	-0.0	28.72070873460089	67.67259495256891
5.807789614436523	95.16681695627379	8.60411249689678	97.15579228873044	-0.0	28.493685336270968	67.42444834668832
5.817254292670363	94.89925259120308	8.634405371889493	97.34508585340726	-0.0	28.287758047944585	67.17727096775255
5.826652835747851	94.63350453066147	8.664629027353731	97.533056714957	-0.0	28.09603413176859	66.93100755114082
5.8359891637850145	94.36790022053053	8.694783558750824	97.71978327570028	-0.0	27.9139135063953	66.68570070553035
5.845265948660731	94.10405472654166	8.724869061886443	97.9053189732146	-0.0	27.738404561300204	66.44130596057127
5.8544850421873145	93.84045010514484	8.754885632872636	98.08970084374629	-0.0	27.56758678825612	66.1978518485914
5.863647771731792	93.57852142580593	8.784833367941564	98.27295543463583	-0.0	27.400116070858935	65.95530981610693
5.872755108034579	93.31688030070389	8.81471236365635	98.45510216069158	-0.0	27.235152926766904	65.71369657423698
5.8818077905361275	93.0567874200237	8.844522716861936	98.63615581072254	-0.0	27.072175884410477	65.47299437813301
5.8908064133477405	92.79713053692294	8.874264524592462	98.8161282669548	-0.0	26.91081110610119	65.23320652546703
5.899751472273735	92.53888411096563	8.903937884134045	98.99502944547469	-0.0	26.750813124503544	64.99432776219811
5.908643397749692	92.28119394157164	8.93354289302206	99.17286795499385	-0.0	26.592031874687734	64.75635162905604
5.9174825769938	92.02475064941535	8.963079649046858	99.34965153987599	-0.0	26.43437920088474	64.51928357053461
5.92626937166467	91.7690110080784	8.992548250200919	99.5253874332934	-0.0	26.27777837158279	64.28310515749978
5.935004125253457	91.51438878340599	9.021948794701203	99.70008250506913	-0.0	26.122170739771178	64.04783166834291
5.943687164217469	91.26060772553703	9.051281381041482	99.87374328434937	-0.0	25.967554294081587	63.81343566259129
5.952318813368519	91.00772045227066	9.080546107857238	100.04637626737038	-0.0	25.813865226074814	63.57994595784971
5.960899382823148	90.75588153090479	9.109743074104273	100.21798765646295	-0.0	25.66113004530464	63.34731977841974
5.969429184214581	90.50478317778939	9.138872378868033	100.38858368429162	-0.0	25.509315838818676	63.11559614824407
5.977908525047116	90.2548664088798	9.167934121482212	100.55817050094232	-0.0	25.35839730913852	62.88472603141381
5.986337704855597	90.00553166279592	9.19692840151648	100.72675409711194	-0.0	25.208401023978862	62.6547545503534
5.994717025328273	89.75748077038831	9.225855318717606	100.89434050656546	-0.0	25.059306469177116	62.425628822838796
6.003047110216713	89.5099161249902	9.254701484555055	101.06094220433424	-0.0	24.91104993986753	62.19739541596691
6.0117346801412	89.26372599371679	9.31890375788385	101.234693602824	-0.0	29.196582408335917	61.96999215723259
6.02283248372652	89.01793759746296	9.496824749700185	101.4566496745304	-0.0	37.313653802244964	61.74336874424118
6.036551925152408	88.77357651681268	9.77162685755412	101.73103850304815	-0.0	44.55280679576635	61.51730553980157
6.052511216869889	88.52953744749999	10.120282505893739	102.05022433739778	-0.0	50.88766838786253	61.29168307952874
6.070336229881601	88.28699840750177	10.51380388388461	102.406724597632	-0.0	55.83176620691246	61.06636082126352
6.089558190174321	88.04474256901476	10.919397103612013	102.79116380348641	-0.0	59.29104532770091	60.841330366665666
6.109681652168719	87.80399525032479	11.303819356106938	103.19363304337438	-0.0	61.16554311868063	60.61654873604735
6.130179292830292	87.56350894643225	11.636788426312988	103.60358585660582	-0.0	61.53675730701106	60.39208458526184
6.150543185697453	87.32454343130009	11.89389634052456	104.01086371394905	-0.0	60.29287048402288	60.16799796255607
6.170311039327423	87.08587378500576	12.058670792271434	104.40622078654846	-0.0	57.12079207916619	59.94446080932557
6.188746630785297	86.84865588981208	12.123606258870604	104.77493261570594	-0.0	53.370743367006625	59.72158051911667
6.205567950690012	86.61173948205489	12.090180733985324	105.11135901380024	-0.0	47.765836117896946	59.49953930215579
6.220387421581187	86.37626993141093	11.968069159760853	105.40774843162374	-0.0	39.56330695826524	59.27848445284287
6.230798980061592	86.14117295938192	11.773985375910593	105.61597960123183	-0.0	36.734761904573155	59.058542426130984
6.2425089719467985	85.90737684587933	11.531021315782072	105.85017943893597	-0.0	12.05801951534838	58.839810327829376
6.47563543638162	85.67409161573272	11.27737842651579	105.87745752187273	-0.0	-0.0	58.62235433033337
7.554602458726756	85.44195241795445	11.080768708938187	105.87745752187273	-0.0	-0.0	58.40613490588266
9.508866826822748	85.21043991266156	10.799834224103684	105.87745752187273	-0.0	-0.0	58.191138702722995
12.328904404033683	84.97994378210227	10.448873183257957	105.87745752187273	-0.0	-0.0	57.977481813697544
16.000971695026195	84.75020474728792	10.050520798209202	105.87745752187273	-0.0	-0.0	57.765253012216235
20.507172824915415	84.52133274021337	9.630311037400011	105.87745752187273	-0.0	-0.0	57.55452361794174
25.825546755062465	84.2933093368382	9.215424997375782	105.87745752187273	-0.0	-0.0	57.345294538005035
31.93017431054417	84.06603954189565	8.833336517187108	105.87745752187273	-0.0	-0.0	57.137563647889394
38.79130449762105	83.8397401644471	8.5104024553019	105.87745752187273	-0.0	-0.0	56.93122523272266
46.375499495661344	83.61406096373211	8.270451097139354	105.87745752187273	-0.0	-0.0	56.726203827100186
54.645797616853194	83.38939702924311	8.133430503157003	105.87745752187273	-0.0	-0.0	56.522318630319354
63.56189343956092	83.16534259620192	8.114187531996404	105.87745752187273	-0.0	-0.0	56.31942429942279
73.08033423736913	82.94228341840835	8.18728544271169	105.87745752187273	-0.0	-0.0	56.117303369342146
83.13661642325619	83.00839262607194	8.264723112021281	105.8543317807555	107.42505176439197	-0.0	55.91587738635045
92.27898653817921	90.02387051658154	8.341717893080599	104.22969771441798	450.5113116712948	-0.0	56.064477985044526
98.66998875289212	90.39895500587222	8.418273374868377	99.70993338430746	862.7821493469779	-0.0	58.00872602050012
102.55274265780494	92.01458828579838	8.494395830962317	93.4445718931496	973.8757074085945	-0.0	61.23114768929082
105.1560204955888	95.21470764461449	8.57009360275677	87.01653765271415	945.8954258202585	-0.0	64.61328330492097
106.9401249080926	98.21522847184234	8.645375375693249	80.89506706971106	886.1380700898272	-0.0	67.84327006279143
108.15724474197475	100.94494187168364	8.720249538185543	75.24531868553878	805.6719297122123	-0.0	70.81797445285706
109.06181117347323	103.38356225078964	8.794723989103483	70.17291902545544	714.8722984152648	-0.0	73.46868360438245
109.85568662237716	105.52445277066319	8.868806025403792	65.71233814850983	624.3484977592705	-0.0	75.76745569513398
110.65522626496895	107.40774507949484	8.942502298085653	61.83342496667556	540.6230726603046	-0.0	77.72318083547488
111.49690116241742	109.02627402570378	9.015818830980674	58.466176293241155	471.5468611964529	-0.0	79.37365185769961
112.34206450652846	110.42578329750542	9.08876108717593	55.51628761702621	415.28942776342575	-0.0	80.77105122203585
113.13764064240794	111.61343568763691	9.161334059899863	52.900982795421186	370.3760871457461	-0.0	81.96648794008111
113.84642570183073	112.62367251909116	9.233542361192681	50.55986569460064	331.7345119919858	-0.0	82.9980753914888
114.46768181194197	113.46841714009228	9.305390289344635	48.45833814302715	299.88968049346386	-0.0	83.88915280792796
115.0071584057355	114.2050170409401	9.37688187176758	46.569923080871455	268.68703510140756	-0.0	84.65418736123834
115.47612751713481	114.83571084094078	9.448020892579274	44.87433893608109	240.07811407428048	-0.0	85.30550491464159
115.87685904597254	115.36186669927977	9.518810915623586	43.35105451679564	215.28890171662079	-0.0	85.85554701473056
116.20975775675984	115.78849116578209	9.589255307009859	41.98195274366392	194.7151591119644	-0.0	86.31556136936494
116.47829520600962	116.12788075232494	9.659357255482904	40.752633923685764	177.58744559123832	-0.0	86.69432728853712
116.68146059609768	116.41866567429382	9.729119788725333	39.64930949387745	153.7905815137824	-0.0	86.99871170946886
116.83580799169937	116.61408962192708	9.798545786376911	38.66586152328545	141.26094038872216	-0.0	87.23487275569536
116.93295965610905	116.76152168946116	9.867637991604278	37.789368442924825	124.21520437655674	-0.0	87.40853166122477
116.96932521136785	116.88043375661985	9.936399021825437	37.01011566741521	89.44401001363634	-0.0	87.5249175445751
116.96894889968777	116.90587499707829	10.004831378173225	36.32813099318203	75.34355470014657	-0.0	87.58745982285924
116.92000919147704	116.84571092300888	10.072937453228269	35.73327265125777	81.77312616094576	-0.0	87.60201517488468
116.8316510722436	116.77734588703755	10.140719539548014	35.22283693061671	69.91041888405654	-0.0	87.56766223773874
116.70941181213256	116.57144348367532	10.20817983185879	34.79381488892568	111.43226445312433	-0.0	87.49104317599938
116.56685128292085	116.54893014276183	10.275320433864309	34.44628364357547	40.16095883207499	-0.0	87.36100685754722
116.35945909860078	116.35561405860449	10.342143349389351	34.164293174631105	18.602515949901342	-0.0	87.19428035897056
116.05093471930944	116.05267055627795	10.40865050430433	33.93523004211507	-0.0	-0.0	87.0037800108543
115.70406003069108	115.83514068187688	10.474843765999733	33.77540706857914	-0.0	-0.0	86.77382213333736
115.2410137545242	115.27794421157415	10.540724923260656	33.72459995323071	-0.0	-0.0	86.49721808793463
113.89195847362508	115.34608341968834	10.606295670790495	33.72459995323071	-0.0	-0.0	86.16174817076615
111.47581747335661	114.6649120749584	10.671557608222948	33.72459995323071	-0.0	-0.0	85.84339067049969
108.03963376486632	114.60387574928362	10.736512331218508	33.72459995323071	-0.0	-0.0	85.51367487696888
103.65031090572921	114.03762801416599	10.801161418848311	33.72459995323071	-0.0	-0.0	85.19428870327116
98.39331036701397	113.88394494208178	10.865506446440945	33.72459995323071	-0.0	-0.0	84.86971953930657
92.37098757207725	113.40045156631712	10.929548977059783	33.72459995323071	-0.0	-0.0	84.55057940513738
85.70059900485136	113.18218734980658	10.993290566913242	33.72459995323071	-0.0	-0.0	84.2300803044957
78.51201918992945	112.75705547024768	11.056732762532711	33.72459995323071	-0.0	-0.0	83.91204145974847
70.94521199545106	112.49520402042755	11.11987710182843	33.72459995323071	-0.0	-0.0	83.59488258589285
63.147505493416034	112.11040715660033	11.182725114524493	33.72459995323071	-0.0	-0.0	83.27850513996164
55.270723436593485	111.82028896727398	11.245278320838493	33.72459995323071	-0.0	-0.0	82.96420538770055
47.46822920324418	111.46282381297166	11.307538233587477	33.72459995323071	-0.0	-0.0	82.64984099059372
39.891939764752166	111.15535386276689	11.369506355751133	33.72459995323071	-0.0	-0.0	82.33809313992914
32.68936781533132	110.8160620753622	11.431184183259866	33.72459995323071	-0.0	-0.0	82.02594975400584
26.00074965429925	110.49880441529568	11.41144801292524	33.72459995323071	-0.0	-0.0	81.71658086949463
19.95631474206512	110.17141504059174	11.232997452574887	33.72459995323071	-0.0	-0.0	81.40699800883432
14.67375009231752	109.84946258812118	10.984780403209086	33.72459995323071	-0.0	-0.0	81.10050594700007
10.255908869543314	109.52979762694983	10.691609109667697	33.72459995323071	-0.0	-0.0	80.79422329913122
6.813367438401157	109.20648016055405	10.368693123504222	33.86343754590434	-0.0	168.8671321363838	80.4910042128863
4.564116610540115	108.89184217551022	10.029504411254687	35.92094354786895	-0.0	399.7566908238804	80.18829304591448
3.2669705783422986	108.56923374998951	9.688537910603609	38.9074319562822	-0.0	482.052631946483	79.88847196770581
3.058953217726737	108.25795049997099	9.363050264415381	42.17906435453474	-0.0	488.05211317296283	79.58938133784537
3.218879296136009	107.93728604384988	9.067074072813888	45.37758592272017	-0.0	471.41920546140335	79.29290930844931
3.3733064993091286	107.6283854622849	8.801739052717014	48.46612998618257	-0.0	455.00591303382174	78.99728339478466
3.522275356620668	107.31033198794705	8.56642401206657	51.44550713241336	-0.0	438.66910635700555	78.7039656641115
3.665808464104816	107.00329311319938	8.360440911575326	54.31616928209632	-0.0	422.396879066823	78.41156750534414
3.8039276850823605	106.68814512730961	8.183017637913249	57.07855370164721	-0.0	406.1918891317141	78.12120052888292
3.9366561784606517	106.38275175040425	8.033274688931163	59.733123569213035	-0.0	390.0587335222938	77.83180028130911
4.0640187559146606	106.07061839285961	7.910194097002391	62.28037511829321	-0.0	374.00269542409575	77.54419153855386
4.186042096782861	105.76677262502244	7.812578065330599	64.72084193565723	-0.0	358.02969643625624	77.25757439006722
4.30275496533087	105.45763542525242	7.738994715679357	67.0550993066174	-0.0	342.14633596098446	76.97254562850001
4.414188457614468	105.15536962113725	7.687709892339797	69.28376915228935	-0.0	326.3600303492331	76.68851493300387
4.520376296563108	104.84912400085494	7.656609962014753	71.40752593126216	-0.0	310.6791380431614	76.40590600153293
4.621355165835778	104.54851852559291	7.643136389528878	73.42710331671556	-0.0	295.1130919297634	76.12429076158342
4.717165102530618	104.2450327099092	7.644282923292451	75.34330205061235	-0.0	279.67261095231515	75.84396763332185
4.807849961215297	103.94617613317224	7.656735613137765	77.15699922430593	-0.0	264.3699188496159	75.5646321088082
4.893457953583448	103.64534946260494	7.677203349394404	78.86915907166897	-0.0	249.21900867578313	75.28649556400195
4.974042301139283	103.34830422340734	7.702839556145547	80.48084602278566	-0.0	234.2359359595144	75.00934829205292
5.049661985419862	103.05001650982852	7.731524893779412	81.99323970839723	-0.0	219.439309156184	74.73333924410129
5.120382663335135	102.75486821161603	7.7618797423418675	83.40765326670268	-0.0	204.85073254117245	74.45832649382422
5.186277786423541	102.45903022472334	7.79309268327361	84.72555572847082	-0.0	190.49524566549857	74.18441371154054
5.2474298395990395	102.16582719079504	7.824717396385976	85.94859679198079	-0.0	176.40250370347007	73.9115048748283
5.303932037657662	101.87235124608587	7.856517983457883	87.07864075315324	-0.0	162.60682932441202	73.63966928498552
5.35589003332608	101.58113561224778	7.888372616453861	88.1178006665216	-0.0	149.14948440581614	73.36884220383885
5.403424456032385	101.28995674299797	7.920219176477192	89.06848912064771	-0.0	136.07800693253472	73.09906792920387
5.446673166893645	101.00075303028427	7.952026257377625	89.93346333787291	-0.0	123.45036489014247	72.83030381061099
5.4857949826209085	100.71181705987281	7.983778064468267	90.71589965241817	-0.0	111.3323354963496	72.56257594833208
5.520972621390529	100.42463037395119	8.015466706672509	91.41945242781057	-0.0	99.80244838896729	72.29585762132973
5.5524166077649095	100.13790825188678	8.047088271172552	92.04833215529818	-0.0	88.9515208005887	72.03015982596173
5.580369660579662	99.85276959338526	8.07864084399641	92.60739321159323	-0.0	78.87631588573197	71.76546965358145
5.605108085848501	99.56821888977053	8.110123514758548	93.10216171697002	-0.0	69.68426709179386	71.50178697463517
5.62694332792056	99.28509786868301	8.14153587455933	93.53886655841119	-0.0	61.47834682519454	71.2391092655384
5.646219043844834	99.00268798837281	8.172877765396752	93.92438087689668	-0.0	54.33958722142965	70.97742682054525
5.663300512279609	98.72157902217488	8.20414915465357	94.26601024559218	-0.0	48.319921923071824	70.71674566700956
5.678561304130431	98.44132391381233	8.235350072191945	94.57122608260862	-0.0	43.409506750960034	70.45704604162054
5.692361310030739	98.16220559972338	8.266480579163087	94.84722620061477	-0.0	39.542438741725434	70.19834542152257
5.705028353917775	97.88405306503746	8.297540752346833	95.1005670783555	-0.0	36.58868575805901	69.9406150400029
5.716841306311749	97.60691289202924	8.328530676461396	95.33682612623498	-0.0	34.39002319848005	69.68387959351163
5.728024264775841	97.33089098101217	8.359450440297264	95.56048529551681	-0.0	32.7813677056969	69.42810136678347
5.738748190564423	97.05570945123621	8.390300134808887	95.77496381128846	-0.0	31.613748547365663	69.17331484915576
5.749138526432566	96.78176768702937	8.421079852151227	95.98277052865132	-0.0	30.762584139030547	68.91947511750803
5.759284288193618	96.5085241134764	8.451789685214266	96.18568576387237	-0.0	30.132634587782064	68.6666228918375
5.769247140863368	96.23666973903991	8.482429727426787	96.38494281726736	-0.0	29.65532616931918	68.41470586329862
5.779069263035817	95.96536850648441	8.513000072602768	96.58138526071633	-0.0	29.281595571086854	68.16377087716116
5.788779160665246	95.69555897123324	8.543500814893058	96.77558321330493	-0.0	28.97750182385498	67.91376335412049
5.798395960960263	95.42616416019517	8.573932048765165	96.96791921920524	-0.0	28.720020687713752	67.66473116379534
5.80793246054843	95.15841058643056	8.604293868931503	97.15864921096859	-0.0	28.49366657180492	67.41661667046611
5.8173972092701955	94.89094758550786	8.634586370419601	97.3479441854039	-0.0	28.288172584786004	67.16947088454071
5.826795945571128	94.62516077344173	8.664809648516384	97.53591891142254	-0.0	28.09669410149547	66.92323927558868
5.836132534391228	94.35960923167515	8.694963798876174	97.72265068782455	-0.0	27.91480233600822	66.67796250470853
5.845409632019212	94.09585936930043	8.725048917205939	97.90819264038423	-0.0	27.739429006214657	66.4335956965799
5.854629074662321	93.83222644728284	8.755065099615514	98.09258149324641	-0.0	27.56865154628116	66.19017531567295
5.863792171415117	93.57032535680288	8.785012442446256	98.27584342830232	-0.0	27.401202830189533	65.94766408130515
5.872899880336292	93.30870293536778	8.814891042366355	98.45799760672584	-0.0	27.23630302627548	65.70607993877627
5.881952945962829	93.04869589026676	8.844700996119979	98.63905891925657	-0.0	27.073339562801355	65.46540776372039
5.890951956791098	92.78902885170149	8.874442400813704	98.81903913582195	-0.0	26.91196600088419	65.22564964883676
5.899897403041063	92.53082598767125	8.90411535380293	98.99794806082124	-0.0	26.75197446076389	64.98680268565889
5.908789715353095	92.27315193895139	8.933719952643452	99.17579430706189	-0.0	26.5932016494001	64.74885498254935
5.917629282101755	92.0167625090579	8.963256295133196	99.3525856420351	-0.0	26.435540732540264	64.51181703832879
5.926416463298341	91.76104682092743	8.992724479308642	99.5283292659668	-0.0	26.278926696361342	64.27566702773498
5.9351516001756845	91.50644035096846	9.022124603441167	99.70303200351368	-0.0	26.123320437811035	64.04042482632933
5.9438350218555485	91.25266720803452	9.05145676603002	99.87670043711096	-0.0	25.96869160283816	63.80605874632077
5.9524670500962245	90.99986533891543	9.080721065767923	100.04934100192447	-0.0	25.815005886238602	63.57259639949522
5.961047998472553	90.74802101135317	9.109917601605485	100.22095996945106	-0.0	25.662254317452273	63.340000012753556
5.969578175805397	90.49698748224155	9.13904647269521	100.39156351610794	-0.0	25.51043191112531	63.10830427692799
5.978057888417522	90.24703316474647	9.168107778408627	100.56115776835044	-0.0	25.359525233238372	62.87746517734896
5.986487439003327	89.99775122313768	9.197101618310981	100.72974878006654	-0.0	25.209528838336233	62.647522600931424
5.994867131813081	89.74975318772321	9.226028092172061	100.8973426362616	-0.0	25.06039603372374	62.4184238616164
6.003197172360014	89.5022020990981	9.25488841751341	101.06394344720027	-0.0	24.91302560266395	62.190219957670884
6.011922742254761	89.2560543842407	9.321469642748552	101.2384548450952	-0.0	29.362432158904454	61.96284460207856
6.023091797983654	89.01026369232707	9.502039714462622	101.46183595967308	-0.0	37.44862969401436	61.736246089482684
6.036847686644533	88.76595766221303	9.778979609639451	101.73695373289065	-0.0	44.898876417242086	61.51018919070836
6.052874938507116	88.52194126544184	10.129111762063578	102.0574987701423	-0.0	51.08623863029777	61.284590292714604
6.070754474457701	88.27944234850885	10.523319666957656	102.415089489154	-0.0	55.89052265444035	61.059292663617605
6.090005946983183	88.03717860918681	10.928757894024745	102.80011893966366	-0.0	59.30748191707071	60.834277340265096
6.110140475680171	87.79649464366754	11.312219595978346	103.20280951360341	-0.0	61.20405568922214	60.60949484483596
6.130646707342976	87.55602060295563	11.643538917241573	103.6129341468595	-0.0	61.50186606516149	60.38504592964655
6.150992421246983	87.31710415042139	11.898487001914345	104.01984842493965	-0.0	60.29640266159953	60.16098312553415
6.170665843384644	87.07840901195495	12.060808990787368	104.41331686769288	-0.0	57.551211906164454	59.937464707828674
6.189184828235704	86.8412523124632	12.123228627217223	104.78369656471408	-0.0	53.06736130680423	59.71461360490134
6.206058919072068	86.60437376453017	12.087441179760452	105.12117838144135	-0.0	46.84848420786819	59.49261255302001
6.2204790258589995	86.36893213397214	11.963311668304186	105.40958051717998	-0.0	40.34127316147623	59.27157616031509
6.231071617187663	86.13383754442862	11.767715814417238	105.62143234375326	-0.0	36.335256679319976	59.05167218571599
6.239823504074913	85.90009426464874	11.523906299265642	105.79647008149824	-0.0	23.857310629753695	58.832980086657955
6.488474342558859	85.66680555162282	11.273188587936989	105.81221178379566	-0.0	-0.0	58.615562276308964
7.588720812997513	85.43472080096356	11.076912726528175	105.81221178379566	-0.0	-0.0	58.3993780732292
9.563533945334813	85.20320815055523	10.793884046530708	105.81221178379566	-0.0	-0.0	58.18441140795131
12.403289458222725	84.97279218719909	10.441338963546233	105.81221178379566	-0.0	-0.0	57.97078897779305
16.094147760674158	84.74301389602421	10.04200456514725	105.81221178379566	-0.0	-0.0	57.75860920532252
20.6181213995287	84.51421009705992	9.621477229543126	105.81221178379566	-0.0	-0.0	57.54791668023015
25.953162721559114	84.28620019508138	9.206967609396154	105.81221178379566	-0.0	-0.0	57.338733834432794
32.07327132305849	84.0589798679263	8.82594401022671	105.81221178379566	-0.0	-0.0	57.131032875048916
38.94862076317403	83.83266422378121	8.504721690288818	105.81221178379566	-0.0	-0.0	56.924730720971425
46.5457039235389	83.60704709152361	8.267051750145045	105.81221178379566	-0.0	-0.0	56.719745595772046
54.82749630568118	83.38238240902253	8.132771669048005	105.81221178379566	-0.0	-0.0	56.515891112320034
63.7536364705263	83.15837545994658	8.116588422246402	105.81221178379566	-0.0	-0.0	56.31302158125084
73.28062274038813	82.93532332470603	8.190503094976538	105.81221178379566	-0.0	-0.0	56.110922133373776
83.33190685030118	83.18956357322212	8.267923208804381	105.77388378762049	113.18522402290752	-0.0	55.909522451434455
92.4330264653254	90.07702463270951	8.344900548604295	104.10307187491303	460.4781915958995	-0.0	56.08089574526883
98.75591665326291	90.3922291089941	8.421438740840898	99.52970117328029	867.6012211749089	-0.0	58.0635390644228
102.59744205748244	92.06755521402982	8.497544116404345	93.25255633255607	973.4936136979715	-0.0	61.295697728756544
105.17689401176746	95.26845973206444	8.573225034821462	86.83200643580993	944.3299662582309	-0.0	64.67436238501828
106.943750298326	98.26082710516731	8.648490175319061	80.722957989023	884.0040086924276	-0.0	67.89777499574306
108.15025119306638	100.98286263497475	8.723347913683586	75.08875746019748	803.159367889242	-0.0	70.86387985152363
109.04984183160975	103.41504127854095	8.797806132840826	70.03319538244862	712.132045182768	-0.0	73.50493529078408
109.84310843855864	105.54824138332324	8.87187211214103	65.58940220604026	621.7218308626343	-0.0	75.79406039354677
110.64464961878836	107.41944448084729	8.94555248498935	61.72612761395364	538.7656841472892	-0.0	77.74094059423642
111.48766184885046	109.02863849132906	9.018853259039815	58.37186225258392	470.4382022932728	-0.0	79.38385964512844
112.3323029511219	110.42190629605615	9.09177988353135	55.432235718131935	414.65129802753273	-0.0	80.77517364592926
113.12421650414026	111.61393814991996	9.164337340402826	52.82438496831262	368.6801484753788	-0.0	81.96574878393858
113.83108556958791	112.61684575629889	9.236530232561947	50.490528689454955	330.577650781193	-0.0	82.99330987692201
114.44965898988296	113.46023353650034	9.308362850632511	48.39506149635926	298.4096023998491	-0.0	83.88083817428559
114.9871863593626	114.19391282582502	9.379839215266463	46.512281007935286	267.1977133479655	-0.0	84.64267614090127
115.45556235967847	114.81613330888874	9.450963104485227	44.822211020115404	239.89292313671044	-0.0	85.29114275937229
115.85382049936233	115.34285019806947	9.521738076665912	43.303162486157504	214.44656004785247	-0.0	85.8386678550651
116.18498491607025	115.76706608275275	9.592167493054818	41.93810715541288	193.93992626216772	-0.0	86.29644469608567
116.45215092861461	116.10346950634607	9.66225453804241	40.71255272119258	177.14775754767174	-0.0	86.67318639137267
116.65405666921806	116.39168112377514	9.73200223535569	39.61267230512732	153.66782060621196	-0.0	86.97572646825964
116.80841408489222	116.57988260375663	9.801413461016995	38.632766651330535	143.41489916394016	-0.0	87.21021283764195
116.90484418515634	116.72349087523808	9.870490954887975	37.75929462181834	127.75679196286421	-0.0	87.38235070015065
116.9443440063268	116.82487852834997	9.93923733137649	36.98402127070137	103.69133530780104	-0.0	87.49735865015947
116.89012374530685	117.02840726352437	10.007655088964984	36.28841227218153	-0.0	-0.0	87.55924937471093
116.88115729271982	116.80558372448492	10.075746618730632	35.708384840345865	82.47194153856881	-0.0	87.57332746339125
116.84577709373617	116.57258180743968	10.143514211569737	35.21608974073636	156.80425940223978	-0.0	87.53639254993557
116.71327299776063	116.5800008503354	10.21096005751998	34.78624393635501	109.51937394027956	-0.0	87.4523746096127
116.56458213008044	116.48842440091526	10.278086248964675	34.43906053151654	82.79006960297669	-0.0	87.32114143853657
116.29960618091482	116.2939837056178	10.344894787658063	34.14258733220337	22.49495002731721	-0.0	87.16336235074155
116.0069956086952	115.96853744929275	10.411387611468626	33.92016814818698	58.83225600145486	-0.0	86.97297332280753
115.70456469948672	115.71450317226298	10.477566588069147	33.77504911171835	-0.0	-0.0	86.73630271821152
115.18499061747681	115.31253418683059	10.54343349617604	33.714412995528455	-0.0	-0.0	86.45697720346215
113.80927854557552	115.24275695082952	10.608990026554578	33.714412995528455	-0.0	-0.0	86.12739262525825
111.36773849882937	114.68119922624967	10.674237784675803	33.714412995528455	-0.0	-0.0	85.80501394794828
107.907908015659	114.51757630213602	10.739178363366989	33.714412995528455	-0.0	-0.0	85.47883866761558
103.49715106364337	114.03927136079952	10.803813344015627	33.714412995528455	-0.0	-0.0	85.15685006442712
98.22134644225628	113.81115109609652	10.8681443000838	33.714412995528455	-0.0	-0.0	84.83461659561648
92.18321569614893	113.39076251367828	10.932172796087624	33.714412995528455	-0.0	-0.0	84.51388003887877
85.50032309494293	113.11980981555166	10.995900387081749	33.714412995528455	-0.0	-0.0	84.19487868636863
78.30278662062913	112.73887034195171	11.05932862046003	33.714412995528455	-0.0	-0.0	83.87593254814
70.73074453027805	112.44067673092854	11.122459033458389	33.714412995528455	-0.0	-0.0	83.55970473467876
62.93162682092032	112.08602682471225	11.18529315627126	33.714412995528455	-0.0	-0.0	83.24287873149547
55.057284721975556	111.7715574037217	11.24783250875439	33.714412995528455	-0.0	-0.0	82.92913813612284
47.2610341049673	111.4340563321863	11.31007860394343	33.714412995528455	-0.0	-0.0	82.61462031840178
39.694670376142035	111.1108161068977	11.372032944651501	33.714412995528455	-0.0	-0.0	82.30319706686213
32.50551297308228	110.78431019041118	11.43369702687298	33.714412995528455	-0.0	-0.0	81.9910810317269
25.833537009746887	110.45725133745346	11.408845882231532	33.714412995528455	-0.0	-0.0	81.68189809643142
19.80864791781836	110.13770305907343	11.228210611232313	33.714412995528455	-0.0	-0.0	81.37245605055692
14.548152147832523	109.81001271761637	10.978670880055025	33.714412995528455	-0.0	-0.0	81.06608087935473
10.154473176366889	109.49487750091716	10.684596395579337	33.714412995528455	-0.0	-0.0	80.75999844936652
6.741564995591004	109.1684868783748	10.361107164465706	33.8770798690394	-0.0	181.6511038235144	80.45686088073329
4.518685490048359	108.85623939857533	10.021679980054143	35.97552612633495	-0.0	403.183884765693	80.15437442725406
3.247179433231634	108.53225842656816	9.680862368313527	38.97699429439869	-0.0	483.26935918163304	79.85462091473475
3.062532983050889	108.22203549027931	9.355987844099618	42.25065966101778	-0.0	487.7967814056565	79.55575913040663
3.2223766736777795	107.90101263962015	9.060770529872366	45.44753347355559	-0.0	471.17436872832974	79.2593527904774
3.3767226035041196	107.59240436213483	8.796180343310704	48.53445207008239	-0.0	454.76282765470063	78.96394699399507
3.5256105576130388	107.27458051009043	8.561594286639917	51.512211152260775	-0.0	438.4268213876782	78.6706988474624
3.669063015664427	106.96742185069161	8.356322496741782	54.381260313288536	-0.0	422.1553461791109	78.37850738774215
3.8071018458053314	106.65276302725765	8.179590540693269	57.142036916106626	-0.0	405.9511664765867	78.08821858655416
3.9397502287848427	106.3470654594667	8.030515930546525	59.79500457569685	-0.0	389.81888361100744	77.79900921417403
4.067033000205365	106.03552713479056	7.908076827223136	62.340660004107306	-0.0	373.7637909781294	77.51148722631616
4.188976865253638	105.73134325961472	7.811070388517817	64.77953730507275	-0.0	357.791827999045	77.22504629861126
4.305610618620105	105.42279985720319	7.738058164258669	67.1122123724021	-0.0	341.9096028318291	76.94011201971647
4.416965391242063	105.12020548063704	7.68729756865635	69.33930782484126	-0.0	326.124540894999	76.65624490797236
4.523074944476051	104.8145270791059	7.656664619704049	71.46149888952102	-0.0	310.4450172432151	76.3737362512633
4.623976005345902	104.51366917749884	7.64358926852769	73.47952010691805	-0.0	294.88048503325405	76.09227323248257
4.719708662861077	104.21062209870682	7.645055092604352	75.39417325722152	-0.0	279.4416722567505	75.81205708282009
4.810316827552462	103.91160999086877	7.657743792227817	77.20633655104925	-0.0	264.1408359591435	75.53286438970201
4.89584878232859	103.6111653733559	7.678370011048032	78.91697564657181	-0.0	248.9919634784952	75.2548380115368
4.976357807951495	103.31403879239359	7.7041027397819	80.5271561590299	-0.0	234.01125843822973	74.97782717935927
5.051903001523894	103.01604814533005	7.73284172695509	82.03806003047788	-0.0	219.2171889387022	74.70193137684808
5.122550111660291	102.72086658892663	7.763223960240331	83.45100223320583	-0.0	204.6314885951105	74.42705095055423
5.188372685396665	102.42528814456406	7.79444945841289	84.7674537079333	-0.0	190.27942398706546	74.15325275764687
5.249453413195705	102.13208246464914	7.826078731236585	85.98906826391409	-0.0	176.19030635359294	73.88047296705466
5.305885581397382	101.83884427988544	7.857879721963665	87.11771162794763	-0.0	162.39918461794227	73.6087526441636
5.357775167178146	101.5476431521117	7.889732606158219	88.15550334356293	-0.0	148.9466028687303	73.33805194684217
5.4052429770204045	101.25671190745622	7.921576325166368	89.10485954040809	-0.0	135.88062977918625	73.0683918363459
5.448427034266128	100.96751778185008	7.953380011319371	89.96854068532257	-0.0	123.26014903626097	72.7997541076569
5.487486682369782	100.67878725042402	7.985128137865577	90.74973364739563	-0.0	111.14985010178412	72.53213990954843
5.522604892230652	100.39164033132087	8.016812954451716	91.45209784461305	-0.0	99.62935360832334	72.26554577130507
5.553992821819226	100.10512251528094	8.04843061754346	92.07985643638452	-0.0	88.78847033982083	71.99996181983389
5.581893514685137	99.82000691082924	8.079979248699647	92.63787029370273	-0.0	78.72532491053774	71.73539441797168
5.606583807132631	99.53567079132328	8.111457955061754	93.13167614265261	-0.0	69.54752001390412	71.47182499748489
5.62837587356361	99.25257755449857	8.142866336591744	93.5675174712722	-0.0	61.356578979781716	71.20926820012303
5.647613701247867	98.97038241990094	8.174204239829496	93.95227402495733	-0.0	54.23400104242934	70.94769845560693
5.664662858427729	98.68929120109051	8.20547163444763	94.29325716855458	-0.0	48.23094018097978	70.6871370130855
5.679896728163643	98.40924136356958	8.236668551507808	94.59793456327287	-0.0	43.33824679714461	70.42755036061716
5.693675312607147	98.13015802669938	8.267795052785425	94.87350625214295	-0.0	39.485647870704724	70.16896733854931
5.7063248321976925	97.8522962713333	8.29885121545277	95.12649664395384	-0.0	36.55082800063002	69.91134588916606
5.718125605277165	97.57501912963023	8.3298371244132	95.36251210554329	-0.0	34.35578084010432	69.65473270037877
5.729298594799327	97.29934953019868	8.360752868662034	95.58597189598655	-0.0	32.75568269862685	69.39906171333216
5.740014940674721	97.02405650620271	8.391598539246269	95.80029881349441	-0.0	31.593654819798026	69.14439434394396
5.750399329361055	96.75045184184796	8.42237422845118	96.0079865872211	-0.0	30.746648180215	68.89066246813096
5.760540317731064	96.47711684608035	8.453080029249932	96.21080635462128	-0.0	30.119592455012445	68.63792649373924
5.770499199784815	96.20554569244597	8.483716035177993	96.40998399569631	-0.0	29.644368797454685	68.38611934196346
5.780317919637816	95.93420884362075	8.514282340120776	96.6063583927563	-0.0	29.271994165269323	68.13529647953531
5.790024787108806	95.66465852763639	8.544779038371125	96.80049574217612	-0.0	28.968885916871674	67.88539975355658
5.799638825864506	95.39525878114956	8.575206224398359	96.99277651729012	-0.0	28.712007701208442	67.63647751523199
5.809172736863857	95.12768196148278	8.605563993061772	97.18345473727713	-0.0	28.486088385745155	67.388476177852
5.818635016046291	94.86029908654004	8.635852439484871	97.37270032092582	-0.0	28.28091701263094	67.14143609421613
5.828031365883841	94.59464700482336	8.666071659050733	97.5606273176768	-0.0	28.08968744280156	66.89531620364355
5.837365637522457	94.32924341330417	8.696221747372558	97.74731275044914	-0.0	27.907901497277376	66.65014553936864
5.846640459121847	94.06547507955489	8.726302800367174	97.93280918243694	-0.0	27.73262155479969	66.40589337182728
5.85585765341142	93.80208283181199	8.75631491426616	98.1171530682284	-0.0	27.561966661611216	66.1625742468663
5.865018529461857	93.54021317209077	8.786258185416326	98.30037058923713	-0.0	27.394611292021658	65.92017404780462
5.87412404569708	93.27879721878993	8.816132710500113	98.48248091394159	-0.0	27.22973210127177	65.67869453275364
5.883174932713155	93.01875463141506	8.845938586486296	98.6634986542631	-0.0	27.066825949934767	65.43813304429169
5.892171780793397	92.75932885012529	8.875675910507098	98.84343561586795	-0.0	26.9055118418391	65.19847765099951
5.901115080953194	92.50112545281124	8.905344779981743	99.02230161906388	-0.0	26.745562387031217	64.95973843410863
5.910005261895057	92.2436620244418	8.93494529255408	99.20010523790113	-0.0	26.586825433563437	64.72189414994389
5.918842710556241	91.98726053184629	8.964477546109805	99.37685421112482	-0.0	26.429202873775747	64.48496411812546
5.927627785824844	91.7317549819128	8.993941638780388	99.55255571649687	-0.0	26.27263720654894	64.248916691132
5.936360830630081	91.477177425437	9.023337668889019	99.72721661260161	-0.0	26.117069722488136	64.01377957116657
5.945042173098495	91.22361607214758	9.052665735019689	99.90084346196988	-0.0	25.96247788130405	63.77951456479845
5.953672135647235	90.97078085279246	9.081925935939564	100.0734427129447	-0.0	25.80881918487542	63.5461591241885
5.96225102873368	90.71915825746619	9.11111837070613	100.24502057467359	-0.0	25.656114723991053	63.31366327584925
5.970779163430587	90.46811652711057	9.14024313851964	100.41558326861173	-0.0	25.504335815345485	63.08207243187829
5.97925684771112	90.21839773712034	9.16930033882243	100.5851369542224	-0.0	25.35345131106254	62.851332240675575
5.98768438234147	89.96912512068079	9.198290071263354	100.7536876468294	-0.0	25.20347428243171	62.621492369971726
5.996062067065985	89.72126824021089	9.227212435723622	100.92124134131969	-0.0	25.054403062278723	62.39249604266713
6.004390200085258	89.47376858712907	9.256067532249917	101.08780400170515	-0.0	24.90622984124312	62.164392238840435
6.013151246660941	89.22779771830996	9.32511835555704	101.26302493321882	-0.0	29.594329120573764	61.93711593197943
6.024381756205688	88.98205020344376	9.508344431521099	101.48763512411377	-0.0	37.750517542693885	61.710609251402595
6.038210333371269	88.7378803124338	9.787431072188099	101.76420666742537	-0.0	45.07276539395392	61.48464887220801
6.054296473167364	88.49393641117187	10.139055018847857	102.08592946334727	-0.0	51.144577940376394	61.25913960500082
6.072204311623871	88.25155234814557	10.533968949720691	102.4440862324774	-0.0	56.02739434550787	61.03391792447073
6.091483766581824	88.00941620424295	10.939273699991439	102.82967533163648	-0.0	59.43145126796803	60.80898055688661
6.111640760360971	87.76878633805156	11.321796134305878	103.23281520721942	-0.0	61.23738077920896	60.58429396647558
6.132147235387934	87.52845032248268	11.651484836341186	103.64294470775867	-0.0	61.526157121482484	60.359930013707874
6.152492607815829	87.28958542088041	11.90428825573806	104.04985215631658	-0.0	60.21165229969792	60.13595438618764
6.172206323070165	87.05107757186676	12.06416714095475	104.4441264614033	-0.0	57.023433635146226	59.91253047836621
6.190592774561939	86.81393065465053	12.12407294826558	104.81185549123877	-0.0	53.09165161302446	59.68977086478428
6.207324671988875	86.57721483951893	12.085917653598717	105.1464934397775	-0.0	47.37508533064873	59.46785316629193
6.222006936609845	86.34179761123548	11.959756356083394	105.4401387321969	-0.0	39.24097542563162	59.24693371259111
6.232310399049524	86.10689328533965	11.76262748090607	105.64620798099047	-0.0	35.914678478839335	59.027130032832886
6.242594647117414	85.87315779997758	11.517957080732709	105.85189294234829	-0.0	17.615217352946985	58.80854442338889
6.509750647552203	85.64006147356359	11.271140078837128	105.8975186559887	-0.0	-0.0	58.59123387730739
7.632857809776661	85.4079714863756	11.066642854817214	105.8975186559887	-0.0	-0.0	58.37515531173313
9.631054477748837	85.17665399260356	10.78181470385802	105.8975186559887	-0.0	-0.0	58.16029725060666
12.494602410113814	84.9462240077241	10.42801620261264	105.8975186559887	-0.0	-0.0	57.94679716088216
16.209546063166062	84.71673214382731	10.028050212942688	105.8975186559887	-0.0	-0.0	57.734696818811614
20.75778060343387	84.48776229033199	9.607558631671537	105.8975186559887	-0.0	-0.0	57.52416490348562
26.117140141822187	84.26008355565308	9.19376482336248	105.8975186559887	-0.0	-0.0	57.31508055876408
32.26150575943281	84.03273376734262	8.814115554453084	105.8975186559887	-0.0	-0.0	57.1075025209007
39.16093279848583	83.80674071659351	8.49487008854097	105.8975186559887	-0.0	-0.0	56.90130648645961
46.78179679806412	83.5810006655084	8.25969026264919	105.8975186559887	-0.0	-0.0	56.696433216433995
55.08695736344077	83.356607813863	8.12829381776265	105.8975186559887	-0.0	-0.0	56.49267690761873
64.03593917032413	83.13254419224063	8.115242101887254	105.8975186559887	-0.0	-0.0	56.28990777657987
73.58512922196701	82.90970580815062	8.189910917053314	105.8975186559887	-0.0	-0.0	56.08789864314852
83.63739158281398	83.48009826157676	8.267328564741057	105.83333055228032	118.98066612416375	-0.0	55.886625962006434
92.68199223409118	90.1511070127164	8.344303421924018	104.08359817344332	477.2626844031816	-0.0	56.097333436694015
98.91006616912698	90.37958142322127	8.420839180723181	99.4187810134906	876.2098077124643	-0.0	58.14444309966146
102.70197901788544	92.15738620135569	8.496942270392523	93.11553070529989	974.1731640153495	-0.0	61.39575203152134
105.25699794924127	95.3651837489651	8.572621087066613	86.69690439818467	943.5376399618912	-0.0	64.77423202726355
107.00598651052869	98.35031059799572	8.6478843101967	80.59552778287672	882.6159029430454	-0.0	67.99379188801369
108.20146575458392	101.06448264319948	8.722740307762068	74.97294944466528	801.4539787315298	-0.0	70.95359965507922
109.09575872794956	103.48941584347213	8.797196950840647	69.93088930491548	710.3315138743095	-0.0	73.58685605905536
109.88610298242666	105.62656752332829	8.871261504598252	65.49981283956043	619.1592616757449	-0.0	75.86773091934197
110.69084867149523	107.47692069138941	8.944940587706178	61.650583207318846	537.8229431788161	-0.0	77.80713517833964
111.53154745927097	109.0981182074812	9.018240193982734	58.305398001868035	467.9835816148666	-0.0	79.44344786561281
112.37649996156915	110.48071195145239	9.091165760718795	55.37479273577881	413.06285346241003	-0.0	80.82951908566075
113.16814121061472	111.65962951015536	9.163722260072358	52.774493958858855	368.46445288703615	-0.0	82.01590357542315
113.87383658044064	112.65323310165488	9.235914287027512	50.44684804799689	331.44277498645005	-0.0	83.03995498086141
114.48657927287628	113.51296111714449	9.307746125532265	48.354896847405904	296.0162732281148	-0.0	83.92435583943808
115.0233008318518	114.23898115894772	9.379221790314572	46.47717435768613	265.68547299648657	-0.0	84.68336672086491
115.49267078922018	114.84611455112838	9.450345054013498	44.79229041096924	241.22616240421019	-0.0	85.32928969830215
115.88850677448829	115.37406557477269	9.521119470144079	43.27664560222627	215.17366933341194	-0.0	85.87454593903487
116.2156282775087	115.80679852388626	9.591548395593161	41.91406121323269	191.81938855605748	-0.0	86.33028214786557
116.48033257193241	116.14515274188014	9.661635010810212	40.69125333416796	173.68415214032683	-0.0	86.70515439115486
116.68322999470259	116.42141434021133	9.731382335903637	39.59501072787753	153.50377488587444	-0.0	87.00596748237858
116.83367676513548	116.61840213143051	9.800793243547615	38.61686289309557	139.19309262117443	-0.0	87.23886089366304
116.92697734980551	116.76727406589995	9.869870470506873	37.74523150683195	119.88867983050005	-0.0	87.40952917165244
116.98006908797669	116.8684037598845	9.938616628287583	36.97683362123806	100.24908741877304	-0.0	87.52187147737293
116.99779662155672	116.84861232557921	10.00703420973615	36.30554147683343	115.87314890851765	-0.0	87.57847705904742
116.92998772352294	116.83854112816935	10.07512559820082	35.709817868984764	90.72041436095259	-0.0	87.59176226972525
116.81771367718099	116.7615804232723	10.142893082876279	35.196939358828665	71.07737229091623	-0.0	87.55782950798772
116.68557352188814	116.64599399428343	10.2103388577266	34.769513650864845	59.68381258284674	-0.0	87.47825962430859
116.58040417891645	116.46332766681984	10.277465021601406	34.43712353583333	102.64933554921579	-0.0	87.34521943883816
116.34189536939175	116.29355226896958	10.34427357315448	34.150293361543746	65.96119342458529	-0.0	87.18014573962965
116.02028974291258	116.03530545476347	10.410766439370933	33.921539360530325	-0.0	-0.0	86.98852543386023
115.70794673482654	115.73428083648773	10.476945485182013	33.77556253493195	-0.0	-0.0	86.75442472348587
115.20295196925457	115.24898618858043	10.542812492675683	33.725619077984106	-0.0	-0.0	86.47474268118366
113.79969941300236	115.32592077289345	10.608369149849054	33.725619077984106	-0.0	-0.0	86.13636797000699
111.33119267051757	114.63021180442612	10.673617052820687	33.725619077984106	-0.0	-0.0	85.82070979592808
107.84549433011416	114.5877920118242	10.738557799072874	33.725619077984106	-0.0	-0.0	85.48870545089835
103.41047201453597	114.00081136355367	10.803192965568014	33.725619077984106	-0.0	-0.0	85.17155935416737
98.11247697737618	113.86915926710078	10.867524129067858	33.725619077984106	-0.0	-0.0	84.84515859105136
92.05466281752804	113.36361565164836	10.9315528509207	33.725619077984106	-0.0	-0.0	84.52781527181635
85.35497704676509	113.16712708372657	10.995280688400678	33.725619077984106	-0.0	-0.0	84.20590399137562
78.14386461526351	112.72133610431966	11.058709186670088	33.725619077984106	-0.0	-0.0	83.88926912628187
70.56172810817874	112.47908639048602	11.121839884391251	33.725619077984106	-0.0	-0.0	83.57105814467218
62.756194063939176	112.07630708284039	11.184674310207647	33.725619077984106	-0.0	-0.0	83.2557553963053
54.879238640005966	111.80282568438273	11.247213984833484	33.725619077984106	-0.0	-0.0	82.9406990040695
47.08422859011781	111.43047902555679	11.30946042023702	33.725619077984106	-0.0	-0.0	82.62714399961818
39.522935166329255	111.13653353165991	11.37141511969326	33.725619077984106	-0.0	-0.0	82.31487339399006
32.342579085790376	110.78537390589351	11.43307957846424	33.725619077984106	-0.0	-0.0	82.00333315859956
25.68296409801278	110.4787589715095	11.402633578259545	33.725619077984106	-0.0	-0.0	81.69362540359147
19.67375496265788	110.1422083746374	11.219203769243903	33.725619077984106	-0.0	-0.0	81.38450780928193
14.431952836667742	109.8284086776252	10.968078163251626	33.725619077984106	-0.0	-0.0	81.07783184076453
10.059617225608056	109.501854962619	10.672993935688991	33.725619077984106	-0.0	-0.0	80.77190974672122
6.672287215076012	109.18462602837813	10.34891277468135	33.90200224409215	-0.0	192.82551327712955	80.46861097198058
4.474549252048555	108.86494335730463	10.009280694491824	36.03756232058355	-0.0	406.28700575129716	80.16618037345351
3.228427404802878	108.54679217665252	9.668675328008216	39.05221150708137	-0.0	484.24922290745553	79.86635022047824
3.066321499493763	108.2319008348563	9.344487795652165	42.32642998987526	-0.0	487.36447005894547	79.56748037902544
3.2260235071574925	107.91442729603722	9.050091114660491	45.52047014314985	-0.0	470.75358777926823	79.27104331380639
3.3802297381859856	107.60302078826646	8.786305170956766	48.60459476371971	-0.0	454.34522050800257	78.975592329213
3.5289788730934744	107.28720781474321	8.552505364952378	51.579577461869484	-0.0	438.0116363015968	78.68233636192562
3.6722933179536064	106.9784727833906	8.347999818717147	54.44586635907212	-0.0	421.7426135675486	78.39008090202834
3.8101949702329856	106.66487944117053	8.172011545933866	57.20389940465971	-0.0	405.5409968171337	78.09979106787807
3.9427070560668818	106.35836219298496	8.023654797704676	59.85414112133763	-0.0	389.41144158128225	77.81051105517416
4.06985446607909	106.04729898668663	7.901903529334835	62.3970893215818	-0.0	373.35924100047595	77.52298764149246
4.19166396246772	105.74274632313582	7.805549445377382	64.8332792493544	-0.0	357.3903448558411	77.23647481845639
4.308164405894136	105.43431782873235	7.733147047770184	67.16328811788271	-0.0	341.5113957790385	76.95153500413099
4.419386999411957	105.1316463043889	7.682944796146379	69.38773998823913	-0.0	325.72983470536843	76.66759723971502
4.525365582278001	104.82586410327647	7.65280784275307	71.50731164556001	-0.0	310.05407483417366	76.38507817467584
4.626136975948853	104.52504015145917	7.640154259920917	73.52273951897706	-0.0	294.4935916296291	76.10354831608419
4.721741369151776	104.22187670610299	7.6419574655624185	75.43482738303551	-0.0	279.0591531988606	75.82331357537765
4.812222788459622	103.92292317302454	7.654895514764657	77.24445576919244	-0.0	263.7630540583093	75.54405908180777
4.8976296455754404	103.62229584838055	7.675690203364369	78.9525929115088	-0.0	248.61935644262547	75.26601018265843
4.978015380235696	103.32525013657187	7.701527440832318	80.56030760471391	-0.0	233.6442458299731	74.98894087446541
5.053439238216283	103.02710553820677	7.730327343129191	82.06878476432566	-0.0	218.8564139422088	74.71301817387449
5.1239671756890965	102.73202613859523	7.760744034853134	83.47934351378193	-0.0	204.27760999338113	74.43808173965418
5.189672992982517	102.43623542577764	7.791989192146137	84.79345985965034	-0.0	189.93301306771377	74.16425575088283
5.250639601936018	102.14315050484794	7.823630263582394	86.01279203872035	-0.0	175.85233779448058	73.89142228723308
5.30696062277431	101.84970790529312	7.855438979665599	87.13921245548619	-0.0	162.07059336332895	73.61967204694405
5.358742387624598	101.55861802773101	7.887297516042478	88.17484775249196	-0.0	148.6284916550571	73.34892027620761
5.406105992010451	101.26747237699848	7.91914584161236	89.12211984020901	-0.0	135.57514354826267	73.07922996349424
5.449190317927995	100.97839407720762	7.950953598978379	89.98380635855989	-0.0	122.96721174869694	72.81054090210364
5.48815496543261	100.68950710850694	7.9827055324479215	90.7630993086522	-0.0	110.87164541182646	72.5428942776502
5.523183331528922	100.40246078417852	8.014394020602928	91.46366663057843	-0.0	99.3697934579597	72.27625197160842
5.554487893182776	100.11572682882134	8.046015283228948	92.0897578636555	-0.0	88.54775639900852	72.01063565604309
5.582312026415894	99.83072474819899	8.077567475776412	92.64624052831788	-0.0	78.50688023644544	71.74602154855222
5.606933451945977	99.54618473611892	8.109049721422618	93.13866903891955	-0.0	69.35435046603699	71.48241875984363
5.62866557356014	99.26320968792695	8.140461628121338	93.57331147120279	-0.0	61.187954773751656	71.21981621539207
5.647852077350229	98.98082696391918	8.171803046512576	93.95704154700456	-0.0	54.09464890491274	70.95821201311652
5.664859331634879	98.69985313790254	8.203073948182517	94.29718663269759	-0.0	48.12057917852469	70.69760543019332
5.680060776613046	98.41959727614696	8.234274365157816	94.60121553226092	-0.0	43.25274423594492	70.437985053826
5.693815088225499	98.14061425279671	8.265404359717461	94.87630176450998	-0.0	39.42399352254896	70.17935893585394
5.706448457071829	97.86250372996534	8.296464009238882	95.12896914143658	-0.0	36.5015463381179	69.92170480197646
5.718237156282377	97.58548901563897	8.327453398804225	95.36474312564754	-0.0	34.33036162776381	69.66504320847221
5.72940354178083	97.30946624412391	8.35837261739224	95.58807083561659	-0.0	32.741794194723745	69.4093422699606
5.740116614838284	97.03441437000606	8.389221756099843	95.80233229676567	-0.0	31.587655192565936	69.15462963249536
5.750500056846725	96.76050360327116	8.420000907213025	96.0100011369345	-0.0	30.74594027139838	68.90086516326099
5.760641590793252	96.48739882722896	8.4507101637474	96.21283181586504	-0.0	30.123230776148727	68.64808525958976
5.770602118368383	96.21556007653435	8.481349619210036	96.41204236736766	-0.0	29.650743824979124	68.39624320518577
5.780423215024391	95.94435937844369	8.51191936748808	96.60846430048782	-0.0	29.279935912878813	68.14538231513745
5.7901329133093995	95.67459659189461	8.542419502835358	96.80265826618799	-0.0	28.97781473001609	67.89544729829649
5.799750060108699	95.40532923880019	8.572850119789571	96.99500120217398	-0.0	28.721639309838196	67.64648761482314
5.809287259363575	95.13759664299265	8.603211313181749	97.1857451872715	-0.0	28.496169701069725	67.39844672629198
5.81875294008069	94.87021236915827	8.633503178138817	97.37505880161379	-0.0	28.291244188138016	67.15137410285747
5.828152756172172	94.60451813282603	8.663725810000654	97.56305512344343	-0.0	28.100134522480083	66.90521124187488
5.8374905249584526	94.339067210814	8.69387930442516	97.74981049916904	-0.0	27.918416832066534	66.66000888465979
5.846768854980239	94.07530902861757	8.723963757346656	97.93537709960476	-0.0	27.743182325487407	66.41571268399316
5.855989563775505	93.8118016416643	8.753979264907779	98.11979127551008	-0.0	27.57249470814397	66.17236550790001
5.865153946132604	93.54996799224196	8.783925923524489	98.30307892265206	-0.0	27.40510100944078	65.92992042474853
5.874262956245684	93.28842390905524	8.813803829861632	98.48525912491368	-0.0	27.240176741484554	65.68841172807257
5.883317319783602	93.02847807414626	8.843613080928371	98.66634639567204	-0.0	27.077238950596936	65.44780587073173
5.892317629346538	92.76883768556478	8.873353773781997	98.84635258693075	-0.0	26.915868864840732	65.20812328992889
5.901264373815698	92.51075832274503	8.903026005857704	99.02528747631395	-0.0	26.755848880186036	64.96934043017468
5.910157977243298	92.25309281318937	8.932629874853445	99.20315954486594	-0.0	26.59706622408279	64.73146736400706
5.918998829431501	91.996847931814	8.962165478609723	99.37997658863	-0.0	26.43939222727507	64.49449344366154
5.927787290761422	91.74111265065672	8.991632915235604	99.55574581522843	-0.0	26.282751835488053	64.25841778009953
5.9365237000686175	91.48667031355548	9.021032283104452	99.73047400137234	-0.0	26.127126464606096	64.02323917196026
5.945208387762245	91.23288194821367	9.050363680768978	99.90416775524488	-0.0	25.972471478019134	63.78894527416024
5.953841673424572	90.9802356117731	9.0796272070342	100.07683346849143	-0.0	25.818772592478272	63.55554695033293
5.962423873034042	90.72835237708438	9.108822960890738	100.24847746068083	-0.0	25.66599649465282	63.32302266594218
5.970955293923836	90.47747262811059	9.13795104159084	100.41910587847671	-0.0	25.51415313827284	63.09139176195893
5.979436244018967	90.22753137596102	9.167011548556893	100.58872488037933	-0.0	25.363212475312604	62.86062105385325
5.987867023908393	89.97840752043516	9.196004581466424	100.75734047816786	-0.0	25.213190862494972	62.63074250060355
5.996247935462121	89.73034684929466	9.22493024016517	100.92495870924242	-0.0	25.064066243744264	62.40171409267847
6.004579182668383	89.48296491343619	9.253768910327594	101.09158365336766	-0.0	24.923399896271516	62.17357433957385
6.013386157415827	89.23679379990556	9.325347677467766	101.26772314831652	-0.0	29.821780001520644	61.94626376264605
6.024697491405752	88.99116727363908	9.51116612072688	101.49394982811503	-0.0	37.86404679537178	61.71972055716433
6.038608987725514	88.74685117134057	9.792290824613593	101.77217975451028	-0.0	45.00711719200367	61.49372581342781
6.054718936421995	88.50293329539153	10.145259436349253	102.09437872843989	-0.0	51.330778476053204	61.26815650214517
6.072672207719658	88.2604703738328	10.540707748495402	102.45344415439315	-0.0	56.152890883239586	61.04288543477738
6.091986725768258	88.01831675363405	10.945699441138558	102.83973451536515	-0.0	59.48045561596276	60.81790995577849
6.112160549666157	87.77766105638058	11.327111872520812	103.24321099332315	-0.0	61.26149101818111	60.593174981673044
6.132672351652698	87.53726132535826	11.65502342091021	103.65344703305396	-0.0	61.51360385799942	60.368765953373476
6.1530101160229655	87.2984015254531	11.905572552445118	104.0602023204593	-0.0	60.163434395781664	60.14474341480348
6.1726731695508406	87.05978982670499	12.062944925301112	104.4534633910168	-0.0	57.13070270721543	59.92128302436466
6.1910559799821625	86.82270793739697	12.12032495658932	104.82111959964324	-0.0	53.02139730616748	59.69848531287825
6.207744513338811	86.58583814507189	12.079842209504458	105.15489026677622	-0.0	47.246582588984396	59.476550979268275
6.222483161481323	86.35051297735055	11.95173887696491	105.44966322962645	-0.0	38.38494692444392	59.255602357005955
6.234187047165271	86.11544600153883	11.753210238264659	105.68374094330542	-0.0	28.511474874410315	59.03577905942705
6.243649963772057	85.88180462016673	11.507860044716777	105.87299927544113	-0.0	17.465203073676445	58.81716707318424
6.529168522418907	85.64854314500482	11.260113241963385	105.93657829728204	-0.0	-0.0	58.59983861377519
7.674663839160291	85.41655210764328	11.057930402062969	105.93657829728204	-0.0	-0.0	58.383738126087295
9.69538280434192	85.18506996139455	10.771243611839143	105.93657829728204	-0.0	-0.0	58.168865852934644
12.5814774138469	84.95474225096132	10.416126343991289	105.93657829728204	-0.0	-0.0	57.95533956357554
16.31888224241649	84.72500165874598	10.015460393065307	105.93657829728204	-0.0	-0.0	57.743266064338115
20.88938299169223	84.49628177827034	9.59493644175735	105.93657829728204	-0.0	-0.0	57.53266785793382
26.270705257882874	84.26830871345261	9.181793746868877	105.93657829728204	-0.0	-0.0	57.323588644047724
32.436623086401895	84.04116924755503	8.803460485734568	105.93657829728204	-0.0	-0.0	57.115982473573794
39.35708678444194	83.81489027347185	8.486142485034392	105.93657829728204	-0.0	-0.0	56.909772655668895
46.998369368632495	83.58935446006507	8.253414358549367	105.93657829728204	-0.0	-0.0	56.704872230393846
55.323230933953916	83.36473017572658	8.124875530937373	105.93657829728204	-0.0	-0.0	56.50109431621442
64.2911001430004	83.14079702321982	8.114942462839169	105.93657829728204	-0.0	-0.0	56.2982908657447
73.85827195098248	82.91779062845931	8.190281065735949	105.93657829728204	-0.0	-0.0	56.096249493682336
83.91044914016982	83.74558539005376	8.267692682826404	105.85099896984283	121.81025207446602	-0.0	55.89499816104713
92.90665504457954	90.2317433197759	8.344661570398678	104.03667935207719	490.6547209926011	-0.0	56.138518486321246
99.05645933862988	90.39864901196415	8.42119147402233	99.30044791424031	882.7247189242609	-0.0	58.23619730382758
102.80601244824437	92.25573311725807	8.497288899805103	92.97856686458576	974.4358058839828	-0.0	61.50138552161018
105.33839613500881	95.46676362901864	8.572962270272134	86.56337543273686	942.5746259788212	-0.0	64.87851293289897
107.07073689634649	98.44558194502694	8.648220262575624	80.47045638989523	881.0584234991223	-0.0	68.09357966382646
108.25584828566691	101.15373040943159	8.723071235616633	74.8597440552564	799.493970497076	-0.0	71.04673053527063
109.14530628966759	103.57240354873781	8.797523047833705	69.83125570469642	708.2098888632381	-0.0	73.67213141824743
109.93480602774021	105.70275201780093	8.871582949787866	65.41390748755093	617.1586999261492	-0.0	75.94493110659722
110.74048536113713	107.5464506297115	8.945257545226216	61.577190905592886	536.1558782931572	-0.0	77.87682423075661
111.58193141842264	109.16127110635637	9.018552814081266	58.242517887358694	466.7541409414219	-0.0	79.50672444188254
112.42633244551178	110.53824163387648	9.091474181676391	55.320285637578266	412.22345038483246	-0.0	80.88762740057666
113.21537394717745	111.71702103545675	9.164026610361802	52.726291159551856	367.221679717937	-0.0	82.06987518568727
113.91874952721466	112.70724475167243	9.236214687129255	50.4042567649125	330.20513290801546	-0.0	83.09046834303932
114.53009985751557	113.56054546322783	9.30804268914689	48.31761452609626	295.39785965016176	-0.0	83.9717981533476
115.06477001031017	114.28545803778643	9.379514625093842	46.4443177611941	264.8359445527304	-0.0	84.72801394581931
115.5325823962331	114.88966473784153	9.45063426209429	44.76354386483024	240.546438874578	-0.0	85.37142240564667
115.9258968633974	115.41908525095278	9.521405148662081	43.25121655576956	213.57210754219753	-0.0	85.91443668196385
116.2526171533571	115.84409509837073	9.591830637177104	41.89235371866595	191.74719019785587	-0.0	86.36815408015674
116.51739601440673	116.17382804741975	9.66191390399086	40.67308460553819	175.84401334372555	-0.0	86.74117277269028
116.71685145841928	116.45709015856184	9.731657965429934	39.57890506629411	152.900349859541	-0.0	87.04027065304211
116.86918587768618	116.63935538654877	9.801065690653106	38.604353390380595	143.8219183656182	-0.0	87.27158082349904
116.97002139909667	116.7518174434829	9.870139813155854	37.737857745081776	140.136918780307	-0.0	87.44078646238259
117.01087859896877	116.88418112301243	9.938882941360381	36.96817846787036	106.78376672543133	-0.0	87.55203809562148
117.01379233054132	116.91063092488437	10.00729756571677	36.29481407023438	96.35624789874981	-0.0	87.60784936983488
116.93733850206698	116.86120247871138	10.075386067644722	35.69888490588594	82.77827071160746	-0.0	87.62157649465911
116.79098564311187	116.93890312241112	10.14315073646521	35.17824484952077	-0.0	-0.0	87.58694259439868
116.60483429477293	116.51974624821692	10.210593765865205	34.737362696083856	87.50956627729826	-0.0	87.52064562300379
116.50889815830192	116.47354406405469	10.27771727354241	34.40997794086444	56.408053345690384	-0.0	87.39138879630057
116.41448065238896	116.42351412513048	10.344523260676302	34.166753022960435	-0.0	-0.0	87.19536983229881
116.09147178514787	116.10063708289486	10.411013610382774	33.93952741473556	-0.0	-0.0	86.99727243478578
115.69343837777089	115.72572575415894	10.47719017554637	33.77101339608887	-0.0	-0.0	86.77908372078818
115.15454609420674	115.27467335285868	10.543054759478578	33.718003803739975	-0.0	-0.0	86.50339630613702
113.72457423044914	115.36065546483707	10.608609057940145	33.718003803739975	-0.0	-0.0	86.16325058768122
111.23054770861397	114.6531760437416	10.67385466519317	33.718003803739975	-0.0	-0.0	85.84899405430261
107.72102599499986	114.62381494901481	10.738793179276943	33.718003803739975	-0.0	-0.0	85.51551133801779
103.26434056078304	114.0228272968819	10.803426175463255	33.718003803739975	-0.0	-0.0	85.19947855599283
97.94726444715933	113.90510008802251	10.867755230833653	33.718003803739975	-0.0	-0.0	84.87188128225101
91.87332276747333	113.3856696141817	10.931781905290494	33.718003803739975	-0.0	-0.0	84.55538545055099
85.1607770412847	113.20227719049177	10.99550775621937	33.718003803739975	-0.0	-0.0	84.23252692421526
77.9403226060868	112.74397223250674	11.058934327547126	33.718003803739975	-0.0	-0.0	83.9165113225794
70.35254393870802	112.51312130299104	11.122063157875832	33.718003803739975	-0.0	-0.0	83.59756321327413
62.54517743219495	112.09970519971185	11.184895774787462	33.718003803739975	-0.0	-0.0	83.28269195468819
54.6702349226026	111.83566167473859	11.247433698799284	33.718003803739975	-0.0	-0.0	82.96706774137539
46.881043971635115	111.4546328404945	11.30967844095728	33.718003803739975	-0.0	-0.0	82.65379618468394
39.32926253165356	111.16820733791563	11.371631504235854	33.718003803739975	-0.0	-0.0	82.34109014438077
32.16192611857549	110.81022185142709	11.433294383083496	33.718003803739975	-0.0	-0.0	82.02971890635104
25.518584984956224	110.50940133610204	11.404242412862253	33.718003803739975	-0.0	-0.0	81.71967325956716
19.52858703350602	110.16761219817919	11.21825914478235	33.718003803739975	-0.0	-0.0	81.41063885361463
14.308559373469244	109.85814729424295	10.965556667066048	33.718003803739975	-0.0	-0.0	81.10370511633143
9.960137554842282	109.527659319136	10.669373229436712	33.718003803739975	-0.0	-0.0	80.79781034324358
6.593501140638627	109.21362262511056	10.3445567952749	33.867929054472775	-0.0	205.31119358068904	80.49431112928093
4.425620768112204	108.89103443169716	10.004546243367141	36.045062855421904	-0.0	409.80969932833193	80.19186680239712
3.2073314888368776	108.57514824892023	9.663965363896404	39.07482143648033	-0.0	485.4312238654272	79.89187588137176
3.067539336986227	108.25815665798193	9.34027393522313	42.35078673972454	-0.0	487.1465387896574	79.59296214019811
3.2271706710612516	107.94226493582774	9.046498671644242	45.54341342122503	-0.0	470.54451438423274	79.29638977976788
3.3813074276446016	107.62935492300798	8.783322717957113	48.626148552892026	-0.0	454.1372002217556	79.00087279311012
3.5299872552076237	107.31459499974243	8.55012027451512	51.59974510415247	-0.0	437.8038482224011	78.70749773055493
3.6732324549365964	107.00482461881325	8.346197954523575	54.464649098731925	-0.0	421.5350068475053	78.41516044515758
3.811064928819018	106.69190831143462	8.170776845500644	57.221298576380356	-0.0	405.3336122505964	78.12476183456916
3.943507915989205	106.38465812486325	8.02296871451806	59.870158319784096	-0.0	389.20430840770274	77.83539047167578
4.0705863204277675	106.07398994936597	7.901744287192704	62.411726408555346	-0.0	373.1524157341469	77.54776450260547
4.19232692561359	105.76896316672992	7.80589104453448	64.84653851227179	-0.0	357.1838912627283	77.26115328705528
4.308758611039272	105.46072570430844	7.733957976700506	67.17517222078544	-0.0	341.3053770961144	76.97611468169647
4.4199126042146375	105.15773243785348	7.684186454069564	69.39825208429274	-0.0	325.52433150579157	76.69207493119866
4.52582277614613	104.85201094494123	7.65443290464329	71.5164555229226	-0.0	309.8491608419849	76.40945869525171
4.626525970217685	104.55099497116338	7.642105783262152	73.53051940435368	-0.0	294.28940083646773	76.1278238703479
4.722062421894179	104.24778289735069	7.6441699464893995	75.44124843788357	-0.0	278.8557850667214	75.84749426994979
4.812476198549502	103.94871727506064	7.657299958620247	77.24952397099005	-0.0	263.5606414639777	75.56813357692772
4.897815758356492	103.64799829084039	7.678222629280106	78.95631516712984	-0.0	248.41806731611675	75.28998958680323
4.978134599646742	103.35086263871843	7.7041368435221	80.56269199293483	-0.0	233.4442899613664	75.01281535587161
5.053492044949989	103.05260735569577	7.732978592020937	82.06984089899977	-0.0	218.65798078178142	74.73679738952187
5.123954131430933	102.75743313605048	7.763415642333832	83.47908262861866	-0.0	204.08092822442364	74.46175809182294
5.189594733378558	102.46156933411089	7.794669037115602	84.79189466757116	-0.0	189.73852995682637	74.18783567033724
5.250496909280608	102.16837753440512	7.82631182516717	86.00993818561216	-0.0	175.6603511141501	73.91490109497175
5.306754404518087	101.87484948004823	7.858118867670796	87.13508809036173	-0.0	161.8815691690039	73.64305498369595
5.358473713879589	101.5836658536469	7.8899740008196675	88.16947427759179	-0.0	148.44302881972038	73.37220309783018
5.405776156671548	101.2924055832474	7.921818056154955	89.11552313343095	-0.0	135.39380925755918	73.1024176312652
5.448800840072426	101.00329040432251	7.953621122361648	89.97601680144852	-0.0	122.7908124383793	72.83362919543627
5.487707520667947	100.71423087504579	7.98536816792956	90.75415041335894	-0.0	110.70205026976744	72.56588985710741
5.522680334878147	100.42715991168701	8.017051684592822	91.45360669756293	-0.0	99.20650152675461	72.29914733548597
5.553931856708739	100.1402990720038	8.048667952132467	92.07863713417477	-0.0	88.39247557781128	72.0334384395218
5.58170582439173	99.85525013373316	8.08021515434096	92.6341164878346	-0.0	78.36225898388271	71.76872565360256
5.606280803782373	99.57057117640073	8.11169242874842	93.12561607564746	-0.0	69.22088763960502	71.50503149630734
5.627970569840179	99.28755189178635	8.1430993906374	93.55941139680357	-0.0	61.067088930266735	71.24233122109297
5.647119199633624	99.00502979281728	8.17443589414809	93.94238399267248	-0.0	53.9881163160347	70.98063607058698
5.664093452228712	98.72402077163852	8.20570191253532	94.28186904457424	-0.0	48.02903848162375	70.7199328120828
5.679266749380925	98.44361753905538	8.23689747857098	94.58533498761848	-0.0	43.17684901059554	70.46022224559682
5.692998191351495	98.1646091151068	8.268022654786815	94.8599638270299	-0.0	39.35843416765912	70.20150001742549
5.70561218842853	97.88633893864197	8.299077518661944	95.1122437685706	-0.0	36.4508116482144	69.94375650722557
5.7173855533149	97.6093114578444	8.330062155153188	95.34771106629799	-0.0	34.28863121342296	69.68700001862632
5.728539378299757	97.33312782514437	8.36097665314402	95.57078756599515	-0.0	32.70772009526064	69.43121022749061
5.739242043459516	97.05806434757442	8.391821103571445	95.78484086919032	-0.0	31.559653738292614	69.17640388587029
5.7496167800328335	96.78400740655765	8.422595598539516	95.99233560065667	-0.0	30.721613734523324	68.92254974780387
5.759750724044507	96.51086097106274	8.45330023090441	96.19501448089014	-0.0	30.10175558781729	68.66967872010406
5.76970447662148	96.2388695613483	8.483935093997221	96.3940895324296	-0.0	29.631264381729256	68.41774811053506
5.779519334962155	95.96759134111741	8.514500281528823	96.5903866992431	-0.0	29.262169539524695	68.16679799223046
5.789223239631494	95.6978367200158	8.5449958875787	96.78446479262988	-0.0	28.96088819328916	67.91676955389786
5.798834858792126	95.42836248333305	8.575422006485635	96.97669717584252	-0.0	28.70538898783826	67.66772577089199
5.808366727002564	95.16064928046025	8.605778732926883	97.16733454005127	-0.0	28.480401433017086	67.41959216050276
5.817827216637735	94.8931016432996	8.636066161819286	97.35654433275468	-0.0	28.2758398998727	67.17243368748893
5.827221944791859	94.62743634679269	8.666284388411444	97.54443889583717	-0.0	28.085012810748054	66.9261803399993
5.836554706394622	94.36176332271891	8.696433508107354	97.73109412789245	-0.0	27.90350149900281	66.68089416364823
5.845828092573132	94.09804361494075	8.726513616678435	97.91656185146263	-0.0	27.7284202573491	66.4365084016303
5.855043906017829	93.83435397677225	8.756524810137094	98.10087812035657	-0.0	27.55788268777276	66.19307589820104
5.864203436930225	93.57253391853972	8.786467184704222	98.2840687386045	-0.0	27.39061434653623	65.95054284258168
5.873307633268915	93.31082166938035	8.81634083688	98.4661526653783	-0.0	27.225808327253112	65.70895023874932
5.8823572207104755	93.05084937898845	8.846145863458503	98.6471444142095	-0.0	27.062953567205835	65.46825709085896
5.89135278450269	92.79109939263567	8.875882361405369	98.82705569005378	-0.0	26.90168153140025	65.22849033524828
5.900294813975951	92.53297881146334	8.905550427954589	99.00589627951902	-0.0	26.74175745399747	64.98962097340173
5.909183733637328	92.27519719551107	8.93515016061571	99.18367467274656	-0.0	26.58305485169088	64.7516648418027
5.918019930027466	92.01889983709356	8.9646816571024	99.3603986005493	-0.0	26.425469238698515	64.5146057113913
5.9268037636124795	91.76304903522336	8.994145015345474	99.53607527224958	-0.0	26.268920611726774	64.27844771754107
5.935535575367097	91.50856054254955	9.023540333523927	99.71071150734193	-0.0	26.113365047193792	64.0431842838549
5.944215690930954	91.25466229810874	9.052867710086511	99.88431381861908	-0.0	25.958801702960514	63.80880813522065
5.952844432990273	91.00196782857955	9.082127243624866	100.05688865980545	-0.0	25.80518348605645	63.575326543576054
5.961422115729427	90.74997478202889	9.111319032998345	100.22844231458853	-0.0	25.652492411471954	63.34272069254859
5.969949046816775	90.49904883040402	9.140443177283482	100.39898093633549	-0.0	25.500732815608053	63.111007141874175
5.978425535016105	90.24901242765797	9.16949977574093	100.5685107003221	-0.0	25.349864758922322	62.88015453927409
5.986851878958663	89.99981963235835	9.198488927900792	100.73703757917325	-0.0	25.19992217231462	62.65019514404942
5.995228381203524	89.75166060198463	9.227410733447128	100.90456762407047	-0.0	25.050874298856424	62.42108598621855
6.00355468778384	89.50420565865566	9.25626842119195	101.07109375567678	-0.0	24.909800003681095	62.19286640616368
6.012396905451887	89.25799137864861	9.330444676057098	101.24793810903772	-0.0	30.069501142923134	61.9654713630623
6.023771162770127	89.01225045933593	9.518918358048236	101.47542325540253	-0.0	38.1035821203342	61.738843957310586
6.037731439283083	88.7678749411068	9.802203662334943	101.75462878566165	-0.0	45.2601647790675	61.51275477747719
6.053901655211212	88.52388648420963	10.156683289007498	102.07803310422423	-0.0	51.439404577852684	61.287101941727244
6.071888548721906	88.2813430273463	10.552860683432572	102.43777097443811	-0.0	56.245277390541105	61.06173663379442
6.091227278511365	88.03912222820375	10.957745014578133	102.8245455702273	-0.0	59.52446534107781	60.83666746877605
6.111410809020048	87.79838926785911	11.33824629330632	103.22821618040095	-0.0	61.26910052894207	60.61183686267312
6.131919412326024	87.5579129401306	11.664555641233626	103.63838824652048	-0.0	61.48071284553103	60.38733830280157
6.15223998177112	87.31898373836398	11.912986646382599	104.0447996354224	-0.0	60.09675348799508	60.16322883977086
6.1718663063090595	87.08029153378394	12.067938200971735	104.43732612618118	-0.0	57.07344417422119	59.9396852760284
6.190213106414163	86.8431449427854	12.122820071023916	104.80426212828324	-0.0	52.89121912065625	59.71680608049548
6.2068594181472205	86.6061963632295	12.079976342708301	105.1371883629444	-0.0	46.99132226364137	59.494799588377205
6.221530585433005	86.37080527998877	11.949838078485671	105.43061170866008	-0.0	38.093742062193115	59.27377860229992
6.233973047150357	86.13565729914812	11.749764178730809	105.67946094300714	-0.0	23.47149644658344	59.0538870935917
6.2422962211496955	85.90195432824095	11.503532780862825	105.8459244229939	-0.0	19.208082711346137	58.83520980112531
6.545818450632216	85.66861196320822	11.256772847602075	105.91260872111125	-0.0	-0.0	58.61781867325743
7.713013559952038	85.43656140511028	11.053533707206867	105.91260872111125	-0.0	-0.0	58.40165254618745
9.75503807121494	85.20499488887533	10.764811994147502	105.91260872111125	-0.0	-0.0	58.186717093955565
12.66194014741422	84.9746104830964	10.408178748421562	105.91260872111125	-0.0	-0.0	57.97312946696828
16.41955295778306	84.74477429589463	10.006604557490412	105.91260872111125	-0.0	-0.0	57.76099661719717
21.009563720063927	84.51603182884526	9.585839194671115	105.91260872111125	-0.0	-0.0	57.55035038250951
26.409602948119034	84.28791946160094	9.173148054409808	105.91260872111125	-0.0	-0.0	57.341211637792746
32.59335346997969	84.06078884855232	8.795950381593338	105.91260872111125	-0.0	-0.0	57.133547712732955
39.53067868494312	83.8343584837652	8.480407160882198	105.91260872111125	-0.0	-0.0	56.927285482724265
47.18776943476907	83.60883262273566	8.250012882181657	105.91260872111125	-0.0	-0.0	56.7223199003427
55.52730877310387	83.38406915768293	8.124253894911957	105.91260872111125	-0.0	-0.0	56.51848039758502
64.50865383021305	83.16012852705596	8.117404879090916	105.91260872111125	-0.0	-0.0	56.315605865565125
74.08803388656194	82.93700013347488	8.193326593742466	105.91260872111125	-0.0	-0.0	56.113493988650596
84.13731792724109	83.96542890228233	8.270726444727524	105.80993130711654	124.37850395582146	-0.0	55.912263215574306
93.09026947838943	90.30119694323301	8.347683681524586	103.94383570310842	501.01549693006297	-0.0	56.18255037962518
99.1742087068697	90.42515396906997	8.42420209219711	99.15388013221462	887.3640326280847	-0.0	58.31869616794216
102.8861151645677	92.3416427796239	8.500288240950521	92.82055304483193	974.1676009008626	-0.0	61.59296140751829
105.39656799344534	95.55230712991437	8.575950567547672	86.41134835703795	941.2669534822669	-0.0	64.96717821176162
107.11286817002367	98.52463181389132	8.651197743797065	80.32893991815565	879.1707866233455	-0.0	68.17658742581796
108.28825176799303	101.22603588559234	8.72603811742242	74.73184429309157	797.2448992725274	-0.0	71.12216410779577
109.17404262756757	103.63395971834261	8.800479532517771	69.71875289228025	706.1214214497722	-0.0	73.73905182251045
109.96316556423776	105.7562341404208	8.87452922368753	65.31628953285913	615.324165089854	-0.0	76.00315923465928
110.76825360651321	107.60318875116215	8.948193778703725	61.491994406741725	533.7188744850566	-0.0	77.92701902955218
111.61049905012264	109.21112571033848	9.021479162808484	58.1685711459354	464.69732146911997	-0.0	79.55019148397811
112.45375906876089	110.58504032496081	9.094390788744878	55.25505149002179	410.1032637543947	-0.0	80.92567536672237
113.24352666678301	111.74450553058983	9.16693360858563	52.66946389801699	367.30355600972075	-0.0	82.10361429020281
113.94432266179564	112.73256198536635	9.239112200951032	50.35335520131727	330.2400049640206	-0.0	83.12057319655479
114.5525942106641	113.58786194106959	9.310930835909991	48.27170363761279	294.66235637336774	-0.0	83.99867914868476
115.0859061262397	114.30796004680765	9.382393515818322	46.40348083804281	264.6037549788079	-0.0	84.75197875570397
115.5515763199276	114.91182871731182	9.453504002052947	44.726913110065325	239.95267082368687	-0.0	85.39277267339179
115.9439102218654	115.43548347711562	9.524265837935415	43.21876220637492	213.91214791937193	-0.0	85.933466804384
116.26785682596953	115.86327256847495	9.594682371182667	41.86301902230216	190.8208143115208	-0.0	86.38510181606715
116.5309154720092	116.19186895567964	9.664756773922367	40.646911655829044	174.68310298841277	-0.0	86.75621877119896
116.72937040718607	116.47164643942648	9.734492058598905	39.55583970980089	152.29956368408594	-0.0	87.05356756573457
116.88043014572209	116.65199242070918	9.803891090778546	38.58403846345532	143.3854778252033	-0.0	87.28327282234181
116.97247614435172	116.79236362270287	9.872956600633682	37.71769051704935	127.31899680878983	-0.0	87.45100594547931
117.0210271546667	116.8795629276755	9.94169119353093	36.95317879852839	112.83519144844983	-0.0	87.56117018488575
117.02650733335253	116.92682073589187	10.01009735719699	36.28314792271279	94.71955326889723	-0.0	87.61470088694895
116.95169338116571	116.87678724340658	10.078177468761398	35.69010520985497	82.10695706407346	-0.0	87.62595975847279
116.79803183527659	116.92629877722939	10.145933813579859	35.16957775689181	-0.0	-0.0	87.59225236357267
116.66202482342456	116.4986220178794	10.213368586443003	34.74551992914131	121.2693386601266	-0.0	87.5225271547043
116.5681968912522	116.56504826690818	10.280483896057117	34.42071924675037	16.833781243734784	-0.0	87.37996268764957
116.40091542181112	116.40564694774868	10.347281726901278	34.15850395296801	-0.0	-0.0	87.19710187934072
116.0560494792121	116.06127177598486	10.413763978968362	33.927053946243	-0.0	-0.0	87.00679167014644
115.71135518818166	115.69844489280369	10.47993251644885	33.77577822206119	34.08704422528779	-0.0	86.78004953853639
115.17704613202856	115.30095764203865	10.545789130341035	33.730907978891466	-0.0	-0.0	86.49588543745907
113.71947120288867	115.328029006528	10.611335502578095	33.730907978891466	-0.0	-0.0	86.15606200837207
111.19838693888235	114.66680974592829	10.676573226193238	33.730907978891466	-0.0	-0.0	85.84162561302351
107.6628796288958	114.60170225305686	10.741503898999966	33.730907978891466	-0.0	-0.0	85.50816531131107
103.18178669168537	114.02796230991675	10.80612909585589	33.730907978891466	-0.0	-0.0	85.19231476990714
97.84235639007441	113.88998526239226	10.870450393846898	33.730907978891466	-0.0	-0.0	84.86448367928139
91.74854908035107	113.3852912754007	10.93446935232458	33.730907978891466	-0.0	-0.0	84.54834433550488
85.01901307201152	113.19166628392671	10.99818752876889	33.730907978891466	-0.0	-0.0	84.22514135670521
77.78477450858568	112.7401455825146	11.06160646651355	33.730907978891466	-0.0	-0.0	83.90954310664314
70.18668624814924	112.50528197222468	11.124727704271683	33.730907978891466	-0.0	-0.0	83.59022710270624
62.37268541470914	112.09385997887055	11.187552769044311	33.730907978891466	-0.0	-0.0	83.27576807520379
54.494913016697076	111.82943597139689	11.25008318143737	33.730907978891466	-0.0	-0.0	82.95980082079664
46.70675171461836	111.44770165735044	11.312320451955925	33.730907978891466	-0.0	-0.0	82.64690282560437
39.15983941326894	111.1628488235414	11.374266083621801	33.730907978891466	-0.0	-0.0	82.3339007636022
32.00111682493306	110.8028094853434	11.435921570393225	33.730907978891466	-0.0	-0.0	82.02285001755267
25.369966488323936	110.5044369179017	11.39670503201331	33.730907978891466	-0.0	-0.0	81.71256992677824
19.39549894757255	110.16007065976376	11.209568882187886	33.730907978891466	-0.0	-0.0	81.40381756284913
14.194038930045396	109.85329663475768	10.956112395978701	33.730907978891466	-0.0	-0.0	81.09671424351392
9.86686046800461	109.520200102196	10.659414674075673	33.730907978891466	-0.0	-0.0	80.79105306125486
6.541602411060332	109.20873229501082	10.33432231904852	33.989193134385225	-0.0	211.283263035008	80.48743341483339
4.390553183828352	108.88376890847657	9.994321167909417	36.189203534219104	-0.0	411.9133812084042	80.18517894019627
3.1944594991507365	108.57014803063616	9.654113152471284	39.22726600527451	-0.0	485.8400326933767	79.88510801117195
3.075026611218993	108.25111727209037	9.331238762714326	42.50053222437986	-0.0	486.29323337893874	79.58634617763916
3.2343758046406013	107.93713466491819	9.03839588631129	45.687516092812025	-0.0	469.7024273192859	79.28972396969017
3.388232528566111	107.62255430559753	8.776134106463996	48.764650571322214	-0.0	453.2990958340327	78.99432635502414
3.5366335038979257	107.3093459030672	8.54382579513658	51.73267007795851	-0.0	436.9691211914468	78.7009237601218
3.679600994016675	106.99824419407264	8.340775265883345	54.592019880333496	-0.0	420.70378659628324	78.40868014917608
3.817156964899069	106.68653748103567	8.166200684563801	57.343139297981374	-0.0	404.5061297569788	78.11827063938642
3.949324737996564	106.37827951727748	8.019210069634989	59.986494759931276	-0.0	388.3808296243505	77.82897291100333
4.076129310335578	106.06854665093918	7.898769295694077	62.52258620671154	-0.0	372.33323637052035	77.54134749180827
4.197597569314979	105.76274406585338	7.803659535494209	64.95195138629958	-0.0	356.36933769008846	77.25479484179598
4.3137585103064975	105.45523003578909	7.732421592863789	67.27517020612996	-0.0	340.4958130980685	76.96976436110775
4.424643489681564	105.15166306641953	7.683286406199534	69.49286979363127	-0.0	324.72017203320235	76.68577184318669
4.530286523990515	104.84648588321308	7.654097714351762	71.6057304798103	-0.0	309.05087533931743	76.40316867124243
4.630724627669844	104.54504164745909	7.642250060820261	73.61449255339689	-0.0	293.4974804354331	76.12157374856125
4.725998213756521	104.24224861634875	7.644696565382508	75.51996427513042	-0.0	278.0708550371093	75.84125934579586
4.816151566101285	103.94286364091377	7.658107638236827	77.3230313220257	-0.0	262.7833893784348	75.5619331198759
4.901233383225035	103.64245217574438	7.6792184782586315	79.0246676645007	-0.0	247.64930302877966	75.28380762641012
4.981297457539405	103.3451304781904	7.705247610415478	80.62594915078809	-0.0	232.6848531301217	75.00666192997758
5.056403416063207	103.04706510974302	7.734154450891888	82.12806832126415	-0.0	217.908976866768	74.7306659895922
5.126617688223557	102.75177585416444	7.764626337103511	83.53235376447113	-0.0	203.34352100758866	74.45565249867057
5.192014574884201	102.4560385526938	7.795897634305138	84.84029149768402	-0.0	189.01416008935323	74.1817534513546
5.252677648229061	102.16279432076927	7.827549287858827	86.05355296458121	-0.0	174.95068627403063	73.90884271875447
5.308701271089467	101.86934896143383	7.85936049933834	87.17402542178935	-0.0	161.188467211457	73.63702079012663
5.360192603270764	101.5781454680656	7.891217405076994	88.20385206541528	-0.0	147.7689766778634	73.36619187115082
5.407273822586507	101.28694272600468	7.9230620155645965	89.14547645173015	-0.0	134.74156024932398	73.0964313831491
5.450085090178631	100.99781300388183	7.954865021452554	90.00170180357262	-0.0	122.16313866266293	72.82766508251449
5.488787156007399	100.70881783699902	7.986611699090566	90.77574312014798	-0.0	110.10336174058219	72.5599503520045
5.5235657421235365	100.42173816805915	8.018294691795017	91.47131484247073	-0.0	98.64015402375627	72.29322961632955
5.554634718289237	100.13492963750815	8.049910357085702	92.09269436578474	-0.0	87.86400400783144	72.02754515321607
5.582239503568845	99.84989526536101	8.081456917226237	92.64479007137689	-0.0	77.8777462609362	71.7628537054139
5.60666081793245	99.5652343566938	8.112933528924541	93.13321635864901	-0.0	68.78390765265569	71.49918471476886
5.6282139193006815	99.28224114111188	8.144339817245285	93.56427838601363	-0.0	60.682202969101155	71.23650587688964
5.647243763786377	98.99972442990526	8.175675641164911	93.94487527572753	-0.0	53.66202649937524	70.97483518199063
5.664118661046358	98.71877191783969	8.206940976276353	94.28237322092717	-0.0	47.76008816562825	70.71415264561072
5.6792115506330765	98.43835943460107	8.238135856587697	94.58423101266152	-0.0	42.96190408282138	70.45446644085776
5.69287991166602	98.15940683404048	8.269260345249197	94.85759823332039	-0.0	39.193777103041775	70.1957651957868
5.7054462434142	97.88112095011793	8.300314520037352	95.108924868284	-0.0	36.32800830273796	69.93804589737029
5.71718446992697	97.6041602807137	8.331298466080373	95.3436893985394	-0.0	34.19952712407402	69.68130990089732
5.728312992687286	97.32795495320059	8.362212272341143	95.56625985374572	-0.0	32.643554748631345	69.42554409979446
5.738997551549061	97.0529578773441	8.393056029824177	95.77995103098121	-0.0	31.513954352974153	69.17075844200707
5.749359370970671	96.77887784200226	8.423829830663061	95.98718741941342	-0.0	30.68897760258754	68.91692779619999
5.7594840255755155	96.50579948512504	8.454533767744278	96.1896805115103	-0.0	30.078117976759692	68.664077500388
5.769430975680041	96.23378404801272	8.48516793441768	96.38861951360082	-0.0	29.613710796407435	68.4121699894466
5.779240708504771	95.96258442833694	8.515732424424412	96.58481417009541	-0.0	29.248718778187744	68.16124072021661
5.7889406163513355	95.69277715580078	8.546227331836887	96.7788123270267	-0.0	28.95015194657465	67.91123516471872
5.798548984762738	95.42340660717275	8.576652751048213	96.97097969525475	-0.0	28.696488235885347	67.66221174728668
5.808078101705683	95.15563787986437	8.607008776739088	97.16156203411366	-0.0	28.47271937718423	67.4141006071049
5.817536171498123	94.8881788859144	8.637295503851078	97.35072342996244	-0.0	28.268972868621432	67.16696384247513
5.826928703900557	94.62245590186022	8.667513027615128	97.53857407801114	-0.0	28.0786643051045	66.92073155526325
5.8362594150618925	94.35690331183794	8.697661443505076	97.72518830123785	-0.0	27.897521128933224	66.6754663597122
5.845530850809204	94.0931261599632	8.727740847288839	97.91061701618406	-0.0	27.722694892985036	66.43110128526034
5.854744784262035	93.82951180132615	8.75775133498767	98.09489568524069	-0.0	27.5523216843394	66.18769127951582
5.8639024830717865	93.56767173405122	8.78769300284429	98.27804966143572	-0.0	27.385173191879037	65.94517787689206
5.873004882021526	93.30600644356049	8.817565947382583	98.4600976404305	-0.0	27.220457884921153	65.70360769509584
5.882052697902372	93.04605546712556	8.84737026542483	98.64105395804744	-0.0	27.057677581085272	65.46293331096561
5.891046511671542	92.78630700427364	8.877106053922676	98.82093023343083	-0.0	26.896457461196995	65.22318992537049
5.899986807782681	92.52823009439666	8.906773410149343	98.99973615565361	-0.0	26.736579099951676	64.98433897344378
5.908874008250199	92.27043795526671	8.936372431631359	99.17748016500397	-0.0	26.57791987502291	64.74640590018221
5.9177084986219555	92.01420223862095	8.965903216093011	99.35416997243911	-0.0	26.420371496333843	64.5093646688224
5.926490638346135	91.75832867927713	8.995365861479229	99.5298127669227	-0.0	26.263855044290228	64.27322967374693
5.935220767897909	91.5038995657706	9.024760465985398	99.70441535795817	-0.0	26.10832547860481	64.03798468193182
5.943899210348833	91.24997946516837	9.054087128103228	99.87798420697665	-0.0	25.95380352573427	63.80363027849006
5.952526290873974	90.99735192529828	9.08334594640286	100.05052581747947	-0.0	25.800214385024002	63.570167659338594
5.961102321984831	90.7453357350972	9.112537019781016	100.22204643969661	-0.0	25.647554745519614	63.33758307836366
5.969627612540027	90.49448576721545	9.141660447314976	100.39255225080053	-0.0	25.495815433758022	63.105887766286074
5.978102468084887	90.24439877740393	9.170716328310856	100.56204936169773	-0.0	25.344987822515726	62.87505756896056
5.986527190331896	89.99530056709871	9.199704762286531	100.73054380663791	-0.0	25.195073724639848	62.64511567908707
5.99490208101778	89.7470916151858	9.228625848947559	100.89804162035558	-0.0	25.04604983804274	62.41602851590398
6.0032266871128765	89.49970239083805	9.257483722424519	101.06453374225752	-0.0	24.905869553430072	62.18782777175995
6.01211022295343	89.25348843283314	9.334346973341766	101.24220445906859	-0.0	30.295111036621382	61.960450647211076
6.023554384926555	89.0077815307852	9.5254437660905	101.4710876985311	-0.0	38.28518497748521	61.73383848152671
6.037572205004427	88.76341098123125	9.810840332982238	101.75144410008852	-0.0	45.42814174939766	61.50775820913194
6.053792310768739	88.51945566015478	10.166765528764232	102.07584621537478	-0.0	51.57686028066739	61.282112685235155
6.071817966741908	88.27692178765184	10.563596496760793	102.43635933483816	-0.0	56.34278420087057	61.05675283123902
6.091183683404538	88.0347295732304	10.968295131142991	102.82367366809076	-0.0	59.57523819392842	60.83168921532796
6.111379870292641	87.79401222949545	11.347811436097489	103.2275974058528	-0.0	61.285224917778514	60.606861756064404
6.131888782743404	87.55355704739458	11.672455986643163	103.63777565486808	-0.0	61.455784619091155	60.3823704849222
6.152195290459943	87.31464433802229	11.918722871833905	104.04390580919885	-0.0	60.041747349061865	60.15827055700203
6.171797260618208	87.07596723927432	12.071227937675705	104.43594521236415	-0.0	56.9788063613367	59.93474096356611
6.190097446457734	86.8388643781164	12.12360810076241	104.80194892915466	-0.0	52.78335965769091	59.711876779309556
6.206703024486384	86.60190027328129	12.07842198481646	105.13406048972766	-0.0	46.77550734396696	59.489894567733685
6.221296500641761	86.36656092264514	11.946287960708121	105.42593001283521	-0.0	37.91855004332746	59.268896405988244
6.231401430152925	86.13140273709419	11.744726195716574	105.62802860305848	-0.0	35.648488768860744	59.049032297307186
6.2409438385526	85.89774202933874	11.497672334656787	105.818876771052	-0.0	17.21542293715074	58.830384319094655
6.560790870514914	85.66439487881911	11.258171971306263	105.84678663173857	-0.0	-0.0	58.61302214005188
7.749197795721205	85.43238719143673	11.052846943249966	105.84678663173857	-0.0	-0.0	58.396875907630914
9.811688385193921	85.2008182254982	10.761927956195462	105.84678663173857	-0.0	-0.0	58.18196564004754
12.738211060184474	84.97047197330573	10.403600226723636	105.84678663173857	-0.0	-0.0	57.96840850148849
16.514503368641442	84.74064194049186	10.000931712315467	105.84678663173857	-0.0	-0.0	57.75629688114905
21.12216149350191	84.51193540161321	9.579740089797728	105.84678663173857	-0.0	-0.0	57.54567795560613
26.53872994394512	84.28380733865156	9.16732549415454	105.84678663173857	-0.0	-0.0	57.33656969153716
32.737810992578204	84.056723163271	8.791106198170763	105.84678663173857	-0.0	-0.0	57.12894082978804
39.6891933251443	83.83036135761925	8.477205260076751	105.84678663173857	-0.0	-0.0	56.92270324262693
47.35899927584504	83.60474740699074	8.24904259115322	105.84678663173857	-0.0	-0.0	56.717764729689456
55.709849930607156	83.38009939159662	8.125995346540677	105.84678663173857	-0.0	-0.0	56.513940205933935
64.70104729380861	83.15608835363776	8.122198432369274	105.84678663173857	-0.0	-0.0	56.31108542273975
74.2887726305516	82.93305724939145	8.198611409498538	105.84678663173857	-0.0	-0.0	56.10898147225972
84.33129213172585	84.15298385763434	8.27598796213411	105.72738457777471	126.67969319601136	-0.0	55.907910251580034
93.2379507899501	90.33929114910593	8.352922059284708	103.81116802897074	510.7635144330256	-0.0	56.2047124735325
99.2560563865971	90.42762314056989	8.429417530258192	98.97206972266476	891.380385773912	-0.0	58.37654560529378
102.92980859360034	92.39853011115024	8.505480992928945	92.63043077650194	973.5579404537305	-0.0	61.65805882166533
105.4172970672202	95.60696464856757	8.581120900819005	86.22934956256422	939.6435056332466	-0.0	65.0283005443825
107.11698819447263	98.57184381510035	8.656345918204767	80.15960448772178	876.9623675754307	-0.0	68.23093638086328
108.28235869734253	101.26618155658169	8.731164379556972	74.57814917927737	794.6420217107047	-0.0	71.16781419826523
109.16396418332303	103.66626587303516	8.805584112574287	69.58203933128856	703.4151319995245	-0.0	73.77510984628152
109.95382656616005	105.77456203851405	8.87961233398472	65.19679586520178	613.2974869409949	-0.0	76.0297223482916
110.75874507724745	107.62292040856053	8.953255613851084	61.38657536679252	531.2477954606711	-0.0	77.94478160697672
111.60259719437124	109.21919194032417	9.026519901240777	58.07604765684809	463.14843502298146	-0.0	79.5606095246916
112.44460974204672	110.5900721454297	9.099410595091063	55.17224898449601	408.54422489558203	-0.0	80.93017471526576
113.23308251447939	111.74035810562536	9.17193263620517	52.59507498843499	366.531303979432	-0.0	82.10339713309601
113.93084156014406	112.727367011322	9.244090594019227	50.28557090814285	329.10896279801494	-0.0	83.11640021126732
114.53755252244616	113.57593244852347	9.315888730812214	48.21032945991701	294.18668673657197	-0.0	83.99101386006338
115.06904824592999	114.29287520144389	9.38733104201478	46.347668516223216	264.30205069909886	-0.0	84.741163505751
115.53214683945392	114.89785534216598	9.458421282731322	44.67574622458691	238.92725829405475	-0.0	85.37915028113926
115.92324041766426	115.41640114861082	9.52916299063801	43.172217355408286	213.5779347564021	-0.0	85.91736912324265
116.24520030345388	115.84306281726401	9.59955950840172	41.82035721600453	190.24293352734153	-0.0	86.36679833393549
116.50702338529732	116.16824909228745	9.669614003595916	40.60799785773072	174.61296163483289	-0.0	86.73591648683681
116.70428418660434	116.44530216753121	9.739329484500066	39.520335312218215	152.67082798158174	-0.0	87.03144349168257
116.85168615828483	116.6333569833466	9.80870881284976	38.5508366120806	140.17712275703553	-0.0	87.25949422820867
116.94135234537418	116.77616253580123	9.877754715296843	37.68697006765893	121.93064775340761	-0.0	87.4257252004584
116.98218531370675	116.84895776943806	9.946469794039864	36.92306974840437	109.50104558488147	-0.0	87.53521556101812
116.94213406998946	116.90353114217919	10.014856536304245	36.24203031567861	58.94288339506863	-0.0	87.59422483003081
116.90495037733483	116.70462072875806	10.082917326170604	35.66310943298498	134.27460062092615	-0.0	87.6070089333165
116.90725030533281	116.73395755879095	10.150654447542767	35.191105140700635	124.8853361638888	-0.0	87.55164212493948
116.80555384119126	116.71665977953793	10.218070059712348	34.77890637904976	89.44532155903316	-0.0	87.45084215926369
116.54018579976045	116.49888979113197	10.285166230614026	34.406262018367144	60.964258189229646	-0.0	87.3366891593031
116.26125520075723	116.22542135535184	10.351944982265785	34.11407996930339	56.78948922543055	-0.0	87.18635936454689
116.00995685956751	116.0342724613084	10.418408261735111	33.91157814465359	-0.0	-0.0	86.98059461979787
115.75035543623349	115.69568949051275	10.48455791314285	33.78661615985462	70.14224914320064	-0.0	86.7325645183721
115.12855853762365	115.21761478620198	10.550395696063257	33.72365929119886	-0.0	-0.0	86.45683329515073
113.64429108174205	115.31945756653592	10.615923301048346	33.72365929119886	-0.0	-0.0	86.12086199052884
111.09772755797596	114.61057519589103	10.681142326463938	33.72365929119886	-0.0	-0.0	85.80328929296645
107.53845034426998	114.57270042538585	10.746054367031086	33.72365929119886	-0.0	-0.0	85.4732487167335
103.03575966674693	113.98776519238048	10.810661000195667	33.72365929119886	-0.0	-0.0	85.15435654353529
97.67732430289183	113.84956078200189	10.874963800152408	33.72365929119886	-0.0	-0.0	84.82969178673
91.56747464341906	113.35388225555846	10.93896432850991	33.72365929119886	-0.0	-0.0	84.51086170768397
84.82517134733979	113.14562806080754	11.002664140238657	33.72365929119886	-0.0	-0.0	84.19040951081872
77.5816891412194	112.71287012774133	11.066064780525213	33.72365929119886	-0.0	-0.0	83.8725685919142
69.97806085969492	112.45725052248108	11.129167785987637	33.72365929119886	-0.0	-0.0	83.55553998778028
62.16233149269323	112.06793779337005	11.191974685073887	33.72365929119886	-0.0	-0.0	83.23929654710501
54.28667570374472	111.78149907119077	11.25448699668801	33.72365929119886	-0.0	-0.0	82.9251717978209
46.50443494232275	111.42159209989696	11.316706232412944	33.72365929119886	-0.0	-0.0	82.61090834776115
38.96713183845244	111.11613044460074	11.378633893913923	33.72365929119886	-0.0	-0.0	82.2993557238744
31.82152001037771	110.77573111293708	11.440271475913223	33.72365929119886	-0.0	-0.0	81.98729928560715
25.206726726277356	110.45942172120883	11.398037485696571	33.72365929119886	-0.0	-0.0	81.67814021003966
19.251544053412633	110.13174505873646	11.208072366438504	33.72365929119886	-0.0	-0.0	81.36868245112994
14.07192123682404	109.81011570323727	10.952893945608526	33.72365929119886	-0.0	-0.0	81.06244459645826
9.768707131715054	109.49062896305742	10.65501937709701	33.72365929119886	-0.0	-0.0	80.75631672047803
6.475089669418646	109.16729774766404	10.32915427639626	34.02162116038206	-0.0	220.50179818820544	80.45336082457494
4.348430168712604	108.85306161806878	9.988762779456248	36.25568574805081	-0.0	414.9027020370285	80.15082089064639
3.1780518990169884	108.53027806338947	9.648584119461738	39.306442008488126	-0.0	486.760678687777	79.85125793574592
3.079007501668786	108.21950029988322	9.326208486538079	42.580150033375716	-0.0	485.9424967589793	79.55234325830607
3.238241760948728	107.8986039663523	9.033974548139744	45.76483521897456	-0.0	469.3608231751992	79.25611237929768
3.3919849608085197	107.59023145358218	8.772309912813288	48.839699216170395	-0.0	452.9593720413574	78.96065655932753
3.5402728705969473	107.27195073205449	8.540585760483044	51.805457411938946	-0.0	436.6305427971849	78.66755886747298
3.683127671512654	106.965445381495	8.338104902687736	54.66255343025308	-0.0	420.3663483354279	78.37532365642687
3.8205713458716466	106.65007829625216	8.164083593986739	57.41142691743293	-0.0	404.16991673350816	78.08515838449637
3.9526272464943806	106.34513525597156	8.017627393146576	60.05254492988761	-0.0	388.04593639418107	77.79591469690763
4.079320405160169	106.03285978911993	7.897698985884285	62.58640810320337	-0.0	371.999770911001	77.50848978579623
4.200677748426355	105.72944077008667	7.803075388066085	65.0135549685271	-0.0	356.0374217392781	77.22202153222663
4.316728313349765	105.4201630755302	7.732292010702146	67.33456626699531	-0.0	340.16559719066555	76.93716288548927
4.427503508045838	105.11829356304527	7.683572889519869	69.55007016091676	-0.0	324.3918100202225	76.65327305705627
4.533037404303469	104.81195628966196	7.65475336310746	71.66074808606939	-0.0	308.72454644825837	76.3708217097317
4.6333670783337855	104.51171723873414	7.643218799274383	73.6673415666757	-0.0	293.17339832040125	76.08934064898524
4.7285330190964885	104.20813925211833	7.645914496189905	75.57066038192977	-0.0	277.7492385947318	75.80916655060304
4.818579591217557	103.9096362886071	7.659508167028476	77.37159182435114	-0.0	262.464503943209	75.52996016253368
4.903555592054463	103.60875478828484	7.6807405799646755	79.07111184108926	-0.0	247.3334298949542	75.2519652630614
4.983514913380979	103.31200918622261	7.70684328144604	80.67029826761959	-0.0	232.3723894028679	74.97494568299399
5.058517324439819	103.0137230129165	7.735790971017383	82.17034648879638	-0.0	217.60028011647012	74.69907303688849
5.128629383420789	102.71882786934428	7.766283897118145	83.57258766841576	-0.0	203.03914712779297	74.42418795076078
5.193925587278549	102.42302387099336	7.797565093184614	84.87851174557098	-0.0	188.71459963213752	74.1504085892845
5.254489696265649	102.13003637150052	7.829220690713968	86.08979392531297	-0.0	174.65664201151574	73.87762736236944
5.310416307117957	101.83662405578916	7.861032742907007	87.20832614235914	-0.0	160.90080665020758	73.60592292214326
5.361812910078243	101.54559785613276	7.892888889023501	88.23625820156485	-0.0	147.48842340859952	73.33522310524553
5.408801998764405	101.25450541460008	7.92473192372107	89.17603997528809	-0.0	134.46915652183552	73.06557772264935
5.451524043159607	100.96548968989889	7.956532936678472	90.03048086319212	-0.0	121.90075825235004	72.79694079416187
5.490140468034281	100.6766350844834	7.988277403308729	90.80280936068561	-0.0	109.85176317432601	72.52934011528424
5.524837300153139	100.38963772681466	8.019958071092395	91.49674600306277	-0.0	98.40203184139055	72.26274769668055
5.555829303858871	100.1030050338487	8.051571348326824	92.1165860771774	-0.0	87.64058549256083	71.9971764060615
5.583362470706933	99.81801429565702	8.083115483477307	92.66724941413867	-0.0	77.67133856860708	71.73261236546037
5.607718175312295	99.53356238270577	8.11458964629686	93.15436350624589	-0.0	68.5976143449138	71.46905526334086
5.629212629064822	99.25058508415152	8.145993468396611	93.58425258129644	-0.0	60.5173813590362	71.20650262916294
5.648191263496176	98.96831390429102	8.177326812133511	93.96382526992352	-0.0	53.52030259762683	70.94494256405781
5.665022859941722	98.68733433476159	8.20858965482793	94.30045719883444	-0.0	47.64108575092254	70.68438612800139
5.680079945161739	98.4071918198633	8.239782031428525	94.60159890323479	-0.0	42.866774723943955	70.42480957668603
5.693719727384323	98.12820023947377	8.270904005588855	94.87439454768646	-0.0	39.12061148376879	70.16623276881381
5.706264284792215	97.8502021057541	8.30195565538253	95.12528569584428	-0.0	36.27000671398717	69.90862277495141
5.717985677689525	97.5731811783384	8.332937066183797	95.35971355379048	-0.0	34.15571524404431	69.65200960421772
5.729101433980247	97.29727119339903	8.36384832711066	95.58202867960495	-0.0	32.610844769470724	69.39635272057154
5.7397764124528905	97.02221040993778	8.394689529287401	95.79552824905781	-0.0	31.48831003099671	69.14168792443785
5.750130732388694	96.74840551771132	8.425460765003741	96.00261464777388	-0.0	30.669260031655725	68.88796782506888
5.760249480992182	96.47530015197148	8.45616212724048	96.20498961984364	-0.0	30.062244758927903	68.63523480640333
5.770191588297646	96.20357484001133	8.486793709469639	96.40383176595292	-0.0	29.600545240503287	68.38343690191566
5.779997247335607	95.93235243399911	8.517355605540224	96.59994494671214	-0.0	29.237059487116966	68.13262272087603
5.789693529060978	95.66270970307588	8.547847909650283	96.79387058121955	-0.0	28.9398892617655	67.88273166824267
5.799298626102168	95.39342916087745	8.578270716291598	96.98597252204335	-0.0	28.68705774293302	67.63381776895719
5.808824700633478	95.12579921006844	8.608624120250894	97.17649401266955	-0.0	28.46385600770867	67.385821594551
5.8182798848046815	94.85841360164875	8.638908216612377	97.36559769609362	-0.0	28.26049555421098	67.1387933962802
5.827669639338215	94.59282109622059	8.66912310065743	97.55339278676428	-0.0	28.07046389127018	66.89267531386491
5.8369976505570325	94.3273774715333	8.699268867995979	97.73995301114064	-0.0	27.889505805991103	66.64751655240521
5.846266440458173	94.06369863174982	8.72934561451904	97.92532880916346	-0.0	27.714825516037614	66.40326585402231
5.855477769532238	93.80021717391746	8.759353436328183	98.10955539064476	-0.0	27.54456484944296	66.15996115012967
5.864632896797527	93.53845212480783	8.789292429779419	98.29265793595053	-0.0	27.377501444287738	65.91756134331088
5.873732751345455	93.2769528220665	8.819162691493204	98.47465502690909	-0.0	27.212848102360223	65.67609463394723
5.88277804310388	93.01704142965555	8.848964318423443	98.65556086207758	-0.0	27.05013982806548	65.43553455227972
5.891769353218236	92.75747589292834	8.878697407596121	98.83538706436471	-0.0	26.88897757118103	65.19589278917965
5.900707164236769	92.49941359327083	8.908362056387478	99.01414328473537	-0.0	26.72914661392455	64.95715560912028
5.909591895369721	92.24183560574077	8.937958362450315	99.19183790739442	-0.0	26.570541921135117	64.71932288462156
5.918423933289809	91.98559162670077	8.96748642357521	99.36847866579618	-0.0	26.413037197349546	64.48239479309288
5.927203635773817	91.72995299740823	8.996946337833597	99.54407271547633	-0.0	26.25656535077149	64.24635915963859
5.935931340968639	91.47550588996567	9.026338203537463	99.71862681937277	-0.0	26.101101173315826	64.01122581881843
5.944607378126722	91.22182671441624	9.055662119196398	99.89214756253445	-0.0	25.946601151958195	63.77697149060822
5.95323206533909	90.96916383178699	9.084918183573512	100.06464130678181	-0.0	25.79305936857903	63.54361817642217
5.961805717967599	90.7173895975016	9.114106495614443	100.23611435935197	-0.0	25.640442441588924	63.31113354552843
5.970328644380827	90.46650106307673	9.143227154504983	100.40657288761653	-0.0	25.488744788536955	63.07954639723896
5.978801149644152	90.21665077116268	9.172280259648744	100.57602299288303	-0.0	25.337961520780414	62.8488164735376
5.987223535789909	89.9675353865884	9.201265910655042	100.74447071579817	-0.0	25.18809015512814	62.61898039190981
5.995596102663021	89.71959034130865	9.230184207334332	100.91192205326041	-0.0	25.03912568475485	62.38999165137092
6.003917975179214	89.47216341342994	9.259016329073036	101.07835950358428	-0.0	24.913502106645172	62.16189546008243
6.012853409100227	89.22611380912342	9.338635569906488	101.25706818200455	-0.0	30.38980986745519	61.934621999560385
6.0243675677673	88.98046525772547	9.532355356280192	101.48735135534598	-0.0	38.376955331829514	61.70810580872161
6.0384291377951245	88.7362368341371	9.81986038712119	101.76858275590249	-0.0	45.64126413658158	61.482112708107366
6.054698982333624	88.49235704403637	10.177225507344469	102.09397964667248	-0.0	51.76713527123702	61.25655207471432
6.072770337576694	88.24993289376997	10.574702934942474	102.45540675153387	-0.0	56.43993595013209	61.031285540199725
6.092165172751397	88.00782820492363	10.979208540945152	102.84330345502792	-0.0	59.61603389079507	60.80630705564429
6.112371943012384	87.76721739620216	11.357733317319004	103.24743886024768	-0.0	61.31932715592426	60.58156124464524
6.132884174651082	87.52687951071523	11.680707984691736	103.65768349302164	-0.0	61.43483270438149	60.35715472444718
6.153190771279994	87.28804265627865	11.92480746288124	104.06381542559987	-0.0	59.89786529331406	60.13314887178933
6.172727929372835	87.04948445150343	12.074864433317346	104.45455858745669	-0.0	57.06153518471563	59.909705622375874
6.191021306449247	86.81244141489742	12.124742773385455	104.82042612898493	-0.0	52.67659738607929	59.68694376840301
6.207630965018022	86.57565380567928	12.077215064049064	105.15261930036043	-0.0	46.289329455723944	59.46506042093725
6.2224099330833695	86.34032761300982	11.943086699352483	105.44819866166739	-0.0	36.3283867996175	59.24416639993075
6.234861658859977	86.10534598448604	11.740039386750883	105.69723317719952	-0.0	18.66818289430503	59.02440203643512
6.242276254377552	85.87171456645709	11.49220131528915	105.84552508755104	-0.0	15.992392060533811	58.80586604134116
6.58017623098972	85.63853057488849	11.251422245753876	105.85399000367862	-0.0	-0.0	58.588607554262325
7.7906068035525795	85.40656617428094	11.04557771638038	105.85399000367862	-0.0	-0.0	58.37256972488382
9.874981545650861	85.17514981559967	10.752768623835317	105.85399000367862	-0.0	-0.0	58.15777707177255
12.823142225794326	84.94482878034795	10.393089199479677	105.85399000367862	-0.0	-0.0	57.94432882876764
16.620720938792388	84.71516429543946	9.989688111017168	105.85399000367862	-0.0	-0.0	57.732323315469124
21.249210127963053	84.48648039719197	9.56843355227017	105.85399000367862	-0.0	-0.0	57.52182184540646
26.68605278197927	84.25853140218108	9.1566431156275	105.85399000367862	-0.0	-0.0	57.31282543034599
32.90475236682532	84.03144167737771	8.781717755347284	105.85399000367862	-0.0	-0.0	57.10531500414132
39.87500195701698	83.80521060008525	8.469727991437988	105.85399000367862	-0.0	-0.0	56.89918346358842
47.56283193687863	83.57971805461335	8.244006960752571	105.85399000367862	-0.0	-0.0	56.69434809470328
55.93077555195907	83.35513332760333	8.123813493452111	105.85399000367862	-0.0	-0.0	56.49062680269319
64.93805150385612	83.13124420110121	8.123137218568733	105.85399000367862	-0.0	-0.0	56.28786540956972
74.54076269843131	82.90827648971795	8.199978227241482	105.85399000367862	-0.0	-0.0	56.08585470991326
84.57809472262284	84.38946342817826	8.277347379735554	105.71114528992237	130.29511310871126	-0.0	55.88517192172711
93.42607048756456	90.37137122226298	8.354274095470176	103.72390302008066	524.3309392713176	-0.0	56.219814670963736
99.3631095214452	90.4192958988215	8.430762263656945	98.81606905163011	897.1862827953471	-0.0	58.441082910045665
102.99428784833735	92.46648173824323	8.50681857834321	92.45972951771297	973.3974264957097	-0.0	61.734061599023605
105.45809907471096	95.674653575285	8.582451515884792	86.0644266812041	938.3549940978285	-0.0	65.10182216116841
107.1406219853499	98.63198806012554	8.65766973634324	80.00545068234179	875.0868832694227	-0.0	68.29884991324158
108.29575094882145	101.31827361024261	8.732481563482569	74.43822795383888	792.4474496596574	-0.0	71.22794287483178
109.1729455115262	103.71010307443592	8.80689481072394	69.4578793088519	701.1817306077824	-0.0	73.82629551571634
109.9612326777545	105.81729152847974	8.880916678686667	65.08756502703257	610.7001747459449	-0.0	76.07180045214336
110.76864793979145	107.65034956698848	8.954553721238867	61.29217125556845	529.7611287667935	-0.0	77.97863863095881
111.61222870010724	109.24603485155917	9.027811872571183	57.99285862884912	461.47312637826036	-0.0	79.58741754417781
112.45415660216597	110.60739817834788	9.10069651895888	55.0987828300546	407.6864703956067	-0.0	80.95135777803695
113.23920265698423	111.76069968351112	9.173212590939492	52.52851962439828	364.7811228840935	-0.0	82.12006503787525
113.93525952063779	112.73988457974544	9.245364649663298	50.22579196721803	327.9996107929269	-0.0	83.12929694211971
114.53950213279842	113.58675612834953	9.31715695043625	48.156192801734214	292.8261265672848	-0.0	84.00056155674939
115.06879305160663	114.30258828882079	9.38859348252352	46.29861058565738	262.59936909811154	-0.0	84.74768484019634
115.53098909510011	114.90085461985772	9.459677995471681	44.63168534688571	238.14303007187658	-0.0	85.38297035989426
115.91917446567065	115.42211636180015	9.530414021987696	43.131890378475184	211.50704325942684	-0.0	85.91879761166652
116.24281594469497	115.83152777047783	9.600804900327574	41.784988184042234	192.3952589840562	-0.0	86.36608995522653
116.49976865309091	116.169177871693	9.670853794116585	40.57489209894914	172.4910731771718	-0.0	86.7332612817763
116.70044938072607	116.42429753313075	9.740563708046077	39.49199888726152	157.65045602083865	-0.0	87.0270074381639
116.83937411836654	116.63989108992237	9.80993750057175	38.5230481405833	133.99056892175173	-0.0	87.25343226565217
116.93150606549291	116.76571893463894	9.87897789535287	37.66306242335987	122.15089756877516	-0.0	87.4181829028471
116.98966346771086	116.76024933025792	9.947687491871033	36.90737964551037	143.6915876826619	-0.0	87.52644884893459
116.9649705786946	116.86939067544272	10.016068774333075	36.233571606619634	92.74799886072984	-0.0	87.58015337904654
116.90109710014745	116.82658897433033	10.084124118279187	35.64900542694839	81.88852986554738	-0.0	87.58763260767807
116.79467547167596	116.76370145746043	10.151855801859734	35.147262987010436	52.79830754292937	-0.0	87.5477122134723
116.70774610565354	116.65870587184656	10.219266006450221	34.74194865948753	66.43508894122095	-0.0	87.45586290890392
116.55905865984508	116.49997557057769	10.286356811030851	34.40541286272171	72.92103972150309	-0.0	87.32018847539527
116.29710485140737	116.2169369962236	10.35313020757053	34.12013367637794	84.9417857508285	-0.0	87.16030544147819
115.98728154862219	115.95414729725643	10.419588127815986	33.902854521562986	54.608448274227115	-0.0	86.96480170743654
115.65513995493369	115.81122472277025	10.485732429324568	33.7591551624719	-0.0	-0.0	86.72165874551348
115.06134152556783	115.27348863531955	10.551564879322234	33.71123217692729	-0.0	-0.0	86.44022136402293
113.55065075207615	115.24337593385934	10.617087162785682	33.71123217692729	-0.0	-0.0	86.10927072900066
110.9790576382707	114.64909535009912	10.682300881617383	33.71123217692729	-0.0	-0.0	85.78764926422133
107.39663189593553	114.51250545617782	10.74720762768636	33.71123217692729	-0.0	-0.0	85.46101424225276
102.87312446018883	114.01228487539782	10.811808980742134	33.71123217692729	-0.0	-0.0	85.13945846254555
97.49660941723401	113.80201959757056	10.876106513129947	33.71123217692729	-0.0	-0.0	84.81702983353179
91.37176917471454	113.36743761258248	10.940101787922478	33.71123217692729	-0.0	-0.0	84.49651696671526
84.61785626292863	113.1078891742338	11.003796358938652	33.71123217692729	-0.0	-0.0	84.17748230267665
77.36637145122114	112.7181130807044	11.067191772250766	33.71123217692729	-0.0	-0.0	83.85863523617088
69.75850338745259	112.42687278842851	11.130289563798625	33.71123217692729	-0.0	-0.0	83.54246774399762
61.94237961141157	112.06706243567305	11.19309126252921	33.71123217692729	-0.0	-0.0	83.2256707650941
54.070182465902505	111.75654843962337	11.255598386978988	33.71123217692729	-0.0	-0.0	82.91204008253492
46.29518605951846	111.41631747930636	11.317812448980852	33.71123217692729	-0.0	-0.0	82.59751687227754
38.76877197248041	111.09508138464587	11.379734950028675	33.71123217692729	-0.0	-0.0	82.28622447066302
31.63748181050477	110.76737777709637	11.441367384939428	33.71123217692729	-0.0	-0.0	81.97409134200623
25.040163994516913	110.44112304130569	11.38872431396241	33.71123217692729	-0.0	-0.0	81.66505707174912
19.105270339005138	110.12130653086304	11.196540294915655	33.71123217692729	-0.0	-0.0	81.35564739621483
13.948355055581033	109.7937188579461	10.940079125557926	33.71123217692729	-0.0	-0.0	81.04946717609815
9.669824876778424	109.47882643778155	10.641407192966634	33.71123217692729	-0.0	-0.0	80.74345033519896
6.407508674626735	109.15218111247933	10.315121094751396	34.0444231203082	-0.0	229.56943577608706	80.44051333175175
4.305908807000283	108.84041969825712	9.97467634607667	36.31214197959746	-0.0	417.8876964561196	80.1381124618257
3.16179076942168	108.51601521918047	9.634855703795111	39.375485611375275	-0.0	487.65550878713407	79.83855181984256
3.082479125825265	108.20637668998167	9.313295838130475	42.6495825165053	-0.0	485.60972191836856	79.53978302038529
3.2416044937977815	107.88490631558085	9.021973952176573	45.832089875955624	-0.0	469.0377201130173	79.24354865020001
3.395240480838387	107.5768564964726	8.76120272119044	48.90480961676774	-0.0	452.63903044881636	78.9482337740299
3.5434219521428143	107.25860925734081	8.530351492785087	51.86843904285628	-0.0	436.3123494422248	78.65513470766899
3.686171028803671	106.95194441853779	8.328720780423911	54.723420576073416	-0.0	420.0503176659994	78.36303020083949
3.8235097145448567	106.63697442144344	8.155523928652649	57.470194290897126	-0.0	403.8561417371754	78.07286772760256
3.955461402190903	106.3316628599146	8.009862778047921	60.10922804381806	-0.0	387.7345602803435	77.78374185104113
4.082051168888752	106.019906003631	7.890695220598604	62.64102337777502	-0.0	371.6909192963623	77.49632717882388
4.203305984738815	105.71601943230023	7.79679207104571	65.06611969477629	-0.0	355.73125308046457	77.2099639931213
4.319254946293332	105.40732979647166	7.726680727176894	67.38509892586663	-0.0	339.862276430734	76.9251212137496
4.429929517789288	105.10497418247536	7.678575103328156	69.59859035578577	-0.0	324.0915181952722	76.64132575524359
4.5353638348551515	104.7992045328477	7.650298358387672	71.70727669710303	-0.0	308.4275018228453	76.35889592196762
4.635595052984304	104.49848938181766	7.639222782867245	73.71190105968608	-0.0	292.8798280089181	76.07749993202215
4.7306637396802635	104.1954860003404	7.642283026002496	75.61327479360526	-0.0	277.459405843484	75.79735061350975
4.820614351566848	103.89652397396056	7.6561439480750195	77.41228703133694	-0.0	262.17872493567944	75.51822220177725
4.905495796233296	103.59615392154426	7.677555559518477	79.10991592466591	-0.0	247.05204125128517	75.24025711885756
4.985362086769024	103.29903512017769	7.7037690256141405	80.70724173538048	-0.0	232.09575010999637	74.9633080294376
5.060273124327648	103.00117875953755	7.732781488841897	82.20546248655296	-0.0	217.3288527278198	74.68746990832271
5.130295625041906	102.70598688310443	7.763311595015311	83.60591250083812	-0.0	202.77345817316382	74.41264972595334
5.195504279972247	102.41052807091008	7.794614646303337	84.91008559944494	-0.0	188.45515408180694	74.13890865271243
5.255983042397477	102.1173199499487	7.826283987748266	86.11966084794953	-0.0	174.40415720145225	73.86618819660755
5.3118267540763595	101.8241910763072	7.858105587743414	87.2365350815272	-0.0	160.65608531626242	73.59452476348798
5.363143192319545	101.53299290479187	7.889969138674689	88.2628638463909	-0.0	147.25235407472994	73.3238824725184
5.410055163191205	101.24214610642046	7.921818488143579	89.20110326382411	-0.0	134.24287416526622	73.05428042132196
5.452703539114224	100.95297612206629	7.953625255097383	90.05407078228447	-0.0	121.68541224011312	72.78569797961613
5.491250122329992	100.66435439709986	7.985375183941499	90.82500244659984	-0.0	109.64908120105369	72.51814190351895
5.525881717125272	100.37722573605562	8.017061154488653	91.51763434250545	-0.0	98.21202761115113	72.25160257711939
5.556812954043806	100.09079501703768	8.048679642662622	92.13625908087612	-0.0	87.46800929920181	71.98607645734141
5.584291189607497	99.80571631814996	8.080228929118096	92.68582379214993	-0.0	77.51590973296634	71.72156318343994
5.608598488327787	99.52144858373903	8.111708200568568	93.17196976655573	-0.0	68.45814318733622	71.45805152289205
5.630049974202248	99.23838761209925	8.143117097048826	93.60099948404496	-0.0	60.40367519643236	71.19554916936069
5.648993647357883	98.95625478612708	8.174455484785955	93.97987294715765	-0.0	53.42623465939563	70.93403634892786
5.665797425241285	98.67522979393478	8.20572334335271	94.3159485048257	-0.0	47.56605733965506	70.67352762696395
5.680833208939533	98.3952182414539	8.236920708804032	94.61666417879066	-0.0	42.811924560276545	70.41399831688815
5.694457846000284	98.11620470883587	8.268047645397298	94.88915692000568	-0.0	39.08402243227922	70.15546758341098
5.706992443610751	97.83828289011284	8.299104231569398	95.13984887221503	-0.0	36.24953030611823	69.89790669481832
5.718708587778456	97.56126930392011	8.330090552910868	95.37417175556911	-0.0	34.14383986516614	69.64133858229225
5.729822007334269	97.28544170794248	8.361006698760502	95.59644014668537	-0.0	32.60699035065884	69.3857299448109
5.74049688056663	97.01040478308448	8.391852760391505	95.80993761133259	-0.0	31.490680753699145	69.13110875933498
5.750852699480813	96.73664205858506	8.422628830232274	96.01705398961626	-0.0	30.675972579825498	68.87743789283658
5.760974080614283	96.46356782951355	8.453335001383351	96.21948161228566	-0.0	30.071472508769574	68.62474855107943
5.770919547593904	96.19187047668535	8.483971367439963	96.41839095187807	-0.0	29.611209996464794	68.37299943322965
5.780728989307271	95.92074356254024	8.514538022386702	96.61457978614541	-0.0	29.248875038221374	68.12222616043348
5.790429346743674	95.6510736748807	8.5450350605563	96.80858693487347	-0.0	28.952406377758475	67.87238560601395
5.800038696512326	95.3818977821255	8.575462576565346	97.00077393024651	-0.0	28.700007365877948	67.62351201579158
5.809569128838394	95.11424940818462	8.605820665324798	97.19138257676788	-0.0	28.47705680509522	67.37556453721379
5.819028732529464	94.84699733421972	8.636109421985887	97.38057465058928	-0.0	28.273795025546523	67.12857682055423
5.82842293144645	94.58132573584534	8.66632894200883	97.568458628929	-0.0	28.08380324396141	66.88250845086507
5.837755395310339	94.31604398766204	8.696479321101695	97.75510790620676	-0.0	27.902829909873542	66.63738826581663
5.84702862847351	94.05230509075217	8.726560655327182	97.94057256947018	-0.0	27.72814548326994	66.3931875235231
5.8562443906789	93.78895648537906	8.756573040821323	98.124887813578	-0.0	27.557833288299214	66.14992088052415
5.865403931938306	93.5271317267139	8.786516574123187	98.3080786387661	-0.0	27.39071986538214	65.90757070334182
5.874508180317196	93.26575884821932	8.81639135194253	98.49016360634393	-0.0	27.226001156981802	65.66614269399226
5.883557843698052	93.0057711489979	8.846197471335586	98.67115687396102	-0.0	27.06321589367896	65.42563208312681
5.892553501828035	92.74641114316228	8.875935029472446	98.85107003656069	-0.0	26.90197144865881	65.1860252574955
5.901495633026278	92.4882332216088	8.905604123878303	99.02991266052555	-0.0	26.7420878807101	64.94733818622876
5.910384663216842	92.23083459901441	8.935204852234666	99.20769326433683	-0.0	26.583391466415662	64.70954217314764
5.919220971584404	91.97440631715976	8.964737312531291	99.38441943168807	-0.0	26.42582999067307	64.4726665139538
5.928004923071011	91.71911076504749	8.994201602895114	99.56009846142022	-0.0	26.269263444424602	64.23666039657033
5.936736849710239	91.4644091288336	9.023597821791537	99.73473699420477	-0.0	26.113728858788186	64.00158028084897
5.945417083014994	91.21103373019511	9.052926067837397	99.90834166029987	-0.0	25.959161481017013	63.76735848584143
5.954045943595851	90.95813401097723	9.082186439873094	100.080918871917	-0.0	25.805530131815043	63.53405648709921
5.962623743070287	90.7066669743351	9.111379037006595	100.25247486140573	-0.0	25.652841136043282	63.30160529193228
5.971150790804329	90.45558120538458	9.140503958520895	100.42301581608658	-0.0	25.501080243166033	63.07006585937401
5.979627394186053	90.20598235493819	9.16956130391879	100.59254788372105	-0.0	25.350219936358215	62.83937189070934
5.988053854887699	89.95669751209373	9.198551172909438	100.76107709775397	-0.0	25.20026346744681	62.60958149848605
5.99643047210175	89.70893809527678	9.227473665441812	100.928609442035	-0.0	25.051213503648796	62.38063201643288
6.0047575445928665	89.46145650144683	9.256328881630113	101.09515089185732	-0.0	24.9030555009093	62.152576525620404
6.01373231595934	89.21552963177528	9.338761102813077	101.27464631918679	-0.0	30.69935273987111	61.925341860627285
6.025308615620213	88.96984848379775	9.535000321340426	101.50617231240426	-0.0	38.768439594128196	61.69885474377008
6.039452716173436	88.72571184695347	9.824461753882689	101.7890543234687	-0.0	45.869467694154004	61.47289870247322
6.05578834563064	88.48181537042223	10.183073729772936	102.1157669126128	-0.0	51.83966122728577	61.247372207149425
6.073896466375132	88.23947987142964	10.580979156110025	102.47792932750264	-0.0	56.54554586669956	61.02212570767848
6.093313777811106	87.99738939889598	10.985066412053548	102.86627555622212	-0.0	59.77401805850394	60.79715800349271
6.113548689787802	87.7568145850728	11.362386841912889	103.27097379575603	-0.0	61.36088982143931	60.572453666431386
6.134064518406693	87.5165106402452	11.683509470527843	103.68129036813386	-0.0	61.463912915934856	60.348077826893835
6.1543565426400555	87.27770146744875	11.925305249318987	104.0871308528011	-0.0	59.948060526123925	60.124103426285686
6.17392749550914	87.03923373365093	12.07283483446054	104.47854991018279	-0.0	56.71642035210668	59.900695441394696
6.192164741673558	86.80213412005415	12.120194959521916	104.84329483347116	-0.0	52.42535352060041	59.67797891528139
6.20864225315086	86.56546894398045	12.070373425749656	105.17284506301719	-0.0	46.584681466642515	59.45612242026732
6.222918903120637	86.33009477505357	11.934359262083705	105.45837806241273	-0.0	38.62407669311034	59.23528091495654
6.234234920950507	86.09524327577425	11.729987954538267	105.68469841901013	-0.0	29.779495792858146	59.01556751505883
6.242821318345441	85.8615460042883	11.481553186603485	105.8564263669088	-0.0	16.75230796631891	58.79708431139407
6.60229821336174	85.62849128091338	11.240994321015055	105.90208555476745	-0.0	-0.0	58.57987560947524
7.8352323729706255	85.39645852328957	11.032518016033935	105.90208555476745	-0.0	-0.0	58.3638924742874
9.942309268775862	85.16516834540664	10.738091441517986	105.90208555476745	-0.0	-0.0	58.14914057893939
12.913260029996941	84.93480638174782	10.377363896386573	105.90208555476745	-0.0	-0.0	57.93575920748824
16.7336056836439	84.70525211503455	9.973549944108177	105.90208555476745	-0.0	-0.0	57.72381408217123
21.384727718003404	84.47652242842078	9.552552830428551	105.90208555476745	-0.0	-0.0	57.513374962741715
26.84395882025489	84.24867844661217	9.14169226535435	105.90208555476745	-0.0	-0.0	57.304430323297304
33.084693345929054	84.02154680197482	8.768337406574018	105.90208555476745	-0.0	-0.0	57.096968306864
40.07651698193312	83.7954514978984	8.458493307149851	105.90208555476745	-0.0	-0.0	56.890891482988366
47.7853549711479	83.56988884196409	8.235395590724478	105.90208555476745	-0.0	-0.0	56.68611040525426
56.17363817629992	83.34541961276436	8.118176759085317	105.90208555476745	-0.0	-0.0	56.48243208590139
65.20048617366474	83.12149674527345	8.120676217705496	105.90208555476745	-0.0	-0.0	56.27971028628895
74.82190648445604	82.89861350651184	8.197878635476863	105.90208555476745	-0.0	-0.0	56.07773416894484
84.85615883151695	84.65448718586386	8.27525352516209	105.73366203858392	134.72359893047084	-0.0	55.877563502978376
93.64315897521243	90.41796892527329	8.352185932089784	103.66894004535334	538.7644239317616	-0.0	56.25385233618461
99.49821386451818	90.43181774035415	8.42867981127602	98.68849549431361	903.3137058490603	-0.0	58.52712674551573
103.08802015367488	92.55873224430255	8.504741937740263	92.31587972167156	973.4659274178576	-0.0	61.83235761845461
105.52905279638337	95.76718155705855	8.580380812667924	85.9246506710853	937.3198021695871	-0.0	65.19838167302815
107.19484515488317	98.71863419533246	8.65560509365013	79.87460711902358	873.4179906319563	-0.0	68.39065867060667
108.33975801421424	101.39932711050581	8.73042309557821	74.31973653500437	790.3409272799674	-0.0	71.3128193244988
109.212478426961	103.78450753176567	8.804842619411655	69.35346110987354	698.9401838266131	-0.0	73.90310716097126
110.00080002920996	105.8809296363675	8.878870851404962	64.9975942949414	608.9239159006823	-0.0	76.14041308840955
110.80811012186012	107.71399880093385	8.952514330849839	61.214292519548096	527.7025856326313	-0.0	78.03959409694812
111.65268883183266	109.30124634334257	9.025778978521803	57.92580089420281	460.03241621010625	-0.0	79.64193730741826
112.49348596836619	110.65934933717811	9.09867016928906	55.03998629815279	406.29090170335667	-0.0	81.00069366037631
113.27746397940078	111.80338024174583	9.171192824482144	52.47690803412033	364.2355506934291	-0.0	82.16526007732021
113.97110987564686	112.77963611822001	9.243351497849861	50.17987989853071	327.46394941797234	-0.0	83.1709983525257
114.57298584461455	113.6251445400637	9.31515043848263	48.11530148345249	292.07142518496465	-0.0	84.03914991043038
115.10056510618361	114.33813706293088	9.386593630148482	46.26240396081357	261.95137696287327	-0.0	84.78344816834097
115.56117895285557	114.93350224784679	9.457684817438679	44.59968562229006	237.67815097478	-0.0	85.41619959869722
115.94754412494343	115.45295204820981	9.528427528632836	43.10356303913246	210.9817217344342	-0.0	85.94977218144429
116.2698238122347	115.85897490317406	9.598825098060356	41.760118332987275	192.29249027317272	-0.0	86.39503434445795
116.5242880963107	116.19893474563715	9.668880685829722	40.55276338132466	171.1192612204123	-0.0	86.76034366197538
116.72361804449862	116.45207423721308	9.738597293432232	39.47272760652597	156.32959622444665	-0.0	87.05237204059245
116.86374072554035	116.65571454850027	9.807977776394306	38.5072169546779	136.8296602846306	-0.0	87.27721568025143
116.95118582242853	116.79272373276949	9.877024855696778	37.648563073859464	119.42189108079617	-0.0	87.44051375387176
116.98513531919407	116.86064732134597	9.945741128498586	36.888039527828376	105.84857016667534	-0.0	87.5479693878175
116.97581833287529	116.87734674543034	10.014129077977517	36.22152876369083	94.14054849025099	-0.0	87.6020009945948
116.92176590230272	116.85169917037221	10.082191079132182	35.6422897008443	79.41036376787274	-0.0	87.6058398904094
116.86292265710202	116.6150788629307	10.149929404938307	35.15680461037741	149.3517374368926	-0.0	87.56364381661335
116.72566416899694	116.64921508456644	10.217346233267	34.73879776269022	82.94828267508407	-0.0	87.47243046459025
116.5699069879428	116.50964981197917	10.284443643608745	34.40229430897526	73.64201135714919	-0.0	87.33628109171194
116.31254043083969	116.22835594493161	10.351223627207158	34.1203719151499	87.0436886381052	-0.0	87.17440037243266
116.00031055863595	115.97193112295275	10.417688112872566	33.90439728315669	50.53859130889256	-0.0	86.97749430785717
115.68601495945742	115.75562653936038	10.483838955963536	33.76776997404293	-0.0	-0.0	86.73377275717738
115.07591176585015	115.26295590001696	10.549677922259901	33.72245609045998	-0.0	-0.0	86.44961674025099
113.53772482041778	115.26920379427835	10.615206691926684	33.72245609045998	-0.0	-0.0	86.1148296157881
110.93927510273093	114.6371466792507	10.680426862952379	33.72245609045998	-0.0	-0.0	85.79635323283594
107.33115523094845	114.5382303725417	10.745340029800326	33.72245609045998	-0.0	-0.0	85.4668801172905
102.78361641281863	114.00132972110143	10.809947770262669	33.72245609045998	-0.0	-0.0	85.14776770257056
97.38520063298465	113.82592108267652	10.874251658726127	33.72245609045998	-0.0	-0.0	84.82315637231714
91.24101671318641	113.35866209121588	10.938253256829421	33.72245609045998	-0.0	-0.0	84.50448609369066
84.47069381108804	113.12920320122262	11.001954119955617	33.72245609045998	-0.0	-0.0	84.18381472432992
77.206052203626	112.71193973657961	11.065355793167003	33.72245609045998	-0.0	-0.0	83.86631970595934
69.58853670553712	112.44547204789896	11.128459813586032	33.72245609045998	-0.0	-0.0	83.5489525257774
61.7664626951182	112.06343525616627	11.191267709482636	33.72245609045998	-0.0	-0.0	83.23312220645661
53.89212836807343	111.77259562231184	11.253781000280853	33.72245609045998	-0.0	-0.0	82.91863026774757
46.118849444596904	111.4149789245315	11.316001197388749	33.72245609045998	-0.0	-0.0	82.60477881493523
38.597974064986644	111.10890590194163	11.37792980296546	33.72245609045998	-0.0	-0.0	82.2928808714302
31.475935994599613	110.76796772186255	11.439568311590916	33.72245609045998	-0.0	-0.0	81.9811998125949
24.891403513283237	110.45309592679136	11.383237458162402	33.72245609045998	-0.0	-0.0	81.67175028811153
18.972579501126926	110.12345480130287	11.189373016067501	33.72245609045998	-0.0	-0.0	81.36263958213675
13.834705288823022	109.80420550227439	10.93185017837157	33.72245609045998	-0.0	-0.0	81.05618630769287
9.577816873361664	109.4821862876761	10.632462051900706	33.72245609045998	-0.0	-0.0	80.75035925891206
6.345485100294821	109.1615029370251	10.305759785939532	34.09822407742903	-0.0	237.279669086398	80.44724650266639
4.266434318798791	108.84469357686396	9.965223549624069	36.39541911599166	-0.0	420.53309833968416	80.14495838951733
3.147662622792149	108.52446084915796	9.625701396458952	39.46961132134426	-0.0	488.33673740351475	79.84528746330444
3.0871367869726014	108.21130817625763	9.304892922720287	42.74273573945203	-0.0	485.12565180836094	79.54657774271747
3.2461025326580617	107.89267301289856	9.01440632006209	45.922050653161236	-0.0	468.5619004631075	79.25027464908553
3.39958031129746	107.58226228040486	8.754454259307296	48.9916062259492	-0.0	452.1655217521662	78.95498121598813
3.5476042143203106	107.26587828429037	8.524404427628511	51.952084286406205	-0.0	435.84059823525666	78.66183874469635
3.690196313068273	106.95766418162923	8.32355524479537	54.803926261365454	-0.0	419.58037896449946	78.36973148912732
3.827378645521207	106.64387634769605	8.151117387683637	57.54757291042414	-0.0	403.388136835016	78.07954024404111
3.9591746492012336	106.33763912629794	8.006189263248757	60.18349298402467	-0.0	387.2686194034864	77.79039467576546
4.085609448060172	106.02651100395344	7.88772431954613	62.712188961203424	-0.0	371.2272304598019	77.5029618071922
4.206710074489218	105.72209657648455	7.794487562725879	65.13420148978436	-0.0	355.2699872481055	77.21656802325992
4.3225056870160365	105.41374596379977	7.72499884975856	67.45011374032072	-0.0	339.40363107004026	76.93171006947684
4.433027821873982	105.11111781782779	7.677462479367504	69.66055643747964	-0.0	323.6357263022396	76.64787883864813
4.538310695153403	104.80547857749715	7.64968994385933	71.76621390306806	-0.0	307.9748243173681	76.36543443424135
4.6383915539057625	104.50464449864728	7.639040874084583	73.76783107811524	-0.0	292.4305584774015	76.08400036368089
4.733311069981022	104.20166074284977	7.642439378558149	75.66622139962045	-0.0	277.0138868382492	75.80383503852256
4.8231138223260945	103.90268078634334	7.6565470345623705	77.4622764465219	-0.0	261.7373196397776	75.5246679211917
4.907848852860543	103.60222192786824	7.678122159614157	79.15697705721085	-0.0	246.6151851059252	75.24668641852094
4.987570328772854	103.30517109741103	7.704434146187714	80.75140657545708	-0.0	231.66397281550445	74.96969835740707
5.062338338468873	103.007183233598	7.733501152360458	82.24676676937746	-0.0	216.9027254661565	74.69384259452862
5.132219801861412	102.71209720758031	7.7640592721369535	83.64439603722823	-0.0	202.3537058546921	74.41898462772116
5.197289671541574	102.41646569738501	7.795375501225347	84.94579343083147	-0.0	188.04252463104797	74.14522527529782
5.257632180819415	102.12337215197151	7.827050106253137	86.15264361638829	-0.0	173.99960374477897	73.87246857251739
5.313342513576857	101.83008747060512	7.858872865284339	87.26685027153714	-0.0	160.26073209512504	73.60078512474698
5.364528855751478	101.53899111218122	7.890735480148411	88.29057711502955	-0.0	146.86749148778372	73.33010856946603
5.4113144771619694	101.24799748897117	7.922582836802124	89.22628954323939	-0.0	133.87012105242172	73.0604852875592
5.453840844192526	100.9589200570946	7.95438708429161	90.07681688385051	-0.0	121.32647161124947	72.79187010632212
5.492270461258493	100.67016960979207	7.986134236122096	90.84540922516986	-0.0	109.30571025633827	72.52429133121908
5.5267905889109485	100.38312863655337	8.017817308779792	91.53581177821897	-0.0	97.8884319959757	72.25772082645945
5.557617347937607	100.09655241608458	8.049432844981952	92.15234695875213	-0.0	87.16468710970416	71.99217197851996
5.584998597839237	99.81155420403955	8.08097916068286	92.69997195678474	-0.0	77.23673091706696	71.72762865095363
5.609217112868085	99.52714841443827	8.112455459572033	93.18434225736169	-0.0	68.20930549546989	71.46409407547797
5.630590376982186	99.2441799396378	8.143861390025785	93.6118075396437	-0.0	60.18145531285686	71.20156148654236
5.649465729478161	98.96192595001204	8.175196822729218	93.98931458956321	-0.0	53.23609051750337	70.94002516719169
5.666211619729334	98.68097760462462	8.206461739262878	94.32423239458669	-0.0	47.41157747423361	70.67948728883464
5.681201107947352	98.40084571670948	8.237656176629308	94.62402215894704	-0.0	42.68486275453872	70.41993404762013
5.6947878969257095	98.12183336892126	8.268780199627509	94.8957579385142	-0.0	38.993155398792375	70.16137915060065
5.707295282459517	97.84394321683179	8.299833886785787	95.14590564919034	-0.0	36.17390771732156	69.90378711749538
5.718990002312857	97.56684097521263	8.330817323848507	95.37980004625715	-0.0	34.089826132964944	69.64719816197578
5.730087784792534	97.291044648257	8.361730600094987	95.60175569585068	-0.0	32.567645415620184	69.39155915014791
5.740751163233372	97.0159084330522	8.392573806765638	95.81502326466745	-0.0	31.46164194932727	69.13691796576674
5.751098498724136	96.74222394505294	8.42334703621787	96.02196997448272	-0.0	30.65347084697913	68.88321560498026
5.76121335592181	96.46903784175879	8.454050381514389	96.2242671184362	-0.0	30.054094852655638	68.63050567554046
5.771153691053066	96.19740354036296	8.484683936187805	96.42307382106132	-0.0	29.597519667035602	68.37872709144689
5.780958976984772	95.92615450609597	8.515247794150909	96.61917953969544	-0.0	29.237581050038443	68.12793346985144
5.790655833935638	95.656567082015	8.54574204963983	96.81311667871276	-0.0	28.942661528597338	67.87806276867886
5.800262117568206	95.38727822668045	8.576166797207879	97.00524235136412	-0.0	28.691294604366234	67.62916865991316
5.809789774719752	95.11967801271734	8.6065221316965	97.19579549439503	-0.0	28.4690379297218	67.38119352751224
5.819246795449594	94.85231667758397	8.636808148238366	97.38493590899188	-0.0	28.266281619030867	67.13418395312118
5.82863854711767	94.58672707459986	8.667024942169636	97.5727709423534	-0.0	28.07662699384252	66.88808748749514
5.8379686550851035	94.32132347371744	8.697172609150064	97.75937310170207	-0.0	27.895897909724855	66.64294673196271
5.847239601000717	94.05763979846971	8.727251245129796	97.94479202001433	-0.0	27.721354998287353	66.39871760230176
5.856453120112008	93.79420196862417	8.75726094624825	98.12906240224014	-0.0	27.551165954012355	66.15543084678447
5.865610454443224	93.5324235023836	8.787201808921099	98.31220908886446	-0.0	27.384134594223788	65.91305250163938
5.874712522859595	93.27098375468739	8.81707392981308	98.4942504571919	-0.0	27.21948158574907	65.67160302108952
5.883760026421168	93.01103802229008	8.846877405945076	98.67520052842335	-0.0	27.05676895365476	65.43106557276178
5.892753543664146	92.75154536407769	8.87661233437564	98.8550708732829	-0.0	26.89558719520487	65.19143950098446
5.901693552827515	92.49345839658483	8.906278812553925	99.0338710565503	-0.0	26.735738877006277	64.95272435747545
5.9105804745204225	92.23594203207958	8.935876938131099	99.21160949040845	-0.0	26.577089783834694	64.71490823537138
5.919414691000254	91.97964848551608	8.965406808997681	99.38829382000507	-0.0	26.41954869206801	64.47800262148444
5.928196558997277	91.7240901861637	8.994868523274647	99.56393117994553	-0.0	26.263052227853443	64.24198299148667
5.936926419573768	91.46961053094398	9.02426217928386	99.73852839147536	-0.0	26.10754297232783	64.00687059256606
5.945604598351125	91.21600533728733	9.053587875627116	99.9120919670225	-0.0	25.953012172134134	63.77263269418475
5.954231416327913	90.96328084829901	9.082845711071466	100.08462832655825	-0.0	25.799423092440612	63.539301403235946
5.962807185440927	90.71160070268733	9.112035784660753	100.25614370881854	-0.0	25.646776867744315	63.30683274116679
5.971332214744458	90.46063153195588	9.141158195604108	100.42664429488916	-0.0	25.49506134517128	63.075267725208185
5.9798068147024015	90.21093553068748	9.170213043329296	100.59613629404802	-0.0	25.344216802801633	62.844551339241
5.988231281230931	89.9616942153233	9.199200427520903	100.76462562461862	-0.0	25.19430353907284	62.61473831274512
5.9966059167428885	89.71386056115864	9.228120448036218	100.93211833485776	-0.0	25.045290987870093	62.38576560379819
6.004931035054356	89.46639863185956	9.256975077492182	101.09862070108711	-0.0	24.896925510379297	62.157688798901674
6.0139552428493666	89.22042648839579	9.342295438856128	101.27910485698733	-0.0	30.904645871305036	61.930428647731325
6.025601711338404	88.97474039717795	9.541108365468569	101.51203422676808	-0.0	38.912934545371726	61.70391685339313
6.039808341620093	88.73058736144687	9.832614386496639	101.79616683240185	-0.0	45.97109024266496	61.47792889780566
6.056184700476561	88.48664798415624	10.192587654924559	102.12369400953122	-0.0	51.98178105828647	61.252365704823134
6.074331592102702	88.24432351556291	10.591052143604049	102.48663184205402	-0.0	56.64239549118189	61.02708114367219
6.0937773867216265	88.0021738281149	10.994857898301374	102.87554773443252	-0.0	59.80573729910815	60.80208476229949
6.114022322515835	87.76162160892234	11.371105179741674	103.28044645031669	-0.0	61.38008522421	60.577339098611475
6.134538985413776	87.52126054180674	11.690490193833023	103.69077970827551	-0.0	61.434853169031065	60.352928677621854
6.1548194638799885	87.28246998877692	11.930070166804692	104.09638927759977	-0.0	59.866960850034026	60.12892342148283
6.17434065278665	87.04393235866814	12.075126007470532	104.48681305573298	-0.0	56.75546362148951	59.905490035257344
6.192551997532216	86.8068792497394	12.11998250472585	104.8510399506443	-0.0	52.36745014805778	59.68274533020247
6.209016665320657	86.57012753657823	12.067840798253098	105.18033330641315	-0.0	46.22327876774714	59.460880996943736
6.224131182997098	86.33479767648474	11.929874809604923	105.48262365994196	-0.0	33.873500025330465	59.24002341794928
6.234176952524209	86.09985835563064	11.724079486797773	105.68353905048416	-0.0	28.262783842994892	59.020295449653496
6.242540279319815	85.86621576039977	11.47490908825458	105.8508055863963	-0.0	16.436906950647845	58.80180164776677
6.6208359141369835	85.63307546242137	11.233655480402039	105.87269898461732	-0.0	-0.0	58.58458386839943
7.875363157191752	85.40109971469826	11.02148025781762	105.87269898461732	-0.0	-0.0	58.36859042989663
10.003583350261877	85.16971520551901	10.72535654011599	105.87269898461732	-0.0	-0.0	58.15384620344352
12.995124580387627	84.93939460035494	10.363492680881933	105.87269898461732	-0.0	-0.0	57.94046199591869
16.835407526627108	84.70977115185964	9.959173441469819	105.87269898461732	-0.0	-0.0	57.72852112027716
21.50571651257588	84.48107406958579	9.538341583663632	105.87269898461732	-0.0	-0.0	57.51808031755995
26.983290717507785	84.25315951178442	9.128323310592354	105.87269898461732	-0.0	-0.0	57.309140791529934
33.241435101565564	84.02603649940272	8.756460047394613	105.87269898461732	-0.0	-0.0	57.101678577742355
40.24965050446448	83.79990032031063	8.448694923743425	105.87269898461732	-0.0	-0.0	56.89560605635992
47.97378228356639	83.57435010291681	8.228168908834597	105.87269898461732	-0.0	-0.0	56.69081623925492
56.37618676706752	83.34984027740533	8.113890192581575	105.87269898461732	-0.0	-0.0	56.487127672624894
65.41591471097009	83.12591349237319	8.119549087166856	105.87269898461732	-0.0	-0.0	56.28439238784859
75.04891086592464	82.9030025809092	8.197027851864537	105.87269898461732	-0.0	-0.0	56.08239754989474
85.07723179501434	84.86489793295145	8.274404093655683	105.68469252623055	138.23909572063985	-0.0	55.88264279430142
93.81293252745323	90.45895101182472	8.35133785727632	103.56170615831013	549.4163597915203	-0.0	56.290684788550934
99.60067855709066	90.45072983616264	8.427833147246716	98.52909201764844	907.4664648809465	-0.0	58.60178387269168
103.15356015585829	92.63405491034851	8.503896797251103	92.14742667848827	973.0136032429762	-0.0	61.914491023581476
105.57253498153811	95.83978974323632	8.579537323903544	85.76314045837881	935.9204407678897	-0.0	65.27734578613271
107.22251678155872	98.78309959780533	8.654763379268829	79.72457477725908	871.5202502167149	-0.0	68.46355401142853
108.3581039093307	101.45533785615018	8.729583267131833	74.18418344687258	788.1934691344798	-0.0	71.37767503266541
109.22619773866751	103.83670267098091	8.80400477415649	69.23313707537865	696.458581748975	-0.0	73.95888578829754
110.01339297826478	105.93097980804615	8.87803507078703	64.89212310735057	606.1494744035308	-0.0	76.18722825272394
110.82437449754916	107.7419884996313	8.95168068061126	61.1239755602942	526.70175603714	-0.0	78.07838312744812
111.6696476522046	109.3227038187167	9.024947510127827	57.84689289423767	459.5921507313967	-0.0	79.67385299319923
112.5102107310975	110.67212357662201	9.097840922167418	54.9704411786066	406.7282187195695	-0.0	81.02711506194473
113.28789043795824	111.83509826076524	9.170365828381831	52.412719311213735	361.59548662472315	-0.0	82.18724840449882
113.97884642096767	112.80867585443549	9.242526774755726	50.12189287026915	324.5232672519739	-0.0	83.18928914411487
114.58333331616035	113.62675470537143	9.314328003870832	48.06495599006276	293.4145104983786	-0.0	84.05416474419137
115.10923861285984	114.3367394429362	9.385773493760292	46.217162932326666	263.67579580448233	-0.0	84.79548556235301
115.56331103675757	114.95243307216728	9.456866983872787	44.5571250550284	234.47604741876268	-0.0	85.4255745699226
115.95345285405408	115.44406611226182	9.527611997921023	43.0671129725078	214.11400412234363	-0.0	85.95679773770124
116.26906397494723	115.87015365979966	9.598011866210717	41.72552604099906	189.47804190270097	-0.0	86.3999488844544
116.52468755849394	116.19651040550252	9.668069745271518	40.522464237299836	171.86024487713084	-0.0	86.76333605966502
116.71896828762532	116.46306698195293	9.737788633363513	39.44428944402096	151.7600655986756	-0.0	87.05360170431774
116.8589925269769	116.65972534866825	9.807171383080599	38.482035284398435	133.91805721327998	-0.0	87.27683500458592
116.94925326879289	116.77929230617413	9.876220712748024	37.6273019490423	123.67896601964439	-0.0	87.43866131279668
116.99118476471892	116.8850593029027	9.944939216941698	36.87203925192159	97.73070941858427	-0.0	87.54273435945457
116.9853276112427	116.88634613550299	10.013329373157962	36.20913951818941	94.38396482757813	-0.0	87.59326072790759
116.90596903407996	116.83373956485455	10.081393551946961	35.62473507421429	80.6266223420433	-0.0	87.60082404644525
116.79737472197375	116.75513474139987	10.149134031222362	35.12695881766612	61.65710219957942	-0.0	87.55967631603048
116.73028216845788	116.5814058723299	10.216552990797407	34.73182145925947	115.75347360454559	-0.0	87.46550290528126
116.55664162517485	116.53730148209367	10.28365250571494	34.39225837251256	41.72065288686448	-0.0	87.32614129697522
116.28325794591676	116.27978054177086	10.350434562443152	34.10781712574897	17.690855635914364	-0.0	87.16408575986524
115.98121813931601	115.96164121894738	10.416901089299321	33.8967990538402	41.97526453969267	-0.0	86.96752073232965
115.69107683944668	115.6601993599601	10.483053942098143	33.76905868172017	52.715966782294	-0.0	86.72267595204966
115.06282955370914	115.22191244993097	10.548894885216587	33.72594691186977	-0.0	-0.0	86.4363802739142
113.49751656544342	115.27678556875141	10.614425594003636	33.72594691186977	-0.0	-0.0	86.09639357200054
110.87284431414373	114.59376070414655	10.679647661437226	33.72594691186977	-0.0	-0.0	85.78242509347855
107.23991597879669	114.54633106762758	10.744562685769411	33.72594691186977	-0.0	-0.0	85.44907139440151
102.669465795587	113.95918905289138	10.80917224217731	33.72594691186977	-0.0	-0.0	85.13349775709246
97.25048184051212	113.83195507500005	10.873477908061702	33.72594691186977	-0.0	-0.0	84.80591331462475
91.08847340402649	113.31952166892765	10.93748124317089	33.72594691186977	-0.0	-0.0	84.48994532330444
84.30341669265724	113.13203407872666	11.001183805232252	33.72594691186977	-0.0	-0.0	84.16706015771364
77.02741885513515	112.6765111224078	11.064587138007601	33.72594691186977	-0.0	-0.0	83.8515821061784
69.40214581550069	112.44478796463426	11.127692780426578	33.72594691186977	-0.0	-0.0	83.53261283137533
61.57606399379557	112.03171388361544	11.190502259922056	33.72594691186977	-0.0	-0.0	83.21825626089759
53.70154961904736	111.76859970213556	11.253017097306394	33.72594691186977	-0.0	-0.0	82.902638633997
45.93192191701775	111.38662398912818	11.315238803504556	33.72594691186977	-0.0	-0.0	82.58984436965818
38.41845793759662	111.10200638870577	11.377168881746469	33.72594691186977	-0.0	-0.0	82.2771813478478
31.307447143907325	110.74246478015101	11.438808826390714	33.72594691186977	-0.0	-0.0	81.96624681440338
24.73734311131428	110.4438508345954	11.378524700577557	33.72594691186977	-0.0	-0.0	81.65629795048896
18.836067793542146	110.10033706497622	11.183019374277665	33.72594691186977	-0.0	-0.0	81.34771448370758
13.718520842788532	109.79306030290068	10.924443544717242	33.72594691186977	-0.0	-0.0	81.04096081761108
9.484342477996986	109.46096564385883	10.624336462408117	33.72594691186977	-0.0	-0.0	80.73550272145381
6.284257243967671	109.14891233654264	10.297210080187241	34.15437154592196	-0.0	244.72776673740785	80.43222671969194
4.227641765002115	108.82496239005319	9.956572557149071	36.48063861604146	-0.0	423.18160004283305	80.13019561688002
3.134358166683466	108.51079559767307	9.617339740285125	39.565737073796576	-0.0	489.0259289346645	79.83045423413216
3.0919121967393433	108.19271708125689	9.297262369719551	42.83824393478686	-0.0	484.6938589192709	79.531924615303
3.2507357674589636	107.87825264248525	9.007591543555746	46.01471534917927	-0.0	468.138382140864	79.23561023148109
3.4040727367655084	107.56452510438693	8.748439554918765	49.08145473531017	-0.0	451.744082595671	78.94044399769069
3.551956386776815	107.25094281064939	8.519172464943825	52.0391277355363	-0.0	435.420644402509	78.64732707052487
3.694408728295176	106.94057921410759	8.31908664127631	54.88817456590351	-0.0	419.1619466804054	78.35531176881936
3.831451828511342	106.62862628423387	8.147390142729641	57.62903657022684	-0.0	402.9713384030768	78.06516763837796
3.9631091624765244	106.32098566200604	8.003178006805673	60.26218324953049	-0.0	386.85358284096185	77.77609372756781
4.089405901948343	106.01109580390505	7.885399295637941	62.788118038966864	-0.0	370.81408090695214	77.48871713278783
4.210369126923819	105.70582962237987	7.792813307125412	65.20738253847637	-0.0	354.8588921535984	77.20238260930788
4.3260280512053955	105.39823420692353	7.723932469975297	67.5205610241079	-0.0	338.99476940109	76.91758650012218
4.436414275711895	105.09513071272771	7.676951594192097	69.7282855142379	-0.0	323.2292954080811	76.63380598100156
4.5415620870487245	104.78993870975201	7.649670677900373	71.83124174097448	-0.0	307.57105625571967	76.35142553613858
4.641508812177589	104.48887855262163	7.639436911083928	73.83017624355178	-0.0	292.02971179137313	76.07003705133376
4.736295217165854	104.18613918540436	7.643164094844584	75.72590434331708	-0.0	276.61624916146764	75.78993583568341
4.825965985552276	103.88708943669606	7.657510807485887	77.51931971104551	-0.0	261.34322407102184	75.51081199035822
4.910570278061905	103.58677718729811	7.679243692584929	79.2114055612381	-0.0	246.2250216617361	75.23289248425284
4.990162399702225	103.2897172577356	7.705650116683879	80.80324799404448	-0.0	231.27820885013844	74.95594814617041
5.064802603609414	102.99181410268942	7.734768833098532	82.29605207218829	-0.0	216.5218750994753	74.68015267841801
5.13455800842928	102.6967592310207	7.765352896421027	83.69116016858558	-0.0	201.97829403678907	74.40533885375201
5.199503749512219	102.40120327656658	7.796680688576576	84.99007499024438	-0.0	187.67343439516722	74.13163780837661
5.25972435886904	102.10816620037772	7.828359162636229	86.1944871773808	-0.0	173.63756865895874	73.85892552970083
5.315315307058423	101.81491606215633	7.860181796154741	87.30630614116846	-0.0	159.90675419117306	73.58729957024019
5.366385133347765	101.52390946413648	7.892042240151158	88.32770266695529	-0.0	146.52280409887715	73.31666743662987
5.413057558188339	101.2329137106809	7.923886388266683	89.26115116376678	-0.0	133.53600804602783	73.04710098385263
5.455474530650682	100.94395806209869	7.955686906682666	90.10949061301365	-0.0	121.00461283759492	72.77853020614135
5.4937991260822585	100.65517871692056	7.987430070194116	90.87598252164517	-0.0	108.99821951038552	72.5110079372309
5.528219343119428	100.36827121472245	8.019109027243914	91.56438686238856	-0.0	97.5974633300198	72.24448115873358
5.5589521627741005	100.08167021138682	8.050720387851964	92.179043255482	-0.0	86.8922055029942	71.9789880806244
5.586246195823562	99.79680596483979	8.082262501427255	92.72492391647123	-0.0	76.98579611326771	71.71448874473272
5.610385048607243	99.51236303354521	8.11373458846775	93.20770097214485	-0.0	67.9836990133273	71.45100906570252
5.631687378824806	99.22954780644393	8.145136305766815	93.6337475764961	-0.0	59.982620222012116	71.18852003911685
5.650501262629749	98.94724035239567	8.176467528248114	94.01002525259499	-0.0	53.064501027772714	70.92703805337494
5.667195144817518	98.6664437614559	8.207728239641453	94.34390289635037	-0.0	47.26910214554458	70.66654442962405
5.682141564120421	98.38624506175785	8.23891847801057	94.64283128240842	-0.0	42.57505236381317	70.4070451787695
5.6956961541854145	98.10747016821321	8.27003830859545	94.91392308370828	-0.0	38.89712224593246	70.14853024084674
5.7081766283480855	97.82938180435708	8.301087810330104	95.1635325669617	-0.0	36.10802419245695	69.89099664219182
5.719852077540416	97.55257522152334	8.332067068979754	95.39704155080832	-0.0	34.03869508482931	69.63444699803536
5.730935224776077	97.27659343605163	8.362976173951115	95.61870449552154	-0.0	32.529645002826385	69.37886416107811
5.741587658661439	97.00176999032115	8.39381521650218	95.83175317322878	-0.0	31.433032097301158	69.12426193180895
5.75192658897914	96.7278927767647	8.424584289027274	96.0385317795828	-0.0	30.632350070888666	68.87061363390693
5.762035058651281	96.45493674399577	8.455283484553302	96.24070117302561	-0.0	30.0368086225366	68.61794809103473
5.771970198209617	96.18318935876468	8.485912896672186	96.43940396419234	-0.0	29.58332184489746	68.36621880684608
5.7817711430587435	95.91216682366588	8.516472619281156	96.63542286117487	-0.0	29.225556849512266	68.11546971746209
5.79146423889265	95.64251721212864	8.54696274663591	96.829284777853	-0.0	28.932161040684715	67.8656457677042
5.80106717185259	95.37329029528078	8.577383373286928	97.02134343705178	-0.0	28.681698878103653	67.61680208939913
5.810591740269013	95.10575945621379	8.607734594069406	97.21183480538025	-0.0	28.460080020683908	67.36886802442531
5.8200458535924025	94.83844730593097	8.638016504098143	97.40091707184804	-0.0	28.2577514505735	67.12190922733602
5.829434818560149	94.57291292421823	8.66822919877152	97.58869637120296	-0.0	28.068421465753048	66.87585493945892
5.838762227022603	94.30748549226848	8.698372773749469	97.77524454045206	-0.0	27.887921675095445	66.63076615034842
5.84803053819558	94.04395616481183	8.728447324916702	97.9606107639116	-0.0	27.713522211515496	66.38657553581339
5.8572414679785725	93.7804738119901	8.758452948453868	98.14482935957145	-0.0	27.543440764936516	66.14333994394373
5.866396244987207	93.51884219471528	8.788389740829526	98.32792489974413	-0.0	27.376519821413865	65.90100161776026
5.875495783661492	93.25730478567986	8.818257798670444	98.50991567322983	-0.0	27.211964103396703	65.6596053881561
5.884540786757803	92.99754733677372	8.848057218918447	98.69081573515606	-0.0	27.049280179590884	65.41910403558705
5.893531819664858	92.73798427261276	8.877788098770939	98.87063639329716	-0.0	26.888160076538814	65.17953081028764
5.902469362325565	92.48008007643219	8.907450535626399	99.04938724651129	-0.0	26.728373208604317	64.94085198410598
5.9113538358959214	92.2224563224817	8.937044627115137	99.22707671791842	-0.0	26.569768491695335	64.70308927198008
5.920185620264734	91.96637093982189	8.966570471151243	99.40371240529467	-0.0	26.412269642872598	64.46621947926752
5.928965070735277	91.71069756440363	8.996028165865075	99.57930141470554	-0.0	26.2558226615687	64.230251693986
5.937692528459354	91.45644034131702	9.025417809577698	99.75385056918707	-0.0	26.100365391113137	63.99517526226342
5.946368321950441	91.20269293604223	9.054739500847885	99.92736643900882	-0.0	25.945857055826306	63.76098921165093
5.954992764776748	90.95020506967109	9.08399333854179	100.09985529553497	-0.0	25.792333653993094	63.52769491533441
5.963566176176904	90.69839380829256	9.113179421601936	100.27132352353809	-0.0	25.63972125261074	63.295275034742275
5.9720888629524325	90.44768038927396	9.142297849288012	100.44177725904864	-0.0	25.48802869533938	63.06374637364694
5.980561129721663	90.1977849442061	9.171348721051857	100.61122259443326	-0.0	25.33725458886254	62.83308067488405
5.988983280619053	89.94880830662206	9.200332136526978	100.77966561238104	-0.0	25.187374745769134	62.603304807931195
5.997355613471166	89.70081180331697	9.229248195609586	100.94711226942331	-0.0	25.03840406370009	62.37438016754877
6.0056788777724135	89.45359957746348	9.25810258379172	101.11357755544826	-0.0	24.885844428950048	62.14634132784712
6.014748880951522	89.20748754460624	9.346380055990284	101.29497761903043	-0.0	31.13326207917486	61.919125503216584
6.026464418474797	88.96200703543914	9.547763081188474	101.52928836949593	-0.0	39.10083391300361	61.692647948869435
6.040726004823064	88.71773444850501	9.841312184249434	101.81452009646128	-0.0	46.13141092637393	61.4666932680908
6.057162416922829	88.47400141803611	10.202645783647698	102.14324833845657	-0.0	52.051774952190016	61.241163532823606
6.075339963822197	88.23158603156598	10.601668757756194	102.50679927644393	-0.0	56.749910174549484	61.01590116783033
6.094815287141607	87.98959328532584	11.00519317772839	102.89630574283213	-0.0	59.84749302332548	60.79093526420548
6.115071463624659	87.7489975101088	11.380368445979034	103.30142927249318	-0.0	61.40731372066734	60.566213241835136
6.135588787848775	87.50873270476949	11.698017792126127	103.7117757569755	-0.0	61.422741984565846	60.341838362723465
6.155851264503972	87.26997434285582	11.935384483746185	104.11702529007943	-0.0	59.86005938740971	60.11785809615817
6.175348678882874	87.03146593677535	12.077969134885437	104.50697357765748	-0.0	56.689362929637475	59.89446412084926
6.193572443401612	86.79447646551036	12.120323875177792	104.87144886803223	-0.0	51.96260881053496	59.67176099098088
6.209891273234446	86.55772559588922	12.065862492921934	105.1978254646889	-0.0	46.26805962930992	59.44993678278201
6.224118801268644	86.32251994069165	11.925943669615995	105.48237602537287	-0.0	37.8812392525103	59.22911727627421
6.234432420948977	86.087538772465	11.718721891567975	105.68864841897953	-0.0	32.165955508927766	59.009452201896764
6.243681994332585	85.85401740780425	11.468828770972934	105.87363988665169	-0.0	15.753083951265587	58.79100115699792
6.641631847959682	85.62084031128006	11.231965873937698	105.87527809532473	-0.0	-0.0	58.57384005588267
7.91812512937062	85.38898340735277	11.017742411583932	105.87527809532473	-0.0	-0.0	58.357890353286656
10.06812527025547	85.15756404833202	10.719587384159734	105.87527809532473	-0.0	-0.0	58.14319663978615
13.081154212755724	84.92736021853463	10.356220217002868	105.87527809532473	-0.0	-0.0	57.92986860502003
16.942527915235296	84.69769274595043	9.951013386146784	105.87527809532473	-0.0	-0.0	57.71797606032138
21.633427915170937	84.46913002380701	9.529967145877333	105.87527809532473	-0.0	-0.0	57.5075890877241
27.130993041231704	84.24117094724824	9.120431746423543	105.87527809532473	-0.0	-0.0	57.29870505860372
33.40843082750958	84.01422072945103	8.749737142047747	105.87527809532473	-0.0	-0.0	57.09130093284528
40.43514808701424	83.7879709810414	8.443778713784614	105.87527809532473	-0.0	-0.0	56.885273137440265
48.17690000805373	83.56258832762956	8.225614171047997	105.87527809532473	-0.0	-0.0	56.680527688297694
56.595957046791824	83.33801394436739	8.114135440443027	105.87527809532473	-0.0	-0.0	56.47688436777861
65.6512888027735	83.11421473627269	8.122888057694524	105.87527809532473	-0.0	-0.0	56.27418536863907
75.29876398118854	82.89127306503231	8.200538403168057	105.87527809532473	-0.0	-0.0	56.07222614372653
85.32014504518659	85.09177589918478	8.277891914982963	105.66274999503386	143.36395341982916	-0.0	55.8733801807508
93.99430812761608	90.48466321848468	8.3548030977608	103.46757104563055	562.0213891141739	-0.0	56.32152340310743
99.70723928841218	90.46204148042732	8.431276016707166	98.37435435182027	912.1775061459464	-0.0	58.67657659022173
103.22198429350819	92.71097275767359	8.507317573252946	91.98221439091093	972.6207062494166	-0.0	61.99774580878664
105.61854972802877	95.9140561488055	8.582936300706432	85.60431211273244	934.5610852855442	-0.0	65.35744856169075
107.25215984390762	98.85162086977802	8.658140844906455	79.57657238285528	869.5104988852431	-0.0	68.53778329148498
108.37786727076126	101.5188810770943	8.732939497734368	74.0500943841681	785.6899881187398	-0.0	71.44404759652889
109.24218608644856	103.89188747732582	8.807340030681246	69.11466944623015	693.9213751002673	-0.0	74.01651289901444
110.03099604380367	105.96752472684418	8.881349597433768	64.78994664432379	604.7416130268814	-0.0	76.23614581919777
110.83963451331661	107.79266446443593	8.954974704898504	61.033411983900145	523.6671694877017	-0.0	78.11908866411115
111.68664908973851	109.36005114163426	9.02822124432041	57.76826452761905	457.59568980638636	-0.0	79.70782309954456
112.52476969824598	110.7126670586252	9.101094565485596	54.900071983332126	403.84308532630564	-0.0	81.05564105941632
113.30506137025932	111.84514827979717	9.173599569352245	52.351815539005194	362.48059002047773	-0.0	82.21145795178165
113.99359080363764	112.81568699032601	9.245740793104591	50.06712755170596	325.59383163390356	-0.0	83.20981852518885
114.59175072268353	113.65229869193239	9.317522471767527	48.01396614257442	290.77600101728257	-0.0	84.07140902000022
115.11565792640111	114.36012793249743	9.388948576583651	46.17116760412555	260.7636850700862	-0.0	84.80977186067172
115.57288659712756	114.95005840485831	9.460022840803857	44.517519359008745	236.75839436909683	-0.0	85.43722295980335
115.95540306194896	115.46624586512792	9.53074878252242	43.02932725007462	209.8193215933499	-0.0	85.96609910398412
116.27475958911099	115.86595644361047	9.60112972697151	41.69331700390075	191.813146304017	-0.0	86.40715022799162
116.52470351987859	116.20830453781672	9.671168826053226	40.4921278152119	168.74806187203532	-0.0	86.76861730842792
116.71976851906092	116.46384164921817	9.740869073749842	39.41774834786245	151.76764571491438	-0.0	87.05712274856035
116.86343702210313	116.6387751663539	9.810233318680064	38.45990600721078	142.19552390082794	-0.0	87.27874582936063
116.94893080404961	116.7726939941649	9.879264275476155	37.606622071265306	125.94170433031388	-0.0	87.43908524635923
116.97787934340609	116.86250166480261	9.947964535122612	36.85012134500379	101.90186982736466	-0.0	87.54303879519124
116.95916690823344	116.86525042628563	10.016336574729266	36.1859869591112	91.93738834284646	-0.0	87.59595346567718
116.90556180052747	116.83383134176478	10.084382766071032	35.61183863918366	80.34762777233583	-0.0	87.59764625110033
116.792904319444	116.8039961668696	10.152105377778506	35.11517575620891	-0.0	-0.0	87.5520818127482
116.68947021761974	116.62753671410319	10.2195065826604	34.711659994890304	74.65932839565369	-0.0	87.46193152486327
116.5424382221463	116.50493792927907	10.286588459368962	34.382004685787145	58.09497704665378	-0.0	87.3221996941786
116.27977960977685	116.28116733370257	10.353352993130283	34.1027246040001	-0.0	-0.0	87.15557353513199
115.97661645198538	115.9495755380401	10.419802104820015	33.89339675223949	49.33236518833925	-0.0	86.95757009242828
115.66810499793722	115.67462718033465	10.485937646974248	33.762386939809154	-0.0	-0.0	86.71378933867761
115.03711444077246	115.21072676679753	10.551761384144596	33.726009741716744	-0.0	-0.0	86.42550726716414
113.444855525214	115.26448414459304	10.61727498798469	33.726009741716744	-0.0	-0.0	86.08416096952186
110.79426484471725	114.57887504050272	10.682480049057746	33.726009741716744	-0.0	-0.0	85.77139965773776
107.13695021808323	114.5367953837446	10.747378165930066	33.726009741716744	-0.0	-0.0	85.43700567143797
102.54412069012382	113.94259654397328	10.811970912300657	33.726009741716744	-0.0	-0.0	85.12246268173662
97.10520006958414	113.82360629935177	10.876259865740662	33.726009741716744	-0.0	-0.0	84.79402369461631
90.92608581995653	113.30249443496336	10.940246584694306	33.726009741716744	-0.0	-0.0	84.47889897954555
84.12708720321017	113.12394217380667	11.003932626906785	33.726009741716744	-0.0	-0.0	84.15534168416092
76.84058282129803	112.65966336075162	11.06731953499664	33.726009741716744	-0.0	-0.0	83.84053339175505
69.20844316391636	112.43650506154707	11.13040884777627	33.726009741716744	-0.0	-0.0	83.52105244210185
61.37926834628256	112.01540429511796	11.193202091673735	33.726009741716744	-0.0	-0.0	83.20721799626946
53.505494818984744	111.75982647035484	11.255700787274025	33.726009741716744	-0.0	-0.0	82.89122382487763
45.74042738328104	111.37101993589621	11.31790644461161	33.726009741716744	-0.0	-0.0	82.57882778690652
38.23525429925983	111.09269049328572	11.379820566600744	33.726009741716744	-0.0	-0.0	82.26589861688782
31.136103603758844	110.72760941776197	11.441379818719415	33.726009741716744	-0.0	-0.0	81.95526305868118
24.58119795234779	110.43397285882735	11.374736397216685	33.726009741716744	-0.0	-0.0	81.64514080202161
18.698163381599628	110.0861440268965	11.177107871149298	33.726009741716744	-0.0	-0.0	81.33679003451192
13.601544390729105	109.7827408990022	10.917214013733053	33.726009741716744	-0.0	-0.0	81.02993805134129
9.39057372484427	109.44735578233205	10.616224159976872	33.726009741716744	-0.0	-0.0	80.72466082704368
6.220299988968676	109.13822571952234	10.28856691971153	34.190521310274306	-0.0	252.45679759247253	80.4213376923565
4.187674455227363	108.8118384008719	9.94775563085793	36.54711635230532	-0.0	425.9288624207707	80.1194477406293
3.120765352524427	108.49983756851903	9.60875989087094	39.64353833361495	-0.0	489.752630482862	79.81969443057898
3.095780876039333	108.17999605644948	9.289370751094628	42.91561752078666	-0.0	484.3400479058451	79.5212756582871
3.2544880753570897	107.86710174639693	9.00045941142193	46.089761507141795	-0.0	467.7919373371557	79.2249715781336
3.407709896297435	107.55212924982276	8.742052033819942	49.154197925948694	-0.0	451.3995319796578	78.92989286471294
3.5554789073846234	107.23967580340444	8.51351314866496	52.10957814769247	-0.0	435.0774684022573	78.63679993572153
3.697817068362811	106.92843830782202	8.314137193001198	54.956341367256215	-0.0	418.82016563454397	78.34485610781853
3.8347464676746	106.61727689982357	8.143129767258493	57.69492935349199	-0.0	402.631041859944	78.05474482563227
3.9662906140887846	106.30907435440663	7.999582746373905	60.32581228177569	-0.0	386.5148816935696	77.76572968349343
4.092474717200371	105.99971749338494	7.882441091818499	62.84949434400742	-0.0	370.4770984396803	77.47839106379386
4.213325899638939	105.69407908799822	7.790458758222507	65.26651799277876	-0.0	354.5237621259618	77.1921074843318
4.328873423527792	105.38686354885483	7.722141238970534	67.57746847055584	-0.0	338.6616421061843	76.9073511688414
4.439148942432959	105.08353131263762	7.675674526720656	69.78297884865917	-0.0	322.89834190974074	76.62361562666256
4.544186804855319	104.77859049330604	7.648847956199634	71.88373609710638	-0.0	307.2424579969558	76.34127600519196
4.64402440523909	104.47740900223414	7.638997291394264	73.8804881047818	-0.0	291.70368368530023	76.05992844047668
4.738702585826838	104.17483259569606	7.643027075523816	75.77405171653675	-0.0	276.2930409245383	75.77986809088851
4.828266112031875	103.87572317006976	7.657593550092471	77.56532224063749	-0.0	261.02316318400506	75.50078249176866
4.912764258735102	103.57552137353825	7.679471406100257	79.25528517470202	-0.0	245.9083951101862	75.22290404903956
4.992251446137001	103.27846958993855	7.705964942767928	80.84502892274001	-0.0	230.96535931726103	74.94599558872991
5.066788046892856	102.98062333398579	7.735131997795331	82.3357609378571	-0.0	216.21330552603297	74.67024141871808
5.1364413476481445	102.68561791717853	7.765741093345491	83.72882695296289	-0.0	201.67450430384466	74.39546227273345
5.201286675402849	102.39005652959827	7.797080939232959	85.02573350805697	-0.0	187.3749477006317	74.12180346734647
5.2614087502974485	102.09710027022972	7.828764569030111	86.22817500594897	-0.0	173.3451829268491	73.84912522848303
5.316903335659984	101.80384482751897	7.860588771060131	87.33806671319968	-0.0	159.62112378930297	73.57754036369269
5.367879207587434	101.51292174449246	7.892448956612818	88.35758415174867	-0.0	146.24512104959476	73.30694260787382
5.4144605270472	101.22192853685254	7.924291915994454	89.28921054094398	-0.0	133.26705217374092	73.03741617066844
5.456789522023746	100.93303842345797	7.956090779216912	90.1357904404749	-0.0	120.74625424958242	72.76888039097723
5.4950298383975555	100.64426467019759	7.987832052497907	90.90059676795111	-0.0	108.75201956570118	72.50139752851376
5.5293702420108986	100.35742979984626	8.019509002032155	91.58740484021797	-0.0	97.3638202356251	72.23490568924555
5.56002776395008	100.07083933908737	8.051118297856583	92.20055527900159	-0.0	86.67578854104293	71.96945100215562
5.587252385483662	99.78604903378985	8.082658318300249	92.74504770967324	-0.0	76.78697021211723	71.7049860613577
5.611328491536903	99.50161890406387	8.114128298995256	93.22656983073806	-0.0	67.80245687331134	71.44154416323016
5.63257430686217	99.21886206574706	8.145527904334948	93.6514861372434	-0.0	59.82670385143653	71.1790905498853
5.651339604283458	98.93655276882235	8.176857012789682	94.02679208566916	-0.0	52.93301068605155	70.91764671262831
5.667993406904723	98.65583113967458	8.208115609982034	94.35986813809446	-0.0	47.15745653531852	70.65718735678497
5.682907001783384	98.37564781634799	8.23930373496751	94.65814003566769	-0.0	42.48565959457872	70.39772471153945
5.696435419425648	98.09693539704912	8.270421453462422	94.92870838851296	-0.0	38.83170376164349	70.13924446829932
5.708896597073038	97.81883974803759	8.301468844590499	95.17793194146077	-0.0	36.05787452100648	69.88174901218221
5.72055772409743	97.54211844799866	8.332445994272092	95.4111544819486	-0.0	34.000961747814756	69.62523236274147
5.731630204390204	97.26614422081519	8.363352992012548	95.63260408780408	-0.0	32.50318942744705	69.36968528572888
5.742275078343986	96.9913561544785	8.394189929069903	95.8455015668797	-0.0	31.41314932379779	69.11511919387662
5.752608440786907	96.71748093325049	8.424956897903751	96.05216881573814	-0.0	30.617543691337133	68.86150720117503
5.7627127057310465	96.44465285875751	8.45565399156637	96.25425411462092	-0.0	30.02621831377474	68.60887303156552
5.77264470025064	96.17286898168615	8.486281303636787	96.45289400501281	-0.0	29.575141070617878	68.35718041993611
5.782443184671565	95.90190689741722	8.516838928030818	96.6488636934313	-0.0	29.218842098725197	68.10646602939285
5.792134254814161	95.63221457693264	8.547326959057958	96.84268509628322	-0.0	28.926505098082945	67.85667857896559
5.801735450152675	95.36318196020073	8.577745491261616	97.03470900305349	-0.0	28.676861785010313	67.60786487693437
5.811258489853679	95.09552767327393	8.608094619501225	97.22516979707358	-0.0	28.455741639119612	67.3599686961389
5.820711211817285	94.82838267561682	8.638374438890033	97.41422423634569	-0.0	28.253724677093626	67.1130417396369
5.830098874679368	94.56274466469475	8.668585044861977	97.60197749358734	-0.0	28.06461138005264	66.86702329525679
5.839425041506712	94.2975100683137	8.698726533063423	97.78850083013424	-0.0	27.88426982904525	66.62196604940642
5.848692153264855	94.03388426733532	8.728798999452433	97.97384306529709	-0.0	27.709984987508374	66.37781023138717
5.8579019146345255	93.77052431062273	8.758802540170866	98.1580382926905	-0.0	27.53997862588932	66.13460931952318
5.867055546531184	93.50885282084855	8.788737251690195	98.34111093062369	-0.0	27.3730990198009	65.89230308286007
5.8761539554181095	93.24741842681914	8.818603230688556	98.52307910836218	-0.0	27.208583065356212	65.6509401937748
5.88519783880641	92.98769596805819	8.848400574174553	98.7039567761282	-0.0	27.0459587516661	65.41047018085592
5.8941877661715445	92.72811145481758	8.878129379241207	98.88375532343088	-0.0	26.884859093907348	65.17093370380772
5.903124213079564	92.47028712607938	8.90778974334929	99.06248426159127	-0.0	26.72508322165262	64.93228526435469
5.91200759625071	92.21265532503153	8.937381764191937	99.2401519250142	-0.0	26.566515448713268	64.69455711720138
5.920838298165999	91.95667192049468	8.966905539657843	99.41676596331997	-0.0	26.409048543438153	64.45771684222001
5.9296166758790765	91.70095911040333	8.996361167856243	99.59233351758152	-0.0	26.2526070131111	64.22178495395882
5.938343067679324	91.44677478105827	9.025748747156504	99.76686135358648	-0.0	26.097154598802092	63.98673959348091
5.947017796951638	91.1930124816707	9.055068376199403	99.94035593903276	-0.0	25.942700162720772	63.752586949589855
5.955641186946285	90.94064083058201	9.084320153732238	100.1128237389257	-0.0	25.789181453394587	63.51932154960685
5.964213551273	90.68877858598934	9.113504178788848	100.28427102545999	-0.0	25.636579928469274	63.28693700843615
5.972735195543237	90.43816710733438	9.142620550647168	100.45470391086472	-0.0	25.48491575190153	63.05543852458076
5.981206427697173	90.18824270080111	9.171669368734955	100.62412855394345	-0.0	25.334153317547553	62.824805955413716
5.989627548270866	89.93938127458235	9.200650732745034	100.7925509654173	-0.0	25.18430441575842	62.59505936745054
5.99799885928574	89.69133845524713	9.229564742527874	100.9599771857148	-0.0	25.035340906804155	62.36616792393236
6.006318975721482	89.44421774525465	9.25840620923095	101.12637951442963	-0.0	24.912787007230442	62.13815925628759
6.015458830676824	89.19807301279744	9.349693635213509	101.30917661353647	-0.0	31.210234907060723	61.910975900286616
6.027241829612202	88.95269714885518	9.553627608718177	101.54483659224404	-0.0	39.16032260886722	61.68452479721056
6.041565655692081	88.70842056883632	9.84918525968202	101.83131311384162	-0.0	46.17859533734126	61.458592653822535
6.058023130792909	88.4647263345214	10.211831483150668	102.16046261585818	-0.0	52.321572911057515	61.23306459373614
6.076255155511748	88.22232275950985	10.611357983555559	102.52510311023495	-0.0	56.83324448522674	61.007832952587755
6.095759242978183	87.98037880072684	11.014544736714011	102.91518485956364	-0.0	59.87157166258052	60.78288783334322
6.116025867905452	87.73980154155426	11.38859586882174	103.32051735810903	-0.0	61.419956409107215	60.558175607182854
6.136545747984476	87.49959721151457	11.704466749271747	103.73091495968951	-0.0	61.38209979055637	60.33381519965727
6.15679429637795	87.26082717011067	11.939590298998079	104.135885927559	-0.0	59.79589555096575	60.109860611510825
6.176245807129721	87.02237010480943	12.079689270771217	104.52491614259442	-0.0	56.750235862813014	59.88649039524935
6.194401299965516	86.7854360692748	12.119544080737164	104.8880259993103	-0.0	52.107035079272315	59.66381236905135
6.210787342488725	86.54869353245954	12.062780832280767	105.21574684977449	-0.0	45.72789155859414	59.44203457123255
6.225005109471486	86.31352371753086	11.920941274135522	105.50010218942973	-0.0	37.094551245469745	59.22124823653731
6.238574637737721	86.07856293816788	11.712338479696383	105.77149275475442	-0.0	7.062737266156708	59.00161710973546
6.244863815971263	85.8450920270295	11.461792870295662	105.89727631942525	-0.0	14.469658098884551	58.78320864621483
6.664363605574889	85.61191951792595	11.232323256067385	105.90350248444341	-0.0	-0.0	58.56608779312789
7.963137619737009	85.38012576887193	11.01693596889497	105.90350248444341	-0.0	-0.0	58.35017143453612
10.135443279096142	85.14872135780571	10.716620575016316	105.90350248444341	-0.0	-0.0	58.13551903161395
13.170693819512882	84.91858816484965	10.351609641921339	105.90350248444341	-0.0	-0.0	57.92220719202925
17.05409690206767	84.68888145409252	9.945370086904024	105.90350248444341	-0.0	-0.0	57.71035591047837
21.766726703726473	84.46041272886669	9.523966524343043	105.90350248444341	-0.0	-0.0	57.500012535201286
27.28561615263454	84.23243077512635	9.114779879654037	105.90350248444341	-0.0	-0.0	57.29117404871153
33.5838688584748	84.00555320169373	8.745134702625514	105.90350248444341	-0.0	-0.0	57.08380223055314
40.63079019245625	83.77927510072118	8.440883836084897	105.90350248444341	-0.0	-0.0	56.87781163705278
48.392036878006444	83.55398960279012	8.225005810084383	105.90350248444341	-0.0	-0.0	56.67309552834854
56.82978436326962	83.32938306971208	8.1162790477984	105.90350248444341	-0.0	-0.0	56.46948278701792
65.90291115962002	83.10566588259898	8.128105633171437	105.90350248444341	-0.0	-0.0	56.26680599029342
75.5671992478413	82.88270852997735	8.205838670275517	105.90350248444341	-0.0	-0.0	56.06486845669613
85.58224141826318	85.33515640443935	8.283160833658853	105.6642978689799	149.1229400331992	-0.0	55.86715831363823
94.19211873342036	90.51348553810067	8.360040882828137	103.39173415446176	575.3928984431179	-0.0	56.35859731106008
99.82832309912072	90.48131589163334	8.436482947891715	98.23450603382712	917.1862671637992	-0.0	58.759931092934224
103.30483631805203	92.79891855744508	8.512494001440299	91.83046938286755	972.3850052600695	-0.0	62.090310062392454
105.67931771446088	95.99929455313504	8.588082594475303	85.45800825987462	933.3820678153857	-0.0	65.44762756976385
107.29701087635867	98.92947557773346	8.663257367090305	79.44035547002315	867.800770267156	-0.0	68.62269473231477
108.41358780035885	101.58762562635914	8.738026599671379	73.9273327925972	783.79627178239	-0.0	71.52161733806963
109.2741273366016	103.95193408542809	8.812398048835622	69.00664306355688	692.0963752293571	-0.0	74.08562277346935
110.06028432863317	106.0344494111686	8.886378851726619	64.69494640394784	601.934500233881	-0.0	76.29661641191488
110.8731965183945	107.83357061517637	8.959975498709651	60.95313793706245	523.0356883517903	-0.0	78.1719785170158
111.718914449809	109.40588329103328	9.03319386579964	57.69770934068072	456.2595799430579	-0.0	79.75414589376614
112.55802323927931	110.74260720207288	9.106039289691319	54.83894980774306	404.212126671849	-0.0	81.09677044370709
113.3319422700283	111.89465895455655	9.178516660497545	52.29553783119608	359.6602541183253	-0.0	82.24836810359129
114.01830335453874	112.8602552061626	9.250630506373714	50.01685591118469	322.8379366707892	-0.0	83.24319688533977
114.6186666968483	113.67206708795581	9.32238505449566	47.970779562866014	291.8800520767453	-0.0	84.10164124661618
115.14120033908267	114.37573418259436	9.393784268985145	46.13287327715788	262.4727682712026	-0.0	84.83713842483421
115.59197111023887	114.98580678989148	9.464831876538572	44.481643496171806	233.56966590562445	-0.0	85.46202052843917
115.97785569105783	115.4762815674764	9.535531389249899	42.999144631896954	212.4656939892364	-0.0	85.98862156274255
116.28994566985648	115.89879229630658	9.605886126872255	41.66455571056009	187.62676679911849	-0.0	86.42761871494604
116.54476564843637	116.21177810132376	9.675899236254528	40.46873271859942	173.11521955083782	-0.0	86.78720710598583
116.73801376889814	116.46774875612464	9.745573706659334	39.39707978873228	155.96105651609193	-0.0	87.07398101373674
116.87434092417256	116.66557821936749	9.814912382274382	38.43994020782255	137.0716726112879	-0.0	87.29401346897649
116.95884267349385	116.79435555884993	9.88391797356951	37.589243704954015	121.67103319176951	-0.0	87.45290597728392
116.98880823084254	116.86251759069759	9.952593067852876	36.83576183715666	106.61218322989627	-0.0	87.55605061966469
116.97344616573702	116.87852643593685	10.020940138981068	36.17516940535723	92.42713715146166	-0.0	87.60654406359832
116.916596702356	116.84777192493702	10.088961553697983	35.60241685201994	78.70343046976014	-0.0	87.6068452379086
116.8240782593298	116.72381722343643	10.156659576914072	35.113947893844724	94.99206930266926	-0.0	87.56114903722758
116.72819321399137	116.61525812637711	10.22403637820941	34.7147286284994	100.81744831765724	-0.0	87.4655229672462
116.54889130268036	116.51451341661112	10.291094028418671	34.377771195843906	55.62382354918895	-0.0	87.32738675530605
116.2778284535491	116.25235168314066	10.357834513108623	34.09812126303563	47.884332894592134	-0.0	87.1636427182982
115.97616412596888	115.96359066976414	10.424259755837245	33.891231215423254	33.63942714176438	-0.0	86.96326575316712
115.67762594726017	115.68413141132494	10.490371604513141	33.76504809316767	-0.0	-0.0	86.71610395921823
114.9485423518229	115.32821865299323	10.556171817468467	33.70822564035295	-0.0	-0.0	86.43028514828629
113.33023982449158	115.1778898889742	10.62166207347	33.70822564035295	-0.0	-0.0	86.10498463721535
110.65522252034873	114.69066208870402	10.686843977676652	33.70822564035295	-0.0	-0.0	85.77876964727395
106.97557385209723	114.45958019523185	10.751719117231177	33.70822564035295	-0.0	-0.0	85.45601541448997
102.36293771524466	114.04224291248144	10.816289073200315	33.70822564035295	-0.0	-0.0	85.1312633474947
96.90712355929364	113.75985494605543	10.880555414248361	33.70822564035295	-0.0	-0.0	84.81150790885431
90.71435777011811	113.38772808608776	10.94451970389445	33.70822564035295	-0.0	-0.0	84.48883353053613
83.90521540936581	113.07451360947798	11.00818349305319	33.70822564035295	-0.0	-0.0	84.17159107889896
76.61227258082494	112.73065634156946	11.071548327622635	33.70822564035295	-0.0	-0.0	83.85132829517022
68.97752513271962	112.40046939257392	11.134615741195656	33.70822564035295	-0.0	-0.0	83.53632458074699
61.14962395475686	112.07357933921166	11.197387262115011	33.70822564035295	-0.0	-0.0	83.21863801197095
53.28098069938386	111.73549448813358	11.259864406962128	33.70822564035295	-0.0	-0.0	82.90573408690827
45.524800279880516	111.41829149008515	11.322048686677169	33.70822564035295	-0.0	-0.0	82.5906816594701
38.03209792336979	111.07803670343682	11.383941601069063	33.70822564035295	-0.0	-0.0	82.27982075545012
30.948758857776074	110.76601877156239	11.445544643877211	33.70822564035295	-0.0	-0.0	81.96739838290848
24.412697881368754	110.42701039217515	11.376647911046028	33.70822564035295	-0.0	-0.0	81.6586104103332
18.55117411907909	110.11757310835426	11.176660177097745	33.70822564035295	-0.0	-0.0	81.34909459659396
13.478313248028165	109.78169546674586	10.915247817330362	33.70822564035295	-0.0	-0.0	81.04307133285535
9.292885435399507	109.47344033390102	10.613191595404535	33.70822564035295	-0.0	-0.0	80.73706106304527
6.151596719796061	109.141622835985	10.284829471690884	34.19284867236484	-0.0	260.5205527839871	80.4342196292925
4.14539629484576	108.83393503481338	9.943677180285313	36.5811246969616	-0.0	428.77395140877707	80.13188685400227
3.1061622436019514	108.5064583491491	9.60475745457625	39.68919185943147	-0.0	490.49328819372994	79.83238436400066
3.098055249636322	108.19916675522809	9.285891475655664	42.96110499272643	-0.0	484.03702064521326	79.53371006976151
3.2566628966322684	107.87600916534485	8.997574349523743	46.133257932645364	-0.0	467.4956359501206	79.23750693637949
3.4097861574521864	107.56920236820665	8.739750084478947	49.19572314904372	-0.0	451.10434608097563	78.9422885811719
3.557456856163247	107.25013383554162	8.511782021638355	52.149137123264936	-0.0	434.78285773187395	78.64920419588417
3.6996968920144035	106.94403368453447	8.312963091542812	54.99393784028807	-0.0	418.5261330134294	78.35718900371945
3.836528368755083	106.62878704857971	8.14249696623602	57.73056737510165	-0.0	402.3376500869524	78.06703164602301
3.967974816541171	106.32363622430476	7.999473028988855	60.35949633082342	-0.0	386.22219884057677	77.77798309974261
4.094061471516822	106.0118799443328	7.882832993348226	62.88122943033644	-0.0	370.1852120219596	77.4905694571719
4.214815487641269	105.70794848425226	7.791326561618056	65.2963097528254	-0.0	354.2327668736244	77.20426982901454
4.33026615889751	105.39938997805702	7.723453681519435	67.60532317795021	-0.0	338.37164648986914	76.91942602023428
4.440445178495432	105.09693674112296	7.67739324841553	69.80890356990865	-0.0	322.60947369014553	76.6356795695989
4.545386940532875	104.79132462808802	7.6509259644781755	71.90773881065749	-0.0	306.9548515992515	76.35324823369633
4.645128886596874	104.4904811127878	7.641378282198771	73.90257773193748	-0.0	291.4175080831516	76.07189002633038
4.739711916694355	104.18765863451941	7.64564707372131	75.7942383338871	-0.0	276.0085014188258	75.79173857507155
4.829180875264541	103.88855841311027	7.660386332430981	77.5836175052908	-0.0	260.74041152032936	75.51263961028184
4.913585099003116	103.588367218164	7.682377183861532	79.27170198006233	-0.0	245.62771864027243	75.23467262654788
4.992979093763598	103.29113496675585	7.708937259501534	80.85958187527194	-0.0	230.6871281772538	74.95774730074758
5.067423376361471	102.99342324934338	7.738139511555244	82.34846752722942	-0.0	215.93768259241563	74.68190913386498
5.136985310047748	102.69812928159513	7.7687650082599	83.73970620095496	-0.0	201.40203011716534	74.40710971062973
5.201740398681557	102.40281535056283	7.800110701188275	85.03480797363115	-0.0	187.10604998492155	74.13337020669903
5.26177351504425	102.1095112134827	7.831794556835678	86.23547030088498	-0.0	173.08052088233404	73.86066808538574
5.317180672250113	101.8165236809805	7.863616056190277	87.34361344500225	-0.0	159.3611919220702	73.5890074874504
5.368070824275754	101.52523868014129	7.895472052937136	88.36141648551506	-0.0	145.99102472240546	73.31838242743567
5.41456853697857	101.23451387366215	7.927310074331545	89.29137073957139	-0.0	133.0193482797247	73.04878432643595
5.456816249911443	100.94526731443224	7.959103636628108	90.13632499822886	-0.0	120.50664602780483	72.78021857344852
5.494978207548872	100.65675502975543	7.990839437746559	90.89956415097744	-0.0	108.52128774638392	72.51266733718364
5.5292434837658355	100.36955765650244	8.02251084366327	91.58486967531671	-0.0	97.1442892471008	72.24614364178514
5.559829881378713	100.08324050559986	8.054114573754077	92.19659762757425	-0.0	86.46874120891877	71.9806228864962
5.586987903594034	99.79809167337174	8.08564903157692	92.73975807188067	-0.0	76.59483422612689	71.71612465868127
5.611002358498098	99.51394309077786	8.11711346532724	93.22004716996196	-0.0	67.62970315354879	71.4526182524145
5.632193393786153	99.23078428217781	8.148507545475853	93.64386787572306	-0.0	59.668842457160636	71.19013187526888
5.650909733097932	98.94880271587792	8.179831153763203	94.01819466195863	-0.0	52.79672275665023	70.92862394829675
5.667521140599564	98.66767010898752	8.211084277196733	94.35042281199128	-0.0	47.04598072119898	70.66813107314728
5.682400091290886	98.38781877288625	8.242266955471056	94.64800182581772	-0.0	42.3916348575528	70.4086063268004
5.695900243948423	98.10867531013776	8.273379254587782	94.91800487896846	-0.0	38.75382262625072	70.1500917285652
5.70833846817549	97.8309260941505	8.30442125376225	95.16676936350979	-0.0	35.99657777947995	69.89253596799746
5.719981109534689	97.55375475599394	8.335393038867824	95.39962219069378	-0.0	33.95543219487684	69.63598364132399
5.731039532360157	97.27816721333599	8.366294699290565	95.62079064720314	-0.0	32.46401934398324	69.38037918885891
5.741672690251247	97.00293445216607	8.397126326221295	95.83345380502493	-0.0	31.381735896497716	69.12577399860453
5.751996457559684	96.72938676885488	8.427888011965685	96.03992915119368	-0.0	30.59096678016106	68.8721091982707
5.762092522809316	96.45617119482584	8.458579849484197	96.24185045618631	-0.0	30.0033140973389	68.61943291513641
5.77201734206811	96.18462777202564	8.489201932192813	96.4403468413622	-0.0	29.554626980162787	68.36769264515692
5.781809323391285	95.91342338732152	8.519754353907551	96.63618646782571	-0.0	29.20016295335318	68.11692967276701
5.7914943799994125	95.64385333283816	8.550237208798066	96.82988759998824	-0.0	28.909039986027754	67.86710000627657
5.8010898982308845	95.37463469084112	8.580650591270112	97.02179796461768	-0.0	28.660214411720695	67.61823617575998
5.8106074938283925	95.10703309063565	8.610994596045533	97.21214987656784	-0.0	28.439660385355484	67.37030083684024
5.820054939002755	94.839839582197	8.641269318097898	97.40109878005511	-0.0	28.23801856271565	67.12331776746548
5.829437431588196	94.57413329905762	8.671474852857873	97.5887486317639	-0.0	28.049288195338463	66.87726834375893
5.838758527149981	94.30892358814667	8.70161129567548	97.77517054299962	-0.0	27.869159803702942	66.63215046500642
5.848020634062701	94.04511387265825	8.731678742447055	97.96041268125401	-0.0	27.69505957735237	66.38796743675772
5.857225446402886	93.78192073668666	8.761677289198492	98.1445089280577	-0.0	27.525198599259074	66.14470266563649
5.866374173525691	93.51993749445289	8.791607032287729	98.32748347051381	-0.0	27.358459858262723	65.90237315382502
5.875467718638426	93.25878549351299	8.82146806825288	98.50935437276851	-0.0	27.194061886145825	65.66094531061202
5.884506776203311	92.9986354543363	8.851260493927994	98.69013552406622	-0.0	27.031528612847083	65.42045216524498
5.893491909270055	92.73947183754308	8.88098440636936	98.8698381854011	-0.0	26.87053179465113	65.18084939784411
5.902423594055601	92.4811095309126	8.910639902866642	99.04847188111201	-0.0	26.7108492327848	64.94217974705299
5.911302245535765	92.22393479833869	8.940227081002377	99.22604491071529	-0.0	26.55237146060379	64.7043878891516
5.920128245502024	91.96741186636606	8.969746038526896	99.40256491004048	-0.0	26.3949897810691	64.46752407120195
5.928901950033012	91.71217409344695	8.99919687345324	99.57803900066024	-0.0	26.238633364309596	64.23153001655214
5.937623695692341	91.45746290140221	9.028579684027793	99.75247391384683	-0.0	26.083278619366766	63.99645822618111
5.946293809134591	91.20412954310241	9.057894568731964	99.92587618269182	-0.0	25.928898245870496	63.76224916866493
5.954912610283628	90.95123767169109	9.087141626235121	100.09825220567257	-0.0	25.775460849257925	63.52895489415193
5.963480413210875	90.69981195682367	9.116320955443866	100.2696082642175	-0.0	25.62294054955087	63.296515877497605
5.971997523741422	90.44873117241325	9.145432655500581	100.43995047482844	-0.0	25.471353306526872	63.06498439876046
5.98046424811324	90.19917462351222	9.174476825735038	100.6092849622648	-0.0	25.32067901759657	62.83430340742503
5.9888808893230046	89.94985465717156	9.203453565725788	100.77761778646008	-0.0	25.170902320039033	62.60452145575172
5.997247746653592	89.70217910330503	9.23236297518857	100.94495493307183	-0.0	25.022021284227378	62.375583497206016
6.005556080222454	89.45468195087555	9.261243716225538	101.11112160444907	-0.0	24.97047351410073	62.14753503995962
6.014753979631596	89.20880759336308	9.355665541271948	101.29507959263191	-0.0	31.357215963138625	61.92031047736801
6.026586367852442	88.9631011661712	9.562162121059297	101.53172735704882	-0.0	39.46286114665871	61.6938059143198
6.040938086858186	88.7189908281507	9.859779350417963	101.81876173716371	-0.0	46.72980402153681	61.467813422758724
6.057487727011354	88.47513675750425	10.223814362602266	102.14975454022708	-0.0	52.36980029882926	61.24224900008909
6.075750483278612	88.2327966113307	10.623935558286513	102.51500966557224	-0.0	56.87984427757205	61.01696870609008
6.095266031419685	87.99077118343843	11.026881322509634	102.9053206283937	-0.0	59.96985234806948	60.791944759505725
6.1155467169147775	87.75014079407116	11.399901548205301	103.31093433829554	-0.0	61.427863700261874	60.567195591288026
6.13605927009357	87.50996411535777	11.714075366135038	103.7211854018714	-0.0	61.37001129770117	60.34277376664079
6.156290977543006	87.27106153567793	11.947018229581976	104.12581955086011	-0.0	59.73380362407838	60.118783145598414
6.17573245772134	87.03272799310979	12.084669344912621	104.51464915442679	-0.0	56.48684800319382	59.895356854087275
6.193847622738382	86.79551990662087	12.122033640031566	104.87695245476763	-0.0	51.81883430720889	59.67265391273337
6.210115941884962	86.55901987701658	12.062947912267642	105.20231883769924	-0.0	45.82296428306654	59.45081316775351
6.224070562086947	86.32352740411444	11.919138204839921	105.48141124173893	-0.0	38.018805840376515	59.23001013760078
6.235341202444932	86.08883027199235	11.709078745091297	105.70682404889864	-0.0	27.26160020615972	59.01033988093051
6.243543905566355	85.85503347728012	11.457786085959787	105.87087811132709	-0.0	14.329669414596994	58.79191422339289
